topic_id,top_words,top_probabilities
0,loss@79.93 loss@78.92 loss@121.07 frag@211.07 loss@107.92 frag@220.09 frag@255.06 frag@281.1 frag@120.02 frag@194.07 frag@223.97 frag@299.03 frag@280.09 frag@297.09 loss@228.04 loss@134.96 frag@250.06 loss@285.03 frag@114.03 frag@125.05,0.07701358199 0.06715060025 0.0572360009 0.05035174638 0.04751891643 0.02118322439 0.01871442795 0.009353654459 0.007876788266 0.005030305125 0.004495604429 0.004267900251 0.004064908717 0.003680074122 0.003581231926 0.003472500714 0.003261364996 0.003224878106 0.00314689707 0.003036294598
1,frag@200.03 loss@210.12 frag@305.13 frag@365.14 loss@381.12 frag@350.19 frag@163.99 frag@235.09 loss@233.05 loss@410.06 loss@193.13 frag@215.08 loss@238.08 loss@112.06 frag@74.01 loss@135.09 frag@170.1 loss@238.15 loss@149.06 loss@0.03,0.1658732146 0.1107654497 0.06639672816 0.0222903043 0.01626613922 0.01242824737 0.006483511534 0.005070910789 0.004575742409 0.003824656364 0.003312512534 0.002870450728 0.002622485859 0.002589696785 0.002498159185 0.002429119078 0.002323041903 0.002287877724 0.002250910737 0.002238956746
2,loss@190.09 frag@165.11 loss@164.11 frag@136.09 frag@149.08 loss@192.1 frag@191.13 frag@163.1 loss@233.16 frag@122.07 loss@152.11 frag@134.07 frag@154.08 loss@204.11 frag@209.09 loss@165.12 loss@166.12 loss@191.08 frag@300.18 frag@148.09,0.06513116509 0.06511127204 0.05679616705 0.05618255213 0.05392028764 0.04088752717 0.03665510565 0.02723906375 0.01574736461 0.0107751023 0.00816738978 0.007995975204 0.007577476557 0.007563186809 0.006709437817 0.006555131637 0.00649168808 0.006326424889 0.006102625281 0.005926015321
3,loss@246.08 loss@185.02 frag@125.0 frag@150.0 loss@139.01 loss@156.04 frag@259.04 loss@301.03 loss@167.04 frag@157.01 frag@97.01 frag@218.14 loss@230.03 frag@99.03 frag@164.08 loss@244.95 frag@189.06 frag@135.1 frag@194.09 frag@276.13,0.1311489493 0.1050920933 0.08247373998 0.0379679054 0.01547920704 0.01533825323 0.009297255427 0.008885595948 0.008654394187 0.008250343613 0.007804295048 0.00679299375 0.006169669796 0.005238214042 0.005210127216 0.005009280518 0.004795895889 0.004685418215 0.0046714372 0.004570812918
4,frag@191.03 loss@148.02 frag@163.03 loss@190.02 loss@111.14 frag@122.01 frag@155.07 loss@177.97 loss@234.17 frag@308.12 loss@164.04 loss@138.04 loss@146.07 loss@168.04 loss@178.08 loss@240.04 loss@179.0 loss@155.03 loss@254.17 loss@131.11,0.3107943237 0.05476011336 0.05173008889 0.01781938039 0.01666073874 0.007164662704 0.005009483546 0.004975970834 0.004902919754 0.004534787964 0.004498397466 0.003840613412 0.003792884992 0.003734977916 0.00370356231 0.003699633293 0.003503215034 0.002651917981 0.002499256283 0.002423837548
5,frag@177.05 loss@176.04 loss@120.02 loss@173.1 frag@150.04 loss@341.03 loss@165.04 loss@113.06 loss@167.08 loss@147.04 loss@148.02 loss@147.08 loss@158.03 frag@118.04 frag@162.03 loss@350.13 loss@342.13 loss@179.04 loss@161.05 frag@163.03,0.3619268239 0.1483062804 0.007764688693 0.006260568742 0.004515300505 0.004346657544 0.00414888747 0.003900921671 0.003588820342 0.003331633518 0.003290624125 0.003056300338 0.003033829154 0.002938115736 0.002691570437 0.002611218486 0.002495250432 0.002440268407 0.002367693232 0.002312651835
6,loss@208.03 loss@260.14 frag@97.01 loss@324.16 loss@267.98 frag@254.11 loss@264.99 loss@349.03 loss@345.08 frag@221.1 frag@99.04 frag@118.92 frag@163.03 frag@194.09 frag@139.04 frag@130.97 frag@56.96 frag@214.11 frag@228.99 frag@321.1,0.08871690184 0.06161548197 0.05611412972 0.04316066206 0.01653510146 0.01405337173 0.01346133091 0.01256959792 0.008765396662 0.007314017974 0.00681227725 0.006390217226 0.006263222545 0.005859199911 0.005565459374 0.005193594843 0.004867115058 0.004647434689 0.004643753637 0.004425082356
7,frag@240.06 loss@187.01 frag@157.96 loss@144.05 loss@152.07 loss@117.07 frag@160.04 frag@293.09 loss@338.99 frag@138.01 frag@258.04 loss@240.06 loss@186.04 frag@160.05 loss@116.06 loss@212.06 loss@184.02 loss@285.13 frag@223.03 frag@187.98,0.1084350646 0.05129390582 0.04621519893 0.01045747101 0.004430529661 0.004337412771 0.003976269159 0.003938367125 0.003768475726 0.003394129686 0.002987661632 0.002925428795 0.002867180156 0.00281069451 0.00264104642 0.00243943627 0.002193149878 0.002086855005 0.001909061451 0.001909038634
8,frag@174.09 loss@267.11 frag@159.07 frag@146.1 loss@279.15 loss@309.1 loss@344.17 frag@190.09 frag@204.1 loss@185.01 loss@215.12 frag@131.07 loss@300.07 frag@145.09 frag@132.08 frag@144.08 loss@188.1 loss@247.96 loss@275.05 loss@230.14,0.2964192033 0.01437050384 0.008440533653 0.008273188025 0.006255886052 0.00602015527 0.005720287096 0.00497819623 0.004920377396 0.004522996489 0.00449360162 0.004041964654 0.003926869482 0.003600995289 0.003109201323 0.003080357565 0.003071516519 0.002966727596 0.002939016093 0.002914801706
9,loss@146.07 frag@132.1 loss@160.02 frag@201.95 frag@269.1 loss@176.0 frag@176.11 frag@164.02 frag@172.97 loss@198.97 frag@224.04 frag@159.08 frag@240.12 frag@167.03 frag@103.06 frag@130.08 frag@40.9 loss@391.12 loss@171.08 frag@336.08,0.2289181352 0.06749034673 0.04408148676 0.03855552524 0.02521868423 0.01362729073 0.007781317923 0.00504843425 0.004276365042 0.003880497068 0.003789990442 0.003745974973 0.00364995678 0.003549501067 0.003533864161 0.003489184426 0.003479730338 0.002933561802 0.002725984436 0.002462873701
10,loss@139.04 frag@151.01 loss@153.04 frag@178.02 frag@114.03 frag@161.03 frag@77.0 loss@129.04 frag@113.01 frag@119.04 frag@136.04 frag@53.04 frag@161.01 frag@123.01 frag@85.01 frag@198.16 loss@141.04 frag@225.03 frag@303.09 frag@79.04,0.1862117946 0.1455563754 0.1362031102 0.01306376979 0.01068896148 0.004930144176 0.004898759536 0.004479744006 0.00443198299 0.004027035553 0.003304290352 0.003181179753 0.00273238006 0.0026849797 0.002475633519 0.002455567243 0.002347089117 0.002340556821 0.002269741148 0.002105939668
11,loss@168.08 frag@210.09 frag@178.05 frag@223.06 loss@252.1 frag@303.03 frag@195.05 frag@140.05 frag@192.1 loss@178.05 frag@193.09 frag@277.11 frag@151.02 loss@152.05 loss@237.13 loss@94.04 frag@338.14 frag@350.18 loss@478.17 frag@254.09,0.2070966214 0.1048932448 0.07992119342 0.05295623094 0.03336507082 0.007011312991 0.006762619596 0.004727565683 0.004126376938 0.003805767046 0.003540003207 0.00352025521 0.003438329557 0.003392857034 0.003145845374 0.003043923061 0.002962828381 0.002766910009 0.002748927101 0.002656194381
12,frag@125.08 loss@248.12 loss@246.11 loss@235.12 loss@168.09 loss@259.1 frag@114.0 frag@201.14 frag@218.1 loss@152.08 loss@273.11 loss@276.15 frag@275.18 loss@251.15 loss@252.0 frag@84.09 loss@261.14 loss@188.08 frag@112.99 frag@182.13,0.03572867811 0.03127178177 0.0300471168 0.02901853435 0.02806444839 0.02307222225 0.01656947471 0.01522435993 0.01522229891 0.01404136233 0.01137182117 0.0102643203 0.00938620232 0.009170724079 0.008849249221 0.008774485439 0.006729053799 0.00639471598 0.006382608321 0.006367797963
13,frag@190.05 loss@202.06 frag@172.04 frag@162.05 frag@116.05 frag@231.15 frag@144.04 loss@136.02 frag@257.11 frag@105.06 frag@187.09 frag@288.04 loss@188.06 loss@206.07 frag@185.03 frag@46.34 loss@74.01 frag@244.05 frag@184.06 frag@87.07,0.2305893451 0.1598142087 0.01572387666 0.006382627878 0.003436065977 0.003180069616 0.002887038048 0.002821147675 0.002779070521 0.002710962901 0.002327202586 0.002292638179 0.002282180823 0.002226807177 0.00216649822 0.002153520705 0.002122734673 0.002061337 0.001935080625 0.0018956071
14,loss@178.07 loss@80.04 loss@206.07 frag@147.03 frag@124.04 frag@51.02 frag@185.03 frag@162.05 frag@178.06 frag@115.03 frag@120.04 frag@93.04 frag@145.04 frag@119.06 frag@105.06 frag@198.09 frag@190.05 frag@206.06 frag@191.08 frag@171.01,0.2896459401 0.02284433506 0.009473220445 0.008406953886 0.007671358064 0.007635898888 0.007187688723 0.006781328935 0.005959422793 0.00591734983 0.005420008209 0.005352698732 0.004522930365 0.004423120525 0.003778096288 0.003615768626 0.003501184518 0.003484527348 0.00346445269 0.003208803944
15,frag@206.08 loss@134.06 loss@556.18 loss@135.07 frag@208.1 frag@341.12 frag@154.06 loss@132.06 frag@171.06 loss@110.07 frag@195.02 frag@364.13 frag@148.04 frag@297.09 frag@150.09 frag@128.05 loss@43.99 frag@247.01 frag@256.05 frag@130.04,0.2325823158 0.2311728299 0.0170348566 0.003920543473 0.003233082127 0.002925752895 0.002337810351 0.0023000082 0.001941752853 0.001835177653 0.00173096254 0.00163173792 0.001568790874 0.001425003633 0.001385867829 0.001369376667 0.001349720405 0.001349031227 0.001303472091 0.001279839082
16,loss@287.04 frag@208.07 frag@123.08 frag@110.02 frag@138.05 frag@190.06 frag@161.06 frag@178.06 loss@198.07 frag@211.01 frag@204.14 loss@244.16 frag@93.07 frag@59.0 frag@278.07 loss@227.15 frag@186.08 frag@159.08 frag@67.05 frag@45.03,0.1101652309 0.004018571228 0.002821024507 0.002804953838 0.002345208544 0.002301867818 0.002199939219 0.001995256403 0.001932211919 0.001924675424 0.001913244836 0.001716201194 0.001707959338 0.001662161201 0.001612522989 0.001539586112 0.001517045661 0.001516865566 0.001462713466 0.00145591551
17,loss@115.1 frag@222.09 frag@232.11 frag@251.13 frag@102.97 loss@156.12 loss@262.09 frag@291.05 loss@193.0 loss@119.09 loss@157.1 loss@213.97 frag@270.12 frag@126.03 loss@200.19 loss@179.97 frag@218.13 frag@188.93 loss@123.09 frag@206.01,0.1289613247 0.047236301 0.02344097942 0.02253972553 0.01749080606 0.01574484259 0.01318419632 0.01283475384 0.01113958005 0.01099588722 0.01058813278 0.01016901899 0.0097977072 0.008447795175 0.008407218382 0.008318673819 0.00810827408 0.008098173887 0.007003088947 0.006497584283
18,loss@144.09 loss@159.11 loss@116.1 loss@148.11 frag@141.02 frag@278.07 frag@413.2 frag@163.05 frag@201.07 frag@115.02 frag@233.13 frag@247.16 frag@262.16 frag@186.06 frag@235.09 frag@172.97 frag@154.06 frag@104.02 frag@76.04 frag@305.13,0.2296254784 0.06498420984 0.03358852491 0.01289000083 0.007183305919 0.005525316577 0.00483907247 0.00481063826 0.00468562264 0.004517954774 0.004228963051 0.003923678771 0.003878354561 0.003638411639 0.003573188558 0.003560874378 0.00350686349 0.00346998428 0.003385547781 0.003341705771
19,frag@155.05 loss@170.09 frag@155.06 loss@171.08 frag@145.06 loss@314.12 loss@316.1 loss@202.06 frag@332.06 frag@185.03 frag@128.04 loss@205.1 loss@176.08 loss@165.0 loss@118.07 loss@171.07 frag@239.08 frag@133.06 loss@95.99 frag@123.08,0.1305071414 0.1125829071 0.04937873781 0.02296164446 0.01532380097 0.01029721834 0.00385084725 0.002774067223 0.00239092228 0.002322742483 0.002257927554 0.002188184531 0.002025902737 0.001978370827 0.001925931312 0.001899198862 0.001824072795 0.001722479006 0.001692074118 0.001669870922
20,frag@99.08 frag@57.03 frag@43.02 frag@67.05 frag@97.06 loss@445.16 loss@223.09 frag@81.07 loss@169.11 frag@79.05 loss@202.13 loss@172.09 loss@301.15 loss@285.15 loss@238.1 loss@105.04 loss@421.16 loss@239.16 loss@236.15 frag@87.04,0.1767703593 0.09626606852 0.01821089536 0.01180320419 0.01022566948 0.009408190846 0.007479413413 0.006147555076 0.005789445248 0.005617346149 0.005299253855 0.005212488584 0.005030350294 0.004530793056 0.004448117688 0.004362457432 0.004217769485 0.004144478589 0.004022033885 0.00373256579
21,loss@287.05 frag@227.03 frag@272.18 loss@254.06 frag@344.11 frag@199.03 loss@203.06 frag@149.02 frag@224.04 loss@54.02 frag@241.02 frag@162.05 frag@181.04 frag@346.13 loss@120.06 loss@149.06 frag@256.96 loss@287.07 frag@185.03 loss@242.13,0.1368833929 0.09505517036 0.006831494626 0.006652932614 0.005131552462 0.00513028726 0.004274831153 0.004085469525 0.003483496606 0.003415112616 0.002887223614 0.002650773386 0.002573427977 0.002532461891 0.002385374391 0.002356654732 0.002306439681 0.002272157464 0.002260458888 0.002257034415
22,loss@124.05 loss@138.07 frag@286.03 frag@295.14 frag@267.05 frag@190.09 frag@256.14 frag@180.1 frag@175.06 frag@165.09 frag@241.05 frag@161.06 frag@173.09 loss@137.08 frag@47.23 frag@177.09 frag@340.13 frag@139.04 frag@170.98 frag@150.04,0.1823587567 0.1379082352 0.04033616185 0.02580212057 0.01172097865 0.006164441351 0.005544907879 0.005374455359 0.004136826377 0.003954921849 0.003689481877 0.003540624632 0.003346460639 0.003099783789 0.002577809151 0.002446126658 0.002414771356 0.002349116141 0.002348026261 0.002282675589
23,loss@178.08 loss@278.16 frag@162.03 frag@115.03 loss@181.11 frag@290.14 frag@191.02 loss@211.03 frag@297.09 frag@205.13 frag@171.05 frag@166.1 frag@138.09 frag@123.05 frag@120.07 frag@196.03 frag@188.11 frag@219.12 loss@250.07 frag@112.99,0.2526365221 0.01023846027 0.006000007503 0.005567793269 0.004438564647 0.003530135145 0.00327943638 0.003239945974 0.003122752532 0.003093512729 0.002640255727 0.002491253195 0.002484464552 0.002412697067 0.002335251076 0.00226452644 0.002062545391 0.001993260812 0.001858438482 0.001765662339
24,loss@68.06 frag@205.1 frag@256.11 loss@288.07 frag@233.08 frag@238.12 frag@171.97 frag@43.03 frag@304.12 frag@279.17 frag@279.13 loss@126.07 loss@86.07 loss@232.08 frag@183.06 loss@111.1 frag@49.68 frag@276.15 loss@128.99 frag@180.07,0.2057152092 0.09138761461 0.0609518066 0.05974522606 0.0548693724 0.0254868567 0.02367918566 0.01632002182 0.01549027488 0.01405014005 0.01051563583 0.006842168979 0.006373984739 0.006109025329 0.00576652959 0.005479160696 0.005084233824 0.004374765325 0.004209259525 0.003916356713
25,frag@268.14 frag@227.09 frag@291.11 loss@229.1 frag@320.16 loss@120.03 loss@299.06 loss@291.11 frag@159.04 frag@279.09 frag@174.1 frag@166.08 loss@193.13 frag@207.07 loss@344.11 frag@277.19 loss@223.06 loss@164.08 loss@161.07 loss@107.07,0.07063435018 0.06890227646 0.03637073562 0.00679058861 0.005578133278 0.004182948265 0.003586549312 0.003490814706 0.003457803978 0.003380677197 0.0030734553 0.002850370482 0.002757244976 0.002719510114 0.002702937927 0.002302931622 0.002274076454 0.002216437366 0.002141939942 0.002136081224
26,frag@155.12 loss@246.17 frag@241.14 loss@214.14 loss@474.25 frag@170.98 frag@141.1 loss@290.16 loss@181.11 frag@74.1 frag@124.08 loss@238.15 frag@98.1 frag@120.07 loss@81.97 frag@96.08 frag@71.09 loss@291.13 frag@208.04 loss@264.16,0.1410019398 0.1113887131 0.1017821282 0.01960891858 0.01442376245 0.008125456981 0.004930529278 0.004325189628 0.004318094812 0.004272394348 0.003041267628 0.003007916734 0.002747029765 0.002726233331 0.002645682311 0.002629782306 0.002527398523 0.002518513473 0.002485200763 0.002417322947
27,frag@164.12 loss@163.11 loss@206.15 loss@188.14 frag@272.12 loss@115.11 loss@219.01 frag@148.09 frag@130.04 frag@125.07 frag@268.09 loss@174.03 frag@231.12 loss@219.12 frag@190.1 frag@162.1 frag@150.1 frag@159.05 frag@235.16 loss@190.12,0.1994508654 0.1720552593 0.0812485069 0.02802985348 0.02305761352 0.02101131529 0.01640455052 0.01238269173 0.008782787248 0.006638475228 0.005776359234 0.005394505337 0.005234630313 0.005150960293 0.004960770253 0.004772562068 0.004301266279 0.004269375 0.00411279127 0.003905713791
28,loss@205.12 loss@168.13 loss@271.13 frag@170.13 loss@254.11 frag@108.08 frag@150.04 frag@150.13 frag@94.07 loss@319.17 frag@112.09 frag@189.14 loss@260.15 loss@347.09 frag@228.96 frag@196.11 frag@95.01 frag@177.08 frag@127.12 frag@114.0,0.1042995751 0.09154096246 0.03294308856 0.02062408812 0.01609618776 0.01585937291 0.009803104214 0.009718486108 0.009123778902 0.008943759836 0.008769705892 0.008459497243 0.008354838938 0.007373309229 0.006766154896 0.00659221923 0.006564956624 0.006283318624 0.006118316203 0.005747445393
29,frag@82.06 loss@208.12 frag@82.07 frag@83.07 loss@237.15 loss@209.13 frag@68.05 frag@94.07 frag@84.08 frag@56.05 loss@249.15 loss@186.14 frag@139.09 frag@84.06 loss@163.05 loss@221.15 loss@238.11 frag@111.06 loss@262.14 frag@42.03,0.1214213297 0.04261101037 0.02548692562 0.01974812709 0.01805664971 0.01763325557 0.01637712866 0.01634576544 0.01515552774 0.01445593592 0.01331341453 0.01235411037 0.01200404298 0.01133756246 0.01123869047 0.009710881859 0.009438022971 0.008708186448 0.008243891411 0.008138492703
30,frag@152.07 frag@150.05 loss@167.06 loss@182.07 loss@163.03 frag@180.07 loss@165.04 frag@322.17 loss@192.05 loss@172.06 loss@152.06 frag@120.04 loss@175.12 frag@141.14 frag@154.02 frag@150.04 frag@124.04 frag@311.14 loss@193.04 loss@110.06,0.1868766546 0.1298845261 0.1011838987 0.0888986066 0.08137653768 0.01260945294 0.01149423886 0.006400974002 0.006237817463 0.005695234984 0.004902796354 0.004764726851 0.004709337372 0.004216831643 0.004148907494 0.003947478253 0.003537543118 0.003340265714 0.00302135339 0.00288112089
31,frag@110.1 frag@96.08 frag@74.06 frag@82.06 loss@283.03 frag@60.04 frag@181.13 loss@290.14 frag@83.07 frag@100.04 frag@197.17 frag@43.05 loss@252.16 frag@86.06 loss@302.17 frag@97.09 frag@166.12 frag@44.05 frag@84.08 loss@146.11,0.07072526217 0.01449292526 0.01180018578 0.008277413435 0.008136529475 0.007483363617 0.007454380859 0.007282514125 0.007219041232 0.006926183123 0.006707685534 0.006516451482 0.006481465884 0.006303198636 0.006211523432 0.006190510001 0.006049979944 0.005995803978 0.005822937936 0.005620362703
32,frag@145.08 loss@177.08 loss@203.11 frag@128.05 frag@146.08 loss@201.08 loss@234.07 loss@184.07 frag@118.06 frag@146.06 frag@148.08 loss@160.05 frag@178.09 loss@189.05 frag@133.08 frag@187.09 frag@119.07 frag@145.09 loss@236.06 frag@132.07,0.2352502495 0.1416317075 0.06574568897 0.0505592823 0.04740138724 0.04515825957 0.01493474934 0.01315649971 0.008104775101 0.007147501688 0.006906632334 0.006765717175 0.006664002314 0.006325248629 0.005242091138 0.005163808353 0.004480463918 0.004458304495 0.004445435014 0.004183566663
33,frag@69.03 loss@68.03 frag@41.04 loss@726.37 loss@229.0 loss@284.05 frag@87.04 frag@97.06 frag@83.05 frag@97.03 loss@244.09 loss@833.44 loss@185.11 frag@59.05 frag@55.02 loss@282.11 loss@805.41 loss@281.13 frag@99.04 loss@290.04,0.3722330034 0.2568634748 0.02543547004 0.009109206498 0.007253272925 0.006976509001 0.006765971426 0.006342175417 0.005898206029 0.005856226198 0.005655171815 0.005632759072 0.005576035473 0.005413592793 0.005225800443 0.005198457744 0.005158347543 0.005043888465 0.004669609014 0.004216811154
34,loss@211.07 frag@314.13 frag@111.03 loss@225.08 frag@139.03 frag@102.04 frag@332.06 frag@95.01 frag@175.12 frag@158.0 frag@151.12 frag@291.15 frag@311.18 frag@97.01 frag@209.02 frag@131.08 frag@98.03 frag@59.0 frag@81.03 frag@56.96,0.2590237558 0.0203120932 0.01741559245 0.0133143086 0.01306499634 0.0124090109 0.0106843235 0.01041729189 0.009964608587 0.00682905782 0.006337243598 0.00561270956 0.00496381009 0.004876541439 0.004614661448 0.004507010803 0.004367259331 0.00417852262 0.004115201999 0.004066897556
35,loss@94.04 frag@233.11 frag@231.06 frag@220.13 frag@303.03 frag@181.08 frag@177.05 frag@230.08 frag@189.1 frag@144.07 frag@339.09 frag@277.19 loss@193.13 loss@677.25 loss@173.1 frag@214.1 frag@171.06 loss@139.04 frag@74.01 frag@143.04,0.2295709252 0.08713697642 0.02743199654 0.02067038603 0.01525907777 0.004910424352 0.004094374366 0.002589842305 0.002475426765 0.00215292885 0.001775875106 0.001681560418 0.001638345071 0.00163278752 0.001597294468 0.001585944206 0.001540561207 0.00152322487 0.001481295913 0.001469326438
36,frag@134.04 loss@84.02 frag@143.04 frag@377.07 frag@189.04 loss@101.05 loss@112.02 frag@107.03 loss@46.0 loss@100.03 loss@43.99 loss@129.99 loss@116.05 loss@73.02 loss@97.02 loss@55.01 loss@72.02 loss@85.03 loss@120.07 loss@89.02,0.1961568445 0.1462914646 0.08266883343 0.03725170717 0.03235802427 0.009408170357 0.007205412723 0.006516297348 0.005847061519 0.005839883815 0.005075661466 0.00404892303 0.004022257403 0.003801580053 0.003626003861 0.003558762837 0.0033700231 0.00329905632 0.003282723948 0.003192833159
37,frag@152.03 loss@127.02 loss@154.03 loss@103.01 loss@243.99 loss@157.03 frag@141.04 frag@179.05 loss@152.0 frag@250.02 loss@129.01 loss@62.96 loss@96.07 frag@114.03 loss@141.03 frag@271.07 frag@164.03 frag@140.05 frag@72.0 frag@129.02,0.2303147018 0.1841232777 0.07530405372 0.008143816143 0.00736033218 0.00623254478 0.005995782558 0.004877289757 0.004799156915 0.004716053139 0.004267648328 0.004222710151 0.004196931142 0.004001735244 0.003891015192 0.003447530791 0.003413591068 0.002924947999 0.002914535813 0.002900127554
38,loss@234.14 frag@108.08 frag@175.11 frag@173.01 frag@99.06 frag@166.09 frag@94.07 frag@198.15 frag@67.06 frag@84.04 frag@68.05 frag@243.16 frag@148.08 frag@120.04 frag@138.09 loss@262.13 loss@260.15 frag@160.1 frag@138.05 frag@84.09,0.2897742093 0.01758971065 0.01255032793 0.01087806746 0.01053383108 0.01042305026 0.01025909279 0.009524844587 0.007693457417 0.006544803735 0.006501862779 0.006363202818 0.005887257401 0.005620155018 0.005463214591 0.004833968356 0.004648081027 0.004284754395 0.004172431771 0.00416322425
39,loss@185.12 frag@108.08 frag@384.2 frag@99.05 frag@138.05 frag@381.17 frag@84.09 frag@86.07 frag@114.0 frag@85.04 frag@236.11 frag@279.09 frag@84.08 frag@150.13 frag@110.1 frag@83.07 frag@85.08 frag@131.08 loss@198.11 loss@213.11,0.2726313174 0.01462290809 0.01019359473 0.009593372233 0.008875017054 0.008351248689 0.00809103623 0.0078902198 0.00559663726 0.005413651001 0.005363783799 0.005204274319 0.005182466935 0.004920020234 0.004807264544 0.00457197614 0.004458804149 0.00366976182 0.00359492586 0.00351675041
40,loss@212.12 loss@148.1 frag@181.03 frag@260.05 frag@188.9 frag@136.08 frag@112.08 frag@124.04 frag@230.12 frag@214.04 loss@182.06 frag@328.11 frag@158.1 frag@83.02 frag@89.06 frag@220.07 frag@115.07 frag@67.06 frag@172.99 frag@135.0,0.1801893711 0.1591505259 0.109520629 0.04460434988 0.007082929369 0.005506192334 0.004141946323 0.00394126866 0.003315257141 0.002985504922 0.002896739403 0.002814844949 0.002497230889 0.002471457236 0.002373250201 0.002342524007 0.002311174758 0.002229360165 0.002217665548 0.002125600353
41,loss@140.1 frag@188.03 loss@231.0 frag@196.0 frag@161.01 frag@195.99 loss@169.11 frag@88.08 frag@298.06 frag@179.11 loss@295.08 frag@174.97 frag@219.09 frag@233.07 frag@227.11 frag@215.06 frag@347.15 frag@349.04 frag@155.98 frag@318.03,0.2708101571 0.1343226284 0.03461886942 0.0243983157 0.008248318918 0.003223675303 0.003100622445 0.003011122579 0.002746174578 0.002349490067 0.002301195869 0.002208064776 0.002031195909 0.002016091719 0.001973522361 0.001966430107 0.001767927199 0.001755044446 0.001718833577 0.001565389684
42,frag@181.11 frag@238.02 loss@142.1 loss@127.05 loss@144.11 loss@225.17 loss@87.06 loss@142.06 frag@166.01 frag@138.08 frag@143.0 frag@198.02 frag@242.07 loss@148.1 frag@284.11 frag@213.99 frag@246.05 frag@166.0 loss@227.13 frag@273.1,0.103510797 0.09455537051 0.08919411153 0.05853683874 0.03209745139 0.02612983063 0.01686565951 0.004437280353 0.003969857004 0.003322615288 0.002821116243 0.00277182227 0.002725840779 0.002694235649 0.002562289359 0.002493840642 0.002492904896 0.002460108604 0.002410865389 0.002155502327
43,loss@84.03 loss@57.06 loss@138.12 frag@102.05 frag@259.08 loss@126.09 frag@224.05 loss@132.1 loss@101.08 loss@103.1 loss@71.07 frag@259.09 frag@221.08 loss@60.06 frag@194.1 frag@250.0 loss@211.99 loss@42.05 frag@214.06 loss@100.09,0.008227569982 0.006082050037 0.006044027396 0.005830691196 0.005458300468 0.005449009128 0.0050784708 0.005063935183 0.004978669807 0.004844401963 0.004782755859 0.004760332871 0.004720793571 0.004526547156 0.004408121575 0.004321434069 0.00430172449 0.004219229333 0.004152511247 0.004031442106
44,frag@152.02 frag@180.01 frag@134.01 frag@124.02 loss@263.11 loss@240.06 loss@227.07 loss@146.03 loss@167.04 frag@109.01 loss@247.98 loss@138.15 frag@175.03 loss@255.06 frag@136.02 loss@162.01 loss@235.04 loss@233.05 frag@124.04 loss@201.07,0.1873873919 0.07711691409 0.05749070644 0.04988024756 0.008386871777 0.005360461306 0.005226961337 0.004921337124 0.004651858471 0.004429097753 0.003928230144 0.003777992213 0.002966474276 0.002815699438 0.002771366388 0.002752534812 0.002522401744 0.002487367485 0.002479940653 0.0024331077
45,loss@160.08 frag@141.03 frag@205.03 frag@242.11 loss@188.07 loss@275.14 frag@212.08 loss@157.03 loss@187.09 frag@95.01 loss@184.98 frag@135.05 frag@150.07 frag@364.13 loss@307.11 frag@206.08 frag@160.13 frag@121.01 loss@256.02 frag@141.01,0.1891448349 0.1394916326 0.05790897459 0.01439598575 0.003957821056 0.003710728372 0.003605932929 0.003603772726 0.003320708172 0.003132306272 0.003080123803 0.002641566796 0.002346619964 0.002212630818 0.00216610264 0.002055499237 0.002039215295 0.002009274205 0.001974223414 0.001932382118
46,frag@205.04 loss@250.06 frag@319.07 frag@204.06 frag@175.03 frag@257.13 loss@266.09 loss@174.06 frag@151.96 frag@169.01 loss@273.07 loss@187.03 frag@326.18 frag@182.95 frag@261.97 loss@153.04 loss@264.05 loss@169.06 frag@197.07 frag@72.98,0.2375555933 0.1819964796 0.002688062144 0.002433378715 0.001961966511 0.00192921923 0.001853005029 0.001608838793 0.001529489295 0.001486132736 0.001377684646 0.001310543856 0.001308522187 0.001306405058 0.001221638406 0.001215362572 0.001175067038 0.00113335182 0.001121635083 0.001111061778
47,frag@105.03 frag@95.05 loss@291.16 loss@292.13 frag@77.04 loss@328.14 loss@310.97 loss@273.18 loss@227.09 loss@319.13 loss@276.04 loss@245.15 loss@447.18 loss@448.16 loss@480.16 loss@340.18 loss@268.15 loss@243.15 loss@396.09 loss@305.15,0.3271566629 0.04508151487 0.03504221514 0.03131183237 0.02864981443 0.02601807751 0.02550267987 0.02026838623 0.01871911064 0.01770517789 0.01650129445 0.0156877134 0.01306311227 0.01167962886 0.01164557319 0.01112370193 0.01096564624 0.009249063209 0.00869612582 0.008157000877
48,loss@198.06 loss@156.05 loss@172.08 frag@84.99 frag@143.06 frag@158.03 frag@55.02 frag@136.07 frag@174.04 frag@58.99 frag@128.03 frag@319.12 frag@145.09 frag@311.14 frag@395.08 frag@72.94 frag@72.0 frag@139.07 frag@44.98 frag@134.05,0.1383879185 0.1271457821 0.04728458449 0.01111485716 0.009852093644 0.009197912179 0.008729232475 0.008384219371 0.007984005846 0.007341887802 0.006585532799 0.006140329409 0.005989346188 0.005550881382 0.005036471877 0.004903702531 0.00465061143 0.004426487722 0.004369969945 0.004035136197
49,frag@99.09 loss@234.05 loss@165.03 loss@298.08 frag@84.07 loss@280.05 loss@315.17 loss@265.07 frag@98.08 loss@204.15 frag@70.06 frag@56.05 frag@99.1 loss@253.99 loss@389.1 frag@84.08 frag@84.04 frag@407.14 frag@111.09 frag@97.08,0.2135158628 0.0635432899 0.0499958992 0.03673705459 0.03243491426 0.02589455247 0.02021223307 0.01167633198 0.009095858783 0.008826139383 0.008677285165 0.008309445344 0.007873976603 0.007715604268 0.006702966057 0.005895159207 0.005544350017 0.005198807456 0.004621111322 0.004468176514
50,loss@63.03 loss@75.03 frag@201.13 loss@113.01 loss@70.01 frag@91.03 loss@77.05 loss@81.06 frag@78.01 frag@100.02 frag@86.0 loss@61.02 frag@73.05 frag@216.14 loss@46.0 frag@76.04 frag@322.16 frag@174.09 loss@89.05 frag@46.99,0.1209547147 0.09781040996 0.05157768726 0.05077755079 0.02324113995 0.01954811811 0.01480400842 0.01321025006 0.008703991771 0.007450199686 0.006500878837 0.00602192618 0.006002893671 0.005755899008 0.005598510616 0.005142763257 0.005114549305 0.004806693178 0.004380891565 0.004323382396
51,loss@247.02 loss@273.1 loss@164.01 frag@81.03 frag@208.04 frag@143.0 loss@284.03 frag@186.99 frag@194.08 frag@53.04 loss@267.99 frag@185.04 loss@256.97 frag@199.01 frag@92.06 frag@65.04 frag@192.07 frag@176.98 frag@181.09 loss@331.12,0.07747960836 0.06911858916 0.05627743527 0.01269213669 0.01116180234 0.008660379797 0.007040662225 0.006749382243 0.006251755636 0.006176407449 0.005298777949 0.004864820279 0.004771868698 0.004571758211 0.004462671001 0.004434025381 0.004397243727 0.004163921345 0.003806241555 0.003356960136
52,loss@170.03 frag@248.1 loss@316.09 frag@247.01 frag@364.13 loss@216.04 frag@298.07 frag@212.08 loss@203.96 frag@275.15 frag@163.02 frag@213.04 frag@326.13 loss@170.02 loss@103.04 frag@111.01 loss@152.07 loss@110.06 loss@49.99 frag@268.14,0.1830084026 0.1323717684 0.05560009927 0.04296138138 0.03633238375 0.02258620597 0.01393051725 0.01020111423 0.009743720293 0.008286019787 0.006439897232 0.005844795611 0.005600383971 0.004747204483 0.004625837784 0.004235201515 0.003975938074 0.003912874963 0.003676133463 0.003631433938
53,frag@177.03 loss@210.15 loss@183.11 loss@274.08 loss@220.1 loss@292.01 loss@255.05 loss@183.06 frag@72.94 frag@207.04 frag@84.04 loss@257.09 loss@158.05 frag@203.04 loss@421.16 loss@255.07 loss@143.06 loss@219.03 loss@86.01 loss@85.04,0.2738899887 0.005664303899 0.00390776014 0.00340576889 0.003132785903 0.002949001035 0.002654166659 0.002606443129 0.002554983599 0.002449215855 0.002196547808 0.002162810182 0.002040543361 0.001894607325 0.001784018008 0.001714097685 0.0016920747 0.0016152889 0.001592096058 0.001582233002
54,frag@149.11 loss@241.06 loss@258.13 frag@88.04 frag@169.02 loss@138.04 loss@97.98 frag@55.04 loss@197.98 loss@302.2 loss@240.05 frag@181.02 loss@265.04 frag@381.17 loss@172.06 loss@250.96 loss@280.04 frag@94.03 frag@118.92 loss@250.15,0.1694400758 0.1098106802 0.0720865801 0.06457259506 0.0454084985 0.02423925884 0.02384724468 0.02034761757 0.02024188451 0.01719814539 0.007539878134 0.005740377121 0.00544685265 0.004822588991 0.004764336161 0.00305965147 0.002804787597 0.002706062049 0.002635956509 0.00259667635
55,loss@281.03 frag@126.08 loss@192.03 frag@177.01 frag@174.97 frag@143.02 frag@336.08 loss@184.12 frag@262.1 frag@235.16 loss@244.16 loss@64.03 frag@308.12 frag@211.01 frag@223.02 frag@241.02 frag@149.07 frag@433.19 loss@281.16 frag@199.01,0.1406585723 0.08785872161 0.0449427329 0.00356728374 0.002998792334 0.002985517262 0.002926168498 0.002760988893 0.002751602093 0.002708832733 0.002636998426 0.002590168035 0.00252528768 0.002377423923 0.002228911035 0.002220023889 0.002218577079 0.002164336853 0.002129092813 0.002042457927
56,frag@119.07 frag@178.09 loss@258.09 loss@252.06 loss@245.04 frag@177.04 frag@261.09 frag@183.01 frag@118.06 frag@164.14 loss@240.0 loss@405.12 loss@256.04 loss@175.99 loss@341.1 loss@317.09 frag@133.09 loss@168.12 loss@195.02 frag@341.17,0.1193240434 0.07892540842 0.04746371135 0.03258333355 0.03142903373 0.02868833952 0.01614807546 0.01524274424 0.01318853814 0.0126968734 0.01115874015 0.00958608184 0.007283587009 0.005630317144 0.005371061619 0.005311687477 0.005255216733 0.005117693916 0.004928100854 0.004904716276
57,frag@244.05 loss@265.08 loss@148.01 frag@233.02 loss@237.22 loss@217.15 loss@208.06 loss@262.18 frag@215.03 frag@73.01 frag@306.11 loss@232.16 frag@318.17 frag@218.12 frag@179.99 frag@144.96 loss@233.02 loss@327.17 loss@317.11 loss@265.11,0.1728470623 0.06497114152 0.00294900639 0.001959220041 0.001778572565 0.001703283051 0.001576859155 0.001496168552 0.001436643535 0.001432340359 0.001418936183 0.001388119184 0.001316467999 0.001308211009 0.001285333303 0.001262780279 0.001235214062 0.001206711982 0.001203469932 0.00116650539
58,loss@222.05 frag@172.99 loss@283.08 loss@421.16 frag@93.03 loss@128.04 frag@53.04 loss@257.11 frag@122.94 frag@186.99 frag@81.03 loss@346.1 frag@65.04 frag@102.01 frag@132.1 frag@112.06 frag@111.04 frag@135.08 frag@123.04 frag@116.93,0.2110397518 0.05344499648 0.02580228262 0.02507788315 0.02478665113 0.02321217023 0.02084398828 0.01724587195 0.01699310541 0.01497649588 0.01453213114 0.01295191236 0.0103871664 0.008865359239 0.008669227362 0.007204238325 0.006178762298 0.006165509112 0.00482039107 0.004780635238
59,frag@110.99 loss@205.07 loss@127.01 loss@217.04 loss@221.98 loss@316.14 loss@261.07 loss@279.14 frag@111.0 loss@235.05 loss@194.15 loss@261.2 frag@154.03 loss@227.1 loss@237.12 loss@238.03 frag@344.17 loss@209.03 frag@343.19 loss@238.15,0.3821973205 0.1211191416 0.04518124834 0.04275520891 0.01697422937 0.01550067496 0.01322231721 0.01286025811 0.01147142518 0.01093191281 0.009448420256 0.008926051669 0.005697118584 0.004970764741 0.004945401568 0.004774596542 0.004535386804 0.004507088102 0.004108451307 0.004008477088
60,loss@182.11 frag@150.13 loss@251.13 loss@263.16 frag@124.11 frag@141.1 frag@84.08 frag@110.1 frag@112.08 loss@253.14 loss@226.14 frag@174.03 frag@124.08 loss@184.12 frag@83.09 frag@112.09 frag@96.08 frag@55.05 frag@129.1 frag@136.05,0.1195372492 0.09358518571 0.08772370964 0.0368405953 0.02670830116 0.01875573955 0.01858614013 0.01557529345 0.01452835277 0.01331364643 0.01327990368 0.00999303069 0.009415207431 0.008784706704 0.008408389054 0.006475279573 0.006393606309 0.00588405272 0.005868705921 0.005868017673
61,frag@166.06 loss@220.1 loss@218.08 loss@286.12 frag@159.06 frag@136.05 frag@161.08 loss@328.08 frag@69.06 loss@286.05 frag@138.05 frag@174.07 frag@167.98 frag@193.1 frag@93.03 frag@97.01 frag@121.04 frag@207.11 frag@381.17 frag@87.09,0.1759828031 0.15077205 0.1224614903 0.02553064749 0.01713387854 0.01179910544 0.008035045117 0.006027920637 0.005820412189 0.005156100728 0.004834155552 0.004458793905 0.004240558483 0.004154693335 0.004130152985 0.004121977836 0.003758318722 0.003612365108 0.003512945725 0.003198635997
62,loss@194.12 frag@166.1 frag@98.07 loss@250.18 loss@148.07 loss@293.19 loss@182.12 frag@109.08 loss@252.03 frag@123.05 loss@206.12 loss@230.05 loss@222.15 frag@165.11 loss@181.09 loss@176.11 loss@141.09 loss@330.17 frag@140.06 frag@168.02,0.2180998474 0.2001253217 0.1387538314 0.03975580633 0.0376618728 0.01760422252 0.007337307557 0.006617416162 0.005886517465 0.005350288469 0.004176654853 0.003472889774 0.003417934058 0.002978665056 0.002505455166 0.00244121463 0.002298302948 0.002248119097 0.002208823804 0.002148662461
63,frag@193.04 loss@285.13 loss@175.0 frag@205.06 loss@381.12 loss@410.06 loss@154.03 frag@166.03 loss@167.04 loss@210.14 frag@109.03 loss@81.09 loss@153.03 frag@240.03 loss@337.08 loss@144.05 frag@175.03 loss@287.06 frag@128.11 loss@156.05,0.2484814674 0.0320953466 0.02434040606 0.01372564957 0.009097874165 0.008496082388 0.006879034918 0.006755144801 0.003722862341 0.003704398172 0.003670904785 0.003470587311 0.003108212026 0.002780823037 0.002759735566 0.002739962656 0.00266593229 0.002637512749 0.002607970266 0.002483764663
64,frag@164.09 loss@131.06 loss@339.11 loss@160.96 loss@209.01 frag@247.13 frag@325.05 loss@248.02 frag@136.06 loss@105.04 frag@154.16 frag@218.1 frag@220.12 frag@55.02 frag@126.07 frag@69.04 loss@167.12 frag@154.02 frag@150.08 loss@117.04,0.2296586186 0.2173439711 0.02796073072 0.02768261544 0.01312357839 0.01046716422 0.006740852259 0.005057759583 0.004717751872 0.004515706562 0.004507767968 0.003602292389 0.003582787234 0.003509918228 0.003371955128 0.003108989913 0.003106151009 0.002819107147 0.00279808417 0.002639573533
65,frag@191.08 loss@195.08 loss@266.08 frag@282.12 loss@193.04 frag@173.03 loss@236.06 loss@180.08 frag@132.07 frag@309.09 loss@199.03 frag@170.03 frag@116.03 loss@181.08 loss@267.12 frag@133.08 frag@276.16 frag@170.05 loss@168.06 loss@152.07,0.2389941812 0.1149834841 0.06487885863 0.009604814462 0.009254015051 0.004777691327 0.003915564623 0.003897754243 0.003828088054 0.00377110648 0.003718948923 0.003707024502 0.003482706379 0.003240901744 0.003097419394 0.002881375607 0.002808619523 0.002731195884 0.002673027804 0.002656017896
66,loss@255.03 loss@255.02 frag@157.03 frag@196.02 frag@251.04 loss@283.16 loss@188.0 frag@253.06 frag@114.06 frag@166.05 frag@195.95 loss@271.03 loss@299.03 frag@212.96 frag@289.14 frag@326.18 loss@235.09 frag@228.1 frag@304.17 loss@244.07,0.06821871549 0.04826340079 0.03256438673 0.02270326205 0.02115356736 0.02107011527 0.01093654241 0.009688952006 0.00818064902 0.007901717909 0.006652320735 0.005591917783 0.005174557213 0.003669793019 0.003416407853 0.003306192113 0.002994979499 0.002749683335 0.002513557905 0.002468492603
67,loss@32.03 frag@252.07 frag@234.07 frag@275.09 frag@271.12 frag@302.11 loss@63.97 frag@270.09 frag@255.17 frag@331.08 frag@320.02 frag@226.14 frag@343.11 frag@156.01 loss@87.04 frag@282.01 loss@130.99 frag@377.1 frag@258.17 frag@211.04,0.2500408888 0.07202354074 0.05701792613 0.03711448237 0.03102672659 0.0241429545 0.01471479144 0.01341469679 0.01302740164 0.01118504535 0.0105818836 0.008564323187 0.006840033922 0.006752970163 0.00637080567 0.005724929739 0.005539528094 0.005374379922 0.004956780002 0.004821878858
68,frag@135.06 loss@109.09 loss@215.11 loss@255.08 loss@262.05 frag@67.02 frag@133.04 loss@179.07 loss@232.0 frag@123.06 loss@208.08 loss@214.09 loss@235.11 loss@206.05 loss@262.12 loss@207.1 frag@281.14 loss@192.09 loss@230.08 loss@178.07,0.3448219001 0.05782027543 0.0130156856 0.007717983797 0.007416468114 0.006506525446 0.006283096969 0.00573539827 0.005401562899 0.005102415103 0.004753424786 0.004667201079 0.004006040748 0.003467855277 0.003449783893 0.003439142136 0.003438860876 0.003395173 0.003374241758 0.003367902013
69,frag@185.11 frag@181.08 loss@168.07 loss@177.05 loss@191.12 loss@145.09 frag@171.09 loss@172.1 loss@168.0 frag@147.07 frag@155.06 loss@154.04 frag@157.08 frag@130.06 loss@134.03 frag@128.05 frag@146.06 frag@187.09 frag@196.05 loss@149.05,0.1332551688 0.1079760194 0.1034726426 0.1006764621 0.05016261712 0.03376006708 0.01168753952 0.01144931931 0.01115688868 0.01062462106 0.01004753076 0.008902193047 0.008815069683 0.007135937922 0.007072966546 0.006864371244 0.006170206703 0.005964432377 0.00566917751 0.00532110827
70,frag@174.04 loss@152.06 frag@173.03 loss@190.06 frag@147.03 frag@70.99 loss@172.06 frag@384.2 loss@320.1 loss@141.02 loss@152.07 loss@218.05 loss@137.08 loss@170.04 frag@163.02 frag@140.02 frag@134.02 loss@202.11 frag@173.07 frag@44.98,0.2429867387 0.1427736282 0.07871190459 0.0348242335 0.03439537063 0.01089775376 0.004285829607 0.003732405836 0.003605604405 0.00352251553 0.003254640615 0.003095740918 0.003000192111 0.002726187231 0.002686416265 0.002655549906 0.002520868788 0.002377923811 0.002300440101 0.002261850517
71,loss@230.04 frag@180.03 loss@272.05 loss@186.01 frag@44.01 loss@156.01 frag@53.0 frag@318.03 loss@128.03 frag@152.01 frag@138.01 frag@141.0 frag@45.99 loss@330.06 loss@128.05 loss@153.02 frag@122.01 frag@67.04 frag@109.03 frag@41.04,0.1056306809 0.09222679585 0.06868965179 0.05016024038 0.02838582173 0.02773693576 0.02753529325 0.02002001554 0.01150398236 0.007489091717 0.007389709819 0.006545409095 0.00551620964 0.005439940374 0.004763132427 0.004189198371 0.00401919242 0.003875298426 0.003725224873 0.003702918766
72,frag@95.01 loss@229.03 loss@96.02 loss@269.1 loss@208.04 loss@255.1 loss@260.08 loss@211.04 loss@319.17 loss@226.06 loss@216.09 loss@218.09 loss@209.08 loss@216.07 loss@224.01 loss@245.12 loss@211.07 loss@255.02 loss@271.05 frag@124.04,0.3855420947 0.03042729013 0.0188180469 0.01510496438 0.01216795109 0.01023687888 0.008502488025 0.006303878035 0.004265268799 0.004213506822 0.004012449645 0.003878449323 0.003713856451 0.003656316781 0.003149145981 0.002928863512 0.002718917094 0.00233040168 0.002244750038 0.00223420281
73,loss@243.14 frag@120.07 frag@243.16 loss@171.14 frag@159.06 loss@216.11 frag@179.12 frag@147.06 loss@218.08 frag@136.05 loss@232.1 frag@208.07 loss@269.12 frag@141.1 frag@127.12 loss@248.16 frag@135.09 loss@246.11 frag@174.07 loss@218.12,0.1464396864 0.08381663263 0.06410358101 0.02539171651 0.01665259153 0.007988827303 0.006120884791 0.005115942098 0.004975192249 0.004294755869 0.00403531082 0.003841712838 0.003795385361 0.003603931982 0.003473446704 0.003276541596 0.003258989425 0.0030891879 0.002913261298 0.002839189023
74,loss@212.09 loss@182.09 frag@256.05 frag@116.03 frag@98.03 frag@160.05 frag@216.05 frag@71.0 frag@118.04 frag@448.16 frag@127.03 loss@252.07 frag@216.08 frag@111.03 frag@144.06 frag@134.02 frag@137.07 frag@245.05 frag@324.17 loss@183.01,0.2079752535 0.01355148945 0.006385125685 0.004878439009 0.004704703577 0.004286343697 0.004088095855 0.004079928622 0.00396228116 0.003879742697 0.00314025511 0.002997533651 0.002767771017 0.002501782263 0.002442665864 0.00243541901 0.002312896773 0.002256331965 0.002177200047 0.002084051026
75,frag@150.09 loss@323.99 frag@136.08 loss@190.08 frag@58.03 loss@221.11 loss@184.12 frag@141.08 loss@288.11 loss@262.13 loss@189.1 loss@232.16 loss@192.09 frag@178.09 frag@110.05 loss@209.1 frag@161.1 loss@312.09 loss@237.1 loss@189.08,0.3485443592 0.01291386783 0.002906106878 0.002736758441 0.002622223692 0.002407528926 0.002296576044 0.002279344248 0.002030177042 0.001957397675 0.001900745439 0.001821959391 0.0017451928 0.001556015108 0.001553664915 0.001547439257 0.001543453429 0.001487602945 0.00147269899 0.001450701384
76,loss@239.07 frag@168.09 loss@161.03 frag@241.12 loss@246.16 loss@266.01 frag@218.98 loss@96.01 frag@278.11 frag@162.06 frag@207.98 loss@201.02 frag@296.09 frag@165.08 frag@121.01 frag@267.04 frag@325.12 frag@131.04 frag@123.0 loss@181.09,0.08035433292 0.07891193777 0.06940498948 0.04265278205 0.0291121006 0.01601204276 0.01565521583 0.01087665372 0.01075941604 0.01027169079 0.01021037623 0.008130102418 0.007703599054 0.007492433768 0.007026231848 0.006812898442 0.006387116853 0.005892151035 0.005564411171 0.004765035585
77,frag@180.1 loss@179.1 frag@274.18 frag@141.01 loss@187.14 frag@314.13 loss@207.09 loss@179.09 frag@218.15 frag@161.1 loss@218.09 loss@267.12 frag@220.11 loss@221.14 frag@165.09 loss@261.12 loss@191.08 frag@133.06 loss@242.12 loss@206.99,0.3416972458 0.238038227 0.02117951959 0.01181827765 0.01120560803 0.009292218834 0.008717628196 0.004556383472 0.00401588669 0.003960046917 0.003738743486 0.003410889767 0.003067260142 0.003021069802 0.002862442052 0.002775238827 0.002725518076 0.002651332179 0.002208675025 0.002174057299
78,loss@60.02 loss@72.02 loss@61.03 loss@86.04 loss@59.01 loss@74.04 frag@156.07 frag@204.01 loss@113.05 frag@221.07 frag@156.01 frag@342.1 loss@87.01 frag@156.08 frag@78.01 loss@73.03 loss@87.03 frag@431.16 frag@260.08 frag@143.07,0.05725086853 0.03255647793 0.02586246654 0.02310465463 0.02143993974 0.01977805234 0.0170957949 0.01658753492 0.0154982321 0.01491282508 0.01103386469 0.01088727731 0.01062454842 0.01034928579 0.009876044467 0.009202262387 0.008462505415 0.008400772698 0.00746003259 0.007271097973
79,frag@213.96 loss@210.01 loss@325.16 frag@234.98 loss@190.96 frag@448.16 frag@140.05 frag@106.04 frag@162.02 frag@210.04 frag@145.0 frag@208.13 frag@315.13 loss@298.04 frag@233.13 frag@318.17 loss@344.11 loss@144.13 frag@261.08 loss@186.11,0.1378457248 0.08447504044 0.04938454926 0.03099568374 0.03017634153 0.02213566191 0.01005556714 0.00976876542 0.006390174851 0.003017829964 0.002822721843 0.002802755218 0.002077722456 0.002049698727 0.001913746237 0.001778083853 0.0017151559 0.001711354475 0.00170608738 0.001644517295
80,loss@125.05 loss@136.04 loss@386.01 frag@164.03 frag@69.04 frag@53.0 frag@53.04 frag@152.05 frag@150.04 frag@144.1 frag@66.03 frag@84.96 frag@173.08 frag@233.07 frag@204.06 frag@158.03 loss@230.95 frag@198.99 frag@200.97 frag@189.03,0.2747111619 0.021199679 0.01183572691 0.00954544358 0.009378992952 0.00900953263 0.008910370991 0.008897059597 0.008398491889 0.008184478618 0.006432077847 0.005658865906 0.005362879485 0.005261361599 0.00505891256 0.004588628188 0.00457495125 0.004115365911 0.004058388527 0.004026515875
81,loss@172.12 loss@253.07 frag@224.08 frag@353.09 frag@59.05 frag@220.03 frag@203.07 frag@60.04 frag@126.09 frag@112.08 frag@87.04 frag@83.99 frag@84.08 frag@84.09 loss@263.12 frag@57.07 frag@41.04 frag@162.13 frag@212.09 frag@198.15,0.2223856151 0.07419909537 0.06112312526 0.02319437824 0.006584657356 0.005184959155 0.004901447333 0.004843803123 0.004045877606 0.003795781871 0.003591509536 0.003506148234 0.003457686165 0.003202572232 0.003199397819 0.003187048482 0.003143731505 0.003041441087 0.003036597976 0.002751940396
82,loss@126.12 loss@270.16 loss@47.0 loss@133.08 frag@126.08 frag@95.07 frag@213.0 frag@181.1 frag@151.07 frag@197.17 frag@309.2 frag@246.15 frag@213.99 frag@208.09 frag@238.07 frag@175.1 frag@127.12 frag@212.12 loss@280.05 frag@206.04,0.2170527279 0.05132398382 0.0326943323 0.0244913362 0.0114228595 0.01112988964 0.009977472015 0.008318759501 0.007736375555 0.006410681177 0.006243027281 0.006058136467 0.005643479526 0.005173339974 0.005155301653 0.004754693247 0.004611373879 0.004371850751 0.004175901879 0.004070806783
83,loss@142.06 frag@159.02 frag@181.05 frag@43.02 frag@141.04 frag@81.02 frag@318.03 loss@114.07 frag@79.02 frag@100.02 frag@138.01 frag@117.05 frag@173.95 frag@53.0 frag@47.9 frag@97.06 frag@271.07 frag@73.04 frag@295.14 frag@87.04,0.2860701978 0.03199322149 0.0101058213 0.006713623647 0.004959937651 0.004913256504 0.004076459911 0.003964268602 0.003704393748 0.003526089014 0.003176073544 0.002938841935 0.002836224623 0.002748512197 0.00247707474 0.002409821609 0.002307352843 0.002242183313 0.002240538597 0.002166626276
84,loss@248.1 frag@177.11 loss@255.11 frag@304.16 frag@191.13 loss@191.09 frag@157.06 frag@243.16 loss@300.05 frag@151.05 loss@80.21 frag@211.01 frag@208.13 frag@172.02 frag@228.12 loss@275.1 frag@164.11 frag@148.08 loss@157.08 frag@123.05,0.1759353876 0.1646395773 0.05556697398 0.01299236622 0.005412512925 0.005372933112 0.004687801935 0.003608464031 0.003331807675 0.003231828101 0.003217716468 0.003089473583 0.00278374739 0.002753949724 0.002738354262 0.002665026812 0.002515625674 0.002488943748 0.002417060314 0.002375644166
85,loss@305.13 frag@222.1 frag@303.03 frag@199.09 frag@190.06 frag@141.02 frag@195.05 frag@280.14 loss@112.09 frag@175.06 frag@133.03 frag@339.09 loss@169.11 frag@159.1 frag@223.03 frag@215.05 frag@145.05 frag@110.02 loss@182.06 loss@192.96,0.07930589467 0.006770682521 0.00618292857 0.005012585316 0.004912057426 0.004166936502 0.003224039683 0.003040353069 0.00302249426 0.002983418992 0.002620348474 0.002592945704 0.002555068117 0.002512557199 0.002504340606 0.002490357729 0.00248036324 0.00232655718 0.002315798309 0.002279069275
86,frag@112.02 frag@70.99 frag@140.02 frag@98.01 loss@224.04 frag@44.98 frag@85.01 frag@114.04 frag@72.0 loss@192.02 loss@128.04 loss@191.14 frag@158.03 loss@231.08 loss@254.01 loss@133.02 loss@227.02 loss@217.04 loss@165.11 frag@73.01,0.115532048 0.1097945794 0.05837561935 0.0303465426 0.02361827157 0.02079845406 0.0113367755 0.008895736188 0.007917148992 0.005529067013 0.00546164019 0.005062000826 0.004677296616 0.004525762517 0.004466079175 0.004327717237 0.004080886953 0.003853716655 0.003711744212 0.003679248737
87,frag@178.06 frag@150.07 frag@160.05 frag@132.06 frag@187.06 loss@176.07 loss@165.05 loss@208.13 frag@164.07 loss@163.06 loss@229.03 frag@106.07 frag@120.06 loss@134.04 loss@200.13 loss@189.08 frag@188.08 loss@311.07 loss@200.02 loss@306.13,0.2411421686 0.0529390797 0.008140193298 0.007605421823 0.003493924392 0.002657366917 0.002514919965 0.002304542577 0.00225366978 0.002236607252 0.00222672266 0.002025994705 0.001964287832 0.001937169931 0.001923557953 0.001900832402 0.001780858962 0.001728578238 0.001661277376 0.001655207016
88,loss@193.07 loss@175.06 frag@104.05 frag@302.22 frag@132.06 frag@142.06 loss@165.08 frag@145.09 frag@337.15 frag@105.04 frag@176.07 frag@161.07 frag@71.0 frag@145.04 frag@256.1 frag@118.06 frag@132.04 frag@130.07 frag@256.14 frag@146.08,0.2672153711 0.1004930586 0.03790179268 0.03363620862 0.01736720838 0.01504089125 0.01477782801 0.01234964374 0.0116061084 0.01115244161 0.01084602531 0.009557764977 0.009378265589 0.009209073149 0.00827085413 0.008212572895 0.007868536748 0.007655419875 0.007135697175 0.006788240746
89,frag@174.03 loss@232.07 loss@241.11 frag@99.07 loss@265.11 loss@254.08 frag@217.12 loss@231.03 loss@246.13 loss@293.15 frag@120.07 loss@251.08 frag@110.1 frag@196.03 loss@215.11 frag@111.01 frag@206.1 loss@181.11 frag@123.05 frag@118.08,0.08288560808 0.06885988265 0.05584298819 0.0504331477 0.04320206121 0.03179298714 0.02905535325 0.01971992105 0.01602368429 0.01564029045 0.01282667089 0.01039909385 0.009840130806 0.009508819319 0.008835474029 0.008545789868 0.007766036317 0.00753994612 0.007488665637 0.006712185219
90,frag@85.05 loss@251.11 frag@209.14 frag@297.18 frag@203.11 frag@43.04 frag@253.06 loss@200.0 frag@70.03 loss@223.11 loss@264.18 loss@221.01 frag@194.06 loss@140.03 frag@208.07 loss@266.11 loss@266.12 loss@214.0 frag@122.03 frag@381.17,0.2196661681 0.1842359304 0.02358345501 0.0191775728 0.01583805494 0.01558295451 0.007983183488 0.005726436619 0.005094470456 0.004458522424 0.004048224539 0.003422807902 0.002973416587 0.002859032713 0.002726167673 0.002701514866 0.002566319192 0.00255244039 0.00249806256 0.002494472777
91,loss@119.07 loss@245.1 frag@220.1 frag@202.05 loss@310.07 frag@199.02 frag@161.12 loss@32.04 frag@146.06 frag@147.07 frag@174.09 frag@130.06 frag@160.08 loss@344.17 frag@186.09 frag@202.12 frag@223.01 frag@158.08 frag@326.11 frag@178.05,0.1598662436 0.1004411504 0.09952371567 0.09613063186 0.0239485912 0.01295551844 0.01125415135 0.009013498202 0.005663405173 0.005013834685 0.003920638934 0.003879977856 0.003879477037 0.003826957429 0.003800680628 0.003662799019 0.003533090465 0.003357155947 0.003146362957 0.003074348206
92,frag@139.02 loss@155.04 frag@205.13 frag@111.03 loss@141.02 loss@140.03 loss@182.05 loss@156.02 frag@97.01 loss@224.07 loss@194.08 loss@181.06 loss@225.07 loss@201.11 loss@367.11 loss@304.09 loss@235.09 frag@85.01 frag@99.03 loss@167.04,0.2989516258 0.05335162207 0.02151912637 0.01470185444 0.006980306469 0.005602883175 0.004109995905 0.004068405367 0.003624479985 0.003363551572 0.002942730905 0.002840651665 0.002795017092 0.002749971347 0.002719599055 0.00266929646 0.002533253515 0.002376941964 0.00233319751 0.002286439762
93,loss@181.11 frag@67.05 frag@83.09 loss@153.12 frag@81.07 frag@178.06 loss@199.12 frag@79.05 frag@43.02 frag@57.03 frag@97.06 frag@150.13 frag@181.1 frag@173.95 frag@112.08 frag@110.1 frag@138.09 frag@154.04 loss@185.11 frag@55.05,0.2850007117 0.01700171269 0.01372049097 0.008038426749 0.007926243357 0.006315426435 0.005851708818 0.005733962171 0.00546919601 0.005461408757 0.005344950594 0.004659042228 0.004498267546 0.004455360118 0.003825679189 0.003754043952 0.003669928061 0.003492487827 0.003419453744 0.003317193594
94,loss@150.09 frag@196.11 loss@243.04 frag@312.17 frag@240.03 frag@177.11 loss@447.16 frag@123.05 frag@211.01 frag@141.07 frag@166.1 frag@130.04 loss@202.09 loss@212.11 loss@195.1 frag@239.08 loss@152.07 frag@191.08 frag@165.11 loss@203.13,0.1648285538 0.1522301435 0.04198803008 0.01167482883 0.008423644118 0.006800055038 0.005547455046 0.004744490143 0.004100865684 0.00391300628 0.003247689223 0.00320664118 0.002867500763 0.002779393923 0.002316127298 0.002304908587 0.002281617839 0.00201075105 0.002007735893 0.001970783807
95,frag@218.07 frag@187.07 loss@143.08 loss@76.04 frag@304.1 loss@141.0 loss@113.13 loss@161.12 frag@154.06 frag@168.07 frag@364.16 frag@200.99 loss@180.06 loss@134.06 loss@101.05 loss@94.04 frag@197.04 frag@148.03 loss@196.05 loss@132.03,0.1316521764 0.07813400775 0.07584254444 0.01411883812 0.007374253124 0.004171767738 0.004027813673 0.003646973288 0.003470499767 0.002816255903 0.002418534365 0.00240744045 0.002343264874 0.002287034877 0.001938784379 0.001920643612 0.001879949472 0.001853775582 0.001696212799 0.001649323502
96,frag@118.04 frag@90.05 loss@227.01 loss@49.99 loss@186.09 loss@228.08 frag@168.96 loss@188.03 loss@160.96 loss@160.97 frag@67.02 loss@138.04 frag@197.11 loss@210.01 loss@267.03 frag@377.07 loss@178.03 loss@119.05 loss@143.08 loss@443.21,0.2376948297 0.09644050151 0.01114196517 0.004505207762 0.003638882888 0.003496150253 0.002833331237 0.002765372861 0.001606486272 0.001554865157 0.001495161676 0.001376272528 0.001372573432 0.001343286945 0.001322793774 0.001308697509 0.001294075046 0.001233095303 0.00121786457 0.00121400971
97,loss@199.08 loss@288.11 loss@241.1 loss@229.13 frag@241.17 loss@188.13 frag@99.06 frag@240.12 frag@110.05 frag@125.11 frag@208.96 frag@148.08 frag@150.09 frag@204.11 frag@58.03 frag@273.06 frag@355.16 frag@201.11 frag@196.11 frag@256.1,0.09034150094 0.05593277887 0.05509025604 0.04096541554 0.0265969336 0.0198354423 0.009932004847 0.008537935093 0.008420586586 0.008406684734 0.008399460465 0.006329332013 0.006198745687 0.005906863138 0.005011473317 0.004989153706 0.004619110841 0.004150902852 0.003991105594 0.003969923593
98,loss@199.12 frag@130.97 frag@83.09 frag@84.08 frag@67.05 frag@55.02 frag@55.05 frag@138.09 frag@140.11 frag@129.1 loss@181.11 loss@171.09 frag@150.13 frag@191.11 frag@156.14 frag@67.06 frag@124.08 frag@124.11 frag@56.05 frag@69.07,0.2374587059 0.02219277993 0.017859051 0.01213272288 0.01175833959 0.00941248145 0.00891082827 0.008871585131 0.006494973786 0.00621025078 0.0059087798 0.005700756796 0.005331316032 0.005212374963 0.005064836703 0.004880503286 0.004626404494 0.004552616272 0.003880131757 0.003727013944
99,frag@170.08 loss@139.08 frag@216.08 loss@187.03 loss@157.06 loss@141.1 frag@171.06 loss@136.08 frag@267.05 loss@196.04 frag@72.0 loss@197.03 loss@92.07 frag@134.99 loss@228.94 loss@182.07 frag@144.07 loss@171.08 frag@141.04 frag@255.08,0.2003626674 0.1184406206 0.01593128778 0.01276615821 0.003702976508 0.003142935922 0.002331826137 0.002306876006 0.002253173152 0.002187669743 0.002099192934 0.001853321912 0.001617361209 0.001611335552 0.0015885795 0.001588175772 0.00155105209 0.001448273077 0.001387290657 0.001366318204
100,loss@43.02 loss@44.03 loss@15.02 loss@16.03 frag@300.06 frag@270.05 frag@316.06 frag@242.06 frag@294.08 frag@237.05 frag@286.1 loss@71.01 loss@30.05 loss@33.03 frag@329.07 loss@57.03 loss@86.04 loss@58.04 frag@315.09 frag@226.06,0.09102924913 0.05618647113 0.05454313755 0.04541973025 0.03466033563 0.02498981915 0.02375022322 0.01994591951 0.01965549774 0.01832355931 0.01404490229 0.01270987559 0.01237290725 0.01177915465 0.01086489484 0.01075500716 0.01043990348 0.009736286476 0.009579946287 0.009200608358
101,frag@268.11 loss@336.11 frag@213.96 loss@308.05 frag@136.08 loss@210.11 loss@404.22 loss@275.07 frag@143.03 frag@122.1 frag@254.07 frag@138.06 loss@338.1 frag@138.04 frag@173.11 frag@301.03 frag@174.07 loss@262.99 loss@336.14 frag@149.02,0.1498030275 0.06838040054 0.01595990546 0.01531897578 0.007125391625 0.006900072563 0.006477856543 0.006290264893 0.005960016977 0.0058060023 0.005097078159 0.004335057922 0.004187742714 0.003893987741 0.003885283601 0.003312335117 0.003057402559 0.00296702073 0.002891160548 0.002875628415
102,frag@218.1 loss@244.06 frag@150.05 loss@242.04 loss@202.03 loss@177.13 frag@206.09 frag@256.09 loss@287.17 frag@341.15 frag@205.11 loss@205.12 frag@208.13 loss@351.13 loss@174.03 loss@78.16 frag@138.08 loss@202.96 loss@154.12 loss@158.99,0.03444007784 0.02797833271 0.0235226322 0.02233454213 0.01524316892 0.01313335635 0.01273773983 0.00875400193 0.008657275699 0.008576869965 0.007993473671 0.007598423399 0.00656968262 0.006320842542 0.005726747215 0.005530780647 0.005427242722 0.005129454192 0.005037807394 0.00473026745
103,loss@181.09 loss@237.12 frag@99.06 loss@155.07 frag@98.07 frag@97.04 frag@82.03 frag@110.07 frag@123.03 frag@111.01 frag@151.06 frag@125.04 frag@110.99 frag@139.05 frag@136.05 frag@169.0 frag@367.21 frag@123.06 frag@151.05 frag@98.02,0.1734143347 0.07243850827 0.01329868287 0.01224079542 0.01214262657 0.01016400754 0.007925723679 0.007018875331 0.006962912623 0.005858595483 0.005855947733 0.005798353348 0.005454037804 0.004584445618 0.004535827786 0.004416745156 0.004371118266 0.004230238032 0.004211403895 0.003951159306
104,frag@179.0 frag@245.16 loss@254.07 loss@396.29 loss@156.04 loss@248.16 loss@298.03 loss@186.14 loss@218.01 loss@246.16 loss@291.98 loss@360.07 loss@227.07 frag@353.09 frag@358.09 loss@332.09 loss@261.06 frag@132.96 loss@267.98 frag@332.06,0.2449277788 0.02289844118 0.01217012852 0.01122404076 0.006258130539 0.00602814462 0.005528337788 0.004919544794 0.004811898805 0.00362727535 0.003544877283 0.003387408564 0.003325387836 0.003236100543 0.003162506735 0.003131523728 0.0030339933 0.002875355771 0.002785692923 0.002656374592
105,frag@134.07 frag@120.06 frag@107.06 loss@293.07 frag@108.06 frag@146.07 loss@220.17 frag@148.09 loss@192.04 loss@176.07 frag@109.08 frag@97.04 frag@161.08 loss@202.09 loss@305.16 frag@150.07 loss@177.09 loss@244.13 frag@187.1 loss@185.04,0.1293649226 0.1274800897 0.0129273776 0.01195241697 0.008667760529 0.008424586616 0.00736517366 0.007195265498 0.006557825021 0.006451958325 0.00523212133 0.005164295901 0.005054122303 0.00437862426 0.004317098297 0.00397252338 0.003783349181 0.003742098808 0.003732073121 0.003695431398
106,frag@161.1 loss@274.18 loss@288.17 frag@146.07 loss@320.16 frag@161.09 loss@206.12 loss@293.14 frag@135.08 loss@473.29 loss@174.16 frag@151.08 loss@177.11 loss@278.16 loss@268.12 loss@189.1 frag@150.09 loss@325.11 loss@324.18 loss@204.14,0.3219833672 0.08010639995 0.05269673467 0.02168182097 0.007912945934 0.005474082194 0.005163058639 0.003981327172 0.003771862714 0.003534023417 0.003420518711 0.003332668683 0.003194158431 0.002891986631 0.002839717548 0.002786312019 0.002716598567 0.002588228323 0.002525444375 0.002504791133
107,frag@190.06 loss@146.18 loss@192.96 loss@293.06 loss@325.02 frag@172.05 frag@144.04 loss@111.14 frag@116.05 loss@46.02 frag@316.13 loss@180.06 loss@197.03 loss@197.02 loss@257.02 frag@173.95 loss@119.08 loss@372.05 loss@100.99 loss@298.18,0.3064431846 0.05375525355 0.0274475906 0.01662906446 0.01468444429 0.006857165135 0.004686980043 0.003864252241 0.003706456628 0.002535055391 0.002039852086 0.002028174698 0.001819967176 0.001732039847 0.001628763624 0.001588910469 0.001566033694 0.001524134073 0.001361318864 0.001347283018
108,loss@170.14 frag@199.05 loss@144.13 frag@215.06 loss@142.15 frag@240.03 frag@273.03 frag@162.0 frag@184.08 loss@99.11 frag@143.15 loss@343.19 frag@167.07 frag@170.1 frag@167.09 frag@291.12 frag@286.12 loss@152.13 frag@167.12 frag@263.15,0.2256174684 0.1117221415 0.06291911751 0.03963764012 0.03553553671 0.01825350523 0.01057221368 0.007022304926 0.006377584301 0.005589890759 0.005533369724 0.005212597549 0.00483530201 0.004350300413 0.004237694666 0.003242443781 0.003196612932 0.003053196706 0.003005686216 0.002957002725
109,frag@101.03 loss@340.1 loss@129.03 loss@146.14 loss@281.06 frag@206.07 loss@157.03 frag@155.94 loss@204.0 frag@141.0 frag@98.03 frag@306.1 loss@209.18 frag@189.06 loss@291.13 loss@168.08 loss@253.03 frag@194.99 frag@60.06 loss@139.02,0.1402600408 0.08164723217 0.04121260718 0.01258155145 0.0112442337 0.009230808355 0.005160716362 0.005058345385 0.004569384269 0.004225098062 0.00308131869 0.003001924837 0.002812554594 0.002167579252 0.002011217643 0.001992518781 0.001941368915 0.001936446875 0.001936207875 0.001852347748
110,loss@207.07 frag@75.0 frag@188.04 frag@112.06 frag@71.0 frag@116.93 loss@318.12 loss@174.05 frag@98.99 frag@44.98 frag@367.21 frag@70.99 frag@188.11 frag@73.01 frag@200.04 loss@219.15 loss@152.07 frag@129.09 loss@300.11 frag@129.02,0.2501202524 0.1405473351 0.1094025448 0.007808450144 0.003877952462 0.003416251624 0.00318551925 0.003032969311 0.003028978594 0.002725034719 0.002670485526 0.00250429078 0.002301199362 0.002269343473 0.002265608869 0.002125837607 0.002088808687 0.002025081543 0.001992595615 0.001957369503
111,frag@93.03 loss@268.1 loss@238.05 frag@81.03 frag@111.04 frag@53.04 frag@65.04 frag@206.06 loss@144.99 frag@131.08 loss@281.05 frag@95.05 frag@236.11 frag@79.05 frag@115.03 frag@43.02 frag@59.0 frag@188.14 frag@125.06 loss@257.11,0.1409397721 0.08669188619 0.08429361135 0.01529279817 0.011626794 0.01097257994 0.009747930802 0.008711226285 0.007525674533 0.0063417661 0.006143153179 0.005262522958 0.005024436861 0.004843326751 0.004758897237 0.003850830719 0.003805268323 0.003708727192 0.003691845573 0.003637114307
112,frag@179.08 loss@260.07 loss@304.08 loss@287.97 frag@208.13 frag@322.17 frag@347.19 frag@58.03 frag@187.98 loss@172.01 frag@228.03 frag@291.12 frag@236.11 loss@210.99 frag@106.07 loss@255.01 frag@84.04 frag@140.05 frag@210.15 loss@255.07,0.1882048547 0.1248912737 0.01348371804 0.00801645685 0.005413449369 0.004095676355 0.004060592502 0.003485256573 0.003081877949 0.002588137984 0.002559455112 0.002509169281 0.00247667986 0.002448100131 0.002425306942 0.002411965746 0.002393494593 0.002392202849 0.002349884482 0.002346006455
113,loss@129.12 loss@157.11 frag@191.11 frag@83.09 frag@67.05 frag@69.07 frag@55.05 frag@102.09 frag@130.12 frag@284.05 frag@129.1 frag@154.09 frag@97.1 frag@141.02 frag@112.08 loss@187.12 frag@57.07 loss@185.11 frag@43.02 loss@230.16,0.1841415167 0.1754188985 0.04261685908 0.02704581432 0.01936908253 0.01727469824 0.01459725667 0.01410585549 0.01249108929 0.01015612856 0.009600231424 0.008557453752 0.007774010766 0.007666891441 0.006149233319 0.005974332802 0.005641274154 0.005135316402 0.005133632105 0.00479709683
114,frag@133.04 loss@200.11 frag@135.05 frag@162.07 frag@153.05 frag@130.03 frag@93.03 frag@141.03 loss@151.01 loss@248.02 loss@197.09 frag@147.05 frag@161.06 loss@272.1 loss@109.09 frag@136.06 frag@113.04 frag@216.1 loss@244.13 loss@189.07,0.2572752237 0.1560822725 0.007852592506 0.007621846162 0.006597818807 0.005649778526 0.00520468317 0.004706572741 0.004033707548 0.004032532685 0.003601987381 0.003289676039 0.00302009657 0.002957135439 0.002862303751 0.002782402793 0.002693820745 0.002650859533 0.002537598833 0.002443744335
115,frag@155.02 loss@251.06 loss@222.08 loss@237.08 loss@261.08 loss@78.57 loss@54.02 loss@193.99 loss@289.18 loss@193.13 loss@84.0 loss@354.16 frag@188.11 frag@111.03 loss@190.13 frag@184.02 loss@255.08 loss@308.07 loss@49.99 loss@95.02,0.3157494068 0.005298393313 0.005212686025 0.003682109062 0.003380068345 0.003187185153 0.002812908962 0.002299334155 0.002172393724 0.00212385715 0.002031729557 0.001983465161 0.001923475298 0.001746513066 0.001712578349 0.001613602275 0.001603604876 0.001448445604 0.001406075433 0.001365723903
116,frag@194.08 frag@193.08 frag@209.02 loss@137.01 loss@127.91 loss@205.93 loss@257.03 loss@180.99 loss@122.0 loss@136.03 loss@165.06 loss@188.97 loss@193.01 loss@179.04 loss@205.05 loss@84.0 loss@108.07 loss@132.03 loss@77.04 loss@101.05,0.1507580727 0.1319764555 0.008534272201 0.003989316057 0.003746466711 0.003678222653 0.003277868731 0.003189672716 0.0029332228 0.002876360435 0.002693625866 0.002627611859 0.002457972383 0.002370120725 0.002308295108 0.002264912939 0.002196857473 0.002120180288 0.002100226004 0.002095762175
117,frag@171.06 frag@143.06 loss@187.07 loss@159.08 frag@144.07 loss@172.06 loss@160.06 loss@155.05 frag@168.06 frag@215.09 loss@189.09 frag@220.05 frag@145.08 loss@195.05 loss@177.09 loss@176.09 loss@164.04 loss@269.06 loss@174.07 frag@171.05,0.1369276494 0.1192224994 0.05150210112 0.05065511167 0.04357787222 0.03281365335 0.01983272098 0.01453422103 0.0111787077 0.01078043785 0.008762570098 0.008004620671 0.00698637031 0.006060024723 0.005798148457 0.005579520483 0.004680674057 0.004438236821 0.003980451263 0.003656934015
118,loss@128.03 loss@172.07 frag@72.94 frag@55.02 frag@58.99 frag@54.03 frag@128.03 frag@98.01 frag@264.03 frag@44.98 frag@312.09 frag@231.11 loss@101.02 loss@115.04 frag@244.13 frag@67.04 frag@344.21 frag@134.01 frag@69.04 frag@138.01,0.155014798 0.09592676163 0.02107630484 0.01073715277 0.009481018409 0.00374069484 0.003623521188 0.003475380596 0.003324507037 0.003123691538 0.003043075558 0.002965243533 0.002950489987 0.002858156338 0.002740737982 0.002714360598 0.002678769641 0.002678268822 0.002592051402 0.002575130435
119,loss@181.07 frag@269.04 loss@153.08 frag@93.03 frag@319.07 frag@120.04 loss@209.07 frag@123.01 frag@241.11 frag@110.05 frag@161.01 frag@203.1 frag@106.07 frag@188.14 frag@106.06 frag@231.0 frag@164.02 frag@123.04 frag@56.96 frag@58.03,0.2987812757 0.06569524854 0.02552607097 0.01084006205 0.009533189237 0.006715334021 0.006339408457 0.005904066376 0.005284341983 0.004508055747 0.004305064213 0.003961822484 0.003657868598 0.00352737261 0.003483838169 0.003411523532 0.003376353532 0.003375370055 0.003331961576 0.003251916263
120,loss@221.03 loss@225.07 loss@239.08 frag@161.06 frag@208.01 frag@99.06 frag@111.03 frag@125.01 frag@124.04 loss@230.04 frag@206.06 frag@195.99 frag@140.03 frag@158.0 frag@56.05 frag@213.97 frag@318.03 frag@246.06 frag@139.03 frag@67.05,0.1248626709 0.1213944107 0.02938036434 0.007854783908 0.006275637541 0.006177715492 0.005910649896 0.005638722796 0.005310177337 0.005282406695 0.005197766703 0.004975258373 0.00486102188 0.00444809068 0.00443125423 0.004270983394 0.004007542972 0.003587042214 0.003512081224 0.003409980098
121,loss@271.1 frag@174.95 loss@255.01 frag@183.95 loss@280.11 frag@241.11 frag@163.05 loss@273.11 frag@118.03 loss@247.1 frag@218.03 frag@275.18 frag@147.0 frag@58.99 frag@235.97 frag@46.34 frag@166.0 loss@107.11 frag@271.07 frag@158.02,0.1621948481 0.1008686498 0.04279772192 0.008593279868 0.005221624393 0.004833296407 0.003696989967 0.003529553069 0.003275478026 0.003065834055 0.002929947805 0.002656088211 0.002532260725 0.002469377359 0.002324686386 0.00220546918 0.002067049965 0.002011932433 0.002011474222 0.002005370567
122,frag@223.94 frag@270.11 frag@302.17 loss@78.19 loss@240.11 frag@302.13 frag@303.09 frag@88.04 frag@118.92 loss@300.06 loss@113.03 loss@341.13 frag@75.0 loss@265.04 frag@168.1 loss@355.14 frag@198.16 loss@128.12 loss@396.13 loss@246.18,0.1061098874 0.05045136437 0.02814169787 0.02214533649 0.0111051444 0.007164730225 0.006963891909 0.006179573946 0.005820969585 0.005092591513 0.004855766892 0.004344107583 0.004210991319 0.004195688758 0.003916667774 0.00389648648 0.003692479106 0.00343010365 0.003299475648 0.00300240377
123,loss@242.09 frag@193.02 frag@281.04 loss@346.14 loss@253.12 frag@192.1 frag@220.13 frag@115.03 loss@371.13 frag@85.09 frag@165.09 frag@207.98 frag@206.0 loss@255.1 frag@220.11 frag@223.01 loss@177.08 frag@254.12 frag@331.13 frag@219.02,0.1386650503 0.1057482958 0.03994537145 0.02655598335 0.02391622216 0.01053711865 0.005284646992 0.004374529701 0.004164742772 0.003525634063 0.003193195676 0.00315019628 0.003062113421 0.002835232532 0.002750616288 0.002709390363 0.002667713678 0.002582028741 0.002493052511 0.002489689505
124,loss@304.12 frag@298.06 loss@305.01 loss@173.01 loss@187.0 loss@306.01 frag@135.05 frag@135.04 loss@304.22 frag@216.08 frag@345.12 loss@335.19 loss@312.18 loss@349.11 loss@222.03 loss@641.25 frag@133.01 frag@193.08 frag@163.04 frag@208.12,0.07907259464 0.07406766713 0.0505977273 0.04779630527 0.03417799994 0.02644756064 0.01344169956 0.01173081994 0.008535040542 0.007812536322 0.007668694481 0.00733102439 0.006401924416 0.004909689073 0.004863764159 0.004671901464 0.004547556397 0.004033732694 0.00355124427 0.003385374788
125,loss@215.08 frag@254.13 frag@264.12 loss@239.08 loss@321.11 frag@155.08 loss@251.08 frag@256.04 loss@199.05 loss@246.0 frag@156.04 frag@314.13 frag@99.07 frag@259.03 frag@198.06 loss@299.06 frag@46.34 loss@234.06 frag@210.12 frag@131.03,0.1724431515 0.09958031774 0.08214491606 0.006413657684 0.003424540628 0.003355746623 0.002989774337 0.00272499281 0.002338117221 0.002318718703 0.002296390245 0.002117944183 0.002095311647 0.002075368771 0.002062872984 0.001932159648 0.00192462164 0.001791452523 0.001760092331 0.001748222392
126,loss@139.06 frag@141.14 frag@385.13 frag@55.02 frag@124.04 frag@163.05 frag@181.04 frag@44.01 frag@138.01 frag@198.15 frag@83.09 frag@166.97 frag@106.06 frag@104.02 loss@127.08 frag@145.04 frag@235.97 frag@110.05 frag@182.03 frag@230.12,0.3708029687 0.1919793636 0.03037267923 0.01183258183 0.01048360672 0.009529401548 0.007571808062 0.006859110668 0.00423982786 0.003170772223 0.003110750578 0.002949223155 0.002907570219 0.002906910377 0.002854150487 0.002629725961 0.002627796726 0.002625220688 0.002593905898 0.002553850645
127,frag@147.05 loss@205.09 frag@106.07 loss@151.01 loss@218.03 loss@179.1 loss@228.06 loss@213.05 loss@262.12 loss@218.09 loss@173.08 loss@124.03 loss@210.05 loss@191.08 loss@267.09 frag@178.07 loss@251.09 frag@120.04 frag@129.04 frag@133.04,0.3111331463 0.01166600268 0.00616936991 0.00524905324 0.004315598402 0.004261577502 0.004132304341 0.004012478516 0.003871666268 0.003766185604 0.003669799305 0.003584202612 0.003512135008 0.003504627151 0.00348084094 0.003285675775 0.003252420574 0.003089625156 0.00302067725 0.002947455039
128,frag@137.03 loss@136.03 loss@229.03 loss@251.11 frag@95.01 loss@165.12 loss@143.06 loss@312.12 loss@240.05 frag@139.06 loss@173.13 loss@261.13 frag@344.21 loss@157.04 loss@64.03 loss@222.12 loss@328.18 loss@225.07 frag@98.02 frag@281.14,0.2823534608 0.01795417629 0.004464864731 0.004336710088 0.003947059624 0.003831952345 0.003646016354 0.003516480792 0.003352460684 0.003250603098 0.0032156487 0.003084661905 0.002983555431 0.002848422853 0.002666294342 0.002471212531 0.002401565202 0.002358945087 0.002320457483 0.002281217137
129,frag@135.04 loss@240.1 loss@195.11 frag@125.06 loss@220.11 loss@286.14 loss@237.16 loss@272.06 frag@107.05 loss@302.12 loss@284.15 loss@310.17 loss@206.09 loss@335.19 loss@312.15 loss@250.13 loss@349.11 loss@250.07 frag@162.03 loss@292.18,0.3256802857 0.03893313929 0.03629511222 0.03312081471 0.02462987415 0.02125247568 0.02008426748 0.0199654419 0.01897522435 0.01868871786 0.01753380336 0.01750651747 0.01272156183 0.01199266873 0.01086040772 0.009973430075 0.009851409122 0.009833369404 0.009411180392 0.009367115796
130,frag@207.04 frag@193.01 loss@187.08 frag@99.05 loss@241.02 loss@260.04 frag@169.13 loss@338.09 frag@181.14 loss@365.07 loss@270.08 loss@231.15 loss@361.13 frag@171.11 loss@262.17 loss@182.01 loss@278.17 frag@76.08 loss@337.15 frag@96.02,0.04692859203 0.04565858841 0.03083235957 0.03000913188 0.02315049432 0.01509316079 0.01293220837 0.01254645083 0.01221291441 0.01075089816 0.010734546 0.01050137263 0.009917017072 0.009660472162 0.009656324983 0.009411771782 0.009161094204 0.009122334421 0.009083025157 0.00636221841
131,loss@261.11 loss@232.16 loss@195.13 loss@275.12 frag@67.05 frag@138.05 frag@93.03 frag@147.08 loss@251.12 frag@123.08 loss@265.14 loss@288.15 frag@164.07 frag@108.08 frag@138.09 loss@287.11 frag@110.1 frag@114.09 frag@150.07 frag@175.11,0.06686032563 0.06082577631 0.0453908667 0.04041423276 0.03082097694 0.02547737211 0.02307812311 0.02208039165 0.02079229802 0.0203767065 0.01349998172 0.01306591276 0.01234199572 0.01173310447 0.0112292869 0.01099060569 0.01049801614 0.01006786525 0.008983660489 0.0089574866
132,loss@69.03 frag@199.08 loss@20.01 frag@184.05 loss@282.09 frag@232.14 loss@196.16 loss@180.16 loss@131.99 frag@228.1 frag@183.04 frag@298.05 frag@199.04 loss@156.16 frag@152.01 frag@327.09 frag@251.06 frag@183.03 loss@284.04 frag@264.09,0.0554843694 0.05292553082 0.04611292481 0.037630748 0.03045153059 0.02921384573 0.02554290928 0.01878026314 0.01520628296 0.0128099462 0.01136319339 0.01096432842 0.01056258846 0.009215779603 0.008107311092 0.007302946411 0.006806951482 0.0066077183 0.006354435347 0.006352290045
133,frag@124.04 loss@263.11 frag@93.03 frag@179.08 frag@82.03 frag@108.04 loss@268.09 loss@183.09 loss@221.07 loss@206.14 loss@259.09 loss@240.06 frag@109.01 loss@263.07 loss@220.17 frag@150.13 loss@180.09 loss@192.09 loss@195.09 loss@248.06,0.3308510482 0.1259109229 0.007151942234 0.007010197267 0.005947330967 0.003975886386 0.003616360482 0.003054752247 0.002871628618 0.002795487875 0.002755828667 0.002739646006 0.002713164547 0.002603639383 0.002573409118 0.002386819804 0.002220506547 0.002213655738 0.002208548831 0.002085913206
134,loss@221.06 frag@290.13 loss@330.17 frag@292.13 loss@167.01 loss@270.03 frag@188.11 frag@197.05 loss@176.03 frag@97.01 frag@218.06 frag@152.08 loss@222.15 loss@193.01 frag@166.1 frag@85.01 frag@123.0 loss@252.03 frag@127.03 frag@126.04,0.2050458342 0.0689612627 0.02540740184 0.01346690953 0.01085464284 0.009810707532 0.00800745748 0.007190456148 0.005477771629 0.005418334156 0.004926213995 0.004797856323 0.004566644784 0.004464152735 0.004358639475 0.00424071867 0.003926469944 0.003779937746 0.003390923841 0.003105973359
135,frag@149.02 loss@167.14 loss@289.13 loss@180.14 loss@350.13 frag@149.03 loss@255.06 loss@148.02 loss@165.04 loss@219.05 loss@184.18 loss@292.01 loss@206.03 loss@263.11 frag@93.03 loss@200.13 loss@294.0 loss@295.1 frag@124.02 loss@166.12,0.3644168973 0.04467862099 0.04019747302 0.03205170855 0.02176617086 0.01322938129 0.006989541929 0.00597703224 0.004289655015 0.004065075889 0.003986514639 0.003834192408 0.003829363035 0.003586115316 0.003553239163 0.003465219168 0.003421725472 0.002913957927 0.002786794677 0.002665321575
136,frag@147.06 loss@146.05 loss@174.04 loss@151.01 loss@131.03 frag@130.03 loss@78.14 loss@173.06 loss@243.14 frag@119.06 frag@308.14 frag@161.07 loss@160.01 loss@152.03 frag@129.04 frag@145.04 frag@175.05 frag@136.02 frag@173.07 loss@168.06,0.2978876829 0.1223261133 0.06877518445 0.0250384938 0.01203514915 0.006675279699 0.006150526926 0.005750561599 0.00369986007 0.003636354115 0.003602472134 0.003567594104 0.003483344102 0.00299674971 0.002988193417 0.002783148084 0.002675478579 0.002673239447 0.002656941069 0.002591459546
137,loss@111.07 loss@111.06 frag@229.06 frag@167.07 frag@144.06 frag@220.11 frag@338.14 frag@281.06 frag@164.02 loss@128.09 frag@179.05 frag@183.09 frag@185.08 frag@188.08 frag@137.03 frag@280.14 frag@154.06 frag@175.06 frag@156.98 loss@231.0,0.1977382302 0.05205057561 0.009526253678 0.008975660428 0.005251395516 0.004836403299 0.004508502781 0.003677108791 0.003268769942 0.003242908278 0.003170152893 0.003146783449 0.003124308074 0.002844160423 0.00283002737 0.002774863737 0.002759187715 0.002728044987 0.002619221341 0.002612222685
138,loss@165.04 loss@186.08 loss@143.07 loss@163.04 frag@200.08 frag@55.04 frag@150.04 frag@149.03 frag@240.08 frag@152.02 frag@149.02 frag@299.07 frag@325.06 frag@125.99 frag@158.1 frag@158.06 frag@143.07 frag@171.99 frag@131.07 frag@122.04,0.1598368138 0.09279272705 0.07277400047 0.02465943433 0.01756177656 0.01049753185 0.008844906464 0.008512165397 0.008410736918 0.007885773666 0.007434794214 0.007380486 0.006545527373 0.006200836971 0.005844336003 0.00583367236 0.00575919915 0.005477218889 0.005311986431 0.004181003198
139,frag@203.06 loss@103.03 frag@217.08 frag@214.04 frag@231.06 loss@76.02 loss@75.03 frag@231.1 loss@259.07 loss@104.04 loss@137.01 frag@156.07 loss@165.98 loss@224.99 loss@62.96 loss@164.09 loss@59.04 frag@213.1 frag@205.08 loss@295.08,0.1934336275 0.1920159459 0.1106743813 0.01899283938 0.007335501257 0.006797373295 0.005937879905 0.004427870736 0.003623414785 0.003567654174 0.003439110238 0.002895256039 0.002894570353 0.002840110101 0.002439313335 0.002268206328 0.002237647772 0.002194426954 0.002015544567 0.001984238159
140,loss@198.12 frag@171.01 loss@309.06 frag@139.02 frag@150.09 frag@146.07 frag@95.07 frag@69.04 frag@174.03 frag@56.96 frag@135.08 frag@86.99 frag@106.07 frag@231.12 frag@190.1 loss@192.09 frag@161.09 frag@187.12 frag@55.02 frag@160.07,0.1308807433 0.04048022255 0.03693713993 0.007528178394 0.003845970845 0.003718356369 0.003350638784 0.003196724923 0.002966565546 0.002736565424 0.002685170621 0.002594170393 0.002553589875 0.002469455358 0.002256056061 0.00221301592 0.001986406278 0.00185869378 0.001808224013 0.001786474371
141,frag@218.09 loss@89.06 loss@187.05 loss@223.0 loss@308.14 loss@205.06 frag@201.04 loss@188.07 frag@98.02 loss@97.1 frag@238.13 frag@219.13 frag@279.09 frag@309.09 frag@184.14 frag@338.14 frag@84.05 frag@114.04 loss@399.2 frag@200.06,0.1867861003 0.09958983213 0.09355001897 0.04367890209 0.007024064194 0.004583111964 0.004478433169 0.003915995359 0.003188914852 0.002866524272 0.002504218603 0.002108026529 0.001925895456 0.001875282382 0.001841184683 0.001835923526 0.001833309652 0.001753443386 0.001691542333 0.001683695009
142,frag@192.03 loss@253.04 frag@210.04 loss@135.11 frag@186.99 loss@128.03 loss@227.0 loss@281.03 loss@144.03 loss@259.05 frag@182.94 frag@170.98 frag@177.01 loss@203.95 frag@108.07 frag@194.97 loss@254.01 frag@187.98 loss@211.0 frag@172.97,0.1577260941 0.1045771539 0.05208035186 0.05079239234 0.03742577508 0.02362946793 0.007447328418 0.006622707006 0.006118732505 0.004093258176 0.003478771308 0.003385623218 0.003285408719 0.003282472724 0.003158147447 0.003034256864 0.002849067561 0.002635817276 0.002580460627 0.00240946305
143,frag@85.01 frag@113.01 loss@282.07 frag@141.0 loss@293.1 frag@160.97 loss@194.06 loss@271.05 loss@312.1 frag@114.04 loss@194.04 loss@280.09 frag@279.09 loss@236.17 frag@44.98 loss@208.01 loss@218.02 loss@264.09 frag@57.99 loss@243.07,0.1405087411 0.1189696938 0.09303440154 0.06860811263 0.02675532363 0.006281557959 0.005544659216 0.00509227626 0.004559042398 0.004294229671 0.004117596895 0.003656314453 0.002928450704 0.002927521477 0.00290217041 0.002861321904 0.002791114384 0.002781838644 0.0027058376 0.002638256643
144,loss@161.05 frag@256.96 frag@383.12 frag@162.05 frag@105.04 frag@144.06 frag@104.05 frag@51.02 frag@168.08 frag@196.05 frag@150.04 frag@81.02 frag@199.12 frag@134.06 frag@158.04 frag@231.12 loss@120.06 frag@188.08 frag@186.06 frag@105.06,0.3169526756 0.05287110433 0.01130924653 0.008329738863 0.005478158593 0.005195480306 0.005018736701 0.004371465184 0.004266894888 0.004243669566 0.004234929103 0.00417000195 0.004036858678 0.003866621992 0.003799137892 0.003656678135 0.003458453575 0.003294819733 0.003277831245 0.003247350221
145,loss@144.04 loss@124.02 frag@203.02 frag@217.08 frag@160.02 frag@204.96 frag@216.08 loss@153.0 frag@174.05 frag@303.09 frag@312.16 frag@250.11 frag@246.08 frag@198.16 frag@154.01 frag@190.08 loss@196.04 frag@344.21 loss@116.01 frag@302.08,0.2107284665 0.066756621 0.009908056818 0.008575735614 0.007071120199 0.006109147798 0.005952274427 0.005531341303 0.005475488957 0.004945403896 0.004229778424 0.003466688329 0.00344390003 0.003129994497 0.003020138713 0.002880323678 0.002748797182 0.002625282388 0.002499471419 0.00241192081
146,frag@69.04 frag@114.07 loss@236.08 frag@42.03 loss@113.01 loss@248.02 loss@153.05 frag@140.08 loss@300.05 loss@105.04 frag@68.05 loss@241.15 loss@125.05 frag@99.06 loss@180.02 loss@202.02 frag@164.11 loss@168.09 loss@164.06 loss@214.12,0.2761250138 0.01510997675 0.01359124389 0.01126228459 0.009220296517 0.006802933291 0.005533354357 0.004863578826 0.004654707853 0.003997810185 0.003583200276 0.003576000454 0.003397006076 0.003382668598 0.003352238564 0.003127999138 0.003058378585 0.00299256295 0.002875467995 0.002761468524
147,loss@149.08 loss@121.09 frag@329.12 frag@133.06 loss@177.08 frag@122.1 frag@318.05 frag@148.11 frag@308.14 frag@281.14 frag@207.98 frag@147.07 frag@135.08 frag@148.08 frag@141.08 frag@105.08 frag@178.09 frag@348.15 frag@105.07 frag@240.12,0.2771494091 0.07143442333 0.04947696626 0.03625153378 0.03163547441 0.03137461096 0.03082756884 0.01585471071 0.01506460272 0.0145402085 0.01371741854 0.01321074739 0.01292637363 0.01287098229 0.01153993886 0.01097640488 0.01041438617 0.009331789799 0.008459127508 0.008070286363
148,frag@202.07 loss@243.16 frag@299.15 frag@211.12 loss@164.11 frag@195.08 loss@145.09 loss@243.12 loss@286.04 loss@147.06 loss@253.96 frag@321.09 frag@275.19 frag@323.18 loss@182.17 loss@138.09 frag@175.05 loss@139.1 frag@157.03 loss@168.07,0.1894106269 0.08746496588 0.005769751966 0.00457509188 0.002798001748 0.002675520955 0.002540245419 0.002347766189 0.002020043321 0.001988268457 0.001732016797 0.001610847889 0.001580407727 0.00154233654 0.001398068736 0.001395887113 0.001389557146 0.001344624907 0.001336376881 0.001328421058
149,loss@199.11 frag@133.06 frag@211.01 frag@105.08 frag@110.02 frag@101.02 frag@332.06 frag@105.07 frag@162.03 frag@259.04 frag@261.17 frag@281.14 frag@231.12 frag@166.09 frag@161.06 frag@211.02 frag@244.13 frag@179.12 frag@79.05 frag@190.05,0.2846880853 0.004629600327 0.003461074783 0.003306553233 0.003291454632 0.003092461498 0.002692533191 0.002487423364 0.002470531035 0.002401089761 0.002336537233 0.002179072006 0.002136262134 0.002131463028 0.002096841577 0.00209286483 0.002083032159 0.002037781524 0.001850053901 0.001847940381
150,loss@244.08 loss@186.07 loss@94.05 frag@280.09 frag@258.1 frag@283.05 frag@344.17 loss@216.08 frag@130.03 loss@320.1 frag@218.06 loss@59.05 frag@143.12 frag@224.04 loss@113.06 loss@272.08 loss@106.04 frag@281.1 frag@268.09 frag@140.05,0.1243489608 0.07061000913 0.04295950755 0.03993918747 0.02541090734 0.01414053608 0.01376342867 0.006239048205 0.006161899772 0.006128938403 0.005375717301 0.004719889257 0.004528681748 0.004202335142 0.004083002452 0.003319153562 0.003145293798 0.002957802033 0.00294229784 0.002939819591
151,loss@78.05 frag@194.99 frag@169.04 frag@209.02 loss@218.13 frag@400.18 frag@225.1 frag@46.34 loss@292.04 loss@203.0 frag@214.13 frag@208.1 frag@181.08 frag@235.12 frag@208.11 frag@292.08 frag@235.09 loss@100.13 frag@203.09 frag@174.02,0.2424210757 0.100779362 0.005058882758 0.001985226525 0.00177515985 0.001671695267 0.001589537715 0.001575870323 0.001509987749 0.001490576658 0.001472001313 0.001423993846 0.001349781756 0.001317774295 0.001307357335 0.0012798846 0.001237376127 0.00121360214 0.001209379989 0.001206504647
152,loss@165.08 frag@256.14 loss@220.09 frag@119.06 frag@145.04 frag@166.09 frag@163.02 frag@207.98 frag@187.12 frag@134.02 frag@180.1 frag@46.24 frag@302.22 loss@193.07 frag@133.08 frag@282.12 frag@140.02 frag@309.16 loss@179.09 frag@158.07,0.2892539203 0.1256725788 0.06690889597 0.01439672243 0.01393834036 0.01320407074 0.01075199526 0.01050539967 0.009977312759 0.009890015237 0.007364080753 0.006557230372 0.006443557329 0.006119109225 0.005888652522 0.005397350062 0.004926261492 0.00452433154 0.004509406164 0.004189241678
153,frag@146.06 frag@132.08 frag@118.06 loss@190.11 frag@130.06 loss@218.11 frag@146.1 loss@204.09 loss@229.09 frag@117.06 loss@188.06 frag@132.04 loss@201.1 loss@202.07 loss@200.1 frag@128.05 loss@201.09 frag@145.09 loss@230.11 loss@176.1,0.0859125033 0.07306069881 0.05283807218 0.02515738271 0.02505832165 0.01782466471 0.01631406695 0.01586556435 0.01555190142 0.01385114249 0.01282964088 0.01273306552 0.01236373931 0.01231430471 0.01121437736 0.01088473853 0.01042214222 0.01021687314 0.01001390349 0.008944957517
154,loss@223.08 loss@192.04 frag@80.06 frag@97.01 frag@78.05 frag@67.02 frag@141.01 frag@125.08 frag@131.03 frag@199.01 frag@149.04 frag@209.03 loss@181.06 frag@118.04 frag@165.05 frag@162.06 frag@223.01 frag@116.03 frag@170.12 frag@121.03,0.2017336637 0.1298434883 0.02699911222 0.01496605761 0.006782143842 0.006448827218 0.006067392416 0.006056861486 0.005874782801 0.005754350219 0.005345678888 0.004859141074 0.004753404297 0.004612913355 0.004259665497 0.00416950509 0.004124868661 0.003894635476 0.003644518787 0.003594747512
155,loss@108.06 frag@216.1 frag@188.11 frag@340.13 frag@196.05 frag@225.14 frag@253.1 frag@98.04 loss@225.13 frag@229.13 frag@295.14 frag@116.01 frag@186.09 frag@391.17 frag@224.97 frag@186.06 loss@136.05 loss@157.08 frag@241.1 frag@256.06,0.2225646526 0.1130585968 0.0649876222 0.005261377431 0.003818605328 0.003695516614 0.003469319548 0.003115079831 0.003053235821 0.002520854119 0.002282378729 0.002075628843 0.002017726889 0.002008240437 0.00200414611 0.001989420503 0.001945389085 0.001827544067 0.001802486484 0.001722931047
156,loss@101.05 loss@129.04 loss@128.06 frag@270.12 frag@309.14 frag@104.01 loss@116.06 frag@67.04 frag@107.03 frag@221.07 frag@58.99 frag@54.03 frag@179.05 frag@206.08 frag@216.02 frag@205.06 frag@224.01 loss@102.03 frag@261.97 loss@143.06,0.1232459769 0.1007229015 0.06356301159 0.02969066985 0.01997561194 0.01381502394 0.01198912039 0.01080351323 0.008193119429 0.007604052313 0.007514862809 0.006883712951 0.006065795664 0.005469390657 0.005270116497 0.004935648758 0.004521273542 0.00383328693 0.003601220669 0.003303146688
157,frag@145.04 frag@144.06 frag@172.05 frag@117.04 loss@56.0 frag@90.03 frag@163.05 loss@82.02 loss@231.09 loss@202.12 loss@98.01 loss@106.02 loss@208.01 loss@46.02 loss@114.04 loss@95.0 loss@161.07 loss@124.03 frag@119.06 loss@86.01,0.1075236499 0.1049202383 0.07656965405 0.04924669862 0.01311829034 0.008453745395 0.007477249019 0.005937910173 0.005503497086 0.00519378297 0.004494859371 0.004472570494 0.004452937748 0.00445130514 0.004360461608 0.004327788949 0.004104817286 0.004039182328 0.004010562785 0.003768078517
158,frag@125.02 frag@153.01 loss@311.06 loss@313.11 loss@354.17 loss@152.0 loss@297.03 loss@216.08 loss@178.02 frag@139.03 loss@298.18 loss@354.1 loss@226.09 loss@214.01 loss@224.03 loss@362.09 loss@251.01 loss@197.05 frag@228.11 loss@216.09,0.3216201961 0.05452835187 0.02859413251 0.02606055513 0.01634601317 0.01193617657 0.009201318026 0.004325615708 0.004019328393 0.004013733938 0.003788540373 0.003578140866 0.002853333019 0.00270073954 0.002431553788 0.002199607203 0.00204644911 0.002041498898 0.002001218265 0.001953919884
159,frag@126.04 frag@99.03 loss@204.05 loss@264.08 loss@201.01 loss@153.02 frag@85.01 loss@138.11 loss@125.03 loss@151.01 frag@93.06 loss@162.01 frag@114.04 frag@92.05 loss@299.1 loss@270.03 frag@97.01 frag@44.98 loss@140.03 loss@203.04,0.2398100942 0.1101259142 0.06753506511 0.04910418019 0.04764658585 0.0307795275 0.02402334474 0.01281268243 0.01247881074 0.008473464288 0.006708101369 0.005216692574 0.004782469478 0.004329927266 0.00418739859 0.004143463913 0.004007813521 0.003925014753 0.003630149178 0.003503671149
160,frag@208.02 loss@117.09 loss@135.09 frag@190.02 frag@141.04 frag@448.16 frag@191.06 frag@175.11 frag@298.16 frag@216.14 frag@268.1 loss@182.09 frag@143.04 loss@208.06 frag@206.07 frag@193.09 loss@144.07 frag@214.04 loss@80.21 frag@156.02,0.1777721494 0.1176177114 0.0955907926 0.01261584368 0.006020284258 0.005017773714 0.004452831112 0.003974348307 0.00385494763 0.003036383074 0.002860038076 0.00272355671 0.002723260783 0.002701990772 0.002478279406 0.002268994227 0.002150132321 0.00211458141 0.002085348591 0.002047762508
161,loss@206.02 frag@107.02 loss@271.06 frag@123.0 frag@79.03 frag@127.03 loss@141.04 frag@178.07 loss@183.0 frag@383.06 loss@152.0 frag@147.05 frag@54.03 frag@44.98 frag@207.04 frag@190.04 frag@83.03 frag@153.01 frag@93.03 frag@85.01,0.1655559391 0.08638806641 0.02939119749 0.01011477131 0.006843621843 0.005462898407 0.003972450271 0.003710069228 0.003697878448 0.003628012491 0.003542205086 0.003429278964 0.003348328872 0.003221836407 0.003120516893 0.003113375278 0.003048297251 0.002976062242 0.002903935499 0.002565946896
162,loss@299.14 loss@164.02 frag@323.06 frag@287.11 frag@218.15 loss@314.16 frag@179.12 frag@206.08 frag@198.06 frag@286.12 frag@186.07 frag@129.1 frag@193.07 frag@344.21 loss@196.04 loss@242.03 frag@141.08 frag@182.07 loss@287.09 frag@99.09,0.1494243294 0.04138602689 0.015375413 0.01045310684 0.007489852142 0.007032149471 0.005317968316 0.005315245595 0.005023099948 0.004926336929 0.004840280395 0.004775069654 0.003370649181 0.003369940212 0.00322446879 0.002803471405 0.002620928921 0.002574375831 0.002301547909 0.002289907541
163,frag@194.09 loss@247.03 loss@179.12 loss@259.05 frag@151.06 frag@122.1 frag@136.08 loss@148.05 frag@207.98 loss@300.13 loss@227.06 frag@218.14 loss@156.04 frag@159.11 loss@266.08 loss@274.04 frag@264.05 loss@212.11 loss@247.1 frag@51.03,0.2966406345 0.1154609546 0.1126592383 0.01321865804 0.007401584182 0.006568377838 0.004624726251 0.004151749425 0.004117885605 0.004031267017 0.003936919849 0.003833219409 0.002811221406 0.002770983148 0.002590953605 0.002585584996 0.002455856418 0.002445474034 0.002429665765 0.002356450772
164,loss@149.06 frag@265.05 frag@167.03 frag@187.06 frag@299.07 frag@123.01 frag@218.09 frag@384.2 frag@193.09 loss@178.12 frag@189.0 frag@218.06 frag@303.1 frag@120.02 frag@269.09 frag@134.07 frag@160.04 frag@292.13 frag@178.1 frag@209.06,0.2539538145 0.03414168954 0.0103189759 0.006218262482 0.005663766526 0.005247157533 0.005242250394 0.005007367115 0.004396901466 0.00436598435 0.003850617446 0.003830619156 0.003536011092 0.003180933883 0.003101721639 0.002931344556 0.002656392287 0.002628121059 0.002434838563 0.002382150153
165,frag@74.93 frag@142.02 loss@169.04 loss@233.04 frag@314.13 loss@202.0 loss@164.03 loss@231.09 frag@83.02 frag@147.09 frag@221.09 frag@319.12 loss@345.97 frag@146.08 loss@196.06 frag@176.05 loss@234.2 frag@216.09 loss@131.1 loss@282.02,0.1276209503 0.11053662 0.09905276448 0.0404009223 0.004407560453 0.003527206602 0.003437505569 0.003193861339 0.003106894903 0.002948414534 0.002759417752 0.002489932347 0.00242133229 0.002405207371 0.002339615719 0.002277922584 0.002112331567 0.002111870563 0.002069360577 0.002065697219
166,loss@198.04 loss@197.03 loss@183.01 frag@147.03 frag@58.99 frag@73.01 frag@70.99 frag@86.01 frag@172.04 frag@116.03 frag@144.07 loss@187.03 frag@88.02 frag@46.34 frag@190.06 frag@44.98 frag@98.01 frag@114.04 frag@192.01 frag@174.04,0.114451699 0.08495680988 0.0777875632 0.006757376716 0.005333153997 0.005255573895 0.005177778658 0.004973758943 0.004704201128 0.004630096722 0.004433100577 0.004394008312 0.004124842118 0.004064336419 0.003699219553 0.003581019118 0.003451401135 0.003324337536 0.003290916793 0.003137574298
167,frag@235.09 loss@196.04 loss@154.05 frag@304.16 frag@144.07 frag@270.11 loss@235.05 frag@158.0 frag@391.17 frag@248.08 frag@198.16 frag@305.13 loss@221.98 frag@180.08 loss@0.04 frag@342.1 loss@1.01 frag@310.11 frag@87.03 frag@170.1,0.1914427876 0.1879445016 0.05701175332 0.007399333641 0.003493644297 0.002432015957 0.002340999898 0.002313534729 0.001993909478 0.001978763612 0.00196047104 0.001762112719 0.001747224247 0.001654161722 0.001533077098 0.001518009929 0.001409049379 0.001406839583 0.001402479829 0.001390942722
168,frag@109.03 frag@169.05 loss@224.01 frag@81.03 frag@176.98 loss@308.12 frag@127.04 frag@93.03 frag@53.04 loss@216.09 loss@313.1 frag@99.04 frag@124.06 loss@425.06 loss@267.99 loss@248.06 loss@314.09 loss@292.03 loss@355.15 loss@256.97,0.2835709155 0.05642646551 0.03945342079 0.00777906226 0.006881368812 0.003010917222 0.00293962541 0.002713344758 0.002695396775 0.002609249204 0.002343098633 0.002296124585 0.002284365473 0.002114850795 0.002069720533 0.002032765653 0.001993427519 0.001931302249 0.001926913392 0.001847648993
169,loss@57.07 frag@270.07 frag@324.12 frag@217.04 loss@122.0 loss@95.99 frag@258.1 loss@113.13 loss@161.02 loss@67.04 loss@176.11 frag@216.08 frag@195.09 loss@60.04 frag@288.08 frag@143.05 loss@34.97 frag@189.07 frag@281.09 frag@261.03,0.06687997282 0.05428155512 0.05141813308 0.01405554172 0.01037782989 0.009862266481 0.009474163875 0.006685251836 0.005204123911 0.004345447291 0.004326461349 0.003954878543 0.003768651979 0.003324011806 0.003051459789 0.003029515734 0.002757140668 0.002752401168 0.002609256888 0.002516403096
170,loss@249.14 loss@214.99 frag@148.05 loss@306.17 loss@333.07 frag@87.06 frag@176.98 loss@275.19 frag@175.11 frag@342.03 frag@372.12 frag@180.04 frag@129.1 frag@73.06 frag@190.12 frag@240.03 frag@149.1 frag@138.09 frag@85.08 frag@156.14,0.1950074434 0.05593528971 0.009624350816 0.009044469334 0.008833691478 0.008280867711 0.006395367905 0.006241380703 0.00618792465 0.005882501602 0.005626378581 0.005582101177 0.005525123794 0.005352580454 0.004357481375 0.003867384978 0.003836370073 0.003735852195 0.003670961363 0.003661412746
171,frag@220.11 frag@254.12 frag@337.15 frag@347.15 loss@280.03 frag@232.13 frag@203.1 frag@208.11 loss@155.1 loss@209.1 frag@188.14 frag@112.99 loss@282.14 loss@218.07 frag@210.13 loss@290.1 frag@177.11 loss@190.15 loss@350.1 loss@150.09,0.1527719796 0.03785356879 0.01436028536 0.01268998999 0.007423470262 0.005540096201 0.003109731246 0.003061417257 0.002888704184 0.002599976258 0.002507503843 0.002454838483 0.002438431373 0.002410440007 0.00233955658 0.002335632453 0.00228030351 0.002212525113 0.002190427156 0.002151990309
172,loss@251.07 loss@243.06 frag@245.13 frag@241.02 loss@231.02 frag@265.11 frag@99.1 frag@199.01 frag@208.04 frag@122.06 frag@245.09 frag@192.07 frag@227.04 loss@236.94 frag@210.15 loss@199.95 frag@141.0 frag@106.04 frag@323.11 frag@270.04,0.1727611721 0.09420734644 0.06578962505 0.0406710729 0.005751364399 0.004907393362 0.004594068974 0.004245429765 0.003873064648 0.003772367723 0.00344326091 0.00298465509 0.002950977534 0.002848959994 0.002603848465 0.002591512864 0.002570542274 0.00248827762 0.002424291568 0.002378716832
173,frag@211.98 frag@125.05 frag@180.1 frag@214.07 loss@314.1 frag@164.02 frag@123.01 frag@132.06 frag@346.04 frag@231.12 frag@256.05 frag@318.05 frag@192.01 frag@101.95 frag@175.06 frag@45.24 frag@139.02 frag@187.98 frag@259.14 frag@332.06,0.001459548716 0.001411134959 0.001391519327 0.001299945521 0.001284998027 0.001209123875 0.001170241158 0.001097553992 0.001077952678 0.001077493536 0.001073871623 0.001068111742 0.001032944885 0.001008748077 0.0009977492737 0.0009610982961 0.0009401944699 0.0009396060486 0.0009282241226 0.0009177059401
174,loss@141.12 frag@83.09 frag@142.12 frag@202.92 loss@166.15 loss@156.14 loss@169.11 frag@196.0 loss@283.02 frag@87.04 frag@69.07 frag@247.13 frag@208.04 frag@59.05 frag@189.07 frag@97.1 frag@183.95 loss@230.16 frag@232.13 frag@178.08,0.2810085714 0.02970163338 0.02354582399 0.01923599653 0.01821749099 0.01583521068 0.01381423138 0.01246066485 0.01077833492 0.006449313369 0.005904697813 0.005631062668 0.005597142968 0.005540949758 0.005391322076 0.00516338367 0.004457884468 0.004440039862 0.004419960547 0.003529307898
175,loss@182.05 frag@259.04 loss@148.01 frag@447.13 frag@273.09 frag@56.96 loss@240.04 frag@385.13 frag@144.96 frag@194.08 frag@135.03 frag@163.03 frag@272.04 frag@144.06 frag@225.1 frag@168.08 loss@154.05 frag@197.97 frag@205.13 frag@218.14,0.2153086215 0.03005304188 0.01557538938 0.01278139465 0.01261433866 0.006453424692 0.005900668446 0.005594571121 0.005404416472 0.004968865775 0.004855264444 0.003908054903 0.003764928086 0.003719979431 0.003535517259 0.003311207751 0.003204298671 0.003175424878 0.003163763322 0.003160688793
176,loss@189.0 loss@288.09 frag@335.17 loss@125.09 frag@161.09 frag@239.12 frag@190.05 loss@107.08 frag@190.12 frag@172.08 frag@159.08 frag@308.0 frag@47.23 frag@143.09 frag@151.07 loss@68.04 frag@104.06 frag@309.1 loss@200.19 frag@223.05,0.1335308254 0.1164879873 0.02909926698 0.01444552746 0.01164067164 0.007324769627 0.006028165109 0.005173654761 0.004989823792 0.004367469344 0.004137129523 0.003717176151 0.003650817787 0.003438866464 0.003436401254 0.003329549218 0.003240660531 0.00305259414 0.002998190932 0.002951690461
177,loss@179.03 frag@183.0 loss@115.01 frag@344.11 loss@214.01 frag@230.07 frag@274.01 frag@125.02 loss@354.17 frag@158.02 frag@160.02 frag@212.07 frag@194.97 frag@202.04 frag@157.06 frag@246.08 loss@69.06 frag@124.06 frag@65.0 frag@167.02,0.1652984172 0.08688370883 0.06629745662 0.02735818364 0.02195098251 0.01206444949 0.01131331269 0.00710966019 0.004671281204 0.004321314394 0.003780102124 0.003651060862 0.003532740753 0.003328230232 0.003037582617 0.002921039239 0.002885038964 0.002671101596 0.002654287731 0.002646041801
178,loss@147.03 frag@286.09 loss@90.02 loss@112.04 frag@195.99 frag@252.15 frag@63.02 frag@238.08 frag@72.98 frag@44.98 frag@107.03 frag@178.06 frag@98.04 loss@82.02 frag@218.04 frag@150.04 frag@160.02 frag@225.1 loss@55.01 frag@233.07,0.1491470784 0.04794142768 0.03517825902 0.03359550983 0.02986764908 0.02022806928 0.01286408398 0.01271812432 0.01206739713 0.008244712837 0.007023929618 0.00652721012 0.004576256499 0.004255540203 0.004235355649 0.004216844216 0.004211190157 0.003986561205 0.003809432033 0.003708631732
179,loss@129.09 frag@220.99 frag@312.09 loss@172.07 frag@113.07 frag@308.14 frag@113.04 frag@147.09 frag@317.11 frag@259.14 frag@142.04 frag@150.01 frag@180.1 frag@329.11 frag@250.07 frag@148.04 frag@130.04 frag@178.01 frag@89.07 frag@159.11,0.1945354044 0.008470098488 0.006082384847 0.00566354394 0.005177645478 0.004323491827 0.004157621879 0.003713684157 0.00314684771 0.003130598459 0.002797317225 0.002577116713 0.002511695027 0.002405310748 0.002299518092 0.002261258196 0.002186012222 0.002119474346 0.002111230278 0.002107720822
180,frag@201.08 loss@182.1 frag@183.11 loss@382.11 frag@328.14 frag@267.05 loss@304.08 frag@235.97 frag@347.19 loss@176.09 loss@151.1 loss@189.01 frag@212.08 frag@417.15 loss@60.08 frag@136.04 frag@166.08 frag@146.03 loss@204.06 loss@486.11,0.205723986 0.1423922628 0.04599525407 0.04484872147 0.0181794893 0.01289849915 0.005260949954 0.002502415795 0.002447179984 0.002304764464 0.002284053015 0.002068453701 0.001888710773 0.001653586514 0.001512424322 0.001496671583 0.001479914994 0.001429413562 0.001404627576 0.001390343881
181,frag@162.08 loss@161.07 frag@188.09 loss@294.11 frag@216.12 loss@212.11 loss@220.02 frag@291.17 frag@135.07 loss@204.11 loss@201.13 loss@130.09 loss@171.14 loss@164.11 frag@150.08 frag@121.05 frag@148.09 loss@267.15 frag@147.07 frag@202.11,0.1821327955 0.1072695106 0.09961415827 0.02348317951 0.01014588214 0.009775120765 0.008244707249 0.006683436222 0.005438987166 0.005317863077 0.005123624112 0.00421051681 0.003719964065 0.003525005654 0.00348571362 0.003342612181 0.003029172774 0.00298136007 0.002947977511 0.002732893452
182,frag@97.03 frag@71.05 frag@85.03 loss@833.44 frag@69.03 frag@99.04 frag@73.03 loss@805.41 frag@61.03 frag@83.05 loss@720.36 loss@445.16 frag@111.04 frag@57.03 loss@161.14 loss@744.25 loss@434.14 frag@279.11 frag@127.04 frag@129.05,0.05819304287 0.05352075025 0.04736180604 0.03719656169 0.02536395565 0.02151572332 0.02090546861 0.01792150363 0.01673728228 0.01588874497 0.01477373205 0.0142785972 0.01335740462 0.01090451144 0.009772871621 0.009328985587 0.00924864877 0.008663831279 0.008128025569 0.00805905275
183,frag@95.05 frag@79.05 frag@77.04 loss@195.09 loss@233.08 loss@221.07 loss@183.09 frag@65.04 frag@105.04 loss@221.1 loss@245.11 loss@240.09 frag@53.04 frag@125.06 loss@244.12 loss@194.06 loss@240.15 loss@257.11 loss@243.15 loss@295.03,0.1797599941 0.09597500414 0.05456274375 0.02330941893 0.02076697163 0.02065236121 0.02037175 0.01971392147 0.01894697919 0.0189138446 0.01504428405 0.01422762033 0.01416015998 0.0132374838 0.01310312375 0.0128950458 0.01279102359 0.01075495593 0.01006539632 0.00998865813
184,loss@112.05 frag@91.04 frag@46.06 frag@43.02 frag@199.01 frag@97.06 frag@205.06 frag@181.04 frag@85.06 frag@113.06 frag@156.1 frag@44.01 frag@67.05 frag@53.0 loss@293.03 loss@182.06 frag@59.0 frag@109.03 frag@45.03 frag@122.01,0.2912986577 0.05344687775 0.02806075662 0.02368519641 0.01988128014 0.009595135227 0.007769102231 0.006539495662 0.006441100966 0.006224704441 0.005754018202 0.00562992692 0.005497703329 0.005190928467 0.004964435007 0.004127938766 0.003808687208 0.003807107685 0.003804639447 0.003803358879
185,loss@169.06 loss@155.03 loss@146.03 frag@258.09 loss@130.99 loss@1.01 frag@270.11 frag@285.13 frag@102.03 frag@156.01 frag@305.14 frag@297.09 frag@163.03 frag@160.02 frag@207.1 loss@154.04 frag@108.02 frag@206.08 frag@209.02 frag@368.13,0.1217676848 0.04549210146 0.04159556702 0.0356429182 0.02100738883 0.01050651912 0.0102665117 0.009095993824 0.00742697157 0.006807100493 0.006158297416 0.00587191619 0.004662958905 0.004127266351 0.003891098779 0.003714400344 0.002898734063 0.002827148885 0.002744675614 0.002631558571
186,frag@159.07 loss@85.1 loss@111.04 loss@113.13 loss@57.07 loss@176.11 loss@182.03 loss@79.01 frag@173.08 loss@97.02 loss@95.04 frag@187.06 loss@131.1 frag@174.09 frag@145.06 frag@155.06 frag@129.04 loss@72.02 loss@129.99 frag@187.1,0.3169482946 0.05200527608 0.04394444451 0.04004886374 0.007033274043 0.006621995941 0.004807394929 0.004629979376 0.004508781247 0.004345157649 0.004268427379 0.004245857708 0.004053884186 0.003858067794 0.003802178893 0.003728444222 0.003638616996 0.003550016321 0.003380602691 0.003201561747
187,loss@180.06 frag@106.07 frag@256.05 frag@178.06 frag@98.03 frag@144.06 frag@181.04 frag@206.06 frag@71.0 frag@160.05 frag@126.06 frag@270.11 frag@139.03 frag@167.99 frag@123.0 frag@180.04 frag@314.13 frag@147.05 frag@182.95 frag@114.04,0.2338241786 0.005453422666 0.004870579578 0.004696434364 0.004322224297 0.003862397047 0.003839802695 0.003194829449 0.003078299575 0.002680621343 0.00243781833 0.002388243563 0.00234677433 0.002163314726 0.00214559352 0.002133277478 0.002075332915 0.002036870923 0.001996956067 0.001838135417
188,loss@121.05 loss@111.05 loss@76.03 frag@167.99 frag@343.13 frag@297.07 frag@323.11 frag@378.1 frag@358.09 loss@138.03 frag@178.06 frag@187.06 frag@204.08 frag@120.02 frag@204.96 loss@139.04 frag@110.01 frag@143.05 frag@150.01 frag@193.08,0.2084858418 0.05405924842 0.05248243734 0.04460516199 0.02231015265 0.01136266533 0.01083123777 0.01052467991 0.009565629065 0.007634758018 0.007135876454 0.005383468233 0.005028415937 0.004582948983 0.004240886308 0.00389211881 0.00384131819 0.003572508926 0.00354256155 0.003261328209
189,loss@192.07 loss@173.07 loss@175.08 loss@206.05 frag@134.05 frag@209.11 frag@115.01 loss@223.05 frag@136.07 frag@191.12 frag@232.03 frag@221.02 loss@282.02 frag@127.05 frag@164.09 frag@169.17 frag@91.02 frag@155.04 frag@122.08 frag@154.03,0.06964977831 0.06844471395 0.06696230918 0.05987626687 0.04821750149 0.04617628083 0.04090356082 0.02726208419 0.01833276078 0.01710514724 0.01435582992 0.01361239981 0.01095006708 0.01023658365 0.00973051507 0.009713899344 0.008458299562 0.008177567273 0.00777691789 0.007645891514
190,loss@184.06 frag@287.07 loss@214.03 frag@159.97 loss@254.05 frag@377.07 frag@319.19 frag@141.05 frag@124.06 frag@142.04 frag@190.05 frag@98.03 frag@219.02 frag@57.99 loss@212.05 frag@161.12 frag@292.13 frag@408.14 frag@238.08 frag@126.06,0.1369662434 0.09814370424 0.07473375648 0.02633502148 0.02097496763 0.01929617487 0.01074004639 0.007589770947 0.007532948162 0.007245260291 0.007166387979 0.006995670497 0.006130349822 0.005839064252 0.005388957448 0.004867017269 0.004844038282 0.004197928589 0.003915262409 0.003786937334
191,frag@67.05 frag@85.06 frag@43.02 loss@105.08 frag@97.06 loss@185.11 frag@41.04 loss@244.03 loss@264.12 loss@157.07 frag@84.08 frag@83.09 frag@55.05 frag@69.07 loss@279.16 frag@57.07 loss@212.15 loss@287.11 frag@55.02 frag@110.1,0.191281721 0.04995039105 0.03497036174 0.02591238543 0.01400792133 0.01258019172 0.01157425065 0.008958506398 0.008084079251 0.00738918595 0.007252851035 0.006900779437 0.006572190672 0.006379277445 0.006005446892 0.005635728128 0.005375183187 0.005215010606 0.005002692342 0.004852836952
192,frag@122.06 loss@194.09 loss@190.08 loss@254.07 loss@211.03 loss@197.15 frag@94.06 frag@84.06 loss@298.03 frag@93.03 frag@82.03 loss@239.16 loss@287.11 frag@68.05 frag@151.1 frag@101.02 loss@236.17 loss@293.03 frag@120.04 loss@255.06,0.3366400301 0.09927277267 0.07352364808 0.06514038146 0.01996026188 0.01621424407 0.01304231212 0.007145916112 0.006724569947 0.006165377796 0.006154738367 0.00532651227 0.004212211818 0.004121279344 0.003912680782 0.003883448197 0.003783198306 0.00335708959 0.003221286694 0.003209944116
193,frag@127.04 loss@294.1 loss@368.17 frag@109.03 frag@151.04 frag@97.03 loss@377.19 loss@445.16 loss@194.13 frag@99.04 frag@57.03 frag@122.04 loss@833.44 loss@364.14 loss@215.01 loss@421.16 frag@71.05 loss@244.56 loss@125.04 frag@110.02,0.3118492961 0.12431366 0.02993734367 0.01010369603 0.006772728637 0.005593214184 0.005417990033 0.004969222937 0.004749950487 0.004273423459 0.00369490427 0.003572973423 0.003469240386 0.003404777963 0.003028226085 0.00300893723 0.002886407077 0.002832189435 0.00269546709 0.002529972931
194,frag@172.11 frag@156.14 loss@273.15 loss@289.14 loss@242.06 loss@302.16 frag@138.09 loss@170.13 frag@246.15 loss@220.15 loss@325.11 frag@194.05 frag@336.08 frag@176.98 frag@159.1 frag@120.08 loss@309.21 frag@157.09 frag@275.18 frag@199.09,0.08479429781 0.07003189623 0.05775455013 0.04985742643 0.04692582414 0.0365123935 0.02036387101 0.01743393578 0.01706364192 0.01104161795 0.009274559096 0.006416181102 0.006313901395 0.005660362076 0.005417301785 0.005391660146 0.00536870677 0.004900251981 0.004669525195 0.00430636527
195,loss@253.09 loss@287.03 frag@98.03 frag@189.14 frag@134.1 frag@150.09 frag@188.05 frag@238.13 frag@97.01 frag@160.11 frag@82.03 frag@254.11 frag@179.12 frag@161.1 frag@156.14 frag@245.13 frag@99.06 frag@130.12 frag@195.05 frag@299.15,0.1969655305 0.02041507512 0.01478090882 0.01204958558 0.009619116783 0.008897115476 0.006662840024 0.006529527716 0.006175235379 0.005474885926 0.005270162132 0.004811771214 0.004483488388 0.004337927327 0.004098265897 0.003646571655 0.003581070807 0.003491926007 0.003428714117 0.003016627859
196,frag@143.01 loss@272.08 loss@194.12 loss@291.05 loss@169.99 loss@187.02 loss@167.03 loss@252.07 frag@291.12 loss@200.03 loss@94.03 loss@200.06 loss@197.08 frag@139.03 frag@151.03 loss@293.19 loss@207.14 frag@228.07 frag@185.03 loss@253.02,0.3136504889 0.1166010797 0.0137905404 0.01330446173 0.01057675108 0.01030853298 0.004957861267 0.004850681406 0.004441116937 0.003509793198 0.002440043492 0.002371367533 0.002301857341 0.002171416534 0.002158154268 0.0020938823 0.002091238974 0.002074738732 0.002067137742 0.002009609248
197,frag@225.11 loss@171.01 loss@231.04 frag@199.03 frag@245.04 loss@285.13 loss@108.08 loss@158.05 frag@177.01 frag@223.13 loss@196.14 loss@34.97 loss@172.02 loss@236.19 frag@227.03 loss@175.0 loss@126.03 loss@244.14 frag@109.03 loss@91.95,0.1513698548 0.1127176732 0.0983703807 0.08308087289 0.05231416598 0.009508975782 0.005841125268 0.004625889007 0.003352606902 0.003321636235 0.003287344007 0.003118017456 0.00267407042 0.002536731772 0.002443315228 0.002346426947 0.002151338616 0.002123693703 0.00202980754 0.001953745959
198,loss@313.1 loss@338.1 loss@218.04 frag@81.03 frag@93.03 frag@175.04 frag@45.03 frag@172.99 frag@183.0 frag@304.17 frag@384.2 frag@197.0 frag@344.11 loss@248.06 frag@185.03 frag@71.0 frag@53.04 frag@109.03 frag@130.12 loss@287.05,0.1109276041 0.0409379825 0.0173606202 0.01278525591 0.008709492162 0.005995792802 0.004627182148 0.004355007783 0.004112268332 0.003977566026 0.003872005735 0.003853364149 0.003818770871 0.003629727522 0.003524111351 0.003039528616 0.00292756781 0.002875016304 0.002823191462 0.002718918957
199,loss@235.05 loss@167.02 frag@222.95 frag@110.99 frag@160.13 frag@83.03 frag@179.09 frag@101.07 frag@111.0 frag@112.06 frag@154.03 frag@97.04 frag@240.06 frag@97.08 frag@344.17 frag@84.05 frag@223.97 frag@42.03 loss@127.03 frag@118.92,0.194432795 0.09653177112 0.05205858871 0.009459841065 0.008071913384 0.007848844863 0.007544093765 0.007136169821 0.005691116676 0.0042854934 0.004150771536 0.002660768339 0.002658721292 0.002474292647 0.002439506585 0.002316777362 0.002259402303 0.002161799464 0.002105369465 0.002019821899
200,frag@107.07 loss@345.97 loss@200.02 frag@106.07 loss@200.06 loss@182.07 frag@106.06 frag@303.06 loss@189.05 loss@193.02 loss@221.04 loss@205.04 frag@121.09 loss@78.57 loss@198.04 loss@165.07 loss@212.06 loss@259.09 loss@178.97 loss@288.11,0.2897497118 0.02596707642 0.00398166012 0.003865545848 0.003449714743 0.003296235809 0.003174059326 0.002880218672 0.002872881945 0.002082946245 0.00192074303 0.001863638288 0.001801861916 0.00175562175 0.001745032147 0.001730137272 0.001728523639 0.001717282459 0.001685890253 0.001646468183
201,frag@148.05 loss@188.07 loss@267.03 frag@158.07 frag@160.05 frag@132.06 frag@120.06 loss@176.07 frag@212.08 loss@206.12 loss@160.08 loss@165.09 frag@125.05 frag@189.08 loss@173.01 frag@391.17 frag@316.11 frag@162.07 loss@200.02 frag@106.07,0.2289534211 0.1778712124 0.01499827672 0.006486542989 0.005798051134 0.005446918309 0.00480403984 0.004235682078 0.004088076297 0.003534814576 0.003167826449 0.002718303818 0.002709407592 0.002673231531 0.002660976257 0.002562977141 0.002496642293 0.00238072616 0.002327169292 0.002285340102
202,loss@112.06 frag@172.97 loss@216.99 frag@225.16 loss@189.97 frag@94.05 frag@327.08 frag@142.01 frag@194.04 frag@218.98 frag@135.0 frag@169.06 frag@106.08 frag@67.04 frag@200.97 frag@68.01 frag@162.13 frag@195.06 frag@124.04 frag@96.07,0.2089397013 0.1318967789 0.06019029766 0.01453266572 0.01198952645 0.009393743239 0.004747093655 0.004538403358 0.004245255142 0.003927733749 0.003718638094 0.003637579968 0.003281079698 0.003189736977 0.00313525158 0.002868486336 0.002855946543 0.002688086824 0.002534729196 0.002440749435
203,frag@100.5 frag@100.0 frag@322.15 loss@255.0 frag@186.98 frag@67.03 frag@280.06 frag@67.04 loss@240.99 frag@326.1 frag@112.01 loss@104.04 frag@102.0 loss@227.94 loss@251.0 frag@200.97 loss@198.94 frag@273.13 frag@197.01 frag@160.01,0.007711465005 0.007208064198 0.004254007246 0.004224734381 0.003686602693 0.003668327117 0.003081896808 0.002984302118 0.0028305538 0.002815948334 0.002595938975 0.002412365749 0.002388913883 0.002259550383 0.002250181278 0.002241160255 0.002150853164 0.002067077905 0.0019864114 0.00194937503
204,loss@166.97 frag@310.17 loss@97.1 frag@370.2 frag@329.11 frag@120.02 loss@119.03 loss@167.11 frag@220.16 frag@167.05 frag@150.01 frag@214.06 frag@187.1 loss@340.14 frag@189.1 loss@40.01 loss@204.11 frag@178.01 loss@170.0 frag@161.08,0.06534059346 0.05593769252 0.0421680361 0.0280974675 0.0270881895 0.02383645996 0.02223743126 0.01596291736 0.008099308237 0.006249108352 0.005184127484 0.004995119292 0.004946401343 0.00493097445 0.004498379771 0.004346271046 0.003864636179 0.003649666207 0.003610173007 0.003561194986
205,loss@123.08 frag@157.02 loss@167.03 frag@196.06 frag@215.03 loss@87.08 frag@284.14 frag@433.19 frag@164.12 frag@235.16 frag@143.01 loss@194.12 frag@182.04 frag@319.14 loss@149.01 loss@151.11 frag@157.05 frag@108.02 frag@215.13 loss@174.09,0.1953312904 0.1024771705 0.07323484868 0.0699236244 0.05985774472 0.02010477334 0.01362413261 0.007919972762 0.005900976248 0.004088071641 0.00337875355 0.003299917793 0.002771495841 0.002660873113 0.002402741928 0.002388091758 0.002342304215 0.002267404692 0.002161875367 0.002128003864
206,loss@85.04 frag@228.99 frag@165.02 frag@67.02 loss@280.09 loss@212.11 frag@241.09 frag@223.01 loss@140.08 frag@216.1 frag@135.05 loss@312.1 frag@148.06 frag@338.14 loss@201.05 frag@125.0 frag@230.07 frag@241.02 frag@199.03 frag@105.04,0.1411784738 0.1379203349 0.00508163264 0.003648348851 0.00274962862 0.002712351037 0.00205007405 0.001925605582 0.001807697001 0.001740588923 0.001634539338 0.001633137697 0.001431550831 0.001416861778 0.001401255606 0.001377992448 0.001351953251 0.001334700268 0.001300997916 0.001278730924
207,frag@171.04 frag@143.05 frag@161.06 frag@115.05 loss@259.08 loss@273.08 loss@294.98 frag@171.08 frag@176.07 loss@316.1 loss@122.0 frag@145.06 loss@239.13 frag@128.06 loss@55.04 loss@232.05 frag@159.08 frag@247.01 loss@200.09 loss@194.02,0.1776268184 0.1098168269 0.0102237016 0.009087421931 0.00624149153 0.004551746882 0.003160350258 0.003023874713 0.00280205044 0.002702662721 0.002668297384 0.00258109509 0.002549849218 0.002496852074 0.002265008166 0.002172916196 0.002172228647 0.002103418577 0.002070687944 0.002035360318
208,loss@142.11 frag@115.12 frag@239.04 loss@170.11 frag@171.02 frag@203.99 frag@231.0 frag@263.15 frag@159.09 frag@228.14 frag@127.09 frag@143.12 loss@282.12 frag@173.06 frag@334.14 frag@86.1 frag@101.11 frag@202.0 frag@237.1 frag@84.07,0.33254987 0.08759444207 0.05725255609 0.02062911354 0.01290279534 0.007131473161 0.005737285595 0.005087399855 0.004235513508 0.004229713231 0.004013015423 0.003297796939 0.002965182066 0.002846326912 0.002522957744 0.002509536454 0.002508944366 0.002496230649 0.002495700959 0.002451014007
209,loss@224.11 frag@161.09 frag@223.02 frag@180.1 frag@103.06 frag@138.0 frag@292.13 loss@329.12 loss@173.12 loss@285.04 frag@158.06 loss@227.13 frag@161.1 frag@204.07 frag@190.12 frag@208.11 loss@183.11 frag@241.99 frag@185.07 frag@145.04,0.2733502686 0.1417339444 0.08981689066 0.007524701767 0.005587541964 0.005332579836 0.00516542932 0.004641200881 0.003861319041 0.003496006364 0.003425826086 0.002868336858 0.002779980889 0.002534860047 0.002375092357 0.00231822324 0.002245479263 0.002234138548 0.002152879955 0.002136284951
210,loss@160.12 frag@283.09 frag@255.09 frag@97.05 loss@233.96 frag@308.06 frag@320.16 frag@215.11 frag@300.12 frag@353.07 frag@206.08 frag@177.08 loss@353.1 loss@150.02 loss@55.04 frag@240.01 frag@185.09 frag@216.95 frag@55.03 frag@203.1,0.1828238517 0.08497293293 0.05790965632 0.05500525236 0.03138806671 0.02539854869 0.01277303975 0.01218787488 0.009298762307 0.009092513472 0.004962620791 0.004103195388 0.003171815071 0.003134988714 0.003067861078 0.003035523929 0.003010110697 0.002963275183 0.00288315909 0.002469682135
211,loss@99.1 frag@179.06 frag@187.05 frag@234.94 frag@252.95 loss@113.12 loss@81.09 loss@96.09 frag@159.01 loss@95.11 frag@318.07 frag@223.98 frag@225.07 frag@301.19 loss@141.15 frag@175.02 loss@183.03 frag@265.06 frag@259.08 loss@100.01,0.131947279 0.0854620859 0.07611876726 0.05546648055 0.04639625177 0.04154321179 0.04031647369 0.02469879761 0.0220389422 0.01273887791 0.01079870574 0.009587693028 0.007764194626 0.005987130105 0.005633098539 0.005208052229 0.004953898489 0.004114929587 0.003939632326 0.003488912014
212,frag@138.05 loss@283.08 loss@283.07 loss@304.05 frag@391.18 loss@245.05 loss@245.02 frag@84.04 frag@164.07 frag@126.05 loss@280.13 loss@255.06 frag@150.06 loss@255.07 loss@209.14 loss@211.04 loss@273.04 loss@194.09 frag@122.06 frag@139.06,0.2733682394 0.05196018517 0.02540378831 0.01959113963 0.006166948937 0.005551203154 0.004711480811 0.004562056623 0.00455330452 0.003686786164 0.003372962354 0.00309852697 0.003061759984 0.00281075784 0.002654766431 0.002615263686 0.002495958935 0.002406788524 0.002340733074 0.002237342298
213,frag@160.02 frag@238.08 frag@200.06 frag@286.09 frag@306.1 frag@72.98 frag@295.14 frag@63.02 frag@129.04 frag@136.02 loss@147.03 frag@98.04 loss@146.05 loss@219.0 frag@142.05 frag@116.05 frag@133.01 loss@83.0 loss@72.01 loss@179.04,0.08673851192 0.0369990617 0.004331399221 0.00332343718 0.003047535894 0.002544620773 0.002166589955 0.001980871661 0.001877796487 0.001799660386 0.00175376737 0.001708538504 0.001612944761 0.00151242991 0.001489375834 0.001438740757 0.001371468999 0.001361045172 0.001346865087 0.001346691628
214,frag@228.11 loss@242.12 loss@270.11 frag@180.1 frag@286.12 frag@110.05 frag@274.18 frag@173.11 frag@171.02 frag@256.14 frag@95.07 frag@239.21 frag@217.1 frag@159.06 frag@166.09 loss@357.12 loss@183.16 frag@101.02 frag@154.01 frag@308.14,0.1586375982 0.1233218238 0.1178648844 0.009449400008 0.005097139161 0.004662493709 0.00363471522 0.003584582359 0.003570103785 0.003375151893 0.003263209481 0.002814985579 0.002788135549 0.002561426256 0.002192747779 0.002008304698 0.002001736546 0.001974130748 0.001942236908 0.001870070701
215,frag@138.07 loss@137.06 loss@185.98 loss@286.04 loss@231.02 loss@169.01 frag@164.08 frag@82.04 frag@182.09 loss@277.07 loss@313.15 loss@262.22 loss@139.01 loss@112.01 frag@140.03 frag@192.11 frag@194.13 frag@95.99 loss@131.04 loss@221.12,0.299387306 0.108175315 0.08680036664 0.03149303421 0.02593124285 0.01664200611 0.01614824496 0.007110508159 0.005298055708 0.003807538655 0.003422637936 0.003332741093 0.003155749058 0.002983193612 0.002972272923 0.002748685656 0.002637231257 0.002404451603 0.002327012364 0.002210910432
216,frag@207.09 frag@223.09 loss@107.07 frag@208.1 loss@556.18 frag@206.08 frag@172.93 frag@195.09 frag@291.08 frag@219.09 loss@332.15 frag@311.99 loss@125.09 loss@348.12 loss@154.01 frag@228.08 loss@133.08 loss@233.93 loss@336.03 loss@218.96,0.1804319471 0.06082552671 0.02711746097 0.01835656352 0.01141965389 0.00700826291 0.006808017381 0.005609441549 0.005050072446 0.004981823731 0.004508293699 0.004420666955 0.004014245234 0.003654426662 0.003218035214 0.003140829969 0.003120018868 0.003001780715 0.002823023824 0.002775020897
217,loss@101.08 loss@56.06 frag@365.1 frag@205.05 loss@85.05 loss@99.07 frag@130.05 loss@100.09 loss@86.07 loss@98.07 frag@379.12 loss@74.07 frag@261.11 frag@215.14 frag@393.14 loss@73.09 frag@231.1 frag@219.07 frag@243.07 frag@341.1,0.06682878733 0.061215166 0.05309441686 0.04350384325 0.03407695889 0.03178397566 0.02913918532 0.02355710417 0.02133523114 0.02103707567 0.01974587515 0.01964545436 0.01634622365 0.01620250754 0.01566583291 0.01475160103 0.01162530668 0.01160057634 0.01081629749 0.01023329422
218,frag@130.03 frag@130.04 frag@224.04 loss@99.01 frag@184.06 frag@248.07 loss@239.12 loss@216.08 loss@185.04 loss@225.13 loss@179.08 loss@216.09 frag@120.04 loss@173.1 frag@86.99 loss@262.12 loss@237.07 loss@177.11 loss@191.07 loss@99.06,0.180738166 0.07135443389 0.04009115323 0.0299465172 0.02854249626 0.01982180215 0.01206609979 0.004926642869 0.004791138694 0.004621737637 0.003837394994 0.003496592632 0.00348246214 0.003245078959 0.003227446228 0.002881651046 0.002860964509 0.002572645433 0.002256767126 0.002183600795
219,frag@182.94 frag@172.96 loss@198.96 loss@302.0 frag@94.04 loss@240.14 loss@253.04 loss@133.09 loss@115.08 loss@138.12 loss@276.21 loss@126.09 loss@170.97 loss@261.09 frag@223.07 loss@173.06 loss@166.09 loss@397.09 loss@263.07 loss@183.95,0.275947392 0.1030273139 0.07583109289 0.0327951014 0.018341057 0.01336955838 0.01115418971 0.008302045055 0.004527219571 0.004495635163 0.004302862566 0.003272411879 0.002799294423 0.002660051221 0.002537447726 0.002159321215 0.001847947598 0.001712044468 0.00155700976 0.001546810265
220,frag@176.06 loss@137.02 frag@122.94 loss@158.1 frag@328.11 loss@144.01 frag@149.05 loss@323.06 loss@271.06 frag@150.04 loss@167.07 frag@308.1 loss@173.05 loss@144.02 loss@201.02 loss@48.02 frag@264.12 frag@219.11 loss@190.04 loss@165.0,0.2002634853 0.02000647783 0.0129491277 0.01138753165 0.006344076712 0.00427976856 0.00406754436 0.002835188992 0.002737684408 0.002690584399 0.002478201641 0.002465120517 0.002257990185 0.002036612714 0.002026536036 0.001962245442 0.001715397928 0.001697104308 0.001668661018 0.001618878101
221,loss@172.03 loss@191.05 frag@170.12 frag@180.98 frag@162.97 frag@137.07 loss@237.05 frag@164.04 loss@249.06 frag@122.03 frag@189.04 frag@314.13 loss@173.04 frag@99.03 frag@136.02 frag@317.09 loss@221.04 frag@311.11 loss@262.22 frag@294.17,0.1522271484 0.09057181329 0.08734965324 0.06358678639 0.05540344492 0.02154861391 0.01533012185 0.01480520051 0.006214816123 0.00595110748 0.004893625621 0.004878972191 0.004552097991 0.004010530654 0.003837054363 0.003623239929 0.0034792074 0.003420921043 0.0033668424 0.003308296669
222,loss@173.06 loss@147.08 frag@236.05 loss@193.05 frag@323.15 frag@198.16 loss@152.03 frag@118.04 frag@153.05 loss@135.03 frag@170.05 frag@197.11 loss@344.09 frag@174.07 frag@228.05 frag@174.92 frag@325.06 loss@167.05 frag@136.02 frag@231.12,0.1251703501 0.06627249718 0.04492319003 0.03396049514 0.02393405139 0.01932924986 0.01373094041 0.01290884055 0.008933931589 0.008070386946 0.005875698756 0.005511412863 0.004646275658 0.004478094168 0.004424910527 0.003759982763 0.003604126163 0.003548111301 0.003493728582 0.003487506649
223,loss@166.1 loss@141.1 frag@208.02 frag@169.0 frag@58.03 frag@238.12 frag@175.11 frag@216.13 frag@182.94 frag@172.02 frag@298.16 frag@218.15 frag@236.15 frag@189.07 frag@175.06 frag@370.17 frag@276.01 frag@241.99 frag@283.05 frag@150.09,0.1965610981 0.05123205855 0.03536239639 0.004798030015 0.004351325333 0.003894001944 0.003870534711 0.003433233127 0.00273413281 0.002605096903 0.002591374563 0.002508328296 0.002294144128 0.002235534368 0.002210834762 0.002165031387 0.002148776781 0.002099192701 0.00205196836 0.001977286767
224,loss@89.05 loss@105.04 loss@76.02 frag@174.99 frag@64.0 loss@103.06 frag@269.02 frag@249.04 frag@307.19 loss@88.02 frag@86.0 frag@65.0 loss@63.03 frag@222.06 loss@75.03 loss@77.05 frag@115.06 loss@61.02 frag@62.99 frag@58.99,0.1539527476 0.06361231208 0.04001191631 0.02793512493 0.008135114796 0.007949578576 0.007715989836 0.006258344278 0.006182642654 0.006112503354 0.005808384158 0.005787974689 0.005300080404 0.005084228702 0.004673331976 0.004566644318 0.004500149749 0.004489231855 0.004402983934 0.004371461924
225,frag@227.12 loss@200.01 loss@264.07 loss@227.14 frag@231.08 frag@171.1 loss@254.09 loss@362.09 loss@296.14 frag@340.13 loss@269.13 frag@217.1 loss@264.06 loss@336.09 frag@115.07 frag@168.08 frag@125.02 loss@149.02 loss@138.07 frag@99.1,0.123894453 0.05349702761 0.05188374221 0.03946147114 0.03516893461 0.03279737756 0.022527311 0.01312579866 0.01142142527 0.01103495993 0.00943410024 0.009388199076 0.007254885044 0.006768423133 0.006716347765 0.005169175565 0.005019534845 0.004937743768 0.004535812419 0.004293324891
226,frag@173.11 loss@217.12 frag@200.12 loss@218.12 loss@188.09 frag@159.06 frag@230.17 loss@269.15 loss@203.02 loss@284.1 frag@132.07 loss@132.07 frag@161.11 frag@160.1 loss@243.14 loss@202.11 frag@159.05 frag@226.13 frag@177.11 frag@157.08,0.1325169951 0.1126248613 0.07131936401 0.06609014422 0.03262809291 0.02632206306 0.01381680649 0.0133264754 0.009481644258 0.008696606383 0.006279866211 0.006164477672 0.005765285343 0.005647900514 0.005385261029 0.005308813415 0.005006839521 0.004754272755 0.004641293082 0.004507908598
227,loss@185.07 loss@307.11 frag@291.15 frag@206.08 frag@231.12 frag@187.98 frag@270.12 frag@149.04 frag@228.03 frag@268.16 frag@180.04 frag@257.13 frag@53.04 frag@208.11 frag@223.0 frag@84.05 frag@154.06 frag@150.09 frag@121.04 frag@242.13,0.1821275055 0.04489185289 0.02005090564 0.007633471861 0.004707000684 0.00463182712 0.003036237555 0.002996762982 0.002781644929 0.002360279206 0.002359671053 0.002134237904 0.002096890239 0.00206650421 0.00205912604 0.001976213418 0.001949593541 0.001907989383 0.001882923068 0.001867852639
228,loss@312.12 frag@190.12 frag@337.15 frag@201.13 loss@192.09 frag@318.05 frag@146.03 frag@240.12 frag@281.14 frag@220.13 frag@58.03 frag@176.07 frag@95.01 frag@164.07 frag@150.09 frag@302.09 frag@137.03 frag@156.98 frag@261.97 frag@324.12,0.1500507295 0.004891449586 0.004349282011 0.003979057074 0.003609297331 0.003314614063 0.002414373914 0.002320467262 0.002244822215 0.002087044297 0.001997999381 0.001841054996 0.001833185903 0.001782050822 0.001762910513 0.001735950005 0.001723909052 0.001688945689 0.001684269402 0.001505487482
229,loss@170.06 loss@237.07 frag@161.99 frag@259.03 loss@293.08 frag@139.03 frag@172.1 frag@173.06 frag@111.05 frag@141.03 loss@167.01 loss@325.02 frag@241.09 frag@159.04 frag@152.03 loss@187.09 frag@113.02 frag@138.99 frag@59.99 loss@152.0,0.1630907953 0.07686889172 0.02698320337 0.02514431253 0.02249170281 0.009122125804 0.007839241065 0.006838263012 0.006181050558 0.006173792761 0.005026955158 0.004981942475 0.00487340102 0.004780902993 0.004040551838 0.003961117007 0.003909831867 0.003738630097 0.003710022429 0.003505939851
230,frag@113.02 loss@223.03 frag@86.01 loss@155.01 frag@138.01 frag@139.03 loss@198.0 frag@128.03 loss@195.05 loss@183.05 loss@194.08 frag@101.02 loss@324.1 loss@252.07 frag@115.03 loss@183.98 loss@239.07 frag@139.99 frag@57.99 loss@193.02,0.3170393705 0.1010157764 0.01434580144 0.008523100056 0.006558797322 0.006398293655 0.00599315716 0.005696415436 0.005521157756 0.003621506272 0.003436529543 0.003390245605 0.003344246652 0.003132944694 0.003094592597 0.002872448415 0.00271208398 0.002490077633 0.002480302239 0.002413960872
231,loss@180.11 loss@148.09 loss@350.15 loss@334.13 loss@290.1 frag@297.16 frag@237.04 frag@176.11 frag@190.12 frag@257.13 loss@344.11 frag@138.09 frag@133.09 frag@144.07 frag@164.11 frag@157.06 frag@173.95 frag@203.07 frag@149.1 frag@190.06,0.07494078577 0.04773348942 0.02985803597 0.02908499166 0.022968987 0.01807875 0.01197627746 0.01188219897 0.007876669988 0.007330362685 0.00695841061 0.006788466126 0.006691432092 0.006450239103 0.005711244419 0.005615606438 0.004754341673 0.004744433332 0.004739992321 0.004562823102
232,frag@180.11 loss@267.14 loss@330.08 loss@327.1 frag@315.07 loss@300.12 frag@136.08 frag@211.12 loss@310.03 frag@208.12 frag@278.14 frag@123.07 frag@151.08 loss@323.11 loss@260.13 loss@324.18 frag@115.06 frag@100.09 frag@165.11 frag@140.11,0.2014405131 0.07891845703 0.04670624807 0.03186548129 0.01531093661 0.01472818851 0.008696687408 0.007593828719 0.006756442599 0.004116962198 0.003377615474 0.003220024751 0.003143525682 0.003052658169 0.002647709567 0.002611872507 0.002525626449 0.002428094391 0.002365451539 0.002360297833
233,frag@120.08 loss@240.11 loss@312.06 loss@186.05 loss@261.17 loss@355.02 loss@207.09 loss@287.12 loss@327.17 frag@134.1 loss@119.07 loss@211.03 frag@79.05 loss@187.06 loss@254.1 loss@239.06 loss@237.17 frag@120.09 loss@199.17 frag@105.07,0.3552079499 0.05934418365 0.0176872313 0.01287648734 0.007140332833 0.006386851892 0.005144266412 0.005127349403 0.004840806127 0.004824536387 0.004695232026 0.004047137685 0.003714869032 0.003412972204 0.003320070915 0.003123786533 0.003017179901 0.002980013844 0.002931161085 0.002819754882
234,frag@208.12 loss@238.17 frag@203.07 loss@232.14 loss@314.12 loss@432.15 frag@175.08 frag@203.04 frag@155.05 frag@168.09 loss@232.08 loss@230.13 frag@249.13 frag@290.13 frag@138.09 frag@153.08 frag@201.1 loss@330.17 frag@132.09 frag@338.08,0.1520292014 0.1246966347 0.08927948028 0.08130872995 0.04524226859 0.008938913234 0.00780908158 0.005385199096 0.005294519942 0.004781473894 0.003361518728 0.003225999186 0.002971095033 0.002930098446 0.002877788385 0.002736158902 0.002680399222 0.002585222013 0.00258484506 0.002171545988
235,loss@292.07 loss@309.14 frag@286.11 loss@367.12 frag@198.08 loss@337.0 frag@168.0 loss@175.97 loss@367.05 loss@355.12 loss@319.98 frag@204.02 frag@242.04 frag@88.08 loss@201.99 loss@142.15 loss@303.19 loss@267.99 frag@160.02 frag@46.34,0.02250292525 0.01459024101 0.009846121073 0.00822175853 0.007871970534 0.006773542147 0.006417579018 0.006337712053 0.005843121558 0.005692585837 0.004944596905 0.004703759216 0.004471522756 0.003947893158 0.003917392809 0.003421864938 0.003421678906 0.003324575257 0.003254285781 0.002958227182
236,frag@212.08 loss@163.07 loss@145.06 loss@150.06 frag@341.12 frag@147.07 frag@187.1 frag@185.09 frag@146.07 frag@251.15 frag@120.06 loss@135.08 frag@172.07 frag@186.1 frag@361.16 frag@128.09 frag@231.12 loss@178.1 frag@134.07 frag@239.15,0.1715074778 0.1650708318 0.09698295593 0.04403990135 0.01692802086 0.0106247142 0.00977777224 0.008713694289 0.007049303502 0.006519692019 0.005069183651 0.005046424456 0.004865063354 0.004527825862 0.004155630246 0.004027803428 0.003946037963 0.003787537338 0.003674057079 0.003651699284
237,frag@106.06 loss@249.09 loss@193.1 loss@229.12 loss@215.11 loss@256.04 loss@247.05 loss@199.09 loss@217.06 frag@139.07 loss@313.15 frag@148.08 loss@387.06 frag@121.09 loss@195.02 frag@183.98 loss@225.13 loss@391.12 loss@241.11 frag@105.06,0.3622708023 0.04465158284 0.02984392829 0.02536965162 0.02200395986 0.01646842062 0.01503315568 0.009934253991 0.00847952906 0.007679702248 0.007355159149 0.007070340216 0.006948917173 0.00632135151 0.00610292377 0.004713879433 0.004680438433 0.004292432219 0.00423739152 0.002964907326
238,frag@84.96 frag@102.97 loss@125.05 loss@113.13 loss@168.08 frag@384.2 loss@111.14 loss@193.99 loss@158.07 loss@244.1 loss@291.13 loss@142.03 loss@289.13 loss@189.02 loss@275.12 loss@319.98 loss@179.08 frag@198.94 loss@218.01 frag@159.02,0.2902415693 0.02749084122 0.01486052852 0.007603649981 0.006641025189 0.006040947046 0.004824373405 0.004758864176 0.004511602689 0.004158532713 0.003817463992 0.003808445996 0.003713529324 0.003616479458 0.003594468581 0.003550781403 0.00344121526 0.003402491566 0.003378567053 0.003331333399
239,frag@211.01 frag@231.02 loss@64.03 loss@380.11 loss@139.07 loss@45.02 loss@288.07 frag@130.04 loss@120.07 loss@225.13 loss@113.01 loss@281.03 loss@338.1 loss@172.01 loss@173.1 loss@293.19 loss@259.11 loss@96.07 loss@157.08 frag@187.05,0.2291435003 0.09095135331 0.02796419896 0.006386050954 0.006190646905 0.005832759663 0.004318842664 0.004092692398 0.004091508221 0.003680865513 0.003606479615 0.003524894593 0.003394407919 0.003059320385 0.002883226378 0.002802166156 0.002725087572 0.002647753572 0.002612921176 0.002543477109
240,frag@136.08 frag@108.08 loss@404.22 loss@340.08 loss@164.11 frag@235.97 frag@165.11 loss@281.07 loss@251.12 loss@308.05 frag@122.1 loss@184.1 loss@297.01 frag@122.06 frag@108.04 loss@190.08 loss@310.03 frag@93.03 loss@218.15 loss@312.16,0.2820632458 0.02092487924 0.01781997643 0.01165600028 0.008458948694 0.007114610635 0.005301459227 0.004129537381 0.003699024906 0.003498397768 0.003408154706 0.002656297293 0.002538184403 0.002407458145 0.002235099906 0.002207839862 0.002082919236 0.002002630848 0.001822046586 0.001812084345
241,loss@162.06 loss@272.11 frag@230.12 frag@216.09 frag@355.2 frag@190.09 frag@257.13 frag@90.05 frag@235.97 frag@162.09 loss@190.08 frag@291.15 frag@150.09 frag@192.12 frag@187.98 frag@106.06 loss@185.05 frag@229.13 loss@213.07 frag@164.11,0.1196455508 0.05988022685 0.05338732526 0.00804046914 0.007331742439 0.005232863594 0.003911148291 0.003765691537 0.003544435604 0.003468914423 0.003359501483 0.003297626274 0.002874609316 0.002709098393 0.002670785878 0.002536746906 0.002505583223 0.00248120632 0.0023719694 0.002269173274
242,frag@149.05 loss@158.1 frag@315.14 loss@201.01 frag@167.06 frag@56.96 loss@149.07 frag@159.11 frag@231.05 loss@154.05 frag@264.12 loss@395.14 frag@155.08 frag@217.14 loss@158.08 loss@146.06 loss@173.05 loss@244.01 frag@139.02 loss@198.04,0.2329476476 0.03163607791 0.02408119664 0.004564435687 0.003650592407 0.002639762359 0.002424861304 0.002307923278 0.00227788277 0.002207444282 0.002187525854 0.002149757929 0.002118857112 0.00210562977 0.001905880868 0.00187422079 0.001812451519 0.00180129346 0.00175744656 0.001753139426
243,loss@229.08 frag@164.07 frag@246.07 frag@44.98 frag@45.03 frag@183.05 frag@236.11 frag@433.19 frag@46.34 frag@114.04 frag@59.0 frag@176.98 frag@151.06 loss@287.11 frag@160.97 frag@366.15 loss@240.06 loss@254.07 frag@57.03 frag@247.14,0.2421444952 0.005462030414 0.0049014627 0.00455506146 0.004484097939 0.004133868497 0.004006434698 0.003932579421 0.003737881547 0.003555624513 0.003362188116 0.003272177652 0.003171146382 0.002976035932 0.002916212659 0.002870057477 0.00286002038 0.002858580556 0.002823129296 0.002662624465
244,frag@188.11 loss@189.99 loss@289.14 frag@160.11 loss@78.14 loss@185.08 loss@344.17 frag@136.05 frag@186.09 loss@282.07 frag@262.16 loss@213.14 loss@257.05 loss@161.0 frag@127.09 loss@220.17 loss@342.17 loss@187.06 loss@233.99 loss@340.1,0.3350733817 0.06260809302 0.006589584518 0.003412473481 0.002336911159 0.00217106496 0.002029664349 0.001997105544 0.001978967106 0.00189521932 0.001766144531 0.001751795295 0.001676653395 0.001667735749 0.001593162538 0.001567833242 0.001510324772 0.001473158365 0.001399984933 0.001337390509
245,frag@203.07 loss@232.08 frag@217.09 loss@253.08 frag@183.06 loss@303.1 frag@242.11 loss@238.17 frag@166.0 frag@191.06 loss@271.1 loss@272.02 loss@280.07 loss@173.11 loss@338.08 loss@277.14 frag@203.04 loss@377.19 frag@213.96 loss@273.11,0.1741566956 0.1468751729 0.1151416153 0.04992474243 0.04021718353 0.01751150005 0.008440219797 0.004779928364 0.002355528763 0.002304736059 0.002155490452 0.002103457227 0.001728352741 0.001721032546 0.00165667769 0.00162762159 0.001551871537 0.001521860831 0.001396433217 0.001345192199
246,loss@193.11 frag@179.12 frag@166.09 frag@136.05 frag@151.08 frag@148.08 loss@208.14 frag@165.09 frag@99.07 loss@221.14 frag@121.06 frag@160.09 frag@161.1 frag@164.07 frag@122.1 frag@176.11 frag@150.07 frag@97.01 frag@121.03 frag@108.08,0.2797139585 0.02136667445 0.01631575823 0.01522507612 0.01358904969 0.01312892884 0.01271095965 0.01122556441 0.01116144098 0.009991295636 0.009076246992 0.008926768787 0.008469110355 0.007267984562 0.00701714959 0.00675740419 0.00663730409 0.00643525226 0.005958152004 0.005632362794
247,frag@164.03 frag@178.04 frag@190.04 loss@220.14 loss@184.04 loss@184.02 loss@157.03 loss@191.05 frag@152.03 loss@126.04 loss@149.05 loss@183.03 loss@317.14 frag@173.08 loss@152.0 loss@118.07 loss@129.99 frag@171.07 loss@262.04 frag@192.06,0.184174791 0.06880757213 0.01579627767 0.01049415674 0.009330332279 0.00686347764 0.006243822165 0.006055822596 0.006013089791 0.005568711087 0.004665282089 0.004471242893 0.004123855848 0.003837794531 0.003716880688 0.003369375365 0.003348229453 0.003291939851 0.003291685134 0.003195032943
248,frag@70.03 frag@114.05 loss@271.1 loss@263.13 loss@264.18 loss@224.12 loss@279.16 loss@198.1 loss@254.09 frag@113.02 loss@200.08 loss@239.16 frag@42.03 loss@287.15 frag@55.02 loss@363.12 loss@274.06 loss@259.11 loss@328.15 loss@278.13,0.2024912238 0.1324626803 0.01386117283 0.0103637781 0.00974657014 0.006058605853 0.004675519187 0.00318517792 0.002935284982 0.002834969899 0.002687905449 0.002517533489 0.002438197844 0.002207381651 0.002194356173 0.002142186044 0.002080379985 0.002044790192 0.002040205756 0.002029744675
249,loss@167.08 frag@161.01 frag@151.02 frag@161.02 frag@133.01 loss@154.9 loss@341.03 frag@116.96 frag@143.0 frag@135.03 loss@183.0 loss@153.04 loss@141.04 loss@139.04 frag@98.04 loss@55.01 frag@123.03 loss@257.05 loss@271.05 frag@175.03,0.1637236178 0.130247578 0.1081807539 0.05854979157 0.0468031764 0.01430151425 0.007441357709 0.005772468634 0.005755872466 0.005209413357 0.003904441604 0.003213620977 0.003143779235 0.003090266138 0.00261459942 0.002445669845 0.002411893336 0.002273896709 0.002268488286 0.002261686139
250,frag@170.07 frag@169.04 frag@143.06 loss@172.06 loss@353.09 frag@158.05 frag@198.07 loss@67.04 loss@145.12 loss@212.08 loss@78.05 loss@170.07 loss@176.08 frag@313.13 frag@129.04 loss@350.13 loss@170.09 frag@171.06 loss@158.03 frag@144.07,0.1653749943 0.05342192575 0.03178071603 0.01308635343 0.01088362653 0.007592036389 0.006744725164 0.006640662905 0.00576114282 0.005156521685 0.00485003693 0.004647871945 0.004637761042 0.004446440376 0.00438066991 0.004286308307 0.003872860689 0.003833281342 0.003335460788 0.002986632288
251,frag@230.07 frag@166.01 frag@199.01 loss@144.03 loss@62.02 loss@174.04 loss@169.06 loss@146.05 loss@153.08 frag@228.11 loss@145.05 loss@107.02 frag@142.05 loss@123.05 loss@182.08 loss@280.03 loss@184.13 loss@158.05 frag@172.96 frag@368.13,0.1170487255 0.08458399028 0.04806529731 0.03006085195 0.006719497032 0.00302064768 0.002550336998 0.00247330172 0.002421655925 0.002359430538 0.002345917281 0.002207010752 0.002196726156 0.002195564331 0.002119479002 0.00211849506 0.002113476396 0.002107977867 0.001984349685 0.001934870379
252,loss@219.06 frag@156.03 loss@77.98 frag@129.02 frag@111.03 frag@140.05 frag@231.12 frag@160.05 frag@216.1 frag@44.98 frag@148.1 loss@216.99 frag@336.08 frag@117.04 loss@143.06 loss@252.07 frag@140.08 frag@55.02 frag@103.06 loss@277.09,0.2209467888 0.1581099927 0.01185922697 0.009096571244 0.009003111161 0.003419175977 0.002832739847 0.002727272455 0.002660871716 0.002541508293 0.002431102097 0.002307038289 0.002291915705 0.002240576083 0.002223354997 0.00220703939 0.002152188215 0.00201056106 0.001958954614 0.001935085165
253,loss@28.03 loss@162.09 frag@188.06 frag@293.13 frag@282.14 frag@149.05 frag@342.1 frag@310.13 frag@274.06 frag@239.02 loss@46.04 frag@384.11 loss@54.05 frag@317.11 loss@180.95 loss@200.94 loss@73.05 frag@259.07 frag@286.05 loss@293.19,0.1471742839 0.1070421711 0.0681656599 0.0368289426 0.02082397789 0.01807071641 0.01428775303 0.01167057548 0.01118737366 0.009938534349 0.008568985388 0.006724767853 0.006693830248 0.005723192822 0.004808302969 0.004779503215 0.004418667872 0.004164596554 0.004037749488 0.003765868722
254,loss@270.07 frag@101.02 frag@212.06 frag@407.14 frag@167.98 frag@176.98 frag@201.14 frag@318.03 frag@115.09 frag@203.13 frag@88.04 frag@193.1 loss@284.08 frag@129.1 frag@268.13 frag@159.11 frag@71.09 frag@203.15 frag@349.04 frag@155.98,0.2101232558 0.00572699029 0.005134353414 0.00420358777 0.004037611187 0.003866170533 0.003767607966 0.003322067205 0.00287867221 0.002685457002 0.00265038386 0.002608898561 0.002570345066 0.002492551692 0.00243180152 0.002354427241 0.00231443462 0.002271810081 0.002100115875 0.002062410815
255,loss@190.04 loss@255.05 frag@245.05 frag@142.1 frag@60.48 frag@44.98 frag@58.99 frag@328.11 frag@246.06 frag@293.14 frag@73.01 frag@174.02 frag@41.03 frag@53.0 frag@83.02 frag@67.04 frag@190.04 frag@303.18 frag@72.0 frag@160.05,0.2230478376 0.04730430245 0.03382752836 0.01975937374 0.00529884547 0.005121075548 0.003495873883 0.003222992644 0.003048355924 0.003021583194 0.002827682765 0.002749076346 0.002727495972 0.002699899487 0.002627449809 0.002476203721 0.002419207012 0.002294339705 0.00225352915 0.002228515455
256,frag@126.13 loss@162.1 frag@194.06 loss@224.19 loss@281.09 frag@192.02 loss@299.06 loss@262.18 loss@537.29 frag@98.1 frag@140.14 loss@379.03 loss@145.07 loss@192.12 frag@97.1 loss@264.15 loss@290.16 loss@304.1 frag@204.95 loss@265.08,0.1795075834 0.09466560185 0.08750686795 0.04607710242 0.04575909302 0.04054494947 0.03993932158 0.03806227446 0.02289726026 0.00981694553 0.007455650251 0.006980932318 0.006782512646 0.005107339937 0.004620341118 0.003734172788 0.003681863658 0.003496561432 0.003198260674 0.003163841087
257,frag@124.08 frag@124.11 loss@239.16 loss@268.12 frag@167.12 loss@242.03 frag@96.08 loss@152.13 loss@285.16 loss@277.1 loss@225.15 loss@153.11 loss@290.16 frag@168.1 loss@187.13 loss@242.15 frag@188.13 loss@213.12 loss@251.16 loss@384.17,0.1172943786 0.1145066991 0.02262059972 0.01782623678 0.01711534709 0.01435237471 0.01417727303 0.01355388202 0.01280882489 0.01160565112 0.01152179483 0.009934624657 0.009877281263 0.009252632968 0.008646707982 0.008625936694 0.007808562834 0.007657928858 0.006536065135 0.006157252006
258,loss@218.07 frag@202.05 frag@127.03 frag@87.09 frag@182.95 frag@223.01 frag@192.02 frag@318.18 frag@223.12 frag@341.17 frag@199.01 loss@119.05 frag@67.02 frag@220.02 frag@167.13 frag@448.16 frag@164.07 frag@180.04 frag@347.15 frag@209.14,0.317794174 0.09172528237 0.01269850228 0.009442067705 0.008378074504 0.008163558319 0.006077058613 0.00596515229 0.005350525491 0.004944750108 0.004515681416 0.004332798067 0.004052303731 0.003799141617 0.003603019752 0.003441427136 0.003411027836 0.003379195929 0.003256769851 0.003172449302
259,frag@137.06 frag@109.06 loss@293.12 loss@238.14 loss@249.05 loss@307.14 frag@139.08 loss@224.14 frag@151.08 frag@78.05 loss@299.12 loss@194.13 loss@228.08 frag@119.05 loss@185.18 loss@322.1 frag@73.05 loss@285.11 frag@351.09 loss@251.1,0.2461574525 0.0774532631 0.03321445361 0.02625986375 0.01957487874 0.01863099635 0.01479352452 0.01010122243 0.009524238296 0.008193898015 0.007260147482 0.005425441079 0.005086286459 0.004914524499 0.004595571663 0.004467581864 0.004371441901 0.004267226439 0.004052555654 0.004035592545
260,loss@120.02 loss@177.07 loss@121.02 frag@166.01 loss@133.02 loss@145.08 frag@152.03 loss@88.11 frag@108.02 loss@79.99 frag@127.99 frag@176.08 frag@286.09 frag@131.04 frag@255.06 frag@213.07 frag@234.97 frag@138.06 frag@219.04 loss@140.06,0.07564949244 0.07523600757 0.06776548922 0.04957443476 0.02196212113 0.01797007769 0.01663062535 0.01561055984 0.0126052564 0.007991024293 0.005541644059 0.005164483562 0.004808735102 0.004798214883 0.004647946451 0.00433600042 0.004288385157 0.004150744993 0.004074899945 0.003977588378
261,frag@127.03 frag@155.03 loss@263.05 loss@160.98 loss@215.04 loss@195.05 frag@113.02 loss@151.02 loss@311.05 loss@126.02 loss@224.03 loss@201.04 frag@139.03 loss@209.06 loss@210.14 loss@273.03 loss@208.14 loss@185.1 loss@262.99 loss@258.14,0.1873704791 0.1527591199 0.05530969426 0.02697002515 0.006458842196 0.005512507167 0.003889421234 0.003598570824 0.003250163514 0.003198633669 0.002948058536 0.002746658865 0.002615419915 0.002564699389 0.002420507139 0.002018942731 0.001997794956 0.001978055574 0.001913026441 0.001870064531
262,frag@186.09 loss@189.01 frag@171.07 loss@126.14 frag@159.07 loss@160.1 frag@160.11 loss@317.14 frag@174.09 loss@113.13 loss@344.17 loss@253.03 frag@172.08 frag@158.1 frag@173.08 loss@174.08 frag@239.08 loss@279.15 loss@78.14 frag@141.07,0.2675791383 0.05931846797 0.0057410351 0.005107685924 0.003781401552 0.003562340979 0.00344096031 0.003025017912 0.002787871752 0.002613255288 0.002479126444 0.002322168089 0.001989915268 0.001878377981 0.001843994251 0.001818165532 0.001776974881 0.001627813326 0.001589931548 0.001504336949
263,frag@166.03 loss@166.05 frag@165.01 loss@158.05 frag@184.04 loss@224.03 frag@153.01 frag@173.03 frag@125.02 loss@59.99 loss@108.08 loss@84.0 frag@138.08 frag@320.11 loss@308.05 loss@230.01 loss@311.06 frag@124.02 frag@343.19 frag@141.04,0.1666018516 0.1030869782 0.07777169347 0.07641320676 0.06177993864 0.04881242663 0.01380832121 0.006866021547 0.006759721786 0.006561664864 0.005324580241 0.005004303996 0.004777617753 0.00434619328 0.003857964417 0.003835977986 0.003460934618 0.003312834073 0.002791973529 0.002697497141
264,frag@125.04 loss@330.09 loss@181.06 frag@314.13 frag@111.03 frag@151.06 frag@113.04 frag@123.03 loss@183.08 frag@157.06 frag@147.05 frag@231.05 loss@209.09 loss@221.09 frag@97.04 loss@231.07 loss@279.05 loss@228.06 loss@180.1 loss@170.04,0.271135807 0.03592953831 0.0100001432 0.009518283419 0.007164862473 0.005764991045 0.005694879685 0.005453396589 0.005248622503 0.003946535755 0.003794640768 0.003626803868 0.003484702203 0.003343209159 0.003166923998 0.003046845319 0.00290906732 0.002814104781 0.002729130443 0.002701286692
265,loss@197.12 frag@181.1 frag@166.08 loss@212.14 frag@165.07 loss@153.12 frag@167.09 loss@246.15 loss@181.11 loss@214.13 loss@255.07 loss@173.13 loss@295.08 loss@302.13 frag@124.11 loss@293.19 frag@171.04 loss@195.1 frag@178.08 loss@251.12,0.1837511957 0.1771802753 0.1578896195 0.02017243207 0.01263314486 0.01087052561 0.005487969611 0.004018383566 0.003020319389 0.002924983855 0.00271751103 0.002632262185 0.002532648621 0.002487109043 0.002454267815 0.00218516984 0.002144026803 0.002110095927 0.002074163174 0.002072117524
266,loss@157.07 loss@155.06 frag@188.9 frag@55.02 frag@123.09 frag@157.96 frag@100.02 frag@112.08 loss@128.05 frag@162.98 frag@67.04 loss@185.07 frag@56.05 frag@195.99 frag@97.1 frag@58.03 frag@84.09 frag@57.07 frag@129.1 frag@84.08,0.2547212839 0.0834691301 0.03139968961 0.02844116464 0.0237942785 0.01491373405 0.01178421825 0.01001291722 0.008747261018 0.008728829212 0.00867713429 0.008014491759 0.008011897095 0.007251172327 0.005717754364 0.005677742884 0.0049771294 0.004341301043 0.004298138432 0.004064306617
267,frag@236.08 loss@218.13 frag@214.13 frag@237.04 loss@137.08 frag@200.12 loss@78.05 frag@316.11 loss@243.16 frag@210.1 loss@173.12 frag@211.98 loss@347.09 loss@182.07 frag@195.09 frag@320.11 loss@193.16 loss@109.06 loss@126.09 frag@223.12,0.2015317976 0.1313857287 0.05913840607 0.006587599404 0.005668373778 0.00528269168 0.004809048492 0.004176096525 0.003986392636 0.003752988996 0.003461867804 0.003366466612 0.003348275321 0.003194764024 0.003162594978 0.002749971114 0.002612672746 0.002559638117 0.002553119091 0.002549419878
268,frag@177.08 loss@287.08 loss@277.07 frag@208.07 loss@226.05 loss@222.08 loss@152.09 loss@167.02 loss@273.05 loss@163.07 loss@556.18 loss@285.12 frag@144.14 loss@134.07 loss@176.07 frag@99.07 loss@215.11 loss@304.05 loss@169.04 loss@141.1,0.3027051985 0.02973470092 0.002947969129 0.002887509065 0.002598441904 0.002340961713 0.002105307998 0.002082858235 0.00174204004 0.001715533435 0.001663568197 0.001583699835 0.001556225936 0.001505323569 0.001481975778 0.001453349483 0.001445995178 0.001426760573 0.001418957836 0.001381180016
269,frag@147.04 frag@175.04 frag@119.05 loss@359.14 loss@550.19 loss@610.15 loss@530.18 loss@422.14 loss@391.17 loss@414.12 loss@326.1 loss@406.15 loss@423.14 loss@649.22 loss@284.98 loss@295.16 loss@140.05 loss@398.18 frag@309.1 loss@567.22,0.1845101118 0.1024727672 0.0721283108 0.02782827243 0.01715532877 0.01603115536 0.01561670844 0.01419161912 0.01398679707 0.01346630976 0.01323143765 0.01271668915 0.01092300285 0.01091720164 0.009903389961 0.009271690622 0.009036154486 0.008627985604 0.008429947309 0.008277078159
270,frag@114.09 loss@276.08 frag@171.15 loss@328.13 loss@457.15 loss@332.15 frag@318.18 loss@470.15 frag@127.09 frag@70.06 loss@375.19 loss@197.12 loss@226.17 frag@85.05 loss@263.15 loss@246.06 loss@283.17 loss@194.14 loss@264.15 loss@282.15,0.2878260016 0.06273131073 0.03114327788 0.03042469732 0.02928183973 0.02131178975 0.01516984403 0.01484303642 0.009725265205 0.007163434755 0.006296401843 0.005667380523 0.004926674068 0.004538576584 0.004508148879 0.004489308223 0.004380955361 0.004276129417 0.003918148577 0.003884770209
271,loss@169.03 loss@197.02 frag@125.02 frag@84.99 loss@196.04 frag@145.09 frag@163.02 frag@160.11 frag@104.03 frag@139.03 frag@190.05 frag@144.07 frag@75.03 frag@159.04 frag@161.06 loss@141.03 frag@141.03 frag@125.01 frag@292.13 frag@190.06,0.2579080462 0.07165434957 0.01145357639 0.0109920837 0.01053902227 0.01029233448 0.008064270951 0.007342385128 0.006487277336 0.005946932826 0.005274526775 0.005188438576 0.005172538105 0.005077581387 0.005076944362 0.004789069295 0.004528586753 0.004523287993 0.004480823409 0.004351906478
272,frag@179.03 loss@176.12 frag@207.02 frag@220.01 loss@122.03 loss@260.18 loss@263.98 loss@244.03 loss@137.01 loss@421.99 loss@125.04 frag@180.01 loss@269.1 loss@255.02 frag@159.02 loss@111.07 loss@271.05 loss@288.02 loss@107.11 loss@248.02,0.2163814157 0.1073726788 0.06900449842 0.01147887949 0.009274973534 0.006175642367 0.004466383718 0.004307109397 0.003361590439 0.003229248105 0.003190786345 0.003152519232 0.002826744923 0.002536253305 0.002179417061 0.002077242592 0.001995223807 0.001893211622 0.001885747188 0.001832702314
273,frag@174.07 frag@159.06 loss@176.09 loss@262.99 loss@188.01 frag@131.06 loss@161.07 loss@194.01 loss@243.14 loss@218.08 frag@132.06 loss@219.1 frag@162.07 frag@188.08 loss@140.02 frag@147.06 loss@308.07 frag@147.09 frag@229.13 frag@145.04,0.1564760953 0.1448421031 0.06190821156 0.01511475071 0.01045005582 0.007675606757 0.007387791295 0.007176709361 0.005650398787 0.005486065522 0.005438290536 0.004814383574 0.004713939037 0.004597088322 0.004559540655 0.004468994215 0.003990048543 0.003434715094 0.002926479327 0.002802937059
274,frag@139.03 loss@164.06 loss@210.06 loss@223.04 frag@125.02 loss@211.04 loss@184.98 frag@84.99 loss@178.09 loss@198.08 loss@372.05 frag@144.04 frag@112.02 frag@153.01 frag@155.04 frag@96.06 frag@135.06 loss@191.07 loss@184.04 loss@251.09,0.2567006648 0.1359497309 0.07576294988 0.03613295406 0.008724388666 0.007595745381 0.007392040454 0.006338093895 0.005981243216 0.004038463812 0.003815324977 0.003465868765 0.003328070045 0.003213739488 0.00317383022 0.003092417028 0.003090095473 0.00302576879 0.002931220457 0.002863544039
275,frag@141.07 loss@151.14 loss@195.99 loss@174.04 loss@168.03 loss@160.1 loss@280.94 loss@168.06 frag@141.08 loss@171.07 loss@171.96 loss@135.06 loss@254.01 frag@225.14 loss@243.03 loss@178.09 frag@123.05 loss@213.08 loss@176.11 loss@77.98,0.3942970634 0.03578460962 0.02237277478 0.01670656912 0.007483599707 0.005726026837 0.005440188572 0.005332096945 0.004654798191 0.004567485768 0.003189149313 0.003135156585 0.002869165735 0.002703291364 0.002510183491 0.002431011759 0.002305672504 0.002142550889 0.002071688417 0.001964057796
276,loss@210.05 frag@178.12 loss@218.03 frag@150.09 frag@120.04 frag@147.05 frag@126.04 frag@133.08 frag@187.12 frag@171.01 frag@101.95 frag@110.05 frag@72.94 frag@92.05 frag@134.01 loss@209.05 frag@125.01 frag@139.03 frag@314.13 frag@124.02,0.180550307 0.1522501409 0.1175153553 0.01669469289 0.01271170937 0.009404051118 0.007960313 0.007433485705 0.007397829089 0.006910999306 0.006905659568 0.006376219913 0.005757644773 0.005728450138 0.005256279837 0.004465276375 0.004366609734 0.00407414278 0.003603906371 0.003568430664
277,loss@111.07 loss@111.11 loss@183.03 frag@217.06 frag@156.98 frag@124.04 loss@294.0 frag@144.06 frag@151.03 loss@111.06 frag@62.02 frag@205.06 frag@179.05 frag@231.16 frag@185.08 frag@257.09 frag@45.03 frag@233.14 frag@188.08 frag@159.01,0.3104362488 0.02670680359 0.008769463748 0.008399653248 0.007472744677 0.00650524674 0.006178502925 0.00507063698 0.00488634361 0.004737990908 0.004667800851 0.004499800503 0.004498965573 0.004424601328 0.004339472856 0.003711859463 0.003511306131 0.003432925092 0.002903202549 0.002852428937
278,frag@44.98 frag@73.01 frag@70.99 loss@115.99 loss@155.02 loss@147.03 frag@72.0 loss@132.02 frag@58.99 loss@183.01 frag@172.03 loss@81.02 frag@303.09 loss@77.98 loss@112.03 frag@141.04 loss@139.04 loss@106.02 frag@114.04 loss@141.02,0.168635115 0.1253404915 0.04738899693 0.04385119304 0.02741192095 0.02487805113 0.02343856916 0.01939582638 0.01300586481 0.01135186385 0.005115898326 0.004757974762 0.004290345591 0.004211456981 0.003996239044 0.003219346283 0.003158488544 0.003120521549 0.002918095561 0.002779936418
279,frag@111.05 loss@292.06 loss@180.03 frag@139.99 frag@114.04 loss@312.06 frag@395.08 frag@171.95 loss@241.16 loss@185.12 loss@262.99 frag@219.12 frag@207.98 loss@275.14 loss@217.12 loss@253.12 frag@143.12 loss@255.04 frag@113.01 frag@381.17,0.2532113492 0.06177522615 0.04887204617 0.03386973962 0.00686831912 0.006370330695 0.004522140604 0.004434832837 0.004247405101 0.003956833389 0.003806004301 0.003751951503 0.003655989189 0.003538915189 0.003516075201 0.003460462671 0.002787596546 0.002549268305 0.002450009575 0.002207672223
280,loss@181.15 frag@46.07 frag@73.04 frag@178.08 frag@71.06 loss@256.15 frag@139.05 frag@225.16 loss@338.02 frag@181.06 frag@112.08 frag@110.1 loss@273.06 frag@45.04 loss@331.1 frag@153.07 frag@208.04 frag@55.03 frag@195.99 frag@315.07,0.2296632379 0.1420806348 0.05130174384 0.003567583393 0.002946318593 0.002746380866 0.002549930941 0.002413002774 0.002363380976 0.00232628407 0.002303150948 0.002179973526 0.002142548095 0.001966035925 0.001945300261 0.001945047174 0.001944642863 0.001941333292 0.001923757489 0.001875659334
281,frag@59.05 loss@209.15 loss@182.14 frag@203.1 frag@152.09 loss@168.13 loss@362.1 loss@202.17 loss@270.17 loss@250.1 loss@212.12 frag@208.04 loss@134.11 loss@275.01 frag@158.0 loss@238.12 loss@273.04 frag@142.12 loss@317.15 loss@261.12,0.2812682986 0.1002022848 0.09438176453 0.04231017455 0.01946029812 0.0113644544 0.009139801376 0.006624330301 0.005396123044 0.004837846849 0.003613073146 0.003564323531 0.003320497461 0.003082680283 0.003081168979 0.002968459157 0.002881316701 0.002686762018 0.002471883781 0.002435778268
282,frag@241.09 loss@285.04 frag@308.1 loss@144.02 frag@127.0 loss@211.0 frag@171.94 loss@218.98 loss@83.99 frag@122.94 frag@238.13 loss@197.07 loss@300.14 loss@158.03 loss@128.03 frag@342.03 loss@285.13 loss@190.04 loss@177.97 loss@281.03,0.1596806347 0.03999488428 0.03035607375 0.02292907052 0.02190850303 0.009696801193 0.008661800064 0.005036985967 0.004441391211 0.003564548446 0.002993576461 0.002649277449 0.002368170302 0.002284370828 0.002269965131 0.002218883252 0.002164209262 0.001959285932 0.001924735028 0.00189538463
283,frag@151.04 frag@179.07 frag@107.01 loss@539.22 loss@462.15 loss@196.07 frag@133.03 frag@187.04 loss@421.16 loss@168.04 loss@239.1 frag@165.05 loss@585.18 frag@78.05 frag@123.04 loss@176.08 loss@355.15 loss@449.19 frag@139.04 frag@135.08,0.1716545522 0.09605064988 0.02541310154 0.01767842844 0.006461180281 0.006371777039 0.005503951572 0.005323099438 0.005060573574 0.004785781261 0.004560448695 0.003849002998 0.003501295345 0.003476569895 0.003407714423 0.003037468996 0.002883455018 0.002836273983 0.002782046096 0.002749221632
284,frag@65.04 loss@109.03 loss@125.02 loss@86.01 loss@27.01 frag@92.05 loss@71.0 frag@118.05 frag@51.02 loss@94.02 loss@219.02 loss@87.02 loss@74.01 loss@127.03 loss@113.02 frag@90.03 loss@99.03 loss@98.01 loss@95.01 loss@54.02,0.2874147892 0.04852546379 0.03139281645 0.03020633198 0.02400160581 0.01863033138 0.01849094592 0.0176341515 0.01747140847 0.01664582826 0.01609298028 0.01573398709 0.01431777701 0.01401859708 0.0112201618 0.01094811317 0.01035231072 0.009322168306 0.009228282608 0.00844267197
285,frag@218.12 loss@309.16 loss@365.15 loss@215.16 frag@319.21 loss@317.11 loss@180.15 loss@162.1 frag@276.12 frag@400.18 frag@269.09 loss@308.15 frag@181.11 frag@235.97 frag@104.01 loss@102.12 frag@182.01 frag@297.13 loss@432.15 frag@241.14,0.1134035289 0.04522721842 0.03873942047 0.03385473043 0.02144435421 0.01891337894 0.01210312452 0.00775586348 0.006623512134 0.006049001124 0.004885954317 0.004608965479 0.004565322772 0.004539724439 0.004421500489 0.004411294591 0.004406320862 0.004172352143 0.003660591552 0.003641981632
286,frag@87.04 loss@230.0 frag@43.02 frag@45.03 loss@421.16 frag@57.03 frag@97.03 frag@69.03 loss@445.16 loss@264.16 frag@71.05 frag@71.01 frag@127.04 loss@185.11 loss@227.15 loss@113.01 loss@744.25 frag@173.95 frag@287.06 loss@349.09,0.2440290004 0.03190543875 0.01707175747 0.01372688636 0.01073930971 0.004915784579 0.004163268022 0.004103570711 0.004056491423 0.003860545345 0.002682798542 0.002349507995 0.002269036602 0.002104775282 0.002053845907 0.002011209028 0.001951198909 0.001913307817 0.001906538382 0.001865102677
287,loss@74.04 loss@102.03 loss@90.03 loss@103.04 frag@174.08 frag@245.1 frag@239.09 frag@220.04 frag@181.01 frag@281.07 frag@179.01 loss@94.01 frag@326.14 loss@200.94 loss@87.04 loss@80.97 frag@342.1 frag@285.11 frag@76.93 loss@73.03,0.1044502407 0.05783035606 0.05216153339 0.04122242332 0.03947014734 0.03096174635 0.03051328659 0.01971820928 0.01881036535 0.01667890698 0.01336522307 0.01169485506 0.0114219198 0.007916999049 0.007350726519 0.006765759084 0.006235746667 0.005919034127 0.005344165023 0.005257502664
288,loss@143.09 loss@125.08 frag@126.09 frag@45.03 frag@62.02 frag@260.14 frag@155.12 frag@73.04 frag@83.09 frag@173.95 frag@55.05 frag@112.08 frag@257.09 frag@124.08 frag@59.05 frag@249.04 frag@194.97 frag@41.04 frag@119.03 frag@213.0,0.1998813152 0.1860105544 0.01102466788 0.01038726699 0.008334289305 0.007381419186 0.007330619264 0.007117151283 0.007011820097 0.005824523047 0.005470240023 0.004846595228 0.004828254692 0.004368161317 0.004361478146 0.004359712824 0.004265493713 0.004249395337 0.004237840883 0.004150949884
289,frag@55.05 frag@98.06 frag@83.09 loss@197.14 loss@195.16 loss@214.17 loss@183.13 loss@185.14 loss@139.14 loss@167.13 loss@215.15 loss@169.15 loss@332.09 frag@69.07 loss@209.13 loss@231.15 loss@226.17 loss@168.13 loss@186.14 loss@207.99,0.2429144382 0.05585449189 0.04728687555 0.02640199475 0.02145650424 0.02025079727 0.01998570375 0.01874200441 0.0165046528 0.01649604738 0.01499195863 0.01346129365 0.01323794201 0.01119782031 0.008248829283 0.008220478892 0.007211236283 0.007073788904 0.006859761663 0.006852196064
290,loss@216.13 loss@252.09 loss@242.11 loss@237.1 frag@93.03 frag@187.98 loss@241.04 frag@89.07 frag@127.09 loss@188.11 frag@114.0 frag@162.0 frag@151.08 frag@120.04 frag@74.93 frag@198.15 frag@141.03 frag@110.05 frag@125.06 loss@315.15,0.1219415069 0.05761284381 0.05371439457 0.05110279098 0.02525888011 0.02448426746 0.02005185932 0.01795682497 0.01683394611 0.01174552832 0.009279156104 0.008620126173 0.008265193552 0.007210663054 0.007161105517 0.006931514479 0.006814695895 0.00676437607 0.006748537999 0.006465634331
291,frag@112.04 frag@130.01 loss@232.02 loss@194.15 frag@151.1 frag@176.13 frag@139.99 loss@313.19 loss@148.04 loss@206.04 loss@302.05 frag@244.11 frag@168.06 loss@218.01 frag@136.04 loss@230.04 loss@155.01 loss@223.05 loss@140.0 frag@212.08,0.1526329219 0.07169742882 0.03937881812 0.03110994212 0.02457101271 0.02455967478 0.02412816696 0.01519137248 0.01206841599 0.01076795161 0.01005937345 0.006890648045 0.006609787233 0.004548328463 0.004361276049 0.004032729194 0.00400576368 0.003808275796 0.00379488687 0.003762359964
292,loss@164.04 frag@128.09 frag@155.07 frag@297.17 frag@191.03 frag@110.01 frag@122.94 frag@163.03 frag@186.1 frag@164.04 frag@149.03 frag@189.1 frag@136.02 frag@122.04 frag@286.11 frag@314.13 frag@175.06 frag@209.02 frag@149.02 frag@152.07,0.2589893043 0.01541364565 0.006196859758 0.004715837538 0.004382795189 0.004257043358 0.004194679204 0.003021296347 0.002933281241 0.002819191664 0.002681670943 0.002649709349 0.002409085166 0.002379202517 0.002243497875 0.002238396322 0.002225132659 0.00218004128 0.001987821423 0.001985068899
293,frag@162.04 loss@254.09 frag@190.03 loss@259.09 frag@236.11 loss@154.9 loss@369.18 frag@114.06 loss@155.09 loss@136.08 frag@157.06 frag@317.09 loss@294.06 loss@80.21 loss@148.08 frag@44.98 loss@120.06 loss@123.07 frag@141.04 loss@170.97,0.2354608178 0.1165587232 0.02970133536 0.005712363403 0.004323841073 0.003783867462 0.003154943464 0.0024118945 0.002308123512 0.002212990774 0.002210162347 0.002166903578 0.002157604787 0.002052525291 0.002032793593 0.00203255727 0.001933870604 0.001918086433 0.001878300449 0.001734349644
294,frag@69.07 frag@83.09 frag@55.05 frag@67.05 loss@252.05 loss@96.06 frag@41.04 loss@199.16 loss@328.19 loss@105.08 loss@726.37 frag@57.07 frag@74.02 loss@187.12 frag@111.12 frag@43.05 frag@97.1 loss@23.05 loss@142.1 loss@289.19,0.2336054742 0.04538579658 0.02268388681 0.02149324864 0.01772591285 0.01407323405 0.01349587459 0.01191300433 0.01170896553 0.01030472387 0.009818003513 0.008959573694 0.008936593309 0.008821851574 0.008666021749 0.00824670773 0.007607815787 0.007250341587 0.006961927749 0.006346074864
295,loss@259.11 frag@74.1 frag@84.08 frag@84.09 frag@45.03 frag@179.09 frag@181.06 frag@42.03 frag@138.09 frag@463.24 frag@70.07 frag@98.02 frag@232.13 frag@111.99 frag@228.11 frag@98.08 frag@198.15 frag@178.08 frag@241.11 frag@115.09,0.29037866 0.0041479785 0.003905346617 0.002974350937 0.002860858105 0.002677736804 0.00254773465 0.002540481742 0.002526541008 0.002398762153 0.002388323657 0.002333966317 0.002180129988 0.002081025159 0.0020717273 0.001970049925 0.00187817961 0.001858138479 0.001834043302 0.001830448397
296,loss@228.08 loss@217.15 loss@275.06 frag@123.08 frag@106.04 frag@131.09 frag@231.02 frag@240.12 frag@376.15 frag@117.07 frag@91.06 frag@109.06 frag@147.08 frag@170.04 frag@109.07 frag@119.09 frag@174.13 frag@91.05 frag@116.93 frag@102.04,0.1875578314 0.06587654352 0.04145018384 0.02065494843 0.01373108942 0.009352287278 0.00708982721 0.006387840956 0.006313721184 0.005181570072 0.004935608711 0.004727110732 0.004713938106 0.004640950356 0.004283933435 0.004267777316 0.00425122818 0.004190936219 0.004062657245 0.003936085384
297,loss@191.06 frag@286.05 loss@191.04 loss@351.13 frag@181.09 frag@156.99 frag@56.96 frag@254.12 frag@165.08 frag@199.12 frag@209.02 frag@149.02 frag@172.02 frag@176.07 loss@1.01 loss@163.06 frag@133.07 frag@136.03 frag@98.04 frag@131.04,0.2556606233 0.02018740959 0.01424988452 0.01159809064 0.005664679687 0.005225738976 0.004262448289 0.003808546811 0.003795875236 0.003783731721 0.003695921041 0.003677862696 0.003498457139 0.003426574171 0.003257421311 0.003199559171 0.002958773402 0.002919601742 0.00291256723 0.002893832745
298,frag@185.04 loss@181.04 loss@237.05 loss@315.13 loss@168.11 loss@242.1 frag@275.18 loss@266.08 loss@181.02 loss@312.1 frag@125.03 frag@172.07 frag@291.12 frag@241.02 loss@323.06 loss@276.11 frag@309.13 frag@92.06 frag@125.01 frag@184.03,0.1716950238 0.07492667437 0.04158907011 0.03362756968 0.01736562885 0.01673701778 0.01660301723 0.01617616042 0.0125957476 0.005555923097 0.005224495195 0.004199421499 0.003695899853 0.00351543515 0.003489450086 0.003219407517 0.003010385903 0.0029960752 0.002956802724 0.002906545764
299,loss@196.05 frag@197.04 frag@141.04 loss@198.05 frag@180.05 frag@344.17 loss@100.99 frag@381.17 loss@140.03 loss@180.06 frag@188.04 loss@255.07 frag@135.03 loss@166.97 frag@163.02 loss@170.08 loss@305.1 frag@181.04 loss@170.04 frag@169.06,0.1422600895 0.1409103572 0.09337502718 0.02791249752 0.006169482134 0.003919991199 0.003059834009 0.002846850315 0.002747143386 0.002409249078 0.002284719842 0.002235083375 0.002163768979 0.00205516885 0.001998913242 0.00193571602 0.001827972126 0.001792331226 0.001755357953 0.001738254214
300,frag@123.01 loss@166.03 frag@213.02 frag@93.03 frag@53.04 loss@120.03 frag@118.04 frag@139.04 frag@106.07 loss@111.03 loss@139.03 loss@153.04 frag@51.02 loss@95.08 loss@69.02 frag@109.03 frag@365.14 frag@123.04 loss@200.02 frag@79.04,0.1893253922 0.006611969322 0.00411714334 0.003829194698 0.00307233911 0.002651423216 0.002577911131 0.002400101628 0.002363543725 0.002152343048 0.002062014071 0.001958805835 0.001879798132 0.001863081474 0.001824170817 0.001740601147 0.001717514475 0.00165304984 0.001635438646 0.001571643865
301,frag@202.97 loss@141.1 loss@291.07 frag@216.05 loss@188.97 loss@173.0 frag@225.99 loss@135.02 loss@102.03 frag@172.97 loss@261.08 loss@335.21 loss@115.08 loss@101.04 loss@228.94 loss@182.02 loss@150.02 loss@133.09 frag@172.96 frag@127.09,0.3083840609 0.007743274327 0.007179609966 0.00573758129 0.005722910166 0.004566774238 0.004528529476 0.004401085898 0.003977033775 0.003580259858 0.003557165386 0.003437497653 0.003393986262 0.002789661288 0.002754861955 0.002716446063 0.002583159832 0.002550224308 0.002490424085 0.002445770893
302,frag@280.11 frag@252.11 frag@203.09 frag@297.16 frag@191.07 frag@208.1 loss@421.99 frag@263.14 loss@407.15 loss@161.12 loss@397.08 loss@136.09 loss@2.0 loss@136.08 loss@156.07 loss@196.04 loss@347.18 frag@178.01 loss@111.06 loss@153.12,0.07985313237 0.07572638243 0.06110885367 0.02742261812 0.01097630896 0.009616930969 0.007537967991 0.007097148336 0.00652950909 0.006493566092 0.005906501785 0.005390139297 0.004318830092 0.004269734956 0.00425406266 0.003942558542 0.003851642832 0.003700378584 0.003433584701 0.003325583879
303,frag@106.07 frag@177.09 loss@200.02 loss@236.03 frag@142.01 loss@292.1 frag@106.06 loss@197.11 loss@264.06 frag@176.07 frag@264.05 frag@171.01 loss@193.02 frag@123.01 frag@134.06 loss@200.05 loss@338.13 loss@244.12 loss@277.15 frag@148.08,0.2405480444 0.05293056741 0.04263102263 0.02498127148 0.01989708282 0.004807584919 0.003434859915 0.003355169436 0.003148917109 0.002881081309 0.002871497301 0.002786540892 0.002578516724 0.002420638921 0.002398348413 0.002330056624 0.002295364626 0.002287836978 0.00224728859 0.002212500433
304,frag@135.03 frag@134.02 frag@163.02 frag@147.03 frag@161.01 frag@151.02 frag@160.02 frag@84.99 loss@120.06 frag@165.06 frag@116.03 frag@236.11 loss@237.08 frag@336.08 frag@109.01 loss@320.1 frag@123.03 frag@111.03 frag@152.05 frag@141.04,0.06652995199 0.03332412615 0.02500842698 0.004802893382 0.003438057145 0.003143082606 0.002770706778 0.002270151395 0.002030269476 0.002011629054 0.001963975606 0.001918741735 0.001868903404 0.001854961272 0.001836355543 0.001833734801 0.001730582328 0.001631811843 0.001621826552 0.001613307046
305,loss@260.16 frag@181.11 frag@353.16 loss@291.05 loss@236.16 frag@231.15 loss@252.18 frag@98.07 loss@298.18 frag@112.09 frag@341.19 loss@295.14 frag@56.01 frag@120.07 frag@123.02 frag@146.12 frag@350.13 loss@298.13 frag@169.01 loss@298.06,0.148262307 0.05031437054 0.02761275694 0.01576276496 0.008833681233 0.007822327316 0.005576547701 0.005118125584 0.005039985292 0.004839573521 0.004832031205 0.004707034212 0.003992585465 0.003453463316 0.003415617859 0.003349905135 0.003149921773 0.003142613918 0.002985939849 0.002946950961
306,frag@173.55 loss@473.29 loss@445.16 frag@57.03 frag@97.03 loss@262.18 loss@479.16 loss@805.41 frag@83.05 frag@71.05 frag@73.03 loss@161.14 loss@402.14 frag@85.03 loss@444.16 loss@833.44 loss@744.25 loss@250.06 loss@265.08 loss@388.11,0.2083419561 0.02840982564 0.02011341788 0.01380382106 0.01242176909 0.0106013678 0.009533185512 0.008798876777 0.00727317296 0.006150003988 0.006020550616 0.005706891418 0.005520608276 0.005293420516 0.004387453198 0.004253550433 0.00409218343 0.004046983086 0.003876746632 0.0036990589
307,loss@122.07 frag@201.09 loss@240.08 frag@241.05 loss@157.13 loss@129.15 loss@197.99 loss@324.12 frag@174.01 frag@178.05 frag@199.06 loss@204.16 loss@150.07 frag@171.08 frag@165.09 frag@270.11 frag@173.1 frag@115.04 frag@190.06 frag@339.09,0.1365921348 0.1230162382 0.1181438193 0.1111102626 0.0276650805 0.01901605166 0.01881202869 0.01663807593 0.005603190511 0.005384929013 0.005045372993 0.004263347946 0.004247034434 0.004078373313 0.003406229196 0.003319536569 0.003301144112 0.003186039627 0.003087534104 0.003056711284
308,frag@109.04 frag@127.05 loss@222.09 loss@214.08 loss@165.1 loss@151.08 loss@147.09 frag@149.08 loss@192.07 loss@136.03 loss@193.03 loss@337.15 loss@165.14 loss@194.07 loss@260.11 loss@202.15 loss@125.06 loss@238.07 loss@216.07 loss@281.12,0.3332993388 0.07018514723 0.03015457466 0.02656988055 0.02454632893 0.0225885231 0.01669391431 0.01321526058 0.01254809089 0.01161321346 0.01068540942 0.009858882986 0.009406047873 0.009125979617 0.009036128409 0.008731679991 0.008273645304 0.008265828714 0.008055476472 0.007974439301
309,frag@139.06 frag@202.06 loss@259.14 loss@166.12 frag@203.04 loss@218.15 loss@206.1 frag@184.14 frag@309.13 loss@234.18 loss@233.16 loss@207.13 loss@192.14 loss@204.14 loss@177.11 loss@162.08 loss@247.14 loss@200.13 frag@98.07 loss@250.11,0.1423033327 0.1090307757 0.08146750182 0.06517598778 0.05546438694 0.02978972718 0.01682572253 0.009652287699 0.007845241576 0.00670737261 0.006652208976 0.00659618387 0.005932527129 0.004353778437 0.003944836091 0.003683006857 0.003620066447 0.003529982409 0.003511981806 0.003223017557
310,loss@132.06 frag@262.16 frag@234.97 frag@187.98 frag@291.15 loss@197.97 frag@176.13 frag@143.08 frag@104.06 frag@144.07 frag@148.04 frag@177.1 frag@51.03 frag@240.12 frag@133.06 frag@237.02 frag@311.18 frag@161.06 frag@56.96 frag@332.06,0.3155604005 0.05944336578 0.04707445577 0.02853178233 0.008656409569 0.006978578866 0.005241679959 0.004669262096 0.004078150727 0.004052448552 0.003938119859 0.003830684582 0.003659406677 0.003502227133 0.003147515235 0.003107594093 0.002998334356 0.00279366388 0.002530636499 0.002451680135
311,loss@201.05 loss@271.05 loss@194.04 frag@57.99 loss@256.07 loss@312.1 frag@85.01 frag@241.02 frag@111.03 frag@53.04 frag@147.03 loss@175.01 frag@81.03 frag@120.04 frag@133.04 frag@113.01 loss@215.04 frag@93.03 frag@135.09 frag@109.01,0.08668130636 0.04174384847 0.03953868523 0.03746011481 0.0236406941 0.02214129642 0.01311499439 0.01078571938 0.009349857457 0.008719656616 0.007820659317 0.007663022261 0.005632322282 0.005422011483 0.004935618956 0.004679833539 0.003753237892 0.00361644337 0.003570073983 0.003505935892
312,frag@148.08 frag@160.1 loss@241.01 frag@120.08 loss@269.08 loss@234.14 loss@244.05 frag@176.07 loss@288.11 frag@207.98 loss@260.12 frag@159.09 loss@166.02 loss@222.13 loss@217.05 loss@192.09 loss@185.05 loss@191.1 loss@247.09 frag@138.09,0.299967438 0.02258411236 0.006663797889 0.004824553616 0.003945510369 0.003839762649 0.003571903333 0.003098684596 0.00302715227 0.002916438272 0.002863002941 0.002764664358 0.002627631417 0.002590965014 0.002461204072 0.002392626833 0.002385422587 0.002354729455 0.002332371194 0.002276573563
313,loss@204.13 frag@203.12 loss@263.14 frag@188.11 frag@161.11 frag@123.05 frag@243.16 frag@190.11 frag@148.08 frag@148.09 frag@110.99 frag@120.07 frag@111.99 loss@243.14 frag@143.12 frag@149.08 frag@334.14 frag@162.08 frag@147.07 frag@144.14,0.3248655498 0.22324045 0.03208087757 0.01099158172 0.01088052895 0.008369150572 0.008006045595 0.007212009281 0.005977039225 0.005667842459 0.005659793969 0.0053226077 0.005297656171 0.005159899592 0.005003671162 0.004846787546 0.004369118251 0.003684113501 0.003556383075 0.003332546912
314,frag@232.09 loss@138.1 loss@201.13 loss@338.1 frag@220.09 loss@132.06 frag@173.95 loss@289.05 frag@148.04 loss@309.15 frag@262.16 loss@302.08 frag@155.94 frag@134.99 loss@78.99 loss@138.09 frag@258.16 loss@229.01 loss@62.96 loss@138.07,0.2403096408 0.007954322733 0.005095164292 0.003746207105 0.003692963859 0.003360461909 0.00283415732 0.002781962277 0.002639704151 0.002428307431 0.002051470336 0.001917054993 0.001868992462 0.001852860441 0.001843950362 0.001821575337 0.001791222719 0.001729633543 0.001684724819 0.001673564198
315,frag@280.14 loss@60.04 frag@419.1 loss@246.94 frag@337.15 frag@277.05 frag@180.05 frag@157.09 frag@235.97 loss@49.99 frag@217.05 loss@67.04 frag@221.11 loss@140.04 frag@419.14 loss@95.04 loss@91.95 frag@214.07 loss@146.14 loss@340.08,0.1036765054 0.09787757695 0.01462457236 0.01186227892 0.005724422168 0.003462659661 0.003099604044 0.00291933096 0.00252974336 0.002322607907 0.002316729166 0.00226764218 0.002174631925 0.00210221298 0.002063318854 0.00201721536 0.002003170783 0.002001631772 0.001891555265 0.001857853145
316,loss@214.13 loss@252.15 loss@228.15 frag@67.06 loss@243.16 frag@156.14 frag@86.06 frag@70.03 frag@112.08 frag@200.03 frag@114.05 frag@124.11 frag@67.05 frag@129.1 loss@187.12 loss@321.11 frag@101.11 frag@177.11 frag@225.16 frag@130.12,0.105781205 0.07753176242 0.06697182357 0.0117570255 0.009127127938 0.007934493944 0.007491855416 0.005749864038 0.005548043642 0.005251675379 0.005040274002 0.005017790012 0.004955411423 0.004861141089 0.004829360172 0.004718568176 0.004456205759 0.004185745027 0.003815124277 0.003605248639
317,frag@107.05 loss@327.15 loss@310.13 loss@355.15 frag@135.08 frag@79.05 loss@279.11 loss@359.12 loss@314.09 loss@181.13 loss@240.08 loss@239.1 frag@95.05 loss@329.13 loss@306.1 frag@125.06 loss@335.12 frag@161.1 loss@281.11 loss@334.12,0.2972534001 0.03865919635 0.02365008928 0.02029093541 0.01741803251 0.01710532606 0.0159314312 0.01554585434 0.01260860544 0.01249630656 0.01199999079 0.01194561645 0.01061873138 0.009892805479 0.009355240501 0.009276071563 0.00908818841 0.00798083283 0.007735157851 0.007696027402
318,frag@128.03 frag@126.01 loss@397.09 frag@99.0 loss@317.16 frag@103.03 loss@223.04 loss@167.03 loss@184.04 loss@208.05 loss@128.99 loss@107.0 loss@0.02 loss@169.99 frag@285.12 loss@145.95 frag@86.01 loss@142.03 loss@160.97 loss@223.03,0.1959500611 0.07958839834 0.04308226705 0.02405323274 0.01793990657 0.01594716497 0.01361660939 0.007403511554 0.005467619281 0.004384574015 0.004150542431 0.003612363013 0.003488705028 0.003105045529 0.003029589774 0.00302704866 0.002997385105 0.002987547079 0.002916213823 0.002830565907
319,loss@170.11 frag@73.06 frag@114.0 frag@84.09 frag@84.08 frag@112.08 frag@246.08 frag@223.02 frag@355.2 frag@83.09 loss@184.12 frag@239.21 loss@153.12 frag@191.15 frag@178.12 frag@337.06 frag@275.19 frag@126.08 frag@233.13 frag@85.04,0.3348105252 0.01879372634 0.007447392214 0.007243084256 0.006434994284 0.006040011998 0.003927320708 0.00381678273 0.003600605763 0.003231412033 0.003107604105 0.003027060768 0.002844979987 0.002772696083 0.002726064762 0.002602659399 0.002508851001 0.002467459301 0.002435016446 0.002398274606
320,loss@200.07 loss@293.06 frag@157.06 frag@141.03 frag@111.05 frag@156.04 frag@228.06 frag@173.06 frag@412.32 frag@217.1 frag@190.06 frag@171.02 frag@228.03 frag@256.06 frag@133.04 frag@347.19 frag@159.04 frag@268.09 frag@349.07 frag@196.05,0.2394432276 0.01432604063 0.01368246134 0.005463969894 0.005029096734 0.004787737038 0.004700792488 0.004587484524 0.004173868336 0.004076383542 0.004066844936 0.003896913724 0.003695852123 0.003554094816 0.003199480474 0.00310815149 0.002812211169 0.002735665068 0.002528944984 0.002485935576
321,loss@174.09 frag@85.08 loss@201.14 frag@86.08 frag@100.08 frag@56.05 frag@84.08 loss@239.97 frag@130.1 frag@126.0 frag@55.03 frag@86.06 frag@99.05 frag@129.1 loss@203.12 loss@146.18 frag@110.1 frag@98.07 frag@349.13 frag@244.13,0.2838196158 0.2420151532 0.02118599787 0.006446367595 0.004439193755 0.003381985705 0.002980286721 0.002805931494 0.002723165089 0.002620869782 0.002588920528 0.002482600277 0.00248091016 0.002371885581 0.002212810563 0.002139531542 0.002138310112 0.002108465182 0.002096828772 0.00204365002
322,frag@174.05 loss@396.19 loss@166.09 loss@149.01 loss@119.05 loss@300.17 loss@110.0 loss@158.01 loss@230.11 loss@144.0 loss@194.04 loss@236.11 loss@355.07 loss@258.08 frag@87.09 loss@186.13 loss@218.13 frag@267.09 loss@144.04 frag@255.06,0.3769756556 0.05219860375 0.004748994485 0.003568224376 0.00345570012 0.003280669451 0.003239703365 0.002964459592 0.00284753181 0.002740176627 0.002635282464 0.002595498925 0.002532226965 0.00247650547 0.00237309956 0.002143682214 0.002075099619 0.001978198998 0.001977718435 0.001933518797
323,loss@128.08 frag@198.04 loss@115.0 frag@167.07 loss@263.98 frag@170.1 frag@202.08 loss@297.02 frag@169.09 frag@276.06 loss@80.07 frag@288.08 loss@287.97 loss@118.09 frag@196.08 frag@245.08 loss@141.1 frag@204.07 loss@168.08 frag@365.1,0.1266062111 0.07031806558 0.01936038956 0.01424071938 0.01146090776 0.01069419179 0.01008318923 0.008785438724 0.008715244941 0.006714943331 0.005464250222 0.005427670665 0.005017640535 0.004873198923 0.003745407099 0.003668607678 0.003509200178 0.003286510473 0.003225292778 0.002988576191
324,frag@189.08 frag@162.07 loss@195.12 loss@205.1 loss@165.07 loss@258.11 loss@188.07 frag@136.03 loss@336.14 loss@236.11 loss@165.09 loss@206.12 loss@242.12 frag@302.22 loss@222.12 loss@177.09 loss@176.08 loss@331.06 loss@197.05 loss@275.07,0.3038033247 0.007605255581 0.005152837373 0.002989735454 0.002548772609 0.002448457759 0.002446893835 0.002440414857 0.002321127569 0.002212089021 0.002195793437 0.002165524755 0.002070832765 0.001869866275 0.001844224404 0.00183629978 0.001647377037 0.001633832231 0.001611232525 0.001574083231
325,frag@192.1 loss@164.08 frag@127.01 frag@177.08 frag@165.09 frag@148.08 frag@190.09 loss@225.13 loss@150.09 frag@160.1 loss@191.1 frag@178.09 frag@162.09 loss@185.03 frag@176.07 frag@150.07 loss@190.15 loss@351.13 loss@307.14 loss@255.11,0.2129497379 0.02325078659 0.01564865559 0.01420958992 0.0108984923 0.009385013953 0.009027110413 0.007188378368 0.007099392358 0.004699614365 0.004623274319 0.003218334867 0.00300462381 0.002815496642 0.002749961801 0.002611199394 0.002605097136 0.002602137392 0.002459231531 0.002324078698
326,frag@197.07 frag@225.07 frag@198.08 loss@146.05 loss@145.05 loss@221.98 frag@170.06 frag@100.02 loss@203.02 frag@170.08 loss@474.25 frag@204.07 loss@120.05 loss@150.01 loss@99.1 loss@80.07 frag@186.05 loss@188.09 loss@142.02 loss@118.11,0.106642656 0.100758031 0.06815315038 0.004960531369 0.00451231841 0.003677996108 0.003291063011 0.003238476813 0.002893493744 0.002889466239 0.002499673516 0.002374900272 0.002281812718 0.002204251708 0.002196434885 0.002140941564 0.002063565422 0.002050314564 0.002033338649 0.002032133751
327,frag@152.08 loss@275.04 frag@216.15 loss@254.01 loss@258.14 loss@179.07 frag@124.09 loss@305.16 loss@181.09 frag@96.06 frag@146.07 frag@201.02 loss@221.12 frag@345.19 frag@134.07 frag@109.08 loss@210.0 frag@97.04 loss@225.05 loss@214.96,0.2544550896 0.05307410285 0.0274137985 0.024075808 0.006456124596 0.005500468891 0.004841811955 0.004207564052 0.003727694973 0.003622576827 0.003619318595 0.003511861898 0.003420116613 0.003413179889 0.003288186388 0.003183893627 0.002994603012 0.002880773041 0.002873879857 0.002848618897
328,loss@249.07 frag@196.02 loss@275.05 frag@198.15 frag@326.18 loss@221.08 frag@168.96 frag@98.11 loss@249.06 frag@235.97 frag@98.03 loss@235.05 frag@90.05 frag@184.02 loss@259.11 frag@55.03 frag@84.07 frag@144.14 frag@150.01 frag@123.0,0.1726008654 0.1184426695 0.01167028118 0.008418786339 0.006275175139 0.005163271911 0.004825368058 0.004549609963 0.00442691613 0.004400151782 0.004233808722 0.00410803454 0.00395321846 0.003758751089 0.003314520931 0.003283910919 0.003219769802 0.003094219835 0.003087790916 0.002944173058
329,frag@159.02 loss@240.03 loss@210.01 frag@93.03 loss@158.07 frag@220.02 loss@160.09 frag@198.94 loss@231.03 frag@262.16 loss@241.04 frag@81.06 loss@254.99 frag@173.04 loss@100.99 loss@185.07 frag@122.04 loss@195.99 frag@107.02 loss@250.15,0.2615665495 0.0698909238 0.05435303599 0.003195775207 0.003094400512 0.002657015808 0.002482942306 0.00235062954 0.002168835374 0.002115051029 0.002061309293 0.002014328958 0.001824296312 0.001730850316 0.001500706654 0.001498170546 0.00149701722 0.00148690457 0.001471433323 0.001462060842
330,frag@169.08 loss@162.04 frag@168.07 frag@214.1 loss@151.02 loss@194.02 frag@183.09 frag@202.04 loss@136.08 loss@297.03 frag@141.06 frag@154.06 frag@186.1 frag@156.07 loss@108.07 loss@172.06 frag@201.07 loss@191.07 loss@347.18 frag@181.08,0.09443344921 0.08374594897 0.07202125341 0.05552504584 0.04920607433 0.04787544534 0.04353454337 0.03106597811 0.02329318598 0.01058521308 0.01004565507 0.00975747034 0.008148808964 0.006866042968 0.006644518115 0.006528236438 0.006170979235 0.005139908753 0.005114838481 0.004937390797
331,loss@241.09 frag@293.14 loss@216.04 loss@139.02 frag@125.02 loss@223.03 frag@138.01 frag@299.07 frag@148.02 frag@125.99 frag@174.04 loss@285.13 frag@353.09 loss@251.01 frag@139.99 loss@273.07 frag@188.05 frag@147.03 frag@188.04 loss@221.12,0.1177951992 0.04906912893 0.03470703959 0.02353974618 0.01348608453 0.01269222237 0.01268500555 0.01013720036 0.008311230689 0.007971448824 0.00784276519 0.006271969993 0.005708445795 0.005002980586 0.004887836054 0.00475676544 0.004649798386 0.004542222712 0.004487807862 0.004109115805
332,loss@296.16 loss@314.17 frag@323.13 frag@274.05 loss@216.97 frag@196.06 loss@256.15 loss@349.1 loss@212.14 loss@177.15 loss@297.1 loss@306.07 frag@301.04 frag@98.05 frag@129.02 frag@273.1 frag@184.01 loss@305.19 frag@156.02 frag@101.03,0.05640551448 0.04304889962 0.04174205661 0.0360657759 0.01771051064 0.0176716391 0.01741510257 0.01304853521 0.01195211522 0.01164181624 0.008589669131 0.008555749431 0.008396006189 0.005991943181 0.004591455683 0.004573816899 0.004366220906 0.004199329764 0.003996457439 0.00391806988
333,loss@229.03 frag@256.05 loss@157.04 frag@228.03 frag@98.05 loss@129.04 frag@95.01 frag@150.06 frag@111.03 frag@209.14 loss@158.07 loss@185.07 frag@140.03 loss@145.03 loss@141.04 frag@210.15 frag@72.94 frag@59.0 frag@173.04 frag@113.03,0.07112309337 0.06918746978 0.06472527981 0.04022161663 0.02377767302 0.01580336876 0.00946152769 0.007393803447 0.007191593759 0.003882427467 0.003668559715 0.003403197508 0.003259068122 0.003251523012 0.00321497838 0.003182958579 0.002956385026 0.002950906288 0.002789965132 0.002713744063
334,frag@121.03 loss@215.1 loss@220.17 loss@217.98 frag@111.04 loss@297.15 frag@65.04 frag@93.03 loss@183.15 frag@128.97 frag@177.09 frag@279.09 loss@302.15 loss@419.12 loss@225.13 loss@282.14 loss@321.16 loss@228.05 loss@211.14 frag@123.01,0.2701314092 0.07663390785 0.03366678581 0.02631310374 0.01838205941 0.01653658599 0.0164579004 0.01177452412 0.01169155631 0.01050498337 0.007257810328 0.006638932042 0.006551445462 0.006218900438 0.006172991823 0.005083860364 0.004537831061 0.00433901092 0.004295281135 0.0042903875
335,frag@169.01 loss@241.18 loss@274.13 loss@325.15 loss@241.16 frag@125.99 frag@395.08 loss@236.16 frag@139.01 frag@129.01 loss@262.13 loss@255.04 loss@226.08 frag@139.99 loss@212.04 loss@241.14 loss@286.17 loss@199.1 loss@239.1 loss@217.15,0.3227511644 0.1006160825 0.09958840907 0.02230836079 0.02023303695 0.01826194488 0.008820821531 0.008214022964 0.006655781064 0.005606817082 0.004698443692 0.004619466607 0.003881437704 0.003708335338 0.003244768595 0.003060943214 0.00303600356 0.003015612252 0.002994094044 0.002674813848
336,frag@235.97 loss@233.99 loss@309.13 loss@294.01 frag@218.0 frag@189.14 frag@220.06 frag@206.06 frag@152.98 loss@169.02 loss@244.56 frag@413.16 frag@275.18 frag@188.11 frag@327.08 frag@153.0 frag@295.14 frag@279.09 frag@105.0 frag@133.09,0.0910102427 0.06201057509 0.03343755379 0.01460491121 0.009598279372 0.005375491455 0.004200311843 0.003741853405 0.003718905617 0.002598017221 0.002462188248 0.002461006865 0.002429161454 0.002268120879 0.002243109047 0.001873168279 0.001846299856 0.001757235732 0.001732703531 0.001704817987
337,loss@196.03 frag@178.07 frag@83.03 frag@124.06 loss@145.03 frag@160.05 frag@110.02 frag@112.06 loss@174.11 frag@147.05 frag@141.03 frag@97.04 frag@216.1 frag@209.14 frag@123.08 frag@129.02 frag@384.2 frag@102.04 frag@156.03 frag@190.06,0.2533324063 0.02804903686 0.008042600937 0.007641147822 0.007502780762 0.007189269178 0.00639269501 0.005750981625 0.005395587068 0.005293789785 0.004880380351 0.004718474578 0.004662897438 0.004208698403 0.00415745005 0.003948374186 0.0037133554 0.003664196935 0.003507592948 0.003405609168
338,frag@192.06 loss@196.06 loss@155.04 frag@218.04 loss@150.01 frag@293.1 loss@204.97 frag@163.03 frag@300.17 frag@186.1 frag@153.01 loss@325.06 loss@288.02 frag@125.03 frag@190.04 loss@205.06 loss@175.01 loss@250.11 loss@386.01 loss@224.03,0.1653367877 0.1213283762 0.05519290641 0.04350230098 0.02770011686 0.01968895271 0.01198489498 0.009137623943 0.00830811169 0.007761016022 0.007275866345 0.007072828244 0.006827439182 0.005552584305 0.005152632482 0.004865554627 0.004332851619 0.003933379427 0.003883429803 0.003760788124
339,frag@123.09 frag@122.08 frag@137.11 loss@331.19 loss@205.0 loss@313.06 frag@81.06 loss@237.18 loss@159.99 frag@149.0 loss@291.21 loss@256.17 frag@163.01 loss@257.16 loss@258.99 loss@157.07 loss@275.04 loss@228.14 loss@234.22 frag@111.09,0.2095548064 0.04284069687 0.02821911313 0.0218972303 0.02025904506 0.01507012639 0.01440282725 0.01059070695 0.008768152446 0.007077926304 0.006371369585 0.006121188402 0.006049047224 0.005609840155 0.005148470867 0.004780086223 0.004424409941 0.004309974145 0.003936090507 0.003927760292
340,loss@158.11 frag@74.02 frag@139.02 frag@152.05 frag@188.9 frag@87.04 loss@172.12 frag@175.07 frag@208.03 frag@409.2 frag@168.11 frag@176.04 frag@184.96 frag@88.08 frag@180.05 frag@246.15 frag@202.16 frag@336.08 frag@307.19 frag@239.12,0.3439054489 0.01086553559 0.005872023758 0.005836485419 0.005781731103 0.005246911664 0.005147451069 0.005067526828 0.005026713014 0.004925650544 0.004768609069 0.004332295153 0.003836140735 0.003515488235 0.003352840897 0.00331737427 0.003090694081 0.00291770976 0.002906801878 0.0027564622
341,loss@260.08 loss@164.13 loss@288.15 loss@285.12 frag@189.14 frag@164.07 frag@95.01 frag@84.04 frag@178.06 frag@192.12 frag@228.11 frag@92.04 frag@318.13 frag@114.0 frag@84.09 frag@173.06 frag@207.11 frag@84.08 frag@124.11 frag@173.95,0.116182074 0.06047997251 0.05939004943 0.03743829578 0.01212402899 0.007888037711 0.007421961054 0.007316206116 0.005638177972 0.005205313209 0.004495083354 0.004169722088 0.004100260325 0.003922914155 0.003799172351 0.00374289602 0.003670685692 0.003340427065 0.003311179113 0.003146728501
342,loss@141.09 frag@111.01 frag@244.13 frag@384.2 frag@157.06 frag@96.07 frag@277.19 frag@97.04 frag@82.03 frag@342.03 frag@141.07 frag@146.07 frag@122.02 frag@171.04 frag@96.06 frag@186.99 frag@347.15 loss@139.07 loss@174.09 frag@95.07,0.2735039294 0.07413960248 0.04360918701 0.00902123563 0.007196019869 0.006796681788 0.004956923891 0.004750036635 0.003784375265 0.003526973305 0.003346133046 0.003308939748 0.003137940541 0.002857739339 0.002539276378 0.0024538578 0.00237071421 0.00229490106 0.002244310686 0.002212509047
343,loss@209.07 loss@250.1 loss@236.08 frag@114.0 loss@224.09 frag@82.03 frag@122.06 frag@43.02 frag@158.03 frag@84.09 frag@58.03 frag@150.13 frag@67.05 frag@112.08 loss@278.13 frag@93.03 frag@84.08 loss@208.09 frag@108.08 frag@95.07,0.1094854027 0.08211503178 0.0763784796 0.02988850325 0.02719872817 0.01360989362 0.01322423201 0.01252058335 0.0108728027 0.008868685924 0.008657271974 0.008537786081 0.008105061948 0.007870254107 0.00767427031 0.007493816782 0.006867174525 0.006743819918 0.006517388392 0.006473947782
344,loss@181.11 loss@278.16 frag@83.09 frag@237.03 frag@110.07 frag@194.12 frag@129.1 loss@153.12 frag@115.03 frag@249.04 frag@164.07 frag@208.04 loss@209.13 loss@184.12 frag@55.05 loss@139.1 frag@196.03 frag@178.06 frag@138.09 frag@178.12,0.1304637194 0.09550473839 0.02263640985 0.005608747713 0.005415205378 0.004631737713 0.004496394191 0.004445491359 0.004000358284 0.003986547235 0.003673358122 0.003551426111 0.003361266572 0.003088411642 0.003022194374 0.003009532345 0.003004320432 0.002959026257 0.002948074834 0.0029246388
345,loss@220.12 loss@179.09 frag@161.11 loss@205.11 loss@191.09 frag@148.08 frag@133.06 frag@207.98 frag@166.09 loss@208.1 loss@196.1 frag@173.01 frag@46.24 frag@302.22 frag@141.07 frag@110.99 loss@265.09 loss@258.11 frag@135.08 loss@262.13,0.05843319744 0.04857258499 0.04056534544 0.03521391004 0.03315949813 0.03115308098 0.02886216342 0.02830729075 0.02672179043 0.02225300111 0.01801035739 0.01755207777 0.01650901139 0.01463087369 0.01290079579 0.01189225167 0.01175906137 0.01089840196 0.008876139298 0.008784482256
346,frag@138.09 loss@246.1 loss@258.1 loss@191.1 loss@275.1 frag@145.06 frag@164.07 frag@309.16 frag@129.07 frag@141.05 frag@160.11 frag@147.08 frag@218.12 loss@247.09 loss@260.15 loss@296.12 frag@241.99 loss@289.14 loss@256.09 frag@182.1,0.285770148 0.1345706731 0.062295001 0.06171497703 0.02478694543 0.008312935941 0.008207805455 0.008202262223 0.007910483517 0.006332585588 0.006224860437 0.006096144672 0.005701473914 0.005218060687 0.004975159187 0.004403591156 0.004331469536 0.004139150959 0.00412932178 0.003722958732
347,frag@172.1 loss@156.1 frag@107.04 loss@273.09 loss@269.06 frag@228.11 loss@172.06 loss@155.05 loss@173.09 loss@160.11 frag@250.98 frag@217.1 loss@267.02 frag@292.07 frag@163.12 frag@188.98 loss@372.05 frag@285.14 loss@146.12 loss@249.13,0.06132828072 0.0492012091 0.04646011069 0.04550801963 0.020128401 0.01878614165 0.0182282161 0.01633429155 0.01585561037 0.01075163297 0.009092401713 0.008654890582 0.008254726417 0.006984236185 0.006740287878 0.006576229353 0.006469730753 0.00619767094 0.006054117344 0.005234233104
348,loss@230.99 loss@191.02 frag@115.06 frag@220.16 frag@224.06 frag@171.04 frag@201.05 frag@448.16 loss@181.12 frag@328.11 frag@173.04 frag@167.03 frag@140.03 frag@160.04 frag@54.03 frag@93.03 frag@319.04 frag@351.18 frag@98.05 frag@136.08,0.1127614677 0.08646357059 0.05588712171 0.01174140908 0.005677487701 0.005513315555 0.004322155379 0.004088403191 0.003821704304 0.003384413198 0.003236639779 0.003124594921 0.002924095374 0.002695856383 0.002664653119 0.002658061683 0.002589109354 0.002508493839 0.002498045797 0.002406288637
349,loss@129.08 frag@162.0 frag@156.99 loss@189.13 loss@158.14 frag@217.06 loss@130.11 frag@137.04 loss@119.06 frag@189.01 frag@213.14 frag@224.99 frag@307.19 loss@129.07 frag@257.11 frag@218.04 frag@114.02 frag@210.14 loss@186.17 frag@157.09,0.225679636 0.07937493175 0.06512444466 0.03612475842 0.03495706245 0.02663495578 0.02648600563 0.0253554564 0.02052185871 0.01996596344 0.01465138514 0.013377822 0.008692861535 0.007655240595 0.007311904337 0.00640908489 0.005280236248 0.004933107179 0.004834240768 0.004622955807
350,loss@100.05 frag@153.04 frag@110.03 loss@152.11 frag@167.06 loss@110.08 frag@177.14 frag@237.07 frag@247.16 frag@162.01 loss@122.08 loss@131.04 loss@82.05 loss@207.15 frag@239.06 frag@262.11 frag@164.05 frag@253.04 frag@180.02 loss@125.06,0.1371798664 0.03836866841 0.02555612102 0.02450621314 0.0242982544 0.02178839967 0.01972613856 0.01777074672 0.01700100675 0.01649251394 0.01510505471 0.01340490766 0.01311067771 0.01127943397 0.01034518052 0.01024749875 0.009824659675 0.008762943558 0.008511239663 0.00702159619
351,frag@110.02 loss@227.13 frag@59.0 loss@274.12 frag@175.12 loss@275.07 loss@220.09 frag@160.11 frag@121.03 frag@58.03 frag@43.02 loss@292.11 frag@67.05 frag@241.11 frag@171.01 frag@209.14 frag@138.05 frag@160.1 loss@216.01 loss@227.15,0.1618354023 0.1470872313 0.00488185836 0.003923390061 0.00361651252 0.003081970615 0.002590306802 0.002485310426 0.002295003505 0.002291574841 0.00224397541 0.002128069988 0.002127770102 0.002119899029 0.002103048144 0.002101274673 0.002051536227 0.001957073342 0.001938174129 0.001897822833
352,frag@179.05 loss@182.17 frag@140.05 loss@321.09 loss@141.05 loss@330.12 loss@111.07 loss@226.09 loss@107.11 loss@176.11 frag@194.04 loss@129.04 loss@161.02 loss@139.02 loss@237.07 loss@151.02 loss@96.07 loss@172.07 loss@157.1 loss@182.13,0.325011909 0.0109562967 0.004456731025 0.00399105344 0.003328179941 0.003125841264 0.002676265314 0.002669047331 0.002391004004 0.002307509771 0.002246821532 0.002053298056 0.001604814664 0.001602187986 0.001596809248 0.001563659403 0.001549307723 0.001374945161 0.00131320511 0.001310296007
353,frag@176.05 loss@165.06 frag@160.05 frag@152.05 frag@153.05 loss@192.07 loss@134.04 loss@186.03 loss@196.06 frag@74.93 loss@175.08 frag@148.1 frag@134.02 frag@180.05 frag@144.06 loss@238.12 loss@56.0 frag@195.99 frag@193.08 loss@92.03,0.2436726689 0.2139837444 0.004360745195 0.00406696042 0.003727085888 0.003196824808 0.002817266621 0.002627759706 0.00212618988 0.002124767052 0.002070851158 0.002045426285 0.002010166179 0.001699593966 0.001673553837 0.001664491487 0.001595306327 0.001588858082 0.001450160402 0.001427700627
354,loss@125.1 frag@154.08 loss@142.03 frag@138.0 frag@384.2 loss@344.07 frag@187.1 frag@165.07 frag@181.06 frag@113.05 frag@189.0 loss@230.0 frag@212.08 frag@176.05 frag@291.11 frag@448.16 frag@250.06 loss@153.05 frag@136.01 frag@275.15,0.1690102369 0.1530910581 0.101685293 0.04667597637 0.004314027727 0.004000410903 0.003859892255 0.003083335934 0.002758909948 0.002615079517 0.002565422794 0.002557868604 0.002543916227 0.002421412617 0.002341826214 0.00219863141 0.002145510633 0.002061354928 0.001886375598 0.001843387727
355,loss@147.05 loss@159.05 loss@175.05 frag@173.04 frag@164.09 frag@54.03 frag@137.05 frag@136.06 loss@145.03 loss@130.09 loss@144.02 frag@135.07 loss@95.02 frag@134.05 frag@126.07 frag@293.14 frag@58.99 frag@140.08 frag@291.1 frag@136.07,0.1131394282 0.0484749265 0.04762459919 0.01268406212 0.01152140182 0.01002363767 0.00879340712 0.008772577159 0.008247707039 0.007524720393 0.007305286825 0.007268806919 0.007215524558 0.006530584767 0.006398383062 0.006335997954 0.005807140376 0.005760503467 0.005698867608 0.005301608704
356,frag@189.06 frag@169.06 loss@139.02 frag@244.13 frag@238.13 loss@198.05 loss@170.04 loss@100.02 loss@680.2 frag@98.03 loss@128.04 frag@233.13 loss@142.97 loss@238.08 frag@151.05 loss@46.0 loss@187.03 loss@212.07 loss@306.09 loss@215.06,0.2023046166 0.09367571771 0.006378522143 0.003144546412 0.002671439899 0.002567797899 0.00255705649 0.002549060853 0.002498899121 0.002378341276 0.002307023387 0.002296328312 0.002221960807 0.002132508904 0.002100855345 0.001972474856 0.001930040424 0.001904411125 0.001903171185 0.00185951509
357,loss@170.07 frag@167.02 loss@137.03 loss@95.99 frag@193.08 loss@330.07 frag@258.04 frag@44.98 loss@132.03 frag@143.06 frag@134.05 frag@82.05 frag@358.13 frag@273.04 frag@69.01 frag@73.01 frag@115.06 frag@127.06 frag@98.99 frag@173.04,0.1933836788 0.09038915485 0.04842810333 0.01747734845 0.01653316617 0.009574423544 0.009440356866 0.008127346635 0.007529150229 0.005491363816 0.004753798246 0.004310105927 0.003812040202 0.003602902871 0.003108908888 0.002981462749 0.002781965537 0.002518994501 0.002481354401 0.00247065071
358,frag@241.13 frag@241.04 loss@173.11 loss@201.13 frag@224.97 loss@145.15 loss@134.03 frag@129.09 frag@239.08 loss@168.07 frag@176.08 loss@310.05 loss@173.1 frag@231.15 frag@243.11 frag@288.11 loss@246.95 frag@123.01 frag@176.03 loss@351.13,0.1082983688 0.08719097078 0.02828199416 0.007918390445 0.003865939099 0.003305059159 0.003232980613 0.002996282419 0.002970271744 0.002808145713 0.002704369137 0.002687989967 0.002565973205 0.002447204664 0.002343065804 0.002342085354 0.002274420112 0.002255307045 0.002212931402 0.002110998845
359,frag@146.96 frag@98.99 loss@183.06 loss@207.04 frag@138.01 frag@55.02 loss@282.12 frag@59.0 loss@166.02 frag@344.17 frag@44.98 loss@225.07 loss@220.07 loss@237.12 frag@248.1 loss@157.04 frag@110.99 frag@135.06 loss@144.02 loss@193.06,0.1691278666 0.1455585212 0.1336534321 0.1318550557 0.005562348291 0.005064913537 0.004107178189 0.004075590987 0.004025017843 0.003851230489 0.003798230784 0.00361638586 0.003452985082 0.003444533795 0.003412451828 0.003395532258 0.003274602816 0.003073365893 0.002916957717 0.002882466884
360,frag@56.96 loss@298.03 loss@77.04 loss@139.04 loss@195.12 loss@189.05 loss@208.06 loss@104.05 loss@292.07 loss@72.02 loss@29.56 loss@116.01 frag@150.04 loss@197.97 frag@195.02 loss@88.02 frag@342.1 loss@119.05 loss@112.02 loss@151.03,0.2697123885 0.001717619714 0.001384419971 0.001293948852 0.001176941441 0.001059852773 0.00104695023 0.001031735213 0.0009849439375 0.000939809368 0.000939556805 0.0008763821097 0.0008734095027 0.000860182452 0.0008477748488 0.0008220177842 0.0007881586789 0.0007723456365 0.0007572921459 0.0007352863904
361,frag@56.05 frag@42.03 loss@224.06 loss@240.06 loss@117.04 loss@259.0 loss@262.15 loss@238.06 loss@301.08 loss@261.06 frag@68.05 frag@82.06 frag@84.04 frag@130.09 loss@246.04 frag@84.09 frag@84.08 loss@259.03 loss@216.02 frag@41.04,0.2476743609 0.09508042783 0.03459691629 0.02870070376 0.02483630739 0.02118817903 0.01479956415 0.01401197258 0.01357562467 0.01222174987 0.01140741538 0.01127694454 0.008221422322 0.007953723893 0.006569803692 0.006185570266 0.006073322613 0.005976941437 0.005950125866 0.00587444799
362,frag@124.05 frag@212.95 loss@113.03 frag@157.04 loss@244.98 frag@256.13 loss@190.13 loss@236.19 loss@165.1 loss@245.07 loss@292.08 loss@193.01 loss@167.08 loss@246.08 loss@330.05 frag@259.04 loss@230.03 loss@102.05 frag@169.94 loss@84.0,0.1298769861 0.1081656069 0.08587014675 0.07520374656 0.009939380921 0.009815584868 0.009189247154 0.008941284381 0.005678517744 0.005048806313 0.004256328568 0.003222794039 0.003156631021 0.002659052378 0.002651828807 0.002650576876 0.002605582122 0.002490877407 0.002245670184 0.002207076177
363,frag@179.04 frag@191.04 loss@137.07 loss@283.11 loss@98.02 loss@126.05 frag@218.05 frag@232.07 frag@289.11 frag@208.05 loss@112.13 frag@234.06 frag@224.12 loss@343.14 frag@165.03 frag@162.02 frag@291.09 frag@231.95 frag@292.05 frag@258.07,0.05620941147 0.04283766448 0.03918927908 0.02837095968 0.02801626362 0.0224441532 0.01806995831 0.01727847569 0.01630580239 0.01528343465 0.01372707263 0.01282854844 0.01274787262 0.01175231114 0.009880787693 0.009768438525 0.009493709542 0.008306621574 0.008037506603 0.007894278504
364,frag@127.09 frag@71.09 loss@244.09 loss@222.06 loss@284.08 loss@288.1 loss@310.1 loss@294.15 loss@263.08 loss@272.07 loss@278.05 frag@156.14 frag@129.1 loss@319.05 frag@41.04 frag@181.02 frag@290.22 frag@101.02 loss@269.03 frag@84.08,0.1350800544 0.08275441825 0.07431136072 0.04637301341 0.04024486989 0.03255066276 0.02565678954 0.02088772506 0.01700054295 0.01319994498 0.01005422417 0.00779280439 0.007597735617 0.007545298431 0.007429644465 0.006983259693 0.006130646449 0.005839330144 0.005063287448 0.004204664379
365,frag@134.1 loss@161.08 loss@182.02 loss@133.09 frag@119.07 frag@329.08 frag@148.11 loss@240.14 loss@323.19 frag@120.08 loss@170.02 frag@106.06 frag@129.07 frag@146.1 frag@223.01 loss@269.08 loss@299.15 loss@187.03 loss@215.12 loss@169.1,0.3674913049 0.2137067467 0.012801487 0.01071156934 0.009564589709 0.007538266946 0.007162569091 0.00599190779 0.005060833879 0.004903682042 0.00428415928 0.00404966576 0.003503467655 0.003311608452 0.003232514486 0.003170074429 0.003112250939 0.0030711703 0.0028785537 0.002826093696
366,loss@220.08 loss@202.1 loss@191.14 frag@349.07 frag@169.98 loss@201.13 frag@140.02 frag@139.99 frag@196.11 frag@239.08 frag@156.03 frag@233.11 frag@207.98 frag@107.02 frag@110.02 frag@71.0 frag@229.12 frag@248.07 frag@220.13 frag@84.99,0.1363010108 0.07869892567 0.06967651844 0.02642525174 0.02211381122 0.01030740142 0.007919988595 0.007112250198 0.005597531796 0.005296506919 0.005165103823 0.004793725442 0.004788178951 0.004555223044 0.004546765704 0.004373430274 0.004273179919 0.004262251779 0.00398016721 0.003874641145
367,loss@255.07 frag@171.01 frag@83.08 frag@162.06 frag@173.95 frag@45.03 frag@344.21 frag@208.02 loss@240.06 frag@179.08 frag@99.08 frag@166.09 frag@138.01 frag@67.02 frag@106.07 frag@141.04 frag@84.04 loss@189.02 frag@198.15 frag@183.05,0.3095852733 0.01082328428 0.004505486693 0.003920414485 0.003844748251 0.003809252987 0.003681513481 0.0032676009 0.003029358806 0.003021190874 0.002939125756 0.002843795344 0.002739494434 0.002613175893 0.002591132652 0.002569618868 0.002563918941 0.002410698216 0.002320235362 0.002312192693
368,frag@133.03 loss@212.19 frag@323.11 frag@43.02 frag@178.06 frag@319.07 loss@132.09 loss@397.08 loss@111.05 loss@319.13 loss@310.06 loss@114.07 loss@261.08 frag@193.05 frag@179.03 loss@320.11 loss@217.98 loss@292.01 frag@173.95 loss@133.06,0.2809330821 0.01951525919 0.01369023882 0.006477276329 0.004473490641 0.003464302979 0.003146003932 0.002684240229 0.002654999029 0.002607688541 0.002587027848 0.002551374491 0.002375728451 0.002161833458 0.002041868633 0.001896753907 0.001888063154 0.001885847887 0.001792378374 0.001783003914
369,loss@245.13 frag@204.07 frag@169.03 frag@104.06 frag@151.02 frag@184.1 loss@236.1 frag@318.18 frag@153.98 frag@313.12 loss@238.12 frag@336.08 loss@233.02 loss@242.14 loss@252.13 loss@245.0 loss@330.1 loss@186.03 frag@355.2 loss@195.1,0.1647717655 0.08003824949 0.07273422927 0.0648791641 0.04546589404 0.03608078137 0.01148292515 0.01065755915 0.00896334555 0.007397525478 0.006567050237 0.005713870749 0.005493601318 0.004144232254 0.003563291393 0.00353798829 0.003098820103 0.003071562853 0.003053700551 0.002883107634
370,frag@208.11 loss@135.11 frag@194.08 frag@180.08 loss@118.11 frag@193.09 frag@195.09 loss@214.13 frag@157.06 loss@241.1 loss@180.11 loss@165.09 loss@338.02 loss@120.06 loss@168.08 frag@251.15 loss@204.0 loss@122.0 loss@137.08 loss@305.08,0.2906940281 0.08114409447 0.0150754638 0.01040819753 0.008955351077 0.006463490892 0.004825540353 0.003940352704 0.00377884414 0.003338188166 0.00275536254 0.00274533988 0.002712067449 0.002605143236 0.002349219285 0.002005701419 0.001817252021 0.00171904196 0.001629939652 0.001613212749
371,frag@83.99 frag@143.0 loss@187.98 loss@183.0 loss@218.02 loss@173.98 frag@84.0 frag@262.07 loss@337.13 loss@116.03 frag@161.01 loss@143.02 frag@190.04 loss@146.03 loss@383.2 frag@76.02 loss@252.01 loss@280.03 loss@111.02 loss@231.05,0.2022780776 0.07238418609 0.03023691289 0.01952323876 0.01536601502 0.01419289596 0.009950870648 0.008656533435 0.005736781284 0.005736674182 0.005573062692 0.004799361806 0.004434100352 0.004205959849 0.003814233001 0.003503593383 0.003220855026 0.00267007295 0.002567397431 0.002428084612
372,loss@242.13 frag@198.02 frag@203.03 frag@246.15 loss@264.12 loss@159.13 loss@140.05 frag@211.12 frag@87.04 frag@176.98 loss@390.12 frag@333.06 frag@151.07 loss@257.09 frag@71.09 loss@323.13 frag@175.04 frag@136.05 frag@202.1 loss@421.99,0.1555238068 0.1121110246 0.0462070927 0.02597129904 0.00411879411 0.003595701419 0.002780890092 0.002702291822 0.002619487001 0.002474795096 0.002339354716 0.002308388939 0.002135410905 0.002086430555 0.002070585731 0.001998212188 0.001950916718 0.001809361973 0.001759606763 0.001620677998
373,loss@88.02 loss@78.03 loss@106.03 frag@43.02 loss@116.01 frag@79.02 frag@58.99 frag@56.96 loss@105.04 frag@68.01 frag@374.15 frag@222.98 frag@182.01 frag@61.01 frag@203.03 frag@200.03 frag@69.0 loss@64.02 frag@108.02 frag@144.96,0.2141549736 0.04084269702 0.03283771873 0.02128702775 0.02114508674 0.02008187957 0.01896375045 0.01298127603 0.009225525893 0.007807526272 0.007220777217 0.00624733977 0.006182248238 0.005654776469 0.005654371809 0.005557018332 0.004990413319 0.004530637059 0.004477152601 0.004176391754
374,frag@212.11 loss@198.11 frag@172.07 frag@355.2 loss@178.07 frag@130.04 frag@200.11 frag@186.09 loss@77.08 loss@139.1 loss@443.21 frag@174.95 frag@198.09 loss@342.1 frag@147.0 frag@184.08 loss@218.04 loss@189.01 loss@553.2 loss@301.06,0.1492440104 0.001876307302 0.001601169701 0.001522441977 0.001493432326 0.001436893945 0.001428774442 0.001423034002 0.001384755014 0.001331866253 0.001224370673 0.001179540181 0.001159241539 0.001104535768 0.001095358282 0.001075182692 0.001068835147 0.001051275874 0.001034325687 0.001018131152
375,loss@189.1 loss@221.11 frag@150.09 frag@135.08 frag@121.06 loss@215.12 frag@187.98 frag@166.09 frag@146.07 frag@175.11 frag@231.02 frag@141.08 frag@133.06 frag@121.03 frag@118.08 frag@274.18 frag@162.08 frag@120.04 frag@105.07 frag@176.11,0.1593437642 0.1199234575 0.01699892431 0.01248973701 0.01221717428 0.009465890937 0.007977560163 0.007363153622 0.007324703038 0.007121637929 0.006945045199 0.006689535454 0.006330885459 0.006234300323 0.005919126328 0.005581732839 0.005399086513 0.00535811577 0.004952902906 0.004852548707
376,loss@157.03 loss@184.04 frag@128.03 frag@141.03 frag@113.02 frag@118.05 loss@208.04 frag@163.02 frag@139.03 loss@198.06 frag@160.11 loss@222.07 frag@138.01 frag@164.03 frag@151.03 frag@84.99 loss@285.07 frag@125.02 loss@139.02 frag@72.0,0.1361151487 0.03163855895 0.01982439868 0.01077243034 0.005235877819 0.005004867446 0.00499411393 0.004965990782 0.004519925918 0.003778503742 0.003676920896 0.003655182198 0.003422519425 0.003349039936 0.003175714519 0.003116912674 0.003103118623 0.003014913527 0.002891441574 0.002667991212
377,loss@132.07 frag@230.08 frag@273.04 frag@207.13 frag@162.08 loss@203.96 frag@226.13 loss@122.05 frag@147.07 frag@150.09 frag@227.13 frag@198.1 loss@95.04 loss@150.08 loss@173.1 frag@156.07 frag@145.08 loss@175.07 loss@92.99 frag@345.1,0.2560014427 0.1468952745 0.06833460927 0.02683848515 0.008683430031 0.005863847211 0.002622846514 0.001883384422 0.001823510276 0.001790214679 0.001744678128 0.001704702387 0.001616001711 0.001510904054 0.001498259837 0.001490939525 0.001470338786 0.001423718873 0.001421723631 0.001379730296
378,frag@216.08 loss@203.12 loss@156.07 loss@118.07 loss@190.12 frag@136.01 loss@147.97 frag@146.05 frag@251.15 frag@303.04 frag@155.05 loss@395.14 frag@161.08 loss@126.04 frag@203.12 frag@165.11 loss@95.04 frag@191.13 loss@293.19 frag@156.07,0.1354375184 0.1063135862 0.07325476408 0.03025094979 0.02951535024 0.02195513248 0.02183301933 0.01820208691 0.01752550341 0.007149491459 0.006822710857 0.005567143671 0.003834275529 0.003437153762 0.003294769907 0.0031312746 0.0031025426 0.003031578381 0.002884886926 0.002816750901
379,loss@287.09 frag@95.01 frag@84.09 frag@84.04 frag@150.09 frag@84.08 frag@98.08 frag@164.07 frag@141.08 frag@179.09 frag@98.03 loss@246.07 frag@198.15 frag@42.03 frag@171.15 frag@154.02 frag@150.07 frag@84.06 frag@232.13 loss@288.15,0.2266510725 0.006201969925 0.006014770828 0.004582558759 0.004449980333 0.004258202389 0.003799105529 0.00292568747 0.002859775443 0.002818213776 0.002639331622 0.002592599019 0.002585013863 0.002578933025 0.00246192445 0.002451531822 0.002449640073 0.002441068413 0.002234634245 0.002132883295
380,frag@165.05 frag@122.04 frag@155.07 loss@236.1 loss@238.12 frag@150.03 loss@299.05 loss@297.05 loss@299.04 loss@208.11 loss@196.07 frag@137.06 loss@218.09 frag@168.04 loss@223.12 frag@152.05 loss@185.09 loss@245.13 loss@263.07 frag@118.08,0.210971877 0.100234516 0.04737485573 0.0427951701 0.01590975374 0.01314269379 0.01175757591 0.009301741607 0.005851299968 0.005652408581 0.004791606683 0.00347310584 0.003379130038 0.003078010632 0.002921646228 0.002743551508 0.002735734684 0.002494548447 0.002391356509 0.00238255132
381,loss@180.05 loss@255.08 loss@217.08 frag@129.09 frag@255.08 frag@149.11 frag@51.02 frag@101.06 frag@113.01 frag@206.06 frag@106.03 frag@150.09 frag@281.14 frag@119.07 frag@385.13 frag@298.06 loss@181.06 frag@186.05 loss@194.01 frag@116.03,0.2009077817 0.06061883643 0.03250977397 0.01588935778 0.009326754138 0.007263839245 0.007199556101 0.006501952652 0.006102633663 0.005780494772 0.005291575566 0.004960490391 0.004385548644 0.003938869108 0.003937519155 0.003789173439 0.00375880464 0.003651974024 0.003536646022 0.003405834315
382,frag@116.06 loss@226.15 frag@210.13 frag@145.07 frag@223.01 loss@293.09 frag@199.02 frag@141.07 frag@117.07 loss@239.13 loss@226.09 loss@185.03 loss@78.57 frag@115.05 frag@129.07 loss@364.12 loss@241.18 frag@254.12 frag@190.06 loss@172.09,0.2018145621 0.07371528447 0.0306892693 0.01128409524 0.006935785059 0.006907757372 0.006020744331 0.005815055687 0.005087186117 0.005035899114 0.004953266587 0.00492168311 0.00452946825 0.004487692378 0.004347073846 0.003884556005 0.00372948125 0.003647497157 0.003456741571 0.003376634791
383,loss@83.04 loss@178.03 loss@225.97 frag@273.06 frag@168.96 frag@178.06 frag@62.99 frag@171.06 frag@54.03 loss@57.02 frag@144.0 frag@200.07 frag@173.95 frag@206.08 frag@81.02 frag@90.05 frag@229.06 frag@90.03 frag@287.1 frag@140.04,0.1448060721 0.09339286387 0.01866127551 0.01008384116 0.007607879583 0.006234484725 0.005379992537 0.005253390875 0.005071378313 0.004306899384 0.004078137223 0.003899417352 0.00370924524 0.003656559624 0.003466502298 0.00344632077 0.003378945636 0.00337632536 0.003305320395 0.003225110937
384,frag@158.1 frag@160.11 loss@160.1 frag@145.09 frag@174.09 frag@144.08 frag@146.1 loss@309.1 frag@143.07 frag@132.08 loss@340.08 loss@267.11 loss@279.15 loss@225.14 loss@185.03 loss@289.14 frag@160.08 frag@159.1 loss@200.1 loss@333.11,0.1579100341 0.08844983578 0.05326937884 0.01465363707 0.009042116813 0.007831298746 0.006311024074 0.006135981996 0.005326394457 0.005297893193 0.005173651967 0.005127030425 0.004878020845 0.004641255364 0.003892458975 0.003879876342 0.003810071154 0.003789961804 0.003712246427 0.003601168748
385,frag@174.13 loss@236.13 loss@203.13 frag@210.05 loss@303.12 frag@85.04 frag@184.11 frag@121.07 loss@285.14 loss@169.1 loss@232.04 frag@184.96 loss@322.1 loss@259.08 frag@171.02 loss@234.13 frag@167.13 loss@335.08 frag@376.15 loss@276.1,0.1050813794 0.0693667829 0.04913220182 0.03521162271 0.03129717335 0.02836037986 0.02129473351 0.01992872544 0.01747495867 0.01502522919 0.01483095996 0.01407597959 0.01370865386 0.01031299867 0.010273722 0.008538107388 0.006862414069 0.006504953373 0.006213821471 0.006154861301
386,loss@210.13 frag@79.05 loss@279.08 frag@264.03 frag@55.02 frag@81.07 frag@67.05 loss@220.15 frag@97.06 frag@177.09 frag@93.07 frag@57.03 frag@85.06 frag@107.05 loss@105.04 loss@482.12 frag@341.17 frag@73.06 frag@71.01 frag@247.13,0.1856534034 0.07197912037 0.04867111892 0.02833053283 0.01831369847 0.01721892692 0.01536669303 0.009457848966 0.009379851632 0.008019687608 0.007480223663 0.007265741471 0.00615732884 0.006051041652 0.005774871446 0.005591110326 0.005565219093 0.005148402415 0.004942025524 0.004704966675
387,frag@167.04 frag@81.02 frag@114.03 frag@65.99 frag@348.09 loss@27.99 loss@55.99 frag@225.05 frag@80.04 loss@110.04 loss@91.01 loss@48.0 loss@93.02 loss@29.0 loss@105.02 loss@116.99 loss@89.02 loss@96.03 loss@62.04 loss@83.0,0.03940935433 0.02160082571 0.01577412523 0.01576904021 0.01551908813 0.01486963406 0.01401173044 0.01331191976 0.01307031326 0.0124023566 0.01166061684 0.01142147928 0.01009765267 0.008664898574 0.008510489948 0.00718722865 0.007011061534 0.006628242321 0.005801138002 0.005613971036
388,loss@166.09 frag@182.96 loss@280.06 frag@69.01 loss@186.15 frag@108.06 frag@172.96 frag@150.04 frag@143.01 loss@101.03 frag@179.1 loss@167.03 loss@272.08 loss@183.14 frag@94.05 loss@139.07 frag@150.06 frag@106.04 frag@169.96 frag@188.05,0.2384301573 0.09646648914 0.0655041635 0.05631065369 0.007812252268 0.007426491007 0.007314035203 0.005810002796 0.00517627364 0.004957711324 0.004781484604 0.004699030891 0.004226164427 0.003397927387 0.003265268402 0.003194306511 0.003108668141 0.002894218313 0.002829853678 0.002803332638
389,frag@134.08 loss@184.99 loss@247.01 frag@217.14 loss@227.13 frag@321.09 loss@131.1 loss@192.99 loss@158.08 frag@201.14 loss@286.17 frag@172.09 loss@291.13 frag@115.02 loss@138.07 loss@198.04 frag@258.08 loss@202.96 loss@260.12 frag@171.01,0.1630589664 0.04130858183 0.03996860236 0.03529020026 0.02834202349 0.009170707315 0.003818823723 0.003297493095 0.003168503288 0.003061194904 0.002921946114 0.00287434645 0.002764685079 0.002481401432 0.002422049176 0.002384527354 0.002243298106 0.002187701175 0.002151811728 0.002040253021
390,loss@77.04 loss@162.01 loss@218.96 frag@93.06 frag@291.15 frag@187.98 frag@209.02 frag@56.96 loss@212.97 frag@306.11 loss@233.93 frag@293.13 frag@328.11 frag@148.04 frag@276.16 frag@234.97 frag@318.05 loss@59.01 frag@119.04 frag@295.14,0.04603318498 0.004023758229 0.003997321706 0.003900113283 0.003881243989 0.003641440999 0.002905562287 0.002816282911 0.002780771814 0.002498663031 0.002447424689 0.002369104419 0.002359382575 0.002042797161 0.001948299585 0.001924248645 0.001901777461 0.001874651411 0.00184463372 0.001831448521
391,frag@131.06 frag@104.05 loss@112.03 frag@132.07 loss@86.02 frag@132.04 frag@119.06 loss@194.01 loss@188.94 loss@79.01 loss@88.04 loss@98.01 frag@146.08 loss@168.06 frag@118.05 loss@190.03 loss@211.01 frag@105.06 frag@133.08 loss@62.02,0.1351114511 0.09494046867 0.06178217754 0.05152779073 0.03954462707 0.03928766027 0.02237139456 0.01753362082 0.01698476821 0.01562755182 0.01318352204 0.009724285454 0.008639018051 0.008578411303 0.008481301367 0.007969572209 0.007711530197 0.007617590018 0.007575239055 0.006424804218
392,frag@295.06 frag@207.12 frag@226.1 frag@307.06 frag@221.06 frag@325.07 frag@321.08 frag@262.06 frag@248.11 frag@252.08 frag@335.09 frag@283.14 loss@270.09 frag@237.11 frag@237.09 loss@420.13 frag@284.03 frag@225.08 frag@335.13 frag@296.07,0.007603364531 0.005973609164 0.005707798526 0.004978278652 0.003712509992 0.003455473343 0.003276563017 0.003037341405 0.002557266271 0.00244289171 0.002348902635 0.002300404012 0.002256709617 0.002227965742 0.002195885638 0.002072819276 0.002010343829 0.001780559774 0.001625452423 0.001497455523
393,loss@88.05 frag@64.0 loss@102.07 loss@97.09 loss@91.06 frag@156.06 loss@116.08 frag@80.02 frag@98.98 loss@84.06 loss@103.06 loss@141.15 loss@94.08 loss@130.1 frag@65.0 loss@101.06 frag@212.97 loss@105.08 loss@130.06 loss@93.08,0.04240440577 0.03513108939 0.03329287097 0.03180377558 0.02723404765 0.02406358905 0.01745462604 0.01708663441 0.01357333455 0.01302298717 0.0129459165 0.01266833115 0.01251070201 0.01234070398 0.0118948929 0.01098089665 0.01016401965 0.009947651066 0.009421561845 0.008548913524
394,frag@181.05 frag@287.09 frag@374.15 loss@88.02 frag@153.08 frag@347.19 loss@112.05 frag@47.23 loss@153.04 loss@308.05 frag@56.96 loss@464.1 frag@139.04 loss@360.13 frag@153.02 loss@274.05 loss@152.05 loss@115.03 loss@556.18 loss@92.99,0.173536256 0.06067535281 0.01710315794 0.006702338345 0.003357158741 0.003295479808 0.003252762137 0.002908159513 0.002869433258 0.002865842311 0.002682225546 0.002658949699 0.002638759557 0.002341849031 0.002334007528 0.002281969879 0.002225060947 0.00209989585 0.002094887197 0.002083455678
395,frag@180.05 loss@279.09 frag@85.04 loss@305.1 loss@246.94 loss@219.1 frag@114.0 loss@232.06 frag@152.05 loss@216.16 loss@244.07 loss@277.09 frag@141.04 frag@171.02 frag@159.1 loss@299.14 frag@124.06 loss@222.08 loss@292.09 loss@224.09,0.173908025 0.1000656337 0.07919741422 0.00572004728 0.005025238264 0.00464222068 0.004620037507 0.004572735168 0.004162658006 0.003960379865 0.00382293947 0.003373239655 0.003328421386 0.003288008273 0.00326675456 0.00304189045 0.002526477911 0.002500909846 0.002484697616 0.002444986487
396,frag@151.03 frag@124.02 loss@138.06 frag@96.02 loss@330.06 frag@152.02 loss@337.08 frag@163.03 loss@167.04 loss@157.03 frag@156.02 loss@283.02 loss@180.14 loss@146.03 loss@166.03 loss@264.99 loss@219.05 loss@84.0 loss@224.03 loss@322.03,0.1620282084 0.1147378534 0.01464031823 0.01160779502 0.009949047118 0.008820855059 0.007863182575 0.00616881717 0.005901331082 0.004519782495 0.004450229462 0.003908588551 0.003864676924 0.003686849726 0.003019747091 0.002970868489 0.002792513929 0.002773120534 0.0027529574 0.002716945717
397,loss@186.04 frag@293.09 frag@240.06 frag@366.16 frag@134.01 frag@204.14 frag@172.03 frag@212.06 frag@227.03 loss@152.07 frag@167.03 frag@185.03 frag@124.04 frag@190.06 frag@279.09 frag@154.06 frag@80.06 frag@306.11 frag@335.11 frag@385.13,0.2903877497 0.04624957964 0.03893297911 0.03240181506 0.01093706395 0.005666270386 0.005140910391 0.003678820096 0.003447685391 0.003062953474 0.002567227697 0.002483034274 0.00230074767 0.002176431008 0.002089147922 0.001947537414 0.001898389193 0.001789361238 0.001766016358 0.001729442156
398,loss@195.1 frag@108.08 frag@122.1 frag@136.08 frag@95.07 frag@137.03 frag@209.03 frag@136.11 frag@144.09 frag@164.07 frag@99.06 frag@151.05 frag@123.05 frag@297.17 frag@173.01 frag@179.08 frag@208.07 frag@244.13 frag@176.05 frag@104.06,0.3016629517 0.01369564142 0.00920165237 0.00794906728 0.007919115014 0.007604717743 0.007277288008 0.00601926446 0.005145101342 0.004877739586 0.004827368539 0.004603808746 0.004576139152 0.004434538539 0.004371172283 0.004141436424 0.003839127719 0.003802286228 0.003696528962 0.00367723126
399,frag@44.05 frag@86.1 frag@100.11 loss@200.15 loss@171.1 loss@155.11 frag@58.06 loss@283.1 loss@247.06 loss@154.01 loss@246.05 loss@157.15 loss@227.99 loss@351.05 loss@81.97 frag@58.07 loss@97.09 loss@304.13 loss@298.19 loss@83.07,0.1763539612 0.1089382023 0.04370973632 0.02954870462 0.02805753797 0.02789393812 0.02203013375 0.01887959987 0.01822106913 0.01670309156 0.01578924432 0.01542007644 0.01445967983 0.01414839458 0.01224542037 0.01033256575 0.01020387374 0.009840784594 0.009298302233 0.00914064236
400,frag@84.96 frag@102.97 frag@384.2 loss@125.05 loss@113.13 frag@198.94 loss@319.98 frag@162.06 loss@168.08 loss@193.99 frag@159.02 loss@291.13 loss@348.08 loss@275.12 frag@113.03 loss@158.07 loss@213.99 loss@267.99 loss@244.1 loss@111.14,0.1922834665 0.0152554214 0.007457403466 0.00669014873 0.005095376167 0.004334048834 0.003700753441 0.003585987026 0.003463462461 0.003414724721 0.0031634185 0.00309749064 0.002983848564 0.002974470146 0.002961789025 0.002819766058 0.00263013388 0.002591292839 0.002544501098 0.002505318727
401,loss@289.11 frag@102.01 loss@200.03 loss@142.11 frag@171.02 frag@207.98 frag@223.01 frag@381.17 frag@156.04 loss@291.05 frag@159.09 loss@291.12 loss@245.15 frag@221.09 frag@111.05 loss@222.06 frag@84.04 frag@239.21 frag@146.12 frag@87.07,0.1418942511 0.1013861597 0.03418265656 0.01572019607 0.008586681448 0.006868437864 0.005871217698 0.005726174451 0.005296655465 0.004398459103 0.00426088227 0.003813687013 0.003807852045 0.003645527177 0.003437523264 0.003419173416 0.0032238157 0.003134496277 0.00307978224 0.002946024761
402,loss@226.09 loss@222.06 frag@110.05 frag@198.15 frag@84.04 frag@171.02 frag@217.1 frag@113.02 frag@189.14 frag@127.09 frag@114.0 frag@55.02 loss@256.11 frag@201.14 frag@139.03 frag@84.09 frag@141.05 frag@123.05 frag@124.08 frag@114.05,0.1781385988 0.03683404252 0.01065262593 0.009435273707 0.009392360225 0.007992434315 0.007356634364 0.006252754014 0.005828252062 0.005307240412 0.004960029386 0.004913654644 0.004893460777 0.004708171356 0.004609489348 0.004442668054 0.004010612611 0.003767471062 0.003367139492 0.003205692861
403,loss@182.06 loss@148.01 frag@107.01 frag@144.06 frag@343.19 frag@144.96 frag@161.01 frag@151.03 frag@353.14 frag@280.11 frag@205.06 frag@188.04 frag@116.01 frag@163.99 frag@316.11 frag@230.07 frag@155.94 frag@104.06 frag@300.17 frag@175.03,0.2000666261 0.02488856763 0.00455119973 0.004229358863 0.003893112997 0.003723700065 0.003446621122 0.003185505047 0.002567236312 0.002407590859 0.002389326924 0.002364445245 0.002217326313 0.002197033493 0.002180254087 0.002133197617 0.002041571075 0.002010128926 0.001927133417 0.001925483695
404,frag@152.05 frag@195.06 loss@217.03 frag@167.03 loss@181.12 loss@241.17 frag@122.04 loss@304.05 frag@139.02 loss@302.06 frag@155.07 frag@144.06 frag@137.03 loss@231.04 frag@138.05 loss@176.08 loss@225.07 loss@281.05 loss@354.07 loss@205.1,0.1773284376 0.09485571831 0.004987636581 0.003910634667 0.003888754407 0.003839286044 0.003696479369 0.003165592905 0.003101311624 0.00273491838 0.002391354181 0.002337432699 0.00211864966 0.002018941566 0.002011551522 0.001941213617 0.001896205824 0.001790474169 0.001776412711 0.001766946632
405,loss@126.04 loss@125.06 frag@83.03 frag@107.03 loss@196.02 frag@165.03 frag@127.05 frag@127.0 frag@195.04 frag@97.04 frag@98.04 frag@109.04 frag@191.04 frag@344.21 frag@125.03 frag@81.04 frag@149.05 frag@110.01 frag@54.03 frag@239.06,0.1641583741 0.1525797993 0.09501745552 0.02727711573 0.02479579113 0.01217608992 0.01193368528 0.009074531496 0.008572355844 0.008255924098 0.007272183895 0.005755992606 0.005207172595 0.004939626437 0.004275382496 0.004206216894 0.004029908683 0.003690498648 0.003605656559 0.003543821163
406,frag@112.11 loss@234.06 loss@301.1 loss@311.1 frag@122.03 loss@216.03 frag@140.14 loss@334.1 loss@234.04 loss@207.99 frag@44.05 loss@294.07 loss@81.97 frag@97.09 frag@208.12 frag@58.06 loss@288.06 frag@98.1 loss@274.07 loss@288.18,0.2679656744 0.09852819145 0.02656525187 0.02512869798 0.02135022357 0.01889705472 0.01865895651 0.01620992459 0.0149117792 0.01212610397 0.01139697619 0.009032452479 0.007504580542 0.007157686166 0.00696535781 0.006892939564 0.005774257239 0.005281447899 0.005273891147 0.004804044962
407,frag@171.08 frag@175.08 frag@189.09 frag@185.1 frag@199.11 loss@132.08 frag@159.08 frag@143.09 frag@205.09 frag@173.1 loss@343.11 frag@137.1 frag@128.06 frag@185.06 frag@280.07 loss@268.17 frag@157.06 frag@320.16 loss@147.1 loss@376.13,0.04883204773 0.03988243639 0.02119154669 0.02001826465 0.01667935587 0.01221231464 0.01144341845 0.0110235624 0.009988725185 0.007218623068 0.006122533698 0.006078277715 0.005393114407 0.005120510701 0.004485527053 0.004426765256 0.004350497853 0.00423966907 0.004145624116 0.003835300915
408,loss@184.12 loss@211.13 loss@212.12 frag@112.08 frag@67.05 frag@84.08 frag@95.07 frag@67.06 frag@110.1 frag@114.0 frag@129.1 frag@171.01 frag@114.05 frag@84.09 frag@150.13 frag@82.07 loss@224.12 loss@236.15 frag@277.08 frag@99.08,0.1796772033 0.06339332461 0.03793588281 0.02561395243 0.01688892581 0.01219455246 0.01047350932 0.007702837233 0.007651494816 0.007287385408 0.005694308318 0.005466572009 0.004338607658 0.004193850793 0.004056785721 0.003726074006 0.003649618244 0.003606770653 0.003560247831 0.003542603692
409,frag@181.05 frag@153.02 frag@143.03 loss@653.12 loss@464.1 loss@418.14 frag@109.03 loss@501.11 loss@404.13 frag@127.04 frag@139.04 frag@153.05 loss@112.05 loss@341.15 loss@314.06 loss@205.08 frag@79.02 loss@173.02 frag@107.01 loss@421.16,0.1111348197 0.04167855904 0.03845003992 0.02285884134 0.01501816045 0.01162052248 0.008521696553 0.006417061668 0.006128340494 0.00579426717 0.005215019453 0.005129031837 0.004031938501 0.002784497803 0.002575110644 0.002417596988 0.002336461795 0.002255000407 0.002197765978 0.002107094508
410,loss@274.12 frag@323.11 loss@201.11 frag@59.0 loss@258.17 frag@110.02 frag@123.03 frag@122.06 frag@178.06 loss@232.11 frag@121.07 frag@149.04 frag@114.05 frag@96.02 frag@73.01 frag@111.03 loss@243.07 loss@227.13 frag@166.09 frag@131.08,0.07038223743 0.06738252193 0.05891888961 0.02076462284 0.01400631201 0.003404719057 0.003342572832 0.002497019246 0.002438495168 0.002429707674 0.0024159553 0.002390465233 0.002273153048 0.002247574739 0.002176265698 0.002144370694 0.002097413177 0.002045964357 0.002012598794 0.002011043718
411,frag@110.06 frag@120.04 frag@94.06 frag@92.05 loss@194.11 frag@80.05 loss@210.1 loss@235.11 frag@68.05 loss@235.1 loss@222.14 loss@219.14 frag@65.04 loss@235.13 loss@250.05 frag@133.08 loss@276.11 loss@212.1 loss@258.07 frag@126.04,0.09833556414 0.09319525212 0.08384233713 0.04910473526 0.03693103418 0.02634314448 0.02341925167 0.01929507591 0.01831367798 0.01712230779 0.01499947347 0.01278767083 0.01180372853 0.01091814693 0.009926391765 0.009357307106 0.009118738584 0.008962823078 0.008035066538 0.007355162874
412,frag@151.07 frag@108.06 loss@257.09 frag@166.09 loss@387.15 loss@265.09 frag@123.08 loss@248.13 frag@152.08 loss@220.09 loss@287.11 frag@136.05 frag@138.06 frag@162.07 loss@214.04 loss@273.07 loss@215.01 loss@198.11 loss@259.04 frag@172.95,0.2125802785 0.002902970184 0.002550828503 0.002522198251 0.002269877121 0.002204739954 0.002175705042 0.002131677 0.00195566006 0.001916880021 0.001901409589 0.001886789571 0.001881613513 0.001713171485 0.001702942071 0.001616160269 0.001583247446 0.001579508185 0.001556018367 0.001554099028
413,frag@159.04 loss@147.11 frag@141.05 loss@260.09 loss@215.06 loss@367.15 loss@188.07 loss@188.1 loss@170.05 loss@182.08 loss@187.09 loss@177.01 loss@220.08 loss@196.04 loss@290.07 loss@306.15 loss@253.0 loss@243.12 loss@462.15 loss@303.09,0.3611027002 0.02721389011 0.01092240959 0.01019716822 0.004233650398 0.003324050922 0.003008574946 0.002974479925 0.002533929655 0.00250101462 0.002376328455 0.002230053535 0.002209584694 0.002099944279 0.00206634216 0.002043078654 0.001923471806 0.00191322586 0.00189038075 0.001851401292
414,loss@250.08 frag@77.04 frag@173.95 frag@89.07 frag@218.12 frag@105.03 frag@198.15 frag@155.06 frag@275.18 frag@190.09 frag@256.1 frag@171.04 frag@176.07 frag@132.06 frag@148.04 frag@161.06 frag@95.05 frag@138.09 frag@125.06 frag@196.01,0.3081965744 0.008691532537 0.008511997759 0.007527506445 0.007506859954 0.007171995472 0.007083201781 0.006732251029 0.005809316877 0.00536330184 0.005045994185 0.00484025199 0.004468838684 0.004238363821 0.003973267041 0.003597340547 0.00356298429 0.003122557886 0.003118932713 0.003114168067
415,loss@222.15 frag@167.13 loss@209.1 loss@252.03 frag@122.1 frag@139.99 frag@108.06 frag@98.07 frag@207.11 loss@307.13 frag@290.13 frag@110.07 frag@108.08 loss@248.15 frag@173.01 frag@99.05 frag@208.07 frag@235.05 frag@148.07 frag@136.08,0.2244637311 0.1122593805 0.07206774503 0.01808936894 0.01202368084 0.008287278004 0.006670900621 0.006467209198 0.006456812844 0.006371895317 0.006139652338 0.006003378425 0.004907306284 0.00489035435 0.004854123108 0.00479497714 0.004543431569 0.004331878386 0.003746411996 0.003477860242
416,frag@43.02 loss@349.09 loss@105.04 loss@80.05 frag@97.06 frag@67.05 frag@57.03 frag@53.0 loss@156.01 loss@248.02 loss@243.15 frag@56.96 loss@421.16 loss@273.06 frag@79.02 loss@174.11 frag@155.98 loss@112.05 loss@107.11 loss@171.0,0.3297324181 0.01934749819 0.01479009073 0.0147263892 0.007074555848 0.005254985299 0.005223770626 0.003556618234 0.003500204533 0.003317608265 0.003299861914 0.002912733937 0.002819401911 0.002811652608 0.002785147633 0.002760664793 0.002752282191 0.002702754224 0.002645977773 0.002615965437
417,frag@161.08 loss@160.07 frag@187.1 frag@134.07 loss@135.08 loss@177.07 loss@145.09 frag@202.11 frag@201.11 frag@158.07 frag@148.09 loss@177.09 loss@163.07 frag@132.06 loss@189.07 loss@175.11 frag@147.07 frag@120.06 loss@215.12 frag@162.08,0.1891811043 0.1201868877 0.1165435314 0.007469805423 0.006478928961 0.004894527607 0.004877163563 0.004819266498 0.004695096985 0.004548153374 0.003933047876 0.003769486444 0.003493592143 0.003476418555 0.003440826666 0.003324630437 0.00325648603 0.003010482294 0.002995120594 0.002914595651
418,loss@229.1 frag@287.09 loss@120.03 frag@198.15 loss@246.02 frag@208.07 frag@65.04 frag@131.06 frag@92.05 frag@347.19 frag@199.12 frag@139.02 frag@152.02 frag@132.07 frag@93.03 frag@178.06 frag@133.08 frag@67.02 frag@134.01 frag@118.05,0.1182070151 0.08042168617 0.04365700483 0.008896293119 0.004150695167 0.004010542762 0.003968366887 0.003913820256 0.003715502331 0.003630029969 0.003062582342 0.00303963176 0.002973431023 0.002782509662 0.002639481565 0.002525983844 0.002515880391 0.002373025985 0.002258770866 0.002257618355
419,frag@86.06 loss@183.1 loss@210.11 loss@224.13 frag@99.05 loss@281.1 frag@140.11 frag@87.07 frag@87.05 loss@212.15 frag@150.13 loss@299.13 frag@123.05 frag@183.11 loss@170.13 frag@218.14 loss@173.13 loss@228.18 loss@278.11 loss@182.12,0.3038732708 0.1210756078 0.08974410594 0.07189100981 0.0150815947 0.01436154917 0.00899697002 0.007016495802 0.006993021816 0.006177196279 0.004973115865 0.00480145542 0.004197776318 0.004154908936 0.003844227642 0.00359514961 0.003212352516 0.002975644544 0.002897165716 0.002752207685
420,loss@188.12 loss@198.03 frag@246.14 frag@140.11 frag@55.02 frag@332.06 frag@233.14 frag@87.06 frag@131.08 frag@264.03 frag@196.03 frag@69.06 frag@240.07 frag@233.13 frag@57.03 frag@174.03 loss@248.16 frag@87.04 frag@84.08 frag@239.21,0.2045350969 0.06542766839 0.01714471355 0.007903813384 0.006539912429 0.006412333343 0.004757903051 0.004513315856 0.004131718539 0.004109497648 0.003759328974 0.003640127368 0.003557350487 0.003341708332 0.002974545816 0.002840695903 0.002665217267 0.002619975712 0.002516598208 0.002410335001
421,frag@164.02 loss@242.07 loss@304.09 frag@55.02 frag@139.04 frag@109.03 frag@269.1 frag@111.03 frag@109.01 frag@149.04 frag@385.13 loss@151.01 loss@169.11 loss@107.11 frag@173.02 frag@185.97 frag@147.05 loss@188.15 frag@211.05 frag@110.05,0.1970748007 0.1564003229 0.1014140174 0.01656476595 0.006962300744 0.006525324192 0.005723175127 0.00469728373 0.004613140598 0.004568723496 0.004458352458 0.004144202452 0.003875562223 0.003689189674 0.00340691884 0.003376530251 0.003327624872 0.002933430253 0.002779651899 0.00267101964
422,loss@273.07 frag@165.09 frag@171.01 frag@151.07 frag@237.03 frag@113.02 frag@166.05 frag@326.18 frag@166.09 frag@138.06 frag@154.04 frag@138.01 frag@47.9 frag@174.02 frag@111.01 loss@259.09 frag@139.99 frag@207.98 frag@235.97 frag@70.04,0.1871788651 0.004694916308 0.004674427677 0.003856226569 0.003636619775 0.003541915445 0.003315557027 0.003233391326 0.003068875056 0.002938430291 0.002925916575 0.002628676826 0.002578782383 0.002078660065 0.002032024786 0.001957272878 0.001877143863 0.00186011137 0.001846804633 0.001829103916
423,frag@114.04 loss@239.09 frag@87.03 loss@282.07 frag@44.98 frag@101.01 frag@73.01 loss@172.07 frag@58.99 loss@196.08 frag@326.18 frag@57.99 loss@232.11 frag@134.02 frag@71.0 frag@163.02 loss@312.06 loss@95.0 frag@447.13 frag@112.99,0.2135325223 0.1151414067 0.01572821289 0.005751240067 0.005497777369 0.005098188762 0.004639974795 0.003776500467 0.003001093632 0.002524680691 0.002047127113 0.002009268384 0.001977502368 0.001926334924 0.001863107551 0.001855444978 0.001803285326 0.001761513879 0.00174387719 0.001735239872
424,loss@198.1 loss@170.11 loss@107.11 frag@55.02 frag@114.0 loss@329.12 frag@112.08 frag@84.09 frag@188.9 frag@233.13 frag@203.99 frag@84.08 frag@239.21 loss@200.12 frag@67.05 frag@276.01 frag@43.02 frag@155.98 frag@86.06 loss@184.12,0.2136822492 0.06011192128 0.02406255528 0.01283458062 0.0123262275 0.008945458569 0.008154888637 0.007288856898 0.007266594563 0.006517104339 0.006468186621 0.006238929927 0.005733879283 0.005541449413 0.004895395599 0.004860876594 0.004618497565 0.004520492163 0.004424517509 0.004305750597
425,frag@149.04 loss@166.03 loss@273.06 loss@286.04 loss@179.0 loss@279.08 frag@93.03 frag@103.02 loss@310.05 loss@254.04 frag@162.07 frag@59.0 frag@165.02 loss@221.1 frag@124.03 frag@149.03 frag@384.2 frag@178.06 loss@189.02 frag@132.06,0.1638560742 0.06427033991 0.04444152117 0.03307158127 0.01918426529 0.01242700126 0.007700776216 0.006336890627 0.006020749453 0.003517761361 0.003255284391 0.003107369645 0.002709430177 0.002593860729 0.002557807136 0.00251639355 0.002444010926 0.002413672162 0.002351274248 0.002204245422
426,frag@193.1 loss@208.99 frag@240.1 frag@227.05 frag@180.04 loss@287.11 loss@281.15 loss@333.07 frag@212.09 frag@114.04 frag@149.1 frag@86.08 loss@179.13 frag@337.15 frag@178.08 loss@198.03 frag@164.07 loss@78.57 loss@180.11 loss@235.16,0.140659079 0.06402152032 0.05510936305 0.01329421904 0.008690599352 0.002857830375 0.002829551464 0.002503496595 0.002136034658 0.002115520416 0.002094413387 0.001604000456 0.001543310005 0.001480946667 0.001471655793 0.00138356653 0.001347843907 0.001343772514 0.001279244316 0.001275689923
427,frag@139.04 frag@111.04 loss@207.02 loss@320.05 frag@123.04 loss@168.04 loss@404.13 frag@109.03 loss@316.08 frag@81.03 loss@624.23 loss@462.17 frag@153.02 loss@526.13 loss@498.14 frag@43.02 loss@318.1 loss@448.1 loss@421.16 frag@97.03,0.1935713887 0.1112152115 0.1012012213 0.04897160456 0.01549567468 0.008904400282 0.00889009703 0.007740466855 0.007664017845 0.007521337364 0.007207293529 0.006783295888 0.006677785888 0.004799773917 0.00433611637 0.004292433616 0.004012539983 0.003656864865 0.003570138942 0.003295793198
428,frag@82.03 loss@227.07 frag@220.02 loss@271.05 loss@240.06 loss@255.07 loss@233.13 loss@162.01 loss@251.11 frag@124.04 frag@54.03 frag@94.05 loss@259.09 loss@194.09 frag@99.06 frag@182.01 loss@224.09 frag@99.05 frag@246.06 frag@53.04,0.2275578827 0.1663006842 0.02079571225 0.004861790687 0.004609396681 0.003975255881 0.003429480596 0.003356670961 0.003236458637 0.003127271077 0.002732963767 0.002493103268 0.002297418192 0.002088370733 0.0020240515 0.00194381515 0.001933550229 0.001915845671 0.001850120607 0.001795240445
429,frag@151.06 loss@221.09 frag@97.01 loss@234.17 loss@233.09 frag@257.13 loss@195.07 loss@249.12 frag@125.04 loss@277.09 loss@235.1 loss@181.06 frag@112.06 frag@218.14 loss@230.11 frag@159.11 loss@186.09 loss@95.02 loss@124.0 loss@226.08,0.3353901505 0.1931558698 0.01169453282 0.002996134805 0.002918849466 0.002916189842 0.002831347054 0.002556611551 0.002528279787 0.002467438811 0.002358018188 0.002070558025 0.002067866735 0.002055943245 0.002053247066 0.002040906111 0.002006710041 0.001960885711 0.001938458532 0.001924601616
430,loss@168.05 frag@316.16 loss@116.11 frag@148.02 frag@58.99 frag@186.06 frag@190.07 frag@131.04 frag@172.03 loss@158.08 loss@168.07 frag@306.11 frag@143.04 frag@190.06 frag@196.05 frag@433.19 frag@183.07 frag@254.12 loss@197.02 frag@272.13,0.1896665692 0.05398438126 0.05373168364 0.01005595177 0.008174292743 0.006420924328 0.004741678946 0.004596075509 0.004574890714 0.004478611518 0.004337825347 0.004279781599 0.004145497922 0.003938453738 0.003336759051 0.003170950338 0.00316777383 0.003116010223 0.003015324939 0.002982901642
431,frag@148.02 loss@197.07 loss@199.95 loss@171.06 frag@121.01 frag@176.02 loss@101.0 loss@321.09 frag@84.99 loss@295.01 frag@186.99 frag@116.01 frag@183.1 frag@239.1 loss@311.06 loss@330.12 frag@153.0 loss@240.04 frag@192.1 frag@89.07,0.2862107158 0.2037591934 0.02781263553 0.00796715077 0.00376053853 0.003436582629 0.00298671308 0.002786144381 0.002225307981 0.002213212429 0.002201797906 0.002160466742 0.001970054116 0.001950680977 0.001883980935 0.001743416651 0.001665449701 0.001642369549 0.001616452006 0.001589678111
432,loss@134.04 loss@102.0 frag@123.01 frag@133.03 frag@144.95 frag@241.05 frag@213.1 frag@89.04 frag@63.02 frag@315.13 frag@167.03 frag@193.05 frag@81.02 loss@161.05 frag@114.03 frag@234.97 loss@144.02 loss@83.04 loss@165.05 frag@117.03,0.1574861407 0.09545278549 0.01054394059 0.009527314454 0.009218114428 0.0087612262 0.00732576428 0.007121940143 0.00557559263 0.005527399015 0.005016806535 0.004923274275 0.00425981218 0.004227962811 0.003983328585 0.003587595187 0.003532672767 0.003514692886 0.003513506381 0.003484763904
433,loss@162.07 frag@135.08 frag@259.14 frag@319.16 frag@240.12 frag@129.07 frag@159.08 frag@121.03 frag@180.04 frag@233.11 frag@136.03 frag@157.06 frag@145.06 frag@104.06 frag@163.08 frag@133.06 frag@150.07 frag@167.13 frag@207.98 frag@277.19,0.325812161 0.02102197893 0.0194452405 0.009055878036 0.008065898903 0.007472353522 0.007389373612 0.006110080052 0.005627919454 0.005388094578 0.005082944874 0.004812036175 0.004439543001 0.004046643153 0.003991367295 0.003990252037 0.003965433221 0.003669897793 0.003433984937 0.003368010279
434,frag@131.05 loss@158.09 loss@451.17 frag@103.05 frag@187.04 loss@350.12 loss@525.21 loss@423.17 frag@215.07 loss@553.2 loss@425.22 loss@343.13 loss@401.15 frag@104.06 loss@140.08 loss@316.1 loss@176.08 loss@186.04 loss@191.02 loss@609.23,0.2635058761 0.07237375528 0.0501335077 0.04361296073 0.03249411657 0.02794616297 0.0220536869 0.01718758419 0.01604960673 0.01516913343 0.01377809234 0.009574099444 0.009099636227 0.007045759354 0.006516924594 0.005391031504 0.005268735811 0.005175311584 0.004796273075 0.004263111856
435,loss@203.09 loss@150.1 frag@186.08 frag@215.12 loss@70.05 frag@229.12 frag@204.05 frag@327.12 frag@264.05 frag@384.2 frag@186.09 frag@172.1 frag@218.15 frag@276.08 frag@213.1 loss@239.07 frag@145.09 frag@174.04 frag@239.08 frag@189.05,0.1995839626 0.08889944106 0.08313967288 0.06085628271 0.0508216098 0.0495390743 0.02135787904 0.01737637073 0.01235438697 0.01231231447 0.01074616704 0.008495991118 0.00582576124 0.005665582139 0.00566140376 0.005464838818 0.004826286808 0.004717825446 0.004301193636 0.00427474035
436,frag@84.08 loss@257.12 frag@56.05 frag@84.09 loss@276.07 loss@183.13 loss@335.21 loss@296.12 loss@199.12 frag@82.06 frag@67.05 loss@196.12 loss@204.15 frag@112.08 loss@298.1 loss@211.12 frag@55.05 loss@213.15 loss@209.13 loss@186.14,0.3208633959 0.04695035145 0.03718999028 0.02127485722 0.02090283297 0.01459812373 0.01458801981 0.01106683537 0.01001729164 0.009651763365 0.0095346421 0.009353853762 0.008963673376 0.008558689617 0.006711869035 0.006711829919 0.006296811625 0.005532491021 0.005312498193 0.004997736309
437,frag@309.12 loss@237.03 frag@273.1 frag@293.12 loss@201.02 frag@439.36 loss@360.07 loss@367.18 loss@272.19 loss@225.03 frag@455.35 frag@169.05 frag@325.11 loss@203.95 loss@227.07 frag@284.11 frag@210.04 loss@314.17 frag@339.09 frag@263.09,0.1090339124 0.0811606124 0.07813317329 0.05779713392 0.05619435012 0.01539309509 0.01479235943 0.01287541073 0.008270387538 0.005929829087 0.004911348224 0.004868735559 0.004703599028 0.004396168981 0.003787163645 0.002927302616 0.002805656753 0.002748106141 0.002699903678 0.002502251882
438,frag@174.06 loss@145.05 loss@204.16 frag@231.11 frag@186.06 frag@322.17 loss@211.0 frag@223.01 loss@144.03 loss@130.07 loss@46.02 loss@241.05 loss@172.06 loss@149.11 frag@176.07 frag@155.02 loss@114.07 frag@158.06 loss@131.1 frag@172.11,0.2236899883 0.1319404691 0.05228307098 0.04739327729 0.009988696314 0.009532416239 0.007400115952 0.006560268346 0.002974251518 0.002875873121 0.002763054566 0.002694895957 0.002671498805 0.002616492566 0.002246214775 0.002208661288 0.00215298892 0.002099558013 0.00186163222 0.001779506099
439,frag@167.07 frag@182.1 frag@238.09 frag@222.1 frag@180.08 loss@135.07 frag@208.11 frag@195.09 loss@124.06 loss@188.07 frag@225.1 frag@208.1 frag@194.1 loss@122.0 loss@136.05 frag@195.07 loss@103.01 loss@275.1 loss@255.98 loss@298.04,0.1262199432 0.06710712612 0.03352962062 0.02775060013 0.02699694969 0.01583340019 0.006339133717 0.006185482722 0.005335436668 0.004093151074 0.003720549401 0.003652939573 0.003516895929 0.002900636755 0.002567545976 0.0025496569 0.00242603221 0.002425918821 0.002362911589 0.002246787772
440,loss@236.12 loss@223.11 frag@102.04 frag@221.1 loss@247.12 loss@266.11 frag@110.1 frag@97.01 frag@120.07 frag@156.14 frag@232.13 frag@67.05 loss@241.14 loss@247.17 frag@179.12 loss@260.13 loss@223.14 frag@85.05 frag@247.04 frag@113.04,0.1134968176 0.06786563993 0.05805385113 0.04632771015 0.03516889736 0.02453873865 0.01607557572 0.01328102592 0.01145630982 0.01070527267 0.01045682654 0.01012078952 0.009924999438 0.009612687863 0.009327238426 0.009293421172 0.008917702362 0.008814831264 0.008617931046 0.008496362716
441,loss@131.1 loss@149.11 frag@134.99 frag@130.97 loss@145.09 loss@144.07 frag@207.08 frag@231.11 frag@172.09 frag@171.09 frag@245.05 frag@229.13 frag@172.08 frag@202.11 frag@170.08 frag@130.06 frag@198.1 frag@213.1 frag@144.07 frag@226.13,0.1384485364 0.04927805066 0.02157959901 0.0205836799 0.01111109648 0.00887083821 0.004156001844 0.003860189347 0.003832277143 0.003682412207 0.003524802625 0.003462131135 0.00336051872 0.003356465371 0.00318142958 0.003166429698 0.003124225652 0.002967162291 0.002931151073 0.002907621209
442,loss@186.05 frag@207.1 frag@120.08 frag@165.02 frag@80.06 frag@111.03 frag@175.12 frag@149.04 loss@78.57 loss@232.05 frag@105.08 frag@186.09 frag@244.13 frag@135.1 frag@79.05 frag@67.02 frag@168.09 frag@92.06 frag@228.03 frag@208.07,0.2686403692 0.1193701476 0.006497065071 0.006219964474 0.005790750962 0.005071810447 0.005011358298 0.004268136341 0.00381258782 0.003730068449 0.003641620046 0.003486730391 0.003471689764 0.003406834556 0.003376344685 0.003065643832 0.003044558223 0.00295036938 0.002630259842 0.002523879521
443,frag@239.08 loss@214.15 loss@205.13 frag@277.08 loss@243.12 frag@186.09 frag@110.99 loss@189.01 frag@182.94 loss@376.11 loss@232.12 frag@334.14 frag@113.07 loss@177.1 loss@224.13 frag@203.05 loss@243.14 loss@158.12 frag@177.11 loss@289.07,0.08868580312 0.05033028871 0.03591928631 0.03360459581 0.03260730579 0.02439684421 0.01119141467 0.007882402278 0.007383994758 0.007042997517 0.006954045966 0.006906778086 0.005690145306 0.005126809701 0.004998144694 0.004505763296 0.004446484614 0.004435991403 0.004316485487 0.004244352691
444,loss@96.04 frag@266.08 loss@35.04 frag@282.08 frag@204.08 frag@216.11 frag@196.08 frag@116.93 frag@213.14 frag@257.11 frag@236.07 frag@188.03 frag@270.07 loss@104.05 loss@164.05 frag@238.08 frag@316.11 frag@148.05 loss@159.04 frag@349.12,0.1460697204 0.139208585 0.02078898624 0.01632022858 0.009965458885 0.005598312709 0.005081647076 0.00497305952 0.003992403857 0.003790465416 0.003309724154 0.003129401477 0.002834936837 0.002810401842 0.002792465966 0.002744451864 0.002734304871 0.002677785931 0.002284663031 0.002108363202
445,frag@273.09 frag@139.02 frag@172.02 frag@98.04 frag@137.04 frag@118.04 frag@165.04 loss@173.05 frag@56.96 loss@188.03 frag@175.06 frag@111.03 frag@113.01 loss@341.03 frag@171.99 frag@74.93 frag@158.0 loss@283.02 frag@256.05 frag@151.03,0.05813542753 0.02822840586 0.003409330267 0.001774971257 0.001747356961 0.001699383021 0.001662593684 0.001527182758 0.001514100353 0.001464100555 0.001420048997 0.001405948773 0.001331127482 0.001315805013 0.00128686754 0.001283540623 0.001221544226 0.001207194058 0.001186481793 0.001127505093
446,frag@41.04 loss@98.04 loss@128.05 loss@92.01 frag@43.05 loss@64.02 loss@114.03 loss@105.04 loss@117.04 frag@43.02 frag@306.09 loss@63.03 frag@53.0 loss@102.03 loss@113.01 loss@169.13 frag@100.02 loss@127.08 frag@67.04 loss@144.08,0.2185759246 0.09094177932 0.07309001684 0.03726477921 0.0333342962 0.02293648012 0.02206360176 0.01776600629 0.01232246496 0.01199706271 0.01111668441 0.01062030811 0.008863411844 0.007544585038 0.007382012438 0.007194173057 0.005598780233 0.005488964729 0.005400851835 0.00492576696
447,loss@164.05 loss@188.02 loss@117.06 frag@268.05 frag@298.14 frag@200.02 frag@264.16 loss@175.01 frag@347.15 frag@241.02 loss@78.1 frag@220.11 frag@227.12 frag@256.13 frag@245.13 loss@263.05 frag@193.07 frag@209.08 frag@161.09 frag@200.12,0.1017061174 0.07669883966 0.06812153757 0.06798538566 0.06156828254 0.01329973061 0.01155489683 0.007443763316 0.007363399025 0.005405369215 0.004764751997 0.004102765583 0.003075963818 0.002997436561 0.002775695408 0.002689263551 0.002664803527 0.00242904597 0.002416052623 0.002405272331
448,loss@162.05 frag@271.06 loss@190.05 frag@285.08 frag@369.13 frag@305.1 frag@303.05 frag@299.14 frag@275.06 loss@324.11 frag@261.04 frag@144.0 frag@319.04 loss@180.06 frag@193.05 frag@287.06 loss@208.06 loss@308.11 frag@153.02 loss@176.03,0.2161845267 0.07065431029 0.06241869181 0.05108552799 0.04555135965 0.03786062077 0.02866201475 0.01559599303 0.01147517003 0.01083924994 0.01049238537 0.009608985856 0.008544481359 0.008336758241 0.007454074454 0.005589138251 0.005552434828 0.005356280133 0.004657768644 0.004622810055
449,frag@57.07 loss@84.06 loss@274.1 loss@275.11 loss@300.04 loss@274.09 loss@246.06 loss@171.16 loss@393.15 loss@144.08 loss@186.01 loss@349.12 frag@97.1 loss@309.03 loss@259.01 frag@41.04 loss@102.07 loss@157.07 loss@347.11 frag@307.07,0.3342970014 0.03699499369 0.03574844077 0.03411640599 0.03251513094 0.02096181735 0.01853107102 0.01505926065 0.01351543237 0.01326077338 0.01294253394 0.008574929088 0.008360625245 0.008002597839 0.007677198388 0.007400085218 0.007266580593 0.007033520378 0.006574795581 0.005661464762
450,frag@167.05 frag@279.16 loss@394.16 loss@264.15 frag@306.11 frag@46.07 loss@255.11 frag@171.08 loss@296.12 loss@47.0 loss@311.13 loss@246.15 loss@241.11 frag@115.02 frag@264.05 loss@191.1 loss@268.0 frag@194.04 loss@158.07 loss@243.16,0.180710569 0.0475961417 0.0236880295 0.001908664475 0.001870810054 0.001778560691 0.001626024023 0.001434819889 0.001417497639 0.001383752096 0.001379833673 0.001335744979 0.001327745616 0.001294953167 0.001280861557 0.001264327555 0.001182621811 0.001091053826 0.001088711084 0.001087067183
451,loss@193.13 frag@202.0 frag@146.03 loss@188.15 frag@183.11 loss@177.1 frag@87.07 loss@159.09 loss@235.12 frag@115.09 frag@99.05 frag@409.2 loss@364.14 frag@216.14 frag@147.06 frag@155.02 frag@86.06 frag@137.07 frag@188.9 frag@179.12,0.1827745587 0.09334689379 0.00922596734 0.005177651532 0.00347761251 0.00266739307 0.002482831245 0.002329319948 0.002194141969 0.001878486597 0.001793919713 0.001749295043 0.001731328899 0.001714475569 0.001713223523 0.001678825007 0.001667955425 0.001603377867 0.001596770599 0.001548382803
452,frag@183.05 loss@281.13 loss@275.15 loss@216.15 loss@181.1 frag@130.12 frag@67.05 frag@146.12 frag@81.07 frag@113.07 frag@150.13 frag@86.07 frag@121.07 frag@110.1 loss@181.11 frag@131.09 frag@225.16 frag@43.02 frag@120.08 loss@276.07,0.0865797326 0.08075076342 0.04480915517 0.0251623746 0.01576078497 0.01325182244 0.01248189434 0.008915653452 0.006884221453 0.006790026557 0.006536820438 0.006469943561 0.006018565502 0.005825171713 0.005654218141 0.005171046127 0.005125837866 0.004859993234 0.004728928208 0.004706333391
453,loss@172.12 frag@224.08 frag@162.13 loss@284.14 frag@315.13 frag@203.07 loss@457.15 frag@87.06 loss@197.12 frag@87.04 frag@233.13 frag@167.05 frag@57.07 frag@210.04 frag@60.04 frag@213.96 frag@122.01 loss@470.15 frag@114.09 frag@82.04,0.1905205548 0.09253522009 0.08621892333 0.03370049968 0.02535755001 0.01039639674 0.006096299738 0.003614528105 0.003398325294 0.003178775543 0.002756420057 0.002590233227 0.002413919661 0.002410982735 0.00237890915 0.002360527869 0.002322479151 0.002125534927 0.001961363247 0.00186922343
454,frag@144.04 frag@116.05 frag@172.04 loss@257.02 loss@111.14 loss@215.14 loss@213.07 loss@206.07 frag@190.05 frag@144.06 loss@216.05 loss@214.07 loss@234.07 frag@87.07 frag@134.06 loss@190.07 loss@240.07 frag@172.05 frag@89.04 loss@46.02,0.2485720366 0.06883387268 0.05316812918 0.04267030209 0.02808460779 0.01301420387 0.008898560889 0.006789471954 0.006173840258 0.005681224633 0.004328604322 0.004085410852 0.004041894805 0.003666803008 0.003479365725 0.003408830613 0.003384482116 0.003356018569 0.002989425557 0.002967474051
455,frag@112.08 loss@198.17 loss@240.12 loss@226.17 loss@266.13 loss@194.14 frag@110.1 frag@84.08 loss@208.16 loss@264.16 loss@168.16 loss@195.16 frag@318.13 loss@199.16 frag@82.06 loss@263.12 frag@69.07 loss@279.16 loss@236.15 frag@67.05,0.2358981967 0.04395002127 0.02881381102 0.02265723795 0.02004397102 0.01834301837 0.01548793539 0.01352660637 0.0128346011 0.01067824662 0.01066146698 0.009318725206 0.008644627407 0.00772915734 0.007666600868 0.007269982714 0.007226129528 0.00691900216 0.006359335501 0.006252590567
456,loss@122.04 loss@100.01 loss@69.06 frag@212.96 frag@271.07 loss@107.02 frag@200.93 loss@346.07 frag@223.04 frag@229.03 frag@261.03 loss@78.14 frag@192.07 frag@346.12 frag@274.01 loss@84.09 frag@215.08 loss@149.04 frag@266.07 loss@112.01,0.09993450344 0.0551549308 0.05323962867 0.02815156244 0.02563668974 0.0175609272 0.01240546629 0.01137617137 0.009228398092 0.009182699025 0.009126844816 0.008221552707 0.006989471149 0.006848656107 0.006809398532 0.00521909073 0.004989564884 0.004519694019 0.004482951015 0.003989966586
457,frag@178.07 loss@227.1 frag@113.04 frag@102.04 frag@93.03 frag@175.12 frag@141.03 frag@133.04 frag@135.05 loss@185.04 loss@211.05 frag@111.03 frag@161.06 loss@196.03 loss@203.08 frag@314.13 loss@218.06 frag@209.14 frag@110.02 frag@147.05,0.2129277289 0.1899441779 0.006179085933 0.005959474016 0.004502268974 0.004495400004 0.003305729479 0.003287294647 0.003022056073 0.002879942069 0.002842182526 0.002761250362 0.002596032107 0.002567723859 0.002564042108 0.002518000547 0.00235803239 0.00231499807 0.002023445908 0.001936035929
458,loss@274.19 frag@238.07 loss@256.18 frag@303.12 frag@260.07 loss@213.0 loss@140.1 loss@255.1 loss@362.2 loss@298.04 frag@249.13 frag@215.06 loss@280.12 loss@201.13 frag@142.12 frag@223.02 frag@320.16 frag@129.1 frag@330.12 frag@324.12,0.09550328553 0.04061707482 0.04026801884 0.03654165193 0.01938029006 0.008579984307 0.007737997454 0.006481436081 0.006478562951 0.005410778802 0.004618222825 0.004444333259 0.004416380543 0.004406708293 0.003930463921 0.003570171772 0.002871398581 0.002749451436 0.002524948213 0.002467310755
459,loss@159.07 frag@156.04 loss@301.12 loss@303.06 frag@303.15 frag@223.03 frag@264.11 frag@195.98 frag@215.11 frag@238.05 loss@174.03 frag@285.14 frag@333.13 loss@360.19 frag@260.07 frag@221.09 frag@185.11 frag@208.96 frag@186.13 frag@217.12,0.1370746046 0.05579609424 0.03379719704 0.02916661277 0.02864122204 0.02617867477 0.02531064861 0.02463839017 0.02081489004 0.01911245659 0.008547306992 0.007003776263 0.00636388734 0.005918641109 0.005347477738 0.005176254548 0.004871466663 0.004563113209 0.004263240378 0.003950159997
460,frag@155.09 frag@142.08 frag@143.09 frag@183.12 frag@223.11 frag@168.09 frag@157.1 frag@209.13 frag@159.08 frag@133.1 loss@323.15 loss@297.12 loss@178.14 loss@308.16 loss@326.17 frag@161.13 frag@173.1 frag@159.12 frag@130.08 loss@189.0,0.05802208185 0.03834462538 0.03612819314 0.0189558249 0.01434766036 0.01400038786 0.01169116981 0.0112618003 0.01113629807 0.009792029858 0.008804887533 0.008038140833 0.007811827585 0.007789190393 0.007550860755 0.007136174012 0.006820147857 0.006589825731 0.006192847155 0.005705964752
461,loss@57.07 loss@67.04 frag@215.05 frag@259.06 frag@343.08 loss@259.17 loss@330.23 loss@310.15 frag@303.12 frag@214.98 loss@39.02 frag@400.18 frag@191.07 loss@286.09 frag@241.05 loss@159.1 frag@268.07 frag@313.07 frag@145.05 frag@211.04,0.06390272826 0.05577880517 0.05484922975 0.05302594602 0.04803350195 0.04383371025 0.02821902558 0.02621470205 0.01340256538 0.01278642658 0.008259660564 0.007605814375 0.006224987097 0.005100338254 0.004750924185 0.004502969328 0.004455427174 0.004306569695 0.00402774848 0.003888627049
462,loss@153.09 frag@189.1 frag@166.0 loss@198.15 frag@163.12 frag@138.06 frag@302.07 frag@196.11 loss@251.15 frag@209.02 frag@226.13 frag@291.11 frag@175.1 loss@195.14 frag@204.07 frag@160.1 frag@297.17 frag@161.09 loss@231.14 frag@162.09,0.2658915818 0.2211867869 0.04354529083 0.01026035845 0.005297220312 0.004103065468 0.003886369755 0.003832177026 0.002873935737 0.002736966126 0.00271280366 0.002671120223 0.002636570018 0.00225868402 0.002207634971 0.002153118839 0.002134596463 0.002102250466 0.002076070756 0.002032607095
463,frag@189.14 loss@238.13 loss@210.14 loss@237.15 loss@300.1 loss@266.16 frag@99.07 frag@243.16 frag@174.03 loss@247.0 loss@238.11 frag@110.1 frag@136.05 loss@284.08 frag@114.0 frag@135.09 frag@220.02 frag@82.07 frag@97.01 loss@212.12,0.1243103668 0.1086404175 0.09669519216 0.0211741887 0.01271003205 0.01007285248 0.0099153677 0.007344625425 0.006678428967 0.006210825872 0.005259871017 0.004992794245 0.004649992101 0.004286712036 0.004245110322 0.004143473227 0.00392734725 0.003919957206 0.003862438258 0.003809229936
464,loss@167.09 frag@169.09 frag@355.2 frag@191.06 frag@151.05 frag@130.97 frag@204.11 frag@231.05 frag@197.12 frag@201.1 loss@153.11 frag@190.09 frag@135.0 frag@216.13 frag@229.13 frag@213.03 frag@391.17 frag@195.09 frag@235.14 frag@181.1,0.3049591184 0.1192465946 0.006302368827 0.004779038485 0.003955002874 0.002699228702 0.0026670238 0.002541307127 0.002514647087 0.002465977333 0.002439161064 0.002409956185 0.002341399435 0.002241318813 0.002201955998 0.002076652134 0.001961349975 0.001863643876 0.001821730053 0.001819720259
465,frag@135.1 loss@176.03 loss@201.03 loss@270.03 loss@212.96 loss@159.01 frag@144.0 frag@131.08 frag@153.05 loss@435.13 loss@186.99 frag@292.13 frag@204.95 frag@85.01 frag@126.04 frag@76.02 frag@159.11 frag@279.09 loss@153.02 frag@218.14,0.1047401056 0.08806288242 0.03739322349 0.03649361804 0.03182204813 0.02985418402 0.0192518346 0.008556773886 0.006326782517 0.006238221191 0.005354732741 0.004419016186 0.003730569035 0.00328255468 0.003236854449 0.003219604492 0.00315249362 0.003074971726 0.003069618717 0.003013613168
466,frag@188.08 frag@190.1 loss@261.16 frag@231.12 frag@174.07 loss@176.09 loss@189.09 loss@153.12 frag@160.09 loss@258.11 loss@206.12 loss@173.13 loss@162.08 loss@187.07 loss@177.09 loss@183.99 loss@205.09 loss@206.15 loss@171.13 loss@188.12,0.1387655437 0.106954053 0.02860156447 0.02739884518 0.01121345721 0.01080511697 0.006135285366 0.005552770104 0.00536036538 0.004316495731 0.004100900143 0.004094949923 0.003788938047 0.003583430545 0.003398722736 0.003342132084 0.003276068717 0.003126118332 0.002948165406 0.002829411766
467,loss@93.06 loss@119.04 frag@228.08 loss@120.07 frag@279.08 loss@61.05 frag@225.03 frag@143.02 loss@134.09 frag@243.03 frag@205.08 frag@227.13 frag@96.07 frag@53.04 frag@237.08 frag@198.0 frag@134.04 frag@52.02 frag@64.01 frag@169.96,0.1645710468 0.09852228314 0.0805934146 0.06975676864 0.04484300688 0.0255816672 0.02003222704 0.008998882957 0.008885391057 0.006680074148 0.004646026529 0.004058133811 0.003947239835 0.003843935905 0.003838896984 0.003800281556 0.003736437531 0.003660274204 0.003194713499 0.003137039952
468,loss@174.06 loss@196.01 frag@267.06 frag@112.05 loss@191.01 frag@95.02 frag@164.09 loss@173.05 loss@212.11 frag@181.08 frag@164.11 frag@167.05 frag@137.05 frag@125.0 frag@243.04 frag@90.05 frag@228.03 loss@264.08 frag@184.1 frag@84.96,0.2057997733 0.03674462065 0.007740253583 0.007096383255 0.006414811127 0.004885905888 0.004834988154 0.004478945863 0.004380959086 0.004190993495 0.004076674581 0.003962812945 0.003832218936 0.003812977578 0.003796281759 0.003727699397 0.003663676558 0.00336979772 0.00335941324 0.003213391872
469,loss@236.06 loss@106.02 frag@132.96 loss@180.02 frag@105.06 frag@332.06 frag@183.98 loss@178.07 frag@45.99 frag@118.05 loss@247.03 frag@67.02 loss@298.03 frag@51.02 frag@115.03 frag@93.04 frag@104.05 frag@84.05 frag@53.04 loss@139.04,0.1515379101 0.03095628507 0.03028411977 0.02384261042 0.01145894546 0.008034704253 0.007320507895 0.007267568726 0.007057483774 0.006985956337 0.006229155697 0.005505368579 0.005292517133 0.005181261338 0.004815673921 0.004428183194 0.004393521231 0.004108716734 0.003928476945 0.003911274951
470,frag@219.08 loss@108.03 loss@68.04 frag@277.11 frag@335.17 loss@107.08 loss@96.03 frag@308.0 loss@79.08 loss@62.96 loss@0.06 frag@200.07 loss@107.92 loss@90.02 loss@96.07 loss@55.01 loss@165.05 loss@70.01 loss@87.01 frag@222.1,0.2120362818 0.1120221838 0.1084332392 0.05805955455 0.04238024727 0.02177574113 0.01010721456 0.008704312146 0.007361886557 0.005509829614 0.005444267765 0.005398451351 0.005225696601 0.005005815532 0.004936862737 0.003039500443 0.002631224925 0.002414452145 0.002387876622 0.002349790186
471,loss@238.08 loss@210.09 frag@163.99 frag@314.13 frag@102.04 frag@199.02 frag@137.06 frag@147.08 frag@111.03 frag@314.11 frag@139.08 frag@118.08 frag@180.05 frag@105.07 frag@175.12 frag@109.06 frag@158.0 frag@346.04 frag@365.14 frag@206.06,0.1810771972 0.08257335424 0.02200226299 0.01115406957 0.009771795943 0.009543680586 0.009154936299 0.00738442596 0.007035826799 0.006425387226 0.00610790262 0.005257912446 0.004914645571 0.004805532284 0.004500587005 0.004145617597 0.003929411061 0.003791396273 0.003651773557 0.003388911719
472,frag@135.07 frag@121.05 frag@150.08 loss@159.05 loss@130.09 frag@162.08 loss@132.04 frag@164.09 loss@175.05 frag@291.1 loss@220.02 frag@133.05 loss@202.96 loss@132.07 loss@152.04 loss@191.08 loss@161.07 loss@149.07 frag@149.08 loss@180.08,0.137650758 0.0911045447 0.0334196426 0.02266431786 0.01957891881 0.01901275665 0.01814491302 0.01173037849 0.01096124295 0.01093375869 0.006980108563 0.006758644711 0.005289835855 0.005078852177 0.005066501908 0.004934203811 0.004868581891 0.004462566692 0.00440985756 0.004348305054
473,loss@150.05 loss@120.04 frag@185.06 frag@69.0 loss@124.04 frag@213.05 loss@40.01 loss@124.07 frag@222.98 frag@182.05 frag@313.07 frag@297.08 frag@283.06 loss@36.02 frag@253.05 frag@299.06 frag@271.06 loss@149.04 frag@207.07 frag@284.07,0.1176013947 0.07016409189 0.06867784262 0.06442389637 0.04511883855 0.0440175347 0.04378362745 0.03086326271 0.01630283706 0.01528159995 0.01516452804 0.008541337214 0.008096545935 0.008000830188 0.007898195647 0.006854693871 0.00680095423 0.006251867861 0.006151836831 0.005698712077
474,loss@155.08 loss@212.08 frag@238.05 loss@182.07 frag@349.07 frag@257.11 frag@85.09 frag@343.19 frag@182.98 frag@313.13 frag@188.13 frag@228.11 frag@73.01 frag@158.1 loss@230.01 frag@312.16 frag@170.08 loss@293.09 frag@297.17 loss@155.05,0.1271187365 0.07654533535 0.03477022424 0.02278785221 0.01986462995 0.01859940402 0.01608103327 0.01423641108 0.01399312541 0.01010964531 0.003618140472 0.00359585206 0.003223351669 0.003205048619 0.003151499433 0.003132050624 0.003107433906 0.002955294447 0.002864702605 0.0027479087
475,loss@77.08 frag@216.13 loss@158.12 loss@141.1 loss@78.05 frag@183.08 frag@265.09 frag@238.02 frag@227.11 loss@115.1 frag@198.09 frag@248.11 frag@104.01 frag@222.09 frag@169.04 frag@277.08 loss@175.12 loss@288.96 loss@148.1 loss@259.17,0.1531079262 0.0365603976 0.01202692371 0.005866218824 0.004858509637 0.004421829712 0.003956478089 0.003347953083 0.003335845657 0.003178650513 0.003123498289 0.003105609911 0.003094601445 0.00256002415 0.002451083157 0.002379181329 0.002288027201 0.002189319348 0.002171523869 0.002029098105
476,loss@185.15 loss@210.15 frag@247.14 loss@229.02 loss@189.14 frag@116.07 frag@156.14 frag@156.08 frag@130.12 frag@128.11 frag@349.13 frag@242.07 frag@101.06 frag@84.04 frag@245.13 frag@146.02 frag@171.02 frag@74.06 frag@86.06 frag@44.01,0.1608361602 0.1187070906 0.07103449106 0.04060978815 0.01097656414 0.007662106305 0.007417566143 0.006624104455 0.00627463311 0.005976400804 0.005673350301 0.005352568813 0.005170575343 0.005000978243 0.004872711841 0.004266862292 0.004227869213 0.004121496808 0.004006803967 0.003948026337
477,frag@142.12 loss@134.11 loss@199.17 loss@314.16 frag@218.15 loss@301.18 frag@247.03 loss@342.06 loss@288.08 frag@43.05 frag@131.03 frag@232.13 frag@163.06 loss@288.18 frag@323.06 frag@203.1 loss@169.11 frag@129.1 loss@181.11 frag@81.07,0.1750368327 0.09723600745 0.0365395993 0.02967446111 0.02749679796 0.02726696245 0.01671060733 0.009336926974 0.007999322377 0.005456640851 0.00501631014 0.004567027558 0.003922256641 0.003711472964 0.003600809723 0.003556882497 0.00350078335 0.003428553464 0.003336576978 0.00305107655
478,frag@199.1 loss@138.1 loss@139.1 frag@232.09 frag@191.13 frag@201.11 frag@172.09 loss@215.12 frag@211.01 loss@202.13 loss@158.07 frag@158.07 frag@176.13 loss@252.05 loss@118.06 frag@184.01 loss@133.05 loss@99.11 frag@173.95 loss@172.08,0.2433916181 0.2207979262 0.006207081955 0.003490038216 0.003486214206 0.003440425498 0.002783238655 0.002674033167 0.002508338308 0.0023631074 0.002337008948 0.002261337591 0.002250713529 0.002095672535 0.001908852137 0.001833128743 0.001813308452 0.001774236327 0.001727858093 0.001720792265
479,loss@156.0 frag@187.06 loss@142.04 frag@299.07 loss@318.09 loss@317.14 frag@335.11 frag@128.04 frag@196.05 frag@285.1 loss@190.04 frag@71.03 frag@256.06 frag@171.07 frag@256.96 frag@358.13 loss@109.09 loss@177.05 frag@41.03 frag@384.2,0.09038730711 0.09017276764 0.03485582024 0.01678511687 0.01629330963 0.01322705857 0.01311215479 0.01290643122 0.01285859756 0.01279245596 0.01275604125 0.01068616379 0.006540183909 0.005487689748 0.00436916342 0.004301500041 0.004121937789 0.003913972061 0.003710607998 0.003641009796
480,loss@184.09 frag@140.06 loss@181.1 loss@288.14 frag@192.14 loss@290.15 frag@98.05 frag@228.12 frag@340.2 frag@43.04 loss@373.13 frag@160.03 loss@356.15 frag@156.02 loss@129.13 frag@113.07 frag@178.01 frag@98.07 frag@179.09 loss@278.18,0.1252064109 0.120783262 0.07643452287 0.04871831462 0.03274197504 0.02756743506 0.02722345851 0.01327636838 0.006901542656 0.006168296095 0.004957464989 0.00483472459 0.004802559968 0.004584102891 0.004249349702 0.004218138289 0.003942066338 0.003573159687 0.00350325997 0.003467038972
481,frag@130.0 loss@127.04 frag@204.04 loss@234.16 loss@214.06 loss@215.04 frag@169.17 loss@219.03 frag@216.09 loss@188.03 loss@172.04 frag@183.98 frag@84.05 frag@67.02 frag@277.99 frag@160.05 frag@159.11 frag@72.94 loss@251.05 frag@140.08,0.08489655703 0.07793231308 0.07020072639 0.05514551327 0.05305988714 0.03698247299 0.03349576145 0.02532624081 0.01752290502 0.01718219928 0.01530612819 0.01136156823 0.008088010363 0.007479537744 0.006934846286 0.006055020262 0.005576398689 0.005335068796 0.004867746495 0.004691521171
482,loss@58.04 loss@60.06 loss@30.05 loss@76.05 loss@44.03 loss@44.06 frag@259.1 loss@33.03 frag@313.07 frag@238.06 frag@255.07 frag@217.05 loss@16.03 frag@269.08 loss@43.02 loss@59.05 frag@226.06 loss@112.12 frag@299.06 frag@227.07,0.02375144884 0.02189284191 0.02050629444 0.01643560454 0.01537918579 0.01510684378 0.011188576 0.01096213795 0.01052630413 0.01049248781 0.008823199198 0.008795953356 0.008662582375 0.008565017022 0.008265702985 0.008261974901 0.008205370978 0.007889084518 0.007623799611 0.007047151681
483,frag@139.05 loss@178.11 loss@165.09 loss@169.07 loss@164.09 frag@126.05 loss@185.1 frag@71.06 frag@187.02 frag@165.07 loss@124.08 loss@176.13 loss@166.11 frag@159.03 frag@180.09 frag@201.11 frag@154.05 loss@163.08 frag@176.05 frag@272.14,0.1354468614 0.08170946687 0.06205330789 0.04779680818 0.03974112868 0.02559389919 0.02217384614 0.01719488017 0.01674447022 0.01599541679 0.01587049663 0.0151231084 0.01394067425 0.01326805353 0.0126529457 0.01200034469 0.01141549274 0.00971737504 0.009536346421 0.009354428388
484,loss@120.03 frag@212.06 frag@133.01 frag@200.06 frag@174.95 loss@147.05 frag@291.12 loss@246.02 frag@148.03 frag@109.03 frag@192.12 frag@275.1 frag@268.14 frag@178.06 frag@347.19 frag@53.04 frag@174.97 frag@181.05 loss@199.01 frag@322.19,0.1546740532 0.06237569079 0.004622519016 0.00395425735 0.003180189058 0.002935404656 0.002824849216 0.002760467818 0.002120693913 0.002119993791 0.002056761878 0.002034029458 0.001886313665 0.001875384944 0.001863591839 0.001797813573 0.00162922719 0.001544160186 0.0015344657 0.001506336266
485,frag@146.02 loss@143.13 loss@261.18 loss@287.14 frag@189.07 loss@259.17 frag@83.09 loss@231.16 frag@155.02 frag@157.17 loss@213.14 frag@223.07 loss@227.17 loss@170.13 loss@211.99 loss@153.11 loss@105.08 loss@174.14 loss@168.01 loss@201.18,0.2958720326 0.1228842661 0.04443063214 0.03547129035 0.01137144677 0.01064191386 0.005975111853 0.005505152978 0.004608226009 0.003980910871 0.003144748043 0.003107855795 0.003004411934 0.002862523077 0.002843579045 0.002798374975 0.002756317379 0.002715598792 0.002205570228 0.002193501219
486,loss@185.06 loss@135.05 loss@154.04 frag@185.05 loss@184.05 frag@245.11 frag@317.09 frag@168.03 frag@322.16 frag@144.05 loss@99.04 loss@144.06 frag@154.07 frag@156.04 frag@247.97 frag@316.12 frag@94.04 frag@152.03 frag@134.05 frag@204.12,0.07993004471 0.07831411809 0.03719319031 0.03130470589 0.02905403823 0.02166592516 0.02052137814 0.01687701233 0.01532909367 0.01041415893 0.008543170057 0.008238652721 0.008002255112 0.007804323919 0.006336571183 0.006245126016 0.005578171927 0.005145640112 0.004774863366 0.004737086128
487,frag@205.04 frag@319.07 loss@146.05 loss@132.09 frag@176.03 loss@201.13 loss@79.99 frag@244.11 frag@177.05 loss@128.01 frag@207.13 loss@153.08 frag@142.97 frag@261.05 loss@337.08 loss@290.11 loss@130.09 frag@151.03 loss@231.05 loss@199.1,0.1928223222 0.05751573294 0.003198235994 0.002452399582 0.002002212685 0.001772306277 0.001735655358 0.001708309399 0.001679443638 0.001676299958 0.001594063709 0.00157465809 0.001503069187 0.001492224401 0.001442331122 0.001409048797 0.001370450947 0.001317647984 0.001251998823 0.001244537416
488,loss@280.09 frag@166.09 frag@55.02 loss@251.2 loss@232.11 frag@147.03 frag@114.0 frag@101.02 loss@239.16 frag@70.04 frag@45.03 frag@138.06 frag@110.02 frag@236.15 frag@153.08 frag@179.12 frag@68.05 frag@193.1 frag@46.34 frag@58.03,0.2423045337 0.2024169713 0.004856559448 0.004112764727 0.004094342235 0.003371451516 0.003342143726 0.002850206103 0.002392404247 0.002388122724 0.002278115368 0.0020744137 0.002065967536 0.00197878317 0.001924828859 0.001894182991 0.001830091118 0.001705664909 0.001639660331 0.001519392361
489,frag@105.04 loss@234.09 loss@208.07 loss@219.05 loss@202.12 loss@235.04 frag@161.03 frag@103.02 frag@51.02 loss@352.1 loss@219.02 frag@178.02 frag@121.04 loss@110.01 loss@347.14 loss@92.99 loss@218.02 loss@145.04 loss@354.16 loss@227.04,0.2730800509 0.06497683376 0.06115388498 0.0553226918 0.04783202335 0.02087857574 0.01634646952 0.01534529775 0.01411039196 0.01256085001 0.01020055916 0.009212971665 0.007873774506 0.007859426551 0.007846022025 0.006905302405 0.006195259746 0.005855549127 0.005193683784 0.005155498628
490,frag@164.07 loss@281.05 frag@136.08 frag@108.08 loss@152.09 loss@192.09 frag@193.1 loss@229.06 loss@120.06 frag@138.05 loss@180.09 loss@168.08 loss@260.15 loss@253.1 loss@178.1 loss@271.04 loss@183.17 frag@122.06 loss@351.13 loss@260.08,0.3115152121 0.02032111958 0.006225493271 0.005240011495 0.004642578308 0.004238430411 0.004029974341 0.003251926508 0.003165809205 0.002835311228 0.002633298049 0.002395717194 0.002178553957 0.002141964855 0.002131868154 0.00204615132 0.001930634025 0.001797123114 0.001765146269 0.001725831069
491,loss@137.08 frag@211.05 frag@204.05 frag@276.08 frag@145.04 loss@120.06 frag@144.06 frag@267.05 frag@173.03 frag@126.06 frag@256.14 frag@186.1 frag@351.18 loss@131.1 loss@164.11 frag@195.09 frag@152.11 frag@413.16 loss@203.09 loss@164.07,0.3279041052 0.06971956789 0.06812471896 0.03932899982 0.01210658532 0.007826202549 0.00646393653 0.005400774535 0.005041263066 0.005024765618 0.004868199117 0.003991427831 0.003777215257 0.002851864789 0.002749255393 0.002648885828 0.00252890354 0.00244030077 0.002435775939 0.002376190154
492,loss@96.02 frag@196.1 loss@341.13 loss@269.1 loss@105.12 frag@95.01 frag@304.09 frag@349.12 frag@208.1 frag@140.01 loss@68.03 loss@93.02 frag@329.11 frag@210.09 loss@382.1 frag@289.11 frag@321.12 frag@134.04 loss@312.12 frag@200.04,0.1359407902 0.1221964434 0.04671793059 0.03942265362 0.0258978568 0.01908231899 0.01754680276 0.007933537476 0.005130884238 0.004274195526 0.003882619785 0.003707021708 0.003392541548 0.003272612579 0.003156251041 0.002855030354 0.002618355677 0.00251581124 0.002501602517 0.002440486569
493,frag@165.1 loss@239.14 loss@364.14 loss@244.11 frag@74.93 frag@315.14 frag@142.02 frag@220.12 frag@154.0 frag@183.06 frag@243.16 frag@162.08 loss@159.13 loss@169.04 loss@215.01 frag@131.08 frag@409.2 frag@114.05 frag@110.02 frag@147.09,0.1879298389 0.0477629602 0.03156684339 0.0130035542 0.01016321406 0.006305637304 0.006010962185 0.003505917499 0.003310296452 0.003000203287 0.002575224498 0.002565070987 0.002429377753 0.002230563201 0.002193191787 0.002078363439 0.002028247109 0.001928845886 0.00184998347 0.001797074801
494,frag@176.11 loss@223.14 loss@268.17 loss@291.13 frag@147.08 frag@131.09 frag@277.08 frag@105.07 frag@71.03 frag@143.09 frag@123.08 frag@149.1 loss@213.99 frag@162.06 loss@224.15 frag@99.08 frag@144.09 frag@110.02 loss@215.12 frag@165.09,0.172838822 0.08117419481 0.0752600953 0.03195904195 0.006006845273 0.004492280073 0.004092667252 0.004044307396 0.003781465115 0.003764898283 0.003497478785 0.003345414763 0.003314870642 0.003171838121 0.002784197452 0.002567089628 0.002517056186 0.00245185988 0.0022540926 0.002251421101
495,frag@175.06 loss@139.05 loss@129.06 frag@223.05 frag@239.12 frag@129.04 loss@208.18 frag@178.04 loss@183.98 frag@159.05 frag@172.08 loss@185.03 loss@164.11 frag@229.06 frag@155.06 frag@225.1 frag@158.05 loss@303.96 loss@135.07 loss@399.2,0.1845963597 0.1716046333 0.09016852081 0.06545098871 0.02609958686 0.008556660265 0.008078307845 0.006190401968 0.005254079122 0.005217170343 0.005100070499 0.004638889339 0.004203794524 0.004025874194 0.003860888537 0.003264767118 0.002946071327 0.002844361821 0.00274025253 0.002587545896
496,loss@18.01 frag@412.32 frag@260.08 frag@257.09 frag@222.03 loss@36.02 frag@314.15 loss@122.06 frag@308.1 frag@340.23 frag@328.01 frag@223.18 loss@292.2 frag@133.0 loss@54.01 frag@216.14 frag@343.11 frag@282.14 frag@292.11 frag@331.1,0.2566641867 0.05400635302 0.04538722336 0.02929935791 0.02656472474 0.02404079773 0.02312131599 0.01488787495 0.01472067647 0.01410463918 0.0132868411 0.01169001218 0.00918026641 0.00829337351 0.008066586219 0.007850592956 0.007730307523 0.006984566338 0.006630318705 0.005980603863
497,frag@191.07 frag@193.05 loss@133.06 frag@241.08 loss@111.05 frag@133.03 frag@171.03 frag@167.03 loss@40.01 frag@179.07 loss@136.09 frag@148.05 loss@266.19 frag@167.99 frag@151.04 frag@258.1 loss@57.07 loss@127.0 loss@183.01 loss@349.1,0.1444263756 0.1166045517 0.09319032729 0.05055488646 0.04575727507 0.01792932302 0.005448613781 0.005294767208 0.005289073102 0.00441737799 0.004021482076 0.003851151094 0.003815595759 0.003688095137 0.003533952404 0.003346170997 0.003306679893 0.003235155018 0.002901999513 0.002810825128
498,loss@46.04 loss@28.03 frag@229.09 frag@342.1 frag@293.13 loss@129.99 frag@272.13 frag@263.06 frag@298.06 loss@74.04 frag@239.02 frag@282.14 loss@87.04 frag@61.01 frag@321.14 frag@169.06 frag@156.07 frag@184.09 frag@152.03 frag@241.05,0.1794934273 0.1027050689 0.07086402923 0.01753289253 0.0119474018 0.01160125155 0.01058024354 0.00926959049 0.008088573813 0.00685152784 0.006738749333 0.005953925196 0.00526560517 0.004075975623 0.004057917278 0.003925723024 0.003678618232 0.003670358798 0.003664465388 0.003653473686
499,loss@122.1 frag@144.02 frag@304.16 frag@122.06 loss@212.97 loss@152.07 loss@142.1 frag@295.14 frag@151.07 frag@99.05 loss@77.04 frag@208.04 frag@108.08 frag@199.01 loss@183.04 frag@48.91 frag@130.09 frag@335.17 frag@147.02 frag@200.06,0.1252430677 0.05415054783 0.006602863315 0.005401958711 0.005181851331 0.004532254301 0.004253371153 0.004071127158 0.003263961524 0.002979788696 0.002748290543 0.002656794153 0.002655283082 0.002642941661 0.002470197622 0.002325324109 0.00230573467 0.002273884369 0.002236748347 0.002221109811
500,loss@185.04 frag@119.06 frag@120.04 frag@65.04 frag@139.03 frag@314.13 frag@147.03 frag@105.06 frag@147.05 frag@92.05 loss@213.05 frag@80.06 frag@131.06 frag@231.12 frag@93.03 frag@133.08 frag@159.02 frag@84.96 frag@123.01 frag@253.1,0.2817261815 0.008344330825 0.008052423596 0.006684488617 0.006405327003 0.006171305664 0.005934940651 0.005523759406 0.005349327344 0.00500267325 0.004924919922 0.004557169043 0.00436891336 0.004321120214 0.004275158513 0.004094698466 0.003885854967 0.003873521462 0.003854493843 0.003780503524
501,loss@300.11 frag@230.04 loss@269.09 loss@230.1 frag@226.12 frag@264.07 frag@312.16 loss@299.11 loss@385.14 loss@203.0 frag@268.02 frag@210.05 loss@327.11 frag@169.04 loss@67.04 loss@296.05 frag@75.0 frag@210.13 frag@181.07 loss@91.05,0.07683418691 0.05633993074 0.03836204484 0.0381481126 0.03451958299 0.026325332 0.02107109316 0.01726636291 0.01666443609 0.01464353129 0.01378979161 0.01001358032 0.008918170817 0.007752527483 0.007303671446 0.006405489985 0.006397427525 0.005792243406 0.00571518857 0.005268710665
502,loss@163.1 loss@177.12 frag@133.06 frag@135.08 loss@215.12 frag@130.03 frag@164.14 frag@123.08 frag@146.07 frag@302.22 frag@86.99 frag@141.08 frag@332.06 frag@147.07 frag@150.09 loss@175.1 loss@135.1 frag@229.13 frag@161.08 frag@162.07,0.1924600005 0.1321586818 0.04778653756 0.02754856274 0.02729952149 0.01544797979 0.01411103737 0.01109930221 0.0109526068 0.009377414361 0.0092738932 0.008644260466 0.007844514214 0.007451398764 0.007343036123 0.007290373556 0.007287044544 0.006614442449 0.005968144163 0.00586903654
503,loss@156.08 frag@219.02 frag@201.09 frag@164.02 loss@181.11 frag@172.05 frag@196.03 frag@145.03 frag@256.14 frag@170.98 frag@157.06 frag@195.05 loss@303.09 frag@275.12 loss@302.19 loss@139.1 frag@57.03 frag@306.1 frag@220.05 frag@172.11,0.2468698025 0.06617689133 0.01358601917 0.007120088674 0.006343663204 0.005963957403 0.005824344233 0.005808128044 0.005694463383 0.004724781029 0.00453231344 0.004463572055 0.003954145126 0.003795067314 0.003730405355 0.003672719467 0.003655806417 0.003370383289 0.003162097652 0.003073991509
504,loss@111.03 frag@156.01 loss@112.02 frag@228.03 frag@195.99 frag@53.0 frag@325.06 loss@141.04 frag@311.1 frag@308.1 frag@78.01 frag@129.09 frag@58.99 frag@77.0 frag@206.08 frag@318.03 frag@204.01 loss@143.05 frag@68.01 loss@180.06,0.2277997136 0.1980033666 0.04311908036 0.03720057011 0.00824812986 0.007026930805 0.006218366791 0.005546233151 0.00528472662 0.004491173662 0.004463785794 0.004314551596 0.003913374618 0.003607080085 0.003505610162 0.003479666542 0.003425583709 0.003241128288 0.003233330324 0.003162470181
505,loss@136.05 frag@213.14 frag@448.16 frag@202.12 frag@338.14 frag@190.09 frag@176.07 frag@187.06 frag@241.14 frag@136.03 loss@165.05 frag@191.13 frag@286.03 frag@150.07 loss@135.07 frag@253.1 frag@200.12 frag@175.06 frag@178.06 frag@89.04,0.2814494669 0.01023525 0.00867883116 0.008532486856 0.007371742744 0.007338004187 0.006555353291 0.005654741544 0.004469789099 0.004319009371 0.004254898056 0.003891902976 0.00387489819 0.003777060891 0.003670001635 0.003552937182 0.003231680486 0.003216144862 0.003082541283 0.002812935039
506,frag@163.04 frag@117.03 frag@145.03 loss@221.05 loss@354.09 loss@336.08 loss@462.17 loss@624.23 loss@224.18 loss@171.96 loss@478.17 loss@266.19 loss@364.08 loss@479.2 loss@181.13 frag@139.04 loss@641.25 loss@186.12 frag@111.04 frag@107.01,0.2343568057 0.06582218409 0.05700206757 0.02894624136 0.02706815675 0.02685825154 0.02512412146 0.02369382791 0.01795504056 0.01502818707 0.01418196224 0.01320268959 0.01272105705 0.01038192213 0.009059609845 0.007453029975 0.007159267552 0.006179254036 0.005744516384 0.005706902128
507,loss@181.03 frag@193.1 loss@307.1 loss@294.14 frag@239.15 loss@192.12 loss@347.09 frag@165.09 frag@169.01 loss@302.02 frag@169.0 frag@340.13 frag@147.07 frag@141.08 frag@315.07 frag@150.09 frag@242.13 frag@219.12 frag@135.04 frag@298.07,0.1236701235 0.08746334165 0.06039467826 0.05646086857 0.05312038213 0.04441251606 0.02709102258 0.01560746878 0.01202449016 0.01072674431 0.009749335237 0.008060364053 0.007482491899 0.006280276924 0.005575126037 0.005520507228 0.004783472512 0.004301144741 0.004003413022 0.00399513077
508,loss@179.13 loss@257.09 loss@287.11 frag@67.05 frag@123.06 frag@150.13 frag@93.07 frag@136.11 frag@120.08 frag@247.14 frag@134.1 loss@329.1 frag@160.11 frag@83.09 frag@136.05 frag@84.08 frag@150.09 frag@131.09 frag@110.1 frag@148.11,0.2091450691 0.0599395223 0.05913779512 0.02626269124 0.0147766117 0.01159524359 0.01032237522 0.009987520985 0.009277096018 0.008490172215 0.008194515482 0.007826281711 0.007659128867 0.007584620733 0.006999938749 0.006205764133 0.005898107309 0.005735812709 0.005364511162 0.0053180377
509,loss@245.05 frag@291.12 loss@276.09 loss@248.14 loss@303.17 loss@283.06 loss@354.07 frag@81.03 loss@348.08 frag@173.06 loss@358.03 frag@85.06 frag@230.11 frag@283.17 loss@444.16 frag@138.05 loss@284.08 frag@227.04 frag@207.09 loss@247.06,0.08099867404 0.05704583228 0.04760149494 0.03876512498 0.03407156467 0.02908470295 0.02345998026 0.01251738612 0.01097267773 0.007524081506 0.007193408906 0.005802643485 0.005539255217 0.004643088207 0.004548228811 0.004503161181 0.004375647288 0.004293011967 0.004226866644 0.004007505719
510,frag@176.11 frag@240.07 frag@222.05 loss@260.03 loss@267.15 frag@71.03 loss@276.02 loss@283.17 frag@217.12 loss@167.11 loss@254.16 loss@272.1 frag@277.08 frag@196.03 frag@240.12 loss@186.14 frag@231.02 loss@160.96 loss@214.12 frag@159.11,0.09710779041 0.07053391635 0.06810417771 0.0625571683 0.02713900805 0.01299071498 0.00724407658 0.002987754531 0.002765818266 0.002376890974 0.002044939669 0.001904545468 0.001842884813 0.001657102956 0.001637110021 0.001582128112 0.001482150168 0.001410388388 0.001396870473 0.001393483602
511,loss@132.09 loss@291.11 loss@199.14 frag@230.98 frag@171.03 frag@297.16 frag@173.1 frag@143.09 frag@148.11 frag@463.24 frag@142.97 frag@129.1 frag@233.13 frag@175.11 frag@320.16 frag@133.03 frag@144.09 frag@350.13 frag@317.21 frag@169.0,0.1680882722 0.04614410922 0.03620070219 0.009108181112 0.006440430414 0.006294133607 0.004973327741 0.004492596257 0.004172348417 0.004136092495 0.003707265481 0.003563868813 0.003499081125 0.003323180601 0.003308187937 0.003251618473 0.003207166912 0.003010215005 0.002815325512 0.002571611898
512,loss@196.12 loss@250.17 loss@238.17 frag@264.03 frag@126.09 frag@86.06 frag@203.07 frag@112.08 frag@84.08 frag@188.13 frag@82.07 frag@67.05 frag@56.05 frag@124.11 frag@82.06 frag@83.07 frag@83.09 frag@74.06 frag@72.94 frag@140.11,0.1713791639 0.111346595 0.02584712952 0.01285392884 0.01208128873 0.009904633276 0.009638429619 0.009075200185 0.008787723258 0.007686023135 0.007610792294 0.007572446484 0.006758925971 0.006599063054 0.006182567216 0.006080173422 0.006073202472 0.006057893392 0.00598654896 0.005538844038
513,frag@137.01 loss@155.07 frag@125.03 loss@144.05 loss@117.07 loss@338.99 frag@193.04 frag@124.02 loss@206.05 frag@128.04 frag@346.13 frag@245.11 loss@146.03 loss@143.06 frag@110.01 frag@152.05 frag@396.17 loss@154.04 frag@316.16 loss@108.08,0.1572975516 0.1349921077 0.1181008816 0.09126064926 0.02160211466 0.01091390382 0.007067300845 0.006772836205 0.00489987433 0.003856109921 0.003802968655 0.003689107485 0.003510353621 0.003478675848 0.003456614446 0.003008453408 0.002751772292 0.002726648701 0.002361661755 0.002321369713
514,frag@163.03 frag@136.02 frag@164.04 loss@191.05 loss@262.04 loss@54.02 frag@152.02 loss@164.04 loss@192.04 frag@109.01 loss@137.05 frag@175.03 loss@84.0 loss@204.04 frag@124.02 loss@146.05 frag@110.01 loss@234.17 loss@169.06 frag@160.02,0.1544255614 0.13261199 0.04025578126 0.01442527212 0.00477491878 0.004711790476 0.004464355763 0.004404738545 0.004155100323 0.003661127528 0.003654244822 0.003432355123 0.003067545826 0.002694206312 0.002684868174 0.002531290287 0.002509079175 0.002355858218 0.002339360071 0.002321844921
515,loss@173.11 frag@180.07 loss@111.1 frag@247.05 loss@116.12 loss@175.12 frag@217.09 frag@76.04 loss@193.13 loss@112.09 frag@174.06 frag@201.07 frag@239.08 frag@173.07 frag@126.08 frag@195.01 loss@393.15 loss@279.15 frag@129.1 loss@129.12,0.152237162 0.1258841902 0.06355552375 0.03103451431 0.02155118994 0.01799921691 0.01223494578 0.009920096956 0.007942444645 0.007752463222 0.005136174615 0.00391926337 0.003512714291 0.003264617408 0.003117220709 0.00288163987 0.002858392661 0.002857694868 0.002846225398 0.002774478402
516,loss@151.05 loss@289.05 frag@311.18 frag@109.05 frag@116.98 frag@152.05 frag@169.98 frag@396.17 frag@209.01 frag@201.1 frag@262.16 frag@234.97 frag@183.09 frag@251.15 frag@198.08 frag@250.06 frag@187.98 loss@215.16 loss@196.01 loss@188.97,0.1545129865 0.07306762785 0.04161114246 0.01550995372 0.007408440113 0.006467514671 0.004936690442 0.004826417658 0.003982109949 0.003924343269 0.003711180994 0.003676722292 0.00351637532 0.003406675067 0.003262351267 0.003223622451 0.003195679281 0.002861936809 0.00275851367 0.002755961847
517,loss@191.07 loss@179.08 loss@130.04 frag@248.07 frag@113.04 frag@157.06 frag@217.12 loss@166.97 frag@123.02 frag@130.03 frag@224.04 frag@162.05 loss@177.06 frag@130.04 frag@161.05 frag@111.02 loss@95.02 frag@139.03 frag@120.02 frag@216.15,0.1194533035 0.09541747719 0.04592213035 0.04379355907 0.01059779897 0.008420150727 0.004908836447 0.004337823484 0.004278254695 0.004202269483 0.003896200098 0.003806982655 0.003690763144 0.003662594128 0.003489529481 0.003386423457 0.003174679121 0.003007313469 0.002897831146 0.002883617068
518,frag@173.08 loss@138.09 frag@154.07 frag@190.07 frag@213.11 loss@174.12 loss@151.04 loss@160.04 loss@84.04 frag@206.05 frag@220.08 loss@168.02 frag@173.05 loss@232.03 frag@267.12 frag@157.05 loss@204.03 loss@174.01 loss@70.02 loss@97.05,0.06067511812 0.05805717781 0.0442180112 0.04073340446 0.03363630548 0.02710859291 0.02435613237 0.02284080908 0.02272612974 0.02179025859 0.02167508379 0.02125769854 0.02095152996 0.01719054766 0.01306029037 0.01302131452 0.01050436217 0.009546388872 0.007838063873 0.00746533554
519,loss@169.11 frag@208.04 frag@67.05 frag@43.02 frag@83.09 loss@181.11 frag@216.13 frag@81.07 frag@57.03 frag@150.13 frag@45.03 frag@97.06 frag@112.08 frag@124.11 loss@143.09 frag@138.09 frag@87.04 loss@199.12 frag@241.11 frag@69.07,0.2995561659 0.02788331732 0.01416893397 0.01377867535 0.009101808071 0.008271183819 0.006003708579 0.005514889956 0.005364758894 0.005278558936 0.005246827379 0.004925937857 0.004781274591 0.004566418007 0.004455314949 0.003851047484 0.003703784896 0.003649569117 0.003648931393 0.003495082259
520,frag@90.03 frag@63.02 frag@62.99 loss@100.03 loss@73.02 loss@55.01 frag@51.02 loss@28.0 frag@67.02 loss@82.02 frag@107.03 loss@101.02 loss@114.04 loss@81.02 frag@86.0 loss@71.0 loss@113.02 loss@67.01 frag@53.04 loss@97.02,0.04971083999 0.03903358057 0.02279197052 0.02271414176 0.0190978609 0.01660754159 0.01655627787 0.01585521922 0.01471459121 0.01454976853 0.01392660756 0.01388549153 0.0124301184 0.0116241239 0.01151318755 0.01147182751 0.01135548484 0.01121359691 0.01078180782 0.01061191596
521,loss@170.04 loss@140.03 frag@111.03 frag@160.05 frag@155.07 frag@136.07 frag@314.13 loss@164.04 frag@84.99 frag@190.02 frag@125.04 frag@44.98 frag@58.99 frag@109.01 frag@173.04 frag@134.02 frag@73.01 loss@169.06 frag@83.03 frag@107.03,0.1703706682 0.07338775694 0.0147576211 0.009822336026 0.00896684546 0.007761653513 0.007575139869 0.005186617374 0.005045837723 0.004957685247 0.004938394763 0.004437190481 0.004227361642 0.004047239665 0.004036227241 0.004014196806 0.003888977226 0.003846266307 0.003711567959 0.003665882396
522,loss@136.06 loss@108.07 frag@108.07 loss@197.06 frag@118.03 loss@166.04 frag@98.01 loss@205.02 loss@136.1 frag@232.96 frag@114.01 loss@213.04 frag@99.01 frag@337.17 frag@111.07 frag@150.1 frag@309.13 loss@199.01 frag@109.08 loss@228.94,0.09312070161 0.07955819368 0.06471056491 0.05508554727 0.02836152352 0.02832768671 0.02364562824 0.02108782157 0.02018113993 0.01954062656 0.01942259632 0.01261141431 0.01040445827 0.01011487935 0.01005763654 0.00932453014 0.009274706244 0.008327253163 0.00818493776 0.007720238063
523,frag@129.07 frag@117.07 frag@128.06 loss@166.06 loss@198.09 frag@115.05 loss@225.12 loss@376.13 loss@178.04 frag@145.06 frag@147.08 loss@226.12 loss@229.14 frag@141.07 frag@199.02 frag@130.08 frag@116.06 loss@205.15 loss@231.12 frag@161.06,0.1213022396 0.1157139689 0.06333525479 0.0449792631 0.02783787809 0.02624979243 0.02330426686 0.02313010022 0.02167098224 0.01582425833 0.01239699218 0.01168896724 0.008999070153 0.008393042721 0.006140328944 0.006046118215 0.00457880646 0.004033670761 0.003965790384 0.003847739426
524,frag@205.08 frag@234.08 frag@206.08 loss@229.0 loss@556.18 loss@228.98 frag@203.06 loss@57.02 loss@201.13 frag@64.01 frag@200.03 frag@372.18 frag@215.06 loss@57.06 loss@127.02 loss@134.06 loss@342.06 loss@187.09 loss@172.01 loss@224.99,0.1735042334 0.05727731809 0.05425478518 0.02129445225 0.01689313725 0.007011134643 0.004630083218 0.003447905416 0.003183996072 0.003039788688 0.002877959283 0.002738091163 0.002663983032 0.002234267304 0.002106247703 0.002013630932 0.001916415757 0.001866403152 0.001858770382 0.0017641671
525,frag@84.04 loss@356.15 loss@277.07 loss@222.06 loss@255.04 loss@92.01 loss@247.1 loss@237.11 loss@288.15 loss@210.15 loss@208.04 frag@56.05 loss@281.15 loss@216.02 loss@205.08 frag@124.06 loss@262.15 loss@259.0 loss@78.21 frag@84.05,0.3513213396 0.01455613319 0.01112182532 0.004704236519 0.004625501111 0.004384966567 0.003817785997 0.003603081452 0.003575514071 0.00340555748 0.003282273188 0.003209492425 0.003169570351 0.002911483403 0.002555100014 0.002451807726 0.002311009914 0.002288208809 0.002218707232 0.002201674506
526,frag@172.09 loss@173.1 frag@200.08 loss@174.07 frag@173.09 frag@145.08 loss@187.93 loss@191.11 loss@225.13 frag@158.07 loss@333.21 frag@132.07 frag@173.07 frag@144.07 frag@157.08 loss@309.06 frag@174.1 frag@172.1 loss@202.06 loss@187.07,0.1849692017 0.1111970544 0.1023320332 0.0291165188 0.01188693941 0.01187788509 0.01171868667 0.01059350092 0.008803057484 0.008118160069 0.007932769135 0.005367801059 0.005281784572 0.004410729278 0.004039403517 0.003917308524 0.003833782161 0.0038145117 0.003497979604 0.003365092445
527,loss@316.1 frag@222.11 frag@144.96 loss@184.15 loss@553.2 frag@211.04 frag@169.06 frag@107.01 frag@239.12 frag@155.06 loss@327.17 loss@178.04 loss@129.09 loss@143.06 frag@312.16 frag@259.14 frag@136.03 frag@213.08 loss@352.11 frag@272.04,0.1394601762 0.1119700745 0.10669332 0.05408270657 0.008406102657 0.007174939848 0.005828047171 0.004379367456 0.003390863072 0.003057610709 0.003026489634 0.002905352507 0.002857105806 0.002823539544 0.002800836693 0.002791235922 0.002673741896 0.002660094295 0.002601018641 0.002592859091
528,frag@92.05 frag@93.06 loss@211.09 loss@206.03 frag@108.04 loss@322.03 loss@245.02 loss@255.06 frag@65.04 frag@80.05 loss@54.02 loss@318.05 loss@155.0 loss@161.01 loss@107.04 loss@189.02 loss@274.02 loss@77.04 loss@112.0 loss@27.01,0.1607323438 0.1483424008 0.03688486293 0.02896962687 0.02837454341 0.02442033775 0.01946164481 0.0194147639 0.01716141775 0.01682204194 0.01544280723 0.01475975011 0.01436538529 0.0137063954 0.01304082107 0.01276698336 0.01137161814 0.00971565675 0.00864872057 0.00789858494
529,frag@275.11 frag@303.1 loss@202.0 frag@103.96 loss@397.08 loss@425.08 loss@177.97 loss@150.03 frag@248.06 loss@258.17 loss@45.02 frag@298.16 loss@235.02 loss@230.03 loss@304.09 frag@276.01 frag@241.07 loss@320.14 frag@222.98 loss@129.09,0.1182855368 0.09442001581 0.03932351619 0.03272975981 0.0319182016 0.01361508109 0.009764184244 0.009317085147 0.008774472401 0.008275169879 0.005258350167 0.004448459018 0.004303893074 0.004189542495 0.003386223223 0.00304728304 0.003006877843 0.003003149293 0.002688921755 0.002655916149
530,frag@241.1 loss@67.08 frag@256.05 frag@208.1 frag@243.04 frag@267.11 loss@333.07 loss@128.09 loss@2.0 loss@86.04 loss@134.06 loss@159.08 loss@183.95 loss@86.05 loss@28.03 loss@130.09 loss@110.07 loss@136.08 loss@344.05 loss@112.04,0.1585434526 0.06773778796 0.0415325202 0.0248451326 0.02442581579 0.0108251255 0.009530156851 0.007007215172 0.006464010105 0.005548033398 0.004834595602 0.004163677339 0.004153246991 0.003461326472 0.003437070874 0.003416754073 0.003312918823 0.00321811554 0.00303137349 0.002946499269
531,frag@106.04 frag@180.04 frag@342.03 frag@228.03 loss@249.05 loss@280.11 frag@179.13 frag@448.16 loss@183.15 loss@268.06 loss@333.07 frag@148.05 frag@121.04 loss@248.06 frag@256.05 frag@322.16 loss@306.09 loss@162.07 loss@263.15 loss@165.05,0.1658655256 0.09473184496 0.02915677428 0.004042407498 0.002947110217 0.002331535099 0.002171861706 0.002095281612 0.001976128668 0.001975489082 0.001971465303 0.001886596903 0.001870770589 0.001858847681 0.001850379515 0.001847602194 0.001819507568 0.001798094483 0.001674704603 0.001561655896
532,frag@163.09 loss@179.11 loss@207.1 loss@193.08 frag@318.16 loss@178.11 frag@135.09 frag@135.06 frag@95.06 frag@180.12 frag@138.1 frag@93.03 frag@99.06 frag@121.04 loss@234.11 frag@121.08 loss@193.09 loss@220.13 loss@263.16 loss@165.09,0.2169955373 0.1726065576 0.115362443 0.03310362622 0.02072550543 0.01680543646 0.01260362845 0.01239763014 0.0111554144 0.009522295557 0.008605172858 0.007592908572 0.007477850653 0.00692966627 0.006776870694 0.006639903877 0.006508638151 0.00648395624 0.006403265521 0.005455754232
533,frag@192.07 frag@122.01 loss@253.01 loss@112.01 loss@123.94 frag@255.03 loss@180.95 loss@59.99 frag@210.04 loss@205.98 frag@83.04 loss@150.05 loss@240.04 frag@82.04 loss@300.04 loss@310.05 loss@167.01 frag@271.07 frag@293.13 frag@108.07,0.1351606548 0.08698160946 0.04888269305 0.0462141633 0.02849312313 0.02304644883 0.02047085203 0.01973223314 0.01228316035 0.008658006787 0.007755891886 0.005468444433 0.005008576438 0.004588954151 0.003211940872 0.002667372581 0.002610725351 0.002610502532 0.002472511027 0.002433270914
534,frag@173.02 loss@154.06 loss@196.11 frag@145.03 frag@157.03 loss@354.09 loss@382.09 loss@176.02 loss@193.08 frag@218.09 frag@239.1 loss@242.07 loss@177.06 frag@312.12 frag@117.03 loss@173.06 loss@333.14 loss@226.03 loss@254.15 loss@147.08,0.32136181 0.1717951596 0.09438913316 0.02233854309 0.005111792125 0.002841872862 0.002740632975 0.002460945863 0.002346107736 0.002329427982 0.002218550071 0.002129080473 0.002127954969 0.002122784732 0.001928937621 0.001897907583 0.001884378376 0.001769638387 0.001764666755 0.001719655353
535,frag@97.06 loss@96.06 loss@126.07 frag@69.07 frag@67.05 frag@113.06 frag@43.02 loss@209.18 frag@41.04 frag@83.09 frag@85.06 loss@185.11 frag@111.12 frag@322.08 frag@247.13 frag@69.03 loss@154.1 loss@726.37 loss@105.08 loss@184.13,0.1811093688 0.1750860214 0.1413671821 0.03532591462 0.02654065378 0.02413937263 0.0231923908 0.02078310773 0.01865029521 0.01794693433 0.009368643165 0.006382661406 0.004983092658 0.004618279636 0.004511273932 0.004111288581 0.004068108276 0.004031437449 0.003933035303 0.003822625848
536,loss@198.14 loss@260.13 loss@185.09 frag@67.05 frag@83.09 frag@110.1 frag@174.03 loss@284.05 loss@265.18 frag@67.06 frag@154.04 frag@41.04 frag@124.08 frag@55.05 frag@94.07 frag@96.08 frag@124.03 frag@56.01 frag@100.09 frag@114.0,0.1360668093 0.07769906521 0.04917980358 0.02254024148 0.0194571875 0.01746249758 0.01304134727 0.01275037695 0.0112242382 0.009935797192 0.009142533876 0.008738766424 0.007815042511 0.007749523502 0.006110418588 0.00610977225 0.005662845448 0.005011687521 0.004827174824 0.004420287441
537,loss@135.1 loss@233.1 loss@159.1 frag@167.05 frag@316.11 loss@145.09 frag@238.13 frag@208.07 frag@157.06 frag@182.94 frag@274.12 frag@134.99 loss@214.13 frag@182.1 frag@154.06 frag@195.09 frag@229.13 frag@221.11 frag@216.08 frag@297.16,0.09238877892 0.08866760135 0.08830339462 0.03689135239 0.01126533467 0.01065190975 0.006762443576 0.006568335928 0.006362459157 0.00630161399 0.005787408911 0.005129866302 0.005069495179 0.004579922184 0.004010040313 0.00319919805 0.003023640951 0.002991041867 0.002921687672 0.002910420531
538,frag@231.05 loss@365.14 loss@237.22 loss@330.09 loss@144.09 frag@286.09 frag@71.03 frag@176.11 loss@239.08 frag@264.07 frag@203.03 loss@179.03 frag@399.18 loss@177.97 loss@338.99 loss@327.13 loss@196.04 frag@274.01 frag@227.03 frag@238.08,0.1884859204 0.04129361361 0.003947107121 0.002115355106 0.002098520054 0.002030516509 0.001847265987 0.001815645141 0.001540237572 0.001427976647 0.001426602597 0.001397094689 0.001353180734 0.001311170985 0.001299656229 0.001286636922 0.001268508495 0.001145358314 0.001126429066 0.001081638504
539,frag@160.04 loss@145.97 loss@161.11 frag@133.03 loss@227.13 loss@234.21 loss@217.01 loss@187.03 loss@204.05 loss@215.06 loss@364.12 loss@138.11 loss@163.06 loss@260.1 loss@101.04 loss@220.09 loss@46.02 loss@176.08 loss@334.13 loss@148.11,0.3725638092 0.02034287341 0.01123293955 0.01066503488 0.009384186938 0.008841712959 0.007103356998 0.00571302278 0.005244759843 0.003696981352 0.003534764517 0.003365888027 0.002510641934 0.002429777756 0.002370068571 0.002336031524 0.002328184899 0.002267390955 0.002260674722 0.002236017957
540,loss@168.1 frag@246.07 frag@381.17 frag@136.11 frag@433.19 frag@384.2 frag@277.19 frag@241.14 frag@228.96 frag@150.07 loss@198.11 frag@304.17 frag@209.14 frag@96.07 frag@93.03 frag@151.1 frag@121.07 frag@259.04 frag@219.13 frag@197.0,0.3169568181 0.1015435457 0.006416816264 0.004776018206 0.0039580632 0.003754345933 0.003545196028 0.003263109596 0.003189338371 0.003038282506 0.002665902022 0.002350784838 0.002282434376 0.002272594953 0.002256142208 0.002135613002 0.00206246879 0.002047630027 0.002012546873 0.001944669522
541,loss@100.02 loss@114.03 loss@129.04 frag@56.96 frag@53.0 loss@101.02 frag@68.01 loss@115.04 frag@51.02 frag@234.11 loss@64.02 loss@113.02 frag@228.03 frag@206.08 loss@102.03 frag@181.05 frag@377.07 frag@55.02 frag@43.02 frag@62.99,0.1701294631 0.1035172492 0.01995346323 0.01531325839 0.01187640149 0.009484725073 0.008864214644 0.008137394674 0.008122137748 0.007683020551 0.007669271901 0.007118134759 0.006772224791 0.006230636965 0.006101725157 0.00608760491 0.00578061305 0.005423168652 0.005262389779 0.005007598549
542,frag@163.08 loss@194.13 loss@180.12 frag@165.09 loss@329.11 loss@198.13 loss@208.15 frag@182.05 frag@137.06 frag@149.1 frag@99.04 frag@177.06 frag@342.03 loss@181.13 frag@123.12 loss@170.06 loss@274.16 frag@81.07 frag@151.08 frag@180.04,0.1349973381 0.08975714445 0.06435296685 0.03046094999 0.02680968307 0.02543635666 0.02386855334 0.01791159436 0.01453467552 0.01135692187 0.008312785998 0.007668101229 0.006747671869 0.005935270805 0.005201209337 0.00490134256 0.004606221337 0.004590543453 0.004398519639 0.004378176294
543,frag@111.05 loss@267.03 frag@223.03 loss@150.02 loss@222.01 frag@208.07 frag@127.0 frag@148.05 frag@150.01 loss@222.07 frag@195.02 loss@242.01 loss@211.07 frag@156.04 loss@259.0 loss@165.02 loss@328.18 frag@143.12 loss@255.04 frag@195.04,0.151768297 0.06797277182 0.04440103844 0.03432358056 0.004343015607 0.004256741609 0.002845201176 0.002524021082 0.002520285547 0.002263397444 0.00225587422 0.002112517832 0.002048710128 0.001930551021 0.001919220318 0.001906001708 0.001838218188 0.001826274674 0.001824688865 0.001749246265
544,loss@165.12 frag@160.13 frag@151.96 frag@156.98 frag@345.19 frag@231.12 loss@224.07 frag@164.11 frag@315.07 frag@122.1 frag@113.02 frag@162.07 frag@97.01 frag@277.19 frag@137.07 frag@136.08 frag@150.09 frag@87.06 frag@338.11 frag@116.03,0.2903538644 0.03669602424 0.03067396954 0.02565026097 0.008244224824 0.005237290636 0.005060522817 0.004915875383 0.004688381683 0.004479685798 0.004123242572 0.004121978767 0.003969624173 0.003697055858 0.003662433475 0.003549559275 0.003126014024 0.003037636634 0.003002413316 0.00251726876
545,frag@160.09 frag@188.12 loss@161.1 loss@189.09 loss@162.08 loss@134.08 frag@176.08 loss@204.04 frag@202.13 frag@146.07 frag@134.07 frag@188.08 frag@158.07 loss@150.08 loss@185.1 frag@132.07 frag@135.09 frag@148.09 frag@190.1 loss@243.01,0.1247079968 0.08019544929 0.07130157202 0.0704998523 0.06726123393 0.06444337219 0.05903718621 0.02852518484 0.02306522615 0.01141743083 0.009326049127 0.008929591626 0.007793907542 0.007529377006 0.007182478905 0.006922868546 0.006891283207 0.006357945036 0.006339768879 0.006103043444
546,loss@87.07 frag@88.08 frag@236.07 frag@211.09 frag@267.14 frag@216.11 loss@102.09 frag@243.11 loss@117.12 frag@182.04 loss@59.07 frag@248.09 frag@194.1 frag@241.06 frag@193.06 loss@89.08 frag@254.04 loss@115.1 frag@243.02 frag@229.03,0.2212264538 0.0405097045 0.03770770133 0.02876120806 0.0271589607 0.02437584661 0.02297364548 0.0191010274 0.01608620957 0.01552631427 0.01425824221 0.01361201797 0.01336276159 0.01321641635 0.0118855387 0.01169520244 0.008859908208 0.008746088482 0.008460409939 0.008326479234
547,loss@156.09 frag@255.1 frag@227.11 loss@218.18 frag@142.95 frag@209.14 frag@237.04 frag@155.0 frag@321.17 frag@381.17 frag@201.07 frag@281.06 loss@275.17 frag@203.99 frag@199.06 frag@112.08 frag@272.09 frag@219.09 frag@110.02 frag@210.05,0.3040754199 0.1008020416 0.067937769 0.03447353095 0.01081524882 0.00630560657 0.004970667418 0.004712103866 0.004125686828 0.004061716143 0.003909437917 0.003453917336 0.003202099353 0.003153323196 0.00312183192 0.002957047429 0.002955970354 0.002952269977 0.002777882386 0.002487663645
548,frag@194.04 loss@172.01 loss@321.09 frag@140.05 frag@179.05 frag@138.01 loss@170.11 frag@271.07 loss@86.01 frag@347.19 frag@79.04 frag@137.03 frag@259.03 loss@172.07 frag@147.06 frag@231.11 frag@83.04 frag@206.08 frag@145.09 loss@219.06,0.2446612418 0.08999101818 0.01929440722 0.004632584285 0.002615271835 0.002140065888 0.001932889223 0.001849498251 0.001782999258 0.001741091139 0.001654974534 0.001606326434 0.001565359998 0.001544959028 0.001534518087 0.001497670659 0.001442434848 0.001431996003 0.001342402305 0.001331964857
549,loss@141.03 loss@212.05 loss@167.01 loss@197.03 frag@125.01 frag@116.03 loss@262.04 loss@295.01 frag@148.02 frag@212.08 frag@139.03 frag@124.02 loss@169.03 frag@134.02 frag@135.1 frag@171.07 frag@218.14 frag@135.03 frag@175.03 frag@152.02,0.1402967125 0.0622915104 0.04923328385 0.02378548868 0.01852909476 0.007256599609 0.007213870995 0.005799961742 0.005370499101 0.005096219946 0.004748908803 0.004260188434 0.004247873556 0.00413142005 0.003863894613 0.003690952435 0.003623349825 0.003500108374 0.003442623885 0.003379528876
550,frag@173.07 frag@188.07 frag@201.07 frag@171.09 frag@145.05 loss@172.06 loss@95.04 frag@146.06 frag@130.07 frag@160.08 loss@200.1 loss@146.05 loss@168.06 loss@229.14 loss@187.93 frag@158.06 frag@117.06 frag@132.08 frag@229.06 loss@197.97,0.09605482966 0.06379505247 0.05848928541 0.04129919782 0.02506619506 0.01007178705 0.009351525456 0.00906349998 0.007210738026 0.006799935363 0.006369600538 0.00577852549 0.005720925052 0.005672449246 0.005074008834 0.005067333579 0.005018938333 0.004639605992 0.004301244859 0.004123149905
551,loss@190.15 loss@260.15 frag@191.15 frag@147.02 frag@146.12 frag@122.06 frag@110.02 frag@150.07 frag@264.16 frag@164.07 frag@176.98 frag@150.13 frag@360.08 loss@293.16 frag@243.16 frag@190.09 frag@232.13 loss@239.16 frag@108.08 frag@184.02,0.159288764 0.06793728471 0.0467302762 0.009592792019 0.006608339027 0.005454009399 0.005435655825 0.004253596533 0.004127796274 0.003982542083 0.003976471722 0.003890028456 0.003654870205 0.003632744774 0.003400270827 0.003333098022 0.003282628488 0.003252021968 0.0032323536 0.003089638427
552,loss@78.99 frag@129.03 frag@212.07 loss@79.99 loss@62.96 frag@212.09 loss@34.97 frag@280.08 frag@260.08 frag@286.09 frag@194.05 frag@239.07 frag@336.08 frag@213.08 loss@179.03 frag@299.09 frag@343.11 frag@160.02 loss@152.05 frag@338.14,0.07726008445 0.07361365855 0.06858380884 0.06052704528 0.05470724031 0.05314581096 0.02164996043 0.009053883143 0.008437260054 0.006478038616 0.004639093298 0.004271444399 0.00402068533 0.003966856748 0.003877935 0.003649635473 0.00344024552 0.003239509184 0.003232643474 0.003124371637
553,frag@147.09 loss@256.08 loss@238.07 loss@177.01 frag@132.07 frag@145.08 frag@312.09 frag@146.08 loss@183.02 loss@313.11 loss@197.05 loss@262.99 loss@146.08 frag@131.06 loss@179.05 frag@166.09 frag@133.08 loss@292.06 frag@159.09 loss@169.04,0.2777976096 0.04765082151 0.03872052953 0.01430265885 0.01121338177 0.009819545783 0.008859114721 0.00722827483 0.006306766067 0.004909152631 0.004419824108 0.003785687732 0.003302301979 0.002883072942 0.002584391972 0.00254976959 0.002538763219 0.002500953153 0.002497135429 0.002432744717
554,loss@186.09 loss@158.07 frag@128.05 frag@69.04 frag@118.04 frag@139.02 frag@231.11 frag@228.03 frag@178.06 frag@112.06 frag@145.08 frag@90.05 frag@177.1 frag@240.12 frag@106.06 frag@119.06 frag@148.08 frag@148.1 frag@133.06 frag@121.09,0.2054695487 0.08891458064 0.007798593957 0.007379671093 0.00737733813 0.006615321618 0.006285255775 0.005563420244 0.005412623286 0.005042664241 0.004775602836 0.00469660107 0.004453096539 0.004336888902 0.004035758786 0.003812211566 0.003724083072 0.003665769473 0.003534064395 0.003384124022
555,frag@154.04 loss@224.07 loss@172.07 loss@235.09 frag@113.02 frag@318.03 frag@189.14 frag@114.04 frag@228.03 loss@155.01 loss@277.07 loss@167.04 loss@265.1 frag@111.03 loss@187.03 loss@210.14 frag@82.04 frag@72.94 loss@196.08 loss@184.98,0.2735862732 0.1606428623 0.008342729881 0.007329600863 0.005780964158 0.004568736069 0.00366440136 0.003582737874 0.003171078628 0.003052898217 0.002976780524 0.002912483178 0.002804730088 0.00274725561 0.002560226247 0.002338184742 0.002242899267 0.002241122304 0.002168071922 0.002124615246
556,frag@140.05 loss@161.02 loss@160.06 loss@344.05 frag@152.05 loss@59.99 loss@135.07 loss@166.09 loss@210.15 loss@228.94 loss@267.02 loss@112.06 loss@287.97 frag@190.04 frag@268.09 loss@147.04 loss@87.05 loss@113.06 loss@138.09 loss@144.1,0.2996429801 0.08940036595 0.004668816924 0.002957755234 0.002786979312 0.002084928099 0.001965557225 0.001778741367 0.001694965758 0.001691202866 0.001671016798 0.001569443615 0.00155750534 0.001540602418 0.001471944852 0.00141761906 0.001403661328 0.001392693375 0.001314724563 0.001308511477
557,frag@72.04 loss@117.08 loss@154.07 loss@127.06 loss@59.04 frag@220.03 frag@56.98 frag@242.07 frag@167.01 frag@167.06 loss@103.06 loss@89.05 frag@99.01 frag@180.02 frag@249.04 loss@216.02 loss@97.05 frag@209.05 frag@221.07 loss@128.07,0.1017774865 0.09151335061 0.06487548351 0.06013136357 0.02433845028 0.02248936333 0.01653156616 0.01374145411 0.01357602701 0.01332157012 0.01124782953 0.01041933149 0.01036009751 0.01035448816 0.0102295503 0.009806499816 0.009777587838 0.009386653081 0.008350500837 0.00749372039
558,loss@182.09 loss@172.07 frag@57.03 loss@168.12 frag@119.09 frag@123.08 frag@43.02 frag@83.01 frag@107.09 frag@79.05 frag@93.07 frag@173.1 frag@74.01 frag@319.16 frag@173.95 frag@234.11 frag@56.96 frag@147.08 frag@81.07 frag@155.08,0.1688771844 0.09340579063 0.01376879495 0.009819088504 0.005956918467 0.005402767565 0.005090130027 0.004571909551 0.004357386846 0.004332178272 0.004306529183 0.004163866863 0.00390776014 0.003705269424 0.003622823395 0.003583285725 0.003571643028 0.003562972648 0.003334473819 0.003267318709
559,frag@134.02 frag@163.02 frag@135.03 loss@86.02 loss@146.05 loss@212.07 frag@140.05 frag@202.04 frag@72.0 frag@116.03 loss@168.06 loss@165.08 loss@320.1 frag@174.04 loss@152.06 loss@120.06 loss@185.06 loss@180.08 frag@160.02 frag@144.06,0.1935152858 0.009331101552 0.006191434804 0.004278669134 0.004260769114 0.004256811459 0.003697391832 0.003520513652 0.003141488414 0.003110609017 0.00302243419 0.002888039919 0.00286344788 0.0027902578 0.00268362998 0.002645155415 0.002519000322 0.002507855417 0.00246604695 0.002362414962
560,frag@164.11 loss@232.13 loss@244.16 loss@272.12 frag@230.13 loss@286.17 frag@177.11 loss@244.02 frag@130.97 loss@281.14 frag@171.01 loss@282.14 loss@296.15 loss@255.11 frag@243.16 loss@224.14 loss@281.03 frag@219.1 loss@199.12 loss@131.1,0.1657465398 0.116804257 0.09510347992 0.0669920668 0.0588522926 0.02258987352 0.0107852919 0.01063647214 0.006706208456 0.002969414229 0.002723716898 0.002715810202 0.0026478949 0.002605581656 0.002589600859 0.002463218523 0.002283348702 0.002176675247 0.00215056655 0.001936323359
561,loss@147.1 frag@164.0 frag@239.08 frag@134.99 loss@125.04 frag@123.08 frag@240.12 frag@171.08 frag@158.98 frag@148.11 frag@129.07 frag@178.12 loss@393.13 frag@237.02 frag@241.17 frag@132.1 frag@274.12 frag@213.1 frag@128.04 frag@128.06,0.2470282763 0.007851704955 0.007168903016 0.006079739891 0.006069258787 0.005417650566 0.004863523412 0.004240636714 0.004215793218 0.004091504961 0.003810030641 0.003774420591 0.003466136288 0.003110736143 0.002989425091 0.002684994601 0.002669594716 0.002656621858 0.002580567962 0.002481301548
562,loss@145.11 frag@202.08 frag@141.98 loss@271.07 frag@181.06 frag@170.1 loss@173.11 loss@282.06 frag@174.06 loss@117.12 loss@230.16 frag@170.07 frag@195.08 loss@131.09 frag@180.08 frag@223.02 frag@307.19 frag@252.1 loss@117.08 frag@146.02,0.2797721326 0.1503866911 0.01931748353 0.01175739337 0.01151167043 0.007765810471 0.006381919142 0.006317431107 0.005613323767 0.005579405464 0.004544331226 0.004106388427 0.003934693988 0.003690555692 0.003224287648 0.002992926165 0.002849013777 0.002771832049 0.002753166016 0.002713326132
563,loss@156.13 loss@113.12 frag@200.11 frag@112.09 loss@99.11 loss@174.14 frag@114.13 loss@210.17 frag@265.06 frag@208.97 frag@166.06 loss@236.19 loss@182.14 frag@245.13 frag@153.1 frag@126.08 frag@59.05 frag@145.0 frag@83.09 loss@317.15,0.1275162548 0.06475299597 0.05248629302 0.04271266609 0.02921857499 0.02909969725 0.02700500563 0.02326259948 0.02054152451 0.02046614327 0.01380775776 0.01246306021 0.007714395411 0.00727201486 0.006206083111 0.005766135175 0.00513936393 0.004776610062 0.004635799211 0.004191320855
564,frag@140.03 frag@138.01 loss@107.02 frag@152.03 loss@216.02 loss@181.12 loss@230.04 loss@225.07 loss@205.08 loss@157.03 loss@112.01 loss@129.04 loss@200.02 frag@84.04 loss@259.09 loss@86.01 frag@83.04 loss@281.07 loss@200.03 loss@330.06,0.2209051996 0.05609025806 0.01624986157 0.005966898054 0.005200908054 0.005098650232 0.004674739204 0.004024212249 0.003915871494 0.00336432457 0.003238313133 0.003153957892 0.002996702911 0.002677222481 0.002647667192 0.002624144545 0.002528259763 0.002419769298 0.002411155263 0.002388369991
565,loss@279.12 frag@257.13 loss@284.12 loss@201.12 frag@114.0 frag@89.07 frag@112.99 loss@268.07 loss@229.11 frag@127.09 loss@250.03 loss@243.07 loss@247.17 frag@241.02 loss@181.18 frag@245.13 frag@196.11 frag@381.17 frag@108.05 frag@218.1,0.05415082723 0.0397538133 0.03298614919 0.03215325996 0.02376291156 0.02194162272 0.01565416716 0.0123328194 0.01011947077 0.009716746397 0.007331404835 0.006956486963 0.005315123126 0.005155952647 0.00451811729 0.004442824982 0.004100975115 0.004003955517 0.003920704592 0.003737733467
566,loss@180.09 frag@96.06 frag@124.09 loss@208.12 frag@254.07 loss@296.08 frag@71.06 frag@108.08 frag@122.07 loss@327.03 loss@153.09 loss@247.1 loss@253.02 loss@221.12 frag@163.09 loss@141.09 frag@95.06 frag@149.08 frag@209.01 loss@166.11,0.2211981267 0.1791253239 0.1233816072 0.03165304661 0.03162814304 0.02901222184 0.01223285962 0.01125751529 0.007857603021 0.007770818193 0.00716339564 0.005956723355 0.005663805641 0.005560946651 0.004920544568 0.004828467499 0.004726308864 0.003735735081 0.003444709117 0.003265126841
567,loss@206.12 frag@123.05 frag@99.06 frag@120.06 loss@173.13 frag@123.06 frag@148.08 frag@166.1 frag@190.1 frag@208.07 frag@97.04 frag@345.19 frag@173.01 frag@314.13 frag@141.07 frag@46.24 frag@186.09 frag@133.08 frag@150.07 frag@231.12,0.2087618709 0.05458577722 0.005657262169 0.005576593801 0.004938445985 0.003990843426 0.003918316215 0.003480815794 0.003256392898 0.00301016937 0.002789841034 0.002722035395 0.002614079742 0.002559490735 0.002540511079 0.002423801692 0.002387243789 0.002350625349 0.002331390977 0.002238320652
568,loss@234.08 loss@282.12 frag@89.07 frag@303.1 frag@223.01 frag@114.0 frag@182.0 frag@311.18 frag@92.04 frag@222.95 frag@125.03 frag@112.99 frag@104.02 frag@381.17 frag@161.07 frag@391.17 frag@147.03 frag@126.08 frag@84.04 frag@157.96,0.1808362305 0.1101127341 0.008835171349 0.006459697615 0.006038239691 0.00571369566 0.005457795225 0.004760407377 0.004253156949 0.003968260717 0.003774289973 0.00375668332 0.003662936157 0.003605299862 0.003591545625 0.003460529726 0.003194421995 0.00302670314 0.002924699336 0.00284979213
569,loss@161.12 frag@142.97 frag@170.98 frag@167.05 frag@205.04 frag@150.13 frag@155.12 loss@167.11 frag@162.13 frag@201.07 frag@278.07 loss@218.13 frag@181.1 frag@304.17 frag@237.0 loss@196.05 frag@195.09 frag@190.02 frag@112.09 frag@370.2,0.3410180807 0.07971938699 0.0568646118 0.007580432575 0.00634010043 0.005095031578 0.005092561245 0.004965745378 0.004778177477 0.004638229031 0.004391278606 0.003737878287 0.003584094578 0.003470825031 0.003306114115 0.003069662955 0.002969188383 0.002653288888 0.002610136289 0.002511112252
570,frag@169.1 frag@181.1 frag@195.12 frag@211.11 frag@173.1 frag@239.11 frag@237.13 loss@268.13 frag@151.11 loss@313.09 frag@211.15 frag@119.08 loss@218.18 frag@157.1 frag@215.06 frag@225.13 loss@156.06 frag@325.19 frag@234.03 frag@189.13,0.06547258794 0.02418986335 0.02402980998 0.02035961114 0.01094007585 0.008886596188 0.006511097308 0.006150743458 0.005786287133 0.005055812187 0.005005632527 0.004666140769 0.004555421881 0.004261888098 0.004161212593 0.004029191099 0.003878500313 0.003800262464 0.003790464485 0.00372492196
571,loss@164.07 loss@203.04 frag@116.01 frag@351.18 loss@223.03 frag@139.03 frag@172.05 frag@144.06 frag@235.05 frag@121.01 frag@231.12 frag@134.06 frag@79.04 frag@228.06 frag@256.14 frag@56.96 loss@279.01 frag@106.07 frag@199.12 frag@121.04,0.150421977 0.07143329829 0.03585051745 0.01486907434 0.008594100364 0.008351575583 0.006835059263 0.006339269225 0.00593411969 0.0056080902 0.004793110304 0.004522718489 0.004267852288 0.004221979994 0.004213452805 0.004184836056 0.004047467839 0.003830533708 0.003826413304 0.003737860126
572,frag@208.07 loss@154.09 frag@233.13 loss@228.12 loss@300.05 frag@298.16 loss@233.08 loss@173.13 frag@211.01 frag@303.1 frag@253.1 frag@96.07 loss@226.13 frag@141.07 loss@176.07 loss@219.1 frag@136.05 frag@99.06 frag@123.05 frag@170.03,0.1454553902 0.1309973449 0.08344886452 0.03571009636 0.01246759575 0.00950815808 0.006761218421 0.006404235028 0.004845885094 0.00409630686 0.003757247701 0.003530289279 0.003233143594 0.002665718319 0.002510498744 0.00248100888 0.002461089054 0.002278198255 0.002264868002 0.00200472353
573,loss@217.13 loss@189.06 frag@113.04 frag@120.04 frag@158.0 frag@123.07 frag@93.03 frag@107.05 frag@99.07 loss@335.12 frag@79.05 frag@99.06 frag@123.01 frag@105.08 frag@176.98 frag@211.12 frag@133.06 frag@323.08 frag@123.08 frag@125.06,0.1531983167 0.1440477818 0.007936523296 0.006608895957 0.006126912776 0.005907174665 0.00561093539 0.005128700286 0.003866576822 0.003578919219 0.003536097473 0.003332493594 0.003236222779 0.003233800875 0.003105061594 0.003042067168 0.002972160233 0.002908186056 0.002861698391 0.002792647807
574,loss@140.05 loss@266.07 frag@279.09 loss@184.11 loss@321.16 frag@131.08 frag@149.06 frag@74.01 frag@267.09 frag@366.15 frag@176.98 frag@249.0 frag@201.04 frag@178.05 frag@215.07 frag@177.09 frag@310.11 frag@116.01 frag@267.05 frag@121.03,0.1363725513 0.1157719865 0.09464977682 0.06549432129 0.01439192705 0.01119159162 0.01014977694 0.009775346145 0.009618233889 0.008459413424 0.008097606711 0.005632597022 0.005613982677 0.005394211039 0.005012007896 0.005002977327 0.004870538134 0.004815417808 0.004333423916 0.004053290933
575,frag@70.06 frag@70.07 loss@257.15 frag@98.08 loss@232.1 loss@253.99 loss@231.14 frag@42.03 loss@238.09 loss@187.08 loss@236.09 frag@44.05 loss@269.01 loss@274.07 loss@205.12 loss@208.12 loss@249.07 loss@241.01 loss@288.02 frag@116.07,0.265873462 0.03685390577 0.02573478594 0.0214613378 0.01870625094 0.01832052134 0.01559026632 0.01446072944 0.0136955129 0.01310177986 0.01303404663 0.01291380078 0.01231933851 0.01131470781 0.009751832113 0.009434472769 0.009428879246 0.008523937315 0.008513076231 0.008073000237
576,frag@169.0 loss@264.1 loss@237.13 loss@263.17 loss@276.12 frag@157.06 frag@299.07 loss@202.12 frag@173.95 loss@199.14 loss@283.08 loss@234.09 frag@381.17 frag@136.05 frag@125.99 loss@179.0 loss@225.97 frag@85.09 loss@421.16 frag@153.05,0.2511478961 0.08656828105 0.06835671514 0.0236120671 0.005613817368 0.005192762706 0.004659947939 0.004169295542 0.003938113339 0.003781929379 0.00363906729 0.003458310617 0.002762550255 0.002681540791 0.00262904563 0.002557727508 0.002539280569 0.00248984131 0.002360966522 0.002163295168
577,loss@206.14 frag@194.13 loss@167.13 frag@105.0 frag@122.02 frag@98.1 frag@265.11 frag@138.04 loss@237.15 frag@279.09 loss@96.06 frag@100.04 frag@267.16 frag@174.03 frag@153.1 frag@108.04 frag@83.07 frag@113.07 frag@417.15 frag@87.08,0.2886512876 0.1123633012 0.01331116445 0.01184520684 0.007629599888 0.005850310437 0.004778701812 0.004512478132 0.004332966637 0.004120233003 0.00369139039 0.003547178116 0.003541161772 0.003449106822 0.003443376627 0.003106863238 0.003091734136 0.00275429152 0.002729958156 0.002725257771
578,frag@123.02 frag@123.03 frag@113.04 loss@322.14 loss@345.15 loss@249.16 loss@191.17 loss@314.08 loss@252.18 loss@205.16 loss@181.09 loss@186.07 loss@316.22 loss@316.14 loss@289.07 loss@302.12 loss@200.13 loss@166.12 loss@179.08 frag@218.11,0.2208752036 0.1291950047 0.04805290699 0.02710493281 0.02165816352 0.02037050202 0.01725667529 0.01708276756 0.01293275971 0.01067722775 0.008448017761 0.00775297638 0.007483853959 0.006555241998 0.005910724401 0.004747450817 0.004600834101 0.004069392104 0.003993534483 0.003241157858
579,loss@263.07 frag@155.07 loss@307.11 frag@122.04 frag@152.98 frag@140.05 frag@152.05 frag@165.05 frag@154.06 frag@150.03 frag@152.07 frag@141.01 frag@209.04 frag@229.06 frag@110.01 frag@133.09 loss@232.99 frag@98.03 frag@146.1 loss@210.15,0.1631435305 0.09062032402 0.03273776546 0.02696360089 0.01263737399 0.006088197231 0.004411318805 0.003734450554 0.003674388397 0.003653581953 0.003531635506 0.003031223547 0.003007413354 0.002861837856 0.002782729222 0.002734143753 0.002441702643 0.002401079051 0.002391870134 0.002331325784
580,frag@99.06 loss@252.07 frag@170.03 frag@82.03 loss@482.12 loss@300.05 loss@338.02 frag@179.08 loss@409.09 frag@86.06 frag@110.07 frag@124.04 loss@233.08 frag@71.06 frag@347.02 frag@297.17 frag@116.03 loss@199.01 frag@85.09 frag@99.05,0.178625688 0.1247016937 0.0480789952 0.02861108817 0.019542275 0.008696826175 0.004489312414 0.004432124086 0.002597387182 0.002492478117 0.002383711515 0.002324234461 0.002166656544 0.002016195096 0.00194435264 0.001895800116 0.001890601241 0.001877250965 0.001871431363 0.001818045159
581,loss@165.05 loss@120.06 frag@181.04 frag@106.07 frag@167.03 frag@178.06 frag@119.06 frag@132.06 loss@163.06 frag@163.02 frag@152.05 frag@250.06 frag@121.04 frag@344.11 frag@144.04 frag@231.12 frag@93.03 frag@253.1 frag@251.15 frag@269.09,0.1748479009 0.1021897048 0.01258219779 0.009906324558 0.00847925432 0.008194833063 0.007565780543 0.006142623257 0.004741144832 0.004712936468 0.00459533697 0.00455632247 0.00373569061 0.00369390822 0.003147127805 0.003046571044 0.003004064318 0.002902574372 0.002851956291 0.002845459385
582,frag@302.17 loss@186.13 frag@275.12 loss@281.16 loss@160.02 loss@245.16 frag@170.02 frag@172.05 frag@247.16 frag@212.95 loss@146.07 frag@318.18 loss@228.94 frag@132.1 loss@144.03 frag@84.0 frag@176.11 frag@151.05 loss@232.14 frag@259.11,0.06570213288 0.04746999964 0.03357198089 0.02211501263 0.01029533427 0.008183308877 0.006441887002 0.005361033138 0.004649614915 0.004295105115 0.004178828094 0.004121209495 0.00323517574 0.002991123823 0.002889761468 0.002813775558 0.002719318494 0.002454859903 0.002411384368 0.002374142408
583,frag@166.02 frag@194.05 frag@336.08 loss@157.08 loss@95.02 loss@339.11 frag@138.02 loss@292.09 loss@234.24 frag@212.09 frag@256.13 loss@139.1 loss@295.13 frag@255.03 loss@333.14 frag@318.06 loss@144.0 loss@78.99 loss@53.99 loss@254.17,0.1534029841 0.1242398247 0.01627988741 0.003427859629 0.003347920021 0.003278902266 0.002852259669 0.002253534738 0.002158425981 0.002147820545 0.002102957107 0.002036922378 0.001835096744 0.001723803114 0.001713543199 0.001702444279 0.001678953879 0.001615712536 0.001562687219 0.001561101642
584,frag@53.04 frag@81.03 loss@245.03 frag@193.13 loss@225.03 loss@248.06 loss@245.02 loss@153.04 loss@271.05 loss@267.99 loss@228.07 frag@93.03 frag@53.0 loss@209.05 frag@124.04 frag@150.09 loss@287.06 loss@268.1 frag@80.05 frag@79.04,0.0745164305 0.04799246415 0.03739412501 0.03392662853 0.0283175502 0.01920561865 0.008190255612 0.00764713902 0.007141164504 0.006043091416 0.005024692975 0.004744206555 0.004312009551 0.003949299455 0.003944711294 0.003814341966 0.003508062102 0.003152046585 0.002995059593 0.002900841413
585,loss@277.07 loss@320.1 frag@140.05 loss@329.12 frag@165.06 frag@177.01 loss@120.05 frag@138.07 frag@147.03 frag@340.13 frag@96.04 frag@344.11 frag@114.0 frag@106.03 frag@138.06 loss@168.04 frag@93.03 frag@152.05 loss@141.1 frag@217.1,0.07092279196 0.05092129111 0.01030933112 0.009036242031 0.006823022384 0.003640447976 0.003493929747 0.003456063103 0.003380861832 0.002676356584 0.002631615382 0.002590880962 0.002567926887 0.002393048955 0.002173425164 0.002091766335 0.002055040095 0.002050022129 0.00203945511 0.001928613987
586,frag@188.05 loss@258.17 loss@228.12 loss@336.18 frag@86.06 loss@338.1 loss@201.11 loss@173.02 frag@130.12 loss@245.14 frag@155.05 frag@147.03 loss@199.12 loss@243.16 loss@250.09 frag@150.13 loss@361.13 loss@196.12 loss@300.17 loss@329.17,0.2901699245 0.02556966618 0.02246350795 0.01362255029 0.007999208756 0.004025098402 0.003435307182 0.003153028432 0.003127419157 0.003056279384 0.00297722104 0.002528306562 0.00234685652 0.002206142992 0.002110908274 0.002023247071 0.002013393911 0.001922020223 0.00190223055 0.001743028057
587,frag@137.07 frag@109.05 loss@193.12 loss@109.05 loss@180.13 loss@177.1 frag@166.05 loss@260.11 frag@142.09 loss@248.08 loss@194.07 frag@201.1 loss@241.08 frag@94.07 frag@194.13 frag@225.99 loss@275.16 frag@174.92 loss@212.03 loss@164.1,0.1501169056 0.08486192673 0.07827135921 0.06777156144 0.03454526886 0.02869045362 0.02257655002 0.02221047133 0.02183079161 0.01805745065 0.01791720092 0.01782509685 0.01778697781 0.01549603604 0.01283310913 0.01062781643 0.009983756579 0.007942979224 0.007839330472 0.00666822074
588,frag@133.09 loss@307.08 frag@309.16 loss@208.06 frag@73.05 frag@231.05 loss@290.07 loss@250.14 loss@293.09 loss@226.12 frag@141.05 loss@173.02 loss@265.08 frag@146.1 frag@210.12 loss@305.08 loss@275.05 frag@132.08 frag@183.11 frag@99.05,0.1788285822 0.04838237911 0.03781566396 0.01906318963 0.0142930178 0.009854288772 0.006044871174 0.004894284531 0.004733733833 0.00406710431 0.00404371554 0.003878974589 0.00345730246 0.003345989157 0.003222336061 0.002971015871 0.00296239648 0.00292793964 0.002820655704 0.002627742942
589,loss@235.08 frag@190.09 frag@148.11 frag@178.09 frag@138.06 frag@314.13 frag@178.12 frag@148.08 frag@230.12 frag@165.02 frag@228.03 frag@188.14 frag@216.09 frag@191.06 frag@120.08 frag@178.06 frag@150.09 frag@56.96 frag@186.08 frag@295.14,0.3518215716 0.01963193156 0.01005709916 0.008337315172 0.008211834356 0.008001627401 0.006943168584 0.006464644335 0.006350135896 0.006249289494 0.005996358115 0.005552095361 0.00546939997 0.005353748798 0.005171214696 0.004907510243 0.004894497804 0.004833583254 0.004832209554 0.004753134679
590,frag@149.06 loss@363.15 loss@313.17 loss@379.15 loss@342.17 loss@327.17 loss@423.17 loss@298.06 loss@277.08 frag@93.07 loss@344.08 frag@139.08 loss@370.13 loss@343.13 loss@407.14 loss@335.08 loss@302.03 loss@239.1 loss@462.15 loss@215.1,0.3133120537 0.02731488645 0.02449646778 0.02028031833 0.01864750497 0.01407169923 0.0102047259 0.009943542071 0.007932235487 0.006702705286 0.006509434432 0.006137493998 0.006135012954 0.005845741369 0.00571395224 0.005690747872 0.00491686957 0.004816501401 0.004533742089 0.004163186066
591,frag@208.08 frag@247.05 loss@64.03 frag@141.0 loss@300.11 frag@237.04 frag@224.04 loss@155.12 loss@96.07 loss@208.01 loss@160.96 loss@374.13 frag@318.06 loss@118.04 frag@229.13 loss@176.09 loss@250.07 loss@346.07 frag@342.03 loss@287.07,0.2122223079 0.02063358575 0.01400163397 0.01306453999 0.006849178113 0.00469326321 0.004383999389 0.003637825837 0.003536109813 0.002121919766 0.002103632782 0.002081155311 0.00203201035 0.00187449425 0.001789022936 0.001768792863 0.001611524262 0.001547238906 0.001546466956 0.001517667901
592,frag@202.09 frag@204.1 loss@279.15 loss@267.11 loss@92.08 frag@174.09 loss@264.11 frag@132.08 loss@344.17 loss@246.1 frag@142.06 frag@160.08 frag@144.08 frag@190.12 frag@176.98 frag@176.07 loss@253.06 loss@326.09 loss@261.14 frag@248.13,0.2069279402 0.06997507811 0.06626196951 0.04296196252 0.03761376813 0.01515769865 0.01411941461 0.005644536112 0.005531198811 0.004767214414 0.004615866113 0.004350809846 0.004221585114 0.003912886605 0.003519920865 0.003484095214 0.003366956022 0.003219756065 0.003199513769 0.003037371207
593,frag@176.04 loss@279.13 frag@183.15 loss@253.12 loss@174.13 loss@292.14 loss@254.17 loss@211.98 frag@71.09 loss@159.13 frag@221.15 loss@242.13 loss@241.08 frag@110.02 loss@284.07 loss@208.14 frag@184.11 frag@246.07 loss@247.0 loss@144.08,0.1713562757 0.05563457683 0.05443616584 0.04947467521 0.03437914327 0.02860437892 0.0123455124 0.009042127989 0.007130776998 0.00638158014 0.004946342669 0.004504205193 0.004190663807 0.003411360784 0.003297702875 0.003262070008 0.003166007809 0.002971199807 0.002685677493 0.002539271954
594,loss@17.03 loss@57.06 frag@219.09 loss@100.1 frag@235.12 frag@247.09 loss@88.06 frag@163.11 loss@116.09 frag@222.08 frag@419.14 frag@372.18 frag@305.09 frag@248.12 frag@237.06 loss@44.04 loss@60.07 loss@85.05 loss@58.03 frag@263.12,0.1114682481 0.06363339722 0.05985999852 0.05610559136 0.04832627252 0.03312103823 0.02653581277 0.02629740164 0.02005027235 0.01822959632 0.01595701277 0.01573066972 0.01253081206 0.01142729167 0.01018801145 0.009958761744 0.00932443887 0.008254654706 0.008009732701 0.007174227852
595,frag@101.11 loss@299.09 frag@254.11 frag@127.09 loss@238.11 loss@228.15 frag@99.09 loss@303.11 loss@276.07 loss@230.11 loss@310.1 loss@322.07 frag@193.07 frag@58.06 loss@357.12 loss@232.09 loss@282.11 loss@280.05 frag@115.09 frag@101.02,0.3129138052 0.06412843615 0.008776168339 0.006681419909 0.00525313057 0.004589751828 0.004479235969 0.004442618694 0.004328710958 0.004224216565 0.004187751561 0.00417389581 0.004038404673 0.003927809652 0.003710067831 0.00361711299 0.003302352736 0.003230172675 0.003037177026 0.002941496205
596,frag@125.01 loss@206.06 loss@205.04 loss@224.05 loss@191.08 loss@199.05 loss@280.1 loss@369.04 loss@186.0 loss@262.04 loss@256.02 loss@228.0 loss@180.07 loss@295.01 loss@201.03 frag@135.1 frag@125.02 loss@285.06 loss@181.02 loss@367.19,0.3579778075 0.03371192515 0.02772416733 0.02436197735 0.0240202155 0.02059740946 0.01717117243 0.01700107381 0.01500548609 0.01283161715 0.01070621796 0.006466775201 0.00602112757 0.005877263378 0.005671309307 0.005643757526 0.005556147546 0.005446225405 0.004204904195 0.004162670579
597,frag@58.03 loss@262.1 frag@83.02 loss@226.07 loss@252.13 loss@278.13 loss@271.08 loss@268.14 frag@101.01 frag@110.02 frag@41.04 loss@126.0 frag@150.13 frag@201.13 frag@99.01 loss@63.03 loss@154.1 frag@154.02 loss@276.18 frag@55.02,0.1203258485 0.0663235113 0.05955680832 0.05554886535 0.0329801701 0.02939687856 0.02908001095 0.02871877886 0.01178858243 0.009746054187 0.008824943565 0.007652795408 0.006737127434 0.006498171948 0.005379311275 0.004914103076 0.00483609736 0.004629695788 0.004357338417 0.004302681424
598,frag@116.05 frag@89.04 loss@213.07 loss@112.02 frag@129.04 frag@144.04 loss@90.04 loss@72.99 loss@82.02 loss@74.01 frag@142.05 loss@83.0 frag@134.06 loss@91.03 loss@55.01 loss@124.03 loss@62.0 loss@261.03 frag@172.05 frag@144.06,0.1648719013 0.09786529839 0.03481445462 0.02497457713 0.02219494432 0.02049987204 0.01788217574 0.01574341394 0.01129943971 0.01018104888 0.008705900051 0.008672766387 0.007970787585 0.007926612161 0.007377782837 0.006678407546 0.006123970263 0.005982558709 0.005895646755 0.005826035514
599,frag@123.04 loss@197.09 loss@239.1 frag@113.04 loss@274.14 frag@158.99 loss@224.02 loss@284.09 frag@111.04 frag@81.03 frag@93.03 frag@95.05 loss@227.07 frag@107.05 frag@102.04 loss@377.13 frag@125.06 loss@217.13 loss@264.09 frag@110.04,0.2585836351 0.09760450572 0.06269755214 0.05035694316 0.04052697867 0.02316714264 0.01714247093 0.01447783038 0.01445360202 0.00795653183 0.006881278008 0.005353170447 0.004995732568 0.004858507775 0.004762010183 0.004612077493 0.00384638994 0.003805840854 0.003639550647 0.003405342577
600,frag@218.08 frag@288.04 frag@244.05 loss@152.07 loss@28.03 loss@126.14 loss@129.15 frag@293.13 loss@112.09 frag@305.07 loss@170.09 loss@106.04 loss@273.07 frag@272.13 frag@255.17 frag@132.09 loss@105.04 loss@288.96 loss@265.12 frag@190.06,0.2309714556 0.03136333823 0.005885332823 0.00372305559 0.003376764478 0.002750043524 0.002624064684 0.002446507337 0.002290780889 0.001952113118 0.001918515423 0.001842822065 0.001828771434 0.001755774603 0.001694093458 0.001666937722 0.001656967564 0.001645233715 0.001640030299 0.00157764554
601,frag@203.03 loss@342.13 frag@195.01 loss@295.05 frag@157.03 frag@194.05 frag@173.02 loss@276.06 loss@279.09 loss@62.09 loss@344.08 loss@369.04 loss@406.15 loss@362.12 frag@177.05 frag@78.05 loss@264.12 loss@228.0 loss@243.06 frag@226.05,0.2330262065 0.03568768501 0.01071923599 0.009564980865 0.007869927213 0.007772597484 0.004604874179 0.003419207176 0.002776023 0.002364757005 0.00235998421 0.002237192122 0.002149011241 0.002118498553 0.002052102704 0.002018579515 0.001975923544 0.001919960487 0.001914914465 0.001872174325
602,loss@227.07 frag@189.14 loss@215.97 loss@230.01 frag@227.04 frag@240.14 loss@324.05 loss@233.01 loss@210.14 frag@184.04 loss@239.16 loss@271.18 frag@218.06 frag@70.03 frag@82.03 frag@174.04 frag@254.07 frag@248.06 frag@180.01 frag@114.05,0.06682767719 0.06037659198 0.05896633118 0.0123701971 0.01137669571 0.01004549675 0.007065308746 0.00654864125 0.006165699102 0.00407232577 0.003994342405 0.003627553117 0.003586581675 0.003199653002 0.002918175189 0.00289639784 0.002890646923 0.002735619666 0.002652541036 0.002428291366
603,frag@207.07 loss@284.16 loss@210.09 loss@298.06 loss@287.08 frag@163.99 loss@312.16 loss@326.17 loss@277.07 frag@308.06 loss@254.15 frag@107.01 frag@365.14 frag@151.04 frag@197.06 loss@280.16 loss@286.09 loss@154.06 frag@137.06 loss@600.21,0.2749855518 0.1105050221 0.06058155745 0.05541216582 0.01138163544 0.005226281937 0.004926007241 0.004008726217 0.003610781161 0.003599915188 0.002974911593 0.002774155699 0.002716374118 0.002522206167 0.002384801861 0.002379754558 0.002006254392 0.001989966026 0.001947286655 0.001935101114
604,loss@173.05 loss@201.07 frag@368.13 loss@254.06 frag@251.05 frag@133.05 frag@140.04 loss@146.03 frag@98.04 frag@209.02 frag@109.01 frag@161.05 loss@131.03 frag@217.11 frag@230.12 frag@223.0 frag@150.04 frag@225.14 frag@300.18 frag@221.09,0.1923068166 0.07183308154 0.03248078376 0.0262053702 0.01423432864 0.00680805603 0.006656337995 0.006348821335 0.006323797628 0.006051446777 0.005434529856 0.004872407764 0.004833071493 0.004701334983 0.004151169211 0.004095793702 0.004072465003 0.00386887975 0.003866427112 0.003597874427
605,frag@121.04 loss@191.11 frag@79.04 loss@213.09 frag@93.04 frag@78.03 frag@66.03 loss@219.07 frag@107.06 loss@203.05 frag@120.06 frag@80.05 frag@96.04 frag@135.05 frag@53.04 frag@231.12 frag@135.06 frag@95.06 loss@209.1 loss@173.1,0.1778284311 0.1497966796 0.09935783595 0.08101890236 0.03163180873 0.008823842742 0.006464979611 0.005428637844 0.005089052022 0.004928655457 0.004309692886 0.004174809437 0.004158638418 0.004057500977 0.003985132556 0.003640580224 0.003620284377 0.003417753847 0.003138187574 0.003135373816
606,frag@144.1 frag@256.15 frag@277.15 loss@125.08 loss@143.09 frag@126.09 loss@184.13 loss@246.0 loss@202.13 frag@73.04 loss@230.0 frag@124.08 loss@215.08 loss@246.17 loss@144.03 loss@228.15 loss@105.08 loss@365.14 loss@306.07 loss@184.04,0.212213695 0.03304887563 0.01047561131 0.008466286585 0.007534219883 0.006093581207 0.004677701741 0.003612821223 0.00329628028 0.003222920233 0.003162115114 0.00313521456 0.002947769361 0.002847440075 0.002824020339 0.002602686407 0.002485451754 0.00239806599 0.002297258237 0.002153063426
607,loss@221.16 frag@165.05 loss@238.12 loss@324.18 loss@290.08 frag@150.03 loss@364.1 loss@290.03 frag@195.07 frag@122.04 frag@168.04 frag@85.06 loss@299.05 frag@87.04 frag@317.07 frag@185.0 loss@363.11 frag@210.11 frag@83.08 frag@155.07,0.07175396383 0.06988818198 0.05630722642 0.03439268842 0.03365154937 0.01437542308 0.01349666901 0.0121641187 0.00813503284 0.007865143009 0.006311863195 0.005974287633 0.005886871833 0.00508912839 0.004965879489 0.00450161146 0.004424963146 0.00415530894 0.004096831195 0.003969164565
608,loss@272.16 loss@205.15 frag@149.1 loss@246.15 frag@131.09 frag@147.08 frag@143.09 frag@93.07 frag@145.1 loss@223.14 loss@188.12 loss@258.15 frag@159.08 loss@253.15 frag@105.07 frag@218.15 frag@119.09 frag@141.08 frag@133.1 frag@175.11,0.1035972908 0.05739076808 0.05448419601 0.05234127492 0.04799737409 0.0239070747 0.02068483829 0.01563470066 0.0139299063 0.01222171728 0.01149568148 0.0111865541 0.0105327405 0.01052008662 0.0101910755 0.00951083377 0.009170297533 0.007758815307 0.007602305617 0.007446395699
609,frag@87.09 frag@113.07 loss@287.15 loss@243.0 loss@342.18 loss@372.09 loss@328.11 frag@84.07 frag@88.04 frag@130.1 loss@240.11 frag@381.17 frag@166.06 loss@282.15 frag@188.13 frag@114.05 loss@293.14 loss@257.15 loss@470.2 loss@187.08,0.1544461995 0.1325212419 0.03844201937 0.02736872062 0.01270274725 0.01232441328 0.01196285523 0.007009370252 0.006036219653 0.00444753468 0.004238144029 0.003497338155 0.003446992021 0.003127879696 0.002547640819 0.002435978968 0.002432425972 0.002358437981 0.002320075408 0.002273795428
610,loss@131.09 frag@195.08 frag@113.08 frag@200.05 frag@217.13 loss@308.0 loss@175.02 frag@199.05 loss@167.11 loss@348.13 frag@213.1 frag@188.9 loss@158.11 loss@161.12 frag@331.12 loss@263.12 frag@231.1 loss@347.18 loss@195.14 loss@224.98,0.2134253234 0.1210664734 0.0738819167 0.03303472698 0.03023433685 0.008374722674 0.00835902337 0.007188115735 0.00714204181 0.006632856093 0.004649785813 0.003769172588 0.003751669079 0.003573453519 0.003277936717 0.003214735771 0.003084944794 0.00284925662 0.002837860258 0.002651522402
611,frag@88.02 frag@116.03 loss@197.03 frag@114.04 frag@115.03 loss@237.22 loss@252.07 loss@183.01 loss@178.08 loss@267.03 frag@134.02 frag@166.09 frag@58.99 frag@73.01 frag@70.99 frag@57.99 frag@212.08 loss@155.02 loss@250.11 loss@251.09,0.1572835594 0.0570003055 0.008519762196 0.008318193257 0.006463755853 0.006397120189 0.00631892914 0.005506257061 0.00456596585 0.004238058347 0.003532645525 0.003431287361 0.003379440401 0.002672958421 0.002600709908 0.002587035298 0.002472653287 0.002420647768 0.002301359316 0.002227089368
612,loss@163.06 frag@448.16 loss@120.06 frag@159.07 frag@175.06 frag@225.02 frag@190.09 frag@140.05 frag@204.07 frag@145.04 frag@160.04 frag@256.05 frag@136.03 frag@106.07 frag@119.06 frag@223.0 frag@236.11 frag@351.18 frag@272.04 frag@247.01,0.3377224803 0.02643759921 0.01648412272 0.009536533616 0.008712438866 0.006697431207 0.005420218688 0.003841006197 0.003838713747 0.003702182556 0.003659448819 0.003510955721 0.003441327717 0.003331421176 0.00332546467 0.003293701913 0.003227166133 0.003165211994 0.002962384606 0.002820078982
613,loss@285.07 frag@237.03 frag@150.09 loss@259.09 frag@216.13 loss@287.09 frag@152.07 frag@417.15 loss@171.13 frag@84.04 frag@138.01 frag@118.92 frag@137.03 loss@155.01 loss@208.04 frag@141.0 loss@181.11 loss@299.14 loss@184.12 frag@180.1,0.1673337519 0.1440714151 0.01395769604 0.003655235749 0.003641780233 0.003633692162 0.003479670268 0.003351764055 0.003266156185 0.003063488752 0.002946401015 0.002784066601 0.002658810699 0.002585918643 0.002493876498 0.002477634232 0.002457402879 0.002374180127 0.002287623705 0.00220346218
614,frag@154.03 loss@178.06 loss@203.07 loss@215.07 loss@202.11 loss@161.06 frag@191.12 loss@171.05 loss@172.1 frag@168.05 frag@170.05 frag@281.14 loss@189.04 loss@216.05 frag@219.11 frag@125.02 frag@297.17 frag@121.08 frag@127.05 frag@111.99,0.1004521251 0.05250541493 0.04578643292 0.03920315579 0.03641927987 0.03477263823 0.03426706046 0.03022877499 0.02696231566 0.02449750528 0.02397337556 0.02171690017 0.02066387236 0.01959510148 0.01496797148 0.01470762398 0.01350662019 0.01208501589 0.01100002695 0.01086982153
615,loss@126.08 frag@134.03 frag@238.03 frag@269.18 frag@209.01 frag@197.99 frag@322.16 loss@274.1 frag@205.08 frag@83.04 frag@344.17 loss@311.1 frag@74.1 loss@301.12 frag@222.06 frag@225.11 loss@253.01 loss@141.95 frag@317.13 frag@130.09,0.2396271378 0.1010029987 0.05220493674 0.04902670905 0.03019085713 0.007376993075 0.005086017773 0.004413916264 0.003684093477 0.003665409284 0.003565778956 0.00329391472 0.003008183092 0.002856345847 0.00241578347 0.002327407477 0.002240833128 0.002191313542 0.002131075831 0.002026130678
616,loss@172.09 frag@83.01 loss@213.1 frag@72.94 frag@57.03 frag@110.02 frag@58.03 frag@43.02 frag@135.08 frag@190.12 frag@142.12 frag@172.06 frag@131.08 frag@332.06 frag@79.05 loss@336.14 frag@216.09 frag@171.01 frag@201.13 frag@118.08,0.1242672056 0.1055869013 0.1026439592 0.04134227335 0.01407124661 0.009350284003 0.005582774524 0.005225931294 0.005014434922 0.004998388235 0.004760756623 0.0039606262 0.003835923737 0.003488758579 0.00348179834 0.003346683457 0.003114703577 0.003108289558 0.003009305336 0.002876169281
617,loss@219.04 loss@191.04 frag@57.99 frag@241.11 frag@107.07 frag@159.11 frag@113.04 frag@99.03 frag@171.04 loss@189.03 frag@83.03 frag@114.04 frag@172.05 frag@323.08 frag@223.01 frag@241.02 frag@188.9 frag@133.04 loss@78.57 frag@117.02,0.2063930631 0.01031471416 0.00817434676 0.006904752925 0.005873712711 0.00577610964 0.005753500387 0.005030007102 0.004838468041 0.004783039913 0.004038331565 0.003883940401 0.003605586942 0.003477135208 0.003468057839 0.00345852715 0.00335153006 0.003254887415 0.00313927955 0.003003285266
618,loss@153.08 frag@198.07 frag@225.08 frag@173.06 frag@171.06 frag@222.1 loss@139.08 frag@130.99 loss@203.0 loss@140.1 frag@197.06 frag@205.06 frag@169.04 loss@132.06 frag@223.06 loss@91.05 loss@296.05 frag@110.04 frag@143.06 frag@202.1,0.2520128489 0.1982153356 0.04007370025 0.01203876268 0.006615916733 0.006360120606 0.00419377815 0.004056535661 0.004028750118 0.003460995853 0.003395705018 0.003172248136 0.003165948438 0.003024270991 0.002901530126 0.002872499637 0.002851144644 0.002768190578 0.002611069474 0.002448389074
619,loss@214.04 frag@65.04 frag@53.04 frag@109.08 frag@84.96 frag@93.03 frag@67.02 frag@208.07 frag@187.98 loss@240.06 frag@123.08 frag@158.03 frag@134.01 frag@336.08 frag@68.05 loss@186.04 frag@176.98 frag@43.02 frag@81.03 frag@332.06,0.2866774201 0.01456711348 0.00889737159 0.008470101282 0.007098966744 0.007033217698 0.006572951563 0.005736574065 0.005107793957 0.004880022258 0.004751568194 0.004581558052 0.004559670575 0.004499630071 0.004489304498 0.004258907866 0.004157657269 0.004120428581 0.004056266509 0.003665482393
620,loss@296.11 loss@213.02 frag@228.03 loss@344.07 frag@95.01 frag@148.07 frag@95.02 loss@184.98 frag@113.03 frag@171.15 frag@187.98 frag@116.07 frag@136.04 frag@216.09 frag@233.14 frag@225.03 frag@347.02 loss@212.01 frag@209.14 frag@193.1,0.1532068551 0.111075595 0.01857137494 0.01786528528 0.01341085136 0.01258960273 0.01028555539 0.009559260681 0.008395178244 0.00836067833 0.007833831012 0.006365001202 0.005760333035 0.00573087018 0.005716197658 0.004898148589 0.00424217945 0.00414355984 0.004140092991 0.003776263213
621,frag@95.02 frag@113.03 loss@173.04 loss@396.29 frag@112.05 loss@196.01 loss@175.04 loss@291.98 loss@195.0 loss@169.07 loss@212.02 loss@158.07 frag@150.06 loss@156.04 loss@131.06 loss@174.05 loss@313.15 loss@175.05 loss@155.06 loss@171.13,0.2003829628 0.09543836117 0.08356850594 0.06003849581 0.04507208988 0.02017316967 0.0159039814 0.009336313233 0.007611125242 0.007585433312 0.006965164561 0.006438840181 0.005606132559 0.005093991291 0.004471404012 0.004067905247 0.003394715255 0.002868039766 0.002753682202 0.002574872924
622,frag@112.11 loss@188.98 loss@296.07 frag@130.12 loss@312.08 frag@327.14 loss@243.02 loss@346.12 loss@234.98 loss@296.04 loss@234.04 loss@91.11 loss@247.0 loss@79.1 loss@294.07 frag@193.02 loss@199.16 loss@311.1 loss@334.1 loss@58.98,0.222189635 0.07123064995 0.03453303874 0.03226524219 0.02896945924 0.02662549168 0.02228464186 0.01627097279 0.01545332465 0.01541646756 0.01443518046 0.01282319799 0.01262823399 0.008753631264 0.007489634212 0.00608342234 0.004871792626 0.004718439188 0.003979699221 0.00382987177
623,frag@174.02 loss@288.96 frag@179.06 frag@164.03 loss@96.0 frag@171.07 loss@107.02 loss@340.1 loss@149.05 loss@188.97 frag@351.18 loss@185.06 frag@156.08 loss@80.07 frag@216.14 frag@293.13 loss@180.95 loss@102.03 loss@163.02 loss@211.98,0.2313696891 0.0319959186 0.02665742114 0.005126707722 0.004232300911 0.003366296645 0.00250552129 0.002380709397 0.001965695992 0.001909107319 0.001743117813 0.001620230614 0.001608691178 0.001505741151 0.001488447539 0.001440958004 0.001437510015 0.001421133056 0.001350313309 0.001330909086
624,frag@109.01 loss@138.04 loss@222.08 loss@84.0 frag@65.04 frag@163.03 frag@110.01 frag@147.03 frag@99.03 frag@53.04 frag@149.03 frag@385.13 frag@136.02 frag@152.02 loss@201.05 frag@124.02 frag@149.04 loss@147.03 frag@111.03 loss@83.0,0.2444068789 0.1209430471 0.08477912843 0.01581649296 0.007313709706 0.006856782828 0.006215710659 0.00522007281 0.004767234437 0.003816955024 0.00379988458 0.003418128937 0.003320965683 0.003304481041 0.003262072802 0.003253513249 0.003028418403 0.002975482494 0.002945000073 0.002925928915
625,frag@201.05 loss@157.09 loss@140.08 frag@144.05 loss@127.91 loss@206.18 loss@126.9 loss@161.03 loss@56.04 loss@63.97 frag@337.06 frag@218.14 frag@260.18 frag@275.06 frag@98.04 loss@174.09 frag@171.08 frag@202.04 loss@107.92 frag@193.08,0.1877913624 0.1193560287 0.07756822556 0.04362677783 0.04002118483 0.02754027955 0.02445564233 0.01153296232 0.01070169359 0.008848069236 0.005056153517 0.004771464039 0.003924609162 0.00382762379 0.003036747454 0.003007708117 0.002844135277 0.002838189248 0.002769347047 0.002708832501
626,loss@160.06 frag@175.1 frag@163.12 loss@140.09 frag@178.04 loss@175.09 frag@246.12 frag@268.09 loss@115.08 frag@175.05 loss@228.94 frag@191.13 frag@189.1 frag@224.97 loss@164.09 frag@201.11 frag@162.09 frag@177.11 frag@87.07 loss@165.13,0.2016786337 0.154677555 0.06516271085 0.05146717653 0.02450946905 0.01951153949 0.01563052274 0.01526705828 0.01341957599 0.009572504088 0.006102949381 0.005020971876 0.004207899328 0.004009456374 0.003075506072 0.002952599199 0.002496176166 0.00236764201 0.002310397103 0.002268151147
627,frag@68.05 loss@214.05 loss@270.04 frag@69.06 loss@270.0 loss@156.01 frag@110.06 loss@244.01 frag@42.03 loss@280.04 loss@234.14 loss@312.17 loss@242.01 loss@113.01 frag@86.06 loss@232.0 frag@94.06 frag@60.04 loss@327.03 loss@272.05,0.2725531459 0.03281553835 0.02812966146 0.02732935175 0.02481030487 0.01845124178 0.01719575189 0.0165776778 0.01298609097 0.01277266257 0.009361422621 0.009181958623 0.008177739568 0.007108786609 0.006485176738 0.005358823575 0.005310550798 0.004853982013 0.00476119807 0.004649472423
628,frag@212.12 loss@153.0 frag@154.01 frag@254.11 loss@196.04 frag@238.13 loss@246.0 loss@173.0 loss@320.1 frag@181.02 loss@210.14 loss@127.02 frag@198.16 frag@144.1 loss@296.04 frag@256.15 frag@212.08 loss@126.02 loss@247.01 loss@187.09,0.2024158388 0.1893014759 0.06870956719 0.02106404118 0.006231620442 0.005087685306 0.003578739008 0.003188034752 0.003103819909 0.003013889771 0.002706540283 0.002543862909 0.001973120961 0.00191604346 0.001779918559 0.001737954095 0.001685863594 0.001675540232 0.001669451129 0.001659394009
629,loss@73.09 loss@246.12 frag@197.08 loss@154.15 frag@138.13 loss@211.16 loss@91.1 frag@128.07 frag@219.07 frag@152.14 frag@271.05 loss@353.01 loss@317.15 frag@204.03 frag@253.08 loss@134.01 frag@218.13 loss@250.0 frag@233.05 loss@444.15,0.04921152443 0.0228929054 0.01972359046 0.01742753386 0.01738725975 0.01407174673 0.01396715268 0.01278295834 0.01059035305 0.009510248899 0.009369255044 0.009126408026 0.007258852012 0.007180430926 0.006956114899 0.006667809095 0.006606663577 0.006497243885 0.006348660216 0.006193774287
630,loss@207.13 loss@233.14 loss@248.13 loss@183.11 frag@138.05 loss@229.06 frag@97.01 loss@219.15 frag@81.03 loss@247.14 frag@98.07 frag@136.11 frag@164.07 frag@122.1 frag@161.1 frag@162.06 frag@156.02 loss@313.14 loss@213.02 frag@154.0,0.1289786547 0.0668913573 0.04747879133 0.02561168931 0.02081695572 0.0196518898 0.01453622896 0.01352441031 0.01142650656 0.01061839703 0.01031984296 0.009726160206 0.008869567886 0.008338062093 0.007506994065 0.007268835325 0.007223816123 0.006597314496 0.006590264849 0.006136822049
631,loss@200.12 loss@269.17 loss@291.13 frag@112.08 frag@223.02 frag@84.08 frag@174.97 frag@84.09 frag@116.07 frag@101.02 loss@276.18 frag@129.1 frag@279.16 frag@176.98 frag@57.07 frag@166.0 frag@55.02 frag@241.02 frag@126.08 frag@67.05,0.17318739 0.03800252452 0.01060200855 0.008828266524 0.007775400765 0.00695458008 0.00669009937 0.005648255814 0.004884746857 0.004774043337 0.004631449468 0.004617597442 0.004227303434 0.004136093892 0.004112567287 0.00411203783 0.004010983277 0.00392990699 0.003914472181 0.003814178519
632,frag@202.07 loss@279.17 frag@321.09 loss@269.17 loss@164.11 frag@239.08 loss@287.05 loss@171.13 frag@171.04 frag@241.1 frag@151.05 loss@267.01 loss@263.14 frag@217.14 loss@143.13 frag@219.11 frag@180.1 frag@168.08 frag@182.94 loss@226.99,0.1353131235 0.07818827033 0.0367984809 0.003733683843 0.003042925615 0.002855187049 0.002670475515 0.00259124185 0.002572896658 0.002284494927 0.002052925061 0.00198152964 0.001953064115 0.001715543447 0.001681271126 0.001560152974 0.00154604658 0.001539458986 0.001504321815 0.001447890885
633,loss@230.07 frag@183.94 frag@173.95 loss@205.05 frag@155.94 loss@176.05 frag@92.06 loss@335.04 frag@201.95 loss@353.09 loss@115.99 loss@140.07 frag@193.1 frag@219.12 frag@194.08 frag@134.02 loss@108.0 loss@168.08 frag@212.0 frag@233.16,0.1370665431 0.1144609451 0.08668612689 0.08583886176 0.04303520545 0.02420053445 0.006682523992 0.00656148931 0.00642402377 0.004874861334 0.004407883622 0.004101212602 0.003598808078 0.003544446547 0.003386981087 0.003140948247 0.002837696346 0.0028334253 0.002534732688 0.00249004364
634,loss@128.13 frag@227.09 frag@291.11 loss@299.06 frag@238.07 frag@245.07 frag@341.19 frag@283.05 frag@263.08 frag@224.97 loss@346.09 frag@284.14 frag@245.11 loss@172.16 frag@140.14 frag@185.09 loss@297.04 loss@29.03 frag@198.98 loss@384.19,0.1528147459 0.03867408261 0.03522678837 0.02444135956 0.01872830838 0.01499093603 0.01377058681 0.01259833481 0.009029739536 0.007353623398 0.007176230662 0.006543152034 0.005064299796 0.004211187363 0.003813747084 0.003455053084 0.003381650196 0.003218834521 0.003112720791 0.003045928897
635,loss@129.0 frag@216.01 loss@215.01 loss@197.06 frag@164.0 frag@84.04 frag@127.04 frag@67.06 frag@167.98 frag@165.1 frag@165.14 frag@130.01 frag@360.08 frag@109.03 frag@98.01 frag@187.98 frag@204.04 frag@53.0 loss@160.07 frag@122.08,0.1648357958 0.1175659746 0.1017431542 0.03513240069 0.01268736366 0.008769090287 0.008000968955 0.007685640827 0.00762213394 0.005996813532 0.005896869581 0.00567841623 0.005598439369 0.004962561186 0.004645053297 0.004626286216 0.004347428214 0.004086602479 0.004078907892 0.003933249041
636,frag@164.05 loss@119.05 loss@92.05 frag@182.08 frag@320.11 loss@119.06 frag@209.09 frag@205.08 frag@146.04 frag@280.11 frag@210.08 loss@86.07 frag@310.17 loss@160.03 loss@166.09 loss@77.04 loss@175.04 loss@116.06 loss@125.06 frag@146.03,0.2193711102 0.1405391842 0.09111682326 0.07835371792 0.03060624935 0.02612627856 0.01168780774 0.006121641025 0.00563011039 0.005590266548 0.004899433348 0.004409398418 0.004389776383 0.00436343113 0.00393046625 0.00366697018 0.003377002198 0.003280932782 0.003064378165 0.002876242856
637,loss@214.12 frag@233.14 frag@57.03 frag@219.14 frag@95.07 frag@332.06 frag@136.06 frag@169.11 frag@45.03 frag@60.04 frag@173.95 frag@258.11 loss@204.08 loss@209.13 frag@59.02 frag@126.07 frag@157.06 loss@105.04 loss@295.07 frag@285.12,0.1841752976 0.1252118945 0.006380823441 0.005853172392 0.005045678467 0.004320621956 0.003609114327 0.002981174737 0.002953221556 0.002700347453 0.002655434422 0.002634013304 0.002570139477 0.002511994913 0.002474899637 0.002154175891 0.002146495972 0.002136532916 0.002093691612 0.002017123392
638,loss@202.13 loss@258.08 frag@166.09 frag@67.06 frag@102.09 frag@57.03 frag@84.08 frag@55.02 frag@220.12 frag@83.09 frag@148.1 frag@198.15 frag@41.04 frag@67.05 frag@217.14 frag@353.09 frag@327.08 frag@101.02 frag@69.06 frag@55.05,0.1610618979 0.1548293829 0.01080983598 0.00789814163 0.006287976168 0.006141607184 0.005968169775 0.005407508928 0.004729733337 0.004290722776 0.004124667961 0.003850350389 0.003803184722 0.003598802257 0.003574704053 0.003410588717 0.003372264095 0.00327634206 0.003143136622 0.003105216427
639,frag@215.08 frag@200.06 frag@243.11 loss@233.05 loss@159.07 loss@262.99 loss@211.98 frag@172.04 loss@127.01 loss@185.15 loss@286.09 frag@190.06 loss@298.18 frag@187.09 loss@0.06 loss@158.12 loss@193.13 frag@201.08 loss@259.12 frag@190.05,0.2138209939 0.02369226143 0.02147652581 0.01055896934 0.01020249166 0.008887088858 0.006938808598 0.006785911042 0.005395538174 0.005161914043 0.004675752018 0.004542896524 0.004264488351 0.004184713122 0.003775370307 0.003286089515 0.003247424727 0.00321853254 0.003123640548 0.003041293705
640,frag@108.08 loss@232.12 frag@150.13 frag@122.1 frag@148.08 frag@207.98 frag@136.08 loss@234.14 loss@260.12 frag@243.16 frag@190.09 loss@270.14 frag@173.01 loss@213.11 frag@148.11 frag@190.12 loss@166.11 frag@121.09 frag@106.06 loss@192.09,0.2553346157 0.2030265331 0.01670710556 0.01422274392 0.009532002732 0.008851828054 0.007199656684 0.006779241841 0.006567603443 0.006526508369 0.004956079181 0.004858046304 0.004739226308 0.004371955991 0.004177235998 0.003902934259 0.003293676767 0.003114681691 0.003088271711 0.002912283875
641,frag@109.08 frag@125.07 loss@207.11 loss@228.14 loss@209.06 loss@187.04 loss@256.06 loss@119.02 frag@69.06 loss@146.1 frag@80.05 loss@256.17 frag@110.08 loss@215.03 loss@214.96 loss@261.02 loss@230.98 frag@107.06 loss@380.11 frag@68.05,0.2126876414 0.08053258061 0.0396903865 0.03769874573 0.03296378627 0.02287523821 0.01688996702 0.01065111998 0.01025861502 0.0102111306 0.00875838846 0.008113119751 0.008088066243 0.008029028773 0.007568096276 0.007499432191 0.007122660056 0.00703991903 0.00674944045 0.006284130272
642,loss@286.09 loss@303.09 frag@249.13 frag@391.17 loss@255.11 frag@110.02 frag@156.04 frag@259.06 loss@290.2 frag@351.09 frag@137.06 frag@325.09 frag@175.12 frag@146.12 frag@196.14 frag@297.15 loss@316.12 frag@286.12 frag@189.14 frag@347.19,0.1467565447 0.01517506875 0.005443635397 0.004561197944 0.004448338412 0.004428745247 0.004277059343 0.00425967155 0.004256996792 0.00425045006 0.003415904008 0.003373377025 0.003352939617 0.003219630802 0.003077448113 0.002806858392 0.002803384326 0.002597342944 0.002562405774 0.002517100656
643,frag@160.04 loss@234.21 loss@145.97 loss@217.01 loss@340.14 loss@176.08 loss@161.11 frag@256.06 frag@235.05 loss@175.02 frag@182.08 frag@238.12 frag@195.08 frag@115.07 frag@155.02 frag@167.03 loss@227.13 frag@256.96 frag@218.09 frag@246.1,0.1006339788 0.04876868427 0.01963820122 0.01724499464 0.01146806125 0.004393972922 0.003619145136 0.003596102819 0.003399666864 0.003121283138 0.002835130086 0.00262520439 0.002557859058 0.002449921565 0.002399407793 0.002301096451 0.002249198966 0.002156081609 0.002023520879 0.001897801762
644,frag@95.06 loss@388.12 frag@96.07 loss@208.12 loss@253.02 frag@95.07 loss@214.12 loss@246.11 frag@123.06 frag@83.06 loss@139.07 frag@54.03 frag@110.07 frag@93.04 loss@273.02 loss@183.14 loss@245.03 frag@69.04 loss@327.03 loss@276.06,0.2718158066 0.02105016634 0.01733487658 0.01067136228 0.01056132093 0.01030023117 0.008349873126 0.008094334044 0.006239272654 0.005932955537 0.00568458857 0.00555057032 0.004751391709 0.004679858685 0.004462935962 0.004447684158 0.00415719673 0.004093034659 0.004040479194 0.003809617367
645,loss@162.12 frag@179.09 frag@178.08 loss@268.07 frag@159.99 frag@278.03 loss@243.14 loss@141.1 frag@279.08 frag@163.12 loss@241.16 loss@275.2 loss@188.12 loss@251.2 loss@332.11 loss@293.14 frag@193.07 frag@240.03 loss@138.15 loss@219.12,0.2010900527 0.1998730153 0.1591910422 0.02260007523 0.01503163297 0.01178588066 0.005337629933 0.00479282951 0.004208346829 0.003888904583 0.003059363458 0.00266679097 0.002481389558 0.002429264132 0.00242344453 0.00238204631 0.002227522433 0.002153936774 0.00214998587 0.00209690351
646,loss@197.08 loss@199.1 loss@276.1 frag@355.2 loss@222.08 frag@365.14 frag@150.13 loss@181.18 frag@85.04 frag@143.01 frag@257.11 frag@111.03 frag@236.11 frag@183.05 frag@269.04 frag@198.09 frag@158.1 frag@130.99 frag@86.06 frag@323.11,0.1292600334 0.08912178129 0.04968948662 0.02540942468 0.02121395245 0.01443119813 0.009815676138 0.00866086036 0.007493407466 0.006739469711 0.006632893812 0.006548212841 0.004752162844 0.004686538596 0.004675548058 0.004411440343 0.003805148648 0.003743301611 0.003687555902 0.003579317359
647,frag@172.95 frag@214.07 loss@230.16 loss@147.04 loss@213.14 loss@143.06 loss@193.99 frag@176.05 frag@319.12 frag@46.34 frag@160.05 frag@211.12 loss@446.1 frag@270.09 frag@98.02 loss@137.1 loss@168.08 loss@64.02 loss@241.15 loss@166.03,0.09937117994 0.07312571257 0.007777446415 0.007025171537 0.006416650489 0.004946803208 0.004274804145 0.004211423919 0.003557013813 0.00353794964 0.00350676151 0.003454673104 0.003255002433 0.003236663062 0.002985789906 0.002704433631 0.002700965852 0.002574917627 0.002537771594 0.002527633216
648,loss@192.08 frag@123.01 frag@176.07 frag@191.12 frag@314.13 frag@121.04 frag@319.19 frag@192.01 loss@136.05 frag@176.11 frag@180.1 frag@160.13 frag@174.07 frag@145.03 frag@121.03 frag@142.02 frag@146.07 loss@196.07 frag@163.04 frag@89.04,0.260165602 0.006779428106 0.005502933171 0.004393218085 0.004351640586 0.004226099234 0.003911124077 0.003814794589 0.00366664771 0.003569199238 0.003203285392 0.002982663922 0.002821419854 0.002758927178 0.002733647358 0.002724235412 0.002697256859 0.002686735708 0.002570868237 0.002465743804
649,frag@159.05 loss@163.11 loss@379.06 frag@129.04 loss@173.1 frag@268.09 loss@171.05 loss@185.04 frag@196.05 loss@229.09 loss@215.07 frag@308.14 frag@130.03 frag@130.04 loss@195.04 loss@146.08 frag@147.06 loss@191.11 frag@208.07 frag@132.04,0.2698037922 0.03666554391 0.02339427732 0.01015668456 0.009464888833 0.00849337317 0.006001269445 0.00539929932 0.00470353011 0.004482821096 0.004473387264 0.004299385007 0.004194037989 0.003400188405 0.003103026655 0.002914146753 0.002826517681 0.002775694476 0.002747383201 0.002651752671
650,loss@153.12 loss@250.11 loss@211.14 frag@83.09 frag@156.98 frag@181.1 frag@95.07 frag@138.05 frag@166.09 frag@237.03 frag@196.03 frag@163.01 frag@101.02 frag@174.03 frag@56.01 frag@135.0 frag@177.09 frag@316.16 loss@181.11 frag@55.05,0.1934210658 0.08278131485 0.01730483398 0.01283191051 0.01272309385 0.00678378297 0.006558100227 0.006254164036 0.005965270568 0.005335420836 0.005254190881 0.004990507849 0.004690162838 0.003925257828 0.003896436654 0.003895294387 0.003588193329 0.003315371228 0.003208069131 0.003183302935
651,loss@282.1 frag@268.1 frag@183.1 loss@315.16 frag@287.05 loss@195.01 frag@339.09 loss@342.11 frag@349.12 loss@357.13 frag@210.09 loss@256.98 loss@345.13 loss@334.11 frag@291.09 frag@381.23 loss@289.1 loss@475.24 loss@371.14 loss@326.1,0.04297022894 0.04157682508 0.02744414844 0.02260813676 0.01548208762 0.01332429517 0.01197212096 0.01152908336 0.01148199011 0.01101958659 0.0108030187 0.008105535991 0.007579099387 0.006941639818 0.006639523432 0.006578418892 0.006489724386 0.006268289406 0.005752336234 0.005544067826
652,loss@178.05 frag@189.1 loss@257.03 frag@154.06 frag@209.02 frag@144.06 frag@149.04 frag@238.13 frag@194.08 frag@158.0 frag@193.08 frag@176.07 frag@139.02 frag@151.06 frag@351.18 frag@275.19 frag@125.99 frag@272.04 frag@180.05 frag@162.09,0.2069897652 0.03689385951 0.01169795543 0.007242325228 0.007195466664 0.006151276175 0.005570726935 0.003555669449 0.003128031502 0.00306170457 0.003018450225 0.003001157893 0.002999373479 0.002775484929 0.002697174437 0.002476797206 0.002411047462 0.002373724245 0.002273917664 0.00221371185
653,frag@74.01 frag@179.99 loss@165.02 frag@158.0 frag@317.09 frag@58.99 frag@167.99 loss@106.02 frag@248.1 loss@267.03 frag@170.12 frag@115.03 loss@147.03 loss@237.22 frag@100.01 frag@68.01 frag@57.99 frag@61.01 loss@58.98 frag@136.02,0.1253987551 0.09342344105 0.06761023402 0.0104448488 0.00821522437 0.007843949832 0.004049942363 0.003387157805 0.003338562092 0.002744283294 0.002583675785 0.002484020079 0.002479045186 0.002411277965 0.002403303981 0.002346770838 0.002341503976 0.002310055774 0.002270797966 0.00226886617
654,frag@206.1 loss@208.09 loss@227.06 loss@253.1 frag@204.14 loss@237.06 loss@277.09 loss@270.12 frag@151.06 loss@284.09 frag@178.06 loss@289.08 loss@276.11 frag@154.0 frag@191.14 frag@324.17 frag@121.07 loss@347.12 frag@182.01 frag@257.13,0.1288369298 0.07063141465 0.05782806873 0.04882366955 0.04631150514 0.04472461343 0.03071958013 0.01503081247 0.01223480422 0.009668317623 0.007125012111 0.006885375362 0.006805884652 0.006762254052 0.006022175308 0.005449659191 0.005322408397 0.005122283474 0.004775527865 0.004605626687
655,loss@331.11 loss@319.11 loss@305.09 frag@158.08 frag@159.09 frag@188.07 frag@130.07 frag@170.06 frag@132.08 loss@279.11 frag@156.08 frag@160.08 frag@142.07 frag@174.06 loss@293.09 loss@296.06 frag@146.06 frag@189.05 frag@130.06 frag@199.09,0.07738818228 0.06895938516 0.04802479967 0.04658189788 0.03401613981 0.02501032129 0.01938063093 0.01903501712 0.01821881905 0.01343671698 0.01208988763 0.01112421881 0.01107738353 0.01049275324 0.01001539081 0.008323469199 0.007870765403 0.007573233917 0.007169427816 0.006889821962
656,frag@110.04 loss@173.08 loss@185.03 loss@55.04 frag@83.03 frag@199.11 frag@144.07 frag@184.06 frag@172.1 frag@206.08 frag@256.05 frag@145.06 frag@123.08 frag@129.07 frag@140.05 loss@147.1 frag@337.15 loss@115.04 frag@155.06 loss@205.1,0.1840047389 0.1586793959 0.09029061347 0.06251964718 0.009512342513 0.009098377079 0.009068023413 0.006488796324 0.006076130085 0.005762924906 0.005170360208 0.005024857353 0.00491204299 0.004887676798 0.004718550481 0.004522388335 0.004318963736 0.004299762659 0.004287436139 0.004208300263
657,loss@259.08 loss@268.05 loss@210.12 frag@171.04 frag@142.97 frag@231.02 frag@143.01 frag@162.03 frag@185.03 frag@365.14 frag@175.04 frag@183.05 frag@149.06 frag@144.96 frag@161.01 frag@199.12 frag@188.04 frag@314.13 frag@119.05 frag@309.1,0.1766050011 0.08965469897 0.03205076605 0.01736949012 0.01175946649 0.006777771749 0.00647366792 0.005218786187 0.005206699017 0.005165800918 0.005045180209 0.00493316818 0.004870590288 0.004850380123 0.004345206078 0.004192741588 0.003783930326 0.003628345439 0.003511009039 0.003503281623
658,loss@139.07 frag@163.07 loss@111.08 loss@183.14 frag@169.96 frag@169.98 frag@178.13 frag@95.06 frag@269.14 frag@166.97 frag@152.12 frag@150.1 frag@180.01 frag@95.07 frag@96.07 frag@157.01 frag@178.1 frag@122.02 frag@154.02 frag@291.18,0.2008544654 0.1109770983 0.08905879408 0.05957381427 0.01814835705 0.01304052491 0.01208284777 0.006183905061 0.005996788386 0.005602399819 0.005315746181 0.005053417291 0.004422688391 0.004422492348 0.004389398266 0.004048642702 0.003488720628 0.003342580749 0.003114739666 0.002967067296
659,frag@86.99 loss@171.03 loss@181.08 frag@312.16 frag@233.1 frag@261.09 loss@168.11 frag@98.02 frag@204.04 loss@135.09 frag@225.94 frag@389.22 frag@138.03 loss@234.16 frag@172.1 loss@255.05 loss@102.01 loss@336.05 loss@131.02 frag@160.05,0.04308976978 0.04292649776 0.02533803508 0.02457462624 0.02115463093 0.01319976803 0.01240992825 0.01022132393 0.009717131034 0.00919560343 0.008836615831 0.008652301505 0.007505291142 0.00702646235 0.006322786212 0.006031555589 0.005822886713 0.005466310307 0.005380480085 0.005096763838
660,frag@125.05 loss@226.06 loss@182.07 loss@188.07 frag@255.06 frag@113.03 loss@205.15 frag@246.06 loss@219.04 frag@314.13 loss@211.07 frag@95.01 loss@274.2 frag@150.09 frag@211.98 frag@125.04 frag@391.18 loss@193.06 frag@179.09 frag@95.02,0.2709467709 0.146538645 0.009017962962 0.005738960113 0.004697980825 0.004176805727 0.003947855439 0.003915413748 0.003576506861 0.003314546077 0.003065588186 0.00303183333 0.002591871889 0.002562402748 0.00243362831 0.002239550697 0.002239437541 0.002123930724 0.002097688615 0.002084364649
661,loss@42.01 loss@70.04 frag@71.99 loss@56.03 frag@264.15 loss@82.04 loss@106.05 frag@321.14 frag@307.06 frag@275.05 frag@263.1 frag@337.11 frag@304.1 loss@54.01 loss@69.02 frag@204.01 frag@194.04 loss@128.99 loss@84.02 frag@222.03,0.1135958433 0.07457467914 0.04677008465 0.03859662637 0.03475607932 0.02239885367 0.01974632405 0.01505619381 0.01409182511 0.01216159109 0.01079838723 0.01061215252 0.01060602069 0.01031842362 0.008865632117 0.008417664096 0.00777321076 0.007625246421 0.007284440566 0.006754693575
662,loss@185.11 loss@253.11 loss@155.1 frag@318.17 loss@293.03 frag@43.02 frag@67.05 loss@311.12 frag@433.19 frag@81.07 frag@112.08 frag@110.1 frag@274.05 frag@156.14 frag@195.05 frag@100.09 frag@83.05 frag@87.04 frag@69.03 frag@141.02,0.1512168795 0.06493865699 0.0373076722 0.02690088376 0.01979548298 0.01935979165 0.01768358611 0.01587738283 0.01196258049 0.009773649275 0.007097719703 0.006934475154 0.005824058317 0.005705841351 0.005667366553 0.004902599845 0.004829172976 0.00481777871 0.004690881353 0.00467329938
663,loss@173.0 frag@228.14 frag@158.1 frag@162.12 frag@127.09 frag@154.02 frag@115.02 frag@220.02 frag@259.04 frag@143.03 frag@154.01 loss@258.08 frag@94.05 frag@135.09 frag@193.11 frag@207.02 frag@198.16 frag@162.07 frag@148.02 frag@212.12,0.3198955357 0.005293572322 0.00458832318 0.003723072819 0.003337016096 0.003210616065 0.003091810504 0.003037085524 0.002608716488 0.002461880445 0.002263534116 0.002228984842 0.002184804762 0.002165179467 0.002151834313 0.001944496296 0.001824399224 0.001773691038 0.001746007358 0.001698840875
664,loss@247.13 frag@320.15 frag@124.09 frag@84.06 frag@327.08 frag@71.09 frag@217.13 frag@208.13 frag@127.12 frag@345.19 loss@290.12 frag@243.16 frag@238.02 loss@230.05 frag@207.98 frag@126.08 frag@176.11 frag@108.08 frag@284.14 frag@177.11,0.2460939735 0.0609196052 0.007793463301 0.007323942147 0.006971978582 0.005917295814 0.005915605463 0.005041427445 0.004937933292 0.004430480301 0.003979865462 0.003904180368 0.003787663067 0.003546863329 0.003176250495 0.003052700777 0.002988552675 0.002848303644 0.002811599756 0.002716824645
665,frag@189.02 loss@123.07 loss@258.05 frag@183.09 loss@153.06 frag@223.12 frag@233.07 frag@161.01 loss@94.05 loss@205.04 frag@293.1 frag@338.14 frag@149.02 frag@385.13 loss@151.06 loss@135.07 loss@120.06 loss@173.05 loss@119.05 frag@137.04,0.2607306242 0.2241403162 0.03127002716 0.008329255506 0.005495689344 0.003376895795 0.003181515029 0.003026975086 0.002467951039 0.00233366387 0.002315039514 0.002240792848 0.00218689139 0.00207344722 0.002011579927 0.00190040539 0.001874277368 0.001848364365 0.00184770592 0.00183224061
666,frag@138.99 frag@139.01 frag@129.01 loss@155.01 loss@204.14 loss@231.01 loss@308.13 loss@278.18 loss@129.13 loss@213.18 loss@298.18 loss@177.04 loss@202.15 frag@139.0 loss@167.01 loss@301.13 loss@141.03 loss@318.1 loss@193.01 frag@224.01,0.1726171374 0.1093264669 0.1050464287 0.04922256991 0.0439238213 0.02230453864 0.0217955634 0.01294359006 0.0118893506 0.00879345648 0.008618754335 0.006354319397 0.005886163563 0.005065863021 0.004367218819 0.004237370566 0.003277789103 0.003033223096 0.002821649192 0.00281726988
667,loss@292.12 frag@180.99 loss@265.04 loss@204.0 frag@153.98 loss@363.11 frag@198.16 frag@158.02 frag@302.2 frag@224.99 frag@259.11 frag@256.13 frag@194.05 frag@208.0 frag@126.01 frag@88.04 loss@291.13 frag@181.07 frag@304.09 frag@180.05,0.2024253011 0.1669043303 0.1014703587 0.03419789299 0.007087958977 0.006790635176 0.005314005539 0.00401240401 0.003501133062 0.00325553189 0.003159080632 0.002528148005 0.002396553522 0.00234929123 0.002341786399 0.002126412932 0.002098696306 0.002025410766 0.001798326499 0.001784767373
668,loss@170.05 loss@210.0 frag@259.05 loss@100.99 frag@119.06 frag@97.04 frag@98.03 frag@211.01 frag@166.97 frag@147.06 frag@259.03 frag@152.08 frag@148.06 frag@147.1 frag@225.02 frag@242.11 frag@163.02 frag@185.04 frag@83.03 loss@119.05,0.1937627345 0.04543768242 0.01885626279 0.01798524149 0.01032433193 0.007912072353 0.007883312181 0.007412105333 0.007057911251 0.006975896657 0.006098028738 0.005439124536 0.004824126605 0.004708824679 0.003805279266 0.003803312546 0.003797004931 0.003796871053 0.003784395522 0.0036892395
669,loss@193.06 frag@130.04 loss@141.06 loss@264.09 frag@112.06 frag@113.01 frag@293.12 loss@95.0 frag@85.01 frag@83.03 frag@133.04 frag@111.03 frag@130.03 frag@97.04 frag@279.09 frag@246.06 loss@282.07 loss@211.04 frag@218.09 frag@185.09,0.1115282848 0.1005726457 0.09155013412 0.05506343395 0.03869615123 0.01775654592 0.01482800208 0.01198152639 0.01124337129 0.01034175046 0.009096337482 0.008602831513 0.008286623284 0.006838863716 0.006292366888 0.006105104927 0.005864035338 0.005548119079 0.005189218093 0.004898785148
670,loss@171.08 frag@188.95 frag@237.0 frag@169.06 frag@172.09 loss@187.03 frag@170.08 frag@332.06 frag@198.1 frag@169.98 loss@170.09 frag@198.07 frag@201.07 frag@170.07 frag@130.03 frag@234.07 frag@129.03 frag@322.1 frag@211.04 frag@247.07,0.3282500505 0.03278203309 0.03173714131 0.006201696116 0.006014609244 0.00522854412 0.005037918221 0.004760405049 0.003943882883 0.003538287478 0.002860767301 0.002788635204 0.002735449234 0.002721613739 0.002657845151 0.00259739696 0.002483660122 0.002425457584 0.00220236904 0.002172632376
671,loss@270.15 loss@280.13 loss@174.1 loss@318.15 loss@258.06 loss@306.15 loss@167.17 frag@320.16 loss@297.11 frag@208.12 frag@71.03 frag@123.02 frag@127.12 loss@295.14 frag@286.12 frag@249.13 frag@342.03 frag@268.09 frag@179.12 frag@146.12,0.05679569021 0.05582361668 0.0508678928 0.03234994784 0.02316148207 0.01879747771 0.01776636764 0.01071460079 0.007878877223 0.00772194704 0.006201752927 0.006152827758 0.005627095699 0.005585282575 0.005364514422 0.005354733672 0.005177974701 0.005031899549 0.005027383566 0.005022445694
672,frag@221.11 loss@333.12 loss@149.12 frag@213.1 loss@122.0 frag@239.12 loss@274.19 frag@320.16 frag@222.1 frag@195.09 frag@172.08 frag@185.07 loss@293.13 loss@188.09 loss@198.96 frag@143.12 loss@328.12 frag@199.09 loss@136.01 loss@344.17,0.1296733469 0.09777614474 0.09665130079 0.09543439001 0.008767334744 0.007722687908 0.007402410265 0.006905887276 0.006552007049 0.006013216916 0.005874867551 0.005709848832 0.005147784483 0.005139267072 0.0051380191 0.004839722533 0.004521163646 0.003531604772 0.003476269078 0.003426890122
673,frag@170.02 frag@258.12 frag@241.07 loss@177.97 loss@473.29 loss@174.96 frag@75.0 frag@384.17 frag@160.99 loss@126.14 frag@172.07 frag@220.12 loss@282.05 frag@126.06 loss@177.07 frag@303.09 loss@141.06 frag@349.04 frag@391.17 frag@157.06,0.0984736532 0.0674470216 0.03922665492 0.03613016009 0.03423761949 0.03329049051 0.01689798385 0.01372503862 0.01288354862 0.01253913622 0.008287291974 0.004118707031 0.003414212959 0.003277014242 0.003137356136 0.002645777073 0.002518108347 0.002400179859 0.002279204316 0.002117420081
674,frag@190.12 loss@165.07 loss@268.04 frag@237.02 frag@87.07 frag@123.09 loss@279.15 loss@233.16 loss@291.21 frag@360.08 frag@176.05 loss@175.13 loss@158.07 loss@172.12 frag@148.11 frag@71.03 frag@161.99 loss@193.08 loss@212.01 frag@189.11,0.2700008154 0.1230285913 0.06232751906 0.01041201502 0.008242307231 0.002941823564 0.002404379658 0.002134334994 0.001910575316 0.001856244053 0.001662029768 0.001484264154 0.001453090576 0.001401558984 0.001394550432 0.001366953482 0.001339043374 0.001324749668 0.001261091558 0.001232375856
675,loss@196.08 frag@140.08 frag@381.17 frag@68.05 frag@111.03 frag@135.0 frag@112.08 frag@209.14 frag@124.08 frag@70.03 frag@95.07 loss@240.05 frag@155.0 frag@277.19 frag@54.03 frag@281.14 frag@42.03 frag@86.06 frag@139.05 frag@148.1,0.2886949182 0.09180503339 0.0261163339 0.006688685156 0.006477377377 0.006432172842 0.005420256406 0.005239620339 0.00465674093 0.004177961498 0.003275112947 0.003072975669 0.003070385894 0.002999222139 0.002980400575 0.002932625823 0.002898075618 0.002684052102 0.002678460907 0.0025667632
676,loss@228.1 loss@204.08 loss@202.08 loss@248.09 frag@187.98 frag@231.12 frag@176.11 frag@72.94 frag@146.07 frag@228.06 frag@149.04 frag@98.01 frag@275.12 frag@57.03 frag@219.02 frag@51.03 frag@83.01 frag@255.09 frag@223.01 frag@106.06,0.1181227118 0.09344676882 0.06249932945 0.03705407679 0.01707516611 0.01027084328 0.009953081608 0.008258774877 0.008113108575 0.007733440492 0.006948457099 0.006006570067 0.005971697625 0.005714619998 0.005329670385 0.005180074368 0.004445760977 0.004035714082 0.003971117549 0.003920698538
677,frag@83.05 frag@71.05 loss@264.15 loss@284.13 frag@74.06 loss@236.15 loss@282.15 loss@310.14 frag@69.03 frag@99.04 loss@332.09 loss@374.14 frag@67.05 loss@305.17 loss@445.16 loss@208.09 loss@240.11 frag@57.03 frag@110.1 frag@71.01,0.1799446493 0.06644575298 0.0610451512 0.05122312531 0.04556265101 0.04006161913 0.02334848978 0.02196299285 0.01758554578 0.01656476967 0.01603115164 0.01460651495 0.0103673609 0.008079786785 0.007638700772 0.00700627733 0.006088581402 0.005689292215 0.005672968458 0.005057449918
678,frag@105.07 frag@135.08 frag@79.05 loss@192.06 loss@239.13 loss@213.06 loss@200.05 frag@105.08 loss@231.11 loss@214.02 loss@202.05 loss@228.06 loss@199.04 loss@242.08 frag@133.06 loss@245.08 frag@123.08 loss@167.1 loss@221.03 loss@182.04,0.2776477933 0.05057181045 0.0344219543 0.0197054781 0.0173413977 0.01658991165 0.01518906746 0.01416487806 0.01401617192 0.01304063387 0.01223391574 0.01110668946 0.01093548816 0.01085837837 0.01085561793 0.01068882179 0.0106487684 0.01002917904 0.00971824117 0.009308999404
679,frag@153.02 loss@653.12 loss@314.06 loss@448.1 frag@143.03 loss@464.1 frag@287.06 loss@462.15 loss@288.08 loss@404.13 loss@418.14 frag@303.05 loss@316.08 frag@139.04 loss@501.11 frag@315.07 loss@454.17 loss@328.08 loss@308.05 loss@308.11,0.2481256127 0.05986968055 0.03572725877 0.03478532657 0.02009349689 0.01938592084 0.01737335138 0.0164283067 0.01451881696 0.01353183109 0.01241097786 0.008798230439 0.008740665391 0.007027526852 0.006866910495 0.006174291484 0.005958052818 0.004798231181 0.004723678809 0.004604535643
680,frag@137.04 loss@153.06 loss@181.06 loss@181.05 frag@123.03 frag@135.03 loss@261.01 loss@304.16 frag@180.05 frag@209.02 frag@165.04 frag@293.1 loss@172.03 loss@195.07 frag@128.02 frag@74.93 frag@189.1 frag@109.01 frag@83.03 frag@385.13,0.2771214843 0.1496860385 0.1218300983 0.05823554471 0.01976059563 0.006909578107 0.006076720543 0.005639585666 0.005512025207 0.0047669583 0.004309850745 0.003905652789 0.003827108303 0.003479521256 0.00291694724 0.002905884059 0.002905018162 0.002901348285 0.002799427137 0.002593523124
681,frag@97.06 frag@113.06 frag@67.05 loss@339.13 frag@85.06 loss@243.15 loss@105.08 frag@43.02 loss@230.16 loss@388.11 frag@95.09 loss@239.08 loss@80.05 loss@239.16 frag@79.05 frag@69.03 frag@123.12 loss@278.1 frag@323.11 frag@81.07,0.1863981634 0.05298024043 0.02292501368 0.02090256475 0.012331957 0.006612574216 0.005750423763 0.005569488276 0.004153238144 0.003424508963 0.003340343479 0.002880521351 0.00286777108 0.002792130923 0.002791480394 0.002773523331 0.002632025629 0.002453695284 0.00237897574 0.002220953815
682,frag@186.07 frag@158.07 loss@397.08 loss@425.08 loss@285.12 loss@177.09 loss@241.12 loss@197.05 loss@188.01 frag@168.06 loss@183.99 loss@206.12 frag@211.98 loss@196.04 loss@274.2 loss@226.05 loss@313.11 loss@179.04 frag@139.03 loss@115.11,0.302354455 0.01990626007 0.007414133288 0.006958265323 0.003298328491 0.003211145056 0.002796082525 0.00269667455 0.002342022257 0.002296313876 0.002109054709 0.001936599496 0.001840382931 0.001749334158 0.001718422514 0.001707800897 0.001601435943 0.001576203504 0.001558446675 0.001525834203
683,frag@134.06 frag@106.06 loss@164.03 loss@232.05 loss@257.02 loss@164.11 frag@106.07 frag@148.08 frag@144.04 loss@257.13 loss@249.09 loss@208.07 loss@186.09 loss@203.1 loss@217.06 frag@199.12 frag@105.06 loss@197.11 loss@152.07 frag@133.05,0.2852557003 0.03619273379 0.03106684983 0.01146339253 0.008658404462 0.00817730464 0.008123334497 0.007735573687 0.007435384206 0.006717607845 0.006152905058 0.005894403439 0.005454006139 0.004905163776 0.004868012853 0.004787166603 0.004715587944 0.004665739369 0.004253735766 0.004096059594
684,loss@248.15 loss@307.13 loss@228.03 frag@101.02 frag@237.03 frag@160.97 loss@311.03 frag@121.06 frag@99.05 frag@165.02 frag@121.03 frag@167.13 frag@193.1 frag@121.07 frag@87.06 frag@149.1 frag@164.11 frag@110.1 frag@74.06 frag@108.08,0.1970635951 0.04819479212 0.0481628105 0.01789378747 0.01782652549 0.01708028466 0.01483453158 0.01103853993 0.008628014475 0.008193174377 0.007412490901 0.006954849698 0.005684402771 0.005607228726 0.004853857681 0.004820624366 0.004801121075 0.004068032838 0.003747827606 0.00371884089
685,frag@109.03 loss@237.01 loss@363.11 frag@115.03 frag@93.03 frag@164.02 loss@224.01 frag@124.06 frag@127.04 frag@53.0 frag@81.03 loss@425.06 loss@186.01 frag@153.05 frag@169.05 frag@43.02 frag@178.07 loss@269.03 frag@231.15 frag@313.12,0.1301014572 0.1109491661 0.03861961886 0.01727190055 0.007706580218 0.007213885896 0.005655369721 0.005450428929 0.003655131208 0.003651491832 0.003445733339 0.003099392401 0.002837401582 0.002468991792 0.00243314635 0.00235796161 0.002345237881 0.002344893757 0.002222535666 0.002210373059
686,loss@178.02 loss@216.08 frag@286.12 frag@229.14 loss@108.08 frag@125.02 loss@143.02 frag@231.02 frag@228.11 frag@143.99 frag@166.01 frag@140.01 frag@153.01 frag@186.07 frag@314.13 loss@202.02 frag@125.05 frag@173.11 frag@200.12 loss@130.04,0.1457019001 0.1206834614 0.06515898556 0.02771600522 0.0244500339 0.01007389091 0.005782914348 0.004944831133 0.004074252676 0.00407073414 0.003539800644 0.003181768814 0.002902909182 0.002831825521 0.002784624696 0.002580575645 0.002432055073 0.002389453351 0.002304874361 0.002241512993
687,frag@113.02 frag@231.12 frag@178.06 frag@344.21 frag@228.03 frag@347.19 frag@144.04 frag@67.02 loss@257.02 frag@137.03 frag@236.11 frag@332.06 frag@318.05 frag@291.11 frag@180.01 frag@116.03 frag@145.08 loss@287.04 frag@141.05 frag@84.96,0.001273258473 0.0009935207199 0.0009861501167 0.0009124783101 0.000805087795 0.0007777995779 0.0007353107794 0.0007209960604 0.0007011437556 0.0006854544627 0.0006800135016 0.0006754642818 0.0006700396189 0.0006583947106 0.0006420837017 0.0006370371557 0.0006193016889 0.000611004245 0.0006065282505 0.0006032601232
688,frag@176.09 frag@202.11 loss@175.09 frag@162.08 frag@256.1 loss@215.12 frag@216.12 frag@59.06 frag@134.07 loss@177.1 frag@148.09 frag@190.11 loss@393.13 loss@189.1 loss@207.08 frag@142.02 frag@108.06 loss@269.06 frag@149.08 frag@125.11,0.1492042989 0.0842224136 0.07269978523 0.02909491211 0.007311875466 0.005357921124 0.00534965843 0.004642160609 0.004533954896 0.004016373772 0.003831689944 0.003474875353 0.003346091136 0.00311197713 0.003098492511 0.002991820918 0.002869408811 0.002774766413 0.002744007157 0.002735540038
689,frag@146.07 frag@162.07 loss@177.09 loss@188.11 loss@197.05 loss@189.07 frag@120.06 frag@153.05 loss@175.1 frag@160.09 frag@132.06 loss@145.06 loss@165.12 loss@147.08 frag@158.07 loss@473.29 loss@204.08 loss@176.07 loss@206.12 loss@163.1,0.191918835 0.1289873868 0.08213035762 0.04102370888 0.02813619189 0.02478619292 0.01117490511 0.007612586021 0.005469905678 0.005362309981 0.005040819291 0.004981659818 0.00396058429 0.003552014474 0.003499220591 0.003455330152 0.003423988121 0.003411909798 0.003196142148 0.00318638538
690,loss@210.08 frag@137.08 loss@237.09 loss@184.1 loss@170.08 frag@270.04 frag@113.02 frag@108.04 loss@145.95 loss@250.15 frag@125.0 frag@80.05 frag@84.09 frag@139.03 frag@83.07 frag@101.06 frag@108.08 frag@151.99 frag@160.97 frag@259.03,0.1227870509 0.1164566576 0.06379519403 0.06007435173 0.0483331047 0.01689093187 0.01597312838 0.01279346365 0.01035125554 0.00987894088 0.009684505872 0.008876609616 0.006528163794 0.00647675572 0.006234929431 0.005650145467 0.005359131843 0.005006052088 0.004909559153 0.004887630232
691,frag@168.96 loss@151.11 loss@135.08 loss@161.09 frag@328.18 frag@177.1 frag@216.09 loss@443.21 frag@177.08 loss@161.1 loss@178.03 loss@143.08 loss@210.96 frag@164.08 frag@250.06 frag@208.13 frag@118.04 frag@159.04 loss@62.07 loss@263.05,0.2733774483 0.151593104 0.08665782213 0.01674587838 0.01228564233 0.01214725897 0.009367388673 0.008182452992 0.00600477308 0.005170529708 0.004743507132 0.004687106237 0.003548118053 0.003065541852 0.002950280905 0.002806497971 0.002696995158 0.002696729964 0.002257571789 0.002231600229
692,frag@205.12 frag@269.09 loss@298.04 frag@297.13 frag@314.13 frag@298.11 loss@409.1 loss@404.22 frag@92.02 loss@264.08 frag@306.11 loss@309.18 loss@183.08 loss@317.11 loss@180.1 loss@265.08 frag@215.11 frag@331.1 frag@133.0 loss@299.06,0.06356819719 0.06290056556 0.04523884505 0.02538090758 0.02135415375 0.01664303057 0.006657267921 0.004177362192 0.003191913711 0.003186244052 0.003120794659 0.003013049485 0.002708736109 0.002561623231 0.002485488541 0.002373338444 0.002352913143 0.002129034372 0.002106348751 0.002099914942
693,loss@77.05 frag@76.04 frag@293.15 loss@95.06 loss@100.13 frag@317.21 frag@326.11 loss@57.02 loss@89.05 loss@75.03 frag@230.05 loss@275.17 frag@251.08 frag@255.1 frag@213.1 frag@219.08 loss@114.07 frag@203.06 loss@132.09 frag@281.04,0.1663794667 0.06100933626 0.05079420283 0.04114816338 0.02159242891 0.01739789359 0.005650027655 0.005480289925 0.004700307734 0.004523961339 0.00399172958 0.003664698452 0.003268781817 0.003261059988 0.003163541202 0.002886669943 0.002880336484 0.002866532654 0.002850713208 0.002749929903
694,frag@135.05 loss@129.01 loss@56.01 loss@344.09 loss@179.04 frag@79.04 loss@100.04 loss@74.0 loss@112.02 loss@216.05 loss@101.01 frag@83.03 loss@86.02 loss@179.11 loss@86.01 frag@117.04 frag@209.02 loss@109.09 loss@305.01 loss@141.04,0.3013786376 0.05257897079 0.02327415347 0.01588339359 0.01055516489 0.005187273957 0.004762969445 0.004340670537 0.004205438774 0.004134333227 0.003944192082 0.003934147768 0.003685734235 0.0035347417 0.003404270159 0.002971605398 0.002962755505 0.002922943095 0.002726225415 0.002612247597
695,frag@177.07 loss@158.12 loss@208.18 frag@159.06 loss@262.99 loss@161.07 loss@229.1 loss@184.12 loss@213.14 frag@347.19 frag@158.07 loss@147.05 loss@143.13 loss@68.01 loss@308.07 loss@253.03 frag@131.06 loss@203.06 loss@281.03 loss@172.14,0.3304549158 0.1240595356 0.02078674361 0.005449306685 0.003904778976 0.003751704236 0.003062451957 0.00290526147 0.002868808573 0.002779758302 0.002644806402 0.002586993854 0.002419032855 0.002412079368 0.002207224956 0.002145649865 0.002132255118 0.002093522577 0.002077498939 0.001977670239
696,loss@235.16 frag@179.12 frag@240.1 frag@83.09 frag@138.05 frag@196.03 frag@130.12 frag@327.08 frag@246.15 frag@55.05 frag@97.1 loss@246.11 frag@249.04 loss@179.13 frag@220.12 frag@299.15 loss@332.09 loss@270.07 loss@363.11 loss@312.16,0.2395204604 0.1812215745 0.03377025574 0.01158823445 0.00925976783 0.00468302099 0.003831493435 0.003718854161 0.003217321355 0.002801077208 0.002669437788 0.002541007474 0.00219749636 0.002190589672 0.002129633911 0.002087475266 0.002051638206 0.001994716236 0.001955217682 0.00191050861
697,frag@236.11 loss@288.09 loss@390.12 frag@336.08 loss@154.9 frag@304.17 loss@150.1 loss@198.11 frag@163.02 loss@163.06 frag@126.06 frag@175.04 loss@282.14 loss@338.1 loss@137.08 frag@161.01 frag@151.02 loss@328.15 loss@273.08 loss@183.0,0.2080951035 0.007074065972 0.004800271243 0.0044106883 0.004304712638 0.003664576914 0.003529271577 0.002656433033 0.002379296347 0.002274531638 0.002254303545 0.002250718186 0.002127164975 0.002091264352 0.002015805803 0.002015627921 0.001988448668 0.001947580953 0.001875496004 0.001853401656
698,frag@121.07 loss@223.09 frag@249.13 loss@266.1 loss@101.12 loss@260.19 loss@280.16 frag@132.09 frag@153.08 loss@332.13 loss@327.12 loss@353.1 loss@310.09 loss@338.06 frag@99.04 frag@227.09 frag@146.12 loss@280.08 loss@332.08 loss@307.06,0.1280084997 0.03730514273 0.03714347631 0.03020679206 0.02626284398 0.02617326006 0.02405417338 0.01941688918 0.01819233969 0.01502391882 0.01273283176 0.01228674781 0.01020172238 0.008712524548 0.007470654324 0.007038003765 0.007008920889 0.006425487809 0.005777737591 0.005416296422
699,loss@148.08 frag@209.02 frag@149.08 frag@167.05 frag@186.09 frag@187.1 frag@119.06 frag@176.09 frag@225.14 frag@240.12 frag@216.1 frag@147.07 frag@134.07 frag@292.13 frag@173.08 frag@231.12 frag@224.97 frag@162.08 frag@154.08 frag@201.11,0.3003566563 0.09479770809 0.02319051512 0.00751989847 0.005472397432 0.004268629476 0.004084076732 0.004010887817 0.003929744475 0.003892042907 0.003828345798 0.003740578657 0.003568618093 0.003456091275 0.003425028641 0.003100789851 0.003025144106 0.002945507178 0.002896894701 0.002742506564
700,frag@126.0 loss@224.12 loss@308.12 loss@270.13 frag@277.08 frag@244.08 loss@257.16 frag@178.11 frag@214.12 loss@275.17 loss@243.0 frag@321.17 loss@196.12 frag@71.0 loss@175.14 loss@287.12 frag@188.13 frag@197.17 frag@112.99 frag@99.05,0.1668241471 0.1223157793 0.06609980017 0.04735491425 0.03324740008 0.01712495647 0.01198455784 0.006775293034 0.005599156488 0.004522894975 0.004379757214 0.004215523601 0.003365843557 0.002678441117 0.002651900984 0.002442146419 0.002344100503 0.00222893944 0.002188244136 0.002187259262
701,frag@56.01 loss@195.07 loss@227.03 loss@144.01 loss@216.06 loss@272.1 loss@192.11 frag@75.03 frag@187.12 frag@133.04 loss@134.02 frag@122.94 frag@409.2 frag@211.02 loss@217.13 loss@234.17 loss@259.07 frag@113.01 loss@167.05 frag@248.1,0.127365455 0.09616660327 0.02583317459 0.02491945401 0.02154524624 0.02142219618 0.01686652377 0.013965372 0.01225262973 0.01195412688 0.01185040176 0.01144273393 0.01019829232 0.009277122095 0.008221656084 0.007896831259 0.006333360914 0.005509817507 0.00550629897 0.005140942987
702,loss@226.03 frag@151.05 loss@171.13 frag@349.14 frag@124.04 frag@174.03 frag@106.07 frag@135.0 loss@233.08 frag@137.03 frag@93.03 frag@178.06 frag@183.98 frag@231.12 frag@163.05 frag@55.02 frag@179.08 frag@162.07 frag@123.01 frag@111.03,0.1624386907 0.07857773453 0.01990803145 0.01021601725 0.00609751977 0.003986767493 0.003965573851 0.003255550982 0.003003795166 0.00290442491 0.002710695146 0.00265305466 0.0025433423 0.002515054308 0.002478177659 0.002464188263 0.002384377876 0.002363195643 0.002274141647 0.002139561577
703,loss@264.11 loss@245.15 loss@276.12 loss@276.13 loss@339.15 loss@294.04 frag@198.15 loss@94.1 frag@127.09 frag@183.06 frag@223.02 frag@135.04 frag@125.06 frag@122.08 frag@201.14 frag@130.02 loss@272.06 frag@138.1 loss@286.14 frag@243.16,0.07419927418 0.06963613629 0.03574490547 0.01653231867 0.01564197987 0.01512825862 0.01189550944 0.01057775877 0.008930808865 0.007722317241 0.007513942663 0.00708048651 0.006524476223 0.006424272899 0.005968963727 0.005843549501 0.004868258722 0.00477238046 0.00446374109 0.004424692132
704,frag@175.11 frag@187.11 loss@227.19 loss@274.09 loss@164.16 frag@288.13 frag@223.16 loss@292.15 loss@275.17 loss@288.05 loss@174.13 frag@113.1 loss@242.96 loss@301.24 loss@370.15 frag@175.08 loss@363.11 loss@318.17 loss@162.13 frag@95.09,0.1224591732 0.05735332519 0.03386837617 0.02492011152 0.01956630684 0.01951268688 0.01859668829 0.01359551679 0.01345465332 0.01082724892 0.00917922426 0.004852304235 0.004513245542 0.004348237999 0.004034292419 0.003854124108 0.00366946822 0.003576691262 0.003543812782 0.003304827493
705,loss@105.06 frag@212.04 loss@228.04 loss@225.18 frag@299.15 frag@256.04 loss@340.97 frag@255.06 frag@155.02 loss@173.06 frag@257.14 loss@211.97 frag@121.09 frag@323.18 frag@264.12 frag@161.99 frag@370.2 frag@150.01 frag@202.05 loss@185.06,0.1440617144 0.1303129345 0.0491582416 0.04154983908 0.04115655646 0.03510837257 0.01383809652 0.008668207563 0.007941816002 0.005048180465 0.004192733206 0.003403668292 0.002865759656 0.002798901638 0.002681876533 0.002547884593 0.00249322108 0.002485736739 0.002401646925 0.002341457177
706,loss@128.09 frag@202.03 frag@153.08 frag@260.06 loss@183.01 frag@349.14 loss@338.06 loss@280.09 frag@254.13 frag@281.06 frag@191.06 loss@76.02 frag@249.05 frag@241.1 frag@193.09 loss@290.2 loss@138.08 frag@337.15 loss@87.04 frag@150.04,0.2392163873 0.1416178048 0.03362176567 0.02806671709 0.005617675371 0.004842953756 0.004748270381 0.003823583713 0.003514254931 0.003166434588 0.00266757654 0.002662385581 0.002477552276 0.002461639466 0.002434536582 0.002327461727 0.002125333762 0.002007037401 0.001964384923 0.001922502299
707,loss@164.1 frag@152.11 frag@229.11 loss@175.11 loss@192.01 frag@300.18 frag@201.11 frag@189.11 frag@231.12 frag@155.08 frag@108.08 loss@164.11 frag@250.06 loss@225.09 loss@157.05 loss@151.1 loss@342.06 frag@121.09 frag@137.07 frag@166.08,0.1837991476 0.1499495804 0.05927802622 0.03836565465 0.0280346442 0.01286346093 0.011020937 0.01073197927 0.007653929293 0.007293483708 0.006624899805 0.006081680302 0.003911685199 0.003715724219 0.003524376312 0.003475821111 0.003185083158 0.003092186991 0.002825730015 0.002809260273
708,frag@148.04 frag@143.08 frag@187.98 loss@212.09 loss@132.06 loss@234.07 loss@215.06 loss@120.06 frag@145.09 loss@219.02 loss@46.02 loss@250.08 loss@249.08 frag@193.1 loss@225.13 loss@309.15 loss@298.11 loss@243.11 loss@278.08 loss@303.06,0.311999768 0.03194289282 0.003277110634 0.001968483673 0.001686314819 0.001619148767 0.001591102569 0.001590678585 0.001505204011 0.00138338143 0.001374936081 0.001327107428 0.001325253979 0.001304632868 0.001287963707 0.001241687685 0.001227141358 0.001203831052 0.001202036161 0.001193346805
709,loss@159.09 loss@186.1 frag@163.01 frag@188.9 loss@282.06 frag@55.02 frag@87.04 frag@129.1 frag@260.14 frag@213.0 frag@67.06 loss@170.1 frag@95.07 frag@74.93 frag@45.03 frag@43.05 frag@202.0 frag@233.13 frag@209.04 frag@102.09,0.2317591012 0.08988714218 0.02101889811 0.01125134621 0.01071502175 0.0106558213 0.008217177354 0.008062382229 0.007898551412 0.007241751067 0.006841410883 0.006629129872 0.006251895335 0.005563603248 0.005068094004 0.004761503544 0.004470103886 0.004319779109 0.0042991722 0.00428635627
710,frag@175.03 loss@141.05 frag@148.02 loss@137.01 frag@152.02 frag@134.01 loss@140.04 frag@98.04 loss@141.02 loss@188.94 loss@143.07 frag@136.02 frag@124.02 frag@114.03 frag@163.03 loss@153.04 frag@158.1 loss@113.06 loss@307.04 frag@161.01,0.2599943578 0.1073473617 0.02485491708 0.01471524313 0.01411941927 0.007415083237 0.005295497831 0.003998156171 0.003501283471 0.003492528107 0.003245952539 0.003099232446 0.003024527337 0.00277332426 0.002757016569 0.002700256649 0.002569161821 0.002508939244 0.002427411033 0.002252829028
711,frag@158.07 frag@186.1 loss@149.09 frag@172.09 loss@188.07 frag@186.07 loss@197.05 loss@137.08 loss@185.1 loss@177.09 frag@215.09 loss@165.09 frag@258.16 frag@146.07 frag@132.06 loss@159.08 loss@158.08 frag@160.09 loss@155.05 loss@175.07,0.1966867596 0.08369996399 0.01311987732 0.01023485977 0.0071607586 0.006587047596 0.006569887511 0.006493664812 0.005525592715 0.004785021767 0.004773100372 0.004765298683 0.004357889295 0.003753598314 0.003593846224 0.003488896415 0.003455124563 0.003414918901 0.003310682718 0.003162455978
712,frag@203.08 loss@114.07 loss@122.03 frag@321.09 frag@223.02 loss@142.06 frag@174.06 frag@216.14 frag@185.07 frag@186.05 frag@189.05 loss@242.06 loss@218.13 frag@145.05 frag@198.08 loss@74.04 frag@364.16 frag@173.07 frag@159.07 frag@187.09,0.2664397657 0.1966100782 0.01340356469 0.008764010854 0.006556471344 0.005499342922 0.004563805647 0.00367297302 0.003632623237 0.003283141414 0.003054646309 0.002966326661 0.002863174537 0.002760909032 0.00265141204 0.002608156297 0.002403787104 0.002346149413 0.002332033357 0.002220534487
713,frag@195.02 frag@177.01 loss@242.01 loss@158.05 loss@207.02 loss@267.03 loss@249.05 loss@267.06 loss@105.02 loss@216.03 loss@295.1 loss@253.04 loss@281.03 frag@223.03 loss@236.03 loss@226.05 frag@139.02 frag@194.08 loss@122.0 frag@93.03,0.1899794489 0.1360010505 0.005078953691 0.003869630164 0.003754601814 0.003472073004 0.002626301488 0.002213441301 0.002116871765 0.002092839917 0.001937253051 0.001886529382 0.00176851335 0.001750604948 0.00173601741 0.001441830886 0.001341745839 0.001235235715 0.001179909101 0.001167612732
714,frag@176.07 loss@158.08 frag@190.09 frag@204.07 loss@252.97 frag@158.06 loss@228.11 loss@161.11 frag@171.05 loss@131.1 loss@163.06 frag@131.07 loss@185.01 loss@146.08 frag@157.09 frag@161.06 frag@148.08 loss@185.05 loss@175.13 loss@172.14,0.209974736 0.1208397299 0.08083744347 0.03049680963 0.01585244574 0.00506853871 0.004273504019 0.003403622191 0.003295919159 0.003106642747 0.003033165587 0.002775847213 0.002544164425 0.002535853302 0.002486149548 0.002469860017 0.002431754954 0.00241188216 0.002404825063 0.002160232048
715,loss@265.12 loss@288.18 loss@347.11 loss@264.18 frag@214.12 loss@363.11 loss@270.07 frag@287.11 frag@232.13 frag@83.09 frag@113.02 frag@239.04 frag@381.17 frag@203.13 frag@360.08 loss@239.16 frag@129.1 frag@227.08 frag@191.15 frag@127.09,0.1379548311 0.03681380302 0.02470733412 0.02314325422 0.02063257433 0.01601474173 0.007098567206 0.006351714022 0.006041152868 0.005007933825 0.00498077739 0.004342370667 0.004261767957 0.00408158917 0.003750663018 0.003708244301 0.003393480089 0.003250286914 0.003004541155 0.002858394058
716,loss@154.1 frag@67.05 frag@83.09 loss@199.12 loss@319.19 frag@69.07 frag@55.05 frag@142.12 frag@81.07 frag@85.06 frag@59.05 frag@43.02 frag@102.09 frag@41.04 frag@97.06 frag@95.09 loss@187.12 loss@181.11 loss@105.04 frag@129.1,0.2417520136 0.03090215102 0.02820526436 0.02629615553 0.01820108108 0.01217271108 0.01051934343 0.01011741441 0.009403421544 0.008342705667 0.007905576378 0.007581843995 0.006563219707 0.006510222331 0.00611584587 0.00600568857 0.005449334625 0.005010268651 0.004975238815 0.004577945452
717,frag@121.03 loss@208.13 loss@200.13 loss@186.12 loss@214.1 loss@282.14 frag@121.04 loss@225.13 loss@185.12 loss@220.16 frag@149.06 loss@220.17 loss@183.15 loss@205.11 loss@204.07 frag@279.09 loss@277.16 loss@236.13 loss@306.19 loss@322.17,0.4012033343 0.08286259323 0.0552447848 0.0387442112 0.02410456911 0.02376619726 0.01873954758 0.01826114394 0.009933790192 0.009440494701 0.007141760085 0.006662327796 0.006467154715 0.005139266141 0.005020851735 0.005006907973 0.004659529775 0.004094415344 0.003385405522 0.003220484126
718,frag@129.06 loss@95.05 loss@158.02 frag@251.1 loss@138.02 loss@134.03 frag@246.1 frag@274.1 frag@235.11 frag@272.12 frag@158.08 loss@106.08 loss@301.07 frag@361.16 frag@136.03 frag@284.1 loss@89.06 loss@89.02 loss@161.11 loss@136.02,0.05135035142 0.04159038514 0.03588852286 0.0278809201 0.02130120061 0.02116686106 0.01936682872 0.01904856227 0.01084423158 0.01084228698 0.01064301841 0.007314122282 0.006848908495 0.00669799652 0.006479036994 0.005809901748 0.005670288112 0.005402217619 0.005293729249 0.005152290687
719,frag@62.02 frag@61.01 frag@90.95 frag@46.99 frag@62.99 frag@134.96 frag@55.93 frag@150.95 frag@45.99 frag@72.94 loss@81.02 frag@152.97 loss@243.99 frag@116.97 loss@103.05 loss@114.03 frag@240.07 loss@186.01 loss@105.12 frag@64.0,0.09920942783 0.04141900688 0.03337413818 0.03312547132 0.02967278659 0.0174316261 0.0170236025 0.01621102355 0.01310065947 0.01079457626 0.008571463637 0.006900955923 0.006498713046 0.006053834688 0.00568690896 0.005299134646 0.004983658437 0.004835894797 0.004676554352 0.003969259094
720,loss@141.1 loss@125.04 frag@179.11 frag@181.06 loss@125.1 frag@208.02 frag@276.01 loss@239.12 frag@210.13 frag@258.1 frag@171.08 frag@245.08 frag@202.08 frag@169.0 frag@164.0 loss@147.1 frag@189.05 frag@171.06 frag@269.04 frag@178.12,0.1467797905 0.08570157737 0.03997998312 0.003805356566 0.003781672101 0.003492282704 0.003458197927 0.003201765474 0.003063314594 0.002477053553 0.002305867616 0.002277025254 0.002266088035 0.002216306981 0.002158446703 0.002148576546 0.002104016254 0.002050331095 0.002032779623 0.002010053955
721,frag@182.01 loss@329.17 loss@173.02 frag@131.08 loss@273.06 frag@218.12 frag@191.15 frag@86.06 loss@80.21 frag@178.12 frag@74.06 frag@184.01 frag@98.05 frag@151.07 loss@274.15 loss@211.03 frag@243.16 loss@243.07 frag@181.05 frag@84.04,0.1186211109 0.09045720845 0.02692880295 0.007021469064 0.005974820815 0.004718682729 0.003855787916 0.003670771839 0.003484422341 0.003453111509 0.002341669984 0.002248658566 0.002228142461 0.002194122877 0.002173064975 0.002118052915 0.002102987142 0.001954491483 0.001915900386 0.001838250086
722,loss@45.06 loss@43.04 loss@114.12 frag@224.09 frag@145.01 frag@209.06 loss@143.11 frag@264.06 frag@239.05 loss@28.01 loss@72.07 frag@214.03 loss@157.12 loss@75.07 loss@60.03 frag@307.15 frag@277.1 loss@345.98 loss@236.02 frag@240.09,0.07137182355 0.04432815686 0.03466489911 0.02934203483 0.02360443585 0.02214578539 0.02099741064 0.01873586327 0.01761711948 0.01608570665 0.01595599204 0.01523537375 0.01241767686 0.01205464918 0.01120531652 0.01094215177 0.01023590285 0.009283839725 0.009273219854 0.009107258171
723,loss@220.05 loss@261.1 frag@171.01 loss@321.1 frag@84.09 frag@287.09 frag@84.08 frag@56.05 frag@163.02 frag@56.96 frag@59.0 frag@131.08 frag@101.02 frag@191.12 frag@67.02 frag@409.2 frag@155.98 frag@236.03 frag@92.04 loss@271.12,0.1630883217 0.07867527753 0.03787122294 0.02250767685 0.01745565236 0.01346345525 0.007519517094 0.007316239644 0.005273785442 0.005019215401 0.004366833251 0.004243038595 0.004242194816 0.003841928672 0.003801187035 0.003474186873 0.003338339273 0.003181708278 0.003066524863 0.002942212392
724,loss@205.08 frag@195.11 loss@292.09 frag@124.06 frag@208.01 loss@291.06 frag@84.04 loss@329.09 frag@144.1 frag@183.11 loss@261.15 frag@319.19 frag@83.07 frag@165.1 frag@55.02 loss@305.1 frag@194.13 frag@274.18 frag@133.09 frag@207.15,0.1780224741 0.07950383425 0.04954644665 0.01811583154 0.01726983301 0.007112652995 0.005377559923 0.004828625824 0.004203729331 0.00405485183 0.003923010081 0.00361523428 0.003399757901 0.003162059467 0.00295565743 0.002926637651 0.002844695002 0.002841709647 0.002797201974 0.002758081537
725,loss@251.02 loss@297.06 loss@190.05 frag@111.03 frag@158.0 loss@150.02 frag@144.96 frag@358.09 frag@97.01 loss@261.08 loss@198.99 loss@124.0 frag@98.03 frag@192.99 frag@308.06 frag@256.05 frag@56.96 frag@123.04 frag@165.02 frag@225.14,0.0291201286 0.02657873556 0.02657266706 0.01988883875 0.01175982784 0.01057599671 0.009953746572 0.007894724607 0.006032993551 0.005902615376 0.005828284193 0.005159532186 0.004870103672 0.00456493441 0.004547820892 0.004226273391 0.004064954352 0.003943663556 0.003864976112 0.003683645045
726,loss@238.11 loss@163.02 loss@257.04 frag@97.01 frag@323.16 frag@70.04 frag@220.02 frag@155.98 frag@127.09 frag@209.14 frag@84.04 frag@99.07 frag@318.03 frag@158.0 loss@267.98 frag@381.17 frag@56.05 frag@84.07 frag@101.02 frag@84.08,0.2123914361 0.08131176978 0.0417140834 0.03899021447 0.01993184723 0.01521816943 0.009776442312 0.009162023664 0.007773699239 0.007718817797 0.00736103626 0.00731226569 0.006311738864 0.005977957509 0.005539729726 0.005344005302 0.005138826557 0.004591662437 0.004413968883 0.004203844815
727,frag@151.08 loss@277.14 loss@297.11 loss@263.19 loss@277.15 loss@269.16 loss@273.13 frag@136.05 frag@108.06 loss@286.07 loss@286.14 frag@161.1 frag@150.07 loss@270.14 loss@276.14 frag@121.06 frag@243.16 loss@159.13 loss@193.11 loss@206.08,0.3433594406 0.05109670013 0.03155342862 0.02986242436 0.02221433632 0.01054366585 0.007715970278 0.006392044481 0.006265129428 0.00545774959 0.004348762333 0.004006076604 0.003816996934 0.003587984014 0.003376238979 0.003172711702 0.003150287084 0.00299317087 0.002826303942 0.002699905541
728,loss@287.09 loss@129.1 frag@159.07 frag@254.13 loss@244.05 frag@156.08 frag@280.14 frag@106.04 frag@157.09 frag@98.03 frag@240.03 frag@141.08 frag@84.04 frag@288.11 frag@101.11 loss@259.0 frag@86.07 loss@216.02 frag@164.07 frag@160.03,0.09650603682 0.06815257668 0.008751101792 0.007563100662 0.005568408873 0.005045667756 0.004873330239 0.003913275898 0.00367895118 0.003106366144 0.00279913214 0.002763926517 0.002696157433 0.002578095067 0.002531556645 0.002420617035 0.002362164436 0.002287817653 0.00217466848 0.00209018169
729,loss@123.04 frag@198.05 loss@108.02 frag@204.96 loss@86.0 frag@186.95 loss@96.0 frag@332.12 loss@65.03 loss@123.01 loss@366.92 frag@135.02 loss@158.02 frag@196.02 frag@184.07 frag@107.03 frag@75.02 frag@193.09 frag@251.04 loss@111.01,0.0997126475 0.09219005704 0.05151608214 0.04535704851 0.03962015733 0.03850328177 0.01668921299 0.01390200853 0.01263563987 0.01232528035 0.009922700003 0.00977553986 0.008951316588 0.007324809674 0.007193938829 0.005965361837 0.005866495892 0.005589969922 0.005529810674 0.004956150427
730,loss@177.04 frag@118.05 loss@184.04 frag@158.04 frag@136.02 frag@163.03 frag@164.03 frag@139.03 frag@219.1 frag@121.09 frag@45.99 frag@183.98 loss@197.02 frag@133.05 frag@292.13 loss@178.09 frag@299.07 frag@107.06 loss@169.03 frag@178.04,0.1716835499 0.1179914027 0.11606846 0.01690412313 0.008454670198 0.007251378614 0.006869917735 0.004654129501 0.004442692269 0.004398975987 0.003816640703 0.003775931662 0.003539292375 0.003525965381 0.003317190334 0.003124559764 0.003084141063 0.003042734694 0.002947264584 0.00294037303
731,frag@178.03 frag@196.04 loss@143.03 frag@150.04 frag@60.06 loss@226.99 loss@87.05 frag@278.14 loss@302.14 loss@185.99 loss@212.03 loss@48.59 loss@144.01 loss@125.01 frag@283.05 loss@280.09 loss@145.15 frag@239.15 loss@181.04 loss@165.04,0.1828058958 0.08305156976 0.05324345082 0.03400396928 0.03193819523 0.02802924626 0.01206150185 0.008347920142 0.007646221668 0.006878825836 0.003854620503 0.003342137439 0.002884409856 0.002823377028 0.00270621758 0.00269373809 0.002649940783 0.002625392517 0.002551519778 0.002471819986
732,frag@103.05 frag@133.06 frag@123.06 loss@204.1 loss@206.09 frag@131.05 frag@161.06 loss@207.09 loss@176.07 loss@196.07 loss@233.07 loss@187.1 loss@202.09 loss@231.09 loss@189.08 loss@227.11 loss@205.11 loss@202.12 loss@170.02 frag@133.07,0.1444615573 0.1216741204 0.05285042897 0.02212629654 0.02209502645 0.02092272416 0.0201287102 0.01943678223 0.01804539002 0.01800200716 0.01501912251 0.01477553137 0.01388878934 0.01039715391 0.009176733904 0.009020239115 0.008967173286 0.008806177415 0.008769730106 0.00874410104
733,frag@176.03 loss@201.13 frag@231.15 loss@32.98 frag@178.04 loss@146.05 loss@92.99 frag@224.97 frag@207.13 frag@178.07 loss@199.01 frag@268.09 loss@120.02 loss@173.1 loss@129.01 frag@203.06 frag@172.09 loss@175.07 loss@86.04 frag@241.13,0.1721317321 0.1460166723 0.04530996829 0.02199021913 0.004357982427 0.003296900541 0.003147896146 0.002921901643 0.002795882057 0.002460000804 0.002232960192 0.002141745994 0.002016751561 0.001933669788 0.00192053942 0.001871253946 0.001793879434 0.001708365977 0.001664562151 0.001559890108
734,loss@259.09 frag@228.11 frag@82.03 frag@111.01 frag@95.01 frag@180.12 frag@349.04 frag@187.98 frag@314.13 frag@344.11 frag@124.06 frag@204.14 frag@150.09 frag@99.06 frag@124.04 frag@135.08 frag@74.93 frag@102.04 frag@318.18 frag@236.11,0.2223873585 0.00382350455 0.003808853216 0.003769520903 0.002745902166 0.002600323176 0.002515098546 0.002374168718 0.002336577978 0.002330093877 0.002329095267 0.002300908789 0.002259045839 0.00220047473 0.002167252125 0.002148094587 0.002109325258 0.002045061439 0.002027669223 0.002019430511
735,frag@171.04 loss@153.15 frag@181.06 loss@239.16 loss@247.14 loss@279.17 loss@181.15 loss@176.01 loss@331.1 loss@259.09 frag@138.05 loss@304.05 frag@143.05 frag@384.2 frag@205.02 frag@153.07 loss@247.06 frag@239.08 loss@262.14 loss@271.1,0.2837647498 0.1376443058 0.0103902407 0.005976933986 0.003411605954 0.003290604334 0.003172150347 0.002465804107 0.002203318989 0.002031461103 0.001917200163 0.001900652773 0.001833169605 0.001764704823 0.001679514768 0.001604313031 0.00154660712 0.001442640205 0.001440555206 0.001319492469
736,loss@128.1 frag@191.09 frag@208.09 frag@154.99 loss@316.13 frag@247.11 frag@258.11 loss@198.02 frag@219.14 frag@329.19 loss@270.16 frag@419.14 loss@176.11 loss@116.07 loss@161.12 loss@162.09 frag@197.05 frag@217.08 frag@212.12 loss@81.08,0.1968067586 0.1094763651 0.08035559207 0.04383698851 0.03252846003 0.02853768133 0.02391554415 0.0233584661 0.009357033297 0.008773469366 0.007359446026 0.005343448371 0.005118813831 0.00447639497 0.004299293738 0.004244094715 0.004010051023 0.003297734773 0.003292932874 0.003057755297
737,frag@192.08 loss@140.0 frag@218.14 loss@141.03 loss@123.02 frag@242.13 loss@152.0 loss@194.12 loss@170.12 loss@155.01 loss@167.01 loss@226.09 loss@108.02 loss@186.0 frag@111.05 loss@231.02 frag@135.1 frag@76.93 loss@168.03 loss@250.09,0.1661374718 0.08112808317 0.06220104173 0.0439353995 0.04127918929 0.02470348403 0.01618010178 0.008656959049 0.007577572949 0.004509383347 0.004488233943 0.003316936316 0.003041373333 0.002725377912 0.002659010701 0.002580313478 0.002395322081 0.002339012222 0.00209415704 0.002055652207
738,frag@109.04 loss@267.07 loss@254.16 loss@202.97 loss@322.07 frag@172.93 loss@320.98 loss@330.05 loss@412.12 loss@302.07 loss@330.13 frag@290.13 loss@336.12 frag@208.12 loss@285.06 loss@340.11 frag@208.07 frag@124.06 loss@450.2 loss@256.08,0.04189795256 0.04014035314 0.02215134725 0.02059838176 0.01832080074 0.01354151871 0.01227716822 0.01177669223 0.01120304409 0.01022350602 0.009928874671 0.007646741346 0.007210089825 0.006492250133 0.006291028112 0.006271485239 0.005968354177 0.005866827443 0.00559725333 0.005372291896
739,loss@223.13 frag@87.03 loss@251.15 frag@87.04 frag@447.13 frag@110.1 frag@67.05 frag@114.04 frag@89.07 frag@156.14 frag@131.08 frag@326.18 frag@184.02 frag@162.13 loss@264.16 loss@223.09 frag@138.09 frag@121.07 frag@178.08 frag@249.13,0.2611812949 0.1852547824 0.05121233314 0.01412093919 0.007925980724 0.007640365046 0.005814656615 0.0055898102 0.005559053272 0.005220803432 0.004976656288 0.004656003322 0.004522569943 0.003604692873 0.003457719693 0.003403844777 0.003104503965 0.003019407392 0.003013683716 0.00285125454
740,frag@111.03 loss@199.13 loss@235.09 loss@168.04 loss@297.06 loss@225.07 loss@222.08 loss@140.03 frag@149.04 frag@147.03 loss@201.11 frag@44.98 loss@209.09 loss@141.02 frag@135.03 frag@323.11 loss@237.08 frag@84.99 frag@139.02 loss@194.04,0.3491186798 0.06058682874 0.05482157692 0.005399900954 0.005116301123 0.003837521886 0.003481034189 0.00336285634 0.003135545179 0.002787831705 0.002545305062 0.0023993738 0.002391302958 0.002351521747 0.002343056956 0.002335130004 0.002283852082 0.002104096813 0.00204282254 0.001851185691
741,frag@101.02 frag@142.04 frag@74.01 loss@172.07 frag@115.02 loss@178.07 frag@57.99 loss@183.01 loss@225.05 frag@58.99 loss@229.99 loss@252.07 frag@55.02 loss@206.07 frag@317.09 loss@248.15 frag@99.05 frag@115.03 loss@265.08 frag@229.11,0.1808919013 0.07022162527 0.02760643139 0.006002566777 0.004296977073 0.003129070858 0.002993742004 0.002755218651 0.002650887473 0.002475928748 0.002354373224 0.00226210244 0.00224696123 0.002166131977 0.002161855577 0.002148961183 0.002121706959 0.002108292654 0.002003928181 0.001926931669
742,frag@175.05 loss@165.13 frag@147.06 loss@137.02 loss@164.09 loss@243.14 loss@160.06 frag@159.05 loss@496.18 loss@174.04 loss@225.09 loss@203.96 loss@393.13 loss@135.07 loss@177.1 frag@199.05 loss@313.06 loss@9.98 loss@191.12 loss@379.06,0.3272791207 0.1790549159 0.008765662089 0.005541342311 0.004884559195 0.004019916058 0.003966018558 0.003895708825 0.003117176006 0.002992579015 0.002572298283 0.002414380899 0.002348112641 0.002046549926 0.001913014217 0.001904626843 0.001891125459 0.001850616769 0.001846327796 0.001803392544
743,loss@192.09 frag@148.08 frag@164.07 frag@150.13 frag@163.09 frag@108.08 frag@122.1 frag@135.06 frag@119.06 frag@120.04 frag@223.0 loss@120.06 frag@58.03 loss@246.11 frag@151.09 frag@281.14 frag@124.04 frag@94.05 loss@219.1 frag@123.06,0.2836277783 0.01579710655 0.01044400316 0.01027339976 0.008337830193 0.007267098408 0.007018107455 0.006636020727 0.005857769866 0.005451412871 0.004812160507 0.004625627305 0.004591799807 0.004299283959 0.003885331564 0.00386466831 0.003690726822 0.003649169113 0.003523160936 0.003452345729
744,loss@171.09 loss@143.09 frag@55.02 frag@126.09 frag@112.08 frag@87.04 frag@155.12 frag@101.02 frag@84.08 frag@83.09 frag@150.13 frag@45.03 frag@135.0 frag@233.13 frag@188.9 frag@55.05 frag@56.05 frag@144.1 frag@82.06 frag@173.95,0.3295392394 0.03361126781 0.01914166845 0.01794169657 0.01221537124 0.01175934449 0.01105909981 0.01081831288 0.01035441272 0.008406405337 0.008400170133 0.008325536735 0.006987923291 0.006574150175 0.006421183236 0.006156196352 0.005816081539 0.005636314396 0.005514548626 0.005486554932
745,loss@190.1 frag@135.08 frag@236.15 frag@133.06 frag@190.09 frag@146.07 frag@109.06 frag@121.06 frag@161.06 loss@232.11 frag@256.14 frag@165.09 frag@118.04 frag@121.03 frag@240.12 frag@119.05 frag@104.06 frag@161.1 frag@117.03 frag@328.15,0.2449004352 0.02326740138 0.01559905894 0.01466661226 0.01347464975 0.01110704336 0.01099550165 0.009782670997 0.008588189259 0.008408579975 0.008114350028 0.008075916208 0.007789439056 0.007667851169 0.007438332774 0.007148901001 0.006579406559 0.00593591528 0.00565225631 0.005536922254
746,loss@175.07 frag@184.09 frag@174.1 loss@144.07 frag@196.09 frag@226.13 frag@239.13 frag@266.13 loss@106.01 loss@95.04 frag@258.16 loss@208.0 frag@158.07 loss@187.93 frag@172.09 frag@198.1 frag@200.08 frag@186.1 loss@140.09 frag@253.09,0.2575873137 0.1046399921 0.08922787011 0.07269631326 0.05698174983 0.03893990442 0.02283141576 0.01256825868 0.01192617416 0.01033568382 0.009713191539 0.008321905509 0.007709362078 0.006520375144 0.006272635888 0.005259032827 0.005105811637 0.004926012363 0.004075135104 0.003564499086
747,loss@71.04 frag@183.08 loss@73.05 frag@243.07 frag@185.08 loss@125.12 frag@182.06 frag@150.02 loss@98.05 frag@265.1 loss@97.06 frag@200.07 loss@43.05 frag@190.08 loss@95.07 loss@112.07 frag@216.07 frag@339.12 loss@84.09 frag@305.11,0.04576421902 0.04101479799 0.03883732855 0.02798287198 0.02751642466 0.02550105937 0.02302179113 0.02273239009 0.02073595114 0.01887135021 0.0180151742 0.0174113512 0.01620986126 0.0159077365 0.01534610521 0.01484918036 0.0140874004 0.01330003422 0.01227667276 0.01123051159
748,loss@214.12 frag@57.03 frag@173.95 frag@233.14 frag@133.06 loss@105.04 frag@69.04 frag@95.07 frag@187.98 frag@240.12 frag@332.06 frag@72.94 frag@93.04 frag@164.09 frag@231.12 frag@166.09 frag@64.01 frag@123.08 frag@113.04 loss@223.04,0.2336458117 0.005976896267 0.005089881364 0.004246937111 0.004154523369 0.004010123201 0.003929724917 0.00372866611 0.003700346686 0.003375158878 0.003245844739 0.003115125932 0.002882205881 0.002661349252 0.002500929637 0.002469603438 0.00217702426 0.002095443429 0.001967182616 0.001964329276
749,frag@165.07 frag@167.09 loss@151.1 frag@152.06 frag@166.08 loss@157.05 loss@401.19 loss@159.06 loss@257.17 loss@214.13 loss@164.1 loss@207.11 loss@174.14 loss@181.09 loss@416.17 loss@153.09 frag@180.08 loss@156.14 loss@194.07 loss@160.97,0.1649802774 0.151501447 0.1023312658 0.04922581837 0.02361432277 0.02210402861 0.0191281531 0.01710507832 0.01586149633 0.006563856732 0.005017994437 0.004390330054 0.004042864777 0.003941752017 0.003867005231 0.003593917936 0.003245297354 0.003101008013 0.002665854059 0.002620343585
750,frag@100.08 frag@128.11 loss@249.12 loss@242.05 loss@384.19 loss@210.99 loss@246.06 frag@100.09 frag@86.06 loss@350.16 loss@274.06 loss@347.08 loss@206.13 loss@358.06 frag@127.09 loss@173.13 loss@281.15 loss@262.11 loss@263.15 loss@185.15,0.2435296327 0.08795372397 0.05128251389 0.03236874565 0.01676544175 0.01223437488 0.0102594709 0.007047690451 0.006630325224 0.006239488721 0.005988487042 0.004450146575 0.004230224527 0.003948505968 0.003598480718 0.003525143256 0.003325267229 0.003038960509 0.002796660876 0.002210165607
751,frag@173.54 loss@189.15 frag@173.55 loss@264.17 loss@120.09 loss@339.07 loss@327.13 loss@275.01 loss@185.11 loss@258.18 frag@128.98 loss@336.15 frag@196.13 loss@339.14 loss@273.01 loss@293.05 loss@298.17 loss@238.18 loss@335.16 frag@370.17,0.3282419741 0.03064420074 0.01746662147 0.01626823097 0.01535639726 0.01488334872 0.01466953568 0.01460562926 0.0096002426 0.008677340113 0.008552587591 0.00854753796 0.008434554562 0.008160670288 0.007732919417 0.006980456877 0.006756398827 0.006229167804 0.005870072171 0.005726819858
752,loss@133.09 frag@297.15 frag@281.15 frag@295.17 frag@172.96 loss@115.08 loss@133.08 frag@134.1 frag@158.98 frag@182.94 loss@182.02 loss@323.19 loss@212.14 frag@259.06 frag@197.05 frag@202.05 loss@135.1 frag@247.01 frag@183.02 frag@316.11,0.2195276469 0.06288436055 0.04832748696 0.03768464178 0.03535117581 0.02946553566 0.009002057835 0.008053041063 0.007461519912 0.006633809768 0.005858004559 0.004008036572 0.003677709261 0.003143113339 0.002755944384 0.002517375862 0.002447394421 0.002305766335 0.002268376295 0.001945092692
753,loss@178.12 frag@179.13 frag@153.11 loss@170.15 frag@265.05 frag@152.12 frag@122.07 frag@162.1 frag@95.06 frag@205.14 frag@190.13 loss@311.07 frag@151.1 loss@177.13 frag@134.07 loss@166.12 frag@150.07 frag@124.09 frag@193.11 frag@206.09,0.230204761 0.182572335 0.05959791318 0.02010990866 0.008865191601 0.008155746385 0.006421283353 0.004933655262 0.004532115068 0.004371426534 0.004144798964 0.004128678702 0.003993266262 0.003974610008 0.003963051829 0.003847290995 0.003737059655 0.003672666149 0.003522257321 0.003401492722
754,frag@97.01 loss@183.07 loss@209.09 loss@245.07 loss@181.06 loss@124.0 loss@221.09 loss@169.02 loss@257.04 frag@111.03 loss@218.05 loss@312.02 loss@237.08 loss@141.02 loss@140.03 frag@124.02 loss@167.04 loss@182.05 frag@109.01 frag@151.06,0.3874850571 0.04243793339 0.04080745578 0.02317662351 0.01676187105 0.01314171962 0.01224517822 0.01218846161 0.01159300469 0.009505518712 0.007389786188 0.007279049139 0.007103360724 0.006126406137 0.004783350509 0.004341762513 0.003982120659 0.003877360374 0.003772717435 0.003746676026
755,frag@148.06 loss@115.04 loss@86.01 loss@116.05 frag@107.07 loss@141.06 loss@236.06 loss@145.03 loss@182.08 loss@298.03 loss@127.04 loss@192.07 loss@55.04 loss@130.09 loss@113.01 loss@45.0 frag@68.01 loss@152.04 loss@184.13 loss@202.08,0.2809934616 0.06609410048 0.007664201781 0.00685685873 0.00509378314 0.003804849228 0.003645781893 0.003527680412 0.003315591021 0.003143067239 0.002931238385 0.002907939255 0.002871289616 0.002525148448 0.002496602014 0.002427126514 0.002258671913 0.00224728277 0.002202046337 0.002155399648
756,frag@100.02 frag@68.01 loss@184.13 frag@57.04 frag@131.0 frag@143.04 frag@154.02 loss@115.04 loss@196.12 loss@100.03 frag@54.03 frag@113.03 loss@106.02 loss@158.07 frag@44.98 loss@86.01 frag@73.01 loss@101.02 loss@229.05 loss@114.04,0.09198588878 0.08900235593 0.03711910546 0.0345049724 0.00748986192 0.006783558521 0.006485876627 0.006391335279 0.006016294938 0.005079934373 0.004749352578 0.004493985325 0.004455781542 0.004154815804 0.004132389557 0.004007177893 0.003979708068 0.003902154509 0.003857264761 0.003833236173
757,frag@202.1 loss@219.08 loss@176.08 loss@261.13 loss@161.11 frag@463.24 frag@103.06 frag@201.11 loss@342.09 frag@217.12 loss@136.05 frag@200.12 frag@191.13 frag@204.11 loss@212.08 frag@177.11 frag@108.06 frag@98.02 frag@272.12 loss@236.11,0.2253326625 0.1030189916 0.09458567947 0.0578495115 0.03406191617 0.02194858529 0.006902676076 0.00580234034 0.004843839444 0.004729805514 0.004380451515 0.004048434552 0.00401293207 0.003918193281 0.003842433449 0.003616193542 0.0035660828 0.002978295321 0.002731695538 0.002713480964
758,frag@163.02 frag@135.03 frag@134.02 loss@235.07 loss@170.02 loss@120.06 loss@235.03 loss@237.05 loss@181.04 loss@207.04 loss@320.1 loss@230.11 loss@165.08 frag@147.03 loss@196.1 loss@206.11 frag@194.08 loss@157.05 loss@198.05 loss@179.98,0.2018895 0.1985465437 0.01181571372 0.008730720729 0.007442172617 0.006178388838 0.004391064402 0.004146350548 0.003775338409 0.003686279524 0.003408033634 0.003371182596 0.002750268439 0.002747475402 0.002745304955 0.002571700839 0.002393395174 0.002384028863 0.002376933349 0.002355383709
759,frag@150.01 frag@123.0 loss@170.0 frag@178.01 loss@203.96 loss@128.04 loss@135.02 loss@183.04 loss@108.03 loss@123.02 loss@155.01 loss@95.0 frag@139.01 frag@138.01 loss@298.18 loss@107.02 loss@106.01 frag@127.0 frag@139.0 loss@300.05,0.1827323586 0.07111504674 0.05741476268 0.05146324635 0.006070435978 0.004557016306 0.003927648533 0.003490570467 0.003375231521 0.003094570246 0.003011476947 0.002611434786 0.002391807502 0.002386319917 0.002224378288 0.002142559038 0.001956093358 0.001789143542 0.001770254923 0.00175586564
760,frag@55.03 loss@283.17 loss@113.01 loss@174.09 frag@68.01 loss@178.03 frag@73.04 frag@45.04 frag@54.03 loss@99.04 loss@206.05 frag@42.03 frag@169.02 loss@335.21 loss@214.12 frag@70.04 loss@296.11 frag@308.15 loss@196.01 loss@261.0,0.2101779282 0.08020489663 0.004473405425 0.004029379692 0.003284747247 0.003173647681 0.003133931896 0.002919398015 0.002890422009 0.002868866548 0.002725157887 0.002521622693 0.002502572257 0.002392424736 0.002355989767 0.00233623595 0.002188092563 0.002114767674 0.002109007211 0.001968113473
761,frag@167.03 frag@338.14 loss@149.06 frag@335.11 frag@227.03 loss@120.06 loss@462.15 loss@292.01 loss@253.03 frag@181.04 loss@163.06 frag@256.96 loss@387.06 frag@123.01 loss@267.99 loss@147.05 loss@238.05 loss@136.05 loss@148.05 frag@160.04,0.2243032604 0.02334891818 0.01590651274 0.00518325204 0.002905041212 0.002864662092 0.002784491284 0.002470987849 0.00240470632 0.00236777612 0.0023625826 0.002344087232 0.002146004234 0.002089958638 0.001971365884 0.001869914238 0.001850325265 0.001810367452 0.001756385202 0.00169976207
762,loss@290.07 loss@115.02 loss@337.15 loss@277.06 loss@338.14 frag@323.09 frag@109.04 frag@130.04 loss@267.07 frag@208.12 loss@249.13 frag@83.03 loss@330.05 frag@111.05 loss@292.06 loss@281.12 frag@349.07 frag@203.05 frag@220.05 frag@113.04,0.06512460113 0.05307438225 0.05204584822 0.04495082051 0.03332888335 0.03094527312 0.01273924764 0.01181811374 0.01103692502 0.01092700288 0.009344673716 0.006685148459 0.006634835619 0.006125808228 0.006057415623 0.00587514881 0.00558122294 0.004905996379 0.004672705662 0.004613722209
763,loss@249.1 loss@266.12 loss@246.15 loss@278.14 frag@181.0 loss@268.08 loss@247.14 frag@253.08 frag@153.09 frag@263.09 frag@181.1 frag@215.03 frag@214.09 frag@228.1 frag@246.02 frag@218.98 frag@281.09 loss@202.17 frag@102.97 frag@166.06,0.08623719215 0.0823937282 0.0445512943 0.04441168159 0.04415531829 0.03627774492 0.02782622725 0.02621305548 0.01943401806 0.01521592867 0.01423755381 0.01372040808 0.01068786997 0.01032563206 0.008786953986 0.008145947941 0.006056949962 0.005931606982 0.005719396751 0.005656641908
764,frag@220.09 loss@259.05 loss@286.05 loss@107.92 loss@473.29 frag@157.01 frag@287.06 frag@181.04 loss@157.02 frag@73.04 frag@151.06 frag@267.05 loss@255.07 frag@232.09 frag@111.01 frag@160.13 loss@271.03 frag@273.09 loss@235.05 loss@314.06,0.2254344076 0.158111617 0.06439065933 0.00646761898 0.004653897602 0.003627373138 0.0034006692 0.002925563836 0.002524743788 0.002361416118 0.0020905938 0.002014307305 0.001991009107 0.001949615194 0.00193629798 0.001886243233 0.001744517707 0.001734745572 0.001610664767 0.001577605959
765,loss@154.11 frag@350.13 frag@263.15 loss@169.12 frag@112.09 frag@159.06 frag@222.12 frag@127.12 frag@144.14 frag@114.0 frag@136.05 frag@190.1 frag@158.07 frag@146.03 frag@223.02 frag@177.07 frag@139.02 frag@120.07 frag@291.18 loss@142.11,0.1749408394 0.05050970986 0.02501262166 0.008479484357 0.00518207578 0.004890414421 0.004809462931 0.00332720601 0.003068151651 0.00306466734 0.003039142117 0.003013320966 0.002956732176 0.002765213139 0.00268080621 0.002596599981 0.002593058627 0.002371328184 0.002206906443 0.002151179127
766,frag@101.04 loss@142.05 frag@282.16 frag@227.0 frag@256.16 frag@196.17 frag@234.0 frag@100.01 loss@218.99 frag@131.04 frag@180.98 frag@232.03 frag@365.08 frag@359.14 loss@146.12 loss@116.02 frag@294.17 frag@231.08 loss@291.09 frag@332.16,0.01052340865 0.00683561014 0.006145237479 0.005926812068 0.004146532621 0.004069841933 0.003605096135 0.003378422698 0.003338897368 0.00327787851 0.00326199038 0.00319088134 0.002927447204 0.002636277117 0.002351155505 0.002302682959 0.002276244108 0.002156041795 0.002145742998 0.001953562489
767,loss@140.04 frag@182.98 loss@124.1 frag@304.13 frag@213.04 loss@107.06 loss@115.07 frag@310.11 frag@297.17 frag@311.12 frag@226.0 frag@214.04 frag@184.14 frag@244.05 loss@184.11 frag@293.1 frag@319.12 loss@227.13 frag@188.03 frag@237.1,0.1144497991 0.07970820367 0.07055574656 0.04144437611 0.01860914379 0.01709952764 0.0158195626 0.01476193219 0.005303504411 0.004614183679 0.004370482173 0.004024979658 0.003952672239 0.003946575802 0.003785743145 0.003364404663 0.003163390793 0.002701285761 0.002578856423 0.002522530966
768,loss@248.11 loss@272.04 loss@282.16 frag@172.96 frag@181.1 frag@141.07 frag@324.12 frag@207.13 loss@171.08 frag@153.08 frag@150.09 frag@130.97 frag@58.03 frag@60.06 frag@234.03 frag@165.06 frag@119.08 frag@180.01 frag@215.06 frag@216.08,0.1636788249 0.02375066839 0.02284228615 0.008823491633 0.006445401814 0.004440075718 0.004126467742 0.003756234888 0.003420145018 0.003048256272 0.002955602249 0.002871837467 0.002792729065 0.00252108206 0.00241974066 0.002378526842 0.002254672814 0.00215757289 0.002030584728 0.001982457004
769,frag@94.04 loss@126.03 loss@180.04 frag@230.93 frag@199.03 frag@331.13 frag@203.0 frag@106.04 loss@171.01 loss@207.08 loss@133.06 loss@135.05 frag@345.12 frag@186.05 loss@192.07 loss@261.96 frag@304.06 frag@341.15 loss@96.07 frag@302.04,0.2015816271 0.1406156123 0.135141179 0.04481059313 0.0233742781 0.01092675608 0.00435577007 0.003864111844 0.002864984795 0.002835690277 0.002647819929 0.002576311119 0.002559660701 0.002543834271 0.002360765357 0.00235244073 0.002254556166 0.002218468115 0.00216143718 0.002147361403
770,frag@186.05 loss@150.03 loss@128.0 loss@139.03 loss@129.99 frag@325.06 loss@127.0 frag@191.03 loss@176.04 frag@225.05 frag@123.01 frag@348.09 frag@114.03 loss@154.03 loss@148.0 frag@279.13 loss@148.02 frag@271.07 frag@149.03 frag@133.03,0.1107053235 0.08896610141 0.0848691389 0.05049218982 0.01691552438 0.01678627171 0.01558852755 0.008316981606 0.00642158743 0.006333259866 0.006159686949 0.005354942754 0.005146046635 0.004632574972 0.004578700289 0.004407475237 0.00433595432 0.004325750284 0.004318046849 0.004185805563
771,frag@136.11 loss@262.14 loss@276.16 loss@314.13 frag@67.05 loss@278.12 frag@110.1 loss@302.13 loss@300.13 frag@124.11 frag@81.07 loss@229.06 loss@271.12 frag@95.09 frag@93.07 frag@69.07 frag@83.09 frag@67.06 loss@281.14 loss@279.16,0.09808374941 0.03682726622 0.02271488309 0.02257517911 0.02211344428 0.02196570858 0.02030307427 0.01869899593 0.01832031645 0.01302123908 0.01216340344 0.01106648613 0.008957726881 0.008344599046 0.006652450189 0.005622091237 0.005179649219 0.005088221747 0.004862191621 0.004694920965
772,frag@171.07 loss@134.05 loss@141.0 loss@184.02 loss@170.01 loss@150.04 frag@156.95 frag@200.99 frag@195.96 frag@243.95 loss@247.98 frag@275.05 frag@186.08 loss@253.03 frag@209.02 loss@189.99 frag@337.06 frag@186.09 frag@175.03 loss@177.04,0.1949647814 0.1249772683 0.0618102625 0.03625320271 0.03136848658 0.02362735383 0.01910111122 0.01402715966 0.01345332712 0.01250537671 0.0104520591 0.00781371817 0.006469104905 0.004445757251 0.00424355967 0.004226557445 0.004222970922 0.004025160335 0.003858517623 0.00373566593
773,frag@160.03 frag@206.17 frag@311.13 loss@174.99 loss@228.94 frag@108.06 loss@331.19 loss@128.06 loss@117.07 frag@140.06 loss@132.09 loss@227.0 loss@164.11 loss@264.18 frag@319.12 loss@184.04 frag@209.05 frag@207.13 loss@146.03 frag@165.11,0.1058940887 0.04864591733 0.03754171357 0.005288321991 0.005042029545 0.004934200086 0.004915808327 0.004606968723 0.004256854765 0.004173638765 0.003830590285 0.003416429739 0.003398005851 0.003393640276 0.003093951382 0.00302791642 0.002862968715 0.002732531866 0.002717281226 0.002716547111
774,frag@70.04 loss@58.01 loss@244.04 frag@68.01 loss@113.01 loss@280.09 frag@55.03 loss@100.02 loss@125.1 loss@127.03 loss@115.04 loss@180.99 frag@178.07 loss@258.08 frag@43.03 frag@45.03 frag@98.03 loss@241.16 frag@54.03 loss@86.01,0.3414345086 0.1772015393 0.05256097391 0.01353678573 0.006641490385 0.006326750387 0.003232767805 0.003064905293 0.002870046068 0.002869361779 0.002644005232 0.002461466938 0.002431043889 0.002275096718 0.002273231745 0.002270352328 0.002160234377 0.001930609229 0.001864038291 0.001785531058
775,frag@163.05 frag@145.04 loss@213.14 loss@183.98 loss@253.17 loss@172.14 loss@168.16 loss@206.07 loss@107.11 loss@107.06 loss@168.11 loss@139.06 frag@161.06 loss@161.06 frag@115.03 loss@171.13 frag@144.06 loss@264.06 loss@171.05 loss@169.11,0.27520895 0.09286127985 0.07857593149 0.0407965444 0.008438375778 0.007182078902 0.005280615762 0.004921110813 0.004526581615 0.004140524194 0.002854347229 0.002799243201 0.002404540312 0.002287697513 0.002236184897 0.002187057165 0.002088254318 0.001937546651 0.001798139769 0.00176695548
776,loss@232.09 frag@223.01 frag@288.11 frag@159.09 frag@189.05 frag@84.07 frag@127.09 frag@100.11 frag@241.11 frag@174.06 frag@138.09 frag@156.14 frag@176.07 frag@129.1 frag@112.11 frag@231.0 frag@191.08 frag@162.09 frag@198.08 loss@230.14,0.2792919874 0.1133499146 0.05579089001 0.007396313362 0.005963291042 0.00568244094 0.00411060499 0.004049788695 0.003933083266 0.003694298444 0.003679976566 0.003150786506 0.0030407866 0.002975844778 0.002944489475 0.002929916605 0.002891988726 0.002751066117 0.002663216088 0.002608126961
777,frag@252.1 loss@110.11 loss@152.12 loss@107.09 frag@71.07 frag@278.13 frag@224.98 loss@178.15 frag@251.07 frag@257.08 frag@180.07 frag@210.11 frag@271.02 frag@240.08 loss@286.03 frag@269.13 frag@226.09 loss@82.05 loss@111.08 loss@396.13,0.01309195813 0.007576778997 0.00715557998 0.006923345849 0.006610814016 0.006169606466 0.005703627132 0.005694174673 0.005335592199 0.005278935656 0.005047101062 0.004800865427 0.004718340002 0.004705813713 0.004462625831 0.004126314539 0.003878009506 0.003873214591 0.003862160025 0.003653137712
778,frag@189.05 loss@150.07 frag@162.04 loss@203.09 frag@199.09 loss@242.06 frag@148.02 loss@151.06 frag@220.11 loss@309.15 frag@174.02 loss@191.12 frag@241.05 frag@185.07 frag@448.16 loss@263.06 loss@139.02 frag@340.13 loss@152.07 frag@179.11,0.2964611351 0.2417697608 0.008673040196 0.00780839473 0.005828478839 0.003829148831 0.003114523366 0.003027641913 0.002906196285 0.0028739837 0.002745624399 0.0025616684 0.002474366687 0.002426338149 0.002378126839 0.002361348132 0.002251195023 0.002237956505 0.002156460425 0.002099749399
779,loss@179.04 frag@240.11 loss@213.13 frag@259.11 frag@271.11 frag@268.09 loss@152.01 frag@211.98 frag@226.11 frag@185.07 loss@347.17 frag@186.07 loss@200.98 frag@170.08 frag@171.06 frag@173.09 frag@218.15 frag@125.05 loss@246.18 loss@115.11,0.1323090792 0.07107931376 0.06917452812 0.04373110086 0.04125458375 0.03267212212 0.01801977493 0.01480655093 0.0125028016 0.005759601481 0.005306354724 0.00398305105 0.003209822811 0.002709196648 0.002653301461 0.002631359734 0.002584522124 0.002544855699 0.002460068557 0.002233762527
780,frag@148.11 loss@300.06 frag@134.1 frag@120.08 frag@150.13 loss@281.13 loss@275.05 loss@240.11 loss@298.07 loss@299.14 loss@187.06 loss@273.07 frag@190.12 loss@259.12 frag@146.12 loss@207.06 loss@287.2 loss@186.05 frag@133.09 loss@225.11,0.2593566477 0.1140190139 0.008647270501 0.005333936308 0.004498438444 0.003591248998 0.003361754119 0.003339688992 0.003157470142 0.002692114329 0.002609016607 0.002491066698 0.002438388532 0.002432186389 0.002081671963 0.002026360016 0.001967533259 0.00195007911 0.001872644876 0.001831626636
781,frag@135.0 loss@281.07 loss@139.1 frag@108.08 frag@136.08 frag@130.97 frag@140.03 frag@229.11 frag@131.08 frag@150.09 frag@150.04 loss@167.09 frag@195.06 frag@137.03 frag@150.13 frag@271.07 frag@183.02 loss@234.24 loss@164.11 frag@245.05,0.140315339 0.1036940813 0.04804054648 0.004630640149 0.004310926422 0.003714355407 0.003243533196 0.003157031955 0.00312745804 0.003101164009 0.002955022734 0.002920696279 0.00278409454 0.002780942013 0.002734851092 0.002249287209 0.002095927717 0.002064539585 0.002055266406 0.002032370074
782,frag@150.07 frag@165.09 loss@290.2 loss@292.1 frag@133.06 frag@121.03 frag@135.08 frag@177.09 loss@217.13 frag@123.08 loss@193.11 loss@324.15 loss@237.16 frag@120.06 loss@250.13 loss@206.09 frag@151.08 loss@152.08 loss@180.11 loss@284.15,0.2005347759 0.1018535942 0.01910015196 0.006742618978 0.005903864279 0.005414792802 0.005042313598 0.004211255815 0.004102836829 0.004079139791 0.00386100309 0.00364003866 0.003567394568 0.003528809175 0.003368407488 0.003204000881 0.003032739973 0.002794138156 0.00253692898 0.002454178408
783,loss@155.09 loss@170.12 loss@356.12 frag@72.04 frag@83.09 frag@260.14 frag@157.06 loss@153.12 frag@290.14 frag@191.06 frag@86.06 frag@112.08 frag@126.08 frag@309.2 loss@181.11 frag@69.07 frag@218.08 frag@55.05 frag@233.14 frag@246.08,0.2798092663 0.02213022858 0.01052784827 0.008542840369 0.007313150913 0.00567217404 0.005370107014 0.005258382764 0.005240530707 0.004904591944 0.004676291253 0.004497630522 0.004306938034 0.003956367727 0.003622909309 0.003523790976 0.003440457396 0.003368039615 0.003144813236 0.003118373686
784,loss@133.05 loss@158.06 loss@152.05 frag@278.09 frag@199.07 frag@273.11 frag@321.12 frag@145.05 frag@209.96 frag@276.08 loss@373.15 frag@325.07 frag@260.08 loss@139.08 frag@222.07 loss@211.97 loss@209.04 loss@240.17 frag@211.05 loss@368.17,0.1366817504 0.08346411586 0.0833580792 0.08015616238 0.05679068342 0.05389519408 0.01254544128 0.005569291767 0.004443933256 0.00375339319 0.003733011428 0.00365585275 0.003566796426 0.003514179727 0.003470679047 0.003243737388 0.003160229186 0.003023145022 0.002844351577 0.002789937891
785,frag@147.07 frag@162.09 loss@164.11 frag@201.11 loss@163.07 frag@141.08 frag@191.13 loss@215.12 loss@187.93 loss@145.09 loss@328.12 loss@177.05 loss@119.07 loss@244.05 loss@238.04 loss@253.06 loss@161.08 frag@219.12 frag@162.08 loss@170.02,0.1947584152 0.1064705625 0.01167784538 0.004998841323 0.004776455462 0.004689936992 0.004627435934 0.004339199513 0.004128435627 0.003952743951 0.00393199455 0.003916160669 0.003643225878 0.003631142667 0.003360096831 0.003151886398 0.00307202735 0.003053165507 0.003039072035 0.002958195517
786,frag@136.05 loss@192.15 loss@342.09 frag@108.06 loss@283.12 loss@159.13 loss@226.14 loss@246.11 loss@243.01 loss@226.13 frag@110.07 loss@193.11 frag@463.24 loss@254.17 frag@233.13 frag@155.94 loss@209.18 loss@242.13 frag@135.0 loss@167.09,0.3340688646 0.01566223241 0.01514072623 0.004627555609 0.003892391222 0.003750826931 0.002741215518 0.002399669727 0.002389459172 0.002260965994 0.002012574812 0.001966291806 0.001811582362 0.001767917653 0.00175705622 0.001685448922 0.001520757563 0.001480192877 0.001461469335 0.001437976724
787,frag@237.04 frag@201.02 loss@91.95 frag@188.04 frag@119.02 loss@156.02 frag@208.11 loss@203.0 loss@124.0 loss@257.16 loss@119.05 loss@292.04 loss@257.04 loss@156.09 frag@238.08 loss@293.16 loss@188.0 loss@388.12 loss@386.17 frag@75.0,0.1976710111 0.02758446522 0.002861157293 0.002617001301 0.002281707712 0.002236990724 0.00172816345 0.001726686372 0.001705693547 0.001690114266 0.001638726564 0.001614193548 0.001487693517 0.001469948795 0.001442146255 0.001317273476 0.001289752312 0.001242404338 0.00118380168 0.001143850735
788,loss@233.05 frag@215.08 loss@338.1 frag@198.15 frag@88.04 frag@97.08 frag@45.03 frag@175.12 frag@184.02 loss@255.07 frag@113.02 frag@114.04 frag@115.09 frag@344.17 frag@335.17 frag@81.03 frag@70.04 frag@57.99 frag@409.2 frag@155.98,0.2285321504 0.06453736126 0.004822191317 0.00435853051 0.004326119553 0.004160958342 0.003867375897 0.002432635752 0.002415281953 0.002380696358 0.002378510777 0.002311152639 0.002291867277 0.002284473972 0.002219259972 0.00220746384 0.002182874829 0.002140223281 0.002082516439 0.00207028864
789,loss@142.07 loss@175.14 frag@197.03 frag@197.1 frag@117.07 frag@376.15 frag@338.08 loss@376.13 frag@167.05 frag@130.99 frag@132.09 frag@147.08 frag@143.09 frag@205.06 frag@145.1 frag@119.09 frag@279.16 frag@131.09 frag@269.02 frag@129.07,0.2238339037 0.110506013 0.07205861807 0.02522045001 0.01407480054 0.01018739771 0.006966777612 0.006611638237 0.006377911195 0.00565519277 0.005280867685 0.004662376363 0.00455296319 0.004142249934 0.003856561612 0.003625778481 0.003486198606 0.003450566903 0.003239132697 0.003226218512
790,loss@191.13 frag@161.09 loss@255.11 frag@133.07 frag@161.1 loss@219.13 frag@190.12 frag@148.11 frag@159.08 frag@159.09 frag@150.07 frag@171.05 frag@110.02 frag@135.08 frag@159.06 frag@138.09 frag@241.99 frag@148.08 frag@208.07 frag@146.07,0.268874377 0.03335339203 0.02352579497 0.02090881579 0.01757609472 0.01463221852 0.01271685679 0.008807727136 0.008510972373 0.007962431759 0.007353354245 0.007109983359 0.006087281741 0.005350048654 0.005165790208 0.004562245216 0.004123231396 0.00391485123 0.003900892334 0.00389147317
791,loss@107.07 frag@198.06 frag@302.09 loss@135.07 frag@288.12 loss@243.14 loss@150.08 frag@147.06 frag@310.11 loss@218.09 frag@329.11 frag@208.1 frag@219.06 frag@269.09 frag@237.04 frag@318.05 frag@243.06 frag@209.96 frag@268.09 loss@309.06,0.2641953826 0.1265474558 0.013008276 0.006465344224 0.006427293643 0.006373216864 0.005712313112 0.004301271401 0.004278183915 0.003880243981 0.003509239759 0.003243180225 0.003182513174 0.003127087606 0.003026061459 0.002927121939 0.002650178969 0.00250463374 0.002438465599 0.00234672986
792,frag@173.04 loss@152.0 loss@200.03 frag@129.02 frag@130.99 frag@102.01 loss@226.09 frag@125.02 frag@73.01 frag@44.98 frag@111.03 loss@59.99 frag@114.06 frag@75.03 loss@143.06 frag@172.03 loss@267.07 loss@128.04 frag@140.08 loss@336.14,0.1524360031 0.09263259917 0.08991737664 0.07304409146 0.01474564802 0.009705184959 0.007672052365 0.007090169936 0.00635305373 0.004987765569 0.004761004355 0.003706599353 0.003616013797 0.003268772038 0.003050855827 0.003025623271 0.002860059962 0.002789475489 0.00271374383 0.00264377147
793,loss@143.06 frag@136.07 frag@126.07 frag@137.05 frag@55.02 frag@156.01 frag@99.05 frag@256.1 frag@164.09 frag@134.05 frag@236.03 frag@173.04 frag@261.97 frag@136.06 frag@137.03 frag@319.12 frag@176.05 frag@129.09 frag@54.03 frag@336.08,0.289933145 0.01021194737 0.005795683712 0.005434682127 0.005185117479 0.004277079832 0.004010852426 0.003956199158 0.003945007455 0.003807559842 0.0037599036 0.003731006524 0.003700893372 0.003685510485 0.00361792976 0.003500086488 0.003492785385 0.003195765428 0.00314469263 0.00313792075
794,frag@146.03 frag@223.12 loss@186.11 loss@193.13 loss@119.05 frag@108.06 frag@118.04 loss@208.06 loss@173.12 frag@164.05 loss@262.12 loss@157.92 loss@222.12 loss@190.96 loss@186.03 loss@191.11 loss@151.08 frag@196.1 frag@164.07 loss@233.16,0.2410029769 0.08898099512 0.08003088087 0.01377413981 0.007758782711 0.007152145728 0.005751082674 0.004796097986 0.004396660253 0.003743377049 0.002901568776 0.002694105264 0.00263035926 0.002578868298 0.002554009901 0.002300861524 0.002089848742 0.002057583537 0.001984183909 0.001918553375
795,loss@148.05 frag@181.04 frag@123.01 frag@157.01 frag@141.0 frag@139.04 frag@238.12 frag@269.09 frag@188.04 frag@148.07 frag@206.06 frag@142.01 frag@208.1 frag@160.97 frag@106.07 frag@93.06 frag@300.17 frag@109.01 frag@273.09 frag@186.99,0.322911948 0.1616532803 0.004973958246 0.003725121263 0.002964915475 0.002753502689 0.002540834481 0.00233486481 0.002334510908 0.002281878609 0.002247263445 0.002148600062 0.002034807578 0.001894255984 0.001830397174 0.001710116048 0.001599165145 0.001579508767 0.00152434723 0.001461066189
796,loss@45.02 loss@57.02 frag@289.11 frag@298.16 frag@211.01 frag@129.06 frag@219.08 frag@233.13 frag@187.05 frag@237.08 frag@276.01 frag@303.1 frag@263.1 frag@62.99 frag@76.04 frag@280.09 frag@231.11 frag@144.1 frag@90.03 frag@46.99,0.1600402743 0.08768646419 0.05502408743 0.02159055881 0.01054187864 0.007080189884 0.007054796442 0.006416060496 0.005222294945 0.004644880537 0.004573755898 0.004113809671 0.004101863597 0.004039471503 0.003958120476 0.003950509708 0.00377912703 0.003680073423 0.003657836234 0.003551658476
797,frag@195.09 loss@136.09 frag@194.08 frag@233.11 frag@174.07 frag@208.11 loss@137.08 frag@155.94 frag@154.06 loss@122.0 loss@215.12 frag@139.02 frag@204.07 frag@167.03 loss@179.0 frag@132.06 loss@120.06 loss@224.11 frag@172.05 loss@330.02,0.2242266983 0.1219284087 0.005646703299 0.003447641386 0.00312598655 0.003111473517 0.002710110508 0.002320056781 0.00226256391 0.002194163855 0.002158704912 0.002109611174 0.002008504467 0.001849051099 0.001827738597 0.001740135602 0.001738697989 0.001714542159 0.001604323857 0.001603680314
798,frag@121.08 frag@133.08 frag@135.09 loss@176.06 loss@205.09 frag@107.06 loss@193.09 loss@190.07 frag@163.09 loss@176.13 loss@203.06 frag@120.04 frag@96.04 frag@132.07 loss@150.08 frag@147.09 frag@282.12 loss@187.07 loss@199.07 loss@189.09,0.1110138521 0.09078729153 0.0522964485 0.03595992923 0.0263559334 0.02386345528 0.02286685258 0.02218579501 0.01704462245 0.0151564749 0.01450413652 0.01313013956 0.01241684053 0.0112389354 0.01111354027 0.01065331977 0.008693760261 0.008124662563 0.007968132384 0.007297951728
799,frag@206.06 frag@115.03 loss@206.07 loss@194.06 frag@178.06 loss@247.02 frag@224.07 loss@224.08 loss@180.06 frag@181.04 loss@179.1 loss@114.03 frag@109.01 loss@213.14 loss@351.1 frag@141.0 frag@244.05 frag@321.1 loss@237.01 loss@113.01,0.1663854569 0.01967507601 0.01012567524 0.003277483396 0.003099236405 0.002922737272 0.002780013718 0.002706036903 0.002505086595 0.002216792433 0.002139224671 0.001769812778 0.001750468393 0.001712127705 0.00167947181 0.001640480477 0.001620907569 0.001545598498 0.001543643884 0.001492497977
800,frag@317.13 frag@295.14 loss@235.08 loss@48.59 frag@204.1 frag@186.09 loss@347.09 loss@251.07 loss@233.99 frag@190.09 loss@218.13 loss@259.12 loss@246.1 frag@191.08 frag@188.11 frag@237.04 frag@220.13 loss@78.05 loss@344.17 loss@193.13,0.1701342016 0.09134452045 0.003801348386 0.003705329262 0.003662198549 0.003334394889 0.003000754397 0.002908099443 0.002872685902 0.002789262449 0.002473378088 0.002471983433 0.002444675425 0.002422740916 0.002405932872 0.002281602705 0.002272450598 0.002227699151 0.002216515131 0.002202144358
801,frag@91.05 loss@206.11 loss@217.1 frag@91.06 loss@219.09 loss@247.08 loss@169.09 loss@223.1 loss@298.12 loss@230.09 loss@217.11 loss@247.11 loss@225.1 loss@328.12 loss@213.03 loss@243.1 loss@286.1 loss@267.09 loss@265.05 loss@238.1,0.426528573 0.02121691592 0.01792644523 0.01742766611 0.01552588493 0.01535759494 0.01496845111 0.01426508091 0.01281761099 0.012673622 0.01259206049 0.0122172432 0.01196561661 0.01139413193 0.01033231523 0.009526947513 0.00930414442 0.0088540297 0.008666792884 0.007414119318
802,loss@154.05 frag@156.02 frag@312.16 frag@343.19 frag@163.03 loss@180.06 frag@44.98 frag@160.05 frag@124.02 frag@174.04 frag@151.03 frag@314.13 frag@70.99 frag@97.01 frag@96.02 frag@155.06 frag@222.09 loss@0.04 frag@155.05 frag@132.96,0.218460232 0.09424702823 0.006717479322 0.004827255849 0.00418698322 0.004039295018 0.003771848045 0.003369805636 0.003079391085 0.002928555943 0.002337537473 0.002311010612 0.002193195745 0.001981752925 0.001954021864 0.001940271351 0.001912126667 0.001902956748 0.001878212206 0.00173968426
803,frag@83.09 loss@82.08 loss@155.13 frag@193.11 frag@230.1 frag@55.05 loss@100.09 loss@54.05 loss@70.08 frag@97.1 frag@184.99 frag@150.02 loss@235.01 loss@128.12 loss@80.06 loss@173.03 loss@96.06 frag@246.11 frag@266.07 loss@193.0,0.1125451773 0.06269946694 0.05562296882 0.02348016389 0.02321407199 0.01942275651 0.01716879196 0.01545659453 0.01503643859 0.01481528021 0.01462864876 0.01425913163 0.01220575813 0.01087455358 0.01006502286 0.009044229984 0.008465630934 0.00827424787 0.007809561677 0.007745307405
804,frag@90.04 loss@271.03 loss@280.11 frag@247.04 loss@306.09 frag@353.07 frag@140.02 frag@318.06 frag@114.04 frag@326.18 frag@247.14 frag@180.04 frag@115.02 loss@329.12 frag@240.1 frag@106.04 frag@41.03 loss@249.05 frag@264.05 frag@157.03,0.1223361269 0.0967650339 0.0896338746 0.04791583121 0.02622787841 0.01100140344 0.007852135226 0.005288064014 0.004815973341 0.003886443563 0.003783628577 0.002944400534 0.002745806472 0.002688898239 0.002620571293 0.002369859954 0.002273472259 0.002215897897 0.002123493236 0.001955209998
805,frag@141.01 loss@253.13 loss@287.16 loss@305.12 frag@141.03 frag@184.06 loss@359.17 loss@298.09 loss@304.18 frag@131.03 loss@302.06 loss@404.12 loss@179.1 frag@110.02 frag@138.05 frag@121.03 loss@209.14 frag@101.02 frag@115.03 loss@266.05,0.3026213944 0.05502827466 0.0531340912 0.03547357023 0.0248808749 0.02470737509 0.02466206811 0.02131438628 0.01227687672 0.007821476087 0.007401753683 0.005411454476 0.005348368548 0.004574501887 0.001960371388 0.001924588461 0.001794135198 0.001761874184 0.001761461841 0.001758892206
806,loss@173.12 frag@186.09 frag@321.17 frag@200.11 frag@146.03 frag@141.07 loss@175.13 frag@239.08 loss@344.17 loss@345.11 frag@184.11 frag@195.09 frag@267.12 frag@201.07 loss@111.1 loss@287.11 frag@176.04 frag@253.1 loss@160.1 frag@138.06,0.1979284734 0.09206740558 0.0268731229 0.01839949004 0.009365277365 0.006440562662 0.004899760243 0.004042138346 0.00376424659 0.003558099736 0.0035238727 0.003120080801 0.003035781207 0.002915924648 0.002756868489 0.002627015812 0.002473481698 0.002426207997 0.002412366448 0.002332928823
807,frag@153.03 loss@179.06 loss@245.12 loss@211.08 frag@261.17 frag@121.04 loss@208.08 frag@146.08 frag@148.08 frag@117.02 loss@259.13 loss@210.1 loss@211.11 frag@175.12 frag@84.09 loss@241.12 frag@182.13 frag@148.1 frag@176.07 frag@210.12,0.08937453479 0.04859152809 0.02678705193 0.02622488886 0.02460072003 0.01723829471 0.01169507857 0.01116824243 0.01115827821 0.009991728701 0.009092175402 0.009004615247 0.008600782603 0.008406443521 0.007997515611 0.007862711325 0.007609059103 0.007022487 0.006745452527 0.006533254404
808,frag@195.07 frag@152.05 frag@139.08 frag@167.07 loss@283.08 loss@680.2 loss@209.18 frag@165.05 frag@137.06 frag@122.04 loss@290.08 frag@155.07 loss@267.14 loss@207.02 loss@194.13 loss@238.12 frag@141.02 frag@151.04 loss@107.08 frag@280.14,0.2006389052 0.04277702793 0.03056105971 0.007058792282 0.006390932016 0.006317002699 0.006219523493 0.006188463885 0.006084650289 0.005929067265 0.005200056825 0.005149966571 0.004910759162 0.00433580298 0.004056787118 0.003968674224 0.003922618926 0.003584745107 0.003142499132 0.003108851379
809,loss@218.01 frag@264.04 loss@298.03 loss@232.02 frag@138.02 frag@230.1 frag@159.02 frag@237.03 loss@184.04 frag@123.0 frag@140.03 loss@211.03 frag@129.01 frag@69.06 loss@212.05 frag@150.01 loss@179.98 frag@139.01 frag@99.09 frag@79.02,0.110720776 0.05316948146 0.0523715876 0.01389089972 0.004655098077 0.003503803397 0.00321824057 0.002417138079 0.002333253622 0.002026383998 0.001965736039 0.001899684896 0.001893680077 0.001842026599 0.001721500885 0.001672651619 0.0016693332 0.00164163555 0.001615871442 0.001568300067
810,frag@166.04 frag@194.04 frag@140.03 frag@154.04 loss@125.12 loss@172.01 loss@172.07 loss@113.01 loss@86.01 loss@205.08 loss@100.02 loss@464.1 frag@217.1 loss@128.09 loss@424.02 loss@198.05 loss@246.0 loss@568.11 loss@216.11 frag@271.07,0.1553675681 0.06526239216 0.009578337893 0.007307260297 0.006564096082 0.006170732901 0.004270518199 0.004200045951 0.004098778591 0.003420846537 0.003252039198 0.003089963226 0.002958404599 0.002885432681 0.002708946355 0.002582936781 0.002531705657 0.002436801093 0.002427841537 0.002423966536
811,loss@110.07 frag@297.09 frag@316.11 frag@212.0 frag@196.03 frag@260.18 frag@83.09 frag@189.07 frag@463.24 frag@97.1 frag@196.07 frag@270.11 frag@194.12 frag@206.08 frag@219.08 frag@163.05 frag@186.07 frag@44.01 frag@157.01 frag@208.0,0.32421574 0.04021147266 0.03085650504 0.02161090262 0.0139297992 0.01182203274 0.01048379391 0.004454416223 0.00314371055 0.002576301573 0.002272363286 0.002139588352 0.002040769439 0.002015420003 0.002008331474 0.001861539087 0.001853082329 0.001829131739 0.001674114028 0.001557331998
812,loss@240.14 loss@140.13 frag@182.94 frag@141.14 frag@235.97 frag@138.05 frag@238.03 frag@297.15 frag@122.1 frag@176.11 loss@286.09 frag@147.08 frag@245.08 frag@137.06 frag@277.08 frag@225.02 frag@241.11 frag@109.06 frag@106.04 frag@269.09,0.1365398467 0.1242802814 0.009935285896 0.009919299744 0.005251734983 0.004254148807 0.004214239307 0.004101484548 0.004071957897 0.003782899119 0.003774941433 0.003553912044 0.003118074732 0.003066646634 0.002987697488 0.00292110513 0.002882598434 0.002823342802 0.002768154722 0.002747726394
813,frag@171.03 loss@236.16 loss@251.2 frag@203.05 loss@361.13 loss@241.16 loss@326.07 loss@286.17 loss@310.14 frag@169.01 loss@238.17 loss@219.12 frag@353.16 frag@139.99 frag@278.03 loss@330.17 frag@259.04 loss@302.14 frag@130.1 frag@136.05,0.1953662932 0.1375719607 0.0754770115 0.07269632071 0.02088622004 0.009565879591 0.009539237246 0.007588339038 0.005718211643 0.005593391601 0.005570295732 0.005163698457 0.004705216736 0.003714770777 0.003437065054 0.003360782517 0.003041880671 0.003007966792 0.002991048619 0.00286239502
814,loss@209.12 loss@178.09 frag@75.03 loss@230.08 loss@260.1 frag@123.05 frag@139.03 frag@67.02 frag@160.04 frag@235.05 frag@109.08 frag@141.07 frag@367.21 frag@223.0 frag@186.09 frag@208.07 frag@218.09 frag@122.1 loss@167.07 frag@191.12,0.1943185478 0.1054814383 0.04559355974 0.03655579314 0.0256099999 0.01944547892 0.01390300971 0.01192550827 0.01054487936 0.01041087694 0.008905535564 0.007796263788 0.007673322689 0.007537062746 0.006982170045 0.006908872165 0.006878134795 0.006724373903 0.00669386005 0.006404887419
815,frag@204.11 frag@180.1 frag@202.1 loss@167.09 frag@141.14 loss@215.12 loss@193.13 loss@95.04 loss@206.12 loss@171.09 frag@125.05 loss@281.19 frag@190.1 loss@296.15 frag@463.24 loss@164.1 loss@251.12 loss@162.08 frag@345.19 loss@259.13,0.2340015918 0.009172745049 0.008687984198 0.004877361003 0.002701947466 0.002514937427 0.002070159884 0.001916308422 0.001905338257 0.001805281267 0.001680329558 0.001608707011 0.001606959966 0.001599937095 0.001585081103 0.001563222264 0.001511268783 0.00140949362 0.001404203009 0.001364534488
816,loss@163.09 frag@190.02 loss@163.14 loss@229.1 loss@151.09 frag@183.02 frag@267.03 frag@190.11 frag@271.07 frag@159.06 frag@161.03 frag@147.09 frag@118.03 frag@232.96 loss@246.07 frag@166.1 frag@178.07 frag@138.04 loss@274.15 frag@155.03,0.1446909904 0.06717417389 0.03263624758 0.02256545611 0.02177661844 0.006564340089 0.005227582529 0.004899157677 0.004663954489 0.004420846235 0.004303634167 0.004197867122 0.003919451497 0.00378867425 0.0037328857 0.003716491163 0.003489431227 0.0032914232 0.003187633818 0.003123098053
817,loss@178.07 frag@150.13 loss@206.07 frag@178.06 frag@124.04 frag@120.04 frag@137.03 frag@108.08 loss@120.06 loss@192.09 frag@164.07 frag@162.05 frag@93.04 frag@119.06 frag@135.06 frag@254.07 frag@163.09 frag@69.01 frag@146.12 loss@180.09,0.2108556926 0.005982220173 0.005556957796 0.005129775498 0.005008400418 0.004885657225 0.004787113518 0.003993254155 0.003674711799 0.003586846171 0.003381019924 0.003309352789 0.003303605597 0.003289835062 0.003246375127 0.003101208014 0.003056781832 0.003029135987 0.003013049485 0.003007491352
818,frag@55.02 loss@183.09 loss@246.08 loss@157.04 loss@105.04 loss@310.1 loss@210.1 loss@292.04 loss@252.07 loss@236.11 loss@199.12 loss@157.07 loss@261.15 loss@233.08 loss@211.12 loss@171.09 loss@219.07 loss@187.08 loss@246.11 loss@299.08,0.3700515926 0.004186176229 0.004130538087 0.003605417674 0.003461855929 0.003296952927 0.00286991219 0.002571803983 0.002486934885 0.00238448102 0.002317079343 0.002258333145 0.002190572442 0.002173991408 0.002170582302 0.002086056629 0.002058424288 0.002038486302 0.001924134791 0.001874873647
819,frag@81.07 frag@67.05 frag@79.05 frag@95.09 loss@224.15 frag@93.07 loss@181.11 loss@311.12 loss@314.13 loss@236.15 frag@107.09 loss@210.13 frag@109.1 loss@198.14 loss@229.11 frag@97.06 loss@237.14 loss@208.02 loss@239.16 loss@280.14,0.1698023975 0.07407577336 0.05165761709 0.04863565788 0.038891159 0.02610551193 0.01040084288 0.009456890635 0.009039279073 0.007767631672 0.007703634445 0.007329334039 0.00675119739 0.006499129348 0.006397827063 0.005971300881 0.005839437712 0.005623004865 0.005600938108 0.005442980677
820,frag@94.03 frag@151.09 frag@138.04 frag@122.02 loss@145.07 loss@207.14 loss@150.08 loss@110.05 loss@138.08 frag@161.05 loss@192.14 loss@220.07 loss@152.09 loss@261.09 loss@193.12 frag@269.14 frag@217.11 loss@29.03 frag@172.02 frag@248.1,0.08251398802 0.07127029449 0.06247078255 0.0611422509 0.05852814019 0.05178248882 0.04571785033 0.04019504786 0.03901366144 0.03889029846 0.02879895829 0.02657594532 0.02292771079 0.01436842978 0.01142282598 0.007842331193 0.007632864174 0.007405218203 0.006691531278 0.005720694549
821,loss@262.08 loss@338.1 loss@325.08 frag@274.01 frag@180.05 frag@175.12 loss@227.1 frag@213.96 loss@233.1 frag@314.13 loss@280.09 frag@316.13 frag@215.05 frag@344.11 frag@159.1 frag@210.13 frag@163.99 frag@60.06 frag@238.09 frag@171.02,0.1847791374 0.03987746313 0.02184324339 0.01142776664 0.008338814601 0.006165793631 0.005463175941 0.004993443377 0.004128094763 0.003618545597 0.003097943496 0.002969747875 0.002919101156 0.002844836097 0.002780495677 0.002736727707 0.002731916495 0.002572103636 0.002455593552 0.00239550136
822,loss@222.1 frag@138.1 loss@221.12 loss@183.05 loss@247.1 loss@240.07 frag@167.08 frag@98.02 frag@104.02 frag@154.05 loss@225.09 loss@175.11 loss@275.14 frag@189.11 loss@301.11 frag@126.05 frag@149.07 loss@212.13 frag@189.14 frag@180.12,0.07181719691 0.07120063156 0.06999150664 0.0472640954 0.02751505747 0.01950132847 0.01807177812 0.01761571318 0.01691519655 0.01597304083 0.0157255251 0.01502728276 0.01356446091 0.009856032208 0.009468193166 0.00777519308 0.006635226309 0.006063058972 0.005919778254 0.005862294231
823,loss@192.13 frag@150.09 frag@196.11 frag@190.11 frag@232.96 frag@162.08 frag@126.04 frag@80.05 frag@94.07 frag@120.04 frag@108.08 frag@279.09 frag@122.1 frag@136.08 frag@99.06 frag@107.06 frag@245.09 frag@108.04 frag@123.05 frag@133.08,0.3520586789 0.07926722616 0.04234004393 0.01985573769 0.01209466532 0.008361814544 0.008213975467 0.007791997865 0.007645817474 0.007197899278 0.007082978729 0.006726920605 0.006248110905 0.005209580529 0.005196602549 0.005089662969 0.004455463495 0.004281511996 0.003715431318 0.003561661113
824,frag@259.04 loss@265.08 frag@332.06 loss@251.2 frag@409.2 loss@262.18 loss@208.05 frag@315.14 loss@211.07 frag@173.55 frag@285.12 loss@270.07 loss@237.08 loss@217.15 loss@148.01 frag@237.0 loss@162.01 frag@135.03 loss@232.11 loss@198.03,0.1385425925 0.1291889548 0.06629651785 0.003690462559 0.003603255376 0.003009210574 0.00292347488 0.002842505928 0.002710781991 0.002707879525 0.002679689322 0.002397009172 0.002385920379 0.002375482116 0.002346992027 0.002331820782 0.002181140706 0.002066212706 0.002041915897 0.001956140157
825,loss@171.13 frag@186.06 frag@154.02 frag@227.08 frag@151.05 loss@199.12 frag@230.1 frag@154.12 frag@137.03 frag@262.1 loss@226.14 frag@174.03 loss@184.12 frag@172.09 loss@281.03 frag@142.01 loss@181.11 loss@47.0 frag@150.13 frag@153.98,0.2922204137 0.1397195458 0.06852918118 0.02572747692 0.01621896029 0.01380424574 0.008258451708 0.004262219183 0.003898540977 0.00370824174 0.003286421765 0.003045871854 0.002898745704 0.0028546541 0.002801361727 0.002747103805 0.002730281092 0.002494059969 0.002439307282 0.002085269429
826,frag@108.06 frag@165.08 loss@193.01 frag@150.06 frag@148.07 loss@409.09 frag@347.02 loss@172.13 frag@97.04 loss@244.13 frag@122.07 loss@313.15 loss@247.14 loss@327.03 loss@212.11 loss@185.1 loss@129.03 loss@245.02 loss@82.04 frag@231.12,0.215785414 0.05245726556 0.03729474172 0.03053222969 0.01585523039 0.008939729072 0.008785001002 0.007673617452 0.005082918797 0.00442119455 0.004365778994 0.004134211224 0.00408120919 0.003186813788 0.00316738151 0.003122285474 0.003052701941 0.003036498558 0.00282924599 0.002742663492
827,frag@162.12 frag@239.08 loss@174.08 frag@186.09 loss@177.1 frag@107.07 loss@275.07 frag@254.13 loss@175.09 frag@241.13 frag@224.97 frag@197.07 loss@170.09 frag@170.06 frag@178.04 frag@176.09 loss@165.11 loss@243.12 frag@345.19 loss@191.12,0.09649873525 0.05117661133 0.004564428236 0.004360301886 0.004163971171 0.004078820813 0.004068773706 0.004028028343 0.003661131952 0.003102871589 0.003098604036 0.002980346093 0.002576370258 0.002430537716 0.002214154927 0.001987236552 0.00196063472 0.001939669251 0.001809666981 0.001793657895
828,loss@169.12 loss@278.07 frag@350.13 frag@381.17 frag@211.01 frag@150.13 loss@154.11 frag@166.06 frag@144.14 frag@186.09 loss@167.11 frag@86.07 frag@136.05 loss@184.12 frag@222.12 frag@263.15 frag@190.1 frag@137.02 frag@177.07 loss@213.11,0.1981993169 0.01150379982 0.007390894461 0.005256140139 0.004503762815 0.004353302531 0.003643780248 0.003483606968 0.003461002838 0.003146698 0.003024199978 0.002738737734 0.002696787938 0.002644786844 0.002628725255 0.002500416478 0.002434105612 0.002343658358 0.002256063744 0.002114253817
829,frag@142.05 loss@167.98 loss@180.06 loss@287.08 loss@72.99 loss@68.04 frag@160.02 loss@169.06 loss@79.01 loss@125.02 loss@132.09 loss@58.01 loss@100.02 loss@585.18 loss@112.02 loss@160.08 loss@116.01 loss@311.06 loss@84.02 frag@231.02,0.3540243506 0.04600537196 0.007915001363 0.005016922951 0.00470121298 0.004437841475 0.004063650034 0.003947080579 0.003730696859 0.003699141089 0.003257060656 0.002987021813 0.002895428799 0.002893736586 0.002480038442 0.002362632426 0.002345128451 0.002212845255 0.002132635564 0.002036411781
830,frag@206.07 frag@191.05 loss@263.06 loss@138.11 frag@133.09 loss@130.04 loss@255.07 loss@302.05 loss@271.1 loss@340.1 loss@135.09 loss@163.05 frag@241.11 frag@155.03 loss@220.14 frag@235.97 loss@230.14 loss@271.02 loss@239.05 loss@156.05,0.1437092125 0.134305656 0.08276953548 0.005741526373 0.002969294554 0.00273075141 0.00267538242 0.002570023295 0.002558983397 0.002263401868 0.002228536177 0.002211864106 0.002072001575 0.002049347619 0.002043207875 0.00204200251 0.001877284143 0.001755054691 0.001731140655 0.00164951873
831,frag@144.08 frag@115.05 loss@166.07 loss@211.1 frag@143.07 loss@188.1 frag@142.07 frag@170.06 loss@244.05 loss@244.1 loss@160.1 loss@187.11 loss@348.05 frag@142.06 loss@319.06 loss@168.0 loss@131.07 loss@303.96 frag@158.1 frag@160.08,0.1478085369 0.1095942035 0.077574417 0.06432726979 0.04915675148 0.04147142172 0.03497730196 0.03442337364 0.02767679095 0.02143550478 0.02131545357 0.02013771422 0.01353408862 0.01266891789 0.01263424102 0.01055756211 0.00907921046 0.008943063207 0.008849426173 0.008351990022
832,loss@236.11 frag@55.02 frag@67.05 frag@93.03 frag@58.03 frag@93.07 frag@43.02 frag@181.1 frag@113.02 frag@136.11 frag@175.11 frag@67.06 frag@45.03 frag@95.07 frag@100.04 frag@101.11 frag@105.07 frag@104.06 frag@57.03 frag@87.09,0.2213652134 0.008266315795 0.006045790855 0.005442530382 0.004792293068 0.004003400914 0.003699115245 0.003615040099 0.003529667389 0.003511673305 0.003508156398 0.003341520671 0.003274482908 0.003262227867 0.0031883677 0.003177202074 0.003147568554 0.003084986703 0.002847084543 0.002761664102
833,frag@126.06 frag@71.0 frag@45.03 frag@55.02 loss@380.11 loss@188.12 loss@137.08 frag@110.02 loss@258.11 loss@167.06 frag@236.11 frag@231.12 frag@95.07 frag@151.12 loss@295.11 loss@219.06 frag@166.09 frag@349.04 loss@202.14 frag@128.03,0.2021575719 0.002752186498 0.00267482549 0.002352555981 0.002182805911 0.002025595168 0.001902334858 0.001796627999 0.001709266799 0.001704226132 0.001676662127 0.001639137743 0.001562201651 0.001557168318 0.001503054984 0.001480114181 0.001477175392 0.001462846645 0.001377420034 0.00129974389
834,loss@390.12 frag@306.11 loss@336.14 loss@371.12 frag@376.15 frag@236.11 frag@279.16 frag@286.05 loss@343.13 loss@530.18 frag@131.05 frag@159.11 frag@321.17 frag@167.05 frag@255.17 frag@244.05 frag@309.1 frag@231.02 frag@203.03 frag@132.09,0.09956868738 0.04191692173 0.03617995605 0.01117306016 0.007155386265 0.005469041411 0.004940077662 0.004427372478 0.003685760079 0.003001854755 0.00287917885 0.002878831467 0.002582795918 0.002374991542 0.002203687793 0.002117632888 0.002117253607 0.002102009254 0.002056261525 0.001977832988
835,frag@158.98 loss@143.02 loss@319.12 loss@159.06 loss@341.11 loss@185.96 frag@296.11 loss@176.99 loss@338.15 loss@231.95 loss@292.15 loss@353.09 frag@275.12 loss@258.06 loss@142.03 loss@228.94 loss@143.01 loss@181.09 loss@393.13 frag@323.16,0.3436616659 0.06735245138 0.04253188148 0.02901318856 0.01553080976 0.01227654144 0.009103067219 0.007985111326 0.00598866865 0.005587623455 0.004658614285 0.004397197161 0.003981018905 0.003090544138 0.003007755848 0.002942552324 0.002628923394 0.002604551381 0.002286938485 0.002271506935
836,frag@156.08 frag@184.08 frag@183.07 loss@149.01 loss@253.96 frag@157.09 loss@62.02 frag@154.06 loss@145.09 frag@170.1 loss@172.06 loss@102.06 loss@158.05 loss@288.96 loss@182.08 loss@303.96 loss@89.05 loss@183.1 frag@173.07 frag@155.07,0.1476528198 0.1070406213 0.04423699901 0.03683090582 0.03051875532 0.02092449181 0.00954026822 0.008294480853 0.0061492268 0.005966308061 0.005578678567 0.004201692995 0.003793244017 0.003587862477 0.003456063103 0.003454124089 0.003435205203 0.003272013506 0.003124264767 0.003059759736
837,frag@155.06 frag@145.06 frag@155.05 loss@171.07 loss@158.04 loss@144.06 loss@158.03 loss@165.0 loss@127.09 loss@176.11 loss@241.07 frag@128.06 loss@179.05 loss@244.1 frag@130.03 loss@314.12 loss@174.04 loss@178.09 loss@230.05 loss@177.03,0.1632225662 0.1293410361 0.1051288396 0.04032038897 0.0310973078 0.02443590015 0.02075571194 0.02002899162 0.01571615413 0.01542680711 0.0146971615 0.005247429013 0.004801528528 0.004039798398 0.003998737317 0.003731571604 0.003241047263 0.003028086619 0.00289877574 0.002870097291
838,loss@134.07 loss@172.08 frag@196.12 frag@161.06 frag@123.08 frag@187.98 frag@132.06 frag@133.06 frag@91.04 frag@139.02 frag@171.01 loss@176.12 loss@186.04 frag@261.17 frag@162.07 frag@145.09 loss@132.06 frag@176.11 frag@167.03 loss@176.08,0.1517142802 0.1293097734 0.02573893033 0.02152021602 0.008519007824 0.006638349965 0.006631232332 0.00653300155 0.006337666418 0.006313671358 0.004053219687 0.003896402661 0.003854044946 0.003613027511 0.003491216106 0.003398408648 0.003394991159 0.003250445705 0.003218833357 0.003203762462
839,frag@198.1 loss@197.1 frag@219.1 frag@130.97 loss@269.05 loss@333.12 frag@230.08 frag@130.03 frag@172.09 frag@134.99 frag@171.08 loss@110.07 loss@269.15 loss@173.1 loss@146.07 frag@200.12 loss@265.12 loss@139.1 loss@78.05 loss@185.03,0.1932670474 0.179709658 0.09111432731 0.01641657762 0.004215826746 0.004129888024 0.003784936154 0.003050438827 0.002991854446 0.002462976612 0.002197598107 0.002123947721 0.002106819302 0.002051228192 0.002024971414 0.001927987207 0.001874850946 0.001856587827 0.001843110542 0.001841808436
840,frag@132.06 frag@160.05 frag@158.07 loss@176.07 loss@187.07 frag@178.06 frag@120.06 loss@194.01 frag@161.08 loss@177.09 loss@309.06 loss@220.04 loss@189.08 loss@293.07 frag@231.12 frag@106.07 loss@244.13 loss@188.07 loss@193.07 frag@150.07,0.2277697027 0.08526787162 0.009459293447 0.007519664709 0.006919810083 0.006673822179 0.006485471036 0.005296980031 0.005209254567 0.005079289433 0.004839661997 0.004298853688 0.003930141684 0.003758706851 0.003434408456 0.003306432394 0.003248190042 0.003053247929 0.002802762436 0.002688110573
841,frag@121.06 frag@93.07 loss@207.06 loss@222.11 loss@215.13 frag@79.05 loss@229.11 loss@219.13 frag@109.06 loss@311.09 loss@224.08 loss@201.12 loss@252.11 loss@233.11 loss@237.14 loss@286.08 frag@91.05 frag@149.06 loss@292.11 loss@266.14,0.2751706243 0.04382755607 0.02830202505 0.02516643889 0.02275073156 0.02227236331 0.02000447921 0.01940469071 0.01567642391 0.01231250074 0.01208364032 0.01181069296 0.01155984215 0.01137175877 0.01109957416 0.009570621885 0.008580113761 0.008050138131 0.007804648951 0.007590055931
842,frag@144.95 loss@184.16 loss@117.96 frag@127.01 frag@254.13 loss@160.97 loss@151.05 loss@284.16 frag@116.96 frag@100.09 frag@99.0 frag@162.12 loss@208.0 frag@102.97 frag@157.04 loss@340.05 frag@113.04 frag@197.12 frag@234.12 loss@333.05,0.2865721285 0.2117073387 0.02235764824 0.0144996848 0.01263718586 0.01127085276 0.005267149769 0.004028670024 0.003508968744 0.002156604314 0.002077572281 0.001825542073 0.001817355398 0.001784594846 0.001780082937 0.00177801901 0.001767632202 0.001720625209 0.001677707303 0.001657213783
843,frag@141.02 loss@278.1 loss@269.11 loss@318.12 loss@362.2 loss@319.16 frag@97.06 loss@226.16 loss@343.12 frag@69.03 loss@349.17 frag@113.06 frag@110.02 loss@311.12 loss@316.12 frag@202.92 frag@253.2 frag@184.06 frag@201.13 frag@278.09,0.2507484555 0.06539717317 0.05569007993 0.0170488786 0.0150077343 0.01350660622 0.01094615459 0.01054203324 0.007480680477 0.007209588774 0.007127326913 0.006807231344 0.004622268956 0.004464561585 0.003998018336 0.003924217541 0.003320273245 0.002987997839 0.002951276489 0.002937818412
844,frag@157.01 loss@157.02 frag@197.09 frag@139.0 loss@172.04 frag@265.11 loss@120.04 loss@290.15 frag@123.07 frag@259.12 loss@273.04 loss@189.97 loss@155.01 loss@264.99 frag@139.01 frag@118.92 frag@328.08 frag@199.08 loss@378.09 loss@148.05,0.149410516 0.0707077682 0.05750826001 0.04776544869 0.02525482699 0.01664516144 0.01331266202 0.01031465549 0.009996248409 0.009829320945 0.008869674988 0.005026484374 0.005017669871 0.003551389091 0.003466341412 0.003385614138 0.003229666967 0.003064498538 0.003055806272 0.002983294427
845,loss@147.07 loss@187.06 loss@259.12 loss@209.04 frag@186.09 frag@147.07 frag@148.08 frag@187.09 frag@141.08 frag@159.09 frag@345.19 frag@212.08 frag@324.17 frag@218.09 frag@231.11 frag@160.13 frag@99.1 frag@120.08 frag@172.1 loss@148.08,0.1934483647 0.09009458125 0.03490097448 0.01564897038 0.01420708094 0.01326382812 0.009467765689 0.008756953292 0.008577597328 0.007851594128 0.007779757958 0.007662336342 0.007535048295 0.007368164603 0.007116746623 0.006423337385 0.005580625497 0.005452327896 0.004821485374 0.004485938698
846,loss@294.98 frag@192.13 frag@107.07 frag@245.1 frag@178.01 frag@144.06 loss@209.04 loss@194.02 frag@343.13 frag@329.12 loss@150.06 frag@201.08 frag@133.0 frag@207.98 frag@169.08 frag@229.11 frag@86.08 frag@152.11 frag@231.12 frag@171.08,0.1340150535 0.06737010181 0.01300574467 0.005487730261 0.003933123779 0.003844586201 0.003768702503 0.003521711333 0.003474872792 0.003353334963 0.003279227298 0.003149568802 0.002873562509 0.002867894014 0.002843840979 0.002806802513 0.002558765002 0.002453941852 0.002374162199 0.002265776275
847,frag@146.1 loss@243.11 loss@251.1 loss@275.05 frag@129.07 loss@343.11 frag@174.09 frag@131.07 loss@263.07 frag@134.1 loss@241.01 loss@182.02 frag@145.09 loss@187.14 frag@160.1 frag@132.08 loss@242.01 loss@209.07 loss@78.1 loss@274.06,0.3143910468 0.08498006314 0.05700195953 0.04214749485 0.01376565453 0.01300744433 0.01145641226 0.0101097608 0.004736294504 0.004607235547 0.004427298903 0.004393868148 0.00428738771 0.004188026302 0.003424995346 0.00336610293 0.002891653916 0.002789805643 0.002779895207 0.002671550494
848,frag@209.08 frag@195.04 frag@228.05 frag@319.12 frag@291.08 loss@191.07 loss@171.01 loss@379.03 loss@313.11 loss@122.05 loss@90.03 loss@267.06 loss@200.11 frag@184.14 loss@113.08 loss@153.12 loss@186.0 loss@108.03 frag@248.12 frag@154.01,0.1849279255 0.05163194612 0.02812545002 0.02688574232 0.004262824077 0.003943318035 0.003457954619 0.003360779025 0.003309375606 0.003288910491 0.003031687345 0.003001008416 0.00267909281 0.002386700362 0.00228230143 0.002245697426 0.002217309549 0.00218293746 0.002155135386 0.002106792293
849,loss@189.05 loss@200.04 loss@187.09 frag@145.08 loss@211.97 frag@128.05 frag@231.12 frag@259.03 frag@146.08 frag@145.09 loss@237.07 frag@150.04 frag@152.03 frag@83.03 frag@118.05 frag@149.07 frag@264.12 frag@142.01 frag@120.04 frag@347.19,0.1541977674 0.05778171495 0.03829244152 0.02449933626 0.01648250222 0.009109494276 0.008515841328 0.007139071822 0.007021442987 0.006251865998 0.005611072294 0.004953291733 0.00421773456 0.004076277837 0.003917184193 0.003808877897 0.003693745704 0.003424805589 0.003279215889 0.003256587544
850,loss@212.07 loss@208.04 loss@217.08 loss@344.05 frag@125.01 frag@206.06 frag@254.13 frag@84.04 frag@140.02 frag@273.11 frag@160.97 frag@125.0 frag@170.08 frag@134.02 loss@222.06 frag@140.05 frag@83.04 loss@146.05 frag@245.05 frag@154.01,0.1566954404 0.08025806397 0.06789259613 0.009617974982 0.008613762446 0.007535729092 0.007415425032 0.007077218499 0.006316650659 0.006030862685 0.005980278831 0.005475352518 0.005150278565 0.005065298174 0.004954961594 0.004751910921 0.004352669232 0.004111644346 0.004024342168 0.003713000566
851,loss@230.12 frag@231.12 frag@95.01 frag@208.07 frag@130.04 frag@135.08 frag@166.09 frag@159.08 frag@124.0 frag@109.07 frag@138.05 frag@128.08 frag@215.03 frag@463.24 frag@100.09 frag@93.03 frag@168.09 frag@133.06 frag@110.02 loss@258.11,0.333881706 0.02108208463 0.01564273424 0.01436681021 0.01193634328 0.0111151645 0.01092886832 0.009968225844 0.007714948617 0.007324389648 0.006336180028 0.005641018506 0.005591073539 0.00559067307 0.004962466192 0.004765660036 0.004675875884 0.004456079099 0.004414805211 0.004009917378
852,loss@146.06 loss@174.05 loss@156.04 loss@208.05 frag@155.01 frag@112.05 frag@447.13 loss@396.29 frag@69.06 frag@99.03 frag@163.02 frag@259.04 frag@169.06 frag@140.08 frag@58.99 frag@151.06 frag@377.07 frag@220.03 frag@245.16 frag@57.03,0.1134472191 0.08600242436 0.07799828053 0.0547690019 0.04012728482 0.03063896112 0.02279085293 0.01085135434 0.009778592736 0.008909502998 0.007141727023 0.007092825603 0.006379761267 0.006372874603 0.006234657951 0.006081039086 0.005564401858 0.005248964764 0.005204846617 0.004389494658
853,frag@204.06 frag@228.06 loss@250.06 loss@216.1 frag@175.03 frag@205.04 loss@140.04 loss@112.04 loss@132.03 loss@169.06 loss@180.95 loss@115.08 loss@144.06 loss@256.15 loss@108.02 loss@141.07 frag@160.02 loss@191.05 loss@164.07 frag@351.18,0.232454896 0.01697345078 0.01200740971 0.005505596288 0.004485443234 0.00442740228 0.004191097338 0.003596511204 0.003505943343 0.003382004099 0.003362593474 0.003022175515 0.003013937734 0.002772533102 0.002650558483 0.002452174667 0.002292983001 0.002106507076 0.002067213878 0.00202714582
854,loss@295.14 frag@322.19 frag@130.02 loss@374.13 frag@266.08 loss@205.14 loss@330.23 frag@85.09 frag@129.1 loss@320.11 frag@203.04 loss@267.06 loss@331.11 frag@184.14 frag@262.12 loss@310.1 frag@241.99 frag@238.09 frag@213.14 loss@276.14,0.08555599302 0.07695808262 0.04881267995 0.02712785453 0.01890484802 0.006858239882 0.006272616331 0.003787301248 0.003608338768 0.003584402846 0.003530103946 0.003260265104 0.002975115785 0.002911812626 0.002886083443 0.002659457969 0.002647488378 0.002530539641 0.002433506772 0.00240698061
855,loss@167.11 frag@203.12 frag@181.1 frag@150.13 frag@171.04 frag@167.05 frag@248.1 loss@195.14 frag@74.01 frag@190.12 frag@209.03 frag@186.09 frag@168.11 loss@197.12 frag@144.14 frag@166.1 loss@153.09 frag@226.13 loss@169.12 frag@285.12,0.2918931246 0.00410495 0.004008749966 0.00369968568 0.003494782373 0.00338557153 0.00300009246 0.002616362181 0.002562162234 0.002410273766 0.002134928945 0.002128113527 0.002120046644 0.002094179625 0.002045605797 0.002036361722 0.001991252881 0.001932438347 0.001930502243 0.0018890379
856,frag@94.05 loss@231.05 frag@67.04 loss@388.12 frag@108.06 frag@69.01 loss@211.14 loss@287.06 frag@258.08 frag@123.01 frag@95.06 frag@128.04 loss@185.07 loss@328.18 frag@54.03 loss@230.95 frag@93.04 loss@292.95 frag@53.04 frag@69.04,0.233403042 0.1880439222 0.0103671588 0.007603594102 0.005492113531 0.004911190365 0.003865259234 0.003313063877 0.002977908356 0.002782327123 0.002704750746 0.00260796654 0.002584901405 0.002550931182 0.002517412184 0.002484759083 0.002384789521 0.002214957261 0.002214914886 0.002160035772
857,loss@135.07 loss@164.05 frag@165.02 frag@134.06 frag@213.14 frag@175.05 frag@172.05 frag@176.07 frag@171.05 frag@199.12 frag@243.06 frag@162.05 frag@195.02 frag@148.08 frag@119.06 frag@190.09 frag@329.11 frag@244.05 frag@132.04 frag@118.07,0.264762193 0.04100570455 0.01207639277 0.004729169887 0.004657479003 0.00345416856 0.003428662429 0.003409343539 0.003212085459 0.003117864951 0.003029838204 0.002951800358 0.002941343933 0.002690853085 0.002475236543 0.002311587799 0.002223452087 0.002170043299 0.002113247523 0.002104573883
858,loss@117.06 frag@197.06 loss@89.06 frag@169.06 frag@211.04 frag@171.08 loss@45.02 loss@135.07 frag@347.15 frag@179.05 frag@210.13 frag@68.01 loss@81.05 frag@264.16 frag@310.12 loss@155.12 loss@164.05 frag@331.13 frag@299.14 frag@298.16,0.2576569021 0.2244193852 0.01373321563 0.01191735175 0.005908722989 0.005008915905 0.004229636397 0.004212900996 0.004166249651 0.003973585088 0.003303912934 0.003280489473 0.003213830525 0.002939832164 0.00272600539 0.002575240796 0.002486169105 0.0024822345 0.002444167156 0.00219746097
859,frag@72.08 loss@317.13 loss@263.99 frag@116.11 loss@277.05 loss@359.05 loss@337.11 loss@329.16 loss@366.11 loss@385.15 loss@350.14 loss@346.16 loss@334.11 loss@278.14 loss@300.16 loss@260.01 loss@234.12 frag@100.11 loss@400.26 loss@234.05,0.2967868447 0.02397741936 0.02287860774 0.02104620822 0.0180694256 0.01773883216 0.01689867489 0.01641274802 0.01376491226 0.01097687799 0.01045366284 0.009199275635 0.008999407291 0.008884515613 0.008218298666 0.007371804677 0.007369885221 0.007277572993 0.005838917103 0.005693670362
860,frag@81.03 frag@53.04 loss@248.06 loss@228.07 loss@267.99 loss@236.04 loss@254.04 loss@287.06 loss@367.12 loss@225.03 loss@266.12 loss@245.03 loss@367.05 loss@263.15 loss@319.98 loss@204.0 loss@271.05 loss@153.04 loss@313.1 loss@320.09,0.2962715924 0.09119999409 0.03332145885 0.03209790587 0.0223523099 0.01851909794 0.01159059722 0.01152377203 0.008912417106 0.007549266331 0.006441536359 0.006291993894 0.006257344037 0.006117323413 0.005597907584 0.004883107729 0.004758924711 0.004477762617 0.00430135848 0.003402550705
861,frag@58.06 frag@58.07 loss@316.15 loss@206.13 loss@270.1 loss@324.17 loss@236.14 loss@278.11 loss@234.12 loss@304.13 loss@308.1 loss@213.94 frag@193.07 loss@290.12 frag@127.12 loss@373.1 loss@252.14 loss@320.08 frag@86.06 loss@391.04,0.2320488095 0.08847627044 0.04502416402 0.0334998928 0.02937558666 0.02207395434 0.02183132991 0.01694568247 0.01541570202 0.01529966109 0.01507101115 0.01484933309 0.01423611958 0.01337838173 0.01161013264 0.01096513681 0.009804921225 0.009021662176 0.00839263387 0.008132906631
862,loss@198.05 frag@93.03 frag@163.02 loss@196.05 frag@139.03 frag@318.03 frag@111.03 frag@135.03 frag@244.13 frag@180.05 frag@111.01 frag@140.08 frag@125.0 frag@59.0 frag@169.06 frag@42.03 frag@236.11 frag@135.06 frag@113.02 frag@133.04,0.2397977859 0.01543058641 0.0153105408 0.01203571353 0.007925052196 0.007375564892 0.007357078604 0.005889573134 0.005752488971 0.005285888445 0.004936090205 0.004491458181 0.00425309455 0.004110406619 0.003782738931 0.003731301054 0.003401495516 0.003203664673 0.003192191478 0.003002946032
863,loss@239.08 loss@215.08 frag@101.02 frag@141.02 frag@264.12 frag@131.03 frag@101.11 frag@59.0 frag@259.03 frag@56.96 frag@287.09 frag@99.07 frag@97.06 frag@391.17 frag@353.14 frag@141.05 loss@286.04 frag@138.09 frag@161.06 frag@89.07,0.1719109863 0.06877420098 0.005900490563 0.003409722121 0.003091607941 0.003007211024 0.002813034924 0.002788058715 0.002720804419 0.00267172046 0.002397705102 0.002386777662 0.002344788285 0.002274994738 0.002199345268 0.002193355467 0.002032132819 0.001981352922 0.001905181678 0.001812957344
864,loss@85.09 loss@114.08 frag@217.04 frag@219.06 frag@354.13 frag@231.0 frag@224.94 loss@83.07 frag@86.1 loss@297.04 frag@248.12 frag@228.14 loss@155.11 frag@115.12 loss@71.07 frag@215.08 frag@195.08 loss@112.08 loss@267.06 frag@129.14,0.163474068 0.03735300526 0.0328765586 0.02856386825 0.02754977532 0.02619965561 0.02327462845 0.02183413506 0.01959525794 0.01707013324 0.01451048721 0.0122411577 0.01192605961 0.01145255193 0.01044224948 0.008437152021 0.008086838759 0.007958505303 0.007778299041 0.00746439537
865,frag@164.08 loss@244.13 frag@138.07 loss@183.99 loss@220.13 frag@120.06 frag@162.07 frag@134.07 frag@106.08 frag@136.05 loss@179.13 frag@121.04 frag@93.03 frag@94.07 loss@246.11 loss@206.12 frag@174.07 loss@165.09 frag@190.1 frag@107.06,0.1926415861 0.1582951248 0.0107572861 0.007943611592 0.006081486586 0.005303891841 0.004911856726 0.004511370324 0.004279603716 0.003799600992 0.003696972271 0.003655236447 0.003529194975 0.003509353148 0.003244173713 0.003243991174 0.003088336904 0.002847071271 0.002819031011 0.002790038474
866,loss@218.04 frag@231.12 frag@163.02 frag@144.06 frag@138.06 frag@65.04 frag@83.03 frag@231.02 frag@151.12 frag@45.03 frag@98.03 frag@141.07 frag@67.02 frag@178.06 frag@93.03 loss@168.04 frag@304.17 frag@311.18 frag@344.11 frag@104.06,0.1809727401 0.006599775515 0.0064350795 0.005818929058 0.00487255957 0.004783064127 0.004782717209 0.004640283529 0.004551057704 0.004388792906 0.004292219877 0.004063183907 0.003606909886 0.003596032271 0.003471534699 0.0034142246 0.003180159256 0.003161166795 0.003062178614 0.002979111392
867,frag@196.08 loss@110.02 frag@185.97 frag@224.07 loss@123.05 loss@129.11 loss@138.01 loss@202.04 loss@232.03 frag@158.96 frag@260.1 loss@304.09 frag@351.11 frag@254.13 frag@167.07 loss@138.08 frag@181.04 frag@298.13 frag@312.16 frag@202.08,0.1265556216 0.09390000254 0.06433423609 0.06319564581 0.05901574716 0.03089443967 0.02440329641 0.01750818267 0.004840601701 0.004659812432 0.004425831139 0.004055236466 0.003661938477 0.0033209885 0.003231952665 0.003100133734 0.003034296213 0.002768971492 0.00274991733 0.002641576342
868,loss@127.1 loss@113.08 frag@219.03 loss@128.08 frag@269.13 frag@218.05 frag@203.04 frag@212.12 loss@141.08 frag@189.07 frag@231.0 frag@216.11 loss@142.12 frag@278.1 frag@309.2 frag@236.07 frag@86.11 frag@223.03 frag@169.09 frag@362.15,0.1945353001 0.1428443789 0.04214011878 0.01503624301 0.01481110696 0.01019796636 0.008551067673 0.00816438999 0.008111451752 0.008107215166 0.008080421947 0.007525428198 0.007144772448 0.006730475929 0.006302273832 0.00606119819 0.005917293951 0.005913993809 0.005292752758 0.004766753875
869,frag@211.12 loss@333.11 loss@306.14 loss@331.09 loss@202.14 loss@275.07 loss@311.04 loss@321.18 loss@332.05 loss@325.12 loss@309.1 frag@144.08 loss@336.14 loss@280.99 loss@308.99 loss@244.05 frag@170.1 frag@160.1 frag@308.18 frag@86.06,0.0681514889 0.04654045403 0.03636828065 0.03055118583 0.02351672575 0.02268485166 0.0167222172 0.01279346272 0.01075732522 0.007945896126 0.007403812371 0.007073629182 0.006865077652 0.006606703158 0.005814960692 0.005525284447 0.005154649727 0.005104362033 0.004328391515 0.003925585188
870,frag@162.05 loss@176.02 frag@312.12 loss@319.16 loss@193.1 frag@190.05 frag@134.06 loss@175.03 loss@215.14 loss@333.14 loss@236.08 loss@110.01 frag@118.04 loss@190.07 loss@176.13 frag@114.07 loss@193.99 loss@281.05 loss@160.09 loss@295.03,0.2830423713 0.06410824507 0.01667806879 0.01419973001 0.005430327263 0.005380805582 0.004674895201 0.004270802718 0.003217301099 0.003146360395 0.003026913619 0.003026632126 0.002998936223 0.00276223314 0.002662256593 0.002589360112 0.002342063002 0.002338975202 0.002306816401 0.002177488292
871,loss@142.01 frag@227.13 loss@110.0 frag@152.12 frag@186.09 frag@279.08 frag@200.08 frag@110.01 frag@178.13 frag@192.12 frag@158.05 frag@242.99 loss@108.08 loss@220.04 frag@230.07 frag@277.08 frag@123.05 frag@125.02 frag@223.05 frag@214.08,0.1866516024 0.05995667353 0.02075391449 0.017635528 0.01250447705 0.01031165011 0.006337597966 0.006309185643 0.004062849563 0.003918077331 0.003591089742 0.003567856271 0.003529938636 0.003319071606 0.002949493704 0.002870256547 0.002778738039 0.002707801526 0.002610113937 0.002504296601
872,frag@179.09 frag@178.08 frag@165.07 frag@195.08 frag@154.08 frag@171.08 frag@166.08 frag@152.06 frag@167.09 loss@395.14 loss@401.19 frag@293.09 frag@194.07 loss@167.11 loss@35.98 frag@208.1 loss@214.13 loss@146.18 frag@400.15 frag@140.06,0.05904704705 0.02926507778 0.01997030899 0.01056179032 0.007604453247 0.007383623626 0.005378019996 0.005341063719 0.005089976825 0.004386282526 0.004148007836 0.00410892535 0.004033043981 0.003418432549 0.00307761482 0.003041941905 0.002815969987 0.002750773448 0.002685115207 0.002386540174
873,loss@260.05 loss@233.93 loss@218.96 frag@93.06 loss@212.97 frag@311.99 frag@122.1 frag@148.06 loss@314.06 frag@99.03 frag@180.1 frag@238.03 frag@138.01 frag@186.99 frag@243.16 frag@92.05 frag@80.05 frag@69.0 frag@246.07 frag@108.04,0.1294102222 0.05001847818 0.03294920921 0.03184087202 0.02847304381 0.01921891049 0.005660977215 0.004039718304 0.003958791494 0.003692244412 0.003353293287 0.003297292162 0.00318703684 0.003152339486 0.003034877358 0.002881401451 0.002798275324 0.002759005642 0.002695104806 0.002667498775
874,loss@106.04 frag@218.06 loss@177.11 frag@130.04 frag@228.08 frag@159.08 frag@314.13 frag@166.1 frag@218.09 frag@171.08 frag@120.02 frag@312.16 loss@259.11 loss@167.02 frag@125.05 frag@112.06 frag@173.06 frag@258.1 frag@178.01 frag@130.03,0.1566476524 0.1548762172 0.04246313497 0.004874405451 0.004808335099 0.004126756452 0.004004942719 0.003415755695 0.003327065147 0.003036260372 0.002921778476 0.00250198273 0.002237044973 0.002126565203 0.00209426065 0.002011345234 0.001951728482 0.001875493443 0.001614328241 0.001534790266
875,frag@99.07 loss@248.16 loss@245.14 loss@209.14 loss@246.07 frag@210.15 loss@296.15 frag@101.02 frag@131.03 frag@58.03 frag@127.12 loss@300.1 frag@174.03 loss@260.15 frag@138.05 frag@176.13 frag@166.09 frag@94.07 frag@67.06 loss@276.07,0.1423967779 0.07135605067 0.06979109347 0.04930702969 0.03468183801 0.02086536027 0.01907794736 0.006129766814 0.004424414597 0.004133871756 0.00385511457 0.003794530174 0.003693945473 0.003546977183 0.003503090935 0.003115799511 0.003112799721 0.003022676334 0.003011017106 0.002902159467
876,frag@165.02 loss@185.98 loss@286.04 loss@190.14 loss@325.02 loss@186.05 loss@146.18 loss@310.05 frag@144.96 frag@208.04 frag@150.01 loss@294.98 loss@162.05 loss@314.06 loss@180.06 loss@166.03 loss@294.14 frag@241.09 loss@128.04 loss@318.11,0.2614012957 0.004817277193 0.004178323783 0.002499710303 0.002431927714 0.002347469097 0.002283094916 0.002160106087 0.002140908735 0.002140258905 0.001936756307 0.001929318765 0.001889957231 0.001882877317 0.001873747096 0.00166477228 0.00163321849 0.001543472637 0.001512176241 0.001359136309
877,frag@194.07 frag@254.09 frag@222.07 loss@120.05 loss@92.07 frag@206.07 loss@109.07 frag@238.13 loss@95.04 loss@175.07 loss@292.12 loss@82.03 loss@94.05 frag@208.1 frag@196.09 frag@285.09 frag@321.14 frag@252.07 loss@112.12 loss@158.06,0.1352063566 0.06026405841 0.04312298819 0.03063428774 0.01104492135 0.008827591315 0.006691507529 0.005864834879 0.005202427972 0.0048246691 0.004771130159 0.004190757871 0.004173138179 0.00406731572 0.003779608523 0.003617336508 0.0030693484 0.002948453417 0.002823687857 0.002802580828
878,frag@153.07 frag@181.06 frag@181.07 loss@401.19 frag@152.06 loss@295.08 loss@232.03 loss@257.17 loss@111.14 loss@125.1 loss@221.16 loss@152.07 loss@183.95 loss@140.04 loss@104.04 loss@123.04 frag@171.08 frag@165.07 loss@291.15 loss@157.02,0.1906585544 0.138380304 0.02274307236 0.0174918808 0.0147522185 0.01081222296 0.007656774018 0.005457313266 0.004924139474 0.004876105115 0.004572953563 0.004426832311 0.004392175004 0.004381715786 0.004163207021 0.004116150551 0.004048290197 0.004021090455 0.003692988539 0.003586139297
879,frag@162.06 loss@227.08 loss@244.07 loss@279.05 frag@314.13 loss@225.09 frag@113.07 loss@199.05 frag@125.01 loss@241.08 loss@244.06 loss@351.13 frag@182.09 frag@240.03 loss@227.06 frag@156.04 loss@286.04 frag@155.07 loss@276.1 frag@48.8,0.2400962114 0.1019294634 0.0886631459 0.02065282688 0.009832487442 0.006602437235 0.004839809611 0.004135767929 0.003801763756 0.003155663144 0.002675232012 0.002577305539 0.002572013065 0.002567943651 0.002550580306 0.00251946901 0.002460205229 0.002422608668 0.002337016631 0.0021874269
880,frag@98.1 frag@96.08 frag@126.09 loss@246.17 loss@207.05 loss@204.02 frag@44.05 loss@223.06 frag@140.11 loss@213.12 loss@342.08 loss@253.99 loss@233.06 frag@84.08 frag@141.1 loss@243.08 loss@204.15 loss@224.19 loss@249.02 frag@110.1,0.1780615598 0.08819378167 0.02893099003 0.02126386762 0.019246649 0.01875136048 0.01745075546 0.01610816084 0.01314644422 0.01301474031 0.01237343904 0.01125388127 0.01011321787 0.01003646757 0.009655852802 0.009206373245 0.00901725702 0.008591018617 0.008504974656 0.008193097077
881,frag@147.03 loss@113.06 frag@163.02 frag@135.03 loss@185.04 loss@237.08 loss@184.15 frag@160.02 loss@320.1 loss@178.07 frag@148.02 loss@210.12 loss@251.2 frag@79.04 loss@199.13 frag@105.04 frag@109.01 frag@51.02 frag@152.05 loss@86.01,0.2438196093 0.1430670023 0.005039173644 0.004992648959 0.003556899959 0.003364332486 0.002917425241 0.002848118776 0.00247368915 0.002437951276 0.002253837185 0.002070146846 0.002009295858 0.001966552809 0.001941742143 0.001854837406 0.001794653363 0.00177217077 0.001710457727 0.001648230711
882,loss@257.05 loss@271.06 loss@130.04 loss@340.05 frag@93.03 loss@267.02 frag@198.94 frag@254.11 frag@173.08 frag@127.09 frag@120.07 frag@74.93 frag@365.14 frag@135.03 frag@197.11 frag@184.02 frag@112.03 frag@182.01 frag@256.12 frag@326.18,0.2477799505 0.01285962574 0.005908520892 0.005567788146 0.003953840118 0.003883163445 0.003168312367 0.003077912843 0.003016894218 0.002793192863 0.002451204229 0.002375714248 0.002349822316 0.002269841265 0.002092557494 0.002084732056 0.002021929715 0.001931818319 0.001873613684 0.001853462541
883,frag@130.07 loss@241.05 frag@199.09 loss@112.09 loss@130.07 loss@133.11 loss@106.06 frag@158.06 frag@227.06 frag@173.07 loss@156.08 loss@255.15 frag@145.09 loss@319.11 frag@174.06 frag@213.07 loss@39.02 loss@457.22 frag@131.07 loss@89.02,0.222786963 0.07319074869 0.06932264566 0.04891492054 0.03739123046 0.02877655625 0.02455087751 0.01324514206 0.01137618069 0.01058393344 0.01012274716 0.01000243891 0.008284899406 0.008256912231 0.007087214384 0.004996521864 0.004994315095 0.004966605455 0.004826303106 0.004221068695
884,loss@258.14 loss@254.14 frag@349.04 loss@267.16 loss@335.13 frag@108.08 frag@83.08 frag@166.09 frag@113.07 loss@230.14 frag@122.1 frag@232.13 loss@296.12 frag@165.1 frag@87.06 frag@166.06 frag@166.1 frag@114.05 frag@207.98 frag@127.03,0.1312062293 0.06612864882 0.03961627185 0.0291770082 0.01491533685 0.01478785742 0.01362340059 0.01219104975 0.01004696544 0.009940201417 0.008564098738 0.008459352888 0.00819845777 0.007950594649 0.007779105566 0.007754210383 0.007158247754 0.006906297989 0.006625381764 0.006505853496
885,frag@158.06 frag@160.08 frag@130.06 loss@174.08 frag@132.08 frag@172.08 frag@142.07 loss@326.09 loss@201.1 loss@273.08 loss@296.06 loss@224.11 loss@185.01 loss@243.1 loss@364.12 loss@200.1 loss@188.1 loss@161.11 loss@225.14 frag@188.07,0.0951403901 0.08699455857 0.08264686912 0.08227142692 0.03738343343 0.03357334062 0.01568283327 0.0126971826 0.01235805545 0.01202232204 0.0109226834 0.01047108695 0.009928575717 0.009247665294 0.009040898643 0.009023265913 0.008979280479 0.00827183295 0.007635675371 0.00760836713
886,loss@252.1 loss@208.11 frag@199.06 frag@195.05 frag@152.05 frag@123.08 loss@197.1 frag@165.05 frag@161.99 frag@255.08 frag@336.08 frag@180.04 frag@204.07 frag@171.02 frag@129.07 frag@151.05 frag@201.09 frag@134.1 frag@156.14 frag@135.08,0.1549019217 0.08723869175 0.06567446887 0.04549671337 0.01156747248 0.007436985616 0.004637050908 0.003995435312 0.003866134211 0.003677841043 0.003509733593 0.003381037852 0.00338036404 0.003349798266 0.002914483892 0.002846915741 0.002790141152 0.0026857513 0.002587716328 0.002462191274
887,frag@133.05 loss@152.07 frag@105.06 loss@144.01 loss@193.02 frag@134.06 loss@99.01 frag@104.05 frag@120.04 loss@299.08 frag@132.04 frag@139.03 loss@173.05 loss@189.05 frag@92.03 loss@213.05 loss@146.08 loss@294.02 frag@235.97 frag@128.05,0.1787570566 0.1116620749 0.04960666969 0.01959522069 0.008801348507 0.008143744431 0.006533051375 0.006151851267 0.005620140582 0.005518293008 0.005432003643 0.004364338238 0.004362482112 0.004127977882 0.004118346144 0.004060475621 0.003636076348 0.0036058072 0.003257884411 0.003096156055
888,frag@225.1 loss@159.04 loss@205.06 frag@236.03 frag@201.04 frag@292.08 frag@275.19 loss@178.05 frag@145.04 frag@195.99 loss@78.57 frag@326.11 loss@308.14 frag@209.02 loss@95.02 frag@143.05 frag@218.09 loss@151.06 frag@154.06 frag@323.11,0.1292323172 0.1268510818 0.1003125384 0.03638505191 0.03250623122 0.0195774585 0.005177758634 0.004783115815 0.004267505836 0.002697234042 0.002368981717 0.002237156732 0.002230058424 0.00221247552 0.001913090236 0.001885090489 0.001671946258 0.001583606587 0.00157327624 0.001528203138
889,loss@147.04 frag@150.04 frag@190.04 loss@173.05 frag@142.01 loss@218.15 frag@163.03 frag@136.02 frag@160.02 frag@299.07 frag@124.02 frag@109.01 loss@113.06 loss@169.06 loss@148.05 loss@219.05 loss@337.08 loss@106.02 frag@186.05 frag@176.06,0.1217826083 0.1090835184 0.1037896574 0.0117531959 0.01156312972 0.009681533091 0.008115460165 0.004212775733 0.003989792895 0.002810363192 0.002790280385 0.002735327929 0.002705533057 0.002687407192 0.002660882194 0.002648276277 0.002622068627 0.002566321287 0.002556752181 0.002542532748
890,frag@122.07 frag@148.09 loss@149.1 frag@150.1 frag@136.09 frag@162.1 frag@176.12 frag@134.07 loss@109.06 loss@190.12 loss@151.07 frag@95.06 loss@220.13 frag@190.13 loss@165.09 loss@228.14 loss@327.03 frag@124.09 frag@202.13 loss@177.13,0.05350962654 0.05173910782 0.04997454956 0.04442081228 0.03732155263 0.03339336812 0.02203816175 0.01979654282 0.0191771742 0.0188942682 0.01794458926 0.01443916187 0.01276318263 0.01216060575 0.01197052374 0.01014536712 0.009615026414 0.009092459455 0.00861011073 0.008286766708
891,loss@181.12 frag@84.09 frag@150.07 frag@261.17 frag@327.08 frag@235.97 frag@152.05 frag@224.01 frag@140.03 frag@198.15 frag@108.08 frag@234.13 frag@84.08 frag@173.06 frag@84.96 frag@53.0 frag@136.08 frag@284.14 frag@138.05 frag@164.07,0.3081511259 0.007992229424 0.006381943822 0.005216548219 0.005130555015 0.004941696301 0.00453991117 0.004200532101 0.003590543522 0.003468369832 0.003465987742 0.003103539115 0.002978437115 0.002852564212 0.002722688252 0.002574319486 0.002476149704 0.002410509158 0.002401103498 0.002345472807
892,loss@141.08 frag@112.08 frag@41.04 loss@273.06 frag@45.03 loss@170.11 frag@178.12 frag@55.02 frag@74.93 frag@68.05 frag@43.02 frag@114.0 frag@155.98 frag@86.06 frag@124.08 frag@318.03 frag@95.07 frag@165.1 frag@96.08 frag@191.06,0.327796936 0.008007463999 0.00785663072 0.007597203366 0.007135974709 0.006110395771 0.005671417806 0.005169462413 0.004525371827 0.004524020478 0.004423940554 0.004180770833 0.0037867676 0.003719896078 0.003618336748 0.003583370242 0.003552844981 0.003442745889 0.003357521258 0.003254935145
893,frag@197.11 frag@182.08 loss@119.05 frag@316.11 frag@194.08 loss@217.01 frag@195.09 frag@258.16 loss@112.1 loss@204.11 frag@203.06 loss@176.08 loss@280.05 loss@338.1 loss@233.1 loss@149.11 loss@135.08 frag@212.12 loss@182.08 loss@120.06,0.2148504704 0.08392213285 0.009928462096 0.007139669266 0.006803385913 0.005858418532 0.00570073165 0.004685994703 0.00446553342 0.004378535785 0.004140685312 0.004098800011 0.003838711651 0.003835766111 0.003729667747 0.00362438662 0.003420055844 0.003114922671 0.002952894429 0.002772916108
894,loss@190.06 loss@180.01 frag@121.01 frag@123.0 frag@177.04 frag@160.02 frag@148.02 frag@314.13 frag@104.05 frag@243.08 frag@163.02 frag@174.04 frag@147.03 frag@384.2 frag@145.04 frag@178.06 frag@163.03 loss@218.05 frag@129.04 frag@106.07,0.1882043332 0.115625903 0.07386493683 0.01699555479 0.0161070656 0.01155124605 0.009934121743 0.008737589233 0.00854024291 0.007311143912 0.006723311264 0.006404766813 0.006365661044 0.005309597123 0.004925440066 0.004660905339 0.004650138319 0.004084675107 0.003909335006 0.003804129083
895,loss@230.03 loss@249.06 loss@282.04 frag@326.18 frag@377.07 frag@97.01 loss@259.05 frag@103.96 frag@193.1 frag@158.0 frag@98.99 frag@353.09 frag@171.97 frag@106.04 frag@57.99 loss@295.05 frag@99.09 frag@111.03 frag@305.03 frag@311.1,0.1140641272 0.05973965302 0.04483481497 0.01857617311 0.009486640804 0.006881779991 0.006689500064 0.006433617324 0.005971569102 0.005700815003 0.005432603881 0.005081693642 0.005003081169 0.004977582023 0.004915668629 0.004896899685 0.004302905872 0.004302507266 0.004232115112 0.00414880598
896,frag@91.07 frag@366.15 frag@86.07 frag@176.14 frag@83.08 frag@151.08 frag@241.99 frag@274.12 frag@236.15 frag@121.06 frag@236.98 frag@159.1 frag@91.06 frag@268.13 frag@397.07 frag@156.14 frag@370.17 frag@188.14 frag@226.05 frag@168.11,0.000839971297 0.0008000934031 0.0007873213035 0.0007559636724 0.0007556895143 0.000751873944 0.0007432450075 0.0007349495427 0.0007102505188 0.0006940048188 0.0006837692345 0.0006750617758 0.0006514421548 0.0006474870606 0.0006448185304 0.0006403942825 0.0006393630756 0.0006339153042 0.000630806142 0.0006245061522
897,loss@194.05 loss@141.02 loss@239.11 frag@205.13 loss@202.04 frag@76.02 frag@125.01 frag@85.01 loss@153.02 frag@168.05 loss@113.03 frag@114.04 loss@301.03 frag@263.1 frag@97.01 frag@154.01 frag@165.04 frag@113.01 frag@181.02 loss@309.09,0.09814198315 0.08635555208 0.07482657582 0.03611847013 0.02617415227 0.0248458162 0.01716962829 0.01681311615 0.01673818566 0.01083911583 0.00928361807 0.008301644586 0.007975345477 0.007835126482 0.007568864617 0.007004786283 0.005902504548 0.00565132359 0.005356160924 0.005213238299
898,frag@240.14 frag@306.1 loss@334.08 loss@238.2 loss@147.12 frag@445.14 frag@330.12 loss@326.12 frag@223.04 loss@187.99 loss@226.96 loss@189.01 frag@307.1 loss@144.13 loss@298.18 frag@270.12 loss@271.1 frag@271.07 frag@161.03 loss@281.15,0.06672917306 0.05038731173 0.04459444061 0.04045369476 0.03895844147 0.0356695056 0.01370423567 0.01335017849 0.007325324696 0.00717010349 0.007024805062 0.006034962367 0.00520872185 0.004252395593 0.004068382084 0.00378642953 0.003537215292 0.003511591582 0.003449693089 0.003294264199
899,loss@149.05 loss@137.05 frag@108.02 loss@135.04 frag@204.02 loss@148.04 loss@136.04 loss@163.07 frag@52.03 frag@233.07 frag@187.1 loss@72.02 frag@164.03 frag@173.08 frag@204.12 frag@140.04 frag@176.06 frag@180.06 frag@205.1 frag@133.05,0.1460867971 0.0756316483 0.07208175957 0.05983583629 0.03659809008 0.02415652946 0.0136544276 0.01202912722 0.01148692891 0.00817841664 0.007832721807 0.006309797522 0.005474202335 0.004616438411 0.004111387767 0.003977664281 0.003235715674 0.003226995934 0.003064311808 0.003052746411
900,frag@81.04 frag@54.03 frag@93.04 frag@66.03 frag@82.05 loss@98.05 loss@409.09 loss@214.12 loss@180.99 loss@117.07 loss@113.01 loss@137.1 frag@95.06 loss@126.04 loss@99.03 frag@67.04 loss@100.03 loss@139.04 loss@81.02 frag@69.04,0.1430015415 0.08480943739 0.02652535215 0.02353932336 0.01959080622 0.0129155172 0.01172834076 0.01159229316 0.008975419216 0.008971581236 0.007652358618 0.007572577335 0.007086918689 0.006518719252 0.006275570486 0.006138155237 0.00580988219 0.005300608464 0.004870742559 0.004868733231
901,frag@181.09 loss@271.07 frag@166.06 frag@168.08 frag@139.05 frag@274.01 loss@188.02 frag@153.03 frag@243.12 loss@242.13 loss@196.11 loss@165.09 frag@136.08 frag@241.11 frag@136.05 frag@309.16 frag@163.99 frag@200.11 frag@155.94 frag@169.0,0.2095247209 0.08319859207 0.01077566668 0.009112790227 0.004191441461 0.004179727752 0.003248646623 0.00304212491 0.002914920682 0.002914205892 0.002784815151 0.002718273085 0.002676635981 0.002662956947 0.002657180652 0.002646454144 0.002461990807 0.002408035332 0.002336370992 0.002308811992
902,loss@308.11 loss@454.17 frag@303.05 loss@324.11 frag@301.07 frag@287.06 frag@271.06 loss@294.09 frag@317.07 frag@286.05 loss@312.11 frag@287.05 frag@273.08 loss@323.13 loss@470.16 loss@309.12 frag@333.06 loss@360.13 frag@253.05 frag@71.01,0.07302328944 0.05829396471 0.04810161144 0.0462836884 0.04381661117 0.03967174143 0.03667283803 0.03383927047 0.03264924139 0.03166006505 0.02841489948 0.02589851245 0.02183485404 0.01813124493 0.01329472475 0.01321504917 0.009725988843 0.008034484461 0.007506404072 0.007292204071
903,loss@234.11 frag@219.02 frag@166.09 frag@146.07 frag@231.12 frag@179.12 loss@186.99 frag@163.09 frag@195.05 loss@193.11 frag@183.11 frag@110.07 frag@220.11 frag@99.07 frag@121.04 frag@151.06 frag@198.15 frag@106.07 frag@139.03 frag@126.06,0.218569681 0.01019278169 0.008627062663 0.007924380712 0.007352015004 0.007008222863 0.006187275518 0.004942911211 0.0048020822 0.003988556564 0.003539894475 0.003482706146 0.003374384716 0.003342417534 0.003159046639 0.003079287708 0.003037528368 0.002719712676 0.002619289793 0.002569912234
904,frag@163.06 loss@265.1 frag@325.11 frag@145.05 loss@252.06 loss@257.08 loss@210.05 frag@127.04 loss@269.09 frag@189.06 loss@336.1 frag@179.06 loss@189.01 loss@190.15 loss@402.14 loss@111.14 loss@230.1 loss@287.16 frag@201.13 frag@146.03,0.2599474192 0.06615052372 0.05725844577 0.04041946679 0.005684751086 0.005454338156 0.004792933818 0.004198228009 0.004107236397 0.003467338625 0.003208113369 0.002973405877 0.002968488494 0.002903434215 0.002753572073 0.002734084148 0.002567791613 0.002546089236 0.002254455118 0.002187093254
905,frag@217.1 frag@172.06 loss@244.11 loss@109.07 frag@173.09 frag@144.07 frag@286.12 loss@296.15 frag@409.2 frag@146.08 frag@110.02 loss@220.09 loss@396.13 frag@145.08 loss@187.09 loss@146.08 loss@310.16 frag@215.09 frag@171.06 frag@173.11,0.1520761102 0.1053959057 0.06309826672 0.04022200033 0.03974034265 0.009026659653 0.00629309332 0.00609599473 0.00546915317 0.004981278908 0.004821615294 0.004176654387 0.003936284687 0.003839038312 0.003496217541 0.003331531072 0.003188165603 0.003170332871 0.003162477165 0.00313183968
906,loss@239.12 frag@245.08 loss@141.1 frag@463.24 frag@98.05 frag@191.11 frag@169.0 frag@344.11 loss@224.02 frag@181.06 frag@123.04 loss@177.11 frag@202.1 frag@173.55 frag@187.98 frag@202.08 frag@132.09 frag@151.04 frag@87.04 frag@211.04,0.1527504176 0.1439802945 0.005077911075 0.002723940182 0.002682736376 0.002411425114 0.002312046941 0.00219547376 0.002063960303 0.001917420654 0.00187507947 0.001864012913 0.001776860678 0.001655204105 0.001626013196 0.001623094431 0.001584945829 0.001516695367 0.00146127597 0.001454707584
907,frag@137.02 loss@278.07 loss@150.03 frag@238.04 frag@193.09 loss@206.01 loss@81.09 loss@110.0 frag@230.05 loss@188.0 loss@108.02 loss@129.01 loss@111.05 loss@149.06 frag@275.13 loss@125.09 loss@120.07 loss@139.02 loss@297.05 loss@130.06,0.2709892094 0.03124649823 0.01996542141 0.01385015622 0.009695339017 0.005194495898 0.004896823782 0.004604698159 0.00431854045 0.003861057572 0.003738184692 0.003421314061 0.003348211991 0.00326107163 0.002864402253 0.002743255114 0.002610704163 0.00252674357 0.002243681112 0.002230769489
908,loss@167.07 loss@160.03 frag@216.05 frag@160.05 loss@172.05 frag@107.02 frag@183.98 frag@151.05 frag@160.04 frag@299.07 frag@95.03 loss@159.02 frag@98.04 frag@169.98 frag@293.14 loss@144.06 frag@132.96 frag@172.09 frag@176.09 frag@231.12,0.2087117583 0.0540990904 0.04767489061 0.03957441077 0.0267696809 0.01874868199 0.01410457492 0.01176063158 0.00919761043 0.008868534118 0.006978946272 0.006301043555 0.005527286325 0.00427643396 0.004222741816 0.004131578375 0.00381144206 0.003786942223 0.003407555632 0.003285730956
909,frag@160.06 loss@142.02 loss@80.03 loss@114.02 frag@230.09 loss@187.98 loss@78.96 frag@166.0 loss@343.09 frag@190.04 frag@86.99 loss@308.04 frag@158.04 frag@196.04 loss@146.05 frag@147.03 frag@133.05 loss@340.05 loss@344.09 loss@245.07,0.1735816747 0.09182942659 0.0496590212 0.04816836864 0.01012887526 0.01002833154 0.009574386291 0.006264761556 0.006088027265 0.005851700436 0.005677155219 0.005669966806 0.005312677473 0.004052399658 0.003949061502 0.003766311565 0.003707144409 0.003598492127 0.003419491462 0.00326010352
910,loss@124.06 loss@96.07 frag@209.07 loss@139.11 frag@219.06 frag@287.1 loss@131.11 frag@224.94 frag@194.1 frag@148.03 frag@275.15 frag@211.01 frag@280.14 frag@45.04 frag@168.07 frag@137.02 frag@171.06 frag@219.08 frag@170.07 loss@114.08,0.1598938704 0.1193295196 0.08849629015 0.06231736392 0.03461560979 0.03170702234 0.01070080604 0.009117385373 0.008987400681 0.00694068009 0.006041207816 0.005812543444 0.005787032191 0.005626601167 0.005542005412 0.004884927068 0.004598293453 0.003810349153 0.003768763039 0.003668439342
911,frag@136.06 loss@132.04 loss@116.05 frag@137.05 loss@149.07 frag@126.07 frag@166.07 frag@119.04 loss@133.07 loss@212.01 loss@424.02 frag@150.08 loss@194.0 frag@127.06 frag@291.1 frag@148.06 loss@131.06 frag@112.05 loss@196.01 frag@134.05,0.1289949566 0.1115733832 0.1069841534 0.06254706532 0.05655487999 0.04414989799 0.04346015677 0.0407660678 0.03125464916 0.02555110678 0.0123141231 0.01121172775 0.01089204662 0.009419600479 0.008801932447 0.007368049584 0.006141670514 0.00524984207 0.005124114454 0.004700157791
912,loss@222.12 loss@234.2 frag@137.07 frag@135.05 frag@290.13 frag@318.18 frag@325.06 frag@156.98 loss@165.12 frag@190.12 frag@127.06 loss@179.11 frag@93.03 frag@99.06 frag@157.0 frag@191.12 frag@180.12 frag@127.05 frag@71.03 frag@170.12,0.212242499 0.04507901892 0.01870246045 0.008262845688 0.007794130128 0.006255736109 0.006253541447 0.005969165824 0.005005988292 0.004967665765 0.00401582988 0.003965205979 0.003867932595 0.003807168687 0.003764597932 0.0034168649 0.003363217926 0.003209530842 0.003181894543 0.003097060835
913,frag@151.05 frag@169.06 loss@139.02 loss@341.21 loss@142.97 loss@171.13 loss@205.06 frag@269.1 loss@165.07 loss@181.09 frag@201.04 frag@244.13 loss@246.08 frag@157.04 loss@157.03 loss@157.04 loss@304.09 loss@186.07 loss@295.07 loss@194.02,0.2885313928 0.1049431711 0.07386144996 0.01448727213 0.01167630684 0.008806042373 0.004110818729 0.003700626548 0.003530675313 0.003137717955 0.00285015977 0.002561412286 0.002557672327 0.002371576149 0.002264563693 0.002173224464 0.002124062274 0.002024809597 0.001796606579 0.001793419244
914,frag@235.05 loss@222.07 frag@99.07 loss@171.14 loss@253.04 loss@243.14 loss@182.08 loss@316.19 frag@235.16 loss@269.03 frag@259.03 loss@246.17 loss@234.05 loss@149.11 loss@184.99 loss@148.11 loss@278.05 loss@235.02 loss@148.01 loss@295.1,0.2427001894 0.001708203694 0.001688605873 0.001686556381 0.00167298154 0.001536803669 0.001388162957 0.001339552226 0.001293423702 0.001273393515 0.001155565493 0.001124146394 0.001082319417 0.001052467851 0.0009935192065 0.0009597503231 0.0009533995762 0.0009457193082 0.0009196218452 0.000898575061
915,loss@137.1 frag@204.08 frag@161.03 loss@96.03 loss@162.03 frag@213.08 loss@220.04 loss@41.03 frag@187.06 frag@306.1 frag@148.03 frag@252.1 frag@307.1 frag@241.09 frag@177.07 frag@148.05 frag@222.11 frag@189.08 loss@124.06 loss@287.05,0.109172672 0.08701174706 0.0633803755 0.06135267019 0.0483013764 0.03692582622 0.03563317284 0.0171233695 0.01254395954 0.01080379728 0.009411447681 0.00812731497 0.007999551482 0.007833126001 0.005781210028 0.004937680904 0.004678178113 0.004373360425 0.004089657217 0.004003818613
916,loss@118.06 loss@136.07 frag@143.05 frag@171.08 frag@241.1 frag@341.12 frag@304.13 loss@134.06 frag@205.09 frag@202.07 frag@298.16 loss@148.07 frag@162.04 frag@195.08 loss@115.08 frag@215.07 frag@299.15 loss@172.05 frag@258.1 frag@159.11,0.1315179765 0.08072591573 0.02897262573 0.02563808486 0.01032385044 0.008304426447 0.005795489531 0.005204812158 0.005006020889 0.004897834267 0.004663501866 0.004386405926 0.004299119115 0.004255117383 0.004125349689 0.004084285349 0.003863456892 0.003850081004 0.003601945005 0.003324759193
917,loss@159.13 loss@187.12 frag@67.05 frag@83.09 loss@216.01 frag@69.07 frag@110.1 frag@43.02 frag@155.98 frag@124.11 frag@67.06 frag@55.05 frag@97.06 frag@95.09 frag@81.07 frag@129.1 frag@112.08 frag@84.08 frag@130.12 loss@349.09,0.2050979137 0.1128543764 0.01976059563 0.01290215179 0.0122767454 0.009448747151 0.008348017 0.008324560709 0.007838460617 0.007355456706 0.006402174011 0.004560921807 0.004297053907 0.004235020373 0.00417134678 0.004091215786 0.003916657995 0.003745941445 0.003725483315 0.003274382325
918,frag@124.06 loss@205.08 loss@291.06 loss@292.09 frag@208.01 loss@292.08 frag@84.04 loss@208.04 loss@281.12 loss@287.06 frag@109.03 loss@211.07 loss@247.1 loss@248.13 frag@83.03 loss@339.12 frag@183.11 loss@280.11 frag@144.1 loss@237.12,0.3187692165 0.08498254418 0.02483627014 0.00838861987 0.007602686994 0.006636109203 0.003534210613 0.002357832855 0.002183063189 0.00214386452 0.002122816863 0.00210041739 0.001862350968 0.001769447699 0.001698369277 0.001697918982 0.00150184473 0.001493269228 0.001476145233 0.001461022068
919,loss@168.04 loss@232.11 frag@57.03 frag@79.05 frag@53.04 frag@139.02 frag@111.03 frag@97.01 frag@149.04 frag@56.96 frag@93.03 frag@256.05 frag@151.06 frag@150.09 frag@166.09 frag@67.05 frag@65.04 frag@59.0 frag@92.06 frag@118.08,0.1769099832 0.1271155626 0.007337163668 0.00629056152 0.006078683306 0.00562337786 0.005382031668 0.005284337793 0.005098992959 0.004883155227 0.004721971694 0.004704283085 0.004558262415 0.00452625053 0.00442532124 0.004410555586 0.00437974371 0.004296240397 0.004218862858 0.004005103372
920,frag@119.09 frag@105.07 frag@131.09 frag@91.05 frag@93.07 frag@145.1 frag@147.08 loss@301.15 loss@328.07 frag@79.05 loss@230.13 loss@296.09 loss@300.08 loss@254.1 loss@303.13 loss@329.13 frag@135.08 loss@265.15 loss@237.14 frag@123.08,0.08943301439 0.06627533585 0.05899830163 0.0403585881 0.02834997512 0.02336709388 0.02237881906 0.01923177019 0.01652384549 0.01622491889 0.0149059426 0.01460211538 0.01293036714 0.01036921237 0.01032395195 0.00934870448 0.009140236303 0.009089983068 0.008901119232 0.008481074125
921,frag@86.0 frag@77.0 loss@92.06 frag@78.49 loss@35.98 frag@108.49 frag@232.05 loss@89.04 frag@46.99 loss@112.1 loss@90.09 loss@249.97 loss@148.03 loss@99.03 frag@57.93 frag@261.1 frag@348.09 loss@350.12 loss@133.04 loss@199.96,0.08612841368 0.03499504924 0.02294887602 0.02011615597 0.01734199561 0.0119938869 0.01127543766 0.01071067806 0.01022513863 0.008622012101 0.007539246231 0.006977046374 0.006790788844 0.006393284071 0.006185941398 0.006183075253 0.005962041672 0.005900135729 0.00548122637 0.005015299655
922,loss@154.11 frag@174.03 frag@112.09 frag@114.0 frag@83.09 frag@139.02 frag@41.04 frag@84.08 frag@127.12 frag@353.09 frag@239.21 frag@350.13 loss@182.11 frag@166.09 frag@327.08 frag@208.03 frag@87.06 frag@59.05 frag@55.05 frag@349.13,0.3311677277 0.01433332264 0.01026114821 0.009993477724 0.007010460366 0.006211145781 0.005852614995 0.004722681362 0.004599507898 0.004258004017 0.004105601925 0.004044117872 0.004028193653 0.003973385785 0.003787759226 0.003723575268 0.003670354141 0.003377306974 0.003334624227 0.003286043648
923,frag@231.11 frag@255.08 loss@333.21 frag@170.08 frag@143.08 frag@148.04 frag@159.09 frag@198.08 loss@172.07 frag@144.07 loss@153.13 loss@182.02 loss@219.06 loss@132.06 frag@85.09 loss@187.03 frag@213.07 loss@261.18 frag@130.07 frag@288.13,0.09797781706 0.02559021115 0.01910956576 0.01556925755 0.01311975345 0.006680442952 0.004572564736 0.00446749106 0.004466728773 0.004313493147 0.003787643509 0.003771630581 0.003370268503 0.003144418122 0.003087136662 0.003069612663 0.002688831417 0.002687467029 0.002486677142 0.002292497316
924,frag@110.01 frag@189.03 loss@179.02 loss@143.0 loss@33.99 loss@128.99 frag@132.03 frag@140.08 loss@180.02 loss@202.01 frag@151.99 frag@293.19 frag@194.03 loss@326.07 loss@161.01 loss@212.1 frag@76.02 loss@127.01 loss@127.06 frag@193.08,0.1371993721 0.06627269089 0.03529490903 0.03082766198 0.02903944813 0.02682384849 0.01553666126 0.01332436316 0.01112335082 0.009916551411 0.009461778216 0.006574889645 0.004826510325 0.004418771248 0.004018346779 0.003617319046 0.003442299087 0.003217699938 0.003018739168 0.003004256869
925,loss@148.06 frag@168.06 frag@165.04 loss@167.05 loss@153.03 loss@167.04 frag@244.11 frag@151.03 frag@195.04 frag@211.02 frag@135.1 loss@155.04 loss@115.07 frag@273.13 frag@260.14 frag@83.03 frag@174.07 frag@143.06 loss@177.01 frag@177.1,0.1450674385 0.1102817431 0.08559134603 0.07799693197 0.06771303713 0.05079880357 0.01287378557 0.0101993205 0.006815351546 0.006233925931 0.005898867734 0.005567625631 0.004727395717 0.004378896672 0.003405055963 0.00331382826 0.003245811909 0.002861610614 0.002821661532 0.00269427849
926,frag@230.09 loss@204.11 frag@211.98 loss@161.07 frag@150.1 frag@195.09 loss@195.04 frag@258.16 loss@268.05 frag@161.08 loss@137.08 frag@104.02 loss@220.1 frag@172.1 frag@231.02 loss@208.13 frag@231.12 loss@171.14 frag@149.08 loss@184.93,0.1255851686 0.1055754051 0.03911632299 0.02810598724 0.006738019641 0.004309628624 0.003968589008 0.003674096894 0.00303367083 0.002571398858 0.002476720838 0.00230021961 0.00221206923 0.002168574603 0.002154458081 0.002081638901 0.002012668876 0.001986254938 0.001934745349 0.001934093074
927,loss@216.1 frag@228.06 frag@157.06 frag@237.02 frag@204.06 frag@187.98 frag@149.04 frag@216.08 loss@188.11 frag@161.99 frag@146.07 frag@242.11 frag@160.09 frag@130.97 frag@233.11 frag@203.07 frag@175.12 frag@328.18 frag@153.05 frag@172.06,0.3211829662 0.05809070915 0.01151653659 0.009142369032 0.007553327829 0.005454713013 0.005283197388 0.004641815089 0.004300447181 0.004186428152 0.004066621885 0.003744874382 0.003613832407 0.003606232349 0.003576819086 0.00351808453 0.003454807913 0.003376713721 0.003240054939 0.003162585432
928,loss@118.04 frag@167.03 frag@193.09 frag@200.99 frag@208.11 loss@128.04 loss@120.06 frag@213.02 frag@117.03 frag@195.09 loss@238.05 loss@336.08 frag@139.04 frag@194.08 loss@92.06 frag@191.07 loss@177.03 loss@401.15 frag@177.05 frag@163.04,0.1866404265 0.1359175146 0.1197048575 0.005812634714 0.004559096415 0.003692299593 0.003577262862 0.003414184088 0.003378319787 0.002875095466 0.00284485193 0.002747911727 0.002732879017 0.002711287001 0.002652662573 0.002620484214 0.002561608795 0.002426038962 0.002399785444 0.002328475472
929,frag@175.09 loss@182.02 frag@221.09 loss@130.15 frag@242.05 loss@161.08 loss@229.1 frag@308.14 frag@187.09 frag@216.14 loss@140.07 loss@146.08 loss@309.15 loss@298.11 loss@216.01 loss@261.04 loss@195.02 loss@199.07 frag@147.06 frag@187.12,0.2332171947 0.1217722967 0.05105417222 0.03025685064 0.02203101292 0.006781855132 0.005514092278 0.005378379021 0.005193365272 0.004454588518 0.004310815129 0.004156164825 0.004043232184 0.00370797189 0.003598349867 0.003434021492 0.003199895378 0.003125076881 0.002907378366 0.002883155132
930,frag@156.98 loss@153.05 frag@157.0 loss@290.11 loss@199.02 loss@173.0 loss@153.06 loss@257.06 frag@151.96 loss@111.07 frag@162.0 frag@216.08 frag@257.11 loss@165.12 loss@168.1 loss@153.04 loss@153.12 loss@259.14 loss@273.03 loss@312.12,0.2586161494 0.1362673938 0.07822377235 0.0333279036 0.02829044312 0.01647152938 0.01563186571 0.01367342006 0.004749446176 0.004731923807 0.00442920858 0.004420736805 0.002834689571 0.002827449003 0.002821712755 0.002504739678 0.002361421008 0.002141990466 0.002125314437 0.002080780221
931,loss@232.03 frag@111.02 frag@76.02 frag@233.07 frag@56.01 frag@250.15 loss@277.18 frag@105.0 frag@316.16 frag@217.11 loss@123.05 frag@147.0 loss@273.09 frag@232.03 frag@231.13 frag@176.04 loss@143.03 loss@270.05 frag@213.04 frag@111.07,0.006382725667 0.006066638045 0.005288210232 0.004963402171 0.004731574561 0.003066906705 0.00269594253 0.002656219061 0.002573984908 0.00245733303 0.002256790875 0.002086325781 0.00195111346 0.001904773526 0.001716902363 0.001669332269 0.001659829286 0.001600428717 0.001561774872 0.00155912654
932,frag@172.92 frag@116.93 loss@167.08 loss@170.93 frag@187.0 loss@244.14 loss@239.97 loss@135.1 frag@183.04 loss@154.04 loss@63.97 loss@283.06 frag@317.21 frag@144.93 loss@156.17 frag@157.04 loss@169.02 loss@288.05 loss@539.22 loss@154.03,0.2776125968 0.03752522916 0.03360491246 0.01714357361 0.01635171287 0.01206308044 0.00581745198 0.00266090245 0.002417109208 0.002314049983 0.002243330237 0.002223606454 0.002111596288 0.001851642039 0.001724070753 0.001722876099 0.001622339943 0.00153682055 0.001392524806 0.001383319148
933,frag@141.05 frag@155.08 loss@178.97 loss@333.21 loss@183.98 frag@314.13 frag@115.02 frag@137.07 loss@184.06 frag@55.02 frag@319.16 loss@252.07 loss@172.07 loss@198.04 loss@192.07 loss@203.08 loss@194.08 loss@267.12 loss@180.1 loss@227.02,0.1674063802 0.162357226 0.02874777839 0.004523393698 0.003696783446 0.003436592408 0.00325749116 0.00277909101 0.002522720024 0.002463722602 0.002461042954 0.002307241783 0.002243148163 0.002206303179 0.002034631325 0.001901883166 0.001884979312 0.00181416946 0.001778899576 0.001706611831
934,loss@181.12 frag@207.11 loss@382.17 frag@108.08 frag@327.08 frag@169.13 frag@164.07 loss@285.12 frag@138.05 frag@173.06 frag@235.97 loss@204.14 frag@150.07 loss@260.08 frag@152.12 frag@152.05 frag@138.1 frag@136.08 frag@290.13 loss@288.15,0.1689148396 0.1209783554 0.01055849064 0.003777724458 0.003505655564 0.003418914741 0.003374880413 0.003318432486 0.002973400289 0.002871835604 0.002699350705 0.002665924374 0.002601331566 0.00245848042 0.002370486269 0.002367502777 0.002253792249 0.00223590224 0.002207672922 0.002157586394
935,loss@195.14 loss@196.13 loss@259.07 frag@126.08 frag@99.06 frag@151.99 frag@182.01 frag@125.08 frag@110.07 frag@137.08 frag@120.07 frag@166.06 frag@87.06 frag@179.12 frag@68.05 frag@124.09 frag@84.08 frag@353.09 frag@83.09 frag@83.06,0.1322388202 0.1079801023 0.04222537577 0.006320737302 0.005675961263 0.005233856849 0.0052276114 0.004608263262 0.004277883098 0.004166523926 0.00386849232 0.003813121235 0.003757656086 0.003620269708 0.003521840321 0.003507494228 0.003406577278 0.003383916104 0.003288291628 0.003207067726
936,loss@206.07 frag@115.03 frag@321.1 frag@206.06 frag@153.98 loss@178.07 frag@231.15 frag@190.05 frag@114.04 frag@73.01 frag@178.06 frag@241.14 loss@211.03 frag@88.02 frag@163.05 loss@247.1 loss@256.1 frag@44.98 frag@137.07 frag@145.04,0.2839025259 0.2157427967 0.01158968266 0.00896735955 0.008941748179 0.004352495074 0.00434020767 0.003656681627 0.003599648364 0.003282467369 0.002908286639 0.002041451633 0.00186670688 0.001791383722 0.001770428033 0.001595169306 0.001580058248 0.001572443871 0.001509515103 0.001349124359
937,loss@295.1 frag@185.03 frag@138.06 loss@265.09 frag@282.12 frag@201.14 loss@338.1 loss@205.03 frag@93.03 loss@263.11 loss@162.08 frag@133.08 loss@247.1 loss@264.09 frag@81.03 frag@164.08 frag@242.13 frag@166.09 frag@122.1 loss@205.12,0.148277536 0.1270498931 0.07183358818 0.01038300339 0.006988563575 0.005751775112 0.004639082123 0.003948234022 0.003601463279 0.00358137791 0.002966383472 0.002762378193 0.002750946674 0.002721373225 0.002697933465 0.00253224629 0.002511130413 0.002391464543 0.00228269049 0.002178882714
938,loss@208.06 loss@180.06 frag@118.04 frag@83.03 frag@256.05 frag@106.07 frag@67.02 frag@126.06 frag@59.0 frag@160.05 frag@164.07 frag@147.05 frag@90.05 frag@48.8 frag@80.06 frag@348.15 frag@206.06 loss@223.08 frag@150.06 frag@178.06,0.1648328304 0.01724221371 0.004927841015 0.004056727514 0.003782963613 0.003744573332 0.003429909237 0.003070980078 0.002887031296 0.002791901119 0.002434297232 0.002406490501 0.002312900964 0.002291588346 0.002242682036 0.002225871198 0.002177293412 0.002164192963 0.002161694691 0.002120139077
939,frag@191.06 loss@190.06 loss@279.05 loss@150.08 frag@194.99 loss@290.11 loss@292.04 loss@169.11 frag@314.13 loss@347.09 frag@174.04 loss@140.03 loss@130.05 loss@211.01 loss@206.06 loss@228.09 loss@120.06 frag@260.14 loss@218.05 loss@152.07,0.3143364787 0.005081227049 0.004891144112 0.004726069979 0.004553869832 0.003723659553 0.003718449967 0.003106998513 0.002921539359 0.002743990859 0.002621259773 0.00258441898 0.002446468221 0.002418018645 0.002415321069 0.002235309221 0.002202914562 0.00216908264 0.002155397087 0.002082535066
940,frag@170.1 frag@198.09 loss@118.09 loss@191.0 loss@297.02 frag@155.07 frag@169.09 frag@222.13 frag@355.2 loss@102.06 loss@143.07 loss@0.03 frag@158.1 frag@156.08 loss@173.02 frag@184.08 loss@293.02 loss@237.22 loss@303.06 frag@154.06,0.1828792393 0.09466094524 0.02541368268 0.02396487445 0.02339080162 0.01657722332 0.009845790453 0.007991516031 0.005357617047 0.004317214247 0.004066662397 0.003687298624 0.003585158149 0.003343497403 0.003231788287 0.003155183047 0.002756176982 0.002732389839 0.002552821301 0.00239936728
941,frag@153.05 frag@149.03 frag@194.01 loss@174.99 loss@202.02 loss@240.04 loss@148.02 frag@152.98 loss@130.02 loss@246.01 frag@210.06 frag@139.04 loss@209.99 loss@152.05 frag@181.05 frag@155.07 loss@166.03 frag@149.02 loss@451.24 frag@142.01,0.1627613455 0.08753611147 0.04116821662 0.03158839419 0.02535411902 0.02246822231 0.01642833091 0.01394371223 0.01241394971 0.01023496222 0.009287453257 0.007986555807 0.005670569371 0.005280803423 0.004954162519 0.004920568783 0.004664856941 0.00433163112 0.003437316744 0.003427622141
942,loss@204.06 loss@232.05 frag@170.04 frag@184.02 frag@92.06 loss@78.57 frag@206.06 frag@180.04 frag@109.01 loss@232.06 frag@193.1 frag@144.04 frag@247.04 loss@268.07 frag@175.12 frag@149.04 frag@165.02 frag@144.06 frag@133.01 frag@67.02,0.1226950586 0.0954868719 0.08324196935 0.07952994853 0.006364434492 0.006177227944 0.005570902489 0.005014197435 0.004867018666 0.004716198891 0.004478286952 0.004101674538 0.003793480806 0.003316110699 0.003284455743 0.003221666208 0.002974253614 0.0029344738 0.002806599252 0.002635530196
943,loss@256.13 frag@214.11 frag@230.13 loss@258.15 loss@272.14 loss@266.15 frag@272.05 frag@191.14 loss@268.11 frag@151.08 loss@311.15 frag@137.06 frag@99.08 frag@218.15 frag@230.11 loss@293.17 frag@111.08 loss@264.13 loss@291.12 loss@278.15,0.02408315055 0.02044229023 0.0162385013 0.01474953163 0.01237802953 0.01163580362 0.011593231 0.01106070261 0.01028869487 0.0101343086 0.00940804556 0.009100907482 0.00846581161 0.008442906663 0.008326108567 0.008249445818 0.007816399448 0.007674399298 0.007579306141 0.007561408915
944,loss@269.07 frag@220.06 frag@158.02 frag@248.06 loss@227.0 frag@258.08 loss@203.95 frag@326.18 frag@129.09 frag@353.09 loss@233.04 loss@262.22 loss@159.05 frag@293.14 frag@125.08 frag@177.04 frag@181.09 loss@244.56 loss@186.13 frag@192.12,0.1329833716 0.08854371309 0.07568237931 0.03760901466 0.03587355837 0.0289647337 0.01627335139 0.01276390813 0.005118157715 0.004718542565 0.003496196587 0.002799048088 0.002683242317 0.002628245158 0.002579041757 0.002504284959 0.002429615706 0.002414784394 0.002381183673 0.002370583126
945,frag@149.07 frag@167.08 loss@143.03 frag@206.03 loss@133.1 loss@194.07 frag@138.02 loss@225.09 loss@324.1 loss@156.14 frag@224.03 loss@169.06 loss@150.08 loss@173.06 loss@152.03 loss@325.06 loss@211.97 loss@164.13 loss@151.01 loss@176.06,0.2403784543 0.1020113006 0.04748947918 0.03446210548 0.01650885865 0.01247468125 0.01215905417 0.01091766451 0.00899231527 0.008301033638 0.007485891692 0.006232627667 0.005981303286 0.005456305575 0.005153486505 0.004440550227 0.004198310431 0.004098114558 0.004012333695 0.003752922406
946,loss@156.02 frag@267.09 frag@201.02 frag@147.01 frag@174.05 loss@110.02 frag@267.05 frag@172.04 loss@113.03 loss@140.03 loss@155.04 frag@351.18 frag@185.97 frag@157.03 frag@83.03 frag@263.1 frag@143.04 frag@312.16 loss@195.12 frag@222.11,0.2114177048 0.09426417947 0.02966663241 0.01191580854 0.007378227543 0.00408067368 0.004014532547 0.00375133683 0.003705236362 0.003598047886 0.003495340236 0.003451432334 0.003211665666 0.003181743901 0.003123071743 0.002975139068 0.002924913308 0.002812554361 0.002593521494 0.002560681663
947,loss@124.09 frag@180.06 frag@228.07 frag@283.12 frag@198.08 loss@230.04 frag@163.05 frag@97.1 loss@259.01 loss@199.02 frag@134.04 frag@124.1 frag@191.12 loss@121.04 frag@207.04 loss@245.16 frag@195.06 frag@46.06 frag@61.01 frag@185.05,0.2076850832 0.1163238809 0.09598628432 0.003658853471 0.003156326944 0.002360200509 0.002307306044 0.001933731721 0.001863354701 0.001801693579 0.001797518111 0.001781093189 0.00175213418 0.001671972102 0.001621744013 0.001585520455 0.001567877713 0.00154402724 0.001495582983 0.001493314048
948,loss@226.08 loss@254.11 frag@395.08 loss@201.15 loss@309.18 frag@136.08 frag@241.11 loss@266.04 frag@150.04 frag@177.08 frag@138.1 frag@181.06 frag@179.09 frag@216.09 frag@205.03 frag@231.13 frag@303.18 loss@268.12 frag@114.0 frag@171.01,0.1580045521 0.08967319131 0.02722877823 0.0200429 0.01873406395 0.01321994141 0.01203868445 0.009843953885 0.007272725459 0.005831340794 0.00581529364 0.005703737028 0.005119170994 0.005026260857 0.004783169832 0.004483003169 0.00444742851 0.004302983172 0.004280767869 0.004104169551
949,frag@179.05 frag@140.05 loss@182.17 loss@176.11 frag@337.15 loss@107.11 loss@129.04 loss@172.07 loss@321.09 loss@141.05 loss@230.99 loss@111.07 frag@123.01 frag@138.01 loss@330.12 frag@308.09 frag@194.04 loss@226.09 frag@51.02 frag@224.97,0.207340464 0.00496754609 0.004087314941 0.002806472592 0.002482129727 0.002272072481 0.00219597714 0.002159558935 0.001991793048 0.001928821323 0.001925596385 0.001902495744 0.00186860282 0.001666372176 0.001551579568 0.001544027939 0.001527130604 0.001479898579 0.001346282661 0.001321274904
950,frag@58.03 loss@313.06 loss@204.99 frag@123.09 loss@188.15 loss@197.97 loss@171.0 loss@291.21 frag@124.04 frag@104.06 frag@141.04 frag@237.02 frag@92.06 frag@150.13 frag@100.02 frag@43.02 frag@142.01 frag@178.12 frag@220.12 loss@205.0,0.0720147267 0.05572460964 0.03222350404 0.02697912231 0.02697529085 0.02509110793 0.01837002486 0.01589843072 0.005996318068 0.005566201173 0.004625994712 0.004431809764 0.004150400404 0.003875243245 0.003825471969 0.003781467909 0.00368066621 0.00340600824 0.003261870937 0.003184919944
951,loss@255.1 frag@95.01 loss@229.03 frag@137.03 loss@260.08 loss@245.12 frag@178.06 frag@136.04 frag@84.04 frag@180.1 frag@124.04 frag@318.05 loss@328.18 frag@139.03 loss@271.13 frag@73.05 frag@364.13 loss@211.07 frag@151.12 loss@216.07,0.2125644386 0.1339173317 0.005809501279 0.003497937694 0.003266633954 0.003087530611 0.002837531501 0.002818165813 0.00267734658 0.002634658245 0.002491085324 0.002145962091 0.001982817193 0.001942506409 0.001855944633 0.001796880504 0.001742629684 0.001736509148 0.001721327309 0.001717446372
952,loss@241.15 frag@235.97 frag@161.11 frag@141.08 frag@298.07 frag@141.07 frag@150.13 frag@123.05 frag@199.05 frag@270.11 frag@171.01 frag@171.05 loss@195.1 frag@171.04 loss@212.15 frag@312.17 loss@95.04 loss@199.11 frag@196.11 frag@259.03,0.1627846509 0.005119001027 0.004271794111 0.004009811673 0.003565917257 0.003400850808 0.002982311882 0.002874868922 0.002620795975 0.002578608459 0.00256151217 0.002559412038 0.002423226368 0.002347505884 0.002272240818 0.002241453156 0.00213165232 0.00207156688 0.0020226005 0.001995196333
953,loss@164.08 frag@319.16 frag@314.13 frag@178.09 frag@166.08 frag@165.09 frag@176.11 frag@448.16 frag@136.03 frag@192.1 loss@136.09 frag@246.06 frag@155.08 frag@163.06 frag@351.18 frag@150.07 frag@146.07 frag@148.08 frag@99.08 frag@178.05,0.282150656 0.02491897717 0.02146340907 0.01086715795 0.009972421452 0.009965071455 0.007164421026 0.006169767585 0.005950955208 0.004503521137 0.004460786469 0.004145837855 0.003870090004 0.003667044919 0.003485214198 0.003071061103 0.003033051034 0.003007783787 0.002631797688 0.002629704075
954,loss@151.06 frag@168.08 frag@233.07 frag@196.08 loss@88.1 frag@176.02 loss@161.05 frag@150.04 frag@225.1 frag@196.05 loss@123.07 loss@135.07 frag@123.03 loss@141.12 loss@151.05 frag@287.1 loss@227.14 loss@207.01 frag@151.02 loss@129.07,0.2876223922 0.2480676174 0.02795675397 0.0218621511 0.01365706045 0.01071271859 0.005754883867 0.005067018326 0.004746625666 0.004707491491 0.004551029298 0.003092056373 0.002932084259 0.002896419726 0.002810879843 0.002776918467 0.002607468981 0.002527771052 0.002465078142 0.002367333509
955,loss@183.08 frag@125.04 frag@314.13 frag@157.06 frag@113.04 frag@139.03 frag@270.04 frag@264.05 frag@133.07 frag@254.12 frag@121.09 frag@235.97 frag@148.08 frag@106.06 frag@69.04 loss@180.1 frag@121.03 frag@188.14 frag@139.07 frag@109.07,0.2344480157 0.008308739401 0.008208090439 0.006609456614 0.005777151324 0.004717561882 0.003675875952 0.003457179293 0.00345206284 0.003304917365 0.003243209794 0.002806223696 0.002762100426 0.00269140373 0.002638442675 0.002544320421 0.002433520276 0.002357244492 0.002355610253 0.002304563532
956,loss@212.15 loss@269.12 loss@241.12 frag@203.13 frag@188.11 frag@67.05 frag@118.08 frag@122.06 frag@141.1 frag@136.08 frag@127.09 frag@198.15 frag@101.11 frag@55.02 frag@121.06 frag@193.1 loss@280.14 frag@83.09 frag@99.07 frag@241.02,0.1841091663 0.09937790036 0.02707555145 0.01222114917 0.01194343902 0.01161020715 0.01136862766 0.01006406639 0.009508178569 0.008880922571 0.008396221325 0.008253301494 0.007383610122 0.007043101825 0.006598863751 0.006541076116 0.006032609381 0.005928409286 0.005299922545 0.004987298511
957,loss@115.06 frag@88.08 frag@315.02 loss@142.07 loss@143.06 frag@293.15 frag@147.01 frag@157.09 loss@87.07 loss@131.09 loss@359.13 frag@116.07 loss@151.05 frag@198.16 loss@353.12 frag@167.05 frag@195.08 loss@35.04 frag@175.07 loss@100.13,0.2819982767 0.2623512745 0.01906147599 0.0135563286 0.009847155772 0.00649300823 0.006491612177 0.006469952408 0.006393091287 0.00596409617 0.005006080959 0.004715309478 0.004429815803 0.004242776427 0.004156564362 0.004023123998 0.003841400379 0.003818124533 0.00348179508 0.002606595634
958,loss@261.08 loss@255.04 loss@318.1 frag@347.19 loss@207.03 frag@189.14 frag@150.09 frag@125.99 frag@139.01 frag@205.03 frag@174.07 frag@53.04 frag@231.12 frag@129.01 frag@121.04 frag@358.09 frag@109.03 frag@241.11 loss@210.14 frag@138.01,0.08668612689 0.0609866567 0.06060526147 0.05236494169 0.02164892294 0.01185708214 0.006672624499 0.006368386559 0.005706138443 0.005257628392 0.005189973395 0.005140556488 0.004578989465 0.004514613189 0.004384052474 0.004236260429 0.004023595247 0.003973110113 0.003804798005 0.003752961056
959,frag@98.03 frag@55.03 frag@70.04 loss@244.04 loss@258.08 loss@58.01 loss@113.01 frag@150.06 frag@68.01 loss@100.02 loss@167.03 frag@54.03 loss@229.05 loss@149.01 loss@280.09 loss@210.06 frag@84.07 loss@238.11 loss@241.06 loss@180.06,0.09180035442 0.07996816933 0.05479164422 0.0220743604 0.006042637862 0.00521778781 0.003863550257 0.003738859203 0.002967034699 0.002911432413 0.002366186585 0.002189109102 0.001847727806 0.001847103937 0.001707088435 0.001671450096 0.00164029561 0.001593138557 0.001536209602 0.001484291628
960,frag@157.08 frag@185.07 frag@159.09 loss@95.04 frag@187.09 frag@158.08 loss@140.07 frag@213.07 loss@174.08 frag@130.07 loss@173.1 loss@319.11 loss@137.0 loss@246.18 loss@188.07 frag@144.07 frag@173.07 loss@106.01 loss@160.1 loss@262.99,0.08027619123 0.07988586277 0.07410561293 0.0494373478 0.03234336153 0.02387678809 0.02274604701 0.01717444882 0.01656621322 0.01187421009 0.008392093703 0.008316268213 0.007749983575 0.007151661441 0.007013054099 0.006971892435 0.006431696005 0.006431322545 0.005577386357 0.005526087712
961,frag@121.1 frag@95.09 frag@107.09 frag@147.12 frag@109.1 frag@133.1 frag@135.12 frag@161.13 frag@157.1 frag@123.12 frag@159.12 frag@93.07 frag@145.1 frag@187.15 frag@173.1 frag@81.07 frag@125.1 frag@175.15 frag@111.08 frag@189.16,0.02376997843 0.02306173556 0.02131519839 0.01962779276 0.01899733022 0.01868438721 0.01778571866 0.01669036224 0.01630948298 0.01564814895 0.01390972268 0.01185991615 0.01026435196 0.01007989515 0.0091602467 0.008981828578 0.008386944421 0.007281980012 0.007246572059 0.006782653276
962,frag@79.02 frag@61.01 frag@64.0 frag@62.02 frag@46.99 loss@392.11 loss@93.03 loss@298.03 frag@134.96 loss@94.08 loss@78.09 loss@148.0 frag@56.96 loss@79.1 frag@81.02 loss@78.04 loss@81.02 loss@115.07 frag@77.0 frag@342.1,0.1584190428 0.0933226794 0.05424305424 0.01724458113 0.01506592706 0.01364790276 0.00699849939 0.005867133383 0.00530097913 0.005067510996 0.005053932779 0.004703297745 0.00439237617 0.004023812711 0.003879064927 0.003603864228 0.00354892551 0.003507341724 0.00345702027 0.003372813808
963,frag@110.07 frag@83.06 loss@250.09 frag@95.06 loss@272.09 loss@246.11 loss@406.06 frag@152.12 loss@208.12 loss@196.14 loss@409.09 loss@260.15 loss@169.07 loss@280.13 loss@327.03 loss@252.03 loss@281.06 loss@221.15 loss@302.07 loss@197.15,0.1793598086 0.1463833451 0.05201301724 0.009938832372 0.009088128805 0.007150975522 0.007060186472 0.005854236428 0.005771480035 0.004847912584 0.004412706941 0.003952590749 0.00381413335 0.003682802664 0.003577246098 0.003215665463 0.003198283259 0.003194849007 0.003149534808 0.002850635443
964,frag@119.05 frag@119.06 frag@109.06 loss@246.14 loss@218.14 loss@219.1 loss@179.07 loss@225.08 loss@226.11 loss@196.09 loss@218.06 loss@215.14 loss@189.12 loss@231.13 frag@109.07 loss@218.07 loss@231.06 loss@260.09 frag@161.1 loss@232.06,0.1881835759 0.1543777734 0.05146070942 0.03730904683 0.02845993266 0.02655714191 0.01973525062 0.01937820949 0.01657183841 0.01573125459 0.01546777692 0.01243869215 0.01161364559 0.01063307747 0.00980488304 0.009470106103 0.008188069798 0.007062617224 0.00702987751 0.006348059978
965,frag@178.01 loss@183.04 frag@150.01 loss@211.04 frag@147.05 frag@173.95 frag@147.09 loss@220.03 frag@312.09 frag@172.95 frag@244.11 frag@123.0 frag@192.12 frag@104.07 frag@298.07 frag@207.98 loss@128.04 frag@106.06 frag@69.04 loss@227.03,0.2490592599 0.231008023 0.003578059142 0.003332292428 0.002912422642 0.002441619989 0.00240150583 0.002139845397 0.002085918561 0.001715495833 0.001700147055 0.00167136651 0.001537580276 0.001508309506 0.00149640406 0.001491087605 0.001461759093 0.001451063319 0.00144589413 0.001406799303
966,loss@138.03 loss@187.03 loss@216.01 frag@281.14 frag@190.04 frag@160.04 loss@183.01 frag@129.01 frag@114.03 frag@144.06 frag@44.98 frag@164.02 frag@52.03 frag@237.0 frag@231.15 frag@220.02 frag@170.08 frag@138.01 frag@255.06 frag@167.99,0.1403401196 0.1369654089 0.0457322821 0.01102361176 0.009446717799 0.007195238955 0.006053573452 0.00480869785 0.00453757355 0.004119544756 0.003811327973 0.003780941479 0.003539067693 0.003482963657 0.003033626126 0.003006770508 0.00290710316 0.002902287291 0.002787864534 0.002568861004
967,frag@123.07 loss@233.03 loss@176.01 frag@209.09 frag@122.06 loss@189.06 loss@221.15 loss@274.15 loss@267.12 frag@94.06 loss@209.03 loss@190.08 loss@212.03 frag@256.09 loss@272.08 loss@272.05 loss@312.17 frag@56.96 loss@246.07 loss@239.0,0.2733072042 0.0684042871 0.04330263659 0.007557002362 0.006375372875 0.005074852612 0.002938127378 0.002782102674 0.002715246053 0.002692410024 0.002364963293 0.00229007937 0.00221392652 0.002211021027 0.002199234208 0.002071538009 0.002027811483 0.002025630325 0.001999949105 0.001991102472
968,loss@228.01 frag@114.06 loss@109.13 frag@227.08 loss@382.15 frag@201.1 frag@262.1 frag@212.96 frag@130.97 frag@196.11 frag@222.08 loss@244.03 frag@145.02 frag@203.99 frag@150.04 frag@40.9 frag@145.09 frag@214.11 frag@257.1 frag@224.97,0.1763918847 0.06155319884 0.04808435217 0.0449227877 0.01552589051 0.005436865147 0.003463049652 0.003361350857 0.003180593951 0.003148918739 0.002943124389 0.002795803826 0.002719869372 0.002694253111 0.002330423333 0.002260597656 0.002087062458 0.001985082868 0.001882770797 0.001853855094
969,frag@145.03 frag@89.04 loss@177.06 loss@254.06 loss@386.12 frag@117.03 loss@376.14 loss@354.09 frag@163.04 frag@177.05 frag@173.02 loss@414.12 loss@368.11 loss@193.08 loss@287.05 loss@221.05 loss@147.08 loss@336.08 frag@219.02 loss@567.22,0.2627114058 0.05889767408 0.05557705835 0.0399571918 0.03781956434 0.02909587882 0.01833320782 0.01269829087 0.008112599142 0.007243732456 0.007040776778 0.006797770038 0.006457176059 0.006013632286 0.005384858698 0.005045128521 0.00445192866 0.004329478368 0.004050366115 0.003396681743
970,frag@97.04 loss@212.11 loss@244.14 loss@229.05 loss@339.12 loss@223.15 frag@125.0 loss@287.13 frag@150.06 frag@108.06 loss@224.12 loss@144.05 frag@109.08 frag@79.03 frag@98.03 loss@227.1 frag@139.06 frag@198.94 frag@106.04 frag@111.06,0.2696771026 0.06105452031 0.05598907173 0.05461098626 0.02524621785 0.01173538156 0.006192321423 0.005716226995 0.005570105743 0.005123372655 0.004883241374 0.004876472522 0.004345789086 0.004301488865 0.004245827906 0.003695699619 0.003645138117 0.003555657575 0.003534576157 0.002989132656
971,loss@139.1 frag@83.09 frag@140.11 frag@69.07 frag@135.0 frag@124.08 frag@67.05 frag@181.1 frag@55.05 loss@181.11 frag@67.06 frag@112.08 frag@126.09 frag@150.13 frag@153.08 frag@124.11 frag@217.06 frag@225.16 frag@198.1 frag@216.13,0.3641961813 0.01467362419 0.009251092561 0.008717217483 0.007980075665 0.00493987184 0.004713494331 0.004580898676 0.004316578619 0.004183599725 0.003964980133 0.003939412069 0.003784240223 0.003173049074 0.002915487625 0.002900265856 0.002875379054 0.00285538868 0.002504217206 0.00244615227
972,loss@282.11 frag@73.06 loss@303.11 loss@357.12 loss@355.07 frag@69.03 frag@195.05 frag@366.15 frag@101.11 frag@221.1 loss@232.18 frag@83.05 frag@381.17 loss@170.11 frag@84.08 loss@236.11 frag@213.0 frag@127.04 frag@350.13 frag@305.1,0.1498666406 0.1427388638 0.06741040945 0.05983120203 0.008512235247 0.007584654726 0.007282924373 0.005002703052 0.00495760981 0.004542292096 0.004418334924 0.00418938743 0.0041758609 0.004163044039 0.003694044659 0.003653343068 0.003560866695 0.003250447568 0.003118683118 0.003082090756
973,loss@180.07 loss@209.03 loss@137.03 frag@167.02 frag@138.04 frag@258.04 frag@184.04 frag@135.1 frag@318.05 frag@127.05 frag@123.07 frag@245.18 frag@109.04 loss@302.2 frag@193.01 frag@125.01 frag@181.08 frag@172.04 frag@149.11 frag@137.07,0.2079383433 0.07478666306 0.02563424967 0.02374834754 0.01759861782 0.01252503041 0.01041437406 0.007042377256 0.005950756371 0.005788117182 0.005048196297 0.004851588514 0.004006171599 0.003598982235 0.003553509712 0.003546474734 0.003474475117 0.003322638106 0.003138443222 0.003069942584
974,frag@45.03 loss@247.06 frag@87.04 loss@445.16 frag@57.03 frag@101.02 frag@43.02 loss@227.15 loss@218.04 loss@186.04 frag@173.95 loss@364.08 loss@156.01 loss@185.11 loss@128.05 loss@113.01 loss@105.04 loss@268.1 loss@107.11 frag@55.02,0.2936997712 0.006503141019 0.003563380102 0.003281519981 0.003013537265 0.002910511568 0.002828794532 0.002820318798 0.002770823194 0.002417336917 0.002406984102 0.002270801924 0.00226136134 0.002211327199 0.002179351402 0.002146573737 0.002095316304 0.00206231419 0.001972630387 0.001910295105
975,loss@198.07 loss@171.11 frag@310.12 frag@141.07 frag@98.05 frag@167.05 frag@186.09 frag@129.02 frag@244.13 frag@197.06 frag@209.14 frag@278.07 frag@239.08 frag@132.09 frag@160.99 frag@128.04 frag@90.05 frag@168.96 frag@247.07 loss@196.05,0.2241005003 0.085242562 0.05802335218 0.008750192821 0.004664099775 0.004269494209 0.004152899608 0.004111047368 0.003927770071 0.003725101938 0.00354629592 0.003365386045 0.003301640972 0.002978368197 0.002966420026 0.002856085543 0.002773809014 0.002573673381 0.002410511952 0.002362527885
976,loss@226.1 frag@138.06 frag@94.07 frag@110.02 frag@166.09 frag@93.03 frag@68.05 frag@201.14 frag@84.04 frag@151.07 frag@114.05 frag@216.09 frag@187.98 frag@136.08 frag@166.05 frag@95.07 frag@84.09 frag@74.93 loss@236.08 frag@101.01,0.239031747 0.05449876189 0.005148899276 0.004993514623 0.00487130601 0.004237140529 0.004132325761 0.004027833231 0.003638148308 0.003327090992 0.003232751274 0.003187088063 0.002974262927 0.002874414437 0.002781026298 0.002718126168 0.002525790827 0.002506358316 0.002504267963 0.002379342215
977,loss@182.08 loss@328.18 frag@344.21 frag@167.06 frag@141.05 frag@154.06 frag@180.05 frag@205.08 frag@182.95 loss@211.13 frag@206.08 frag@148.06 frag@157.09 frag@128.04 frag@221.11 frag@201.07 frag@111.05 frag@200.08 frag@113.02 frag@204.1,0.2500647604 0.02889977582 0.004559734836 0.00350640784 0.003377808258 0.003374199383 0.003290907247 0.0031933391 0.003030881286 0.002968414687 0.002566368552 0.002485965379 0.002481210744 0.002394533483 0.002357369754 0.00234634243 0.002102849772 0.001930588041 0.001909702667 0.001848337473
978,frag@145.06 frag@173.06 loss@176.11 frag@246.09 frag@155.06 frag@117.07 loss@177.11 loss@376.13 frag@159.08 frag@155.05 frag@129.07 loss@220.11 frag@128.06 loss@204.1 frag@147.08 loss@171.96 loss@170.02 loss@246.16 loss@172.07 loss@364.16,0.1619949788 0.1230494902 0.1012553126 0.01463754661 0.01278218906 0.01261532679 0.0120921554 0.009991858155 0.00926832296 0.008347861469 0.004901509732 0.004835340194 0.004612561315 0.004131173249 0.003604091005 0.003588025458 0.003427319927 0.003299214877 0.003256506054 0.003036392154
979,loss@230.05 frag@143.12 loss@246.09 frag@231.06 frag@248.1 frag@83.99 frag@71.03 frag@166.1 frag@137.01 frag@219.11 frag@128.04 frag@233.11 loss@677.25 frag@238.05 frag@126.0 frag@127.99 frag@169.11 frag@180.01 frag@347.15 frag@346.13,0.1458734274 0.102368921 0.09600557387 0.03083882667 0.005174105987 0.003391298931 0.003013154492 0.002563682385 0.002548005665 0.002396323951 0.00238696672 0.001895706984 0.0018184972 0.001660694252 0.001649879152 0.001555123017 0.001527146786 0.001458775136 0.001457209466 0.001390835736
980,frag@178.1 loss@311.07 loss@206.12 loss@251.2 loss@290.2 loss@178.12 frag@150.07 loss@179.11 loss@205.09 loss@109.09 loss@95.04 loss@243.01 frag@71.03 loss@361.13 frag@135.09 loss@267.15 frag@93.03 frag@162.07 loss@99.06 loss@167.09,0.3167327642 0.07298460603 0.0110873282 0.008600972593 0.008418537676 0.007587323897 0.006865970325 0.006727771834 0.005566391163 0.004834536929 0.004108835012 0.003899155417 0.00359181501 0.003421690548 0.003333172528 0.003018046264 0.002938553458 0.002933993004 0.00292827352 0.002900832798
981,frag@117.06 loss@46.01 frag@128.05 loss@74.0 loss@87.03 frag@118.06 loss@45.0 loss@43.99 frag@131.07 loss@73.02 loss@27.99 loss@101.01 frag@130.07 frag@118.07 loss@115.03 frag@129.04 frag@173.07 frag@119.07 loss@91.03 frag@117.04,0.1459687799 0.1316273659 0.0522018671 0.04416843131 0.03419007361 0.03180584684 0.02933689207 0.02918419614 0.02675780468 0.02348189242 0.01929767244 0.01550565567 0.01506578363 0.01254542544 0.01243168022 0.01160660572 0.01020251028 0.01014604885 0.009979080409 0.009092058055
982,frag@180.08 loss@177.15 loss@124.06 loss@45.02 frag@344.21 loss@401.19 frag@165.07 frag@152.06 loss@135.07 loss@235.05 loss@377.17 loss@135.1 frag@257.13 frag@287.1 frag@193.09 loss@169.06 frag@167.07 loss@143.08 loss@97.03 frag@208.11,0.2810687721 0.02051453851 0.007540934253 0.007266386412 0.00705108745 0.006507968064 0.005882505327 0.005419672001 0.004669046961 0.004452171735 0.004331687 0.004325414076 0.004196998198 0.003394489177 0.003353580832 0.003041766817 0.00303915632 0.003009771463 0.002923331223 0.002874981146
983,frag@127.02 loss@103.99 frag@235.06 frag@187.03 loss@102.05 loss@219.01 loss@135.01 loss@54.02 loss@160.96 loss@116.99 frag@205.07 loss@187.97 frag@140.04 loss@209.01 loss@84.0 frag@225.11 loss@228.98 frag@329.17 frag@224.98 loss@129.02,0.09803993255 0.02752353996 0.0268667601 0.02646246739 0.02358487435 0.01969620585 0.01478978153 0.01470690779 0.0146395592 0.01351247076 0.0112858396 0.01008248515 0.009941042401 0.007610578556 0.007165852934 0.006615768187 0.006329200696 0.00628280919 0.006096265744 0.005770749878
984,frag@161.07 frag@189.07 loss@146.08 loss@229.16 loss@185.08 frag@147.06 frag@391.17 loss@151.01 loss@160.06 loss@276.22 frag@229.13 loss@241.12 loss@202.06 loss@207.14 loss@273.11 loss@132.07 loss@218.02 loss@157.08 loss@150.08 loss@205.09,0.2188040316 0.1339955777 0.05960812047 0.01010879129 0.008877913468 0.008231010288 0.008141853847 0.008029954508 0.005933318753 0.005708761048 0.005638987292 0.005581265781 0.005409684964 0.005311593413 0.004700210411 0.004320397042 0.004027185496 0.003905683756 0.003590950975 0.003549954621
985,loss@280.12 frag@232.13 loss@262.11 loss@263.13 frag@184.01 loss@305.1 frag@196.11 frag@156.04 frag@273.11 frag@167.08 frag@318.06 frag@178.02 frag@203.1 frag@127.09 frag@188.13 frag@200.02 frag@191.14 frag@181.02 loss@293.12 frag@113.02,0.08967012167 0.07855258882 0.06483016908 0.04245361686 0.03666605055 0.0342229344 0.01384263672 0.008991329931 0.00665743649 0.006439275574 0.006167054176 0.00574413687 0.005659827497 0.005533143412 0.005519111641 0.004717573989 0.004524223506 0.004474921152 0.004418202676 0.004368867259
986,frag@159.08 frag@158.07 loss@248.09 loss@188.07 loss@171.96 loss@220.11 loss@206.12 frag@130.04 frag@161.06 frag@132.06 loss@205.15 loss@204.1 loss@162.07 frag@145.06 loss@364.08 loss@290.1 loss@277.16 frag@146.07 loss@191.1 loss@189.08,0.2750890255 0.01387441065 0.007549345028 0.00631039124 0.005690474529 0.00567780342 0.005666743498 0.00563674327 0.005085545126 0.005080019124 0.004890081473 0.003948149737 0.003544546431 0.003420060966 0.003314035712 0.003273430513 0.003153181868 0.003093527164 0.003069875995 0.00298784324
987,loss@182.13 frag@74.1 loss@193.15 frag@124.1 frag@224.01 frag@244.08 frag@112.08 frag@205.06 frag@59.05 frag@85.06 frag@300.1 loss@247.17 loss@230.04 loss@318.17 frag@57.07 frag@84.08 loss@142.07 frag@197.03 frag@279.16 frag@178.95,0.1593575031 0.08990767598 0.034996517 0.03081716038 0.01261992753 0.006631453522 0.006509270985 0.006101091392 0.006031190045 0.004043562338 0.00396298198 0.00361268851 0.003319540992 0.003095044987 0.002937548794 0.002935283119 0.002813106868 0.00276509719 0.002693589311 0.002532726154
988,frag@58.99 loss@141.04 frag@86.01 loss@143.05 frag@57.99 loss@129.04 frag@44.98 frag@129.09 loss@111.03 frag@308.1 frag@113.01 frag@147.03 loss@183.98 loss@143.06 loss@147.03 frag@156.01 frag@128.03 loss@112.03 frag@114.04 loss@114.04,0.2274029702 0.1705735922 0.04913180694 0.04731966555 0.01038074493 0.009432166815 0.008189911023 0.007268921938 0.004524079617 0.004218445159 0.004203317687 0.003722931491 0.003634752939 0.003629787359 0.003499342129 0.003490757896 0.003439046908 0.003233923344 0.003214835888 0.003054658184
989,frag@97.08 frag@111.09 loss@269.03 loss@229.01 frag@69.06 loss@242.05 frag@99.09 frag@88.04 frag@83.06 loss@244.01 loss@197.15 loss@113.01 frag@84.07 frag@56.05 loss@198.98 loss@182.12 loss@284.08 loss@301.03 loss@321.19 frag@178.11,0.1915200949 0.07037868351 0.01921067573 0.01512135845 0.0111329481 0.008589632809 0.007029351313 0.006493228022 0.005818607751 0.005389157217 0.004668232054 0.004615764134 0.004414150491 0.004122048151 0.003681057598 0.003660281422 0.003659440205 0.00360273174 0.003593931207 0.003437099745
990,frag@122.1 frag@121.09 loss@200.99 loss@272.04 loss@235.0 loss@193.99 frag@218.0 frag@264.05 frag@108.08 frag@136.08 loss@225.11 frag@207.98 frag@106.07 frag@99.06 loss@239.07 loss@226.03 loss@213.06 loss@235.14 loss@302.13 frag@150.09,0.2215439826 0.08841790259 0.031131614 0.01196737867 0.0100153517 0.006812199019 0.005776022561 0.005600790493 0.004486265592 0.003914430737 0.003152743215 0.002866209019 0.002834341954 0.002590335207 0.00244663097 0.002350660041 0.002314468147 0.002143529942 0.002116263146 0.00206616614
991,frag@80.05 frag@108.04 frag@107.06 frag@136.04 frag@154.05 loss@212.06 loss@201.04 loss@211.04 loss@226.05 frag@126.05 loss@200.06 loss@232.01 loss@240.05 loss@221.04 frag@124.04 loss@277.96 loss@252.07 frag@94.06 frag@92.05 loss@153.98,0.1353715509 0.08272437751 0.05927666277 0.04322700575 0.03036412224 0.02688589692 0.02643161081 0.02434086241 0.01343698241 0.01206323318 0.007145098411 0.00702377269 0.006455773022 0.006340085063 0.006302518304 0.006204667501 0.006027389318 0.005939483643 0.00458597159 0.004404692911
992,frag@228.09 loss@238.2 frag@233.15 loss@136.13 loss@276.13 frag@330.12 frag@225.16 frag@247.13 frag@327.08 loss@153.15 frag@118.92 frag@274.18 loss@213.99 frag@125.11 frag@71.09 loss@242.96 loss@192.12 frag@73.06 loss@272.04 frag@169.1,0.0654040575 0.06524688005 0.06139761209 0.06065928563 0.04563327879 0.02393782139 0.02216173336 0.02001992054 0.01988891698 0.01837359928 0.006344345864 0.003923089243 0.003285013139 0.003214138793 0.003191929776 0.003145813011 0.002973406808 0.002903216053 0.002742271638 0.002526469529
993,frag@157.06 frag@171.08 loss@230.05 frag@128.06 loss@295.07 frag@155.06 loss@174.09 loss@165.07 frag@145.06 loss@254.09 loss@147.1 frag@162.04 frag@155.05 loss@183.08 loss@248.1 loss@216.1 loss@200.11 loss@255.11 loss@115.08 loss@177.11,0.2859037519 0.006921800785 0.003819207661 0.003669424681 0.00329996529 0.003126438009 0.002684108214 0.002444804646 0.002276159357 0.002075820696 0.001883806544 0.001796237426 0.001733381185 0.00173207256 0.00170624454 0.001609390136 0.001482091378 0.001399487024 0.00127034972 0.001213710057
994,frag@255.12 loss@222.03 loss@274.05 loss@298.18 loss@250.07 loss@303.14 loss@344.18 frag@211.02 frag@208.12 frag@135.04 frag@139.01 frag@127.0 frag@135.1 frag@143.03 frag@143.12 loss@318.15 frag@257.11 loss@343.98 loss@306.01 loss@304.12,0.1180543676 0.07980863005 0.06606475264 0.05974170566 0.03082665429 0.02230932936 0.01288730465 0.009503011592 0.007429090329 0.0072753001 0.006912480108 0.006851104088 0.006230197847 0.00598802371 0.005574826151 0.005521727726 0.005017939489 0.004863503855 0.004743662663 0.004687452223
995,loss@270.07 frag@176.98 frag@101.02 frag@212.06 frag@240.12 frag@268.13 frag@318.03 frag@78.05 frag@167.98 frag@231.02 frag@159.11 frag@193.1 frag@201.14 frag@153.03 frag@347.19 frag@115.09 frag@407.14 frag@349.04 frag@203.15 frag@203.13,0.2436568439 0.006263276096 0.004514274653 0.004170787055 0.003687707474 0.003682226874 0.003125122981 0.003069449682 0.002807678655 0.002766256919 0.002741921926 0.002520122332 0.002418477088 0.002341060899 0.002285252092 0.002276693005 0.002137311734 0.00208986667 0.002068296308 0.002033530036
996,frag@96.04 frag@78.03 frag@106.03 loss@94.05 loss@122.05 loss@89.98 loss@182.03 loss@251.18 loss@248.04 loss@123.03 frag@79.04 loss@101.02 frag@124.04 loss@93.04 loss@137.0 loss@200.02 frag@69.04 loss@285.13 loss@153.05 loss@100.04,0.1832121015 0.1072465777 0.07381937653 0.04248321429 0.03976416215 0.02372538671 0.01875399612 0.01633367501 0.01320162788 0.01153049991 0.01152125653 0.01127762813 0.01039313339 0.009913906455 0.007019192912 0.006444916129 0.006437194068 0.005439355504 0.005382736214 0.004908820614
997,loss@130.05 loss@252.94 loss@58.02 frag@72.98 frag@275.19 frag@275.1 frag@328.13 loss@151.03 frag@279.12 loss@100.99 frag@139.1 frag@192.01 frag@272.13 loss@18.0 frag@359.12 frag@419.11 loss@9.98 frag@212.09 loss@31.04 loss@157.92,0.03237412125 0.01887156069 0.01522496995 0.01290882751 0.01237416361 0.01213961188 0.01158707403 0.01129189506 0.01015132386 0.007782727014 0.00763687538 0.007492851 0.006438764278 0.00641711941 0.006067250855 0.005945026875 0.00570362201 0.005574547686 0.00486582797 0.004821906332
998,frag@123.05 loss@182.12 loss@222.07 loss@234.0 frag@211.02 loss@206.12 frag@166.1 frag@141.07 frag@99.06 loss@187.11 loss@168.03 loss@173.13 loss@142.01 frag@224.01 loss@139.07 loss@194.12 frag@151.05 frag@239.21 frag@238.13 frag@230.17,0.3108974397 0.09466674179 0.09216203541 0.02770290338 0.01823497564 0.01219453849 0.007835511118 0.005846126005 0.004082760308 0.004018601961 0.003730071476 0.003628137289 0.003472921439 0.003322059987 0.003272295464 0.002983341459 0.002443450969 0.002396405209 0.002265502 0.002210048027
999,frag@154.06 frag@205.06 loss@116.06 loss@118.11 frag@278.07 frag@195.09 loss@185.07 frag@234.98 loss@144.09 frag@208.11 frag@180.08 loss@247.98 loss@102.06 loss@233.99 loss@168.08 loss@328.18 loss@116.12 loss@157.09 loss@246.09 frag@140.05,0.194261089 0.09188679606 0.06927538663 0.0267327968 0.009866200387 0.004323142115 0.003641142277 0.003085377626 0.00291267084 0.002823735354 0.00251213857 0.002299124142 0.002231396502 0.002010937082 0.001995917875 0.00184710999 0.001836256706 0.001730161137 0.001728738658 0.001725995331
