topic_id,top_words,top_probabilities
0,frag@270.08 loss@242.01 frag@136.94 loss@298.14 loss@236.03 frag@174.12 frag@193.02 loss@73.0 frag@152.97 loss@325.04 loss@262.03 frag@251.11 frag@363.18 loss@332.19 loss@370.11 loss@387.17 loss@260.2 frag@146.11 loss@353.17 frag@73.08,0.1423705369 0.03704361245 0.0358530134 0.02945186757 0.02902325429 0.01403073873 0.01397289243 0.01081985701 0.009876057506 0.008265106007 0.007758093998 0.007702359464 0.007309548091 0.007107606623 0.006783134304 0.005953473039 0.005938219838 0.005332659464 0.005235764664 0.005181397311
1,frag@228.1 frag@253.08 loss@234.01 frag@169.07 loss@332.16 loss@290.18 frag@237.13 frag@233.05 frag@168.1 loss@419.21 frag@153.09 loss@378.15 frag@296.16 frag@256.13 frag@247.12 frag@239.11 frag@197.98 frag@273.16 loss@197.18 loss@358.16,0.04949650913 0.04531982169 0.04012640566 0.02036290243 0.01693571545 0.01640095003 0.01481027342 0.0112969717 0.01025032718 0.008403606713 0.008290642872 0.008110530674 0.007657513954 0.006836901419 0.006445998792 0.006393200718 0.006374358665 0.00608613994 0.006045357324 0.005744502414
2,frag@218.08 loss@129.05 loss@89.04 loss@55.04 loss@224.16 loss@142.07 loss@115.05 frag@317.09 loss@156.06 frag@74.01 loss@81.06 loss@97.08 frag@297.12 loss@75.03 loss@243.99 loss@116.08 loss@58.08 loss@59.02 loss@89.05 loss@28.03,0.4126640856 0.1147966757 0.1037595198 0.03834122792 0.03593364358 0.02251088247 0.01913958602 0.01156717166 0.01005842909 0.009193421341 0.005245527253 0.004718599841 0.004366393667 0.004069076385 0.003937247675 0.003635591595 0.003469555639 0.003063022858 0.002913109027 0.002830678131
3,frag@137.03 frag@239.1 loss@302.09 loss@170.1 loss@308.09 frag@117.05 frag@214.07 loss@252.04 loss@320.12 frag@274.12 frag@243.05 frag@327.18 frag@58.03 loss@268.06 frag@318.16 frag@213.03 loss@373.15 frag@163.0 frag@252.15 frag@122.04,0.09657571465 0.0509794578 0.03032370098 0.01742611267 0.01739438064 0.01430635899 0.01412266493 0.01299346983 0.01164838206 0.01106266957 0.01096702646 0.009517211467 0.009489423595 0.008787504397 0.008768276311 0.008091577329 0.007450401317 0.006766241975 0.005696611479 0.00553953601
4,frag@192.09 frag@200.05 frag@279.08 frag@208.06 loss@119.09 loss@111.99 loss@74.06 loss@126.06 loss@345.11 frag@178.13 frag@293.09 loss@321.13 loss@118.07 frag@301.15 loss@108.05 loss@118.05 frag@323.19 loss@347.18 loss@206.18 loss@75.07,0.1337951273 0.05692760274 0.04097229987 0.02070873603 0.01701262966 0.01657797769 0.01483930182 0.01401188876 0.01122722775 0.009617689066 0.009466197342 0.008630786091 0.007285838947 0.007178484462 0.006001146045 0.005717231892 0.005588690285 0.005152415019 0.005014336202 0.004587086849
5,loss@220.09 frag@220.05 frag@175.12 frag@145.08 loss@267.09 frag@132.08 loss@273.11 frag@118.06 frag@173.07 frag@146.06 loss@234.07 loss@201.08 frag@130.07 loss@285.09 frag@187.09 frag@146.08 frag@145.09 frag@147.06 loss@280.07 frag@130.06,0.1200291961 0.07107434422 0.04779229686 0.04659582675 0.04610411078 0.0299873054 0.02863248251 0.025593061 0.02393611707 0.02256540768 0.02201427519 0.01946417429 0.01182218175 0.01165574417 0.01101852953 0.008647387847 0.008432655595 0.007466168143 0.007452884689 0.006992650684
6,loss@45.02 frag@190.03 frag@57.04 loss@119.04 frag@100.02 frag@143.04 loss@174.05 loss@98.04 frag@55.03 loss@101.05 loss@231.05 frag@129.02 frag@289.11 frag@193.06 frag@68.01 loss@184.13 frag@201.02 loss@240.03 frag@134.04 frag@169.06,0.2218368798 0.1331168562 0.08590155095 0.06427077949 0.03896281868 0.03500847891 0.03472913429 0.02471791208 0.02338936552 0.0176402647 0.01451297756 0.01188679691 0.01168405358 0.01060197875 0.009406494908 0.009327868931 0.009285510518 0.008573107421 0.008112339303 0.006312548649
7,frag@203.09 frag@223.09 loss@17.03 loss@91.06 loss@98.07 loss@73.05 loss@85.05 loss@229.0 loss@100.1 loss@58.03 loss@58.04 loss@97.09 loss@110.07 loss@85.09 loss@42.02 loss@323.11 loss@155.11 loss@342.21 loss@145.02 loss@88.05,0.2352449745 0.2069912851 0.1126629114 0.04358991608 0.04069079831 0.03428881988 0.02553916536 0.02492892928 0.02157593891 0.01643710397 0.01615337469 0.009365249425 0.008724719286 0.00801891461 0.005901915021 0.005705240648 0.005589664914 0.005512475967 0.0051944484 0.004550306592
8,frag@41.04 loss@117.04 loss@156.05 loss@253.07 loss@63.03 loss@244.03 loss@138.04 loss@230.04 loss@113.01 loss@105.08 loss@265.07 loss@262.1 loss@96.06 loss@170.13 loss@286.15 loss@225.07 loss@208.01 loss@243.03 loss@128.05 loss@235.01,0.4895468056 0.3049080074 0.06389573216 0.02925309725 0.02836794965 0.008141020313 0.007506700698 0.007436486892 0.003052018117 0.002614341443 0.002519806847 0.00251540821 0.002079488244 0.001886994345 0.001818210934 0.001758548431 0.001303476514 0.00120776624 0.001182571868 0.001105583855
9,frag@118.06 loss@249.08 loss@185.05 loss@234.07 frag@128.05 loss@217.07 frag@146.06 loss@189.08 frag@134.06 loss@176.1 loss@195.02 frag@176.07 loss@262.06 loss@204.09 loss@193.04 loss@287.1 loss@189.03 loss@214.09 loss@160.05 loss@238.04,0.3304232359 0.07886700332 0.04570230097 0.03978060558 0.02228729241 0.02089652047 0.01763369143 0.01669855602 0.01606533863 0.0153079452 0.01345996093 0.01176688727 0.01097233966 0.01095663384 0.009875788353 0.009524137713 0.009094411507 0.008947013877 0.008809008636 0.008625521325
10,loss@236.06 frag@135.06 frag@120.04 loss@193.06 frag@92.05 frag@80.05 loss@204.13 frag@94.06 frag@107.06 loss@244.13 loss@258.07 loss@195.03 frag@96.04 frag@110.06 frag@121.04 loss@215.11 frag@121.08 loss@219.05 frag@133.08 loss@212.06,0.1652614772 0.1623600125 0.06970335543 0.03089026734 0.0259275306 0.02336291224 0.01759889722 0.01520517562 0.01403910667 0.01391345914 0.01294518076 0.01199301891 0.01099047437 0.01069794223 0.009743273258 0.009488860145 0.009412753396 0.009350465611 0.009042019024 0.007881492376
11,frag@118.92 frag@228.09 loss@242.03 loss@240.17 loss@241.13 loss@240.14 frag@212.04 frag@230.13 frag@273.11 loss@337.17 loss@263.08 frag@281.08 frag@321.12 loss@187.13 loss@147.11 loss@304.17 frag@99.07 frag@206.03 loss@136.13 frag@325.07,0.185119316 0.1529869288 0.1125619337 0.1029606089 0.09758653492 0.05193161964 0.02358570136 0.0111051565 0.008683905005 0.008220396005 0.007861563936 0.007577010896 0.007089645136 0.007025653962 0.006644191686 0.006396064535 0.006230723578 0.004745702259 0.004660443868 0.00449729478
12,loss@201.06 frag@153.05 frag@147.05 loss@181.03 frag@123.0 loss@217.04 loss@144.01 loss@221.03 frag@106.07 frag@105.06 loss@189.05 loss@208.07 frag@162.07 loss@294.04 loss@189.07 loss@186.06 loss@160.08 frag@133.08 frag@118.05 loss@298.11,0.225357011 0.1806905419 0.1598782092 0.03870840743 0.02190096304 0.01333513204 0.01232724264 0.01218628697 0.008824308403 0.007156788372 0.006437161006 0.006406918168 0.00633457955 0.00622494705 0.006021165289 0.00454309443 0.004512191284 0.004176453222 0.004148166627 0.004142791498
13,frag@96.08 loss@263.08 frag@70.07 loss@180.13 frag@44.05 loss@275.11 loss@153.15 frag@110.1 loss@287.14 loss@271.14 loss@239.16 frag@124.11 loss@237.15 frag@98.1 loss@105.05 frag@57.06 loss@152.13 loss@168.13 loss@199.0 frag@124.08,0.2385306507 0.1006406397 0.0331511274 0.01622282341 0.01500932314 0.01339578722 0.01332591195 0.01273706928 0.01174333133 0.01127175987 0.009074448608 0.008389938623 0.008378433995 0.007987028919 0.007878267206 0.007712805644 0.007682436146 0.007064525504 0.006478033029 0.006391098257
14,frag@69.0 loss@104.05 loss@161.04 loss@150.05 loss@82.04 loss@97.03 loss@282.09 frag@190.03 frag@293.12 frag@183.03 frag@152.95 frag@255.04 frag@220.09 loss@69.03 loss@226.01 frag@78.49 loss@330.11 frag@301.07 frag@317.09 loss@179.12,0.3816871941 0.1945971847 0.1051470339 0.03074502759 0.02505068108 0.02445552126 0.02109913342 0.01215082128 0.01126735564 0.008680513129 0.00740741007 0.006068540271 0.005915137939 0.005057546776 0.004812946543 0.00433622906 0.003742322559 0.003355639055 0.003330423962 0.003277393524
15,frag@182.94 loss@162.12 frag@172.96 frag@163.12 loss@141.1 frag@180.07 loss@198.96 loss@133.09 frag@323.14 loss@115.08 loss@240.14 loss@326.07 loss@302.0 loss@249.13 loss@332.11 loss@263.07 frag@159.99 loss@183.14 loss@126.09 loss@140.09,0.2042111605 0.1577840596 0.09140660614 0.05249270052 0.05120246857 0.04835752398 0.02677336335 0.01054517645 0.008474171162 0.006355362944 0.006134368945 0.006076695863 0.006041015033 0.005746894982 0.005038214382 0.004945414141 0.00491446536 0.004100461025 0.003727427218 0.003644976299
16,frag@163.11 loss@163.12 loss@298.06 frag@253.08 loss@283.06 loss@255.02 loss@280.06 frag@224.07 loss@328.19 loss@23.05 frag@228.1 frag@182.96 frag@198.02 loss@410.06 loss@234.03 loss@354.07 frag@233.05 loss@342.12 frag@250.11 loss@143.15,0.2448271662 0.149889946 0.05682548881 0.03701865301 0.02508622594 0.02298062481 0.02169351466 0.02145495266 0.01593044028 0.006574008148 0.005234073848 0.005215930752 0.005024475977 0.004699553829 0.004647283349 0.004402276594 0.004278466105 0.004035535734 0.003445708659 0.003159644548
17,frag@105.04 loss@140.07 frag@104.05 loss@202.12 loss@194.08 loss@179.06 frag@158.05 loss@206.08 loss@180.05 loss@129.06 frag@132.04 loss@299.08 frag@105.06 frag@77.04 loss@204.09 loss@208.08 loss@208.07 loss@190.06 loss@219.05 loss@188.06,0.3171073794 0.1483990699 0.06392669678 0.04015632719 0.02720431611 0.02611960657 0.0165790692 0.01645640843 0.01338371169 0.01199449692 0.009881742299 0.008272734471 0.008014026098 0.007952858694 0.007707521785 0.006904077716 0.006808678154 0.005800779443 0.004894407466 0.004714776762
18,loss@165.04 frag@150.04 frag@149.03 loss@167.14 frag@149.02 frag@194.01 frag@152.98 loss@148.02 frag@109.01 loss@173.05 loss@294.0 loss@134.02 frag@106.03 loss@224.03 loss@84.0 loss@153.04 frag@124.02 loss@191.05 loss@350.13 loss@89.98,0.2922341526 0.1623264402 0.1472293139 0.06240160391 0.05848646909 0.05150486529 0.03234260157 0.0270321779 0.01600357518 0.006371212658 0.006084099412 0.00464304816 0.003730196506 0.003217188641 0.003086695913 0.002995859599 0.002668819623 0.002668346278 0.002213947708 0.002030185889
19,frag@224.07 loss@308.12 loss@292.09 loss@271.07 loss@266.12 loss@283.06 frag@81.03 loss@229.06 loss@269.03 frag@173.99 frag@203.11 loss@279.13 frag@163.11 frag@247.02 loss@208.99 loss@278.14 loss@248.06 frag@270.12 loss@225.03 frag@209.01,0.1590911001 0.0788558498 0.06796178222 0.05884166434 0.03578180075 0.03298669681 0.02740867622 0.02475877479 0.0158613082 0.01392072719 0.01075974107 0.005915869959 0.005610486027 0.005167521071 0.004844858777 0.004601575434 0.004151717294 0.004024933558 0.003893959802 0.003781102365
20,frag@94.06 loss@249.11 loss@251.08 loss@245.09 loss@291.1 loss@247.13 frag@135.06 frag@174.03 frag@230.12 frag@122.06 loss@152.09 frag@94.07 loss@261.15 loss@295.07 frag@121.05 loss@219.14 frag@110.06 loss@198.08 frag@120.04 loss@211.11,0.2063211352 0.1120243371 0.0535697341 0.04409569502 0.03389644623 0.03371403739 0.02987479232 0.01937829703 0.01792407967 0.01712065749 0.01608593017 0.01464811061 0.01233139448 0.01035802346 0.009412838146 0.009085786529 0.008553730324 0.008391750976 0.007817975245 0.006419824436
21,frag@182.04 loss@28.01 frag@310.13 frag@277.08 frag@171.04 loss@158.1 loss@243.16 loss@196.98 loss@115.06 loss@267.15 frag@311.13 loss@269.17 frag@286.11 loss@243.12 frag@187.07 frag@226.02 frag@167.05 loss@155.11 loss@294.06 frag@124.1,0.1056489348 0.04560386762 0.03044793755 0.02095098235 0.02050562389 0.01633637957 0.0153201716 0.01314001437 0.01284379419 0.01225413755 0.01167414151 0.0110054994 0.01062652841 0.0102648586 0.009528392926 0.009527829476 0.00802202709 0.00751321204 0.007276833989 0.007228013128
22,frag@121.04 loss@272.13 loss@219.1 frag@132.06 loss@215.11 loss@235.1 frag@135.06 loss@208.08 loss@259.13 loss@207.1 frag@121.03 loss@189.08 loss@237.09 loss@186.12 loss@246.11 loss@209.05 frag@123.06 loss@211.08 frag@106.06 frag@146.07,0.396353513 0.1009812355 0.0284232609 0.01818556525 0.01740952209 0.0138417203 0.01071358379 0.009963924065 0.009368814528 0.009055106901 0.009045985527 0.008796269074 0.008111606352 0.007910276763 0.007246220019 0.007104981691 0.006373969838 0.006281447597 0.006164609455 0.005765847862
23,frag@174.06 loss@232.09 frag@223.01 loss@269.12 frag@217.1 loss@301.11 loss@252.09 loss@260.12 frag@288.11 frag@273.11 loss@256.11 frag@147.06 frag@159.09 frag@146.06 loss@259.13 frag@210.13 loss@222.06 frag@172.11 loss@278.15 loss@260.06,0.3687268794 0.3476819694 0.0883898586 0.08694560826 0.007745023817 0.007600542158 0.004015450366 0.002593954327 0.002408328699 0.001935392036 0.001930511091 0.001881084405 0.001824580249 0.001355936169 0.001248175511 0.001127794734 0.001087123877 0.001056290115 0.001021665521 0.0009910805384
24,frag@183.08 frag@195.08 frag@235.09 loss@116.09 loss@143.11 loss@222.04 loss@156.06 loss@296.07 frag@227.11 frag@233.09 loss@112.1 frag@200.03 loss@183.97 loss@316.07 loss@129.05 frag@234.08 loss@91.06 loss@333.13 frag@163.11 loss@157.15,0.1552113444 0.1416252404 0.08873802423 0.08497951925 0.08333403617 0.07095457613 0.06686130166 0.04419885948 0.03072350845 0.01703635044 0.01279470045 0.01253528707 0.008218250237 0.007548204158 0.007517120335 0.004492928274 0.003492926247 0.002799886744 0.002433752175 0.002300318796
25,frag@47.0 frag@222.02 loss@243.99 loss@238.07 frag@227.06 loss@140.09 frag@219.08 frag@207.08 loss@218.99 loss@56.04 frag@268.05 frag@226.07 frag@303.15 frag@250.13 frag@288.07 loss@344.09 frag@168.06 loss@123.05 frag@180.98 loss@40.03,0.05888572708 0.04148422554 0.02245127782 0.01549718156 0.0120154433 0.009369453415 0.00926200673 0.007646298502 0.006033794023 0.005718415603 0.005375750363 0.005359799135 0.00448693661 0.004169588443 0.004031872377 0.00395586621 0.00382974511 0.00376185216 0.003749304917 0.003704374423
26,loss@145.09 frag@239.08 loss@202.11 frag@188.07 frag@130.06 frag@157.08 frag@187.09 loss@243.12 frag@160.08 frag@171.09 frag@142.07 frag@158.06 loss@203.09 frag@132.08 frag@173.07 frag@130.07 frag@172.08 frag@146.06 loss@175.13 loss@188.1,0.08508785069 0.05473315343 0.03184137493 0.02558264881 0.02490789257 0.02231618017 0.0190744102 0.01662860624 0.01564443111 0.01563971676 0.01509164833 0.01476954669 0.01457725 0.01362411957 0.01354498975 0.0112205632 0.01114026457 0.01100673899 0.01027559489 0.008506233804
27,frag@109.08 loss@228.14 loss@207.11 frag@122.08 frag@155.04 frag@137.09 loss@187.04 loss@192.1 loss@184.04 frag@136.09 loss@223.05 frag@110.06 frag@80.05 frag@107.06 frag@190.13 frag@122.07 loss@152.1 frag@81.06 loss@168.09 frag@108.04,0.1122547165 0.1034464166 0.07161547989 0.05717089772 0.04296194389 0.03748039901 0.03001558036 0.02722720988 0.02637245692 0.02091734111 0.01911042258 0.01326438598 0.01307747234 0.01266546641 0.01111479662 0.01001550164 0.008823866956 0.008719520643 0.008658372797 0.007619312033
28,frag@68.05 loss@238.1 loss@235.07 loss@248.15 frag@67.02 loss@239.05 loss@237.02 loss@234.14 loss@201.11 loss@239.09 loss@282.07 frag@99.05 loss@235.1 loss@270.04 loss@304.14 loss@240.06 loss@287.13 loss@261.11 loss@213.03 loss@265.14,0.3949379623 0.06749200076 0.04266770929 0.02808884531 0.02582281269 0.02523242682 0.02259944379 0.02092827484 0.01898039691 0.01755450107 0.01385355182 0.01187946182 0.01157851983 0.01139918528 0.01127248537 0.009852311574 0.009521433152 0.008412433788 0.006096908823 0.005996485706
29,frag@86.06 loss@255.03 loss@308.08 loss@278.11 loss@173.02 frag@254.13 frag@185.03 frag@257.14 loss@193.13 loss@188.15 loss@316.11 loss@170.12 loss@275.07 loss@210.15 loss@266.13 loss@314.12 loss@171.1 frag@99.05 frag@245.07 loss@180.13,0.2871916294 0.06822078675 0.06115126237 0.04009239003 0.03063331731 0.02460551634 0.0223025959 0.01878643595 0.01443416812 0.01238611806 0.009318785742 0.007852632552 0.007028381806 0.006058838218 0.005989906844 0.005676026456 0.004206967074 0.003975342494 0.003900067881 0.003812894225
30,frag@134.04 loss@136.03 loss@175.04 frag@79.03 frag@134.05 frag@150.06 loss@165.06 loss@240.03 frag@233.07 loss@182.1 loss@231.0 loss@125.06 loss@173.04 loss@120.07 loss@204.03 loss@138.04 loss@96.02 frag@153.04 loss@224.99 frag@107.03,0.2101296186 0.1484968066 0.1360987127 0.09033718705 0.05305607617 0.04689282924 0.02207136527 0.01446991041 0.01097552385 0.01096649654 0.009747508913 0.00966640655 0.009044267237 0.007977390662 0.006600817665 0.005538275 0.005495463964 0.005255878437 0.005098075606 0.005088869948
31,frag@97.01 frag@126.04 frag@151.06 frag@85.01 frag@99.03 loss@221.09 loss@204.08 loss@240.07 frag@125.04 loss@221.06 loss@274.08 loss@209.09 loss@266.08 loss@247.03 loss@203.04 loss@201.01 loss@229.04 loss@124.0 loss@237.09 loss@183.05,0.1379960775 0.105884403 0.07195515931 0.07032559812 0.05170689151 0.05029808357 0.04412554577 0.03055432439 0.0290536657 0.02464929409 0.02174603939 0.02002273314 0.0170321092 0.01526238769 0.01421848778 0.0120816743 0.01164701208 0.009724743664 0.009654827416 0.009563171305
32,loss@213.08 frag@74.93 frag@248.1 frag@174.97 frag@347.15 loss@259.07 frag@257.13 frag@220.11 loss@216.06 frag@147.02 frag@182.13 frag@112.03 loss@181.06 frag@239.1 frag@257.11 frag@113.04 loss@233.13 loss@111.14 frag@208.03 frag@133.09,0.43524611 0.1674951464 0.1179055572 0.1017286181 0.0245272126 0.006219937466 0.004972134717 0.004645225592 0.003254831769 0.002941109007 0.002543294104 0.002372422256 0.002059173072 0.00179741811 0.001577715972 0.001572451089 0.001463283785 0.001361274393 0.001287079183 0.001253461698
33,frag@141.01 loss@199.08 loss@305.12 loss@298.09 frag@141.03 loss@179.1 loss@359.17 loss@216.09 loss@253.13 frag@184.06 loss@304.18 loss@287.16 loss@302.06 loss@173.08 loss@351.1 loss@208.04 loss@198.06 loss@269.1 loss@266.05 loss@211.06,0.4388301075 0.1747152209 0.06231421977 0.05461256951 0.03734864295 0.02110777609 0.01478375588 0.01279732585 0.01194450352 0.01104534697 0.005580195691 0.005029771011 0.004281839821 0.004232528154 0.003960681614 0.003096828703 0.002983441809 0.002853596117 0.002345324028 0.002276604529
34,frag@125.02 frag@124.02 frag@151.03 frag@175.03 frag@153.01 frag@147.03 loss@167.04 frag@148.02 loss@157.03 frag@174.04 frag@166.03 loss@150.03 frag@173.03 loss@156.05 loss@154.03 loss@141.02 loss@176.04 loss@139.02 loss@128.0 loss@152.0,0.09708542377 0.04285560921 0.04225013778 0.03489769623 0.02791038342 0.02391809039 0.02282626182 0.02237724885 0.0206237752 0.01982629672 0.01921916567 0.01703114994 0.01602420583 0.01530459896 0.01522581186 0.01405395009 0.01267338637 0.01137808803 0.01097178273 0.01025068015
35,loss@206.06 loss@253.03 frag@135.1 frag@185.03 frag@200.06 loss@173.02 loss@212.03 frag@161.05 frag@178.03 loss@311.08 frag@173.08 frag@165.06 frag@124.02 frag@179.06 loss@331.13 frag@227.13 frag@109.01 frag@160.06 frag@252.05 frag@125.02,0.2205946594 0.05492669344 0.04670927674 0.02998813614 0.02456446178 0.0229966864 0.01620029286 0.01567357592 0.01538001001 0.01503627095 0.01177934743 0.01138410065 0.01108244434 0.0101866927 0.009525386617 0.0094500985 0.008280056529 0.008109056391 0.006543246098 0.006457850337
36,frag@106.06 frag@134.06 frag@106.07 loss@186.09 loss@100.02 frag@107.07 loss@189.05 loss@232.05 loss@186.05 loss@249.09 loss@200.04 loss@217.06 frag@121.09 loss@210.05 loss@162.06 loss@247.05 loss@200.02 loss@256.04 loss@228.06 loss@275.05,0.2378937155 0.1199837923 0.06036605313 0.05490056798 0.05241847038 0.04010476917 0.03604081273 0.03066264652 0.02310881205 0.02305965126 0.01876024157 0.01711283065 0.01592635363 0.01583703235 0.0137337707 0.01362354122 0.008850097656 0.008113448508 0.007429062854 0.006006967742
37,frag@97.04 loss@196.03 frag@107.02 frag@83.03 frag@190.02 loss@211.05 loss@173.08 loss@262.12 loss@209.12 loss@228.12 loss@195.04 frag@147.05 frag@86.99 loss@214.1 loss@210.07 frag@130.03 loss@217.03 loss@222.15 loss@145.03 loss@265.05,0.2519451678 0.08287659287 0.07962836325 0.02456887253 0.02434450202 0.01941196993 0.01726286113 0.01430069096 0.0140963383 0.01100165304 0.01007324737 0.008375704288 0.007792272139 0.007454498671 0.006177691743 0.005998852663 0.005919221323 0.005913415458 0.005601507612 0.005528503098
38,frag@133.08 frag@191.08 frag@131.06 frag@161.11 frag@132.07 frag@161.07 frag@146.08 frag@159.06 loss@178.06 loss@206.06 loss@227.11 loss@202.11 frag@147.06 frag@187.12 loss@241.12 loss@179.06 loss@269.13 frag@157.08 frag@186.1 loss@208.08,0.05413995683 0.03587826341 0.03512487561 0.03088222258 0.02916498482 0.02795857377 0.02288256027 0.02007849142 0.01927472837 0.01886959188 0.01861966774 0.01653564535 0.01622343995 0.01583967917 0.01578959078 0.01350935455 0.01281552669 0.01190166082 0.01186428685 0.01142294798
39,loss@207.14 frag@201.1 frag@253.06 frag@337.17 frag@257.13 frag@101.01 frag@114.05 frag@99.01 frag@213.14 frag@213.04 frag@109.05 loss@223.11 frag@137.01 loss@214.08 loss@259.07 frag@231.06 frag@256.1 frag@199.05 frag@87.07 frag@169.02,0.4758014977 0.302806139 0.04578993097 0.02764955536 0.02268878929 0.01346868742 0.005306572653 0.005124315154 0.003615039634 0.002843463561 0.002763557015 0.002491175896 0.002435293049 0.002377890283 0.002248611767 0.001847149571 0.001781075029 0.001565750339 0.001562347985 0.001541265519
40,frag@218.06 loss@209.08 loss@210.09 frag@162.97 frag@127.01 frag@178.02 loss@279.1 loss@143.02 frag@139.07 loss@249.05 frag@121.01 frag@232.13 frag@153.0 loss@181.09 loss@240.14 loss@258.06 frag@249.13 frag@241.14 loss@218.09 frag@141.01,0.1168976501 0.1150945947 0.07942735404 0.04246911034 0.03458761796 0.03080822341 0.01687424816 0.01484210324 0.01385610085 0.01130241621 0.01103998069 0.008759259246 0.008546572179 0.008196932264 0.008092408068 0.006688150112 0.006009180099 0.005904985592 0.005770953372 0.005742405541
41,frag@44.05 loss@234.06 loss@223.06 loss@233.06 frag@98.1 loss@216.03 loss@265.11 loss@266.13 frag@96.08 loss@236.09 loss@283.1 loss@243.08 frag@70.06 frag@110.1 loss@81.97 loss@274.07 loss@298.13 loss@208.09 frag@42.03 loss@162.1,0.395231843 0.2216234058 0.07496633381 0.06640635431 0.05943753943 0.03273412585 0.01554616634 0.01032241434 0.008104473352 0.007836391218 0.007123719901 0.006149949972 0.004941830412 0.004571108613 0.00438972516 0.003678514156 0.003609787906 0.003472254146 0.00333757815 0.00303706876
42,frag@82.03 frag@55.02 loss@247.1 loss@242.12 loss@294.08 frag@178.12 loss@208.04 loss@257.09 loss@222.06 loss@233.08 loss@138.11 loss@195.09 loss@252.07 loss@287.03 loss@245.08 loss@183.09 loss@222.07 loss@258.1 loss@259.09 loss@224.09,0.2093030363 0.1793852746 0.04450197145 0.0393361263 0.03342086449 0.03342071921 0.02037930675 0.01616828889 0.0160901323 0.01395633072 0.01329416782 0.009587829933 0.009227906354 0.008766501211 0.008759105578 0.008331163786 0.006990090944 0.005974519067 0.004815976601 0.004487948027
43,frag@150.07 loss@179.11 frag@165.09 loss@216.13 loss@161.1 loss@265.09 frag@161.09 loss@280.13 loss@311.07 loss@243.01 frag@180.12 frag@190.1 loss@302.14 frag@120.06 loss@290.2 frag@178.1 loss@178.11 frag@134.07 loss@351.13 frag@180.1,0.2653542459 0.1784695089 0.1072726399 0.0811829865 0.03753957897 0.02094687149 0.02011727542 0.01690717228 0.01502268482 0.009919857606 0.00700574927 0.006559280213 0.006353420671 0.006340772845 0.00623836508 0.00548651861 0.005295809824 0.005290027708 0.005241839681 0.005157824606
44,frag@197.97 frag@212.09 frag@164.06 loss@189.11 frag@135.03 loss@252.04 loss@165.06 frag@259.05 loss@324.06 loss@269.02 loss@265.02 loss@275.08 loss@282.17 frag@341.16 loss@325.1 frag@166.13 frag@311.18 loss@279.03 loss@299.17 loss@265.06,0.05912844464 0.03429396823 0.02986381948 0.01985040493 0.01887742057 0.01207043696 0.01195421815 0.01162770204 0.009915444069 0.00944525376 0.009220851585 0.008985741064 0.00855843816 0.007493438199 0.007396348752 0.007366802078 0.007321913261 0.007275924552 0.007151674945 0.007109059487
45,frag@156.07 loss@135.03 loss@104.03 loss@142.09 frag@114.03 frag@202.04 loss@106.01 frag@235.11 loss@43.01 loss@68.01 frag@265.08 loss@62.04 frag@225.05 loss@95.04 loss@94.05 loss@70.02 frag@211.1 frag@223.05 frag@280.09 frag@281.1,0.1900177002 0.09511373937 0.07393427938 0.0635894984 0.05421472713 0.02771651186 0.0274971351 0.02158113383 0.01720263995 0.01650436223 0.01412636507 0.01184017211 0.01065353397 0.01050091162 0.009587494656 0.008598232642 0.007551158778 0.007009690162 0.00670751743 0.005597696174
46,frag@218.07 frag@200.07 loss@94.01 loss@99.04 loss@168.05 loss@198.96 frag@171.07 loss@122.04 loss@162.02 loss@112.07 loss@80.97 loss@118.07 loss@121.02 loss@29.0 loss@115.05 loss@57.02 loss@110.04 loss@127.09 loss@61.03 loss@31.04,0.2220307589 0.2215725929 0.1597970873 0.05763056874 0.03175982833 0.02334246039 0.01898898743 0.01734479144 0.01299472619 0.01041290537 0.008821605705 0.007894932292 0.005684559699 0.005682039075 0.005490299314 0.005358387716 0.005156399682 0.004667147994 0.004573691636 0.004364605062
47,frag@93.07 loss@224.08 loss@240.11 loss@215.13 frag@121.06 loss@252.11 loss@238.14 loss@208.03 loss@311.09 loss@331.12 loss@217.02 loss@281.14 loss@222.11 loss@298.14 loss@296.12 loss@239.04 frag@109.06 loss@229.11 frag@131.09 frag@69.03,0.4507555068 0.1712585688 0.1297772229 0.05352044478 0.01593736932 0.01281255856 0.01047163736 0.008771921508 0.00685448572 0.006761758123 0.005788317416 0.005547068547 0.005053496454 0.004430368543 0.004204513039 0.00418632431 0.003812127979 0.00371865998 0.003660832997 0.003609002568
48,frag@191.06 loss@218.05 loss@275.13 loss@290.11 loss@220.07 loss@292.04 loss@282.05 loss@279.05 loss@232.08 loss@223.13 loss@251.02 loss@320.09 loss@305.08 loss@317.12 loss@229.08 loss@90.05 loss@331.13 loss@289.07 loss@265.06 loss@251.11,0.4951328337 0.1547959447 0.1264434606 0.0497755222 0.03120944276 0.01387827378 0.01258522272 0.007400630042 0.004257183056 0.003455227707 0.003391242586 0.00322359195 0.003115756437 0.002816800727 0.002504643286 0.002301232191 0.002003928646 0.001959977206 0.001935126376 0.001849051681
49,frag@168.08 loss@122.04 frag@196.08 frag@198.09 loss@227.14 frag@225.1 loss@88.1 loss@140.04 loss@129.11 loss@46.07 loss@284.16 loss@96.03 loss@121.07 loss@47.04 loss@128.08 loss@62.04 loss@100.01 loss@202.04 loss@162.03 loss@110.04,0.228255108 0.1903560311 0.1101548597 0.08492647856 0.07641363889 0.05727116764 0.02577338926 0.009142274968 0.00893991068 0.007193778642 0.007151267026 0.006162249483 0.005976332352 0.005896665156 0.005021913908 0.004983849823 0.004166835919 0.003944178112 0.003770771436 0.003756872844
50,frag@122.1 frag@108.08 loss@220.12 loss@232.12 loss@196.09 loss@235.14 loss@272.13 loss@277.12 frag@136.08 loss@195.1 loss@234.14 loss@270.14 loss@246.14 loss@179.09 loss@230.14 loss@221.12 loss@219.1 loss@208.13 loss@210.11 loss@189.12,0.3817977905 0.08341708034 0.08198452741 0.07745692879 0.0314790383 0.03064268455 0.02602868713 0.02348103188 0.01145153586 0.006707581691 0.005987945478 0.005959296133 0.005784828216 0.005572305527 0.005394562613 0.005190468859 0.004964915104 0.003958111163 0.003632797627 0.003579635872
51,frag@112.01 frag@76.02 frag@197.01 frag@200.97 frag@439.18 frag@399.14 frag@100.0 frag@236.04 frag@280.06 frag@86.02 frag@234.04 frag@100.5 frag@187.97 frag@319.06 frag@160.01 loss@266.03 frag@333.15 frag@205.15 frag@294.12 frag@235.06,0.001855767565 0.001428303891 0.001201953273 0.001173324184 0.001069022925 0.001014217734 0.001005833736 0.0009982428746 0.0009569267277 0.0009390944615 0.000914849632 0.000869219366 0.0008568380727 0.0008444651612 0.0008202629979 0.0008038262604 0.0007986609126 0.0007971097948 0.0007767908974 0.0007763372851
52,frag@82.05 loss@119.06 frag@83.06 frag@95.06 frag@81.04 loss@256.03 frag@54.03 frag@94.05 loss@61.05 loss@241.06 frag@67.04 loss@101.03 frag@42.03 loss@239.99 loss@105.04 loss@180.14 loss@358.06 loss@78.03 loss@354.05 loss@125.06,0.08233358711 0.07815793902 0.07645238191 0.05672742054 0.05155095831 0.04414790869 0.03960911185 0.03342270851 0.02702810615 0.02251710743 0.02179256454 0.0201558508 0.01424378529 0.01321554184 0.009821921587 0.009249201976 0.007128707133 0.007007004227 0.006460987497 0.005574209616
53,frag@108.08 loss@166.11 loss@232.12 loss@176.13 frag@150.13 frag@245.09 loss@205.12 loss@270.14 loss@246.14 loss@277.15 loss@60.08 loss@213.11 loss@244.16 loss@184.12 loss@219.1 loss@232.1 loss@195.13 loss@180.09 frag@177.08 loss@219.14,0.4228597581 0.1146398634 0.08856164664 0.01585049555 0.01211252902 0.01120591257 0.009883511811 0.008974792436 0.008685818873 0.008625371382 0.008271981031 0.006274109241 0.006028431933 0.005856400821 0.005584961269 0.00550412992 0.004624367692 0.004285140894 0.003720658133 0.003698481945
54,loss@220.05 frag@176.07 loss@250.08 frag@287.09 frag@74.93 loss@265.08 frag@191.12 loss@261.1 frag@244.05 frag@251.15 frag@130.0 frag@120.07 frag@190.09 frag@138.09 frag@171.01 frag@131.08 loss@251.08 frag@161.06 frag@133.09 frag@171.1,0.1465865225 0.1004805863 0.08696982265 0.07052016258 0.06547525525 0.05369595066 0.04261450097 0.03723612428 0.02211850882 0.01496127993 0.01108017284 0.01047043689 0.01017169468 0.008248271421 0.007996992208 0.006196911912 0.005597942043 0.005093567539 0.004846102092 0.004559182562
55,loss@246.06 loss@295.11 loss@276.18 loss@278.12 loss@308.12 frag@57.07 frag@244.08 loss@242.05 frag@74.02 frag@216.01 loss@263.12 frag@126.0 frag@155.98 frag@100.08 frag@249.04 frag@112.08 frag@203.11 loss@266.12 loss@347.11 loss@283.13,0.07069966942 0.06327591091 0.05579666793 0.03074588999 0.02917326801 0.02370597981 0.02021967806 0.02012983337 0.01471147686 0.01291460451 0.01174937841 0.01129292976 0.01106281951 0.01102267485 0.008619331755 0.007407302503 0.007279941812 0.007135280874 0.005878441501 0.005747609772
56,loss@307.11 frag@263.09 frag@66.05 loss@305.1 frag@133.09 loss@261.1 loss@263.07 loss@261.14 frag@162.97 loss@252.12 frag@218.03 frag@155.07 loss@252.06 frag@99.07 loss@236.03 frag@412.22 loss@281.08 loss@144.08 frag@201.96 loss@253.1,0.06147913635 0.04888979346 0.04828570783 0.03998769075 0.03471145779 0.03110522404 0.03090801835 0.02014304139 0.01836610027 0.01680037752 0.01600230858 0.01186960842 0.008565030992 0.007691624109 0.006522900891 0.005868792534 0.005175899714 0.004775803071 0.004730255809 0.004728936125
57,loss@130.06 frag@219.07 frag@62.02 frag@229.09 frag@237.08 frag@134.04 frag@216.02 loss@96.09 frag@69.0 frag@246.11 frag@211.1 loss@112.06 frag@180.02 frag@141.0 loss@73.09 loss@186.01 frag@220.03 frag@202.03 frag@122.01 frag@169.06,0.4238485992 0.105101034 0.09649369866 0.0731567964 0.02775961533 0.01893265173 0.01639563031 0.009603638202 0.006658674218 0.006463595666 0.006391747855 0.005833011586 0.005591941066 0.0055578826 0.005502066575 0.004803250544 0.00477967551 0.004330659751 0.004084368236 0.003566746367
58,frag@128.05 loss@169.05 loss@197.02 loss@202.06 frag@130.06 loss@169.03 frag@118.06 loss@145.1 frag@146.06 loss@199.07 loss@184.06 loss@164.03 frag@144.07 frag@143.04 loss@165.07 frag@147.05 frag@216.1 frag@117.06 frag@119.07 frag@145.08,0.1966550946 0.0685890764 0.05943174288 0.04469322786 0.04302256182 0.03890535608 0.02907692268 0.02872377634 0.02853067964 0.0185117498 0.0180597268 0.01728978381 0.01457604766 0.01455714088 0.0113537861 0.0103985006 0.01038370561 0.009664896876 0.009516826831 0.00898458343
59,frag@107.07 frag@108.08 loss@229.13 frag@125.05 loss@259.09 loss@164.1 loss@151.1 frag@177.08 loss@261.13 frag@166.08 loss@187.11 loss@193.1 loss@241.15 loss@258.11 frag@148.08 frag@238.07 loss@222.1 frag@95.02 loss@181.09 frag@136.04,0.03318610787 0.01556587219 0.01514177117 0.01404137351 0.01163883135 0.0116114812 0.01132192463 0.009735812433 0.009232695214 0.008962175809 0.00885641668 0.008815690875 0.008455955423 0.008426973596 0.008326091804 0.00811068248 0.008083188906 0.008061836474 0.007857908495 0.007728700992
60,frag@163.08 loss@260.14 loss@286.11 loss@185.08 loss@271.09 loss@279.1 loss@207.06 loss@295.14 loss@189.1 loss@292.18 loss@177.11 frag@120.08 frag@169.01 frag@121.06 loss@313.17 loss@262.13 loss@312.15 loss@311.09 loss@258.15 loss@307.1,0.4383893013 0.1217299849 0.1133101881 0.03508786857 0.03315304965 0.01380509883 0.01343542058 0.009890656918 0.008699322119 0.008305883966 0.007387096528 0.007197064348 0.006958285347 0.006939683575 0.006869605742 0.006863764487 0.00597103592 0.004484826699 0.004318946972 0.003868467407
61,frag@135.08 frag@121.06 loss@217.1 loss@189.1 loss@215.12 loss@205.11 loss@230.09 frag@147.08 loss@217.11 loss@254.12 loss@184.03 loss@162.07 loss@180.11 frag@133.06 frag@121.03 loss@219.09 loss@233.11 loss@226.13 loss@207.06 loss@204.1,0.336489886 0.08087579906 0.0704433769 0.03885091841 0.02367577702 0.01967067085 0.01681908779 0.01674779691 0.0167046953 0.01571327634 0.01375522558 0.0129914796 0.01217927411 0.01071503293 0.01022575051 0.01021811739 0.009608631022 0.009060004726 0.00850855466 0.008046463132
62,loss@276.08 frag@203.13 frag@270.11 frag@206.03 frag@237.03 loss@208.04 frag@101.11 frag@232.13 frag@311.14 frag@273.11 loss@269.12 loss@248.16 frag@217.12 frag@154.01 loss@212.07 loss@318.07 loss@315.19 frag@237.07 frag@184.99 loss@301.1,0.2228730023 0.08127913624 0.04540094361 0.02817409486 0.02359101735 0.01500947028 0.01490701642 0.01446050685 0.01309753675 0.01295213215 0.01109188702 0.009183753282 0.006640256383 0.006568618584 0.005241335835 0.004945940804 0.004922666587 0.004618277773 0.004527548794 0.004393497482
63,loss@266.13 frag@218.12 frag@111.02 loss@280.12 loss@247.13 frag@254.13 loss@229.13 loss@277.18 frag@101.06 loss@291.1 frag@217.12 frag@244.05 frag@192.05 frag@279.16 frag@164.06 frag@157.13 loss@259.06 loss@290.12 frag@301.09 loss@251.08,0.09536552429 0.06310575455 0.0456998609 0.04325317219 0.04282826185 0.03283561021 0.03116333112 0.01851220429 0.01743342355 0.01606591418 0.01574307308 0.01546860952 0.01504895929 0.01418690383 0.01366286539 0.009993687272 0.009990280494 0.007323795464 0.007179528475 0.006105008069
64,frag@181.02 frag@154.01 frag@174.08 frag@56.01 loss@230.04 loss@284.11 loss@167.13 loss@300.1 loss@255.05 loss@228.03 loss@174.02 loss@329.09 loss@250.11 loss@321.1 loss@234.18 loss@169.04 loss@292.14 loss@211.14 loss@242.02 loss@274.04,0.1410046071 0.1095942631 0.09859802574 0.0829872489 0.04368913174 0.03070211224 0.02940350026 0.02733826637 0.02372577041 0.02332886308 0.02004528977 0.0162755046 0.01190933306 0.008102769032 0.007324654609 0.006993307732 0.006539694034 0.006462764461 0.005966327619 0.005194705911
65,frag@247.09 frag@193.06 loss@102.07 loss@83.07 loss@111.1 frag@242.07 loss@103.06 loss@89.05 loss@82.08 frag@187.03 frag@237.1 loss@100.09 loss@82.05 loss@85.05 loss@84.06 loss@124.1 loss@72.06 loss@82.09 frag@98.98 frag@237.06,0.1340938509 0.122706674 0.08666193485 0.0612186566 0.05912288651 0.03617722541 0.02465798147 0.02118904889 0.01661098003 0.01644294709 0.01593417861 0.01261411328 0.01165129337 0.01067957934 0.008001510985 0.007586480118 0.006995814852 0.006924500223 0.006879423745 0.006714578718
66,frag@56.05 loss@224.1 frag@42.03 loss@225.07 loss@211.12 loss@241.15 loss@259.03 loss@209.13 loss@261.06 loss@167.06 loss@240.06 loss@281.17 loss@320.06 frag@124.04 loss@238.06 frag@84.09 loss@259.0 loss@157.04 frag@86.06 frag@84.04,0.3560302556 0.2683596313 0.1121731475 0.0701893568 0.01863803156 0.01455015596 0.01435471699 0.009638091549 0.006124392617 0.004963602405 0.004699049983 0.004066572525 0.003721851623 0.003715530504 0.003685492324 0.003500444815 0.003207561793 0.003187126014 0.003117347369 0.002898380859
67,frag@96.04 loss@207.08 loss@221.07 loss@255.08 loss@206.06 frag@78.03 frag@121.08 frag@120.04 loss@219.07 loss@109.09 loss@222.12 frag@133.08 frag@135.06 frag@124.04 loss@193.09 frag@165.06 loss@320.1 loss@180.07 loss@229.16 frag@106.03,0.2955194712 0.0902910158 0.06888106465 0.03856595978 0.03348956257 0.02526033483 0.02396710217 0.01990550011 0.01964584179 0.01859466918 0.0151732862 0.01385031547 0.01377170999 0.01333097741 0.01050268207 0.009840029292 0.009355329908 0.007138183806 0.005969422869 0.005559362005
68,frag@143.06 loss@155.05 loss@273.09 frag@171.06 frag@125.02 loss@269.06 frag@174.04 loss@140.07 frag@228.11 frag@148.02 frag@229.06 loss@281.06 loss@212.07 loss@186.08 loss@224.03 loss@226.09 frag@220.05 frag@76.02 loss@222.03 loss@197.07,0.1973672211 0.08645066619 0.07566653937 0.05277699232 0.04237771034 0.03507717699 0.03257691115 0.01995422319 0.01700053364 0.01228867285 0.008909150027 0.008586199954 0.008544922806 0.007349413354 0.006649964489 0.00656064786 0.005215776619 0.003930596169 0.00389315444 0.003792849835
69,frag@231.11 frag@130.07 frag@255.08 frag@198.08 frag@171.06 loss@175.13 loss@165.07 frag@252.15 loss@171.02 loss@130.15 frag@173.07 frag@213.07 frag@307.16 frag@216.14 loss@160.06 loss@60.14 loss@260.06 frag@176.05 loss@145.05 frag@175.09,0.1466187835 0.01704539917 0.01376675069 0.01055808272 0.007959268056 0.007728839759 0.007393254898 0.006475363858 0.006462671328 0.006381801795 0.006356851198 0.006282935385 0.006068138871 0.005955806933 0.005793366581 0.005719584879 0.005492665339 0.005484893918 0.005207887385 0.00452300813
70,frag@212.09 loss@151.05 loss@228.02 frag@236.11 loss@306.14 frag@224.06 loss@198.05 frag@115.06 loss@256.15 frag@141.04 frag@228.03 loss@253.01 frag@135.03 loss@257.03 frag@192.07 frag@73.04 frag@43.02 loss@185.15 loss@239.02 frag@286.09,0.1129547656 0.09027665854 0.06762499362 0.04141495004 0.03701743484 0.03158188984 0.02659261972 0.0246370621 0.02364159375 0.02282522619 0.02255833521 0.01886978187 0.01769034192 0.0165303871 0.01650291309 0.01463653613 0.01294123381 0.01215042174 0.01118253451 0.01103772689
71,loss@196.11 frag@97.04 frag@206.09 frag@108.06 loss@188.08 frag@231.12 frag@123.05 frag@111.06 loss@193.09 frag@160.09 frag@109.08 frag@110.07 frag@134.07 loss@287.13 frag@122.1 frag@207.11 frag@122.07 loss@221.12 frag@96.06 frag@123.06,0.2340775728 0.107513763 0.0746948868 0.04548200965 0.02519418858 0.0137866009 0.01177001372 0.007431329228 0.007063233759 0.006736761425 0.006536900997 0.00639146287 0.006150972564 0.006147767417 0.006047011819 0.005879635457 0.00502547482 0.004789580591 0.004697109573 0.004663154949
72,frag@150.05 loss@185.07 frag@168.07 loss@259.06 loss@307.11 loss@192.05 loss@182.07 loss@119.06 loss@154.08 loss@144.11 loss@129.08 loss@318.08 loss@152.09 frag@152.07 loss@324.1 loss@253.14 loss@173.14 loss@158.14 loss@146.05 loss@163.03,0.3978457451 0.2422587126 0.06962617487 0.03521931544 0.01845646277 0.006300790701 0.006257698871 0.006050033495 0.005373755004 0.00528968079 0.005222522654 0.004511409905 0.003514300333 0.00347518851 0.003361302894 0.003297729418 0.002987749176 0.002859641099 0.002820417751 0.002792468062
73,loss@241.07 frag@170.07 loss@292.07 loss@131.11 loss@181.12 frag@218.04 frag@84.96 frag@302.09 frag@148.03 loss@129.1 frag@159.07 frag@247.07 frag@137.03 frag@131.0 loss@199.02 frag@309.14 frag@152.05 loss@111.06 frag@275.08 frag@252.05,0.06210438162 0.04960865155 0.04721274227 0.02168124169 0.01938497834 0.01628945209 0.01529997028 0.01307925861 0.01253914461 0.01044753287 0.01014562231 0.009771690704 0.009644620121 0.009292573668 0.009075874463 0.008201755583 0.007982673123 0.007801399101 0.006810279563 0.00680838339
74,frag@153.02 loss@308.11 frag@271.06 frag@207.07 loss@312.11 frag@301.07 frag@287.05 loss@270.09 frag@286.05 loss@294.09 loss@454.17 loss@324.11 frag@303.05 loss@309.12 frag@273.08 frag@287.06 frag@187.04 loss@316.08 frag@242.06 frag@307.06,0.05414581299 0.03594894335 0.02273201011 0.02024408244 0.01957231574 0.01931716874 0.01826704293 0.01809047535 0.01317041367 0.01079369709 0.0106705809 0.01017754246 0.009544087574 0.008484237827 0.00788945891 0.007691273 0.007599905599 0.007203151006 0.007005585358 0.006750714965
75,loss@234.15 frag@206.13 frag@60.04 frag@111.06 frag@194.13 frag@205.13 frag@182.09 frag@82.04 frag@57.06 frag@139.09 frag@252.12 frag@177.14 frag@155.04 frag@153.1 frag@164.08 frag@83.07 frag@165.14 frag@166.12 frag@110.06 frag@97.08,0.4697047174 0.1395541281 0.02978558838 0.02270229347 0.02143690176 0.01151140407 0.009376099333 0.00826606527 0.007153717335 0.006945407018 0.006602353882 0.006002317183 0.005748568103 0.005650244188 0.005333884154 0.00491289515 0.004851085134 0.004828740843 0.004559454974 0.004241032992
76,frag@95.05 frag@79.05 loss@181.07 frag@77.04 loss@195.09 loss@183.09 loss@209.07 loss@244.12 loss@192.06 loss@223.08 loss@240.09 loss@221.1 loss@240.15 loss@242.12 loss@266.14 loss@268.1 loss@221.07 loss@197.11 loss@245.11 loss@194.06,0.2328488529 0.1637043804 0.05374341831 0.05063988641 0.03618942201 0.03197044879 0.03154053912 0.02348919772 0.02305562235 0.0223730579 0.0215114858 0.01870911941 0.01363631431 0.01203435007 0.01136448421 0.01127901394 0.01013985556 0.009871545248 0.008943783119 0.008869884536
77,frag@220.1 loss@188.98 loss@199.95 loss@227.98 loss@241.97 frag@60.06 loss@382.15 loss@247.0 loss@252.22 loss@228.01 frag@148.02 loss@299.16 loss@294.07 frag@207.13 loss@326.12 frag@241.02 frag@247.06 frag@203.02 frag@193.02 loss@215.97,0.3543466628 0.1076796651 0.05551153049 0.0388356857 0.02362022549 0.02107724734 0.01904247701 0.01708596572 0.0142617356 0.01258735266 0.01206219662 0.00900973659 0.008135435171 0.00573471142 0.005260241684 0.005235815421 0.005192132667 0.004975632299 0.004770815838 0.00456313882
78,frag@258.12 loss@246.09 loss@308.12 loss@131.02 loss@130.04 loss@228.12 loss@146.12 loss@115.02 loss@121.1 frag@211.02 frag@267.04 frag@209.99 frag@184.11 frag@220.02 frag@281.04 frag@321.17 frag@249.14 frag@182.02 loss@256.13 frag@208.11,0.05884175003 0.0407493338 0.0269089397 0.0221066121 0.02013958991 0.01761454344 0.01486429945 0.01309970859 0.01101185661 0.008717774414 0.008261492476 0.007671026513 0.006349759176 0.005634522997 0.005007418804 0.004412828013 0.004393872339 0.004140284844 0.004106088541 0.003977725748
79,frag@95.05 loss@319.13 loss@194.04 loss@171.06 loss@221.05 frag@77.04 frag@105.03 loss@182.04 loss@203.03 frag@111.04 loss@197.09 loss@243.15 loss@352.11 loss@274.14 loss@396.09 frag@79.05 loss@448.16 frag@125.06 frag@111.03 loss@239.1,0.4177795351 0.1153209209 0.1081966609 0.1073833331 0.06052820012 0.03059601225 0.02036730945 0.01229442377 0.006165185478 0.005735064391 0.004977155011 0.004805079196 0.004670942668 0.003800927894 0.003708505537 0.003195016645 0.00306148571 0.002637066646 0.00259081577 0.002478699433
80,frag@225.09 loss@226.12 loss@198.09 frag@261.09 frag@180.04 loss@176.05 loss@104.08 frag@182.02 frag@130.08 frag@249.0 frag@162.98 frag@277.13 frag@241.12 frag@186.94 frag@103.04 frag@179.98 frag@249.14 frag@131.04 frag@287.07 loss@354.08,0.2000678033 0.1429011077 0.1363270283 0.1154384091 0.08991639316 0.08487208933 0.08204242587 0.01018411666 0.00972850807 0.004495798144 0.004344920162 0.004334341735 0.004184897523 0.003760867752 0.003606086364 0.003562273458 0.00266463263 0.002284007147 0.002045575297 0.001440613181
81,loss@266.1 frag@281.08 frag@276.12 frag@168.1 loss@361.12 frag@247.03 frag@174.01 loss@300.06 loss@180.12 frag@339.09 loss@263.08 frag@228.09 frag@197.98 loss@209.15 frag@252.12 frag@341.14 loss@310.1 frag@233.15 frag@228.1 frag@212.04,0.1312132031 0.0550930053 0.04380479455 0.03861614317 0.02442642301 0.02069868892 0.01988607645 0.01883526705 0.01769173332 0.01588528603 0.01429050881 0.01393609866 0.01202526689 0.008648351766 0.007594214752 0.007428496145 0.00680073956 0.006487238221 0.006274540443 0.006115265191
82,frag@138.07 frag@164.08 loss@137.06 loss@185.98 loss@264.09 loss@280.11 loss@286.04 loss@253.04 loss@231.02 loss@325.16 frag@182.09 loss@168.11 loss@277.07 loss@154.12 loss@210.0 frag@208.13 loss@197.01 loss@165.09 loss@309.13 loss@140.13,0.3490002751 0.1157175973 0.1042711884 0.06231984496 0.04213475436 0.04096614942 0.03877339885 0.03349132091 0.02424401976 0.01313153375 0.01235658955 0.01044945233 0.008536780253 0.005654765759 0.005520255305 0.004004724324 0.003621314419 0.00319388858 0.003083663061 0.002936077537
83,loss@238.09 frag@180.05 loss@260.08 loss@313.11 frag@147.02 frag@228.11 loss@142.11 frag@319.17 frag@113.02 frag@164.06 frag@171.02 frag@222.04 frag@70.03 loss@294.06 loss@331.08 frag@318.16 frag@137.01 frag@141.05 frag@238.05 loss@155.05,0.4127780795 0.3877520859 0.0125391921 0.01221397333 0.01043449901 0.01029991917 0.006613345351 0.006517212838 0.00647892803 0.003878367599 0.003805624321 0.003763713175 0.00359044224 0.003479747334 0.003167883726 0.002489717677 0.002354144119 0.001826599473 0.001624963013 0.001531634247
84,frag@179.05 loss@157.1 loss@340.14 loss@262.09 frag@213.96 loss@124.04 frag@43.03 frag@224.08 loss@282.09 loss@182.0 loss@252.03 loss@237.01 loss@129.04 loss@128.07 loss@111.07 loss@215.99 loss@103.1 loss@113.1 loss@141.08 frag@203.0,0.3922437131 0.2092704177 0.05348075181 0.02322252654 0.02321135253 0.0190425422 0.01312177069 0.01245018747 0.00412549125 0.002938853111 0.002875515027 0.0025354682 0.002526156604 0.00234252424 0.002114180243 0.001972089522 0.001925146207 0.001888485043 0.001808443689 0.001782681909
85,loss@222.09 frag@203.11 frag@130.0 frag@191.12 frag@122.03 frag@109.04 frag@127.05 frag@244.08 frag@231.16 loss@220.1 frag@167.98 frag@149.08 loss@294.11 frag@217.12 loss@223.05 frag@279.16 frag@233.02 loss@234.18 frag@85.09 frag@169.98,0.3314899206 0.08094189316 0.03913627565 0.02498957142 0.02126901597 0.0140138017 0.01342363283 0.01152226236 0.008823058568 0.008487670682 0.007860626094 0.007717914879 0.00758916093 0.006388102192 0.005886536557 0.005882487632 0.005785132758 0.005769450217 0.00546598807 0.004633193836
86,frag@176.11 loss@223.1 frag@243.12 frag@162.06 loss@186.13 loss@160.09 frag@243.06 frag@136.11 loss@216.07 loss@285.15 loss@249.1 loss@339.12 frag@209.03 frag@109.06 loss@239.06 loss@238.14 loss@191.04 loss@280.14 loss@266.12 loss@169.11,0.2103982419 0.05606264621 0.04415687546 0.0440762639 0.03118089586 0.02908985689 0.02096468396 0.01962589286 0.01320926938 0.00712778978 0.007108334452 0.006127305795 0.005734071601 0.005681098904 0.005361314863 0.005279373843 0.005253878422 0.005108051002 0.004846927244 0.004773890134
87,loss@162.05 frag@79.02 frag@193.05 loss@180.06 loss@68.04 loss@138.03 frag@369.13 frag@167.99 frag@305.1 frag@335.17 frag@319.04 frag@285.08 loss@218.04 frag@271.06 frag@229.09 frag@61.01 frag@133.03 frag@303.05 loss@190.05 loss@107.08,0.1932417005 0.1868482679 0.1342707574 0.1121636778 0.08238800615 0.05964915827 0.02960010991 0.02830119058 0.01998308487 0.01380571723 0.01250529848 0.01220562216 0.008832154796 0.007883398794 0.007746691816 0.006121846382 0.006096414756 0.006092311814 0.004658855032 0.003990173806
88,frag@148.09 frag@134.07 frag@162.1 loss@149.1 frag@136.09 frag@122.07 loss@165.09 loss@151.11 loss@135.08 frag@150.1 frag@176.09 loss@261.09 loss@164.11 frag@175.1 loss@206.15 frag@188.09 loss@151.07 loss@190.12 frag@165.11 frag@202.11,0.04384089634 0.03681707382 0.03271310404 0.0282352604 0.0278490372 0.02778346092 0.0219646804 0.02052402496 0.01997863315 0.01985670067 0.01689292118 0.01687671058 0.01653089933 0.01639103889 0.01454759296 0.01447713003 0.01409034524 0.01367897727 0.01255489048 0.01225688867
89,frag@119.06 loss@211.05 loss@203.1 loss@268.05 loss@219.1 loss@131.08 loss@179.09 loss@194.08 loss@214.09 loss@235.1 loss@231.13 loss@208.1 loss@215.14 loss@196.09 loss@196.1 loss@230.08 loss@225.05 loss@228.06 loss@189.12 frag@134.06,0.4293388426 0.03759299219 0.0352396518 0.03451010212 0.02837692387 0.01390778925 0.01077970862 0.01062679291 0.01028691325 0.008561594412 0.008441407233 0.007464087568 0.007446689531 0.006282766815 0.006199955009 0.006126811262 0.005029876716 0.005028874613 0.004917649552 0.004742604215
90,loss@127.04 frag@80.05 frag@67.04 loss@170.08 loss@155.06 frag@108.04 frag@53.0 frag@93.06 loss@212.06 frag@54.03 frag@96.04 frag@92.05 loss@221.04 frag@69.04 frag@94.07 frag@96.07 frag@107.06 frag@115.01 loss@201.04 frag@110.06,0.3123750091 0.2425485402 0.1195220798 0.06442707032 0.05750046298 0.01667145826 0.01446522772 0.01117963158 0.01064676605 0.00797390379 0.007444499061 0.006867592223 0.005210469477 0.005079607945 0.004461282399 0.003876676084 0.003696801374 0.003616420785 0.003404560033 0.003338647773
91,loss@154.07 frag@55.04 frag@181.02 frag@167.01 frag@134.03 frag@175.07 frag@99.01 loss@117.08 frag@205.14 loss@239.99 frag@67.04 loss@119.06 frag@204.12 loss@262.1 loss@143.1 loss@127.06 loss@82.09 frag@166.0 frag@155.0 loss@197.06,0.03473117948 0.02491974272 0.02107555978 0.02053001709 0.01822769269 0.01350234728 0.0134023577 0.01146528032 0.01106062159 0.01105401572 0.01079994068 0.01037841663 0.009282736108 0.008866781369 0.008807139471 0.008261801675 0.008093154058 0.008055380546 0.007950386964 0.007945964113
92,loss@290.14 loss@243.13 loss@261.17 frag@214.11 frag@101.01 frag@278.11 loss@242.01 frag@174.13 frag@281.04 frag@61.04 loss@283.09 frag@291.06 frag@184.11 frag@221.01 frag@191.14 frag@272.05 frag@43.04 frag@347.09 frag@181.0 loss@293.12,0.2849851251 0.04166592658 0.02810246125 0.02557254955 0.02135949396 0.01437079348 0.01410135068 0.01388693694 0.01243846212 0.00888376683 0.006826613098 0.005922375247 0.005785106216 0.005113695282 0.004537699744 0.004085579421 0.003880142001 0.003760787658 0.003285727696 0.003197836457
93,loss@171.05 frag@142.04 frag@84.99 loss@211.05 frag@208.07 frag@163.02 frag@172.1 loss@171.03 loss@268.05 frag@113.04 loss@216.07 frag@141.05 loss@251.09 loss@225.05 frag@133.06 loss@230.08 loss@161.07 frag@119.06 frag@161.06 frag@105.06,0.4353365898 0.4214048088 0.01899513602 0.005656235851 0.005255883094 0.005222117994 0.00434484845 0.003092322731 0.003008981701 0.002768496517 0.002516948152 0.002097241813 0.001704875613 0.001694306149 0.001662667608 0.001636042376 0.001555260154 0.001531557646 0.001487873611 0.001467895345
94,loss@125.08 loss@97.05 frag@190.07 frag@173.05 frag@213.11 frag@209.07 frag@237.07 frag@214.04 frag@167.06 frag@154.07 loss@29.03 loss@143.1 loss@204.03 frag@258.16 frag@242.07 frag@122.05 frag@267.12 frag@207.08 frag@199.05 frag@153.04,0.3168559074 0.1487412453 0.1161138415 0.08674723655 0.07636640221 0.06843390316 0.04396769032 0.005500499625 0.004507923033 0.003794387216 0.003248621244 0.002803896554 0.00268445001 0.002418506658 0.002339641331 0.002313083038 0.00216822885 0.002038457897 0.002035594545 0.001736299368
95,frag@116.05 frag@144.04 frag@89.04 loss@188.06 loss@214.07 loss@180.01 loss@213.07 loss@202.07 frag@172.04 frag@134.06 loss@201.09 loss@215.14 frag@190.05 loss@190.03 loss@184.06 loss@216.05 loss@90.04 loss@124.03 loss@146.04 loss@322.13,0.1906301528 0.1495682597 0.08834572881 0.08813741803 0.06515290588 0.03806189448 0.03636389971 0.02602317743 0.0244244989 0.01602421142 0.0156189315 0.01474695001 0.01131509151 0.01070009544 0.008867392316 0.008194336668 0.007801289205 0.005227377638 0.005057327915 0.005039417651
96,frag@58.03 frag@55.02 loss@212.13 loss@242.12 frag@178.12 loss@247.1 loss@182.11 loss@233.08 frag@82.03 frag@106.07 loss@240.01 loss@195.09 loss@183.09 loss@154.1 loss@257.12 loss@258.1 loss@180.09 loss@78.21 loss@245.11 frag@139.07,0.1629282981 0.1541088969 0.05169263855 0.03799816966 0.03694365546 0.03106497414 0.01570238732 0.01146605704 0.01065305341 0.01059393678 0.01050410047 0.008013702929 0.00724909734 0.006394707598 0.006167478859 0.006138362922 0.005935694091 0.005750120617 0.005177569576 0.005095052533
97,frag@156.07 loss@128.06 loss@96.07 frag@210.1 loss@127.02 frag@186.04 frag@170.07 frag@216.05 loss@136.08 loss@116.07 loss@137.1 loss@139.11 loss@108.03 frag@168.07 loss@71.04 loss@124.06 frag@185.08 loss@128.09 loss@101.08 frag@129.06,0.1921547502 0.1554905921 0.08838286996 0.08372248709 0.05111053586 0.04406407103 0.02693100087 0.02393527515 0.01621423848 0.01434926037 0.01131276879 0.0102879554 0.008795852773 0.008299948648 0.00618134113 0.006014483515 0.005941987503 0.005667299498 0.005420879927 0.005258975085
98,loss@162.08 frag@202.06 frag@139.06 loss@259.14 frag@203.04 frag@309.13 frag@161.03 loss@324.1 frag@191.04 loss@166.12 loss@176.06 loss@205.03 frag@254.07 frag@184.14 loss@261.16 frag@200.04 loss@180.09 loss@167.09 loss@218.15 loss@188.14,0.2865808904 0.1942016333 0.1928385049 0.181334421 0.09661029279 0.001566034043 0.001529068453 0.001468939008 0.001313396147 0.001097486122 0.001061374205 0.0009942116449 0.000919844606 0.0008143575396 0.0007197777741 0.0007098442875 0.0006706424756 0.0006458516582 0.0006415226962 0.0005935339141
99,frag@186.07 frag@171.06 loss@256.08 loss@156.02 frag@143.06 loss@313.11 loss@216.08 loss@269.06 frag@147.09 loss@155.05 loss@354.1 loss@217.12 loss@179.04 loss@296.05 loss@159.08 loss@275.14 loss@303.14 frag@168.06 loss@238.07 loss@300.11,0.1891082972 0.1706557274 0.1045189351 0.05948265642 0.04510431364 0.03097129054 0.03089456074 0.01813566685 0.01656537503 0.01374838222 0.01011265349 0.009319028817 0.008160575293 0.005773424171 0.005677452311 0.005530891474 0.005276898853 0.005178629886 0.004123987164 0.003865428967
100,frag@189.11 loss@281.08 frag@162.97 frag@206.1 frag@99.07 frag@133.09 loss@296.15 loss@241.13 loss@340.16 loss@253.13 loss@305.1 loss@253.11 loss@305.12 loss@271.12 loss@145.06 loss@188.08 loss@199.08 frag@139.07 frag@122.03 loss@224.07,0.1682264209 0.0782186985 0.07391025126 0.04680143297 0.03960645944 0.03794909269 0.03666753322 0.02933618054 0.0262285322 0.02180350199 0.01657299884 0.01017306373 0.009358075447 0.009213975631 0.009016539901 0.007924920879 0.007104428951 0.006830404047 0.005948415026 0.005694459192
101,frag@152.01 loss@183.03 frag@180.03 frag@233.07 loss@172.02 frag@212.06 loss@123.03 loss@171.0 frag@262.07 loss@248.04 frag@188.06 loss@283.02 loss@50.04 loss@258.01 loss@88.1 loss@165.02 loss@317.06 frag@46.06 frag@56.98 loss@189.16,0.1154036447 0.09578484297 0.07745137811 0.07556246966 0.05764191598 0.01999790221 0.01987062953 0.0195822753 0.008896326646 0.008166423999 0.007511216681 0.006666391622 0.006652863696 0.006140817422 0.005287338048 0.005078473594 0.004631161224 0.004500354175 0.003909255844 0.003719567787
102,loss@156.09 loss@128.1 frag@191.09 frag@197.06 frag@74.01 frag@219.09 loss@100.1 loss@196.05 frag@179.99 frag@193.07 frag@237.04 frag@211.08 frag@255.1 frag@241.06 loss@116.09 loss@58.03 frag@142.95 loss@171.11 frag@227.11 frag@297.12,0.200909555 0.1245779246 0.09928337485 0.09643848985 0.07311528921 0.05642959476 0.04385697097 0.04237798974 0.03279136866 0.02578137815 0.01719465107 0.01428374182 0.006866951007 0.005725248251 0.00525222905 0.004998523742 0.004894622136 0.00488398131 0.00427902583 0.003236274235
103,loss@201.08 frag@104.03 frag@131.04 frag@133.05 frag@161.04 frag@92.03 loss@220.06 frag@134.06 loss@273.08 loss@346.14 frag@103.02 frag@105.06 frag@219.12 loss@166.02 loss@217.07 frag@156.95 frag@246.06 loss@234.17 frag@196.05 loss@213.05,0.07862495631 0.06397439539 0.06229903549 0.04368499294 0.03935410082 0.0329028517 0.02849747986 0.02530901134 0.01761251502 0.01486686803 0.01450095791 0.01197842322 0.01183162443 0.01075560041 0.01063432917 0.009703514166 0.008715702221 0.008262529969 0.007545574103 0.007013381459
104,frag@106.06 loss@185.08 loss@193.1 frag@148.08 loss@215.11 frag@150.09 loss@221.11 loss@262.13 loss@242.11 frag@121.06 frag@148.11 frag@120.08 frag@110.05 loss@217.1 frag@121.09 loss@207.06 loss@189.1 loss@229.12 frag@121.03 loss@244.12,0.3147047758 0.1716018021 0.03565446287 0.03340002522 0.02521720342 0.02420975268 0.0217055697 0.01451821811 0.01439996343 0.01383253094 0.01344848983 0.01137576904 0.01093122084 0.009689673781 0.008477998897 0.008150346577 0.006556192413 0.006110256538 0.005463767797 0.004893653095
105,frag@156.08 frag@184.08 loss@123.07 loss@144.13 frag@211.09 loss@95.04 loss@269.15 loss@248.11 loss@77.08 loss@185.15 loss@149.01 loss@229.02 loss@253.96 loss@62.02 loss@340.1 loss@80.07 loss@165.13 loss@60.04 loss@183.1 loss@114.02,0.243664518 0.1640826613 0.1037630886 0.06951484829 0.06383078545 0.06151852757 0.03608887643 0.03390656784 0.02878422663 0.02427286655 0.02353342995 0.01424357202 0.007288654801 0.005334803369 0.005205793306 0.00461453665 0.003508720314 0.003501633648 0.003442588495 0.003246998414
106,frag@170.06 loss@199.1 loss@183.06 frag@202.09 frag@140.05 frag@142.07 loss@213.01 loss@293.02 frag@115.05 loss@76.04 loss@116.03 loss@259.1 loss@178.09 loss@168.03 loss@318.09 loss@211.1 loss@108.99 frag@154.06 loss@275.12 loss@219.06,0.2059376389 0.1424584538 0.100522384 0.0993065834 0.08487267047 0.05417489633 0.01264154352 0.01043024287 0.009507886134 0.008664558642 0.008233739994 0.007391644176 0.00708374707 0.00609406922 0.005295017734 0.005229961593 0.00506980205 0.004724914208 0.004710452165 0.004548017867
107,loss@252.09 loss@163.04 frag@184.1 frag@223.02 frag@74.93 loss@130.04 frag@158.06 frag@190.09 frag@172.11 frag@176.07 loss@244.09 frag@189.05 loss@185.01 loss@242.11 frag@89.07 frag@208.11 frag@198.08 frag@176.05 frag@199.05 frag@288.11,0.2095659673 0.08309654146 0.05902636424 0.02740429714 0.02486841753 0.02308658883 0.02267432772 0.018863637 0.01772096753 0.01480191853 0.01468305849 0.008911206387 0.007983306423 0.007360313553 0.007295546122 0.006745166611 0.006694463082 0.006530280691 0.006455720868 0.00633021025
108,frag@158.07 loss@248.1 frag@157.06 frag@186.1 frag@159.06 loss@328.15 frag@143.12 frag@189.08 loss@204.11 loss@176.09 frag@130.04 loss@202.11 loss@200.13 loss@165.09 frag@132.06 loss@316.09 loss@218.12 loss@201.08 loss@204.13 loss@208.13,0.2322213501 0.1172726974 0.04817158356 0.01963974535 0.01807802729 0.01422992628 0.01261006668 0.009839994833 0.009381023236 0.009176156484 0.008781518787 0.008643579669 0.008449401706 0.007927605882 0.00776728848 0.007367155049 0.007078703493 0.006730664056 0.006631062366 0.006344104651
109,frag@67.04 frag@204.12 frag@220.03 loss@174.02 frag@134.04 loss@127.06 frag@180.02 frag@220.07 loss@72.04 frag@221.05 loss@122.08 loss@82.04 frag@67.03 frag@239.06 loss@100.05 loss@116.05 loss@166.04 loss@160.03 frag@192.11 loss@125.06,0.03856609389 0.02645053342 0.02241514064 0.0175521262 0.01519737858 0.01381819136 0.0135481758 0.01028798427 0.01005184557 0.009507700801 0.008715514094 0.008306153119 0.008294361643 0.007526613306 0.007233612705 0.006979377009 0.006259829737 0.006191445515 0.006176957395 0.006173062604
110,frag@143.09 loss@184.11 loss@248.11 loss@132.08 loss@252.08 loss@185.03 frag@171.08 loss@329.13 frag@173.1 loss@323.15 frag@133.1 frag@143.05 loss@225.12 frag@128.06 frag@157.1 frag@155.09 loss@363.15 frag@209.1 frag@159.12 frag@126.02,0.3852303326 0.1887594312 0.1078094319 0.04194131866 0.02896354534 0.0216229409 0.02109307237 0.0135768177 0.01169467252 0.009741623886 0.009474338032 0.006464092527 0.005051145796 0.004629408009 0.004174778238 0.003816361539 0.003500702092 0.00344138639 0.003261609236 0.003152282676
111,loss@70.04 frag@187.05 loss@18.01 frag@174.02 loss@78.14 frag@179.06 loss@42.01 frag@173.08 loss@146.05 frag@178.03 frag@196.09 loss@57.02 frag@290.14 loss@31.04 loss@99.1 frag@197.11 loss@86.04 frag@181.08 frag@169.08 loss@46.01,0.1873205155 0.1660509706 0.05465694889 0.03962159902 0.02986018546 0.02635692433 0.02418901213 0.02009963244 0.01945089921 0.01461320277 0.01345816813 0.01192806382 0.009508755989 0.009115148336 0.008719021454 0.007117235102 0.006911200006 0.006842156872 0.006282471586 0.005466761068
112,frag@80.05 loss@170.08 loss@212.06 loss@173.07 frag@135.06 frag@94.06 frag@109.08 frag@108.04 frag@110.06 loss@175.08 loss@175.05 loss@194.11 frag@107.06 loss@187.04 loss@164.06 frag@120.04 loss@127.04 frag@121.05 frag@92.05 frag@158.03,0.2540413439 0.08753737062 0.05234767497 0.03914234042 0.02461707219 0.02189767547 0.02129406296 0.02066412196 0.01735699736 0.01647657901 0.01549782418 0.01521819923 0.01474568993 0.01409104094 0.01368428301 0.012013603 0.01134985406 0.01029398385 0.009792358615 0.007835515775
113,frag@131.06 frag@145.08 frag@132.07 loss@189.09 frag@161.07 frag@147.06 loss@150.08 frag@147.09 loss@217.12 frag@143.06 loss@176.06 frag@174.07 frag@160.09 frag@158.07 loss@177.09 loss@173.1 frag@171.06 loss@132.07 loss@187.07 loss@172.06,0.06378182769 0.06316994131 0.04375303164 0.03838707507 0.03744216263 0.0343076475 0.03390161693 0.02923650295 0.02813168243 0.02614073455 0.02307977155 0.02100312896 0.01949140988 0.01823358797 0.01761552505 0.01682004519 0.01630647667 0.01595831476 0.01527337264 0.01485765819
114,frag@115.05 loss@174.04 loss@259.08 loss@177.03 frag@140.05 frag@141.07 frag@117.07 loss@200.09 loss@185.04 loss@205.1 frag@145.06 loss@210.07 frag@159.07 frag@247.01 frag@171.04 loss@252.01 loss@115.04 loss@211.1 frag@151.02 loss@178.04,0.3509055376 0.2247931808 0.07539414614 0.02800189517 0.0260699857 0.01507494599 0.01142300665 0.01117309835 0.01017615292 0.01007394493 0.008889487013 0.00853967946 0.00821966771 0.007636974566 0.006299749948 0.005710569676 0.004848924465 0.00478875963 0.004414263181 0.003997027874
115,frag@111.07 frag@232.11 loss@303.1 loss@288.1 loss@154.15 frag@154.12 loss@137.04 loss@338.02 loss@287.14 loss@197.13 frag@71.09 frag@140.07 frag@230.03 loss@277.18 loss@263.03 loss@208.17 loss@87.1 frag@236.06 frag@155.15 frag@138.08,0.1323417425 0.08590192348 0.05665934831 0.04612993076 0.03313216567 0.01759951562 0.013853346 0.01183825731 0.0109888399 0.01002699323 0.009862637147 0.008617158048 0.008579257876 0.008211092092 0.008100414649 0.007513123099 0.007091011852 0.006408089772 0.006245133467 0.005833118688
116,frag@180.08 frag@167.07 loss@124.06 loss@153.06 frag@154.06 loss@178.05 loss@168.08 loss@284.16 loss@118.11 frag@169.09 loss@130.11 frag@152.05 frag@195.07 loss@249.16 frag@195.09 frag@189.1 frag@287.1 loss@188.97 frag@208.11 loss@257.03,0.1831106693 0.1529862285 0.1115180254 0.1111726016 0.1028869525 0.07069648057 0.06990130246 0.04494997114 0.01784395613 0.01025149133 0.009164595976 0.007318484597 0.006339197513 0.005711353384 0.005183320493 0.004270039499 0.00363153941 0.003472015494 0.003262822051 0.002668659901
117,loss@246.08 loss@220.07 frag@254.07 frag@135.09 frag@181.02 frag@138.02 loss@262.17 frag@155.04 loss@234.18 loss@208.12 frag@163.09 loss@180.09 frag@149.08 loss@296.02 loss@250.11 frag@122.03 loss@200.98 loss@361.13 frag@154.01 frag@146.96,0.09754625708 0.08918949962 0.08914370835 0.07886939496 0.02754355036 0.0214409586 0.01877856441 0.01875518076 0.01653768681 0.01563221775 0.01527414005 0.01478369627 0.01323575899 0.01291025709 0.01270646602 0.007589146961 0.007301993668 0.007106796838 0.006851928309 0.00681755878
118,loss@209.11 frag@178.12 loss@233.12 loss@231.1 frag@267.05 loss@268.09 frag@133.09 frag@147.05 loss@229.09 frag@138.09 frag@101.95 frag@138.05 frag@84.04 frag@147.08 frag@160.11 frag@110.02 loss@220.09 loss@250.14 frag@235.97 loss@229.07,0.1014134958 0.06376169622 0.04194648564 0.04035439342 0.03741659969 0.03230310231 0.0301092416 0.02803157084 0.02560737915 0.02326140553 0.02087733708 0.01191674639 0.0118185645 0.01167084184 0.01158128865 0.01065868791 0.01012764964 0.007600392215 0.007484533358 0.007472197525
119,frag@92.03 loss@220.06 loss@273.08 frag@104.03 frag@219.12 frag@246.09 loss@297.09 frag@103.02 frag@103.05 loss@216.14 loss@326.09 loss@286.13 loss@202.06 frag@383.12 loss@220.11 loss@152.08 loss@217.07 loss@234.09 frag@156.95 frag@131.05,0.1600213349 0.1252148598 0.09890076518 0.05327387154 0.05020957068 0.03704909608 0.0272781048 0.02507421747 0.02248763852 0.01739202999 0.01419326942 0.01122454647 0.01057942677 0.01026351564 0.00986296311 0.007573469542 0.007568862755 0.007311742753 0.00687231496 0.006521249656
120,loss@196.13 frag@55.05 frag@69.07 loss@284.14 frag@57.07 frag@83.09 frag@41.04 loss@183.13 frag@126.09 loss@318.17 frag@82.06 frag@84.08 loss@305.17 frag@112.08 loss@226.17 loss@349.12 frag@67.05 loss@185.14 loss@332.09 frag@158.12,0.3563261032 0.190756619 0.1085013598 0.04166349024 0.03894744813 0.03425725177 0.0253500659 0.01155394223 0.01140937861 0.01119154599 0.01048008446 0.009916326962 0.009831997566 0.007570379414 0.006131935399 0.005527329631 0.005167003255 0.005069454666 0.004797229078 0.004417018499
121,frag@120.04 loss@189.08 loss@196.09 loss@166.07 loss@227.11 loss@216.09 loss@104.06 loss@198.08 loss@278.09 frag@84.96 loss@225.13 loss@179.06 loss@180.08 frag@148.08 loss@205.1 frag@133.08 loss@183.09 loss@203.11 loss@314.14 loss@185.05,0.4633193016 0.1041195393 0.06568190455 0.05920841545 0.04613319784 0.01637807675 0.01145111211 0.0113864271 0.008918050677 0.006726991851 0.005560606718 0.005003441125 0.004850019235 0.004839415196 0.004689597059 0.004510994535 0.004357192665 0.004282912239 0.004087234847 0.00382902706
122,frag@173.54 loss@307.12 loss@239.17 loss@245.13 loss@332.12 loss@326.13 loss@322.11 loss@310.15 loss@351.16 loss@335.16 loss@327.13 loss@228.97 loss@323.08 loss@334.08 loss@305.13 loss@315.16 loss@264.17 loss@298.17 loss@158.01 loss@335.14,0.4727681577 0.05346418917 0.03548538685 0.03064631857 0.0278313458 0.02776120231 0.02438774891 0.02264913172 0.02110132948 0.01391362213 0.01121286023 0.01075315196 0.0095091369 0.009182723239 0.007121987175 0.007057996467 0.007016400807 0.007003137842 0.006647887174 0.005910408217
123,frag@265.11 loss@272.07 loss@300.1 loss@230.04 frag@237.03 frag@44.01 loss@270.11 frag@71.09 frag@56.01 frag@141.14 frag@99.07 loss@228.03 loss@288.1 frag@154.01 frag@211.07 loss@287.14 frag@174.08 frag@174.03 frag@101.02 frag@181.02,0.108131431 0.06979686022 0.0671274662 0.03413641825 0.03349742666 0.02565328218 0.02122748271 0.02048584446 0.01771357283 0.01561710984 0.01553412061 0.01403809804 0.01314288843 0.01202725898 0.0109566059 0.01033476926 0.009191197343 0.008251895197 0.007326141931 0.005275257863
124,frag@53.04 loss@222.05 loss@253.09 frag@81.03 loss@261.08 loss@254.03 loss@258.02 frag@183.02 loss@326.13 loss@315.11 loss@257.07 loss@233.08 loss@257.11 loss@253.05 loss@240.06 frag@172.99 loss@219.07 frag@345.17 frag@65.04 loss@308.06,0.4008868635 0.172231406 0.09687729925 0.05031295866 0.01909050345 0.01524389721 0.0128694009 0.00986168813 0.009793661535 0.007989061996 0.007604294922 0.007091660053 0.006818552501 0.006710209884 0.005487358198 0.004805928096 0.00474826945 0.004674076103 0.004575682804 0.004131750204
125,frag@149.06 frag@215.03 loss@276.1 loss@246.16 loss@255.09 loss@273.14 frag@236.11 loss@185.12 loss@282.14 loss@306.11 loss@327.17 loss@293.06 loss@197.08 loss@259.08 frag@141.07 frag@85.04 loss@231.11 loss@314.13 frag@183.05 loss@236.13,0.2262378782 0.0687244758 0.05483656377 0.04806341231 0.0282833036 0.0233664941 0.02137745544 0.0209318921 0.01904582232 0.01651437953 0.01522046421 0.01341249142 0.01195976604 0.01001516916 0.008892831393 0.008666003123 0.008621396497 0.006442629732 0.006389494985 0.006041408982
126,loss@210.11 frag@171.02 frag@168.11 frag@159.09 loss@234.12 frag@121.07 frag@183.11 frag@173.11 frag@87.07 frag@85.04 frag@180.05 frag@190.12 frag@220.11 frag@99.05 frag@409.2 frag@210.13 frag@215.12 frag@160.1 frag@131.08 frag@74.93,0.4513849318 0.1283737272 0.07624556124 0.06996259093 0.01648556255 0.008006236516 0.007111582905 0.006122002378 0.005888517015 0.005744379479 0.005132632796 0.004709672648 0.004625225905 0.00439666817 0.004123974126 0.004011363257 0.003995949402 0.003909746651 0.003759453772 0.003657734953
127,frag@69.03 loss@298.14 loss@258.12 loss@288.08 frag@93.07 loss@201.12 loss@318.12 loss@332.13 loss@208.03 frag@231.07 loss@194.13 frag@83.05 loss@279.09 frag@81.07 frag@179.07 frag@111.08 frag@109.06 frag@99.04 frag@67.05 frag@71.05,0.3001507819 0.1149733737 0.08346777409 0.06813701242 0.05769686401 0.05143741891 0.04340728 0.02670177631 0.01612809114 0.01072060782 0.009951990098 0.008930296637 0.007919223979 0.007903425954 0.007655172609 0.006897456478 0.006812516134 0.005839604419 0.004779277835 0.004748207517
128,frag@96.06 frag@124.09 loss@141.09 loss@150.09 frag@71.06 loss@275.04 loss@115.11 loss@166.11 loss@244.06 loss@194.12 frag@122.07 loss@123.08 frag@216.15 loss@247.13 loss@165.1 loss@150.12 frag@162.1 loss@173.13 loss@210.0 frag@150.1,0.2310720384 0.1646274328 0.1597104967 0.08973089606 0.03860433772 0.0324591957 0.03114142828 0.009880895726 0.00967344828 0.00778118521 0.006919845473 0.006419542711 0.006094931159 0.004392199684 0.004139889032 0.004084955901 0.004041872453 0.003874646733 0.00366168539 0.003402942093
129,loss@269.1 frag@231.15 frag@190.05 frag@164.02 loss@153.08 loss@305.13 frag@202.1 frag@319.07 frag@188.02 loss@254.17 frag@184.06 loss@146.07 frag@58.03 frag@109.03 loss@182.06 frag@141.02 loss@125.04 frag@241.99 loss@199.11 loss@254.15,0.08151373267 0.0805207938 0.06487730145 0.0641842857 0.05505698919 0.02307761274 0.01646738872 0.01433433592 0.01247170288 0.01123813447 0.01096311025 0.009314918891 0.008531998843 0.007777694613 0.00657536881 0.006539826281 0.006499277893 0.006440591067 0.006265071221 0.005874151364
130,loss@136.1 frag@147.09 frag@121.08 loss@229.1 frag@88.02 frag@268.14 frag@234.13 loss@163.09 loss@163.14 loss@148.06 loss@394.07 loss@169.04 loss@195.12 frag@121.04 loss@152.04 frag@96.04 frag@188.12 loss@336.11 loss@241.09 loss@58.02,0.08187607676 0.07267538458 0.06088863313 0.0534042418 0.02917331457 0.02771163359 0.02711666748 0.01906578057 0.01796866022 0.017795939 0.01244910248 0.01185158733 0.01072196662 0.01019343175 0.008896742947 0.008134154603 0.007087945938 0.00708240224 0.006614841521 0.006591207813
131,frag@46.07 frag@163.11 frag@198.02 loss@234.03 frag@178.08 loss@276.1 frag@179.09 frag@329.21 frag@196.02 loss@370.14 frag@215.03 loss@87.06 loss@129.05 frag@255.09 loss@86.0 frag@283.09 loss@311.01 loss@280.06 loss@344.18 loss@142.0,0.06772252917 0.03283265606 0.03190004826 0.02565984987 0.02420388348 0.01826407388 0.01504259929 0.01144199446 0.009844256565 0.009247267619 0.008809913881 0.007527704351 0.006583624985 0.005946901627 0.00530868955 0.004820345435 0.00438473653 0.004256743938 0.004237816203 0.003941149916
132,frag@207.09 loss@157.12 loss@143.08 frag@219.09 loss@246.04 frag@97.05 loss@196.05 loss@238.99 frag@178.08 loss@157.09 frag@179.09 frag@168.96 loss@171.11 frag@85.08 loss@345.98 loss@443.21 frag@201.08 loss@280.06 frag@226.04 loss@166.97,0.2840604782 0.1441505402 0.1236948073 0.08698573709 0.06103124097 0.05174773932 0.03117997386 0.02175654471 0.01736955903 0.01292811055 0.009911441244 0.009335024282 0.008494542912 0.006108684931 0.005260250997 0.004342553671 0.004188803025 0.00384359248 0.003313483438 0.003199421801
133,frag@178.12 loss@301.11 frag@196.0 loss@200.07 frag@258.12 frag@267.09 frag@228.11 frag@258.09 frag@220.05 loss@327.13 frag@101.95 frag@288.04 loss@335.11 frag@141.04 loss@303.09 loss@294.12 frag@183.06 frag@252.15 frag@242.11 loss@256.11,0.07105816901 0.04615645483 0.03276254609 0.02248495072 0.01674081385 0.0150872143 0.01098817959 0.01076234877 0.0104819797 0.01002315711 0.009408220649 0.007908320986 0.007606991567 0.006348338909 0.006033189595 0.005941971205 0.005733972415 0.005523019936 0.005514698569 0.004733051173
134,frag@206.05 loss@249.13 loss@281.1 frag@217.11 frag@303.15 frag@213.04 loss@289.11 frag@111.02 frag@206.12 frag@206.0 loss@132.1 frag@130.0 frag@112.1 loss@183.1 frag@181.02 frag@238.05 loss@110.05 frag@227.1 frag@182.98 frag@175.07,0.02898199856 0.0167048946 0.01610178314 0.0128228534 0.01252244413 0.01234105323 0.01177903544 0.01112252381 0.01098376326 0.009542249143 0.009422418661 0.009354410693 0.009267966263 0.008285207674 0.007870910689 0.007752749603 0.007386155892 0.007067412138 0.006459410768 0.006263392512
135,frag@207.06 loss@210.15 frag@196.04 loss@143.03 frag@209.05 loss@233.99 loss@261.18 loss@221.98 frag@179.06 loss@308.08 frag@316.16 frag@184.04 loss@163.03 loss@175.12 frag@164.04 loss@305.12 loss@249.06 frag@353.16 loss@279.14 loss@265.04,0.1815389991 0.1421247721 0.1191763654 0.09138973802 0.08370698988 0.03506567329 0.0312037915 0.02034900896 0.01200052164 0.009400106035 0.007999646477 0.007971324027 0.007831756026 0.007058304269 0.005958602298 0.005673118867 0.005061420146 0.004386974033 0.004109693691 0.003019327531
136,frag@162.06 loss@253.12 frag@214.11 loss@308.12 frag@59.03 frag@313.12 loss@214.0 loss@245.05 frag@267.04 loss@216.07 loss@239.07 loss@280.07 loss@266.12 loss@261.12 frag@136.11 loss@339.12 loss@267.13 loss@255.1 loss@235.12 frag@122.03,0.1208974496 0.1198306307 0.07409218699 0.03005280159 0.02398899011 0.01623506099 0.01503955573 0.0117554199 0.0113951657 0.01088454947 0.01003688388 0.00969321467 0.009307838045 0.008691982366 0.008230753243 0.00774794817 0.007377676666 0.007064146921 0.006726811174 0.006629610434
137,loss@147.04 frag@160.02 loss@204.04 frag@142.01 loss@120.02 frag@136.02 frag@158.02 loss@79.99 frag@147.03 frag@150.04 frag@186.05 frag@173.03 frag@166.01 loss@149.05 frag@256.96 frag@199.03 loss@219.02 frag@176.08 frag@79.04 frag@185.05,0.1968714595 0.1551939249 0.1273004711 0.1052942574 0.09040213376 0.0226335004 0.01639860123 0.01595780812 0.01520922966 0.0116089806 0.009977444075 0.009544461966 0.008715329692 0.006514101755 0.005942743272 0.005222083535 0.005086247809 0.00500056101 0.004995141644 0.004893844016
138,frag@121.07 loss@277.14 loss@290.1 frag@73.06 loss@321.16 frag@131.08 frag@151.08 loss@169.1 frag@121.06 frag@116.06 loss@219.13 loss@311.09 frag@381.17 loss@184.11 frag@85.04 loss@303.12 frag@121.03 frag@159.09 frag@175.12 loss@216.13,0.07334568352 0.06663793325 0.05519396812 0.03827915713 0.03401358426 0.02642308548 0.01662568562 0.01626095362 0.0160662923 0.009392750449 0.008976427838 0.008703430183 0.008562092669 0.008113448508 0.00788599439 0.007321757264 0.006701023784 0.006493414752 0.006329863798 0.006248235703
139,frag@192.08 loss@120.08 frag@207.03 frag@229.04 frag@192.09 loss@118.03 loss@295.15 loss@283.11 frag@324.16 loss@182.0 frag@231.04 frag@271.14 loss@357.14 loss@197.0 frag@244.07 loss@73.98 loss@172.0 loss@88.09 frag@233.05 loss@200.19,0.1537400037 0.1431499422 0.09352374822 0.03885376826 0.02681095526 0.01820735261 0.01431100164 0.01096563786 0.009398900904 0.009176920168 0.008640377782 0.007936965674 0.00743695721 0.006843005307 0.006747344509 0.006724826992 0.006563079543 0.006193098612 0.006135101896 0.006107727531
140,loss@170.12 frag@223.03 loss@81.06 frag@195.04 loss@200.03 frag@238.02 frag@222.13 loss@118.11 loss@89.05 frag@260.07 frag@284.11 frag@317.09 loss@303.06 frag@134.03 loss@199.1 frag@269.02 loss@275.07 frag@197.04 frag@215.11 frag@255.09,0.06028687581 0.04084019735 0.02778656222 0.02488970384 0.02275688015 0.01319474075 0.01311868057 0.01234147046 0.01125096623 0.01033975556 0.009473121725 0.009450706653 0.008977728896 0.008236428723 0.007927602157 0.006972696166 0.006667496171 0.005476474296 0.005098818336 0.005001133308
141,frag@249.07 loss@159.13 frag@206.04 frag@250.07 loss@125.07 frag@168.1 loss@201.0 frag@270.07 frag@154.12 loss@319.19 frag@186.02 loss@147.06 loss@192.15 loss@323.13 frag@324.15 frag@301.08 loss@284.14 loss@304.1 loss@234.01 frag@232.11,0.05891456455 0.04844991863 0.04590047896 0.03135312349 0.02588877082 0.01933648251 0.01885953732 0.01879138686 0.01800971664 0.01640078612 0.01569381543 0.01375824958 0.01231322344 0.008628646843 0.008188066073 0.008050343022 0.00742107071 0.006619884167 0.006058836821 0.006008671597
142,frag@161.11 loss@250.14 loss@305.08 loss@259.13 frag@133.09 loss@265.09 loss@220.12 loss@230.14 frag@175.12 frag@74.93 loss@259.1 loss@222.13 loss@190.11 loss@233.13 frag@160.1 loss@256.12 loss@176.1 loss@216.13 loss@263.09 loss@220.09,0.3604578078 0.04697125778 0.03931960836 0.03756034747 0.02477946505 0.01951100491 0.01512052305 0.01464234851 0.01282074396 0.01184007525 0.0112069957 0.0107642673 0.008255296387 0.007044065744 0.006981262472 0.006976216566 0.006862115581 0.006200114265 0.006064036861 0.005949516315
143,frag@151.96 loss@234.06 frag@122.03 loss@261.16 frag@162.12 frag@165.1 frag@192.05 loss@301.1 loss@165.12 frag@84.06 loss@330.08 loss@242.15 loss@90.05 frag@149.08 loss@285.06 frag@100.04 loss@290.07 loss@281.12 frag@109.04 loss@206.04,0.08681888878 0.08061752468 0.05945684761 0.04951388016 0.03080444224 0.02145881206 0.01912498102 0.01404845249 0.0113169644 0.01072367188 0.01032415126 0.009874946438 0.008039529435 0.007281592581 0.006859792862 0.006367000751 0.006178539712 0.006032283884 0.006009872537 0.005931086838
144,frag@81.04 frag@54.03 frag@66.03 loss@108.07 loss@118.05 loss@116.06 loss@147.05 loss@101.05 loss@230.98 loss@117.07 loss@42.01 frag@67.04 loss@80.03 loss@187.02 frag@52.02 loss@82.04 loss@135.05 loss@84.07 loss@228.94 frag@67.03,0.2109618187 0.1154838204 0.06994288415 0.05020239577 0.03997097909 0.0378619954 0.03040153161 0.02639319003 0.01596316881 0.0147370575 0.01431935281 0.01428838447 0.01322786137 0.01320682466 0.01116093248 0.009960253723 0.009581989609 0.007212690078 0.007049089298 0.007003415842
145,frag@173.54 loss@315.16 loss@245.16 loss@256.05 loss@322.11 loss@332.12 loss@326.13 loss@351.16 loss@351.17 loss@268.18 loss@410.01 loss@264.97 loss@239.17 loss@328.02 loss@228.97 loss@158.01 loss@371.14 loss@335.14 loss@348.16 loss@264.17,0.4664825201 0.131055966 0.03784460574 0.03780802712 0.03436496854 0.02257422172 0.01262122858 0.01107396744 0.009475860745 0.008505958132 0.007931903936 0.007683657575 0.006810141727 0.006568264216 0.00652437564 0.006323334295 0.00621060608 0.005366738886 0.004402081016 0.004163555335
146,loss@288.1 frag@71.09 frag@272.08 frag@195.15 frag@265.02 loss@268.17 loss@256.14 loss@277.18 frag@292.14 loss@350.14 loss@272.07 loss@279.04 loss@230.18 frag@95.04 frag@196.97 frag@320.15 frag@271.05 loss@276.05 frag@306.14 loss@267.19,0.03088712133 0.02456326224 0.02398505807 0.01833702251 0.01666215248 0.01315015554 0.01233726367 0.01218062919 0.01191335637 0.01180345099 0.01075329445 0.01031924505 0.008781841025 0.008748742752 0.00845685415 0.007872039452 0.006722840946 0.006633675192 0.005502413027 0.005469523836
147,loss@94.04 loss@92.08 frag@181.01 frag@260.09 frag@303.03 frag@215.07 frag@284.1 frag@221.99 frag@303.07 frag@246.1 frag@76.04 frag@170.01 frag@118.07 frag@341.12 frag@304.08 loss@143.0 frag@183.07 frag@326.17 loss@180.03 frag@293.19,0.3150320649 0.1089332402 0.1087119356 0.1005797982 0.03021894954 0.01010584738 0.007585137151 0.006867097225 0.005968087353 0.00566011481 0.004082628526 0.004063901491 0.004043751396 0.003918785136 0.003446561517 0.003320221789 0.0032913615 0.003265691921 0.003203439061 0.00319787045
148,loss@256.06 loss@270.08 frag@67.04 frag@87.0 frag@110.08 frag@53.0 loss@178.13 frag@150.0 frag@83.02 frag@254.1 loss@251.05 frag@79.03 frag@81.04 loss@233.04 frag@69.06 loss@170.99 loss@151.09 frag@127.03 loss@215.04 loss@188.03,0.1762124598 0.1315194368 0.0744087249 0.06980580091 0.04508269206 0.040910732 0.02796999551 0.01489857212 0.0140605038 0.01365925185 0.009852046147 0.009730002843 0.007557115518 0.007516034879 0.00697926525 0.005617499817 0.005553638097 0.005059541669 0.004855077714 0.004719612654
149,frag@45.03 loss@218.04 loss@45.02 loss@230.0 frag@87.04 frag@233.13 frag@298.16 loss@120.06 frag@303.1 loss@100.99 loss@198.05 loss@239.02 loss@235.07 frag@135.03 frag@197.0 loss@125.1 loss@346.08 loss@190.05 loss@225.97 loss@237.97,0.350707382 0.1369004399 0.1294901818 0.08433620632 0.04002968222 0.03036024049 0.009399012662 0.004903981928 0.003623168916 0.003592105582 0.003486831672 0.002800294897 0.002671976108 0.00256452593 0.002394935116 0.002336220117 0.002297612606 0.002190065337 0.002043149434 0.001848608023
150,frag@124.05 loss@174.14 loss@223.16 frag@152.09 loss@303.17 loss@243.0 loss@355.14 loss@236.19 loss@317.15 loss@328.11 loss@315.17 frag@178.11 loss@226.16 frag@214.12 loss@319.2 frag@273.16 loss@263.17 frag@282.13 loss@313.05 frag@81.08,0.2608290017 0.04644147307 0.04058156163 0.03773981705 0.03089697473 0.02874147333 0.02223618142 0.02204000391 0.02087680995 0.01904482581 0.01675551385 0.01499815285 0.01392554678 0.007750611752 0.00606087409 0.004862291738 0.004370211624 0.00412165327 0.004076839425 0.004060896579
151,frag@161.02 loss@143.05 frag@102.01 loss@80.04 loss@91.01 frag@229.1 frag@323.11 loss@318.06 frag@216.03 loss@266.07 frag@133.01 loss@284.03 loss@165.02 loss@92.06 loss@83.01 loss@358.2 loss@130.01 loss@340.03 loss@88.1 frag@326.11,0.3123006225 0.05139310658 0.04360019788 0.03825138137 0.01598165929 0.01396868564 0.013821912 0.01334290393 0.01170168817 0.01148241013 0.009983359836 0.00764310779 0.006481711753 0.005080668721 0.003436198924 0.002954196185 0.002805608325 0.00276849349 0.002616264625 0.002434088383
152,frag@207.08 loss@246.09 loss@116.11 frag@192.14 frag@170.07 loss@304.07 loss@92.03 loss@329.14 loss@192.03 frag@208.11 loss@203.17 frag@182.98 loss@130.07 frag@275.12 loss@300.11 frag@344.21 frag@127.06 loss@265.12 frag@126.0 frag@215.05,0.0919636637 0.0464339368 0.04006136209 0.02912181057 0.02651381306 0.02381815575 0.02089335769 0.01550209522 0.01209117938 0.01092035603 0.00702661369 0.006661459804 0.006498431321 0.006455658935 0.005701806396 0.005469801836 0.005306766834 0.005299400538 0.005215303507 0.005084875505
153,frag@155.07 loss@208.11 loss@266.09 frag@146.1 frag@165.05 frag@122.04 loss@215.12 loss@257.07 frag@199.06 frag@109.06 frag@186.08 loss@224.11 loss@252.1 frag@148.04 frag@158.06 frag@336.08 frag@202.12 frag@91.05 frag@91.06 loss@220.09,0.1077353433 0.09763713926 0.08233052492 0.0424981229 0.02507078461 0.02245531231 0.02149591036 0.01808739267 0.01754641719 0.017381832 0.01605878957 0.01491190679 0.01469522994 0.01410336699 0.01205676142 0.01048337109 0.01032288931 0.009690172039 0.008456247859 0.007596866228
154,loss@234.1 loss@216.06 frag@254.12 loss@256.1 frag@162.03 frag@145.06 frag@115.05 frag@253.13 frag@161.06 frag@201.04 frag@103.05 frag@117.07 frag@116.06 frag@145.07 frag@202.12 frag@105.03 frag@131.08 frag@172.08 frag@155.06 frag@105.05,0.267159611 0.04901262373 0.03502681479 0.03189926967 0.0297936257 0.02965195291 0.0270533599 0.02451142296 0.0202669017 0.01860407181 0.01641075872 0.01610320248 0.01222720928 0.01208190061 0.01115787309 0.01097977441 0.01084132679 0.008667711169 0.007627665531 0.007377935573
155,frag@177.04 loss@179.05 frag@105.04 loss@139.03 loss@217.04 frag@147.05 loss@216.08 loss@186.08 loss@160.08 loss@175.03 frag@105.06 loss@197.05 frag@106.07 frag@103.02 loss@181.08 loss@216.09 frag@104.05 frag@119.07 frag@136.03 frag@77.04,0.04373819381 0.03531481326 0.02880240604 0.02874605544 0.0265753381 0.02610949799 0.01727167331 0.01543606631 0.01428537164 0.01262368634 0.01238068659 0.01198000833 0.01137693319 0.01086610556 0.01060085185 0.0105106337 0.009937389754 0.009018160403 0.008422900923 0.008056090213
156,frag@80.05 loss@228.14 frag@109.08 loss@187.04 loss@212.06 frag@108.04 loss@170.08 frag@107.06 frag@93.06 frag@92.05 frag@94.06 frag@110.06 loss@211.09 frag@135.06 loss@194.11 loss@185.1 frag@126.05 frag@209.09 loss@200.06 frag@69.04,0.2179640979 0.1482059658 0.04566380009 0.03909116611 0.03637274355 0.03003394045 0.02846297994 0.02320931666 0.02076319046 0.0197832603 0.01648894511 0.01457467675 0.009021569975 0.008098324761 0.006860618014 0.006814347114 0.006497983821 0.006125015672 0.006053429563 0.005732252728
157,frag@163.07 loss@175.12 loss@116.12 loss@147.13 loss@155.99 loss@142.12 loss@230.18 loss@303.18 loss@186.17 loss@389.14 loss@350.14 loss@369.17 loss@158.99 frag@213.11 loss@156.12 loss@269.04 loss@150.14 loss@223.16 frag@325.03 loss@248.03,0.4612224698 0.1275045574 0.06318750978 0.01786156744 0.01586291008 0.008892831393 0.008209188469 0.007569434587 0.004466989078 0.003948906902 0.003806067165 0.003646006342 0.003511506831 0.003352240426 0.003100091359 0.002959321486 0.002304693218 0.002276876243 0.002256304491 0.002194483764
158,frag@212.08 loss@160.07 loss@234.16 loss@158.02 frag@168.06 loss@290.07 loss@218.99 loss@261.07 loss@161.07 loss@167.05 loss@188.07 loss@188.14 frag@161.08 loss@126.02 frag@304.06 loss@238.07 loss@202.09 loss@256.08 loss@172.13 loss@138.02,0.4778579473 0.2403684258 0.1141091883 0.1005827636 0.01007250883 0.001511690905 0.001435304061 0.001397836255 0.001336029731 0.001252959715 0.001198555343 0.001196974423 0.001069473452 0.001043428434 0.0009108604281 0.0008021129761 0.00072594214 0.0007037005271 0.0006856348482 0.0006640959764
159,frag@111.05 loss@182.08 loss@202.1 loss@237.07 loss@212.05 loss@292.06 loss@152.0 frag@172.1 loss@166.06 frag@212.08 loss@187.09 frag@258.17 loss@234.16 loss@169.03 frag@222.95 frag@130.03 loss@141.03 frag@145.09 frag@102.04 loss@272.16,0.4793618619 0.1401856393 0.1352487952 0.08309225738 0.07461501658 0.03404383734 0.003567714244 0.002880440792 0.002187469741 0.002143209102 0.001619698247 0.001149668824 0.001071918989 0.001049902756 0.0009383197757 0.000899380073 0.0008224067278 0.0007049923297 0.0006542130723 0.0006383426371
160,frag@167.03 frag@133.03 loss@149.06 frag@127.02 loss@111.05 loss@133.06 loss@166.03 loss@150.03 frag@191.03 frag@151.04 frag@265.05 loss@147.08 loss@147.05 loss@71.01 loss@27.01 loss@148.02 loss@419.12 loss@80.05 frag@177.05 frag@123.04,0.1729878932 0.1481162906 0.1440132856 0.09553736448 0.09267344326 0.08799125254 0.04124842212 0.02204309031 0.008044434711 0.005087918136 0.004199560732 0.003709066426 0.003702739952 0.003535296069 0.002974185627 0.002936949255 0.002796940273 0.002752175555 0.0025692489 0.002261905
161,frag@149.06 frag@121.07 loss@255.09 loss@327.17 loss@268.07 loss@201.12 loss@236.13 frag@121.06 loss@311.09 loss@303.12 loss@344.08 loss@208.09 loss@274.12 loss@215.13 loss@224.08 loss@301.17 loss@210.12 loss@319.15 loss@241.14 loss@217.13,0.3337214291 0.09422475845 0.04059317708 0.03363021091 0.02046246082 0.01697507687 0.01688190922 0.01530310977 0.01483812463 0.01069360785 0.01050810795 0.0104360627 0.008144885302 0.007862302475 0.007290710229 0.00721732527 0.006902982015 0.006237145513 0.006145011168 0.005922536366
162,frag@69.04 loss@192.09 frag@114.07 loss@185.09 frag@56.01 frag@142.02 loss@250.11 frag@189.11 frag@187.12 frag@177.09 frag@106.06 loss@198.14 loss@145.06 loss@215.11 frag@171.01 frag@152.07 loss@186.09 frag@121.09 loss@242.11 loss@222.1,0.1052825972 0.0770483315 0.07378662378 0.06860458106 0.06160430983 0.03576581553 0.03557387367 0.02879172191 0.01945549622 0.01579214074 0.01533549 0.01471097674 0.01298005227 0.01039236318 0.009586066939 0.008284189738 0.008219726384 0.008090697229 0.007264295127 0.007145687006
163,frag@120.08 frag@146.1 loss@251.1 frag@172.11 loss@309.11 loss@191.1 frag@148.11 loss@274.11 frag@121.06 frag@134.1 loss@258.15 loss@198.14 loss@190.14 frag@109.06 loss@279.1 frag@229.12 loss@236.12 loss@244.12 frag@79.05 loss@219.13,0.1768305451 0.07949312031 0.06855721027 0.05208490416 0.03182006627 0.02084601112 0.01866960898 0.01850756072 0.01810499467 0.01355807483 0.01285258308 0.01278763823 0.01211358234 0.01078533381 0.009902944788 0.009646092542 0.008303840645 0.007896701805 0.007548853289 0.00666347146
164,frag@129.07 frag@99.05 loss@191.1 frag@242.13 loss@218.11 frag@145.06 frag@158.1 loss@228.09 frag@117.07 frag@147.08 frag@208.07 frag@190.02 frag@155.05 loss@200.09 frag@171.02 loss@229.07 loss@237.11 frag@172.1 loss@229.09 frag@160.11,0.1129691675 0.08432202041 0.05576707795 0.04606316239 0.04332529381 0.01766749099 0.01531029306 0.01509887539 0.01358964946 0.01291903388 0.01189155411 0.01108634658 0.0110530816 0.01097460371 0.009701097384 0.009232390672 0.008784841746 0.008714371361 0.008650773205 0.007697097026
165,frag@110.01 loss@155.07 loss@220.04 loss@248.04 frag@152.05 loss@159.02 frag@125.03 frag@84.0 frag@189.03 frag@196.08 frag@163.03 loss@167.14 frag@136.02 loss@222.08 frag@218.04 frag@177.01 loss@129.08 frag@123.03 frag@124.04 loss@253.14,0.3322104812 0.2558276057 0.08842270076 0.08000165224 0.04718968645 0.03063933738 0.02554537728 0.02312152646 0.006849391852 0.005900525022 0.005609033629 0.003356260713 0.002950984286 0.002933427459 0.002311822725 0.002214687644 0.002115223324 0.001865971717 0.001585368882 0.001568396576
166,frag@149.08 loss@222.09 loss@237.09 loss@220.1 loss@295.13 loss@187.11 frag@135.06 loss@207.04 loss@165.12 loss@193.06 loss@170.08 loss@165.1 loss@198.03 loss@151.08 frag@151.06 loss@337.15 frag@109.04 frag@146.01 loss@191.08 loss@184.1,0.3408977091 0.08128246665 0.0525845103 0.04016929865 0.0371398665 0.02029170468 0.0192293264 0.01731940918 0.01320942957 0.009185409173 0.008609945886 0.008334834129 0.00820065476 0.007842466235 0.007783507928 0.007457358297 0.00694960542 0.006096814293 0.005224423017 0.005223012995
167,loss@181.1 frag@111.06 frag@146.03 frag@349.07 frag@212.04 frag@148.07 frag@122.03 frag@138.05 loss@267.07 loss@330.05 loss@229.06 frag@194.09 frag@125.11 frag@43.04 loss@247.14 loss@183.11 loss@218.07 loss@283.07 loss@290.15 loss@330.13,0.2382535487 0.1044069603 0.07081668824 0.04975970462 0.03245877847 0.02367900871 0.0234580189 0.02080272138 0.02073103003 0.01583772898 0.01528331824 0.01152978651 0.007902315818 0.007657557726 0.007302770391 0.006315833423 0.006111074239 0.005175556056 0.004968875088 0.004162434023
168,frag@176.03 loss@222.17 loss@175.97 loss@32.98 loss@278.06 loss@146.05 loss@496.18 loss@130.05 loss@145.15 loss@139.1 loss@129.1 loss@218.13 loss@0.04 loss@311.05 loss@173.99 loss@309.03 loss@161.12 loss@228.18 loss@317.14 loss@166.09,0.4725361466 0.08063277602 0.07141910493 0.03903413936 0.02687429823 0.02214252762 0.008941468783 0.008319030516 0.007290579379 0.006621941924 0.005887425505 0.005844105501 0.005725962576 0.004472369328 0.004456777591 0.004413782153 0.004152716137 0.003678870853 0.003491196083 0.003491142998
169,frag@82.06 loss@252.16 loss@261.1 frag@56.05 loss@251.12 loss@266.12 frag@110.1 frag@84.08 loss@271.12 loss@251.15 loss@265.11 loss@226.1 frag@83.07 loss@266.11 loss@204.15 loss@242.05 frag@86.06 frag@68.05 loss@278.17 loss@223.09,0.3185426891 0.1253368407 0.1222462729 0.05523882434 0.0358104296 0.02272804826 0.01604565419 0.01367228106 0.01116692182 0.01045849733 0.009489235468 0.008390072733 0.008076352999 0.008023489267 0.007988307625 0.007415823638 0.006418295205 0.005949134473 0.005851916037 0.005381827243
170,frag@158.98 frag@173.06 loss@133.09 loss@170.06 loss@197.1 frag@140.06 loss@197.07 loss@184.09 loss@147.1 frag@297.15 loss@286.09 loss@150.1 loss@70.05 loss@319.12 frag@317.21 loss@293.08 frag@218.98 loss@143.02 frag@171.08 loss@170.93,0.2077541649 0.07065541297 0.06758572161 0.04754845798 0.03942740336 0.0393544361 0.03915801644 0.03888942674 0.03589121625 0.03375472873 0.02218925394 0.02162820473 0.02074454911 0.01617213339 0.01209841762 0.01068588626 0.009651634842 0.009034973569 0.008164508268 0.007920927368
171,frag@144.06 loss@164.07 frag@172.05 loss@108.06 loss@152.07 loss@212.09 loss@149.09 frag@293.14 frag@134.06 frag@216.1 frag@145.04 loss@197.03 loss@205.06 frag@204.05 frag@144.04 frag@104.05 frag@117.04 frag@188.11 frag@116.05 loss@134.04,0.3100731671 0.1459420323 0.1386989653 0.10962791 0.09679150581 0.07905485481 0.02473750338 0.005070223939 0.00461065257 0.003122503636 0.002846406074 0.002801385242 0.002433136106 0.002154746326 0.002150829183 0.001805569627 0.001670568599 0.001544603496 0.001484709792 0.001438886393
172,frag@136.11 frag@162.06 loss@229.06 frag@206.1 loss@194.09 frag@154.0 loss@246.15 loss@276.16 loss@300.13 frag@110.1 loss@254.08 loss@280.14 loss@266.12 frag@138.05 loss@314.13 frag@43.04 loss@267.13 frag@263.09 frag@122.03 loss@298.1,0.1082624197 0.06116809323 0.04740157723 0.02965120226 0.02163104713 0.01922822185 0.01886992157 0.01639695838 0.01466625556 0.01400956325 0.01332074497 0.0123411715 0.01174822077 0.0112290578 0.009094438516 0.008952432312 0.0087804012 0.008743106388 0.008613933809 0.008282911032
173,frag@148.07 loss@323.14 frag@108.06 loss@172.13 frag@218.0 frag@106.08 loss@236.03 loss@219.08 loss@314.11 frag@194.09 loss@266.04 frag@269.15 loss@283.05 frag@248.07 frag@297.04 frag@171.95 loss@143.02 frag@122.1 frag@325.12 frag@315.12,0.04295864329 0.04008035734 0.02965657599 0.01728071459 0.01557110343 0.01453088596 0.01375789009 0.01174284797 0.01142984256 0.008654342033 0.008377105929 0.007360418793 0.006945758592 0.006280803122 0.006237997208 0.00598176429 0.005952109117 0.005403393414 0.005134329665 0.004604530055
174,frag@231.11 frag@171.06 frag@215.09 frag@143.06 loss@116.11 loss@155.05 loss@152.02 loss@85.07 loss@170.05 frag@255.08 frag@258.09 loss@226.06 loss@203.14 frag@186.07 loss@159.08 frag@203.13 loss@133.02 loss@177.09 loss@354.1 loss@306.12,0.09620616585 0.09165552258 0.07219341397 0.04931249842 0.04789382964 0.04089253768 0.03094683215 0.0130105326 0.01244869269 0.01180043351 0.01099638175 0.01070665382 0.00987272989 0.009095426649 0.008505307138 0.00749943126 0.006347779185 0.005785051268 0.005669377744 0.005639557261
175,frag@146.07 frag@120.06 frag@162.07 loss@216.1 loss@193.09 loss@145.06 loss@178.1 loss@188.11 loss@202.09 loss@213.09 loss@234.11 frag@177.09 loss@189.07 loss@177.09 loss@292.1 loss@175.11 loss@187.07 frag@160.09 loss@193.11 loss@179.05,0.2038740069 0.1198312268 0.1178852469 0.06749641895 0.04800255224 0.0466985032 0.04361646622 0.04258781299 0.03839863464 0.03575270995 0.03474119678 0.02503405139 0.01949399337 0.01203898247 0.009541973472 0.009492525831 0.007865813561 0.007758027874 0.007359625772 0.005527117755
176,frag@94.06 loss@237.06 frag@68.05 frag@110.06 frag@80.05 loss@276.11 loss@235.1 loss@219.14 loss@272.13 loss@235.11 loss@252.07 frag@92.05 loss@233.08 loss@194.11 loss@210.1 loss@254.07 frag@65.04 loss@221.04 frag@122.06 frag@108.04,0.2109719217 0.09023983032 0.06877426803 0.05510527268 0.03878789768 0.03588047996 0.0309748929 0.02497285977 0.01782651059 0.0129424613 0.01103403606 0.01033973414 0.009898074903 0.009127511643 0.008849481121 0.008728740737 0.008640646935 0.008478318341 0.008167563006 0.007519089151
177,frag@123.05 loss@232.07 loss@254.08 frag@139.03 loss@224.05 frag@113.02 frag@139.09 frag@162.06 frag@123.06 frag@104.02 frag@171.02 loss@204.08 loss@187.11 frag@124.08 loss@222.07 frag@182.13 frag@210.12 loss@229.04 loss@211.11 loss@166.02,0.0493426621 0.0359214507 0.03104511648 0.02999647334 0.0277738329 0.02522496879 0.02452942915 0.02318918332 0.01851793937 0.01555616315 0.01375317574 0.01180941798 0.01085690595 0.009707949124 0.009321950376 0.007423061877 0.007058084942 0.006644603331 0.00621609157 0.006049893796
178,frag@286.11 frag@310.13 frag@183.05 frag@310.11 loss@189.11 frag@196.01 loss@330.15 frag@226.05 loss@133.1 frag@226.02 frag@174.98 loss@164.12 loss@203.14 loss@245.96 loss@277.13 loss@191.01 frag@288.12 frag@301.17 frag@355.08 loss@291.11,0.0657543987 0.0275755357 0.02743498981 0.02130360156 0.01780418493 0.01430276595 0.01286991592 0.01269892603 0.01214399375 0.01211091876 0.01090733893 0.01023214031 0.009778579697 0.008428143337 0.007730823942 0.007699979935 0.007529455703 0.007529384457 0.007034789305 0.006369107403
179,frag@81.06 loss@264.07 loss@261.1 frag@83.02 frag@132.03 frag@56.01 loss@285.08 frag@110.08 frag@220.02 loss@267.19 frag@135.01 loss@353.14 loss@285.17 frag@169.17 frag@241.03 loss@273.09 loss@203.01 loss@286.02 loss@332.19 frag@82.99,0.06733842939 0.06708911806 0.04602883756 0.04085127637 0.02580396831 0.02401273139 0.02063911222 0.01688762195 0.01683391631 0.01331753191 0.01282968465 0.01174993441 0.0101580983 0.008991763927 0.008831296116 0.00751339877 0.006772956345 0.005135663319 0.005060002673 0.005012155045
180,loss@170.09 frag@195.04 frag@238.07 loss@150.02 loss@274.13 frag@257.11 loss@119.03 frag@74.93 loss@278.11 frag@285.12 frag@263.08 loss@202.14 frag@56.96 frag@169.01 loss@309.16 frag@128.98 frag@180.11 frag@155.05 frag@225.04 loss@234.06,0.06986086071 0.05008998513 0.02935069427 0.02890044823 0.02874434926 0.02139887027 0.02000030316 0.01955962926 0.01856797002 0.01631767116 0.01484350022 0.0137322098 0.01285165269 0.01052931231 0.009621239267 0.009614360519 0.008835347369 0.007529317867 0.007325682323 0.007294603158
181,loss@201.08 frag@133.08 frag@121.08 frag@145.08 loss@266.08 loss@163.08 loss@176.06 frag@118.05 frag@147.05 frag@147.09 loss@151.01 frag@132.07 loss@180.08 frag@131.06 frag@187.12 frag@146.08 frag@216.1 frag@161.07 frag@120.04 loss@217.04,0.2143320888 0.08027789742 0.040231172 0.02615888417 0.02497980557 0.02407568879 0.01995223202 0.01967350766 0.01920487359 0.01903981529 0.01823011413 0.01765313931 0.01614196226 0.01530027855 0.01387640648 0.01299603097 0.01097589452 0.008512282744 0.007651981432 0.006599223707
182,loss@263.14 loss@188.12 frag@240.07 frag@254.13 frag@125.05 frag@217.12 frag@182.12 loss@299.09 loss@329.07 frag@130.0 frag@211.07 frag@270.11 loss@149.11 frag@196.03 frag@60.08 loss@166.06 loss@229.13 loss@305.1 frag@246.14 frag@171.01,0.0672954917 0.03430669382 0.02927700244 0.02221744135 0.02214446105 0.01972894929 0.01969015226 0.01424477715 0.01075426489 0.01000253204 0.00961333327 0.008937236853 0.008440685458 0.007509589661 0.007037797477 0.006562362425 0.006259640679 0.006233589724 0.006113308016 0.005691541359
183,frag@80.05 frag@110.06 loss@180.08 frag@94.06 loss@215.11 frag@92.05 frag@93.06 loss@130.09 frag@120.04 loss@170.08 frag@135.06 loss@172.08 frag@126.04 loss@246.11 loss@194.11 frag@68.05 frag@108.04 frag@107.06 loss@194.08 frag@133.08,0.08813469112 0.08571129292 0.08274384588 0.05004027113 0.04434140027 0.03993657976 0.03812727332 0.03524318337 0.03110622801 0.02227878571 0.02037404664 0.01847097836 0.01728168316 0.01245690417 0.01231568865 0.01093285903 0.01011741534 0.009127962403 0.009117247537 0.008192136884
184,frag@71.09 loss@270.11 frag@154.01 loss@300.1 frag@181.02 loss@272.07 loss@292.14 loss@287.14 frag@43.05 frag@99.07 loss@230.04 loss@288.07 frag@228.09 frag@211.07 frag@237.03 loss@288.1 loss@216.98 frag@183.15 loss@185.0 frag@174.08,0.06206907704 0.05539035797 0.04958248138 0.04529710859 0.0408520028 0.04032563418 0.03226124868 0.02526463754 0.02240978554 0.01887575537 0.01831799559 0.01690130681 0.01312627736 0.0120446831 0.01031882316 0.008265500888 0.007542997599 0.007492020261 0.00701941736 0.007015759125
185,frag@233.08 loss@288.07 loss@253.07 loss@239.14 frag@228.12 frag@202.1 loss@232.08 loss@256.08 frag@269.13 loss@271.08 frag@183.06 frag@383.16 frag@155.03 loss@265.12 loss@280.13 loss@282.06 loss@396.13 loss@156.05 frag@186.02 loss@177.13,0.2998613119 0.09807753563 0.07992070913 0.04573595151 0.03501481935 0.02832856588 0.01229700446 0.01033817325 0.00938156154 0.006348043215 0.005988027435 0.005744603928 0.005686325952 0.005448421929 0.004587152041 0.004191185348 0.00376224611 0.003614174901 0.003506907495 0.003302451456
186,frag@68.05 frag@110.06 loss@235.1 loss@237.06 loss@263.11 loss@219.14 loss@276.11 frag@94.06 frag@92.05 loss@194.11 frag@65.04 loss@247.1 frag@80.05 loss@238.1 loss@219.1 loss@246.11 loss@254.07 loss@234.14 frag@126.04 loss@208.14,0.2096548975 0.1559908092 0.07691422105 0.04862377793 0.0346862115 0.03230305761 0.0294770766 0.02514168806 0.01618083939 0.01374434866 0.01227937732 0.01102724485 0.009561656974 0.008938944899 0.008933993988 0.008739648387 0.008467954583 0.00835392531 0.007824057713 0.006809288636
187,frag@46.07 loss@185.15 frag@200.03 loss@231.05 loss@192.16 frag@198.02 frag@242.07 frag@245.07 loss@280.06 frag@270.1 frag@207.07 frag@235.09 frag@224.07 loss@161.02 frag@183.04 frag@215.08 loss@143.11 loss@349.09 loss@363.12 frag@163.07,0.09733757377 0.0938924998 0.06233467534 0.0483360514 0.04356715083 0.03491723165 0.02721979655 0.01738261618 0.01443454623 0.01321115252 0.01012439746 0.009885962121 0.009248272516 0.007939966395 0.00711108325 0.007028505206 0.00667601591 0.006673590746 0.005516779143 0.005346489605
188,frag@80.05 loss@228.11 loss@215.11 loss@170.08 frag@108.04 frag@107.06 frag@94.06 loss@201.04 frag@135.06 loss@219.14 loss@194.11 frag@120.04 frag@121.04 loss@198.08 loss@164.06 loss@162.06 frag@106.06 loss@183.15 frag@110.06 frag@79.04,0.2674818039 0.1474512368 0.06367238611 0.05712903664 0.04268454388 0.03360418603 0.02260372788 0.01593009569 0.01517384686 0.01476025488 0.009443193674 0.007853896357 0.007171939127 0.005991815589 0.005991775542 0.005895928945 0.00576430466 0.00572253624 0.005451244768 0.0051669362
189,frag@135.06 loss@180.08 frag@191.12 frag@154.03 frag@121.08 loss@202.11 loss@193.12 loss@184.07 loss@236.06 frag@191.08 loss@109.09 loss@207.08 frag@282.12 frag@120.04 frag@170.05 frag@111.99 loss@212.07 frag@133.08 loss@154.08 loss@152.09,0.07127957046 0.06755977124 0.04603388533 0.04417958856 0.035603486 0.03443698585 0.02547616698 0.01603761129 0.01544994023 0.01348873507 0.01261985954 0.01236873679 0.01168594602 0.01109826099 0.009185018018 0.008554711007 0.008321052417 0.008213352412 0.00763323484 0.007348634303
190,frag@206.04 loss@246.12 frag@68.02 loss@187.16 frag@194.11 frag@200.09 loss@234.03 loss@171.16 frag@272.09 frag@218.13 loss@248.03 frag@263.13 loss@317.15 frag@247.11 loss@289.19 frag@217.08 frag@320.14 frag@113.1 frag@127.07 frag@246.04,0.061764732 0.05071197823 0.04238672554 0.0274986513 0.02472530305 0.02119222097 0.02105860598 0.02070639469 0.01957354322 0.01703622565 0.01313044317 0.01147516444 0.01073803473 0.009924100712 0.009888304397 0.00815524254 0.007437346037 0.006372125354 0.006024974398 0.005780936684
191,frag@184.05 loss@123.05 frag@208.05 frag@205.07 frag@218.05 frag@232.1 loss@124.07 loss@202.04 loss@236.02 loss@292.2 loss@232.03 loss@149.04 loss@89.08 loss@110.02 loss@234.23 loss@45.03 loss@378.15 loss@112.13 loss@128.14 loss@286.03,0.3023666143 0.2259586453 0.06092158332 0.02163348719 0.01714433916 0.01615453325 0.009281901643 0.008820009418 0.004121003672 0.004092374351 0.003784355009 0.003701385576 0.003700707806 0.003638469148 0.003594262525 0.003569861408 0.003180434229 0.003163482063 0.003116617678 0.003095565364
192,frag@202.05 loss@245.1 frag@90.04 loss@190.14 loss@192.08 loss@227.09 loss@279.1 frag@202.12 frag@165.02 loss@257.08 loss@319.15 loss@195.02 loss@340.12 loss@210.09 loss@302.16 loss@149.03 frag@273.11 loss@294.02 loss@201.09 loss@289.14,0.2941219807 0.256675154 0.1597057581 0.02380035259 0.01926292293 0.01553665381 0.008183892816 0.006185965147 0.005194807425 0.005002550781 0.004876029678 0.004837156739 0.004624075722 0.004428769462 0.00433780672 0.003912828397 0.002965203952 0.002736600582 0.002486725105 0.002300720196
193,loss@162.13 frag@233.05 frag@229.04 frag@178.11 loss@271.02 loss@289.19 loss@338.15 frag@205.11 loss@269.03 frag@236.06 frag@256.13 frag@214.12 frag@233.04 loss@313.14 frag@179.1 frag@100.04 loss@316.13 frag@272.16 frag@266.07 loss@332.16,0.04601946473 0.03298633173 0.03077997081 0.02848131955 0.02104524896 0.01858733967 0.01759931445 0.01338276826 0.01225296408 0.009931799024 0.008894396015 0.008637294173 0.007777201943 0.006627469324 0.005938222166 0.005588315427 0.004967007786 0.004795962013 0.004752222449 0.00465248432
194,frag@229.08 frag@232.11 loss@88.08 frag@231.09 loss@71.05 loss@92.05 loss@254.02 loss@342.07 frag@152.14 loss@236.02 loss@121.03 loss@217.0 loss@312.04 loss@97.03 loss@104.11 frag@214.05 loss@343.98 loss@169.16 loss@84.04 loss@231.01,0.1855081469 0.09830920398 0.06952447444 0.0598327294 0.0235552825 0.02154840156 0.01824583672 0.01628216356 0.0160382539 0.01467663795 0.01450600941 0.01444650814 0.01232777443 0.00968860928 0.008868259378 0.007959906012 0.006997757126 0.006699325051 0.006680567749 0.006076696329
195,frag@121.06 loss@207.06 loss@217.1 loss@191.03 loss@221.11 loss@271.09 frag@121.03 loss@189.1 loss@215.13 loss@222.11 loss@268.09 loss@311.09 frag@135.08 loss@274.04 frag@118.08 loss@184.03 loss@228.03 loss@256.12 loss@346.06 frag@148.11,0.4365252554 0.1446493417 0.1092147529 0.0508265011 0.0477957353 0.02302275039 0.02246408351 0.00955927372 0.007870116271 0.007185626775 0.006527418271 0.005232268013 0.004666273016 0.004207302351 0.00376872858 0.003765176982 0.003342162352 0.002980807563 0.002863537986 0.002821810078
196,frag@133.09 loss@269.12 frag@176.07 loss@259.13 frag@162.09 frag@190.09 loss@250.08 frag@110.05 frag@147.07 frag@74.93 loss@242.11 frag@138.09 loss@260.12 frag@178.09 frag@309.16 frag@121.06 frag@160.1 loss@222.13 frag@148.08 frag@133.07,0.1466880143 0.04500064254 0.04480738193 0.03676258773 0.03466354683 0.0306074582 0.01694909483 0.01617067493 0.01523376908 0.01284334715 0.00941557996 0.009204673581 0.008960501291 0.008354743943 0.00777653791 0.007611572277 0.007429941557 0.007122634444 0.007107124664 0.007003000006
197,loss@241.11 frag@192.05 loss@280.12 frag@238.07 frag@217.12 frag@156.04 loss@266.13 frag@279.16 loss@309.18 frag@226.02 frag@171.02 loss@259.06 frag@254.13 frag@220.14 frag@120.07 loss@251.08 frag@101.06 frag@218.12 loss@225.18 loss@291.1,0.2088492215 0.1578973085 0.1376939416 0.09342695773 0.01630544476 0.01553009357 0.014895414 0.01224811375 0.01058906689 0.007920830511 0.007887023501 0.007332740817 0.006157246884 0.004838043358 0.004805610515 0.004596652929 0.003984792624 0.003883282421 0.003424739698 0.003286605468
198,frag@149.06 frag@279.09 frag@156.04 frag@121.03 loss@214.1 frag@112.06 loss@196.03 frag@184.06 frag@102.04 loss@217.1 loss@184.08 loss@222.09 frag@110.02 loss@255.09 frag@41.03 frag@314.11 loss@330.09 loss@199.06 loss@236.13 loss@306.11,0.1510309428 0.05963402987 0.03648948297 0.03619757667 0.03106279299 0.03001605906 0.02667205781 0.02143676393 0.01496945694 0.01119108684 0.01094145142 0.01082930528 0.01030038204 0.01020204648 0.009864273481 0.009669763967 0.009553666227 0.009173663333 0.007854428142 0.007307857741
199,frag@219.12 loss@216.14 loss@286.13 loss@297.09 loss@273.08 frag@246.09 loss@220.06 loss@231.12 frag@92.03 frag@244.1 loss@346.14 frag@104.03 frag@260.09 frag@103.05 loss@291.09 frag@196.12 loss@152.08 frag@131.05 loss@368.14 frag@207.98,0.2122672945 0.1553580612 0.05256490037 0.03856579587 0.03607186303 0.03107878193 0.02666782588 0.02242484502 0.01405740622 0.01312245242 0.01066303533 0.01064632088 0.00925759133 0.009105481207 0.008149540052 0.007734608836 0.006621056702 0.006266580895 0.005068509839 0.004870788194
200,frag@95.07 loss@291.17 loss@236.11 frag@111.06 loss@280.13 loss@198.12 loss@252.15 frag@166.09 loss@219.08 loss@170.1 frag@126.06 loss@254.12 loss@320.13 frag@139.07 loss@228.15 frag@190.12 frag@171.11 frag@182.98 frag@231.12 frag@70.03,0.1310801655 0.04778693616 0.03957042843 0.03712755069 0.03485231102 0.01950316876 0.01516737044 0.01170752943 0.01043269504 0.009696513414 0.0092351567 0.009047285654 0.007582047489 0.00611485634 0.005938930903 0.005585466977 0.005547266919 0.00541826617 0.005338876974 0.005173055455
201,loss@152.01 frag@119.04 loss@240.03 loss@96.02 frag@189.04 frag@180.98 frag@291.1 frag@219.15 frag@151.01 frag@233.07 loss@103.01 frag@224.08 frag@305.14 loss@105.02 frag@222.99 frag@294.14 frag@289.11 loss@33.06 frag@180.02 frag@250.09,0.1715480834 0.1499936134 0.07682398707 0.05002828687 0.03720084205 0.02250113524 0.01137551758 0.01073458232 0.01050160825 0.01029081084 0.009646327235 0.009639390744 0.00890838448 0.007532051299 0.006808976177 0.006468477193 0.006173677277 0.005704858806 0.005635619629 0.005468156189
202,frag@212.09 frag@152.08 frag@111.03 frag@183.02 loss@265.02 loss@251.02 loss@282.17 frag@259.05 loss@204.97 frag@238.08 frag@244.13 frag@286.09 loss@239.03 loss@252.04 loss@155.02 loss@260.07 loss@254.03 frag@86.07 loss@295.09 loss@315.11,0.09379735589 0.03245596215 0.02171791159 0.02154916897 0.02151240222 0.01789372787 0.01513072755 0.01447672956 0.01359239966 0.01337005477 0.01335923374 0.0127415387 0.01231848635 0.01095335279 0.01024146844 0.01022445876 0.009874564596 0.00861919485 0.008583769202 0.008339255117
203,frag@137.02 loss@205.05 frag@194.08 loss@138.1 loss@81.09 loss@164.01 loss@278.07 frag@238.04 loss@173.98 frag@172.99 loss@248.98 loss@254.17 loss@129.03 loss@203.95 loss@198.97 loss@125.09 loss@206.18 loss@124.12 loss@140.12 frag@193.09,0.3551103175 0.09298298508 0.08618579805 0.07782382518 0.03878422454 0.03230249882 0.03005874529 0.01749556884 0.01373047289 0.01369155105 0.0133324964 0.01149189472 0.007249582559 0.00716946926 0.006150470115 0.005143268965 0.004010700155 0.003960104659 0.003783207852 0.003455050988
204,frag@177.06 loss@317.08 frag@219.03 loss@298.06 frag@263.14 frag@352.18 frag@221.1 loss@366.92 frag@224.07 loss@258.12 frag@197.04 loss@434.14 loss@280.16 loss@354.06 loss@180.0 frag@207.07 frag@250.11 frag@163.11 frag@193.09 frag@196.02,0.07487003505 0.05730271712 0.04530849308 0.04194847867 0.01899564639 0.01868376508 0.01753728464 0.01554735191 0.01480232086 0.01181006152 0.01059842296 0.009027548134 0.008990483359 0.008562734351 0.008113584481 0.007946175523 0.007749890909 0.007536400575 0.007348821964 0.00714146113
205,frag@109.08 frag@82.03 loss@272.13 frag@107.06 loss@239.07 frag@80.05 frag@94.06 frag@68.05 frag@173.95 frag@99.06 loss@235.1 frag@110.06 frag@123.06 frag@97.04 loss@222.07 loss@235.11 loss@231.08 loss@231.09 loss@173.07 frag@125.08,0.1116358042 0.04426211491 0.03200777248 0.02483049966 0.02375099994 0.02284776233 0.02139012888 0.02049422264 0.01961740106 0.01879068837 0.01699851826 0.01647261158 0.01483375859 0.01461434271 0.01253891923 0.009993503802 0.009854185395 0.00955997128 0.009225555696 0.009179307148
206,frag@100.05 frag@277.1 loss@268.17 frag@245.1 frag@200.05 loss@150.06 frag@291.11 frag@279.08 loss@282.06 frag@220.04 loss@366.92 frag@235.11 frag@214.03 frag@334.17 loss@60.03 frag@213.11 loss@75.07 loss@144.1 frag@364.16 frag@223.97,0.06839101017 0.04748343304 0.03611149639 0.02767841145 0.02293653786 0.01805350184 0.01720119826 0.01547732111 0.01418691967 0.01300045103 0.01267916895 0.0121842334 0.009575479664 0.009276412427 0.008805104531 0.006510024425 0.006363077089 0.005805943161 0.005761234555 0.005599850323
207,frag@188.12 loss@137.1 loss@125.1 frag@186.1 loss@139.11 frag@176.12 frag@158.07 frag@215.09 frag@187.1 loss@86.05 loss@109.06 frag@186.07 frag@143.06 loss@111.08 frag@161.08 loss@134.08 frag@210.1 loss@149.1 frag@236.08 loss@263.05,0.2357191145 0.2053724527 0.1362534016 0.09490846097 0.09357961267 0.03171195835 0.02935364097 0.00731948996 0.007288604043 0.005659413058 0.005154182669 0.004928222857 0.004800875206 0.004359895829 0.003528517438 0.003475004574 0.003469965188 0.003312816145 0.003311885055 0.003066338599
208,frag@133.08 loss@199.07 loss@203.11 loss@197.05 frag@147.09 loss@202.06 frag@147.05 loss@190.11 frag@121.08 frag@132.07 frag@120.06 frag@120.04 loss@177.09 frag@161.07 loss@201.08 frag@145.08 loss@176.1 loss@163.09 loss@175.06 loss@177.12,0.36644122 0.1818340123 0.1357470304 0.03197950497 0.02665841393 0.02455885336 0.01812330447 0.01606651023 0.01510183327 0.01191460621 0.008076616563 0.008017356507 0.007347203325 0.007298772223 0.005136781372 0.005074086133 0.004757946357 0.004415034782 0.004111177288 0.003761412343
209,loss@253.11 frag@217.07 frag@248.08 loss@305.1 frag@151.96 frag@122.03 frag@206.1 loss@268.12 loss@251.16 loss@171.1 frag@338.11 frag@59.06 frag@162.97 loss@187.09 loss@234.06 loss@277.18 frag@233.02 frag@279.16 frag@111.02 loss@209.15,0.06178283319 0.03137376904 0.02823441289 0.02576496452 0.02092603967 0.01606836356 0.01550533157 0.00998467952 0.009257368743 0.00887887273 0.008681485429 0.008587923832 0.006501988973 0.006454744842 0.006342189386 0.005511624739 0.005136433523 0.004573704209 0.004349989817 0.004196499009
210,frag@109.05 loss@214.08 loss@230.06 loss@296.11 loss@289.05 loss@302.08 loss@210.99 loss@316.06 loss@216.0 loss@165.14 loss@217.99 loss@244.06 frag@125.07 loss@260.11 loss@174.09 loss@241.08 frag@71.06 loss@207.14 loss@295.05 loss@306.04,0.4865023792 0.1821790487 0.1047104523 0.1005982757 0.02243664116 0.02157517336 0.005682823714 0.005245112814 0.005068454891 0.003598287469 0.002257892163 0.001842359896 0.001703982009 0.001668708981 0.001649958547 0.001627552439 0.001492934534 0.0014259686 0.0009360536933 0.0008756422321
211,frag@139.09 frag@162.06 loss@188.08 loss@224.05 frag@85.09 loss@232.07 loss@254.08 loss@223.05 loss@249.12 loss@166.02 loss@235.12 loss@214.0 loss@211.11 loss@181.09 loss@268.12 frag@171.02 loss@210.06 loss@260.03 frag@123.05 loss@238.06,0.2612356246 0.1341073215 0.0902164951 0.04999772832 0.04414102063 0.04120533168 0.01251141634 0.009986145422 0.008968947455 0.008808289655 0.008147315122 0.006121845916 0.00586679671 0.005019712262 0.004882004112 0.004698184319 0.004525107797 0.004258529283 0.004251797218 0.004176285118
212,frag@79.05 loss@186.06 loss@232.11 loss@204.12 loss@231.07 loss@168.12 loss@228.06 frag@105.07 loss@200.05 loss@245.08 loss@283.08 loss@257.11 frag@135.08 loss@282.13 loss@192.06 loss@217.15 loss@210.03 loss@240.15 loss@249.09 loss@210.05,0.449822098 0.07343943417 0.06176581979 0.05449130014 0.03886244819 0.03580025956 0.0221654661 0.01782285236 0.01074117422 0.009097018279 0.008845060132 0.008460839279 0.008259358816 0.007916571572 0.007841581479 0.007235959638 0.006855940446 0.006828274112 0.006499151234 0.006163739134
213,frag@45.03 frag@138.01 loss@280.09 loss@185.02 loss@206.02 loss@78.03 loss@272.05 loss@156.01 frag@318.03 frag@101.02 frag@102.09 loss@314.06 frag@68.05 loss@298.03 loss@128.05 loss@156.04 frag@179.0 frag@140.03 loss@251.2 loss@93.06,0.2800741792 0.1869218946 0.1288156211 0.1074819788 0.08533002436 0.05805289 0.05752734095 0.008910003118 0.003086653538 0.00248948019 0.002281758236 0.002138078678 0.002077172277 0.002027542097 0.001878520357 0.001695345039 0.001691646525 0.001639609458 0.001617694041 0.001545311301
214,loss@113.08 loss@111.07 frag@179.03 frag@219.06 frag@217.04 frag@207.02 frag@228.14 frag@278.1 frag@156.98 frag@231.0 frag@242.04 frag@216.11 loss@151.02 loss@111.06 loss@85.09 loss@127.1 loss@128.09 frag@322.1 loss@100.09 frag@240.14,0.2413386256 0.1875808239 0.1538509279 0.08744185418 0.07747879624 0.03803083673 0.01471148245 0.01154282503 0.01009926666 0.009649331681 0.008745606989 0.007383097894 0.005908701569 0.005774265621 0.005413340405 0.004650286864 0.004005090799 0.003636044916 0.003394298488 0.003123512026
215,frag@117.05 loss@237.08 loss@171.04 loss@156.02 frag@135.03 frag@134.02 loss@232.06 loss@155.02 frag@161.08 loss@195.12 frag@83.03 frag@148.03 frag@116.03 frag@121.04 loss@227.01 frag@156.03 loss@198.01 frag@132.06 loss@155.04 loss@170.04,0.0549832955 0.05044825375 0.04584376886 0.04003486782 0.02888686582 0.0263629891 0.01963422075 0.01807068475 0.01455259882 0.01449318416 0.01411511563 0.01408980507 0.01230110601 0.01220462192 0.01146242861 0.01110240351 0.01030054037 0.009846019559 0.009668593295 0.008892484941
216,loss@107.05 frag@59.99 frag@224.09 frag@296.12 frag@283.08 frag@331.16 frag@246.12 frag@233.06 frag@192.09 frag@311.11 loss@91.99 frag@155.11 loss@147.09 frag@182.06 loss@151.09 frag@304.06 loss@114.11 frag@234.95 frag@329.1 loss@196.02,0.1777566075 0.04889538512 0.04412807897 0.02674785815 0.0213282425 0.02004545182 0.01567265019 0.01432803925 0.01297376771 0.01286233682 0.01268705074 0.006622826215 0.005953427404 0.005442943424 0.005097863264 0.004975224845 0.004737373907 0.004135484807 0.004104018677 0.004086376633
217,frag@56.05 frag@84.04 frag@42.03 loss@167.06 loss@63.03 loss@196.12 loss@113.01 loss@105.04 loss@266.11 loss@211.12 loss@255.07 loss@229.05 loss@261.06 loss@224.09 loss@198.05 frag@74.06 loss@222.06 loss@201.14 loss@240.06 loss@256.17,0.2792131901 0.08294288814 0.06942732632 0.04304251075 0.04296225309 0.03284268454 0.02066577412 0.01987095363 0.01827458292 0.01789292693 0.01560130809 0.01545387879 0.01525131799 0.01513196714 0.01471075509 0.01429692097 0.01218140498 0.01185114868 0.01078260038 0.0106433183
218,frag@105.04 frag@51.02 loss@175.03 loss@137.0 loss@221.07 loss@216.09 loss@79.04 loss@240.1 loss@314.14 loss@183.02 loss@180.05 loss@185.04 loss@163.04 frag@253.1 frag@77.04 loss@186.08 loss@191.11 frag@131.06 loss@204.09 loss@165.04,0.3186249733 0.1034102291 0.0602645278 0.05287032947 0.04930191115 0.03090199269 0.02122115716 0.02085918374 0.01880474016 0.01649729162 0.01401889231 0.01054502372 0.01047011837 0.009528200142 0.009187480435 0.007724945899 0.007550396025 0.006343530491 0.005523497704 0.005364438519
219,frag@160.04 loss@163.06 loss@215.06 loss@120.06 loss@234.21 loss@217.01 loss@191.01 loss@131.08 loss@204.05 loss@145.97 loss@263.09 loss@264.08 loss@203.06 loss@149.06 loss@161.08 loss@170.04 loss@173.05 loss@182.05 loss@260.1 frag@218.09,0.4890688658 0.2347904444 0.0877224803 0.05526644364 0.02030528709 0.007786703762 0.007331385277 0.006339075975 0.003086688695 0.002561161993 0.00245116977 0.002306003356 0.002031218959 0.001998164924 0.001855670358 0.001808061847 0.001665434218 0.001456875354 0.001341492985 0.001318617724
220,frag@120.04 loss@216.09 frag@133.08 frag@147.05 loss@190.11 loss@237.11 loss@176.1 loss@203.11 loss@227.11 loss@242.12 frag@106.07 loss@295.1 loss@221.07 loss@209.11 frag@110.05 loss@247.1 loss@195.09 loss@242.11 loss@247.07 loss@104.06,0.2946415842 0.0932796225 0.05789069831 0.04400112107 0.03000644036 0.02689421363 0.02047557756 0.01663532294 0.01575932093 0.01202329528 0.01181233115 0.01170541625 0.01056804601 0.008036417887 0.00779666286 0.007199183572 0.006030053366 0.005842009559 0.005265859887 0.005258422811
221,frag@191.04 frag@150.02 loss@155.13 frag@165.03 loss@196.16 loss@125.12 frag@43.03 frag@206.01 loss@153.0 loss@139.14 frag@232.14 frag@230.1 loss@122.08 loss@262.09 loss@233.0 loss@235.01 loss@54.05 loss@193.0 loss@173.03 loss@163.02,0.0707488507 0.05442597717 0.04440990835 0.03595018759 0.03594483435 0.02788448706 0.02373777516 0.02298467606 0.0218919199 0.01846535504 0.01846240088 0.01818728261 0.01657403447 0.01358001865 0.01269645151 0.01196465921 0.01149442233 0.01146230567 0.01127844583 0.01008492429
222,frag@53.04 loss@288.16 frag@80.05 frag@108.04 frag@94.06 loss@252.07 frag@124.04 loss@222.08 loss@162.06 loss@289.18 frag@65.04 frag@93.03 frag@120.04 loss@237.06 loss@240.06 loss@254.04 loss@223.08 frag@122.06 loss@192.04 frag@126.05,0.1727777869 0.04616826773 0.04467758909 0.03515912592 0.03018721379 0.02859943919 0.02773218974 0.02515819296 0.02133993991 0.01571046375 0.01527156215 0.01310836896 0.01298124064 0.01281331386 0.01262696367 0.01186801028 0.01096081268 0.009445287287 0.00902422145 0.008209378459
223,frag@159.04 loss@188.07 loss@187.09 loss@160.08 loss@260.09 loss@161.09 loss@147.11 loss@272.11 loss@258.13 loss@238.09 loss@211.97 loss@202.0 loss@275.05 loss@168.07 loss@197.05 loss@135.05 loss@188.11 loss@196.04 loss@177.01 loss@244.07,0.4973112941 0.1643582135 0.05905969813 0.04690605775 0.04329879954 0.03752559423 0.0327693522 0.007949537598 0.004099735525 0.003693555482 0.003217747435 0.00298137241 0.002970774425 0.002356764395 0.002325474052 0.002098503755 0.002005687915 0.001998230582 0.001837700605 0.001537166303
224,loss@226.03 loss@200.99 frag@206.09 frag@329.12 frag@272.16 frag@184.98 frag@282.11 frag@69.99 loss@273.17 frag@209.99 loss@329.04 frag@168.02 frag@111.1 frag@170.11 frag@194.0 frag@311.2 loss@206.1 frag@218.0 frag@122.1 frag@330.19,0.06333276629 0.02920855768 0.01498832833 0.01202362962 0.01106373314 0.01092090178 0.01042442583 0.009461724199 0.009016973898 0.007504151203 0.006665612105 0.006583977491 0.005445595831 0.004835193977 0.004460847005 0.004438361153 0.004297806416 0.004183565732 0.004122843966 0.00350373378
225,frag@96.04 loss@205.09 frag@120.04 loss@247.1 frag@92.05 frag@110.06 frag@108.04 frag@80.05 frag@133.08 frag@124.04 loss@219.07 frag@163.09 frag@94.06 frag@121.08 frag@107.06 frag@93.03 loss@211.04 loss@200.06 frag@68.05 frag@137.07,0.09535234421 0.08780822903 0.0406614393 0.03990021348 0.03871957213 0.03434930742 0.03123105131 0.02915579826 0.02833403274 0.02616970614 0.01248405967 0.01144580077 0.01128698885 0.01103403606 0.01047162246 0.01046283729 0.01019191276 0.01005947404 0.009717500769 0.009268516675
226,loss@246.08 loss@159.05 frag@137.05 frag@148.07 frag@136.06 loss@204.08 frag@152.08 frag@127.06 frag@135.07 frag@235.05 loss@167.07 loss@130.09 loss@132.04 frag@112.02 frag@126.07 frag@110.03 loss@175.05 frag@150.08 frag@55.02 frag@126.0,0.1757361591 0.1071774065 0.06971301883 0.05690906942 0.04148471728 0.03190775216 0.02931647003 0.02811446227 0.02374573052 0.01808805391 0.01275498979 0.01021194551 0.01001208927 0.00810397137 0.00805134885 0.007552932482 0.007221471518 0.006602413952 0.005565519445 0.005259763449
227,frag@118.07 loss@180.03 loss@245.15 loss@296.14 loss@264.11 loss@129.06 loss@188.04 loss@46.07 loss@336.05 frag@105.05 frag@171.05 frag@132.08 frag@160.1 loss@204.06 loss@202.01 frag@132.04 frag@117.06 loss@326.09 loss@145.12 loss@301.12,0.3789622486 0.092410855 0.05507883057 0.05128015578 0.03015895747 0.02853405848 0.01577469334 0.01223946642 0.01037009899 0.008012912236 0.007461344358 0.005899106152 0.005837088916 0.005395314656 0.005180233158 0.005136951804 0.004884773865 0.004648027942 0.004593592137 0.004191953223
228,frag@226.1 frag@264.11 loss@113.99 frag@311.09 loss@108.98 loss@93.02 loss@130.01 loss@100.0 frag@283.14 loss@143.05 loss@220.99 frag@80.04 loss@358.22 loss@1.01 frag@251.08 loss@47.04 frag@184.06 loss@135.0 loss@358.13 frag@161.02,0.1613070071 0.06554973125 0.05095929652 0.04411141947 0.04066081718 0.02363927104 0.02354935557 0.01751684211 0.0170794595 0.0169257354 0.01564062946 0.0148125086 0.01462765131 0.01408896875 0.01383870468 0.01251775492 0.01098095346 0.009638384916 0.008889666758 0.007458780892
229,loss@259.13 frag@176.07 frag@190.09 loss@250.08 frag@87.04 frag@202.16 frag@141.14 frag@244.05 loss@148.09 frag@74.93 frag@138.09 loss@350.15 loss@260.12 loss@152.09 frag@133.09 frag@182.03 loss@276.18 frag@243.06 frag@172.02 loss@250.14,0.246667549 0.2325718254 0.05713169277 0.04169789702 0.04109402001 0.01834649593 0.01639175043 0.01334141567 0.01284862775 0.01103386283 0.006564855576 0.005315325689 0.005177516025 0.00492773857 0.004788854625 0.004396189004 0.004156677518 0.004074512515 0.003900729353 0.003834781703
230,frag@143.05 frag@75.02 loss@133.04 loss@76.03 loss@132.02 loss@116.03 loss@91.01 loss@181.13 frag@167.99 loss@170.0 loss@165.02 loss@92.0 loss@92.06 frag@225.06 loss@40.01 frag@233.12 loss@234.09 loss@102.99 frag@288.09 loss@82.01,0.2447005808 0.1531294286 0.1219962016 0.08695425093 0.0368886888 0.01939469762 0.01749606803 0.01356929541 0.01209660433 0.00986853987 0.00716752978 0.007154363673 0.006187034771 0.005188137759 0.004779985175 0.004623962101 0.004266862292 0.003977789544 0.003919293638 0.003652129788
231,frag@59.05 loss@212.12 loss@194.14 loss@283.03 loss@197.15 loss@362.1 loss@168.13 loss@281.09 loss@176.01 loss@148.1 frag@100.04 loss@333.13 loss@316.07 loss@268.12 loss@146.11 frag@208.04 loss@243.0 loss@317.11 loss@187.12 loss@91.06,0.4771080911 0.2848892808 0.0227571819 0.01336764637 0.01252648793 0.01181736682 0.007513946854 0.006978726014 0.004572528414 0.004464901984 0.004159930162 0.003572184127 0.003566734027 0.003359695198 0.00303488411 0.002906654263 0.002533707768 0.00245914259 0.002020571847 0.001991077559
232,loss@158.11 loss@131.09 frag@170.07 loss@144.09 loss@145.11 frag@170.1 frag@183.09 loss@173.11 frag@195.09 frag@201.07 frag@204.07 loss@130.11 frag@213.1 frag@157.09 frag@202.1 frag@199.05 frag@169.09 frag@113.08 loss@297.02 loss@117.12,0.1014931947 0.08746232092 0.07465089113 0.07378648221 0.06988029182 0.05934774876 0.05324922875 0.05037178472 0.04307051003 0.04179173335 0.03410889953 0.02288703993 0.02227874286 0.021699965 0.02114957012 0.02079550363 0.01731627062 0.0109758433 0.01044008788 0.009830984287
233,loss@319.11 loss@305.09 frag@188.07 frag@130.07 frag@158.08 frag@159.09 loss@317.09 frag@160.08 frag@117.06 frag@132.08 loss@279.11 loss@296.06 loss@340.12 frag@176.07 loss@331.11 loss@322.13 frag@146.06 loss@204.06 loss@255.15 frag@130.06,0.1389737874 0.1032914221 0.0945834741 0.08287592232 0.06146405265 0.03550874069 0.02877743728 0.01849231124 0.01728380658 0.01506346278 0.01240507513 0.0123509746 0.01216614898 0.01071910653 0.01060563512 0.01056275703 0.01048974879 0.009995449334 0.009569804184 0.00885417033
234,frag@94.06 loss@259.06 frag@108.08 loss@219.14 loss@195.13 loss@259.16 loss@221.11 loss@182.11 loss@260.07 frag@174.03 loss@215.11 frag@139.1 frag@80.05 loss@258.11 loss@295.07 loss@226.05 frag@202.16 loss@268.16 frag@94.07 frag@122.06,0.2839800417 0.06651803851 0.0537757352 0.04622490332 0.0342049785 0.01973923855 0.01779167168 0.01726247743 0.01413174625 0.01385980844 0.01173613872 0.01154067926 0.01061521657 0.01040095463 0.009115635417 0.008574984036 0.008541500196 0.007573634386 0.00680234842 0.006637970451
235,frag@229.1 frag@261.1 loss@118.1 loss@143.05 loss@249.97 loss@165.02 loss@225.16 loss@128.14 loss@91.01 frag@241.08 loss@365.13 loss@297.02 loss@80.05 loss@133.06 loss@196.15 loss@318.06 loss@119.99 loss@220.94 loss@358.13 loss@0.03,0.239394322 0.2057074308 0.1146510988 0.04227668792 0.01886055246 0.01447300147 0.009672113694 0.007744261064 0.006266979966 0.006256206892 0.005503336433 0.004983423278 0.003764480818 0.003313725814 0.003053349908 0.002775706584 0.002757348819 0.002379371552 0.002068998991 0.00200585532
236,frag@124.06 loss@205.08 frag@122.01 loss@242.07 loss@259.05 frag@144.1 loss@182.1 frag@183.11 loss@314.06 loss@291.06 frag@208.01 frag@150.0 frag@241.07 loss@177.97 loss@304.08 frag@194.09 loss@204.0 frag@170.02 frag@127.06 loss@292.08,0.196916461 0.1264633685 0.1128494963 0.09505421668 0.07099915296 0.04124201462 0.0399427712 0.0382011272 0.02994952537 0.02271776646 0.01055268571 0.008306328207 0.008138183504 0.007873957045 0.006517407484 0.006421394181 0.005786395632 0.005039070733 0.00494430773 0.004478900228
237,frag@227.12 frag@195.98 loss@226.18 frag@303.15 loss@289.11 loss@116.02 loss@317.1 loss@301.12 frag@260.07 frag@213.04 loss@89.03 loss@127.05 frag@92.02 frag@243.14 frag@289.1 frag@186.13 frag@200.02 loss@270.12 frag@285.14 frag@111.02,0.08860789984 0.01502525713 0.0142545281 0.01191988494 0.009178924374 0.007432908751 0.006754644215 0.005417704582 0.00519645866 0.005175918341 0.004993232433 0.004568590783 0.00446501933 0.004385967739 0.004358277656 0.004096269608 0.004084496759 0.004037846811 0.003825217253 0.00372387399
238,loss@304.07 loss@252.13 frag@170.07 frag@249.08 frag@119.02 frag@150.03 frag@202.1 loss@238.12 frag@155.07 frag@207.08 frag@302.09 frag@231.05 frag@228.12 loss@212.08 loss@301.09 loss@317.13 frag@169.05 frag@165.05 loss@299.05 frag@122.04,0.07514478266 0.07015923411 0.06685779244 0.03628345206 0.03026829287 0.02236849256 0.02100732364 0.01485612988 0.01385975163 0.01337252744 0.01335002482 0.0131404195 0.01152234431 0.01119827479 0.01042127982 0.01009599864 0.009481103159 0.009402002208 0.008904073387 0.00801417511
239,frag@121.05 frag@164.09 loss@175.08 loss@191.08 loss@211.11 loss@173.07 loss@227.03 loss@175.05 loss@295.13 loss@151.08 frag@120.04 frag@256.1 frag@149.08 frag@170.05 loss@193.09 frag@59.02 loss@164.1 loss@178.1 frag@187.12 loss@222.1,0.2517156005 0.1404130161 0.09834378213 0.07742314786 0.07184726745 0.03200437501 0.02590809762 0.01956735365 0.01772834547 0.01731661148 0.01596863754 0.01324154623 0.01273854636 0.01213440392 0.006990087684 0.006530705374 0.004592945799 0.004155919421 0.00390694337 0.003415411571
240,frag@102.04 loss@243.09 frag@112.06 loss@199.06 frag@133.06 loss@209.12 loss@196.03 frag@110.02 frag@162.03 frag@147.08 frag@86.99 frag@314.11 loss@217.1 loss@207.07 loss@267.09 frag@118.08 loss@251.09 frag@147.05 frag@123.08 frag@188.04,0.13072142 0.09355854988 0.06527278572 0.04306959361 0.03765222058 0.02578362264 0.02551905811 0.01608666964 0.01525385492 0.01371801831 0.0133781638 0.01259673294 0.01251059584 0.01189334132 0.01157120429 0.01109943632 0.009557032958 0.008465922438 0.008423480205 0.007675710134
241,frag@79.05 loss@213.1 loss@204.12 frag@57.03 loss@231.07 loss@210.05 frag@105.07 loss@268.09 loss@210.13 loss@249.09 loss@228.06 loss@168.12 loss@245.08 loss@172.09 frag@135.08 loss@217.15 loss@279.07 loss@283.08 loss@186.06 loss@301.15,0.3908583522 0.06137671322 0.06110583618 0.04780689627 0.03621996194 0.02548951656 0.02222252078 0.01726615988 0.01683084108 0.01507964544 0.01253384072 0.01072730776 0.01066994667 0.009493414313 0.008947007358 0.008920652792 0.007745291572 0.006775616668 0.006667817011 0.00658738846
242,frag@152.11 loss@241.1 loss@135.11 loss@285.04 loss@243.11 loss@216.1 loss@285.12 loss@363.14 loss@175.11 frag@203.07 frag@165.08 loss@154.12 loss@325.11 frag@139.07 loss@277.12 loss@188.13 loss@178.1 loss@288.11 loss@255.11 loss@188.08,0.4865967631 0.2345418036 0.1507349163 0.03842503577 0.007188040763 0.003805417335 0.003448333591 0.002226693789 0.002177517861 0.00211317488 0.001764452201 0.001613144763 0.001338811475 0.00124627992 0.001200425671 0.001125175389 0.001121752197 0.0009942164179 0.0009127637604 0.0008911154582
243,frag@292.12 frag@266.06 loss@220.06 frag@92.02 frag@69.49 loss@319.09 loss@305.07 frag@247.04 loss@265.13 frag@87.5 frag@195.98 loss@394.15 frag@263.09 loss@297.13 loss@318.16 frag@54.05 loss@104.08 frag@335.14 loss@283.09 loss@213.16,0.04947007447 0.0323952511 0.02937598526 0.02377211116 0.01890806109 0.01817550696 0.01546484325 0.01238699444 0.0115657663 0.009312551469 0.009291756898 0.008997743018 0.008174524643 0.007880656049 0.0076144333 0.007202615496 0.006442502141 0.0062850127 0.006029990036 0.005819993559
244,frag@123.08 loss@180.1 loss@223.14 loss@217.15 frag@105.07 loss@200.05 frag@147.08 frag@314.13 frag@135.08 frag@133.06 frag@102.04 loss@242.08 frag@131.09 loss@241.18 frag@240.12 frag@165.09 frag@176.11 frag@79.05 frag@161.06 frag@160.11,0.3367803991 0.2633723617 0.08778530359 0.06216876954 0.05912221596 0.02666547336 0.01797826961 0.01556259021 0.01086994167 0.008555935696 0.007038303651 0.006048117299 0.005161388312 0.003555481089 0.003458008636 0.003420131048 0.003381755669 0.002767824102 0.002686230466 0.002667551395
245,frag@259.11 loss@109.07 loss@188.02 frag@268.05 loss@140.02 frag@248.07 loss@267.02 frag@200.12 frag@242.12 frag@186.07 loss@234.16 frag@159.06 frag@364.1 frag@214.03 loss@169.18 frag@186.1 frag@227.06 frag@158.05 loss@164.05 frag@221.11,0.1989834607 0.1747040898 0.1009102166 0.06957472861 0.03956237063 0.01946415938 0.009317982011 0.006487338338 0.006103922613 0.006005165167 0.005856490694 0.005700164009 0.005010177381 0.004668703768 0.003681505797 0.00328588346 0.00311118993 0.002637186088 0.002557657426 0.002521741902
246,frag@95.05 loss@239.06 loss@221.05 frag@111.04 loss@182.04 frag@77.04 frag@79.05 loss@171.06 loss@188.05 loss@274.14 loss@257.07 loss@254.05 frag@123.04 loss@203.03 loss@243.15 loss@236.05 loss@326.06 frag@107.05 loss@310.13 frag@125.06,0.3024277687 0.09080503136 0.06398981065 0.05715635419 0.05630389228 0.0430881232 0.04224755242 0.02623097785 0.0167061165 0.01403764542 0.01025524549 0.009603035636 0.008109448478 0.007347527426 0.00605744822 0.005665537436 0.005656391848 0.005615237169 0.005571821239 0.005412329454
247,frag@42.03 frag@56.05 loss@225.07 loss@210.02 loss@222.02 loss@259.03 loss@206.05 loss@240.06 loss@187.01 loss@157.04 loss@163.05 frag@54.03 loss@238.06 loss@224.06 loss@211.12 loss@307.17 loss@261.06 loss@179.02 loss@117.04 loss@204.01,0.2555908561 0.1987925619 0.1287830174 0.04191488028 0.0314258039 0.02540205978 0.02450634539 0.02140390314 0.01566131227 0.01481850166 0.01470068749 0.009231668897 0.009109672159 0.007457139436 0.007029064465 0.007027965039 0.006558372173 0.005633283406 0.005534545518 0.005454480182
248,frag@159.07 loss@176.11 loss@168.05 loss@174.04 loss@177.05 frag@145.06 frag@155.06 loss@113.06 loss@159.07 loss@174.08 loss@151.03 loss@211.1 loss@234.08 loss@113.13 loss@207.01 loss@134.06 loss@217.05 frag@140.05 loss@300.07 loss@178.09,0.4423255324 0.173214674 0.07122232765 0.06810434163 0.01690493338 0.01433371101 0.01350797713 0.008712393232 0.008571849205 0.007714543492 0.007334297057 0.007283372339 0.007100230083 0.006874667481 0.006448884029 0.005872800946 0.005527465604 0.004859422799 0.004471410066 0.004276144318
249,frag@93.06 loss@208.05 loss@201.07 frag@80.05 loss@169.02 loss@245.02 loss@161.01 loss@145.95 loss@274.02 loss@318.05 loss@225.03 frag@108.04 frag@92.05 loss@155.0 frag@110.08 loss@125.03 loss@211.09 loss@189.02 loss@186.02 loss@112.0,0.3467747271 0.06364937872 0.03393946961 0.03029708005 0.02626949735 0.02299349941 0.02206121571 0.02144583501 0.01782069169 0.01725818031 0.01664941013 0.01583660394 0.01564108953 0.01546663698 0.01516399998 0.01444482617 0.01360618975 0.01287508104 0.01115030888 0.01050866488
250,frag@213.09 loss@74.07 loss@142.09 loss@100.05 frag@205.05 loss@88.09 loss@53.99 loss@103.05 loss@98.08 frag@264.08 loss@86.07 frag@221.13 loss@72.06 frag@262.11 frag@266.13 loss@72.04 frag@225.05 frag@194.12 loss@91.99 frag@283.1,0.2761580944 0.08707984537 0.06937567145 0.05533031002 0.04405347258 0.02407342382 0.0130778132 0.01273224782 0.01120505109 0.01110327244 0.009615571238 0.009396303445 0.009174910374 0.007159314584 0.007007061504 0.006319356617 0.00614782935 0.005601624958 0.005545278545 0.004955991637
251,loss@146.09 frag@224.12 frag@230.06 frag@256.07 loss@140.12 loss@341.12 loss@88.09 frag@232.07 frag@295.12 loss@64.05 loss@329.15 frag@238.1 frag@302.13 loss@138.1 frag@194.1 frag@260.06 frag@280.11 frag@337.11 frag@275.09 loss@139.08,0.1280300468 0.1044799387 0.0966231674 0.08111029118 0.05979545042 0.03912590817 0.03276426718 0.02422142029 0.01673080772 0.01271441858 0.008661554195 0.004896009807 0.00478301337 0.004175002687 0.003547840053 0.003469927236 0.003316390328 0.00330823753 0.003289446468 0.003273404902
252,frag@217.06 frag@206.05 loss@168.0 frag@180.98 frag@226.07 frag@233.07 loss@160.04 loss@131.03 loss@119.0 frag@135.01 loss@192.05 loss@140.09 loss@273.09 frag@99.01 frag@303.15 frag@232.03 loss@140.06 frag@68.98 loss@143.03 loss@276.99,0.06386517733 0.06125972047 0.04646756873 0.04337995127 0.02681003138 0.02577348985 0.02535657212 0.02366239205 0.01720097102 0.009826216847 0.009731589817 0.009664324112 0.00932888221 0.008379812352 0.008127068169 0.007052715402 0.006447351072 0.00582007505 0.005392293446 0.005356865469
253,frag@172.11 loss@273.15 frag@184.1 loss@277.14 loss@268.15 loss@252.09 frag@105.03 frag@73.06 loss@257.14 frag@194.05 loss@302.16 loss@319.13 loss@310.16 frag@256.14 frag@241.99 frag@247.05 frag@151.08 loss@321.16 loss@188.02 frag@121.06,0.183842659 0.1220444217 0.04573884606 0.03712346032 0.03329715878 0.02715453692 0.01561804302 0.01441376563 0.01314418111 0.008467051201 0.007637246046 0.007122111972 0.006826001219 0.006703733467 0.006570216734 0.006204872858 0.005830144975 0.005679320544 0.005502696615 0.005314379465
254,frag@81.03 frag@97.01 frag@125.01 frag@165.05 loss@181.06 frag@177.05 frag@122.04 frag@123.04 frag@149.02 frag@111.03 loss@183.07 frag@153.05 loss@168.04 loss@196.07 frag@191.03 frag@173.02 frag@135.03 loss@148.02 loss@154.06 loss@141.02,0.0545466505 0.05270356312 0.04609309509 0.039027486 0.03294074908 0.03153662384 0.02838237584 0.02192973346 0.02085940912 0.01664569043 0.01661999524 0.01609443128 0.01592865027 0.01512520388 0.0145531334 0.01387438644 0.01345269848 0.01328794658 0.01151784789 0.01126054674
255,loss@291.09 loss@220.06 frag@277.07 frag@133.05 loss@283.05 frag@334.16 frag@208.96 loss@134.1 frag@289.05 loss@387.17 frag@311.04 frag@92.02 frag@373.18 loss@171.03 frag@260.16 frag@320.08 frag@92.03 frag@182.02 frag@86.02 frag@309.17,0.06179736927 0.0462914221 0.03966780007 0.01482991409 0.01185455266 0.01041880529 0.008479302749 0.008337951265 0.005751315039 0.005672475789 0.005597196519 0.005248660687 0.005232992116 0.005021372344 0.00492157042 0.004912463948 0.00436897343 0.004134535789 0.004098122008 0.004091612063
256,frag@56.96 loss@228.08 loss@92.06 loss@238.05 loss@217.98 loss@239.15 frag@111.04 frag@65.04 loss@232.11 loss@247.02 frag@128.97 loss@204.12 loss@227.05 loss@200.05 loss@217.15 loss@232.04 loss@284.03 loss@236.05 loss@282.13 loss@273.1,0.486237824 0.2088353485 0.1493902951 0.08802628517 0.02601047233 0.006204190664 0.004205686506 0.003212125739 0.001615284942 0.00100831897 0.0008849332808 0.0006986793596 0.0006835627137 0.0006430835929 0.0005487287417 0.000516953005 0.0005134693929 0.0004915982718 0.0004416840384 0.0004357267753
257,frag@212.05 frag@214.06 loss@121.03 loss@97.06 loss@70.02 loss@70.03 loss@81.04 loss@168.02 loss@117.05 frag@207.03 loss@74.06 loss@254.02 frag@279.08 loss@151.04 loss@75.07 frag@213.06 loss@138.01 frag@248.05 frag@231.09 loss@39.05,0.2065137625 0.1628298312 0.1336736381 0.06698585302 0.02069221996 0.0165179465 0.01478018146 0.01213716622 0.0108686313 0.00888521038 0.008848023601 0.007945686579 0.007868715562 0.006396581419 0.006054146215 0.004873869009 0.00471858168 0.004670755006 0.003365964629 0.00328086107
258,frag@82.04 loss@260.07 frag@150.06 frag@124.06 frag@98.05 frag@140.03 frag@166.05 frag@84.04 frag@210.15 loss@312.07 loss@280.06 loss@313.15 loss@217.97 loss@304.08 frag@205.02 loss@240.03 loss@339.12 frag@224.06 loss@306.07 loss@229.03,0.2245190442 0.1910550594 0.03745025769 0.01564003713 0.01469055004 0.01283363812 0.01259498298 0.01258961484 0.01115272846 0.01015821937 0.007935151458 0.007519115228 0.007242139429 0.007072291337 0.006405022461 0.006267406046 0.006160689984 0.006154042669 0.005511410534 0.005171500146
259,frag@94.03 frag@122.02 loss@138.04 loss@178.03 frag@139.05 loss@219.03 loss@286.05 loss@291.15 loss@273.05 loss@219.05 loss@258.13 loss@166.11 frag@177.08 loss@222.08 loss@241.06 loss@152.09 loss@265.07 loss@209.15 frag@150.06 loss@249.07,0.2289064974 0.1919763386 0.1816583276 0.1217952818 0.04454099014 0.03492366523 0.02872755937 0.01203592774 0.01057011262 0.009810405783 0.008898228407 0.006138673984 0.00604258664 0.003770022187 0.003745652502 0.003200311679 0.002928526141 0.002051239135 0.002046336886 0.001983203692
260,loss@186.11 frag@55.05 frag@57.07 frag@162.13 loss@262.09 frag@83.09 frag@111.09 loss@146.11 loss@240.18 frag@69.07 frag@128.07 loss@227.95 frag@82.06 loss@349.12 loss@272.05 loss@283.03 loss@92.01 loss@726.37 loss@258.99 frag@102.09,0.1957585514 0.1067586094 0.09330994636 0.087365821 0.04185386375 0.0371318534 0.03519162536 0.03248416632 0.01957039535 0.01368461084 0.01196077093 0.01111998316 0.0096701039 0.00899677258 0.008930454031 0.008360982873 0.008136725053 0.008112944663 0.008027232252 0.007441208232
261,frag@96.08 loss@167.13 loss@260.04 loss@287.14 frag@82.07 frag@98.1 loss@243.08 frag@44.05 loss@263.08 frag@70.07 loss@284.11 frag@94.07 frag@194.13 loss@230.04 frag@126.09 loss@194.14 loss@277.1 frag@83.07 loss@237.15 loss@342.08,0.2468257993 0.09749700874 0.06028734148 0.05939922109 0.03104437701 0.0284659788 0.02579081059 0.0228749346 0.01711546071 0.01693991013 0.01525588334 0.01401854958 0.0111855194 0.01082807407 0.01053705439 0.007455686573 0.00658452278 0.006546494551 0.00600481499 0.005964309908
262,loss@168.1 frag@138.13 frag@151.1 frag@228.08 frag@193.11 frag@153.11 loss@144.11 loss@251.17 frag@259.04 loss@353.01 frag@210.02 frag@318.13 frag@235.04 frag@197.08 loss@376.18 loss@194.09 frag@128.07 loss@173.0 frag@257.06 loss@178.99,0.2777878344 0.1168634221 0.05389235169 0.05296688899 0.05184032395 0.0516551137 0.03450947255 0.03117778152 0.01670843735 0.0150628509 0.01478022709 0.01418443117 0.0128786657 0.00981331896 0.0086069135 0.0081772618 0.007291478105 0.005739261862 0.005719605833 0.005507573951
263,frag@116.05 loss@204.06 loss@227.09 frag@220.05 frag@118.06 frag@132.08 loss@216.05 frag@144.04 loss@201.09 frag@243.08 frag@104.05 frag@105.05 loss@263.09 frag@134.06 frag@117.06 loss@234.07 loss@215.09 loss@215.14 frag@118.07 frag@105.06,0.1150015444 0.1133147106 0.05805493146 0.04801334813 0.02655109391 0.02537585422 0.0198335126 0.01969712228 0.01967263594 0.01843268611 0.01670568623 0.01587576047 0.01407815702 0.01372785121 0.01372557413 0.01311100181 0.01248989906 0.01248694491 0.01059544459 0.009344642982
264,loss@241.11 frag@99.07 frag@273.11 frag@120.07 loss@280.12 loss@215.11 loss@305.1 loss@296.15 frag@148.08 loss@226.08 frag@156.04 loss@248.16 frag@171.01 loss@222.06 loss@225.18 frag@196.11 frag@106.06 frag@177.08 frag@133.09 frag@216.09,0.1463179886 0.08361398429 0.06707746536 0.05240749568 0.03253081813 0.01411672775 0.01183382701 0.0117858937 0.01176972128 0.01063128095 0.008929858916 0.008891437203 0.007761652116 0.007486098912 0.006205643527 0.005924484227 0.004814425018 0.004806875251 0.004737406969 0.004478212912
265,loss@250.11 frag@96.07 frag@53.0 frag@150.06 loss@196.06 frag@69.04 frag@67.04 frag@137.11 loss@128.05 loss@206.04 loss@261.16 frag@54.03 loss@155.06 loss@229.99 frag@80.05 frag@68.05 frag@151.1 loss@211.14 loss@153.05 frag@94.06,0.3591891229 0.1961697638 0.08874385804 0.03162229434 0.02273119614 0.01710800268 0.01675232314 0.0147959888 0.009362348355 0.008333543316 0.008177059703 0.007815870456 0.007607957348 0.007436951622 0.007330891211 0.007181197871 0.005804833956 0.004377815872 0.004355752841 0.003877569688
266,frag@137.04 loss@189.13 frag@162.0 loss@209.15 frag@180.11 loss@158.14 loss@226.05 loss@304.16 loss@244.09 loss@168.13 loss@268.12 loss@226.08 loss@129.08 loss@318.08 loss@153.06 loss@255.14 loss@285.08 loss@261.01 loss@213.07 loss@207.14,0.309111625 0.1368004978 0.1032188088 0.08624057472 0.05966109037 0.05502798781 0.0343362391 0.01886755228 0.01425754931 0.008376482874 0.00805630628 0.006827231497 0.006557687186 0.00562444469 0.004491610918 0.004263930488 0.003928925842 0.003264533356 0.002907501068 0.002856313484
267,frag@124.08 loss@168.09 loss@233.13 loss@213.12 loss@255.14 loss@160.97 loss@152.1 loss@164.1 loss@268.12 loss@213.11 loss@180.13 loss@153.09 loss@301.08 loss@296.15 loss@184.04 frag@99.06 loss@222.1 loss@261.13 frag@126.05 loss@260.12,0.488371104 0.2024430782 0.1040314287 0.08300660551 0.05286797881 0.007101674564 0.003785031615 0.003135113744 0.002325505717 0.001974980813 0.001798616257 0.001355945831 0.001349096652 0.001291661756 0.001182536012 0.001150947064 0.001047716709 0.0009909721557 0.0009669226711 0.0009450360085
268,frag@114.04 loss@172.07 frag@87.03 loss@183.01 frag@74.01 loss@182.09 frag@326.18 loss@282.07 loss@255.02 loss@261.18 loss@194.04 loss@310.14 loss@239.09 loss@232.11 loss@210.12 loss@348.01 loss@229.08 loss@129.04 frag@88.02 frag@298.16,0.2666663229 0.1994320601 0.146534279 0.09285470098 0.02195788175 0.0207053721 0.009454664774 0.009169334546 0.008639650419 0.008461547084 0.006033234298 0.00415796414 0.003861765144 0.003400335554 0.003301972523 0.003299051663 0.003215371864 0.002608836396 0.002527054865 0.002506504534
269,frag@92.03 frag@125.06 loss@220.11 frag@156.04 loss@181.13 loss@217.05 frag@103.02 frag@130.02 loss@274.13 loss@302.12 loss@264.11 frag@113.01 loss@294.04 loss@221.08 loss@330.12 loss@310.06 loss@227.09 loss@284.09 loss@244.13 loss@242.01,0.1885489076 0.08788195997 0.08513294905 0.06841415167 0.0462022759 0.04614692554 0.03169086203 0.01567271352 0.01525600161 0.01413273998 0.01148588117 0.01042582002 0.01021147706 0.01016128249 0.00946672447 0.007335038856 0.007110387087 0.00689508114 0.006087929476 0.005598304793
270,loss@269.09 loss@279.15 loss@328.1 frag@194.15 frag@169.05 loss@160.11 loss@226.07 frag@319.15 loss@166.08 frag@214.04 frag@360.11 frag@210.98 loss@254.18 frag@295.09 loss@344.2 frag@237.99 frag@243.1 loss@130.12 frag@167.02 frag@199.0,0.0940907076 0.03319507837 0.02683741786 0.0234205462 0.01617191732 0.01381369028 0.01369409356 0.01218856685 0.009804644622 0.007954302244 0.007781379391 0.007498231251 0.00711653335 0.006355454214 0.006069471594 0.00598656619 0.005295838229 0.004323646426 0.003995701671 0.003978924826
271,frag@67.05 loss@179.13 loss@184.13 frag@43.02 loss@154.1 loss@257.12 loss@223.13 loss@269.14 loss@181.11 loss@252.11 loss@296.12 frag@97.06 loss@182.11 loss@227.15 loss@256.15 loss@302.13 loss@187.12 loss@216.15 loss@213.15 frag@84.08,0.4223925471 0.1253319532 0.05956098065 0.03124772012 0.02743281052 0.02641505748 0.01896858402 0.01571687311 0.01570124738 0.01330364775 0.012262851 0.008098601364 0.007810674608 0.007627368439 0.005939821247 0.005417426117 0.00538806757 0.005192630924 0.004561342765 0.00441443501
272,frag@149.08 loss@165.12 loss@283.13 loss@164.1 loss@166.12 frag@139.09 loss@231.14 loss@337.15 loss@153.09 frag@109.04 loss@220.1 loss@216.07 loss@260.03 loss@259.16 loss@211.11 loss@204.11 loss@184.1 loss@178.11 loss@222.12 loss@222.09,0.372658819 0.04168215394 0.03118885122 0.03076683916 0.02368061431 0.02251360938 0.01569707505 0.01454649679 0.0108558666 0.008835698478 0.008296362124 0.008205237798 0.008165808395 0.00810858421 0.006848485675 0.006785385776 0.006159849465 0.005879334174 0.005765056238 0.005473341327
273,frag@200.11 loss@224.13 frag@212.11 loss@195.14 loss@198.11 frag@126.08 loss@223.13 loss@247.13 loss@267.15 frag@166.06 frag@186.09 frag@218.12 loss@251.08 frag@153.1 loss@251.15 loss@304.14 loss@192.03 loss@293.13 frag@208.13 frag@179.13,0.1943801194 0.1909097135 0.1580478549 0.1222816482 0.04053472355 0.02803167515 0.02635796554 0.02067052014 0.0151180448 0.01229083724 0.008931624703 0.006163876038 0.005137037486 0.004541421309 0.004446617328 0.003748786636 0.003647596575 0.003464519046 0.002727300394 0.00253132428
274,loss@174.06 frag@213.96 frag@233.14 loss@271.07 frag@166.0 loss@268.17 loss@294.11 loss@276.18 frag@197.0 loss@298.04 frag@244.08 frag@71.03 frag@124.1 frag@279.16 frag@161.04 loss@269.17 frag@258.11 frag@200.05 frag@236.11 frag@197.07,0.1018996388 0.05242574215 0.04167016223 0.0229772497 0.021999171 0.0218851231 0.01862421446 0.018095918 0.01579266787 0.01292137522 0.01223084424 0.01133070607 0.01106431056 0.01021741144 0.009949265048 0.00855839625 0.008549721912 0.007572308183 0.007316686679 0.00730017107
275,frag@291.12 frag@179.12 loss@189.11 frag@259.05 frag@247.07 loss@245.01 loss@283.13 loss@308.09 loss@203.17 loss@271.17 frag@327.18 frag@226.05 loss@341.14 frag@322.19 loss@170.1 loss@302.09 frag@77.02 frag@163.0 loss@282.17 frag@191.1,0.04685724154 0.03070184216 0.022319993 0.01919270679 0.0171784088 0.01349152811 0.01216620207 0.0103490008 0.01021893509 0.009162657894 0.008443506435 0.007660783827 0.007571664639 0.007528418209 0.007255555131 0.007018483244 0.007014821749 0.007000266574 0.00696575176 0.006124735344
276,loss@112.09 loss@130.07 loss@144.04 frag@169.05 loss@133.11 frag@243.1 frag@180.99 frag@276.08 frag@227.08 frag@153.98 frag@262.12 frag@185.0 frag@166.02 frag@289.08 loss@129.15 frag@253.2 frag@195.09 frag@290.09 frag@431.21 frag@203.02,0.1505577713 0.1268462092 0.1209830344 0.08499826491 0.07377967983 0.06317064166 0.05604070798 0.05307072029 0.03974669427 0.01445537526 0.01268358994 0.006574564148 0.004842059687 0.004109884612 0.003278147895 0.003230472561 0.003203988308 0.00290152966 0.002695122734 0.002661311068
277,frag@42.03 loss@224.1 loss@241.15 loss@259.03 loss@222.02 loss@204.01 loss@258.11 loss@211.12 loss@219.04 loss@157.04 loss@179.02 loss@206.05 loss@282.08 loss@196.08 loss@94.03 loss@211.07 loss@325.1 frag@54.03 loss@197.08 loss@346.08,0.4792208672 0.2527982295 0.0414683558 0.01653500833 0.0148126157 0.01467773318 0.01170793548 0.01165615395 0.01136240456 0.007767856587 0.006799336988 0.00554955285 0.005379416049 0.0040964582 0.003823908744 0.00379369501 0.003459440544 0.003176746657 0.002874861006 0.002667528344
278,loss@183.08 frag@57.03 frag@43.02 frag@136.11 frag@81.07 frag@173.55 frag@139.04 frag@97.03 frag@111.04 frag@71.05 frag@233.15 frag@69.03 frag@87.04 loss@253.11 loss@155.1 frag@83.05 frag@99.08 frag@85.03 loss@213.99 frag@182.01,0.3323006928 0.03668178618 0.02818192728 0.02654559165 0.0244757086 0.02323192917 0.02222544886 0.01986480504 0.01443732344 0.01219695248 0.01201420184 0.0114867175 0.01127783023 0.007885478437 0.007762833498 0.00753797777 0.006821896881 0.005880882498 0.005605571438 0.005455496255
279,loss@201.15 frag@61.04 loss@243.13 frag@206.1 frag@162.97 frag@216.09 loss@246.15 loss@285.14 frag@212.04 frag@215.06 loss@283.09 loss@104.13 loss@265.11 frag@73.05 frag@169.17 frag@191.14 frag@122.03 loss@243.11 frag@225.13 loss@290.14,0.03229303658 0.02650851011 0.0210214369 0.01832524128 0.01460883208 0.01423628628 0.01299816091 0.01271475013 0.01230926439 0.009274628013 0.008816418238 0.008251927793 0.008088533767 0.007231200114 0.006924938876 0.006388124079 0.006144102197 0.005772620905 0.005518747494 0.004994033836
280,frag@149.11 loss@195.07 loss@217.08 loss@180.05 loss@258.13 loss@264.1 loss@272.1 loss@175.01 loss@134.02 loss@319.13 loss@234.17 frag@141.0 loss@249.06 loss@178.06 loss@189.03 loss@255.08 loss@164.04 loss@266.06 loss@153.02 loss@266.08,0.4906122983 0.2448376566 0.1303628236 0.04107152671 0.03518646955 0.01119191851 0.002015301492 0.001424732618 0.001384057105 0.001306533115 0.001193834119 0.001171908458 0.001152826706 0.001095252228 0.001070031663 0.0009460239671 0.0008306564414 0.0007640559343 0.0007429131656 0.0007389230304
281,frag@178.02 loss@115.02 frag@111.1 loss@156.1 frag@260.16 loss@306.16 frag@267.04 loss@196.99 frag@252.06 loss@146.12 loss@101.09 loss@374.07 frag@329.12 frag@313.12 frag@194.03 frag@69.49 loss@294.08 frag@82.03 frag@262.17 frag@201.95,0.04010139778 0.02218191698 0.01530001685 0.01526913978 0.01419944875 0.01156603079 0.008530625142 0.007627245039 0.007596924435 0.007133163977 0.0069718468 0.006953367498 0.006129717454 0.006114572287 0.005264253356 0.004851928912 0.004832215142 0.004681021441 0.004406564403 0.00424055336
282,frag@162.06 frag@170.04 loss@234.11 frag@97.01 frag@99.07 loss@239.11 loss@232.07 loss@253.11 frag@196.03 frag@158.0 loss@221.09 frag@151.06 loss@268.12 loss@245.07 loss@204.06 loss@288.06 loss@279.05 frag@84.06 frag@138.02 loss@210.14,0.1113689169 0.08576779068 0.07015902549 0.04321391135 0.03575661033 0.03569198027 0.03239240497 0.02855379879 0.02021925151 0.01747794077 0.01252122782 0.009845829569 0.009782615118 0.00774453301 0.006745624822 0.006605198607 0.00633096043 0.00561251305 0.005423964467 0.005264090374
283,frag@79.02 loss@84.06 frag@61.01 loss@28.03 loss@159.03 frag@62.02 loss@253.01 loss@42.01 loss@121.05 loss@32.03 frag@229.09 loss@46.04 loss@60.06 loss@129.99 loss@54.05 loss@86.04 loss@128.0 loss@124.04 loss@78.09 loss@108.03,0.2784187496 0.2614393234 0.1802172363 0.1043062508 0.03225899488 0.0242405571 0.01775418408 0.01555023715 0.01063324139 0.007096328773 0.00566333672 0.005343487952 0.004334962461 0.004115430638 0.002531702863 0.002431313507 0.00235264306 0.002169151092 0.002066209447 0.00159683614
284,frag@55.02 loss@200.12 loss@186.1 loss@198.1 loss@235.12 loss@172.08 loss@144.08 loss@262.1 loss@272.12 loss@274.1 loss@202.13 loss@219.06 loss@252.15 loss@257.09 loss@258.1 loss@278.13 loss@131.1 loss@270.13 loss@290.13 frag@176.98,0.4863318503 0.04702771455 0.04420508444 0.03976441547 0.03357593715 0.02898653224 0.02598058432 0.02574616671 0.02486823127 0.01964344457 0.01787621528 0.01737294719 0.01734543219 0.01610218547 0.0146934418 0.0144185517 0.01301397011 0.01238164213 0.01073810738 0.01043043658
285,frag@188.05 loss@243.16 loss@336.18 loss@340.1 loss@273.01 loss@267.98 loss@300.17 loss@114.05 loss@214.13 loss@175.97 loss@258.17 loss@338.1 loss@186.15 loss@206.18 loss@244.08 loss@183.14 loss@133.08 loss@80.07 loss@367.05 loss@127.91,0.4871639311 0.08929604292 0.01980778202 0.01941364631 0.01788475737 0.01486509852 0.01074111834 0.009769123979 0.005756471306 0.005637206603 0.005375521723 0.005360997282 0.005200112239 0.005088990554 0.00485453615 0.00462241238 0.004503834061 0.004399666097 0.004342006519 0.004228899255
286,frag@212.09 loss@253.01 frag@170.02 frag@170.96 loss@179.03 loss@98.04 frag@75.0 loss@281.16 loss@89.08 frag@152.06 frag@73.04 frag@218.05 frag@193.06 loss@184.13 loss@102.07 frag@302.17 loss@126.07 loss@231.0 loss@156.14 frag@62.02,0.08505038172 0.06365554035 0.0450110659 0.03866982833 0.036034666 0.02552176639 0.02546372637 0.02352761105 0.01715148799 0.01712195389 0.01612819359 0.01542156935 0.01389885135 0.01360876486 0.01347646303 0.01322524436 0.01308823284 0.01254541334 0.01123229228 0.01104544755
287,loss@227.07 loss@236.11 frag@100.04 frag@246.07 loss@250.09 frag@45.03 frag@82.07 loss@255.07 loss@288.15 loss@157.02 frag@81.03 frag@156.02 loss@194.09 frag@67.05 frag@175.11 frag@84.04 frag@82.03 frag@70.04 frag@93.03 loss@238.11,0.1292639971 0.1167269498 0.07950104773 0.0711132884 0.06450068951 0.04250286147 0.03848814219 0.03228818253 0.02278346568 0.01663476974 0.01256920304 0.01213683467 0.01195347775 0.01173140481 0.01161842793 0.01047228836 0.009489795193 0.007623352576 0.007093525026 0.006330071483
288,frag@134.06 loss@193.1 frag@106.06 loss@203.1 loss@229.12 loss@189.08 loss@215.14 frag@119.06 loss@249.09 loss@189.12 frag@121.09 frag@148.08 loss@204.09 frag@220.06 frag@105.06 loss@199.09 frag@199.12 loss@228.06 frag@162.05 frag@117.02,0.2753277719 0.2076603025 0.1065588892 0.01584234275 0.01429457497 0.01165105868 0.01052095741 0.00940451026 0.008124562912 0.008106970228 0.008011910133 0.007720933296 0.007552622352 0.007484441157 0.006575036794 0.006328013726 0.004679290578 0.004649247974 0.004629757255 0.004550123122
289,loss@275.09 loss@73.0 frag@147.01 loss@279.15 loss@126.0 loss@269.11 frag@169.03 loss@254.18 loss@209.0 loss@197.99 frag@69.49 frag@130.02 frag@408.14 frag@161.12 frag@181.12 frag@260.16 loss@251.03 frag@74.04 frag@102.13 frag@326.17,0.07147721946 0.02594920248 0.0225144513 0.01908617467 0.01483838074 0.008592990227 0.008346944116 0.007591521367 0.006899704691 0.006861266214 0.006815949921 0.0067281886 0.00627197139 0.006023734342 0.005869141314 0.005772355013 0.00557872327 0.004712156951 0.004666644614 0.00431473041
290,frag@157.08 frag@169.08 loss@118.06 loss@168.07 loss@158.08 frag@158.08 loss@168.06 loss@145.09 loss@161.07 loss@144.1 frag@171.09 frag@186.1 frag@187.09 loss@131.07 loss@169.03 frag@144.07 frag@158.07 frag@200.08 loss@192.05 frag@158.06,0.2356120795 0.1205132231 0.1204320788 0.1184354424 0.1064444482 0.07552853227 0.04173786566 0.02170604281 0.01247920748 0.01076813601 0.008719247766 0.008307595737 0.007817583159 0.007614183705 0.005093016196 0.004789112601 0.004384337924 0.00314692012 0.002788691549 0.002774981549
291,frag@127.04 frag@97.03 loss@282.1 frag@69.03 frag@85.03 frag@109.03 loss@833.44 loss@744.25 loss@805.41 loss@304.12 loss@294.1 frag@99.04 loss@238.2 loss@165.03 frag@83.05 frag@71.05 loss@194.13 frag@61.03 loss@324.11 frag@73.03,0.09991172701 0.06321963668 0.05328112841 0.04791979492 0.04212480411 0.04091810063 0.03623401746 0.03337693587 0.02774478123 0.02697878145 0.02583144978 0.02334041707 0.02218784392 0.021942297 0.01884613372 0.01577533409 0.01452898514 0.01452722307 0.01394495275 0.01278504264
292,frag@232.06 frag@258.1 loss@74.06 loss@84.03 frag@185.08 frag@283.12 frag@178.13 frag@249.08 frag@156.07 frag@214.06 loss@168.02 loss@144.1 loss@97.06 loss@43.05 loss@94.05 frag@301.15 loss@129.05 loss@95.04 loss@70.02 loss@98.05,0.05897027999 0.05349616706 0.03534179553 0.03062003851 0.02772910707 0.02668821812 0.02318522334 0.02284225449 0.02006533183 0.01685170829 0.01424591616 0.009829469956 0.009634875692 0.009189235978 0.00876128301 0.008628181182 0.008523938246 0.008471230976 0.008423450403 0.008259076625
293,frag@241.04 loss@321.12 frag@203.13 frag@308.12 frag@286.11 loss@252.04 loss@281.16 loss@282.17 loss@288.12 loss@253.07 loss@167.12 loss@299.17 loss@274.03 frag@376.12 frag@256.12 frag@300.17 frag@275.12 loss@326.15 frag@176.11 frag@288.12,0.114529863 0.1010182202 0.02874011733 0.02368595079 0.02103259601 0.01949136332 0.01911518723 0.01727871969 0.01642160863 0.01444287226 0.01167222671 0.01125601865 0.01076204889 0.01000383403 0.009778099135 0.00941373501 0.008709727786 0.008379773237 0.008080095053 0.007787160575
294,frag@140.03 loss@93.06 frag@112.04 loss@121.05 frag@150.01 frag@179.04 loss@20.01 loss@166.04 loss@120.07 frag@192.08 frag@178.01 loss@61.05 frag@192.11 loss@107.02 loss@95.07 loss@96.07 frag@139.0 loss@40.01 loss@124.04 frag@226.04,0.1286192089 0.08524272591 0.06006671861 0.04645137861 0.04291489348 0.03832563013 0.03777270019 0.03269668669 0.0299482774 0.02456208877 0.02259485796 0.02078216709 0.01994029246 0.0181592647 0.01725640148 0.01701647975 0.01387603208 0.01373180002 0.01264612935 0.00999455899
295,frag@133.08 frag@120.04 loss@237.11 frag@147.05 loss@273.11 loss@190.11 loss@247.1 loss@216.09 loss@220.09 loss@251.09 loss@176.1 frag@161.07 loss@180.08 loss@250.14 frag@187.12 loss@278.08 loss@259.13 loss@205.09 loss@199.03 loss@203.11,0.1901317835 0.09903759509 0.0696240142 0.04349556193 0.03623217344 0.03117903136 0.02161546238 0.01762702502 0.01573977806 0.01281911507 0.009746318683 0.009359613992 0.009287762456 0.008788982406 0.008682502434 0.008671539836 0.008663679473 0.007939185016 0.007657769136 0.00754420273
296,frag@91.05 loss@248.07 loss@221.13 loss@169.09 loss@236.07 loss@320.12 loss@247.11 loss@236.13 frag@91.06 loss@247.08 loss@230.09 loss@169.08 loss@225.1 loss@217.1 frag@120.08 loss@180.11 loss@289.09 loss@219.09 loss@332.17 loss@298.12,0.4573286772 0.1252971143 0.05626477301 0.04106068239 0.02270399407 0.01862208359 0.01647539064 0.01293039974 0.01241419651 0.01219245885 0.01083200052 0.0106041301 0.01004176121 0.008161900565 0.00777996378 0.007743630093 0.007652114611 0.006463889964 0.006286227144 0.006238449365
297,frag@127.09 loss@239.11 frag@70.07 loss@284.11 loss@258.13 loss@291.13 frag@141.1 loss@238.11 frag@70.06 frag@96.08 frag@194.13 frag@98.08 loss@249.03 loss@210.14 frag@100.08 frag@44.05 loss@218.08 loss@238.13 loss@309.09 frag@115.09,0.1955243945 0.1366924196 0.1039367318 0.059669815 0.051553417 0.04972313717 0.02853208408 0.02402439155 0.0221610032 0.01086809766 0.009794995189 0.008106881753 0.00718601374 0.00574775273 0.005684581585 0.00557592418 0.005546395201 0.004941895138 0.00483614346 0.004604884423
298,frag@175.06 loss@216.06 loss@326.08 loss@107.06 frag@214.07 loss@241.15 loss@275.07 loss@256.1 frag@176.07 frag@161.11 loss@331.09 loss@230.14 loss@178.07 loss@305.13 loss@202.14 frag@174.98 loss@121.09 loss@208.13 loss@170.09 loss@177.01,0.420591861 0.2312285155 0.02264671028 0.01379948482 0.01269428339 0.01255618967 0.0095593445 0.006233496126 0.004545102362 0.003665074939 0.003643418662 0.003618528135 0.003547937376 0.00323642185 0.003149701748 0.002771085594 0.002731434302 0.002673252486 0.002671575174 0.002611580538
299,frag@245.04 frag@166.03 frag@240.09 frag@235.08 loss@297.08 loss@108.08 loss@258.03 frag@257.07 loss@287.17 loss@241.0 frag@239.05 frag@184.04 frag@218.11 loss@271.02 loss@168.01 loss@230.01 loss@212.16 loss@137.04 frag@233.08 loss@170.18,0.08266827464 0.0507160686 0.03378099576 0.03088863753 0.02446600609 0.01976077259 0.01190727949 0.009527976625 0.008283861913 0.00774507504 0.007497718558 0.006662754342 0.006440117955 0.006231525913 0.005521926563 0.005332709756 0.005007802509 0.004855335224 0.004608742427 0.00431220606
300,frag@129.07 frag@145.06 frag@128.06 loss@175.1 frag@157.06 loss@176.08 loss@241.18 loss@162.07 loss@173.08 loss@172.05 loss@225.12 frag@155.05 loss@376.13 loss@55.04 loss@356.11 loss@185.03 loss@165.07 frag@171.08 loss@230.05 loss@229.14,0.1704908609 0.09421822429 0.09356322885 0.0797945112 0.04674577713 0.03055621684 0.0233157929 0.02041497827 0.01794790104 0.01700777747 0.01387284696 0.01384178083 0.01350204926 0.01194541808 0.01149377879 0.01099005621 0.01090228464 0.01044420898 0.01042153221 0.01001947094
301,loss@181.12 frag@291.11 loss@60.08 frag@174.96 frag@243.04 frag@250.1 frag@201.08 loss@273.05 frag@269.09 loss@196.98 loss@172.02 frag@177.08 frag@268.14 loss@297.01 frag@227.03 loss@298.04 frag@440.14 frag@187.07 frag@301.17 loss@275.2,0.1730875373 0.0928953588 0.03692630678 0.02475125529 0.01932619885 0.01581002958 0.0145978108 0.0137786679 0.01345947478 0.01168275625 0.01003769226 0.009627689607 0.008966841735 0.00866745133 0.008204442449 0.007936886512 0.007631550077 0.006799458992 0.006519902032 0.006221914198
302,frag@70.06 loss@232.1 loss@233.15 loss@262.11 loss@227.08 loss@187.08 loss@282.15 loss@284.12 loss@293.12 loss@243.07 loss@280.05 loss@250.04 loss@283.14 loss@260.13 loss@234.05 frag@98.08 loss@208.09 loss@250.03 loss@366.16 loss@349.07,0.4589779079 0.04594435915 0.04002953321 0.03710524738 0.03206546232 0.03198428452 0.02808072604 0.02520714328 0.02466656081 0.02268181182 0.01480769366 0.01397977676 0.01296357717 0.01204010844 0.01202076487 0.0119888708 0.01086627878 0.00884315744 0.0071956506 0.007109296042
303,loss@135.07 loss@136.05 loss@117.06 loss@107.07 frag@182.1 frag@210.09 loss@78.05 frag@198.06 frag@238.09 frag@221.11 frag@254.09 frag@194.99 frag@303.12 frag@210.13 frag@189.05 frag@222.1 frag@337.15 frag@220.11 frag@208.1 frag@268.08,0.1594936252 0.08689166605 0.07987456769 0.077748999 0.06507140398 0.03695749491 0.03146353737 0.02990749292 0.02855851129 0.024768373 0.02347074263 0.02266207524 0.01713098213 0.015147564 0.01384880766 0.01063214149 0.01043216698 0.008956192061 0.008275923319 0.007980013266
304,loss@185.09 frag@165.1 frag@73.04 loss@253.07 frag@162.13 frag@81.06 frag@46.06 loss@172.12 loss@213.12 loss@156.14 loss@152.1 loss@283.02 frag@41.04 frag@96.08 frag@126.09 frag@72.04 frag@157.0 loss@235.17 frag@154.0 frag@44.01,0.115617469 0.08015006036 0.05949468538 0.05432344973 0.04752748087 0.03847747669 0.02127507329 0.01740804873 0.01610678621 0.01497425232 0.01338558272 0.01082067098 0.009771318175 0.009470388293 0.007212590426 0.006985397078 0.006966430694 0.006960892119 0.006840827875 0.006102785934
305,frag@205.1 frag@182.06 loss@151.04 loss@279.14 loss@191.12 loss@301.05 frag@102.05 loss@125.06 frag@190.08 loss@247.93 loss@202.15 loss@165.13 loss@165.14 loss@113.07 loss@209.03 loss@87.08 loss@168.02 frag@146.04 frag@233.11 loss@73.05,0.2426751107 0.1915351301 0.1743106544 0.1193081588 0.02164552175 0.01770096272 0.01403662283 0.01354928408 0.01121586654 0.01059896033 0.01028690301 0.009276228957 0.007461817004 0.005045808852 0.004907403141 0.004404832609 0.004013446625 0.003776298836 0.003329195315 0.003306399565
306,loss@241.12 frag@191.08 frag@161.11 frag@159.06 frag@132.07 frag@133.08 frag@131.06 frag@120.07 frag@161.07 frag@159.09 loss@208.08 frag@132.06 frag@157.08 loss@255.08 loss@202.11 loss@218.12 frag@146.08 frag@133.06 frag@153.03 frag@160.1,0.320879668 0.135523051 0.09056825191 0.04713861272 0.02388303541 0.01529647224 0.01458887011 0.01328687742 0.01170576271 0.0106232902 0.009101735428 0.008428089321 0.007020461373 0.006875069812 0.006411210168 0.006348051596 0.006213665474 0.005604779348 0.005422721151 0.005306670442
307,frag@119.06 loss@211.05 loss@268.05 loss@219.1 loss@215.14 loss@232.06 loss@235.1 loss@203.1 loss@215.06 loss@214.09 loss@189.12 loss@208.1 loss@189.03 loss@131.08 loss@196.09 loss@204.09 loss@179.09 loss@215.09 loss@231.13 loss@217.11,0.4429156482 0.04093778133 0.0356214717 0.03201008961 0.02173824236 0.02030048892 0.01044380944 0.01017332356 0.009055576287 0.008822492324 0.008721561171 0.007774692029 0.007756022271 0.007742601912 0.007474110462 0.007010077126 0.006741506048 0.005963149481 0.005914498586 0.005654423963
308,frag@149.08 loss@259.16 loss@165.12 loss@222.09 loss@151.08 loss@232.07 loss@164.1 loss@211.11 loss@295.13 loss@229.13 loss@220.1 frag@139.09 loss@207.04 loss@153.09 loss@237.09 loss@254.08 loss@222.1 frag@109.04 loss@191.08 loss@247.13,0.4412534833 0.05416423455 0.04985191301 0.03502466157 0.03167209402 0.01942358539 0.01590502635 0.01446781773 0.01300199516 0.01151502132 0.009567797184 0.007317010313 0.007284441963 0.007240828127 0.006858349312 0.006804263219 0.005200359039 0.004826807417 0.004763446748 0.004519210197
309,frag@164.05 loss@86.07 loss@68.06 loss@56.06 loss@42.05 loss@28.03 loss@85.05 loss@73.05 loss@224.99 loss@100.05 loss@82.05 loss@118.01 loss@104.07 loss@72.06 loss@47.05 loss@100.09 loss@343.14 loss@166.04 frag@365.1 frag@341.1,0.4781847298 0.1387846768 0.08307468891 0.07622940093 0.04367528111 0.03223812208 0.02656589262 0.009446794167 0.007859860547 0.007135807537 0.00524094142 0.003834055038 0.003621870186 0.003555937903 0.003551220521 0.003517038189 0.003213061718 0.00315682264 0.002631206298 0.002358058235
310,frag@91.03 loss@276.09 frag@254.1 loss@270.08 loss@242.02 loss@256.06 loss@271.02 frag@336.19 frag@96.02 frag@110.08 loss@221.01 frag@244.12 loss@233.04 frag@186.98 frag@307.12 loss@313.14 frag@278.14 loss@355.16 frag@172.01 frag@221.02,0.0591824986 0.05869651958 0.05469385162 0.04289082065 0.03368889913 0.02789668366 0.01494518295 0.01237598527 0.01109651197 0.01015746593 0.009748015553 0.006857826374 0.006566626951 0.006331683602 0.005793734919 0.005677221809 0.005368650891 0.00534535991 0.005336135626 0.004897763953
311,loss@301.12 frag@230.12 frag@138.06 frag@214.03 loss@174.06 frag@279.08 loss@268.17 loss@293.1 loss@99.01 frag@166.0 frag@161.04 loss@343.09 loss@277.18 frag@216.09 loss@150.06 frag@114.07 loss@165.01 frag@277.1 frag@221.09 frag@303.15,0.1260103136 0.07208283991 0.03162485734 0.02114860527 0.01982892118 0.01952612586 0.01470300835 0.01371806208 0.01358699054 0.01275612041 0.009497269988 0.008197868243 0.008090330288 0.007934312336 0.00717918342 0.006775907241 0.006051373668 0.005780105013 0.005737856962 0.005700299516
312,frag@94.06 frag@80.05 loss@215.11 frag@108.04 loss@221.04 loss@155.06 loss@219.14 frag@94.07 frag@126.05 frag@108.08 frag@106.06 loss@246.02 loss@313.15 frag@120.04 loss@260.07 frag@135.06 loss@288.16 loss@213.11 frag@69.04 loss@226.05,0.1152678281 0.1121916249 0.0393814072 0.0364933461 0.03582094982 0.02838514373 0.02447400615 0.02344726399 0.02108991332 0.02107994072 0.02017192356 0.01771345548 0.01300016604 0.01264148299 0.01227944437 0.01227220241 0.01185088232 0.0104590347 0.01024952717 0.01019091532
313,frag@198.05 frag@207.12 loss@232.14 loss@243.04 loss@249.18 loss@344.18 frag@203.05 frag@323.13 frag@216.07 loss@314.12 loss@346.18 loss@288.01 loss@330.13 loss@281.02 loss@409.1 loss@315.17 frag@234.03 loss@342.17 loss@320.19 frag@320.15,0.1762433499 0.1753885597 0.08160852641 0.06781107187 0.06346967816 0.03877116367 0.03494265676 0.02562747523 0.01346722618 0.01037569623 0.01030743867 0.0101806419 0.009809001349 0.005834553856 0.003987446893 0.003268141067 0.002818985609 0.002806924284 0.002763957717 0.002741358709
314,frag@249.11 frag@68.02 frag@156.06 frag@169.07 frag@247.11 loss@208.17 loss@115.0 frag@262.09 frag@200.09 frag@196.07 loss@234.03 loss@130.12 loss@260.19 loss@159.14 loss@313.09 loss@358.16 loss@100.12 loss@132.01 loss@146.09 loss@270.16,0.1200972125 0.05094623938 0.03766936436 0.0139124468 0.01159538701 0.01125045866 0.01088787988 0.01069269981 0.01061914582 0.009694307111 0.009533263743 0.008755835705 0.007708699908 0.007444287185 0.006291615311 0.006265186239 0.005772932433 0.0051143202 0.004957267083 0.004623497371
315,frag@122.1 loss@206.12 loss@198.15 loss@213.09 frag@206.09 loss@288.17 loss@234.12 loss@226.03 loss@239.07 loss@330.17 loss@209.1 loss@234.11 loss@193.11 loss@193.09 loss@214.0 loss@200.99 frag@329.12 loss@210.11 loss@178.11 loss@202.09,0.4568312764 0.187968418 0.07211646438 0.01542491466 0.01385475602 0.013065462 0.00812987145 0.007399162743 0.006478564814 0.004964417778 0.004838270601 0.004734294023 0.004151187371 0.004112476949 0.003881158307 0.003792350879 0.003087330377 0.003024601378 0.002745926846 0.002657466801
316,frag@165.07 frag@141.07 frag@167.09 loss@167.11 loss@153.09 loss@195.1 loss@170.14 frag@181.1 frag@179.09 loss@197.12 loss@151.1 frag@166.08 loss@246.15 loss@181.09 frag@171.04 frag@178.08 loss@205.15 loss@159.06 loss@173.12 loss@160.12,0.1036707759 0.08816172183 0.07752477378 0.05185513198 0.04023266584 0.03546736762 0.03400716558 0.03031050786 0.03029481508 0.03010131046 0.02901810408 0.02456415817 0.02402789518 0.0232203491 0.0221343115 0.02126313001 0.01538413018 0.01175780874 0.01162430644 0.01129495818
317,loss@142.06 loss@243.06 frag@141.02 frag@192.07 frag@167.04 frag@159.02 loss@225.17 frag@199.01 frag@274.05 loss@278.1 frag@327.08 loss@1.01 loss@79.1 frag@122.01 frag@91.04 loss@310.05 frag@81.02 loss@154.06 loss@215.08 loss@29.56,0.2494653612 0.1461617649 0.1233997121 0.1139690205 0.08819779009 0.0728809312 0.04806445539 0.02184197865 0.01575122215 0.009124602191 0.005623780191 0.004666488152 0.004277520347 0.00268631056 0.00256839511 0.002278422005 0.002243768889 0.00217245426 0.002110011177 0.002026385395
318,loss@99.08 frag@224.11 frag@238.11 frag@200.09 loss@86.08 frag@266.11 loss@361.15 loss@246.12 loss@367.16 loss@189.96 frag@245.06 frag@249.1 frag@258.11 frag@163.11 frag@58.07 loss@115.09 loss@187.16 frag@206.04 frag@219.14 frag@359.08,0.105743669 0.09242138267 0.02533908933 0.02396964282 0.01765267551 0.01708696224 0.01647596061 0.01619954593 0.01366789732 0.01355161704 0.01286772825 0.009529010393 0.00939534232 0.008658879437 0.0085289618 0.007517024875 0.00730705075 0.007265713532 0.006807537284 0.00675483793
319,frag@96.08 loss@180.13 loss@182.12 loss@154.15 frag@181.13 frag@155.15 frag@142.09 frag@70.07 loss@214.17 frag@153.1 frag@124.11 frag@82.07 frag@97.09 frag@111.09 loss@275.11 loss@287.14 frag@110.1 frag@83.07 loss@208.17 loss@152.1,0.2811851799 0.2072189003 0.1506249011 0.03967428952 0.02932697535 0.02542612143 0.02454448864 0.01252770703 0.01180983149 0.01167314406 0.01140049659 0.006452371832 0.006119169295 0.006049205549 0.005345603917 0.004773696885 0.004706173204 0.00456934236 0.004285910632 0.004273780156
320,loss@233.12 frag@147.05 loss@209.11 loss@231.1 frag@147.08 frag@123.08 frag@133.06 frag@105.07 frag@135.08 loss@268.09 loss@209.12 frag@178.12 frag@160.11 frag@105.08 frag@139.07 loss@172.09 loss@231.07 loss@214.0 frag@129.07 frag@46.24,0.1790988892 0.1216589138 0.1001674607 0.07061412185 0.06907380372 0.0630299747 0.05469531938 0.04106554389 0.01910238713 0.01548918802 0.01374967117 0.01064085402 0.010170592 0.008336631581 0.007481501438 0.005684627686 0.00566204451 0.005633519497 0.004970080219 0.004694797099
321,frag@44.05 loss@234.06 loss@276.1 loss@216.03 frag@70.06 loss@208.09 loss@234.05 frag@122.03 frag@110.1 frag@98.1 loss@283.1 loss@81.97 loss@265.11 loss@227.08 frag@58.06 loss@298.13 loss@291.05 loss@249.07 frag@99.1 loss@249.1,0.3853657544 0.218209669 0.0773807466 0.06278842688 0.02459251136 0.02435297333 0.01691872254 0.01292737201 0.0124837663 0.01087166276 0.009517118335 0.00865733996 0.007679126691 0.005896871444 0.005164012313 0.004392928444 0.003979010507 0.00386579521 0.003801499261 0.003661143593
322,frag@115.05 frag@117.07 loss@242.08 loss@226.04 loss@148.11 loss@231.12 frag@128.06 loss@203.1 loss@212.04 loss@200.09 frag@129.07 frag@306.11 loss@204.1 frag@199.02 loss@216.14 frag@116.06 loss@228.06 loss@242.14 loss@221.09 loss@243.1,0.2537693679 0.1095576063 0.05941326916 0.05669653788 0.05289296806 0.05198461935 0.03109743819 0.01684305631 0.01374359801 0.01281710248 0.01054895669 0.01035783347 0.007509369403 0.007312785834 0.006389886141 0.006189765409 0.005277760327 0.005269497167 0.005025323015 0.0044710855
323,frag@186.08 frag@140.05 loss@307.11 loss@263.07 frag@93.03 loss@266.09 frag@179.08 loss@295.1 frag@106.04 loss@236.03 loss@216.09 frag@242.13 loss@285.12 frag@67.02 frag@146.1 loss@274.11 frag@190.02 loss@252.12 frag@150.07 frag@205.03,0.1086627841 0.1074416935 0.04672667757 0.02910495549 0.02780683525 0.02631465718 0.02294916287 0.01699729636 0.01632051729 0.01193889789 0.01146771666 0.01122037228 0.007250270341 0.006918290164 0.006738341413 0.006419819314 0.005839812569 0.005762706976 0.005588969681 0.005552807823
324,loss@152.12 loss@271.08 loss@231.04 frag@260.11 frag@144.03 frag@109.09 frag@89.06 frag@198.95 frag@226.09 frag@114.02 frag@289.1 frag@74.02 frag@181.03 frag@199.07 frag@122.05 frag@257.08 loss@171.16 frag@240.08 frag@199.14 frag@208.99,0.1973449439 0.1189805791 0.1072992906 0.07540399581 0.05648063496 0.03975292668 0.03369095922 0.02635664493 0.01648270153 0.009423166513 0.00938212499 0.00804554671 0.005930451676 0.005857001524 0.005797394551 0.005629003514 0.004812403582 0.00466558896 0.004653036129 0.004488137085
325,frag@168.96 loss@218.08 loss@221.08 loss@193.06 frag@174.07 loss@291.07 frag@90.05 frag@177.08 frag@185.09 loss@135.08 loss@244.13 frag@225.14 loss@205.09 frag@233.13 loss@232.07 loss@176.07 loss@268.02 loss@165.09 loss@217.08 frag@135.06,0.2943076789 0.1087960824 0.09182664007 0.03203092143 0.018080201 0.01268527377 0.01149880048 0.0107462164 0.01059420221 0.01038413215 0.008816647343 0.007752406411 0.007115807384 0.007075394504 0.006342972629 0.006328055169 0.005433701444 0.00542452652 0.005053645466 0.005014575087
326,loss@176.0 frag@169.03 frag@296.1 frag@178.02 frag@169.05 loss@126.0 loss@273.1 frag@263.09 frag@252.06 loss@83.06 loss@275.23 frag@267.04 frag@74.04 frag@313.12 loss@255.1 frag@270.12 frag@189.93 loss@115.02 frag@295.09 loss@224.09,0.06249773502 0.05602996796 0.03816399723 0.03716275468 0.02250741981 0.01726062968 0.01442542765 0.009546596557 0.009010651149 0.008155412972 0.008012559265 0.00664045196 0.006622788031 0.006478718948 0.006342138629 0.006090983283 0.005901258904 0.005032373592 0.004583403934 0.004414203577
327,loss@215.08 loss@198.17 frag@173.54 frag@173.55 loss@280.08 frag@71.05 frag@95.09 frag@67.05 frag@97.03 frag@83.05 frag@81.07 frag@127.04 frag@57.03 frag@101.11 frag@85.03 frag@109.1 loss@189.15 frag@43.02 frag@196.13 frag@85.06,0.211192891 0.1976932436 0.1864555031 0.1651901007 0.06357146055 0.02413662523 0.01433491334 0.01285497937 0.007369698025 0.006358823273 0.005189850926 0.005015221424 0.004739566706 0.004648027942 0.004453022499 0.004416287877 0.003885213286 0.003614320187 0.00343172159 0.003244369989
328,frag@79.05 loss@232.11 frag@81.07 frag@67.05 frag@93.07 loss@281.11 loss@283.08 frag@111.04 frag@109.06 frag@136.11 frag@97.06 loss@301.15 loss@274.12 loss@229.11 loss@293.03 loss@233.11 loss@223.1 loss@263.1 loss@280.14 loss@304.11,0.1540454924 0.142458722 0.08844199032 0.06106942147 0.0555003956 0.04024353623 0.03887472302 0.02009177022 0.01989171654 0.01783374324 0.01415552292 0.0121507505 0.01073361933 0.007666474674 0.007636315655 0.007100771181 0.007048442494 0.006869673729 0.006449161097 0.006135572214
329,loss@233.12 frag@106.07 frag@106.06 frag@162.07 frag@147.05 loss@209.11 loss@231.1 frag@133.06 loss@209.12 loss@248.09 loss@268.09 loss@200.05 loss@176.07 loss@235.11 loss@247.07 loss@243.09 frag@298.07 loss@189.08 frag@148.08 loss@233.08,0.1872239113 0.1741966754 0.1046857461 0.06448259205 0.03759335726 0.02551082894 0.01892103069 0.0180710312 0.01799660735 0.01540137455 0.01524627861 0.008589881472 0.007850948721 0.006009710953 0.005393053405 0.004976579454 0.004803957418 0.004418437835 0.004324400332 0.00430026697
330,frag@128.05 loss@197.02 loss@169.03 frag@118.06 loss@197.03 loss@199.07 loss@145.09 frag@196.05 loss@234.07 frag@175.09 frag@130.06 frag@146.06 frag@116.05 loss@168.07 loss@184.06 frag@145.08 frag@172.04 loss@171.02 frag@119.07 loss@201.09,0.2491941601 0.09559680521 0.08962418884 0.02716741338 0.02473311499 0.02403765172 0.01594783552 0.01568797417 0.01394847222 0.01374149974 0.01326852664 0.01232394576 0.01007809956 0.009824839421 0.009585347027 0.008858660236 0.008670656942 0.008062507957 0.008036693558 0.00802131556
331,frag@95.05 frag@77.04 frag@89.04 frag@105.03 loss@182.04 loss@171.06 loss@188.06 loss@139.03 loss@214.03 frag@105.04 loss@177.03 loss@396.09 loss@180.01 frag@103.05 frag@104.05 frag@164.02 loss@240.15 loss@91.05 loss@352.11 frag@243.08,0.1722728908 0.06868886203 0.04764994979 0.04165713489 0.03667101637 0.03657978401 0.02775583602 0.02146982215 0.01905545034 0.01891162619 0.01847572997 0.0161930155 0.01509483159 0.01369117107 0.01330740005 0.01266042888 0.01079385169 0.01000751089 0.009990898892 0.00878597144
332,loss@223.1 frag@67.05 loss@232.11 frag@83.05 frag@81.07 frag@69.03 frag@57.03 frag@71.05 loss@160.09 loss@318.11 frag@173.55 loss@261.11 loss@281.13 loss@233.11 frag@93.07 frag@97.06 loss@254.14 loss@169.11 frag@136.11 loss@221.11,0.1695802361 0.160195753 0.08380048722 0.06725529581 0.04932868481 0.04853511602 0.03345680982 0.02518588118 0.02496428043 0.01349707413 0.01188631915 0.01170364767 0.01114189066 0.009885525331 0.009624365717 0.009490121156 0.008759560063 0.007978271693 0.007838775404 0.00675820699
333,loss@234.1 frag@117.07 frag@115.05 frag@128.06 frag@129.07 frag@116.06 frag@103.05 frag@175.09 frag@161.06 loss@200.09 frag@145.07 frag@253.13 frag@91.06 frag@91.05 frag@104.06 frag@147.08 loss@315.12 frag@145.06 frag@105.08 loss@214.07,0.4692946374 0.233015433 0.1595243365 0.03015131503 0.01841830276 0.008808371611 0.004246017896 0.004217935726 0.004098133184 0.003627697006 0.003505887464 0.002371912589 0.002312075812 0.002275926527 0.002268610755 0.002129910979 0.00170028687 0.001626568614 0.001525000436 0.001490773051
334,frag@165.1 loss@244.11 frag@189.11 frag@141.14 loss@271.12 loss@364.14 loss@273.13 frag@71.09 loss@229.13 frag@154.0 loss@213.12 loss@265.11 frag@124.08 frag@59.02 frag@176.13 frag@206.1 frag@237.02 frag@220.12 loss@295.07 loss@164.1,0.1208049357 0.1131305173 0.07360120118 0.05759552866 0.02241560258 0.0128695583 0.01252877899 0.01149560977 0.01038508862 0.01014513057 0.009562694468 0.008754250593 0.008346143179 0.008027670905 0.007689157501 0.007433833089 0.00739173498 0.007156789768 0.005834730808 0.005757379346
335,frag@175.08 frag@189.09 frag@173.06 loss@341.13 frag@153.09 loss@275.09 loss@289.1 loss@563.22 loss@369.16 loss@415.18 loss@354.07 loss@297.17 loss@170.06 loss@376.26 loss@304.17 loss@366.15 frag@280.07 loss@343.16 loss@286.09 loss@439.18,0.179988116 0.1486784518 0.09586959332 0.02141592093 0.01628614031 0.01390004717 0.01338948961 0.01022428926 0.00711648399 0.005763099063 0.005519684404 0.003897507675 0.003266944317 0.002363250125 0.002319809515 0.00217347662 0.002137760166 0.002112963935 0.002048457041 0.002018586267
336,loss@109.05 frag@203.12 frag@187.05 loss@136.1 frag@145.01 frag@215.13 loss@261.09 loss@212.03 frag@134.08 loss@193.12 frag@162.08 loss@220.07 frag@159.03 frag@178.03 frag@189.0 frag@197.11 frag@174.92 frag@122.02 frag@151.09 frag@161.05,0.3844457269 0.2938668132 0.04601345584 0.04164799675 0.03047708794 0.03002989106 0.009851031005 0.009643557481 0.005916953553 0.004753069486 0.004151068628 0.003530847374 0.003233358264 0.00300563802 0.002697033342 0.002674136544 0.00258014258 0.002538387896 0.002519996371 0.002319194842
337,frag@42.03 loss@211.07 loss@225.07 loss@198.05 loss@193.06 loss@236.06 loss@207.04 loss@222.02 loss@259.03 loss@298.03 loss@206.05 frag@54.03 frag@56.05 loss@157.04 loss@230.08 loss@238.06 loss@219.04 loss@223.04 loss@246.04 loss@193.03,0.4582524896 0.1046218649 0.05985921249 0.03616027907 0.03484963253 0.03415160254 0.02762006596 0.02449210919 0.01861020178 0.01221868116 0.01164690033 0.008604329079 0.007687462494 0.00456965575 0.004152354784 0.003958594054 0.003236856312 0.003171327058 0.003160282969 0.002880600514
338,frag@79.05 loss@213.1 loss@204.12 frag@135.08 frag@105.07 loss@225.11 frag@57.03 loss@210.13 loss@207.09 loss@233.11 loss@200.05 loss@245.08 loss@268.09 frag@136.11 loss@288.13 loss@267.1 loss@268.1 loss@223.12 loss@237.14 loss@249.09,0.3838399649 0.0896384418 0.03372156247 0.02183982916 0.01748774946 0.01710652374 0.01670278423 0.01218060683 0.0117617948 0.01126559544 0.01121886075 0.01046397164 0.009943389334 0.009161741473 0.009023467079 0.008617242798 0.00781003153 0.007468883414 0.006676566787 0.006566709373
339,frag@238.05 frag@276.11 frag@144.02 loss@203.14 frag@288.04 frag@222.04 loss@167.12 loss@310.11 frag@225.04 frag@172.02 loss@302.11 loss@303.16 loss@309.16 loss@203.17 loss@266.13 frag@191.1 frag@315.1 loss@63.96 frag@226.02 loss@303.19,0.05819853395 0.04884663224 0.01889883913 0.01752348803 0.01618919335 0.01610492915 0.01411415637 0.01366888918 0.01247797534 0.01102039963 0.009673116729 0.009573386051 0.008826114237 0.008390223607 0.008182595484 0.00781909097 0.007444660179 0.007302863523 0.006771236658 0.006730356719
340,frag@91.05 loss@169.09 loss@247.11 loss@169.1 loss@236.13 loss@247.08 frag@91.06 frag@119.05 frag@120.08 loss@332.17 frag@147.08 loss@286.1 loss@236.07 frag@117.07 loss@169.08 loss@324.08 loss@219.09 frag@109.06 loss@300.17 loss@271.11,0.3839599788 0.1041688174 0.04564481229 0.04208190739 0.03830753639 0.02921006083 0.0275933072 0.01381961163 0.01381613314 0.009933238849 0.009879559278 0.00861675851 0.008126687258 0.007685041521 0.007472973317 0.007022485603 0.006797993556 0.006794312969 0.00660536252 0.006291758269
341,loss@225.08 frag@65.04 frag@149.04 loss@170.04 frag@111.03 frag@228.03 frag@59.0 frag@119.06 frag@314.13 frag@67.02 loss@198.01 loss@231.07 frag@109.01 frag@53.04 frag@121.03 frag@77.04 frag@180.04 loss@235.1 frag@98.03 frag@99.03,0.3179528713 0.2030469924 0.1830531955 0.1493148506 0.03892494738 0.01838144287 0.01228648704 0.007488793228 0.003659812268 0.003044728888 0.002707062988 0.002650473733 0.002058921382 0.001766195172 0.001630969811 0.001571815577 0.001378232264 0.001286598737 0.001193639124 0.001164588262
342,loss@119.09 frag@157.05 frag@175.07 frag@246.12 frag@249.08 loss@115.09 loss@132.1 loss@130.12 frag@211.09 loss@147.13 loss@144.1 frag@103.03 loss@120.08 loss@88.08 loss@140.09 frag@206.05 frag@293.04 loss@189.98 loss@359.11 frag@222.13,0.04945565388 0.04708494991 0.0338977538 0.02878577448 0.02800353244 0.02409048937 0.02203609794 0.02184447832 0.02155568451 0.01547607128 0.01322671026 0.009263101034 0.00912450254 0.008607530966 0.007349664811 0.006877124775 0.006623412017 0.00594266085 0.005778337829 0.004722212907
343,frag@136.08 frag@108.08 frag@139.05 frag@138.05 frag@126.05 loss@206.11 loss@178.11 loss@234.14 loss@206.14 frag@108.04 frag@136.04 loss@205.12 frag@164.11 loss@237.15 loss@247.12 loss@263.16 loss@195.13 loss@208.09 loss@269.08 loss@265.14,0.1292144954 0.07278297096 0.04794328287 0.04644412175 0.04301027581 0.04171046615 0.04062094539 0.03749299794 0.0338540785 0.03233126923 0.03073078953 0.03035331704 0.02651919983 0.01582622528 0.01562323608 0.0147907678 0.01434486639 0.01235470828 0.01195909549 0.01193200611
344,frag@203.08 loss@142.11 loss@170.11 frag@159.09 loss@245.15 loss@357.12 frag@255.08 frag@216.14 frag@170.06 frag@223.02 loss@188.09 loss@291.07 loss@303.14 frag@231.06 frag@222.12 frag@263.15 loss@306.14 frag@319.17 loss@232.09 frag@185.07,0.4136671424 0.4044116437 0.04453568906 0.03526409715 0.01134698093 0.005826616194 0.00514671253 0.004802312236 0.004097095691 0.003467401257 0.003309634747 0.002757537179 0.002106072381 0.001951248618 0.001832435955 0.001816026983 0.001672674553 0.001574715949 0.001372417319 0.001367014018
345,frag@210.1 loss@116.08 loss@103.06 loss@85.05 frag@237.1 frag@235.11 frag@215.1 loss@84.06 frag@226.09 loss@112.1 frag@293.15 loss@100.09 frag@210.08 frag@283.12 frag@251.09 frag@43.03 loss@111.08 loss@82.05 loss@95.06 loss@47.05,0.1711625159 0.1399683952 0.03701252863 0.02745364606 0.02374936827 0.02294446528 0.01936076023 0.01934842765 0.01361551508 0.01348497067 0.01239469182 0.01053855568 0.0105329901 0.01050396077 0.009873290546 0.009849525057 0.00911029242 0.0089136241 0.006992828567 0.006803307217
346,frag@179.12 loss@299.16 loss@276.12 loss@288.17 loss@298.14 frag@161.1 frag@177.09 loss@251.14 frag@336.21 frag@196.12 loss@285.17 loss@370.11 loss@268.14 loss@272.03 loss@310.16 frag@183.06 frag@424.11 frag@136.05 frag@321.1 frag@184.11,0.08968511969 0.05570906773 0.053308893 0.03578928486 0.02138052322 0.01846330427 0.01497690007 0.01124531776 0.009137993678 0.008780759759 0.007416259963 0.007329466753 0.007271471433 0.006624785718 0.006417013705 0.006401641294 0.006367956288 0.00634082593 0.006096307654 0.006035711151
347,frag@111.06 loss@193.1 loss@183.08 frag@108.06 loss@269.05 loss@261.13 loss@175.11 loss@181.09 frag@125.04 loss@196.11 frag@150.06 loss@214.13 frag@97.04 loss@222.1 loss@226.11 loss@219.08 loss@221.12 loss@219.07 loss@176.02 frag@98.02,0.3590792418 0.1480538994 0.117047362 0.04554556683 0.02646253072 0.0198929552 0.01963576674 0.01177945454 0.009406067431 0.009131558239 0.008190867491 0.007817409933 0.006877958775 0.004675228149 0.00460719876 0.004231078085 0.004109894857 0.004048535135 0.003737059189 0.003120716196
348,loss@261.14 frag@85.04 loss@103.08 loss@315.15 frag@206.09 frag@313.12 frag@194.03 loss@325.11 loss@325.04 frag@135.01 loss@280.07 frag@163.99 frag@260.16 loss@314.14 frag@143.15 loss@279.12 frag@87.5 loss@312.1 loss@252.12 loss@229.04,0.06683107466 0.02997068688 0.02785875276 0.0232542064 0.02267708443 0.0225863494 0.01907614432 0.01367293205 0.009997655638 0.008412980475 0.007805103436 0.007479913533 0.006502349861 0.00571347354 0.005686224438 0.005590629764 0.005345902871 0.00495337788 0.004763966426 0.004745524842
349,frag@167.06 loss@59.04 frag@197.07 loss@84.03 loss@43.01 loss@57.02 loss@102.06 frag@187.05 frag@179.06 loss@60.03 loss@140.09 frag@213.11 loss@114.06 loss@144.1 frag@102.05 loss@126.04 frag@157.05 frag@202.04 loss@98.06 loss@156.12,0.263722986 0.1902865767 0.1190153584 0.04925404862 0.0419023931 0.041861929 0.02270248905 0.0114409849 0.01097981539 0.009640435688 0.009057189338 0.009033601731 0.008710330352 0.00601522252 0.005779647268 0.004908526316 0.00479850173 0.004727672786 0.004142074846 0.00387077406
350,loss@297.07 frag@294.05 frag@152.97 frag@233.13 loss@201.15 loss@279.06 loss@172.13 loss@268.07 frag@232.08 frag@136.94 loss@265.99 loss@325.19 loss@327.06 frag@152.04 loss@353.17 frag@225.94 loss@319.15 loss@219.99 loss@257.96 frag@106.04,0.04544018209 0.02610679902 0.02414633892 0.02168788575 0.01868698001 0.01630404778 0.01509821974 0.012312999 0.01224609744 0.01214268804 0.00757513335 0.006096364465 0.005659214221 0.00541311549 0.005148096941 0.004960329272 0.004630727693 0.004608883522 0.004496112 0.004099597689
351,loss@134.04 frag@187.06 frag@187.07 loss@194.02 frag@256.05 loss@172.05 frag@156.01 frag@160.05 frag@133.03 frag@243.04 loss@165.05 frag@169.06 loss@56.01 frag@206.08 loss@143.08 loss@133.06 loss@150.02 loss@32.03 loss@134.06 frag@167.03,0.3050275743 0.1971922517 0.1665073186 0.1246059835 0.06797989458 0.01039362606 0.008450754918 0.008327827789 0.00524377171 0.003607130842 0.00321767386 0.002750406507 0.002433562186 0.00230998639 0.002268861514 0.001965010306 0.001958921785 0.001951387152 0.001920736162 0.001799717546
352,frag@184.09 loss@124.1 frag@211.07 loss@106.09 loss@2.02 loss@127.11 loss@282.06 loss@230.04 loss@122.08 loss@258.03 loss@80.06 loss@216.98 loss@95.11 loss@60.07 loss@286.03 loss@106.01 loss@270.05 loss@264.2 loss@96.09 loss@61.09,0.3979095817 0.1216972098 0.08101698011 0.07668103278 0.0113102803 0.01114386506 0.01084087975 0.0105862366 0.007619943004 0.007434793282 0.005932549946 0.005015973467 0.004686641973 0.004046415444 0.003973266575 0.00396267511 0.003943098709 0.003887319705 0.003854354611 0.003719118191
353,frag@93.06 frag@118.05 loss@172.08 frag@80.05 loss@251.05 frag@158.04 loss@231.08 loss@201.07 frag@107.04 frag@92.05 frag@218.03 frag@134.01 frag@233.16 frag@183.98 loss@80.03 frag@319.19 loss@145.04 frag@204.04 frag@82.99 loss@187.03,0.08729381114 0.03345099464 0.02765335329 0.02681590244 0.02024799399 0.01817357168 0.01650975272 0.01370604523 0.01358060818 0.01353852917 0.01270380896 0.01087181363 0.009885435924 0.008773217909 0.007728274912 0.006711331662 0.006643029395 0.006347801536 0.006322854664 0.006279053167
354,frag@91.05 loss@251.1 frag@109.06 frag@119.05 frag@91.06 loss@301.14 frag@120.08 loss@247.11 loss@169.09 loss@271.11 loss@236.05 loss@273.16 loss@272.15 loss@257.07 loss@285.11 frag@146.1 loss@218.06 loss@332.17 loss@324.08 frag@147.08,0.2069350332 0.1058994308 0.1029605418 0.07256320119 0.04222752899 0.03681518137 0.03094503842 0.02489856817 0.0219999589 0.01921386458 0.01736815087 0.015886195 0.01185729541 0.01123375818 0.01047277171 0.009641041979 0.009282450192 0.008690699004 0.008410214446 0.008221997879
355,frag@85.08 frag@87.09 frag@113.07 loss@174.1 frag@151.07 loss@226.1 loss@300.16 loss@329.17 loss@342.18 loss@291.11 loss@335.13 loss@199.14 loss@172.09 loss@307.08 loss@213.15 loss@314.15 loss@282.11 loss@307.06 loss@258.18 loss@367.15,0.156515494 0.1349083185 0.1157015264 0.07957074791 0.07584086061 0.07113709301 0.05538292229 0.03099258058 0.02086374722 0.01807737909 0.01610819064 0.01185588725 0.0104117021 0.007225578185 0.006463336293 0.004706151783 0.004580469336 0.004425251391 0.004310489632 0.00429337332
356,frag@91.04 loss@290.08 frag@183.01 frag@109.03 loss@213.14 loss@190.13 loss@126.0 loss@195.01 loss@287.16 frag@113.06 frag@165.05 frag@127.04 loss@253.13 frag@131.03 loss@278.1 frag@179.07 frag@227.04 loss@332.12 frag@97.06 frag@211.05,0.1506064534 0.04269051179 0.03609718382 0.03522136435 0.03364104778 0.03310348094 0.02344079688 0.02117327787 0.01782098413 0.01679172739 0.01574455015 0.01563846692 0.0145930266 0.01449041627 0.01354213897 0.01135017723 0.01103206724 0.009973802604 0.009947640821 0.009076686576
357,frag@198.07 loss@333.12 loss@106.04 frag@241.08 loss@186.07 frag@223.06 frag@261.08 loss@223.0 loss@127.0 loss@343.11 frag@278.12 loss@311.16 loss@67.04 loss@157.16 loss@180.98 loss@195.9 loss@457.22 loss@145.12 frag@230.04 loss@331.05,0.235841915 0.07298191637 0.06757935882 0.0644878298 0.05304228142 0.03661525995 0.03125990927 0.0268748831 0.02641873993 0.02340037189 0.0224331487 0.01271633897 0.008529379033 0.008284795098 0.007899497636 0.00694900658 0.005386085249 0.005206233356 0.004680267535 0.004634199664
358,loss@145.07 frag@177.1 frag@180.01 frag@192.02 frag@169.02 frag@231.06 frag@152.02 frag@209.04 frag@225.99 loss@145.06 frag@149.11 loss@379.03 loss@258.08 frag@138.04 frag@319.12 frag@98.01 frag@303.1 frag@162.08 loss@153.03 frag@170.03,0.4741748273 0.1569959968 0.07836698741 0.05512291938 0.04911930487 0.04810479656 0.03792070597 0.02433634922 0.002527845791 0.00233684876 0.002327060094 0.001917460584 0.001763098291 0.001351157669 0.001222343184 0.001176525373 0.001138372696 0.00110241049 0.001072391053 0.001059855334
359,frag@176.04 loss@160.11 loss@174.13 loss@124.13 loss@315.13 frag@214.04 loss@307.03 frag@219.11 frag@195.09 loss@279.15 frag@187.97 frag@237.02 frag@122.05 loss@130.07 frag@304.13 loss@226.07 frag@348.17 frag@172.03 loss@204.03 loss@181.05,0.3000340164 0.1145757064 0.08085190505 0.07826263458 0.07372990251 0.06737249345 0.03567933664 0.009325478226 0.007854225114 0.00685155578 0.005872649606 0.005576341413 0.003698796732 0.003287217813 0.003023015801 0.002882282017 0.002786973026 0.00270825834 0.002345937304 0.002326154383
360,loss@267.06 loss@270.06 frag@251.07 loss@188.98 frag@245.04 frag@247.06 loss@229.02 loss@149.04 loss@294.07 frag@249.1 frag@194.11 frag@204.96 frag@248.11 frag@257.07 loss@88.06 loss@202.04 loss@234.98 frag@236.07 frag@260.1 frag@207.12,0.1432534605 0.08030903339 0.04218076169 0.03190179914 0.02363839373 0.0182638783 0.0168328695 0.01633675769 0.01352130808 0.01294403989 0.01056350954 0.009937439114 0.009822263382 0.009461955167 0.008869841695 0.008649379015 0.00840034429 0.008133172058 0.007638003677 0.007591295522
361,frag@54.03 loss@196.06 frag@67.04 loss@119.06 loss@155.06 loss@125.06 frag@150.06 loss@128.05 frag@81.04 loss@117.04 loss@160.03 frag@137.11 loss@228.14 loss@153.05 loss@239.99 loss@206.04 frag@69.04 frag@160.05 frag@96.07 frag@94.05,0.2000741661 0.1052933484 0.07138375938 0.05855374038 0.05084259063 0.0308702793 0.02540503442 0.01688210852 0.01679700427 0.01345916651 0.01067209523 0.009607525542 0.009520007297 0.008909304626 0.00760302227 0.007575368043 0.007397116162 0.007005152293 0.006348152179 0.006302500144
362,loss@249.06 frag@110.06 loss@237.06 frag@68.05 frag@94.06 loss@276.11 frag@122.06 frag@92.05 frag@80.05 frag@108.04 frag@120.04 loss@254.07 loss@263.11 loss@282.07 loss@219.14 frag@126.04 loss@119.02 frag@65.04 frag@94.07 loss@207.05,0.1387397945 0.1374993473 0.115185082 0.09507694095 0.0524706319 0.03183419257 0.02290084958 0.02270952798 0.02254111879 0.02045373432 0.01583972014 0.01190672535 0.00979450345 0.009754821658 0.009287445806 0.008797384799 0.008175736293 0.007636823691 0.006949840579 0.006824505981
363,frag@155.02 loss@243.14 loss@298.08 loss@285.09 loss@279.09 loss@363.14 loss@289.14 loss@325.11 frag@235.97 loss@368.16 loss@273.15 frag@104.02 loss@220.09 loss@219.1 loss@168.11 loss@252.11 loss@342.14 loss@309.21 frag@182.1 loss@215.06,0.4695506096 0.1742738634 0.07945815474 0.03824267536 0.03244128451 0.01958015375 0.01070414297 0.007016936783 0.004867629148 0.004491888452 0.004354543053 0.004166439176 0.004014980514 0.003334979294 0.003092834726 0.002782337135 0.002749982057 0.002633693628 0.002228333615 0.002096236218
364,frag@192.14 loss@219.08 frag@156.02 loss@184.09 frag@234.06 loss@256.08 frag@228.12 loss@244.04 frag@260.06 frag@153.08 loss@289.06 frag@151.04 loss@353.15 loss@356.14 frag@101.01 loss@182.09 loss@208.06 frag@183.1 loss@136.09 frag@140.06,0.09179621935 0.06742914021 0.0530151166 0.0501136221 0.03351503611 0.02245984785 0.01262174547 0.01229988225 0.01194204204 0.01105251815 0.010534673 0.01030578464 0.009663517587 0.009371536784 0.009345402941 0.009342562407 0.00819595065 0.007768849377 0.006698186975 0.005531162489
365,frag@134.1 loss@166.06 loss@232.13 loss@182.02 loss@149.03 loss@308.15 loss@323.19 loss@733.31 loss@133.09 loss@296.09 loss@269.14 loss@258.15 loss@100.02 frag@234.11 loss@372.09 loss@258.1 loss@311.13 loss@269.08 loss@279.1 loss@260.14,0.4834350646 0.1616447866 0.1167379022 0.04859134555 0.02133284882 0.01337972004 0.008528034203 0.008318217471 0.007525964174 0.004323611036 0.004039395601 0.003870455781 0.003807072062 0.002655212069 0.002540496178 0.002531769685 0.002323280321 0.002014524071 0.001736639766 0.001706501702
366,loss@128.04 frag@204.04 loss@138.11 frag@218.06 frag@190.02 loss@135.02 frag@178.02 frag@164.11 frag@106.08 loss@252.03 loss@233.04 frag@293.14 frag@267.03 frag@96.05 loss@230.07 loss@261.07 loss@215.04 frag@139.07 loss@205.01 loss@170.0,0.09255684912 0.08245854825 0.0423832126 0.03559203818 0.02905566432 0.0272183083 0.008508908562 0.007207126822 0.006467787549 0.005818620324 0.004529268946 0.004014479462 0.003844180377 0.003732938785 0.003732471261 0.003711978206 0.003706629854 0.003662782023 0.003294249298 0.00329294242
367,loss@251.07 frag@138.06 frag@166.0 frag@317.13 frag@223.02 frag@230.12 loss@309.18 frag@238.02 frag@156.04 frag@227.13 loss@301.12 frag@150.05 frag@245.09 loss@293.1 frag@276.11 frag@265.11 frag@221.09 frag@122.06 frag@196.11 frag@196.04,0.3978533447 0.05327172205 0.05108211562 0.0363984555 0.02997208759 0.02339207008 0.02108617872 0.01151007786 0.007312735077 0.007053158246 0.006532729603 0.006189870182 0.005839961581 0.00533655379 0.005265108775 0.004584284499 0.004561189096 0.003234098898 0.003092851955 0.003072585678
368,loss@211.17 frag@222.08 frag@114.02 loss@303.11 frag@304.12 loss@296.04 loss@323.11 frag@226.09 frag@247.03 frag@208.99 frag@237.1 loss@186.11 loss@207.99 frag@214.02 frag@153.98 loss@169.99 frag@240.08 frag@215.1 frag@49.68 loss@286.03,0.1529078484 0.1517612636 0.1049347445 0.1016148627 0.05260778964 0.05067032203 0.02291312255 0.009593601339 0.008613133803 0.007199068554 0.006846221164 0.00571827637 0.005276938435 0.005226068199 0.004570075311 0.004462495912 0.00442703627 0.004419831093 0.003988569602 0.003943501506
369,loss@271.07 loss@267.07 frag@178.11 frag@173.99 loss@313.14 frag@203.11 loss@330.05 frag@127.1 loss@229.06 loss@283.07 loss@314.11 loss@201.17 loss@292.09 frag@320.15 loss@223.16 loss@167.0 frag@331.17 loss@212.16 frag@221.02 frag@329.1,0.02226043493 0.02083599754 0.02030716278 0.01705710217 0.01319699828 0.01255638525 0.01158681884 0.01099412981 0.01005158853 0.009604473598 0.007472513709 0.006874338258 0.006743987557 0.00671436917 0.005843814462 0.005161645357 0.004945829976 0.00449439697 0.004091667011 0.004054729361
370,loss@138.08 loss@166.09 frag@185.08 frag@236.08 frag@170.08 loss@161.12 frag@168.07 frag@241.1 frag@198.08 loss@224.98 frag@320.11 frag@170.07 loss@128.09 frag@201.07 loss@110.08 frag@94.05 loss@139.08 frag@216.08 loss@28.03 loss@112.06,0.1645883322 0.1449586451 0.09867997468 0.08333336562 0.08060818166 0.07910149544 0.07625921071 0.0352537483 0.02585622296 0.02319074795 0.01831572503 0.01255815197 0.006306716707 0.00619622739 0.005185453687 0.004937943071 0.004831318744 0.004608194809 0.004567135125 0.004401412327
371,loss@87.07 frag@88.08 frag@267.14 loss@102.09 frag@270.07 frag@229.03 frag@254.04 loss@115.06 frag@248.09 frag@243.02 frag@182.04 frag@216.11 frag@315.02 loss@89.08 frag@231.0 loss@215.16 frag@295.17 loss@117.12 frag@236.07 frag@216.95,0.3500943482 0.2425450236 0.02964526787 0.01826950163 0.01380635519 0.01263937354 0.01179020666 0.01088245027 0.01024748571 0.009665663354 0.008505313657 0.008425196633 0.007387824822 0.007353462745 0.00674449699 0.006388189271 0.00616782764 0.00537847681 0.005061319098 0.004739959724
372,loss@60.06 loss@58.04 loss@76.05 loss@44.03 loss@16.03 loss@46.04 frag@283.06 loss@30.05 loss@73.05 loss@98.07 frag@269.08 loss@28.03 frag@238.06 loss@15.02 frag@243.07 loss@56.06 loss@43.04 loss@17.03 loss@33.03 frag@266.09,0.0178936664 0.01035259385 0.008914132603 0.008700697683 0.007458016742 0.007187409326 0.007180933375 0.006497104652 0.006481503602 0.006329868454 0.005889409222 0.005622220691 0.005536346231 0.005442304537 0.005414144602 0.005231754389 0.00520841172 0.005185271613 0.005127178505 0.004951950628
373,frag@176.07 loss@207.16 loss@291.1 loss@107.06 loss@256.1 frag@182.03 frag@175.06 frag@161.11 loss@275.07 frag@323.08 loss@250.14 loss@259.13 frag@148.08 loss@185.05 loss@259.06 loss@216.06 frag@138.09 frag@244.05 loss@189.08 loss@287.07,0.2993654907 0.05954141542 0.0379216522 0.03202069178 0.01728818938 0.01711810753 0.01465010643 0.009110591374 0.00872901082 0.00721800793 0.007128311787 0.006427652203 0.005437065847 0.005152828526 0.004895475693 0.004893309902 0.004878278822 0.004661300685 0.004572869744 0.004511252977
374,frag@99.07 loss@233.12 frag@133.09 loss@231.1 frag@138.09 loss@229.09 loss@268.09 frag@139.07 loss@248.09 frag@86.99 frag@133.06 loss@296.15 frag@147.08 frag@120.07 loss@191.03 frag@148.08 loss@248.16 loss@166.06 loss@254.08 loss@199.09,0.1771739125 0.1387342215 0.07605540007 0.06426293403 0.05467115715 0.03792211041 0.02783842012 0.01996512897 0.01672492735 0.01245455351 0.01198569965 0.008638195693 0.008464812301 0.007098096423 0.006959232967 0.006929299794 0.006349035539 0.005839675665 0.005628480576 0.005515269469
375,frag@173.55 loss@221.11 loss@201.12 frag@69.03 loss@223.1 frag@83.05 loss@281.13 loss@277.05 loss@268.06 frag@87.04 loss@232.11 loss@253.0 frag@71.05 loss@294.17 loss@318.11 loss@207.06 loss@266.17 frag@121.06 frag@182.01 loss@266.14,0.3779472411 0.3083885312 0.07317984849 0.07301563025 0.02908701077 0.01674109697 0.007806118112 0.007083678152 0.004769600462 0.004657994024 0.0041751354 0.00338548352 0.002961529884 0.002617556369 0.002363159787 0.002357186284 0.002340506995 0.002138811629 0.002014430938 0.002012711717
376,loss@277.12 frag@70.03 frag@239.1 loss@272.13 frag@85.09 frag@85.04 frag@232.13 loss@232.06 frag@121.07 loss@226.11 frag@254.12 frag@109.07 loss@235.07 frag@119.05 frag@139.05 loss@285.11 loss@181.09 frag@148.08 frag@128.08 frag@86.07,0.07687864453 0.06782078743 0.0474524051 0.04120798036 0.03710259497 0.02296108566 0.01804577 0.01714949496 0.01632058807 0.01618727855 0.01510494854 0.01421015337 0.01388002094 0.01351961493 0.01052991021 0.009541763924 0.00909738522 0.009080129676 0.008812495507 0.007517963182
377,loss@232.07 frag@94.07 loss@261.08 frag@141.0 frag@138.02 frag@111.03 frag@113.01 frag@120.04 frag@94.06 frag@139.09 loss@193.06 loss@236.06 loss@226.08 frag@135.06 frag@123.06 frag@59.0 loss@198.0 frag@151.06 loss@298.03 loss@217.05,0.1335769445 0.05000034347 0.03640909865 0.03180291876 0.02877108194 0.02586365491 0.02509884536 0.02453251556 0.02362851426 0.02194909006 0.01638782769 0.0144408457 0.01326394174 0.009447111748 0.008880488575 0.00841985736 0.007688757498 0.007270293776 0.007237433922 0.007236239966
378,frag@82.03 frag@81.06 loss@130.04 loss@264.07 loss@209.05 loss@259.09 loss@168.09 frag@99.06 loss@252.09 loss@276.13 frag@99.01 loss@221.07 frag@187.12 loss@231.08 loss@242.11 frag@178.12 frag@125.08 loss@269.11 loss@278.09 loss@296.14,0.2176089585 0.1989619136 0.1451068968 0.0453395471 0.0292370338 0.01508931164 0.01037078258 0.009074263275 0.008118342608 0.007099939045 0.006978224963 0.005675878841 0.005598547403 0.005263571627 0.005045689642 0.004775757436 0.004718277138 0.004524704535 0.004486210644 0.004295621067
379,frag@55.05 frag@69.07 frag@57.07 loss@157.07 loss@143.09 frag@83.09 loss@157.11 loss@117.08 loss@159.09 loss@139.1 loss@129.12 loss@96.06 loss@171.09 loss@171.13 frag@41.04 loss@105.08 loss@199.12 loss@185.14 loss@184.12 loss@185.11,0.1929878592 0.08744207025 0.08120626211 0.05184662342 0.0506257005 0.04796523228 0.03878121823 0.03458370268 0.03151928633 0.03101429343 0.02943647467 0.01850461587 0.01829719357 0.01730292849 0.01594565995 0.0158641655 0.01330929622 0.0129987793 0.009239553474 0.009001914412
380,frag@71.07 loss@310.14 frag@169.07 frag@268.1 loss@323.13 loss@214.13 loss@334.11 frag@208.09 frag@231.1 loss@348.13 frag@258.11 loss@262.08 frag@223.16 frag@211.12 loss@304.1 loss@229.15 loss@302.17 loss@271.07 loss@320.13 loss@342.11,0.1531189233 0.1216056123 0.1208921894 0.07673083246 0.05360333249 0.03502345085 0.02108795941 0.01411125809 0.01267034095 0.01073640212 0.0101218801 0.01003495138 0.008058183827 0.007959451526 0.007048965432 0.005535108037 0.005438106135 0.004936825484 0.004375838209 0.004269989673
381,frag@121.1 frag@95.09 frag@147.12 frag@107.09 frag@133.1 frag@109.1 frag@157.1 frag@93.07 frag@159.12 frag@135.12 frag@161.13 frag@145.1 frag@123.12 frag@81.07 frag@173.1 frag@187.15 frag@67.05 frag@125.1 frag@111.08 frag@149.13,0.01976741664 0.01812775619 0.01721844263 0.01686628908 0.01660241 0.01518247556 0.01400267426 0.01385159325 0.01341330539 0.01233781595 0.01178510487 0.01170264091 0.01149450615 0.01097493526 0.009061004035 0.007989904843 0.007113196421 0.006746332161 0.006428106688 0.006232259795
382,frag@110.06 frag@68.05 frag@94.06 loss@245.09 loss@251.08 loss@254.08 loss@252.07 loss@266.06 loss@164.06 loss@212.1 loss@194.11 loss@222.14 loss@198.08 loss@207.05 frag@122.06 loss@200.08 loss@239.09 loss@233.06 loss@258.07 frag@69.06,0.1485475451 0.1474699974 0.08073802292 0.05037500709 0.03989851102 0.03610612452 0.03545244038 0.02050214261 0.01749578491 0.01429915801 0.01099258661 0.01073180139 0.009604121558 0.009572701529 0.008957161568 0.00844162982 0.007913572714 0.007788476534 0.007782179862 0.007773126941
383,loss@174.06 frag@229.07 frag@124.1 loss@127.05 loss@191.0 frag@115.07 loss@294.11 loss@257.03 loss@201.02 frag@215.03 loss@144.05 loss@183.06 frag@293.09 loss@187.98 frag@161.04 frag@242.12 frag@197.07 frag@323.08 loss@318.16 loss@157.09,0.1764152497 0.157814756 0.05606334284 0.04126501456 0.02595074475 0.02078847215 0.01546728425 0.01279037725 0.01115275268 0.01012944337 0.01011353638 0.007962886244 0.00785195455 0.007755404338 0.007692992687 0.00621975027 0.006080234423 0.005747480784 0.004335605539 0.004097534809
384,frag@206.08 loss@110.07 frag@201.08 loss@196.04 loss@299.14 loss@120.05 loss@96.07 frag@297.09 loss@134.06 frag@270.11 frag@223.03 frag@186.07 loss@556.18 frag@219.08 frag@159.04 frag@207.07 frag@260.18 loss@238.08 loss@43.01 frag@316.11,0.2269512862 0.2229450494 0.1845854074 0.1192978099 0.05931697041 0.02811774984 0.01708190143 0.01328638569 0.01170549449 0.004655503202 0.004207609687 0.003488613758 0.003288375214 0.003197664162 0.002630607691 0.001742227934 0.001681223861 0.001472217031 0.00141309516 0.001326645026
385,frag@176.07 frag@190.09 loss@259.11 loss@269.12 loss@250.08 frag@172.11 loss@296.15 loss@185.01 loss@278.15 frag@171.01 loss@232.09 loss@260.12 loss@252.09 frag@74.93 loss@146.08 frag@174.06 loss@171.09 loss@138.07 loss@244.09 loss@259.13,0.2615732253 0.08114311844 0.0598102659 0.05025082082 0.04278480634 0.02085683309 0.01423278917 0.00861267373 0.008010794409 0.007805247325 0.007093117107 0.006471674424 0.006037178449 0.005798702128 0.005455379374 0.004961378407 0.004825060721 0.00446693087 0.004410500173 0.004365481436
386,loss@165.05 frag@129.04 frag@120.02 frag@116.05 frag@89.04 frag@200.06 frag@132.04 frag@148.03 frag@90.03 frag@117.04 frag@253.1 frag@344.11 frag@159.07 frag@200.99 frag@104.05 frag@117.06 frag@162.05 frag@277.11 frag@231.02 loss@83.04,0.4923042953 0.3869394362 0.04933364689 0.008327824995 0.005210534669 0.003725339193 0.003327527549 0.003047976876 0.002469980158 0.002378639067 0.001738658757 0.001547156135 0.001469732379 0.001435525948 0.001313352492 0.001144260983 0.001098251669 0.0009296150529 0.0009229034185 0.0008967288304
387,frag@234.13 loss@271.17 frag@255.08 loss@310.11 frag@206.17 loss@170.1 frag@208.03 frag@172.02 frag@284.16 loss@110.0 frag@218.04 frag@128.09 loss@129.1 loss@303.16 frag@274.12 frag@198.11 loss@177.01 loss@131.11 frag@270.13 loss@299.07,0.09393808991 0.07169301063 0.02579230815 0.02157045156 0.02120484598 0.01386350859 0.01236546971 0.01041789446 0.009704888798 0.009670049883 0.009362037294 0.009245882742 0.008904101327 0.008801859803 0.008052528836 0.007855451666 0.007519710343 0.007141374052 0.007072169334 0.00690282369
388,loss@192.13 frag@150.09 frag@94.07 loss@163.09 loss@262.13 frag@120.04 frag@190.11 frag@80.05 loss@246.07 frag@138.04 frag@108.04 loss@244.13 frag@232.96 frag@96.04 frag@106.03 frag@122.1 frag@196.11 loss@180.08 loss@205.12 frag@133.08,0.3490942121 0.2484237701 0.1936313808 0.09561342001 0.008659797721 0.007272170857 0.0054232697 0.002544461982 0.002416046336 0.002248891629 0.002234199084 0.002122899285 0.002051794901 0.001991790021 0.001788169146 0.001735528116 0.00161566108 0.00150643813 0.001413834863 0.001366933458
389,loss@235.14 frag@155.04 loss@192.1 loss@188.08 frag@97.04 loss@151.08 frag@176.09 frag@109.08 frag@122.08 frag@149.08 frag@137.09 frag@134.07 frag@108.06 frag@136.09 frag@231.12 loss@165.12 loss@205.09 frag@107.02 loss@234.15 frag@122.07,0.1088529155 0.09247335047 0.08402665704 0.06032965705 0.05361990631 0.03817396238 0.02837325074 0.02424572408 0.02294602059 0.02255099267 0.02002718486 0.01951227523 0.01923563331 0.01805371977 0.01697462425 0.0168655552 0.0121576665 0.01110277697 0.01024931949 0.009700282477
390,loss@159.11 loss@171.14 frag@245.1 frag@219.08 frag@266.13 frag@269.18 frag@100.05 frag@292.07 frag@152.95 frag@71.99 frag@237.08 frag@211.07 frag@224.09 frag@211.1 frag@239.09 frag@99.0 frag@274.19 frag@234.08 frag@260.12 frag@263.18,0.3224872351 0.08071681857 0.02122309618 0.01858354546 0.01722589321 0.01343561523 0.01085573155 0.009887744673 0.009107080288 0.008652864024 0.008144800551 0.007242816035 0.007060975768 0.005798221566 0.005382552743 0.005007922184 0.004757688846 0.004200984724 0.004080414306 0.004055987578
391,frag@194.07 loss@233.1 loss@306.09 loss@328.08 loss@156.02 loss@249.05 loss@192.08 loss@214.03 loss@166.01 loss@528.22 loss@190.05 loss@325.15 loss@113.03 loss@179.04 loss@238.08 frag@268.13 loss@280.11 loss@348.14 loss@213.09 loss@197.12,0.4373847842 0.17350474 0.0506721586 0.03812934831 0.02604881488 0.02236753143 0.01558668166 0.01350889634 0.01063022763 0.006375579163 0.005466239527 0.005285792518 0.005238454789 0.004709551577 0.00416973047 0.00400355272 0.003868655069 0.003834798466 0.002877881052 0.002830246929
392,frag@206.05 frag@162.12 loss@336.09 loss@192.05 loss@140.09 frag@292.08 frag@246.12 loss@228.01 frag@135.01 frag@226.03 loss@160.04 loss@131.03 loss@186.17 loss@230.18 loss@84.04 loss@22.0 frag@303.11 frag@108.96 loss@196.95 loss@217.0,0.1069472656 0.02942853794 0.02857238799 0.01426811889 0.01373236813 0.01308935788 0.01129138563 0.0103574153 0.009772205725 0.009677727707 0.008526239544 0.008236918598 0.007404553704 0.007290751208 0.006818441674 0.006755754352 0.006465011276 0.005623374134 0.005532732699 0.004602724686
393,loss@268.13 loss@238.12 frag@67.05 frag@85.06 frag@43.02 frag@69.03 frag@136.11 frag@81.07 frag@58.03 loss@266.12 frag@71.05 frag@83.05 loss@280.14 frag@95.09 frag@57.03 loss@283.14 loss@252.13 frag@93.07 loss@264.12 loss@268.11,0.1557716429 0.1332513839 0.1040171385 0.06808676571 0.04740700498 0.04462884739 0.0399607718 0.02012454718 0.01902269199 0.01800343953 0.01713245176 0.01556638721 0.01302311011 0.01288579218 0.01271129027 0.01173755061 0.01167914085 0.01140288264 0.01028936356 0.009930863045
394,frag@103.05 frag@131.05 loss@207.09 loss@205.11 loss@213.06 loss@206.09 loss@204.07 loss@204.1 loss@223.07 loss@176.07 loss@228.05 frag@104.06 loss@267.1 loss@210.07 loss@217.07 loss@196.07 loss@102.0 loss@169.05 loss@451.17 loss@191.06,0.3280287981 0.1367531866 0.05064332858 0.04212243482 0.04069235921 0.03255807608 0.02674229071 0.02396523394 0.02344256453 0.02187556028 0.01846356131 0.01805891842 0.01738458872 0.01523256209 0.01518437918 0.01482587401 0.01226766035 0.01080206037 0.009544009343 0.00641638739
395,frag@154.09 loss@253.01 frag@205.07 loss@169.13 frag@41.04 loss@126.07 frag@187.03 loss@231.0 loss@98.04 frag@192.07 loss@130.06 frag@43.05 loss@237.0 loss@259.01 frag@44.01 loss@128.05 loss@102.07 frag@57.07 loss@96.09 loss@82.09,0.1305392534 0.05255891383 0.0451438427 0.0332920067 0.02897025086 0.02885169908 0.02677484043 0.02142935619 0.01938636042 0.01806698553 0.01573345624 0.01478828955 0.01342838537 0.01295806747 0.008764253929 0.0087296376 0.008015771396 0.00792275276 0.007862471975 0.007464633323
396,frag@141.14 frag@193.02 frag@66.05 loss@272.07 loss@325.07 loss@100.07 frag@294.17 frag@108.05 loss@294.01 loss@276.05 frag@261.09 frag@196.97 frag@170.12 frag@120.05 loss@273.13 loss@166.14 loss@252.99 frag@195.15 loss@254.06 frag@60.0,0.1060576066 0.03189761192 0.02475506626 0.01614392363 0.01363151986 0.01332227513 0.0130939614 0.01286408771 0.01159706712 0.01054392383 0.009139419533 0.008760130964 0.008505863138 0.007024397608 0.005873336922 0.00523176603 0.005150065757 0.00507868547 0.005040802062 0.004889022093
397,frag@192.03 loss@154.09 loss@128.03 frag@182.05 loss@172.01 frag@341.17 loss@211.0 loss@350.11 loss@176.14 loss@215.1 frag@179.07 loss@296.16 frag@121.01 frag@106.04 frag@194.04 loss@100.02 loss@314.07 frag@378.23 loss@221.05 loss@98.02,0.2622438371 0.1579903513 0.1458811909 0.1281390339 0.05842199177 0.03069497086 0.02454496548 0.01598513871 0.01167016663 0.008032070473 0.004275947344 0.003878000192 0.003800271079 0.003336799564 0.002869670279 0.002348636044 0.002329665469 0.001813594834 0.001812000643 0.001708913478
398,loss@276.14 frag@226.11 frag@113.08 frag@230.08 loss@142.15 frag@231.1 frag@200.09 frag@265.13 loss@313.09 frag@217.13 frag@214.12 loss@304.13 frag@169.07 loss@348.13 loss@60.0 loss@177.13 frag@271.11 loss@263.12 loss@255.17 frag@206.04,0.05559590831 0.02774062753 0.02753425203 0.02749837935 0.02708734944 0.02042212337 0.01950027607 0.01915603504 0.01613279991 0.01214553602 0.01098755188 0.008843434975 0.008371317759 0.007762890775 0.007662549615 0.00760896178 0.007292462513 0.007153045386 0.006949876435 0.006943177897
399,frag@134.04 frag@134.05 loss@137.03 loss@125.06 loss@136.03 loss@174.96 loss@121.04 loss@213.04 loss@231.0 loss@115.07 frag@150.06 loss@301.05 loss@302.07 loss@241.17 loss@116.05 loss@136.06 loss@108.07 loss@250.96 frag@110.03 frag@239.06,0.2670225799 0.1061159298 0.06374931335 0.04847697169 0.02978132479 0.01940759458 0.01406611782 0.01067756396 0.007456437219 0.006970987655 0.006686819717 0.00664614467 0.006589237601 0.006553997286 0.00608248869 0.005657571368 0.005464279559 0.005170630291 0.005154696759 0.005013314541
400,frag@177.08 frag@138.06 frag@216.09 loss@268.07 loss@201.15 loss@226.18 loss@232.06 loss@284.09 loss@254.11 loss@289.08 frag@184.02 loss@226.08 loss@275.05 loss@297.08 loss@319.15 loss@236.03 loss@242.01 loss@266.04 loss@294.14 loss@249.1,0.2501439452 0.04655073583 0.04183571041 0.03696325421 0.01717169955 0.01418754924 0.01306738984 0.009661937132 0.008715499192 0.008482905105 0.007909523323 0.007317471784 0.00705847051 0.00697251875 0.006100202445 0.00602060603 0.005981192458 0.00577453617 0.004985720385 0.004692703951
401,loss@106.03 frag@236.05 frag@195.1 loss@78.03 loss@188.03 frag@87.0 frag@209.06 loss@321.1 loss@294.11 frag@204.95 frag@67.02 loss@120.04 frag@60.48 loss@60.03 frag@155.98 loss@157.02 frag@100.01 loss@251.05 frag@190.01 loss@270.08,0.2185307294 0.1856420636 0.1301710606 0.08794379979 0.06649497896 0.04265176505 0.02969740517 0.02738095634 0.0255587846 0.01737086289 0.006512303837 0.005876922514 0.005075386725 0.004256353714 0.004065540154 0.00399725046 0.003336172318 0.003033992834 0.002896071644 0.002773878397
402,loss@259.08 frag@85.04 loss@246.16 frag@102.01 frag@169.03 loss@277.08 loss@225.12 loss@273.14 frag@186.13 frag@230.04 frag@323.11 loss@115.02 loss@343.15 frag@203.05 loss@326.17 frag@117.07 frag@141.07 frag@297.18 frag@181.12 frag@130.08,0.09378137439 0.07968214154 0.05808707699 0.05578190088 0.02540605888 0.01998652518 0.01888075285 0.01573047973 0.01221619174 0.01216633711 0.01170704979 0.01044235658 0.009401477873 0.008986623958 0.008412278257 0.007440495305 0.007322529331 0.006822900381 0.00651580561 0.006008706521
403,frag@102.97 frag@237.13 frag@235.08 loss@258.01 loss@180.0 frag@145.02 loss@375.15 loss@277.18 loss@291.04 loss@117.1 loss@158.99 loss@290.18 loss@344.1 loss@100.11 loss@328.11 loss@186.17 loss@240.2 loss@264.03 loss@136.0 loss@232.03,0.2823682427 0.01887759194 0.01457228884 0.01126134675 0.01020556502 0.005396449007 0.004411702044 0.003931493964 0.003857666161 0.003520923434 0.003414396197 0.003375778906 0.003252870403 0.003127759788 0.00306793605 0.002915481338 0.002877549501 0.002606983297 0.002472270746 0.002394674113
404,frag@173.55 loss@283.16 loss@268.06 loss@271.09 loss@284.13 loss@181.1 loss@395.07 loss@307.06 loss@264.17 loss@306.07 loss@281.13 loss@281.11 loss@435.14 frag@98.05 loss@244.15 loss@147.12 loss@254.14 loss@254.2 loss@293.05 loss@444.16,0.4320385456 0.0759011358 0.05958161876 0.05783325061 0.01055356301 0.009852352552 0.009397890419 0.007224735338 0.006702414248 0.006334714126 0.006251425482 0.006230790168 0.005542033352 0.005311124492 0.005307641812 0.004879119806 0.004866888281 0.00440461468 0.004394054413 0.004384343512
405,frag@65.04 frag@111.04 loss@221.05 loss@217.02 loss@194.06 loss@232.11 loss@254.05 loss@284.03 frag@91.04 loss@231.07 loss@210.05 loss@247.02 frag@92.06 frag@78.05 loss@110.01 loss@238.05 loss@143.04 frag@56.96 loss@210.03 loss@228.06,0.250772953 0.1607069671 0.1023783535 0.06229383498 0.0371687673 0.02946124226 0.02272302099 0.02195177414 0.01636616327 0.01458434481 0.01327204239 0.01326486841 0.01139360759 0.009998291731 0.007687190548 0.006798468065 0.006560671143 0.006285478827 0.0056812861 0.005122213624
406,frag@256.11 frag@221.13 loss@130.1 loss@83.05 loss@101.06 frag@236.12 loss@103.05 loss@172.11 loss@102.1 loss@134.09 frag@243.09 loss@133.03 loss@276.17 frag@87.01 frag@283.1 frag@116.0 frag@284.1 frag@194.12 frag@153.96 frag@239.09,0.0913798064 0.06785112619 0.0666070357 0.05566914007 0.05458209664 0.04591422528 0.03848711401 0.03785250336 0.03252402321 0.03196602315 0.02910591848 0.02757704817 0.02210002765 0.01362793799 0.01155273989 0.01107512414 0.01037730183 0.0100400662 0.009307974018 0.009032497182
407,frag@234.09 loss@253.12 frag@292.12 loss@283.09 loss@305.07 loss@115.02 frag@83.01 loss@104.08 loss@169.0 frag@102.01 frag@217.02 loss@318.16 loss@220.06 frag@317.09 loss@314.13 loss@198.07 frag@157.07 loss@146.12 frag@162.06 frag@260.07,0.1408339441 0.09050510079 0.06473077834 0.05050017685 0.0362233296 0.02910168469 0.02661333419 0.01823116094 0.01436621975 0.0135864364 0.01232574694 0.01144613791 0.01077346783 0.01065885928 0.009122193791 0.00884560775 0.006997494027 0.006759497337 0.005986484233 0.00592207443
408,loss@149.05 frag@164.03 frag@173.08 loss@163.07 loss@137.05 frag@204.06 loss@135.04 frag@179.06 loss@184.04 frag@176.06 frag@178.04 loss@136.04 loss@177.04 frag@174.02 frag@174.1 loss@121.02 frag@152.03 loss@138.06 frag@187.1 loss@177.07,0.1297833025 0.1150501743 0.07802656293 0.0744676739 0.05654234439 0.05109987035 0.04680569842 0.04541597888 0.04255732894 0.03864724562 0.03811308369 0.02641892806 0.02573644556 0.01277855039 0.01260298863 0.01197962463 0.008940530941 0.008693081327 0.006817241665 0.005996770691
409,frag@187.03 loss@85.07 frag@224.08 loss@197.98 loss@96.09 loss@122.08 loss@320.14 frag@205.07 frag@180.03 loss@78.99 loss@86.07 loss@86.05 loss@68.06 frag@223.98 loss@237.0 frag@122.01 loss@82.05 frag@44.01 loss@100.05 frag@224.98,0.121895723 0.03107260168 0.0262317434 0.0188205149 0.01723258756 0.01522972155 0.01472720876 0.01437086146 0.01061571762 0.01054638252 0.01017585956 0.009969576262 0.009927811101 0.009660873562 0.009376470931 0.009356060997 0.008385486901 0.008142583072 0.007955180481 0.007829443552
410,frag@105.04 loss@206.08 loss@208.07 loss@185.04 loss@191.11 loss@235.04 loss@347.14 loss@216.09 frag@121.04 loss@204.09 loss@240.1 loss@206.09 loss@201.06 loss@208.08 frag@77.04 loss@179.06 loss@197.11 frag@125.06 loss@203.05 loss@202.09,0.4079655409 0.07743985951 0.03252506256 0.03187431768 0.02808224037 0.0164276585 0.01440491155 0.01437573414 0.01217545476 0.01013618335 0.009338958189 0.008705747314 0.008425500244 0.008092113771 0.008085532114 0.007900846191 0.006562674884 0.006246537901 0.006169744302 0.005969857797
411,loss@206.06 loss@311.08 frag@227.13 frag@223.02 loss@253.03 frag@144.02 loss@173.02 frag@308.12 loss@331.13 frag@165.06 frag@161.05 frag@214.08 loss@228.11 frag@108.01 loss@310.11 loss@267.01 frag@222.04 frag@203.15 loss@190.08 loss@273.05,0.07871644199 0.07713668048 0.05869356915 0.03177154437 0.0248168949 0.02477867715 0.01497679017 0.01412422862 0.0123929726 0.01199442986 0.01116245985 0.0109086968 0.0101600755 0.008998419158 0.008420155384 0.008343960159 0.00830756221 0.008044949733 0.007954629138 0.006936735008
412,loss@216.08 frag@177.04 frag@248.07 loss@99.01 frag@218.06 frag@103.02 frag@130.03 frag@140.01 loss@175.03 frag@86.99 loss@143.02 loss@311.06 frag@303.06 frag@147.09 frag@188.98 loss@301.07 loss@73.0 loss@185.99 loss@217.04 loss@218.02,0.2807735205 0.1903662831 0.1740176678 0.160951823 0.03961265832 0.0111567378 0.005307909567 0.005294032395 0.005084902979 0.00383354933 0.002581631066 0.002269046381 0.00207756483 0.001872669789 0.001812604372 0.001795889926 0.001736472826 0.001546748797 0.001523021492 0.001476158737
413,frag@165.1 loss@244.11 frag@209.09 frag@122.08 loss@254.06 loss@234.12 loss@242.15 loss@261.16 frag@220.12 frag@125.05 frag@122.03 frag@95.07 loss@280.13 frag@149.08 loss@193.05 frag@126.05 loss@261.13 loss@223.05 frag@155.04 loss@229.13,0.08828317374 0.080123052 0.05804308504 0.04095287621 0.03989219293 0.03223385662 0.03217832372 0.02595020272 0.02450546436 0.02295555361 0.02091512643 0.02014893852 0.01810502075 0.01446091291 0.01121291518 0.01070388872 0.01068276726 0.008864708245 0.008042640984 0.007530759089
414,frag@119.06 loss@165.08 frag@163.02 loss@179.09 loss@203.06 loss@175.06 loss@190.06 frag@134.02 loss@170.05 loss@231.09 loss@199.03 loss@203.05 loss@197.05 frag@145.04 loss@189.99 loss@194.08 loss@164.07 loss@203.07 loss@193.07 loss@202.11,0.3581501544 0.143326059 0.07901125401 0.07290184498 0.04690782726 0.03875156865 0.03854663298 0.03436027095 0.02896396816 0.02402755059 0.01501986198 0.01233743411 0.01098400913 0.006549422164 0.006412575953 0.0062828511 0.004653077573 0.004294578917 0.002314322628 0.002156671602
415,frag@41.04 loss@199.13 loss@261.08 loss@289.18 frag@166.05 loss@247.0 loss@244.03 loss@117.04 loss@233.01 frag@97.06 loss@282.04 frag@55.02 loss@311.05 frag@59.05 loss@332.09 loss@169.12 loss@326.15 frag@67.05 frag@124.08 loss@206.02,0.4409702122 0.2282885462 0.08856490999 0.08594113588 0.006390899885 0.004545318894 0.004024844151 0.00382250105 0.003209491726 0.002965297783 0.002695815871 0.002626266563 0.002559877001 0.002397106262 0.002367932815 0.002344357548 0.0021322018 0.001980544766 0.001826363616 0.001734296209
416,frag@148.06 loss@156.04 loss@105.06 frag@212.95 loss@113.03 frag@229.11 loss@155.03 loss@79.99 loss@171.01 loss@210.02 loss@69.03 loss@187.03 loss@193.01 loss@139.01 frag@94.04 loss@149.07 loss@173.04 loss@182.09 loss@227.0 frag@255.06,0.3320694268 0.1118005142 0.08237169683 0.07050666213 0.07037364691 0.05338582024 0.04404848814 0.03843927383 0.03642784804 0.009555789642 0.008634698577 0.007803857792 0.005670252256 0.00491759507 0.004409184679 0.004323234782 0.003405678552 0.003025931772 0.002739430172 0.002655124292
417,frag@169.06 loss@111.01 loss@190.04 frag@171.03 loss@62.05 frag@222.09 frag@209.1 frag@143.05 loss@182.09 loss@108.02 frag@245.08 frag@323.11 loss@76.03 frag@75.02 frag@199.04 frag@238.04 loss@117.0 loss@103.01 frag@185.06 loss@162.14,0.1421854794 0.1246102154 0.1037464216 0.07315556705 0.04670352489 0.04385156557 0.03558595106 0.01791231707 0.01533079054 0.01532406546 0.01509387139 0.01427020319 0.0136239836 0.008924479596 0.008443276398 0.007551157847 0.00713036349 0.006222547498 0.006172133144 0.006038495339
418,frag@179.08 frag@67.02 loss@237.11 frag@65.04 frag@92.06 frag@84.04 frag@99.05 loss@206.11 loss@253.05 loss@219.1 loss@238.1 loss@247.1 loss@268.09 loss@235.1 loss@264.09 frag@208.07 frag@97.04 loss@222.05 loss@240.06 frag@182.03,0.09443453699 0.08776282519 0.05774010345 0.05291707814 0.02527272515 0.02039563283 0.01445056405 0.01412363909 0.01408437733 0.01240702439 0.00981774088 0.009783700109 0.009535330348 0.008414450102 0.007934409194 0.007621421944 0.007518153638 0.007282509003 0.007048157975 0.006902678404
419,loss@140.06 frag@171.09 frag@154.07 frag@181.08 loss@134.05 loss@144.07 frag@169.08 frag@144.07 loss@195.08 loss@192.05 frag@225.07 loss@203.02 frag@168.07 loss@172.06 loss@182.03 frag@157.08 loss@154.04 loss@168.06 frag@201.07 loss@114.02,0.1156576127 0.09205497801 0.08180139959 0.07374314964 0.06292718649 0.06176929921 0.06092138216 0.05517641827 0.05245072395 0.0476645641 0.03285108507 0.02343603782 0.02082327195 0.01918863319 0.01497805212 0.01341997087 0.01239159424 0.008975220844 0.005809936207 0.005731621291
420,frag@58.99 loss@228.1 loss@229.08 frag@44.98 frag@57.99 loss@207.07 frag@111.03 frag@70.99 loss@155.02 loss@153.02 loss@209.05 loss@277.09 loss@172.08 loss@183.01 loss@174.11 loss@140.03 loss@124.0 frag@114.04 loss@204.05 frag@151.06,0.3605301082 0.2939092815 0.1447137892 0.08682116121 0.0316439569 0.005777636543 0.004295686726 0.004287722055 0.002764130943 0.002205195138 0.001858523232 0.001734137535 0.001662867726 0.001556031057 0.001421287539 0.001290518092 0.001287554158 0.001269215369 0.001266435022 0.00121390936
421,frag@123.06 loss@248.12 loss@239.07 loss@287.11 loss@272.13 loss@179.09 loss@213.1 loss@255.08 loss@208.08 loss@258.11 loss@229.04 loss@213.11 frag@92.06 loss@204.09 loss@272.1 frag@231.12 loss@214.04 loss@190.07 loss@268.1 loss@206.09,0.4735670686 0.2681843936 0.1063815579 0.008455217816 0.004852136597 0.003862031735 0.003455187427 0.003373239888 0.003151379991 0.003093092469 0.003047875129 0.003001386533 0.002251449041 0.001884326804 0.001801368664 0.001696443302 0.001645863638 0.0016331753 0.001630567014 0.001594027388
422,frag@110.06 loss@198.08 loss@245.09 frag@94.06 loss@164.06 frag@68.05 frag@92.05 loss@148.09 frag@120.04 frag@109.08 frag@135.06 loss@235.1 frag@80.05 loss@207.05 loss@194.11 loss@224.04 frag@126.04 loss@222.14 frag@133.08 loss@205.09,0.2597804666 0.1646348238 0.08801533282 0.05541287735 0.03738230094 0.03497253731 0.02315528132 0.01996131241 0.01913444325 0.0182262715 0.0130471373 0.01303558424 0.0105607165 0.01001480408 0.009701831266 0.009172239341 0.007851381786 0.007537916303 0.005766939372 0.005734412465
423,loss@159.05 frag@137.05 loss@215.07 frag@143.04 frag@107.02 frag@161.04 loss@173.07 frag@97.04 loss@167.07 frag@127.05 frag@126.07 loss@154.04 frag@173.04 frag@136.06 loss@175.05 frag@136.07 loss@268.04 frag@54.03 frag@126.0 frag@134.05,0.1317775398 0.09789630771 0.09091900289 0.06880847365 0.05963003263 0.03454921767 0.02855888382 0.02747069113 0.02433880977 0.02038172632 0.01540531218 0.01085732784 0.01002912316 0.009581380524 0.009054048918 0.007027096581 0.006675196346 0.006156518124 0.005611639004 0.005510678515
424,frag@110.04 loss@242.09 frag@172.06 loss@79.08 loss@371.13 loss@115.02 loss@232.15 loss@346.14 loss@255.1 loss@255.15 loss@78.01 loss@235.15 loss@171.03 loss@73.0 loss@265.03 loss@266.98 loss@181.08 loss@168.59 loss@199.09 loss@226.97,0.2500330806 0.2303612828 0.2275743634 0.03781842813 0.008027205244 0.00616456382 0.005792292301 0.003776827361 0.003223435022 0.003185185138 0.003181539243 0.003103677416 0.002922419226 0.002589191776 0.001900434261 0.001850973 0.001789730159 0.001642879797 0.001613063738 0.001390858321
425,loss@88.06 frag@221.04 loss@282.09 frag@236.09 frag@43.03 frag@257.1 loss@296.04 frag@248.12 frag@323.06 frag@264.09 frag@55.03 loss@124.04 loss@124.02 frag@223.04 frag@221.06 loss@96.02 loss@106.07 frag@151.01 frag@150.02 frag@197.06,0.1766604185 0.0637382865 0.04776033014 0.03619319946 0.03528344631 0.02546203695 0.01490123849 0.0135691762 0.01117839292 0.01064386591 0.01024834625 0.00979439728 0.009774987586 0.009339682758 0.008309326135 0.007793396711 0.006653298158 0.006028990727 0.005307981744 0.005140621215
426,frag@193.1 loss@192.12 loss@268.08 loss@224.14 loss@307.13 loss@294.13 frag@216.09 loss@201.15 loss@282.13 loss@258.12 loss@294.14 loss@241.13 loss@266.04 loss@355.16 loss@246.15 frag@150.09 frag@187.08 frag@181.0 loss@311.14 frag@225.94,0.3617501557 0.08162616938 0.06932942569 0.06386389583 0.06020372361 0.03344153613 0.02220100351 0.02189749293 0.0142236352 0.01347189583 0.007137286942 0.006342370529 0.005520919804 0.00550593948 0.004759843461 0.003932085354 0.003733675461 0.003717473708 0.003588624066 0.003514267039
427,loss@250.12 loss@297.16 frag@229.08 loss@242.03 frag@206.1 frag@255.09 loss@187.13 loss@377.1 frag@212.04 loss@97.03 frag@46.07 frag@330.18 loss@383.14 frag@247.03 frag@152.14 frag@267.06 loss@342.06 frag@260.07 loss@304.17 loss@120.0,0.07971450686 0.03332159668 0.02473222278 0.02080141753 0.01634244993 0.01520859729 0.01029835176 0.009387439117 0.008922427893 0.008547376841 0.00731937727 0.007249096874 0.005657261238 0.005652767606 0.005196996033 0.004994690884 0.004580328241 0.004252466839 0.004148955457 0.004096080549
428,frag@209.06 frag@111.0 loss@170.0 loss@49.99 loss@167.05 loss@144.01 loss@293.04 frag@170.0 loss@159.01 loss@241.16 loss@174.02 frag@293.14 loss@158.02 frag@265.05 frag@174.08 loss@292.06 loss@180.02 frag@204.04 frag@138.03 loss@321.1,0.2320623398 0.1112133488 0.08774196357 0.03986303136 0.03527000174 0.02985927649 0.02804169059 0.02603610046 0.02535975724 0.01372638159 0.009441510774 0.009281015024 0.008763738908 0.008672044612 0.008132341318 0.008039313368 0.007857817225 0.007351724431 0.007328518666 0.007151568308
429,frag@58.06 loss@236.14 loss@276.1 loss@206.13 loss@320.08 loss@324.17 loss@316.15 frag@58.07 loss@290.12 frag@44.05 frag@99.09 loss@299.14 frag@100.08 frag@70.06 loss@262.08 frag@86.1 frag@98.08 loss@213.94 frag@70.03 frag@208.12,0.4015056193 0.173893109 0.1163439676 0.1068371609 0.01960580237 0.0183275342 0.01810385846 0.01097824331 0.008044286631 0.006731556728 0.006332451012 0.00556019228 0.00439777039 0.004147670232 0.004066852853 0.00380386645 0.003583612619 0.003435585182 0.003197527258 0.002861759858
430,frag@120.04 frag@133.08 frag@135.06 frag@121.08 loss@212.07 frag@132.06 loss@215.05 loss@198.08 loss@204.13 loss@278.08 loss@193.04 frag@282.12 loss@180.08 loss@227.11 loss@109.09 frag@131.06 loss@203.07 frag@160.07 loss@197.05 loss@202.11,0.07898256183 0.07067302614 0.03617789224 0.02797352336 0.01528067794 0.01527690049 0.01259977464 0.01241969131 0.01138581336 0.01125017181 0.01092464942 0.01092032343 0.01078692637 0.009941108525 0.009499568492 0.009451203048 0.009399019182 0.008390529081 0.008230950683 0.008187531494
431,frag@79.05 loss@210.13 loss@232.15 loss@186.06 loss@279.1 loss@286.11 loss@211.06 loss@260.14 loss@282.13 loss@265.15 frag@105.07 loss@279.07 loss@301.15 frag@135.08 loss@192.06 loss@213.0 loss@237.14 loss@258.15 loss@231.07 loss@204.12,0.4511612058 0.09586328268 0.06191264465 0.03043814935 0.02925845981 0.02062889934 0.01981891505 0.01224401128 0.01086011715 0.01041079871 0.009025008418 0.008549475111 0.007637374569 0.00745574059 0.00694170408 0.006435167976 0.005714764353 0.005084804259 0.004967199638 0.004956897814
432,loss@215.07 frag@155.04 frag@95.06 loss@223.05 frag@67.03 frag@81.04 loss@200.08 frag@146.96 loss@239.99 frag@128.02 frag@140.04 frag@125.0 loss@223.04 loss@197.06 loss@328.18 loss@241.06 loss@285.13 loss@200.03 frag@127.05 frag@193.01,0.2075607181 0.09585464746 0.07763285935 0.04943935573 0.04555195197 0.03640731052 0.01979635656 0.01780974306 0.01579364575 0.01310888119 0.0123308599 0.0108854128 0.009696113877 0.007831488736 0.007674464025 0.007630457636 0.00751844421 0.007356770802 0.006974354852 0.005974437576
433,frag@94.05 frag@267.11 frag@243.04 loss@271.06 loss@236.11 loss@145.15 loss@166.03 frag@241.13 frag@300.17 loss@311.05 loss@322.17 loss@271.17 loss@238.18 loss@394.07 frag@284.16 loss@250.11 loss@270.15 loss@170.1 loss@80.01 frag@214.07,0.1392623633 0.06405033171 0.04845943674 0.03442664444 0.02333948575 0.01644573361 0.01414537057 0.01247817837 0.01115813386 0.01099644043 0.01095383056 0.01058237627 0.007253882941 0.006969654001 0.006781078409 0.006376900245 0.006174447015 0.005919549149 0.005709031131 0.005441433284
434,frag@193.02 frag@261.09 loss@156.98 loss@229.06 frag@66.05 loss@347.16 frag@252.14 frag@58.96 frag@217.15 frag@208.04 loss@294.01 frag@294.17 frag@275.18 frag@195.15 loss@225.16 loss@378.22 loss@166.14 frag@284.19 loss@252.99 frag@170.04,0.03313260898 0.02424336225 0.01952171326 0.01628697105 0.01615274884 0.01063429844 0.009894810617 0.008967350237 0.008007278666 0.007453418802 0.005651157815 0.005557106342 0.005442568567 0.005423636176 0.005339337513 0.004348283634 0.004143530037 0.004140219651 0.004109705333 0.003894461319
435,frag@91.05 frag@105.07 frag@121.06 frag@119.05 loss@219.11 loss@247.11 frag@109.06 frag@135.08 loss@236.13 loss@219.16 frag@91.06 loss@218.14 loss@255.13 loss@222.11 frag@131.09 frag@161.1 loss@231.06 loss@247.08 loss@246.14 loss@219.09,0.1996414959 0.09672666341 0.06410054862 0.0216472391 0.01829043962 0.01649528556 0.01629220508 0.01520736609 0.01410437562 0.01346429158 0.01268339809 0.01227990165 0.01213033311 0.01212256122 0.01174083538 0.01144951489 0.01129479334 0.0107118031 0.0101494519 0.009494983591
436,loss@216.11 frag@121.08 loss@229.1 frag@96.04 frag@191.12 frag@241.04 frag@147.09 frag@268.14 loss@325.09 frag@176.05 loss@228.11 loss@246.02 loss@271.04 loss@163.14 frag@198.98 frag@153.05 frag@177.1 frag@190.11 frag@134.07 frag@120.06,0.1072251126 0.0929255262 0.07468768954 0.02346533723 0.0159097556 0.01559806056 0.01253241394 0.01141200308 0.01104908343 0.01090737991 0.01089815609 0.009505894035 0.009125961922 0.007937285118 0.007810392417 0.007760358043 0.007317800075 0.007139590103 0.007003788371 0.006529680919
437,loss@242.13 frag@247.11 frag@268.11 loss@338.1 frag@232.08 loss@258.17 frag@321.17 frag@104.07 loss@177.13 loss@228.12 loss@270.16 loss@383.16 frag@246.04 frag@330.15 frag@230.05 loss@171.95 frag@261.08 frag@108.03 frag@409.09 loss@268.14,0.1549196839 0.09728535265 0.09498036653 0.07475084066 0.0537321195 0.04770003632 0.03745262325 0.02803071402 0.01606498286 0.01109957881 0.006385097746 0.005262757186 0.004179630429 0.003633646527 0.003369854996 0.00288855331 0.002754729474 0.002479361836 0.00247869757 0.002434578026
438,loss@191.12 frag@152.03 frag@181.08 frag@200.06 loss@154.04 frag@258.1 frag@154.07 loss@177.07 loss@180.07 frag@154.06 frag@156.07 frag@168.07 loss@185.06 frag@171.07 loss@184.02 frag@157.05 frag@178.04 loss@101.05 frag@141.06 loss@151.04,0.1401927173 0.0940297544 0.03813658655 0.02565964498 0.0249517709 0.02278323472 0.01918913983 0.01591482572 0.0149766244 0.01429796033 0.01262415294 0.01221059356 0.01137346495 0.01067151781 0.008946413174 0.008899115957 0.008465349674 0.007353766356 0.006959097926 0.006953308824
439,frag@250.09 frag@224.08 frag@218.05 loss@86.05 loss@122.08 frag@205.07 frag@79.03 loss@156.15 loss@142.12 loss@216.98 frag@216.06 loss@86.07 loss@82.05 loss@84.03 loss@80.96 loss@240.99 loss@45.99 frag@224.98 loss@88.09 loss@377.17,0.1391576529 0.03848997504 0.02566130459 0.02388937585 0.02361013368 0.02086543664 0.01117115933 0.008672332391 0.008022178896 0.007399602327 0.006907970645 0.00660095457 0.006460206117 0.00583392242 0.005764728878 0.005619445816 0.005549604073 0.005545144435 0.005383484531 0.005071152467
440,frag@139.09 frag@71.06 frag@85.09 loss@278.16 loss@231.14 frag@139.05 loss@261.08 loss@300.14 loss@169.07 loss@249.15 frag@99.06 frag@125.05 loss@262.11 loss@189.14 loss@230.06 frag@128.08 loss@350.16 loss@232.07 loss@196.11 loss@166.02,0.1486693621 0.1363405734 0.03650794551 0.03277741 0.02398300357 0.02053452656 0.01560523454 0.01508060656 0.01366159879 0.0132470727 0.01269107312 0.01151566114 0.00971376989 0.007623378653 0.006578183733 0.006457772572 0.00594960805 0.005847098771 0.005804766901 0.005436961073
441,loss@119.04 frag@130.05 frag@119.04 frag@134.03 frag@222.06 loss@116.06 frag@246.11 frag@166.0 loss@130.03 frag@67.04 frag@247.16 loss@100.05 frag@258.11 frag@485.33 frag@214.05 loss@146.11 frag@300.1 loss@98.08 frag@231.1 loss@126.08,0.4247996509 0.1451279223 0.1202363595 0.1126761809 0.006669679657 0.006644657813 0.004319356289 0.003168114228 0.003034082474 0.002944531152 0.002897141967 0.002816703636 0.00276219775 0.002754298737 0.002752646804 0.002735547256 0.002584366128 0.002557940315 0.00241623586 0.002356179291
442,frag@70.03 frag@114.05 loss@223.11 loss@262.08 loss@263.13 loss@287.15 loss@274.06 loss@264.18 loss@227.1 loss@224.12 loss@233.1 loss@293.14 loss@321.11 loss@276.1 loss@257.0 loss@290.12 loss@214.13 loss@228.15 loss@182.14 loss@245.05,0.3260454237 0.1674587131 0.120811902 0.08849550039 0.05285900086 0.03233514726 0.03220008686 0.01514564361 0.01066855434 0.01024283748 0.004827436525 0.00466509955 0.004312804434 0.004080840852 0.003857605392 0.003185851499 0.003105958225 0.002519850619 0.002443718724 0.00236871629
443,loss@35.04 loss@169.1 frag@143.12 frag@85.04 loss@192.03 frag@130.99 frag@121.07 loss@259.08 loss@149.12 frag@185.03 loss@230.05 loss@210.12 frag@291.08 frag@142.97 frag@166.1 frag@171.04 frag@145.07 frag@253.13 frag@304.17 loss@267.09,0.1141134202 0.08772339672 0.08239150047 0.03917055577 0.02462569438 0.02442517318 0.02406666055 0.01763962023 0.01602708921 0.01193643082 0.01184822619 0.01123669185 0.008882122114 0.008418715559 0.008124668151 0.007912797853 0.005734657869 0.005551874172 0.004948130809 0.004906679504
444,frag@96.04 loss@216.09 frag@120.04 frag@133.08 loss@214.04 loss@221.07 frag@93.03 loss@191.11 loss@251.09 frag@78.03 loss@190.11 frag@121.08 loss@193.09 loss@278.08 loss@262.05 loss@233.08 loss@219.07 loss@320.1 frag@120.06 loss@109.09,0.2251442224 0.0702758953 0.05582572147 0.04783915356 0.03452283889 0.03440894559 0.03234854341 0.03030367568 0.02518447116 0.02458282746 0.01575686969 0.01474514604 0.01223226078 0.009188191965 0.008952633478 0.008465140127 0.008395932615 0.007769686636 0.007693049964 0.007323118392
445,frag@167.05 loss@148.09 frag@153.03 frag@175.12 loss@290.1 loss@189.03 loss@247.09 loss@285.09 loss@248.07 loss@228.09 frag@176.11 loss@294.12 frag@110.02 loss@267.09 frag@147.09 loss@245.09 loss@186.12 frag@202.16 frag@91.02 loss@277.12,0.2505560815 0.07006959617 0.02605464123 0.00813466683 0.008063380606 0.00709797442 0.005825491622 0.0056832009 0.005599831231 0.005248558242 0.004814299289 0.004475825466 0.004428547341 0.004350348376 0.004117329605 0.004015671555 0.003820847953 0.003730959026 0.003686737968 0.003572559217
446,loss@138.05 frag@280.11 frag@223.12 frag@252.1 loss@114.1 loss@301.09 frag@225.08 frag@232.07 frag@281.09 frag@208.1 loss@288.05 frag@238.1 frag@191.09 loss@64.05 loss@139.08 loss@159.15 loss@118.01 loss@103.1 loss@121.07 frag@221.08,0.2955908775 0.1236305833 0.08909924328 0.08010604233 0.03090246022 0.03044930845 0.0230701454 0.02106301859 0.01107772999 0.0104877241 0.009457202628 0.008201833814 0.00645408174 0.006210098043 0.00612543337 0.005732320715 0.005677436944 0.005444738548 0.005406567827 0.004844253417
447,loss@178.08 frag@115.03 loss@199.11 frag@206.06 frag@143.03 frag@321.1 frag@162.03 loss@237.01 loss@211.03 frag@141.0 loss@250.07 frag@148.02 frag@190.05 frag@153.02 loss@206.07 loss@312.08 loss@274.05 frag@163.03 frag@107.01 frag@344.17,0.2792124748 0.2540560663 0.1873837858 0.1410042197 0.0298416689 0.02335792594 0.01415344235 0.007215182297 0.004411372822 0.002175517846 0.002102613449 0.002023794921 0.001835054252 0.001519514713 0.001418952714 0.001297467039 0.001042984542 0.0009343245183 0.0008538499824 0.0006306733121
448,frag@178.07 loss@239.12 loss@244.14 frag@231.02 frag@228.08 loss@270.09 frag@216.07 loss@106.04 loss@227.1 frag@130.04 loss@244.08 frag@151.07 loss@185.04 loss@189.01 loss@177.11 frag@110.02 loss@139.07 frag@172.92 loss@341.15 frag@241.98,0.369923532 0.2515852451 0.2080807686 0.07934910059 0.01473707426 0.00288894563 0.002555844374 0.002173141809 0.001478494029 0.00138004031 0.001284186379 0.001277436153 0.001197036705 0.00114990829 0.001104088849 0.0009803072317 0.0009701963281 0.0008345482638 0.0008244155906 0.0007359817973
449,frag@133.08 frag@120.04 frag@135.06 frag@121.08 loss@255.08 loss@109.09 loss@278.08 loss@207.08 frag@120.06 loss@180.08 frag@191.12 loss@198.08 loss@199.07 loss@190.11 frag@96.04 loss@221.07 loss@176.1 loss@203.11 loss@193.09 loss@268.16,0.0961952582 0.08274364471 0.07499414682 0.07279837132 0.05807464197 0.0321983099 0.02170525305 0.01488306001 0.01378190331 0.01349071693 0.0130481692 0.01217696164 0.01109204069 0.01044530794 0.01028377935 0.01014777739 0.008411903866 0.008169885725 0.006748186424 0.00658310717
450,frag@177.07 loss@170.07 loss@139.05 loss@158.12 loss@208.18 loss@194.02 loss@203.06 loss@191.07 frag@307.1 loss@147.05 loss@174.03 loss@41.03 loss@109.98 loss@127.02 loss@150.03 frag@116.01 loss@137.1 loss@252.01 loss@165.98 loss@163.11,0.4903313816 0.2150125504 0.1544476599 0.09115707129 0.009053496644 0.003360702191 0.00166817545 0.001503449166 0.001365603763 0.0009715869674 0.0009478183929 0.0008685493958 0.0008643203764 0.0007942470838 0.0007519565406 0.0007234946825 0.0007066929247 0.0006314030616 0.000590596348 0.0005725310184
451,loss@272.16 frag@157.06 frag@156.04 frag@85.04 frag@203.05 loss@330.09 frag@130.04 frag@143.12 loss@263.14 frag@246.09 loss@230.05 loss@177.11 loss@171.07 frag@215.03 frag@227.06 frag@130.02 frag@111.05 frag@141.07 loss@179.08 loss@115.02,0.1263093352 0.1095637158 0.0633771196 0.05995511636 0.04994006455 0.02728072181 0.0218902044 0.01759130321 0.01717910729 0.01176294219 0.01136502158 0.009918289259 0.008704644628 0.00855153054 0.007578953635 0.006376047153 0.006323412526 0.005637498572 0.005554945674 0.005361702293
452,frag@151.08 frag@108.06 frag@136.05 loss@193.11 loss@221.12 loss@233.14 loss@189.1 loss@258.14 frag@166.09 loss@245.14 loss@219.08 loss@254.14 loss@188.13 loss@297.11 loss@253.09 loss@232.12 loss@269.16 frag@121.06 loss@306.19 loss@221.14,0.1691243649 0.1412203163 0.1245252788 0.1061988473 0.05675855651 0.03758200631 0.03407506645 0.03347327933 0.02828827128 0.0263872277 0.02286544442 0.01627891697 0.01268765982 0.01216971502 0.01059752051 0.009867524728 0.007067041472 0.005073525012 0.004585963674 0.004427978769
453,frag@105.07 frag@79.05 frag@135.08 loss@200.05 loss@231.07 loss@220.03 frag@147.08 loss@192.06 loss@217.15 frag@123.08 loss@207.09 loss@245.08 frag@133.06 loss@228.06 loss@204.12 loss@288.13 loss@186.06 loss@254.05 loss@167.1 loss@268.09,0.2497802526 0.08081230521 0.03701522574 0.03062405623 0.02671087906 0.02658589371 0.02306311205 0.02029538713 0.01802057773 0.01769894175 0.01630646363 0.01542805415 0.01516001858 0.01298924536 0.01285494491 0.01196805667 0.01168395113 0.01140527427 0.008308598772 0.00818954315
454,loss@190.04 frag@212.07 frag@222.09 loss@77.02 loss@103.01 frag@241.01 frag@209.1 frag@202.04 frag@143.05 loss@117.02 frag@225.06 loss@126.9 frag@246.1 frag@232.05 loss@35.98 loss@166.05 frag@127.02 frag@284.11 loss@462.2 loss@30.01,0.1918837428 0.1443869472 0.09570198506 0.0435711965 0.02550911717 0.02309525758 0.01710426249 0.0160462372 0.01375026815 0.0116730798 0.01067810412 0.009310407564 0.00883642491 0.006832234096 0.00682021305 0.006795807276 0.006229149178 0.00476450799 0.004683201201 0.004680098034
455,frag@135.04 frag@105.03 loss@151.06 frag@163.04 loss@179.06 loss@240.1 frag@117.03 frag@145.03 loss@310.97 frag@125.06 frag@89.04 loss@291.16 loss@292.13 frag@95.05 loss@195.11 loss@286.14 loss@336.08 loss@328.14 frag@107.05 frag@77.04,0.1733548194 0.1283263117 0.05661229044 0.04449386522 0.03749616817 0.02279877663 0.02157422155 0.01842699572 0.01731794886 0.0164071992 0.01498366985 0.01452374551 0.01426857989 0.01389394049 0.0135825444 0.01336281374 0.01177585125 0.01167685911 0.01082666032 0.01071006153
456,frag@151.04 loss@146.07 frag@165.05 loss@176.12 loss@294.1 frag@155.07 loss@539.22 frag@132.1 loss@238.12 loss@208.11 frag@201.95 frag@122.04 frag@191.03 loss@236.1 loss@198.09 loss@348.14 loss@190.13 frag@179.07 loss@419.16 loss@421.16,0.312990278 0.2080302984 0.1083252206 0.1000115499 0.04502451792 0.02852279134 0.02140848897 0.01093928982 0.01030814555 0.005470439792 0.005091367755 0.003538158257 0.002368636429 0.002062543761 0.002005802002 0.001987662399 0.001922874129 0.001758672297 0.001721163047 0.001717447652
457,frag@194.1 frag@271.1 loss@114.1 loss@234.03 frag@230.05 frag@257.08 loss@112.1 loss@132.01 loss@163.12 loss@111.99 frag@236.07 frag@150.03 loss@171.16 loss@270.16 loss@246.12 loss@392.13 loss@146.09 loss@433.13 loss@64.05 frag@200.09,0.2062139958 0.1245440021 0.08716915548 0.02844758704 0.01782499626 0.01112956181 0.007257224061 0.007212830242 0.006736594252 0.006726611406 0.00669789454 0.006628820673 0.006365075707 0.005469687749 0.005062277429 0.004652518313 0.004289404955 0.003999335691 0.003708051983 0.003435456194
458,frag@128.05 frag@104.05 loss@237.08 frag@146.06 frag@77.04 loss@182.05 loss@183.02 loss@197.03 loss@243.09 loss@201.09 loss@210.05 loss@169.03 loss@131.05 frag@129.04 frag@103.05 loss@200.1 loss@316.1 frag@118.06 frag@243.08 frag@117.06,0.1478206515 0.1225850284 0.07496403158 0.02841701545 0.01985066943 0.01809010468 0.01627629064 0.01546017546 0.01384734083 0.01307236869 0.01122063585 0.01104424335 0.01005444955 0.009454004467 0.009177197702 0.009127646685 0.009089980274 0.007737908978 0.007621453609 0.007331906352
459,loss@250.08 frag@176.07 frag@159.09 loss@191.1 frag@221.09 frag@132.08 frag@190.09 loss@250.14 frag@203.08 frag@191.08 frag@158.06 loss@259.13 frag@133.09 frag@253.1 frag@146.06 frag@160.1 loss@289.14 loss@247.09 frag@173.07 frag@130.06,0.09259696305 0.0677331388 0.0668360889 0.04692997411 0.02149675414 0.02089837193 0.02067525685 0.01581332274 0.01406865008 0.01352167781 0.01259539463 0.01131985709 0.01051639207 0.008914104663 0.008198934607 0.008075633086 0.007580631413 0.007536502089 0.007036220282 0.006976651493
460,frag@105.07 loss@242.08 frag@176.11 loss@200.05 frag@135.08 frag@79.05 frag@235.05 frag@133.06 frag@123.08 loss@288.13 frag@147.08 loss@378.12 frag@240.12 loss@249.09 frag@136.11 loss@267.1 loss@191.03 loss@248.09 loss@220.03 loss@231.07,0.185443759 0.08377810568 0.05614485219 0.04766863585 0.03537342697 0.02323020622 0.01771952584 0.01725344732 0.01319511235 0.01244852599 0.01229687408 0.0116615314 0.01122686174 0.01005501673 0.009343359619 0.008880123496 0.008493125439 0.008413163014 0.007688464597 0.007636500988
461,frag@56.01 loss@250.11 frag@176.13 loss@198.12 loss@209.04 loss@180.12 loss@185.09 loss@263.08 loss@304.09 frag@210.06 frag@163.01 frag@99.07 frag@94.07 loss@161.1 frag@112.04 loss@251.16 frag@178.02 loss@167.13 frag@154.05 loss@260.13,0.1405218095 0.0810758397 0.04583469778 0.04115457088 0.03786480427 0.02021625824 0.01813933812 0.01621021889 0.01424693782 0.01229790132 0.01025378425 0.01013603527 0.008941428736 0.008447466418 0.008423881605 0.008363634348 0.007952664047 0.006542560179 0.005714655388 0.005555262789
462,loss@99.11 frag@173.08 frag@245.07 frag@199.05 frag@185.03 loss@161.09 frag@323.13 loss@228.01 loss@192.16 loss@170.14 frag@190.07 loss@170.12 frag@242.07 loss@302.2 frag@194.11 frag@263.08 frag@290.07 loss@206.06 frag@201.1 loss@156.13,0.2111634016 0.09638161957 0.05340423062 0.03230816126 0.02855155058 0.01666486636 0.01426124945 0.0123507455 0.01194685977 0.01081075519 0.01033820119 0.009319711477 0.007150465157 0.007092402782 0.006639323663 0.005719826557 0.005155480932 0.005130118225 0.004869905766 0.004451283254
463,frag@208.09 loss@133.08 loss@214.13 frag@194.1 loss@270.16 frag@217.08 loss@316.13 loss@164.16 loss@146.09 loss@103.03 loss@74.08 loss@119.09 loss@115.09 loss@128.1 loss@161.12 loss@115.1 loss@288.05 loss@252.13 loss@103.1 loss@171.11,0.2680824995 0.119847104 0.06429640204 0.06096631661 0.04724220186 0.03403754905 0.01490721293 0.01249285694 0.01119898446 0.009885915555 0.008193835616 0.008110130206 0.007378022652 0.007281044498 0.006777049508 0.006404594984 0.006208528765 0.005743697751 0.005463005044 0.00494723767
464,loss@300.12 frag@244.09 loss@297.15 loss@143.12 frag@245.1 loss@321.16 frag@230.05 frag@364.16 frag@144.03 loss@108.0 frag@244.04 frag@278.06 frag@284.1 loss@108.98 frag@249.11 frag@80.01 frag@246.1 frag@237.05 frag@193.99 frag@319.15,0.147329852 0.1061826721 0.07200656831 0.02026414499 0.0168826282 0.009423153475 0.007340619806 0.007076066919 0.006298664026 0.005865506362 0.004764862359 0.004394308664 0.00438785553 0.004383226857 0.004341026302 0.004311074503 0.004265244119 0.00394288497 0.003880575532 0.003741131863
465,loss@145.04 loss@132.0 frag@186.08 frag@252.06 loss@265.03 frag@159.97 frag@186.94 loss@114.01 loss@176.05 frag@267.04 frag@195.96 frag@190.16 loss@95.01 frag@128.97 frag@221.99 frag@74.04 frag@181.12 loss@73.0 frag@326.05 loss@198.07,0.1219640449 0.1031919718 0.09369578958 0.0689810738 0.04940516874 0.04655259475 0.03609983623 0.01630686224 0.01316179428 0.008883582428 0.008200565353 0.007030495442 0.006871238817 0.006626406685 0.006406897213 0.006360051688 0.006225811318 0.005662437063 0.005515489727 0.005405665841
466,frag@70.07 loss@210.14 loss@275.11 loss@226.14 loss@309.09 loss@199.0 loss@208.12 loss@105.05 loss@249.03 frag@98.06 loss@163.02 loss@287.14 frag@96.08 loss@238.11 loss@296.02 loss@241.06 loss@291.13 frag@141.1 loss@206.02 frag@154.01,0.4566078186 0.1744870842 0.118496798 0.04263326526 0.02226692624 0.01654466055 0.01584228687 0.01521238033 0.01329908054 0.008348337375 0.007603996433 0.00545759825 0.005375831388 0.004010610282 0.003936198074 0.003440823639 0.002680682344 0.002611006144 0.002257963642 0.00204996136
467,frag@105.07 loss@212.04 loss@217.03 frag@102.04 loss@239.06 frag@91.05 frag@147.08 frag@135.08 loss@182.04 frag@91.06 frag@129.07 loss@242.08 loss@199.06 frag@123.08 frag@131.09 frag@109.06 loss@238.05 frag@240.12 loss@167.1 loss@229.07,0.1693466008 0.06775191426 0.05350057781 0.04552180693 0.03645577654 0.03604143113 0.02725863457 0.02440076321 0.02044125646 0.02036637999 0.01827299222 0.01765247993 0.01614592411 0.01600094512 0.01487874985 0.01483423356 0.01289590076 0.01168923918 0.01020495128 0.009611482732
468,frag@53.04 loss@114.03 loss@179.12 loss@279.08 loss@202.02 loss@281.07 loss@176.01 loss@153.04 frag@81.03 loss@39.01 loss@147.0 loss@98.02 loss@256.97 loss@254.04 loss@139.04 loss@273.06 loss@69.02 loss@346.1 loss@279.13 loss@197.09,0.4732843339 0.1509014815 0.08058861643 0.05456524342 0.03484590352 0.0336833559 0.03156097233 0.01535658445 0.01522531081 0.01197555102 0.008131613024 0.005811390467 0.005470506381 0.002928921953 0.002922340063 0.002902381355 0.002469581552 0.002366578439 0.00219278899 0.002106047235
469,loss@248.08 frag@130.01 frag@84.04 loss@265.07 loss@301.1 frag@56.01 frag@112.04 frag@165.1 frag@166.05 frag@94.07 frag@173.04 loss@230.15 frag@190.11 frag@176.09 frag@138.04 loss@261.06 loss@277.07 frag@209.04 loss@302.05 loss@197.06,0.3278039694 0.2254465222 0.06477515399 0.02773861773 0.01803508215 0.0115347011 0.009862643667 0.008787817322 0.008591512218 0.00633842824 0.006254560314 0.005566823762 0.005397638306 0.005164105911 0.004966220353 0.004738020245 0.004551137332 0.00442364905 0.004333115648 0.004182584584
470,loss@97.06 frag@267.1 frag@214.05 frag@130.05 frag@235.07 loss@211.02 frag@234.12 loss@140.11 frag@270.1 frag@201.06 loss@86.08 loss@74.06 frag@250.06 loss@131.13 loss@42.05 loss@43.04 loss@91.1 frag@252.12 loss@132.1 loss@98.08,0.06338943541 0.05096695945 0.05090759695 0.03483721986 0.03062493168 0.02675516158 0.02054163255 0.01867430098 0.01619296335 0.01490076631 0.01377531979 0.01129597612 0.01122537721 0.01113311481 0.01020681672 0.009940041229 0.009889794514 0.009547973983 0.009484509937 0.008933160454
471,frag@251.12 loss@198.13 loss@264.14 loss@248.14 frag@231.07 loss@195.11 loss@250.07 loss@289.08 frag@119.08 frag@152.97 frag@196.12 frag@299.03 frag@178.11 loss@326.17 frag@131.1 loss@282.1 loss@232.14 frag@136.94 frag@71.01 frag@268.02,0.07530862093 0.07266968489 0.07219168544 0.07156775147 0.04391808435 0.04187600315 0.01587419026 0.01579769701 0.01387171261 0.009837971069 0.009331350215 0.008268080652 0.008110017516 0.006892781239 0.005818125326 0.00542336842 0.005323616788 0.004642521963 0.004618494306 0.004410256632
472,frag@166.04 loss@155.11 frag@194.04 loss@128.09 loss@129.1 frag@202.03 loss@279.17 loss@57.06 loss@57.07 frag@208.02 loss@85.09 loss@172.01 loss@145.02 loss@100.1 loss@125.1 loss@76.02 loss@96.07 loss@181.15 loss@114.08 loss@88.05,0.2662704587 0.2185070515 0.2050119936 0.1766989529 0.02177771553 0.008797552437 0.006015775725 0.005523861852 0.005112339277 0.005044917576 0.004109106027 0.003444614355 0.002763233846 0.002702066908 0.001902594347 0.001550710876 0.001531506306 0.001295829192 0.001221562503 0.001221475191
473,frag@234.06 frag@222.09 loss@140.13 frag@58.96 frag@260.06 loss@332.1 loss@288.05 frag@230.04 frag@195.09 loss@282.16 loss@115.0 loss@117.09 loss@374.28 frag@223.12 frag@223.07 loss@71.99 frag@138.08 loss@198.02 frag@193.09 frag@251.13,0.1412186027 0.04965581 0.03329841793 0.01460773591 0.01337067131 0.01226315182 0.01182132773 0.01153539959 0.01036625262 0.008519635536 0.007662851363 0.007474812213 0.007395912893 0.006253830157 0.005324580707 0.004730843008 0.00460996991 0.004603732843 0.004544142634 0.004407758359
474,loss@178.09 frag@218.14 frag@141.07 frag@209.02 frag@144.05 frag@115.05 frag@164.03 frag@142.07 frag@103.03 frag@163.02 loss@174.06 frag@128.06 frag@144.08 frag@155.06 frag@225.14 frag@128.04 frag@75.03 frag@145.06 frag@123.05 frag@306.11,0.4750155807 0.132151559 0.1211638898 0.0882390216 0.02676360123 0.008653450757 0.008240487427 0.006802459247 0.00545290811 0.005019877106 0.004771053325 0.004312285222 0.004230995663 0.00373333483 0.003429728793 0.003386995289 0.002868026961 0.002825711854 0.002750298241 0.002691896632
475,frag@173.54 frag@173.55 loss@120.09 loss@257.01 loss@322.11 loss@336.15 loss@264.17 loss@326.14 loss@338.08 loss@189.15 loss@339.07 loss@307.12 loss@239.17 loss@268.06 loss@298.17 loss@273.12 loss@213.02 loss@293.05 loss@253.0 loss@334.07,0.3116011322 0.147925362 0.1044019759 0.07398691028 0.03428755328 0.02706007473 0.01229242887 0.01205823664 0.01077560708 0.009598786011 0.008500031196 0.008407671936 0.008214804344 0.007547103334 0.007346265018 0.007178826723 0.00633536512 0.005507978611 0.005234790035 0.004877537023
476,frag@72.94 loss@156.1 frag@83.01 loss@240.16 loss@94.12 frag@90.95 loss@231.16 loss@130.0 loss@46.03 frag@71.93 loss@213.16 loss@186.96 frag@153.14 frag@89.02 frag@264.03 frag@116.97 loss@271.16 loss@421.19 frag@233.12 loss@301.16,0.2091338634 0.1136216819 0.04247572273 0.02946727164 0.02937165648 0.02801194414 0.02729277499 0.02376222052 0.01950526796 0.01874235831 0.01645028964 0.01361757144 0.01063905191 0.01052795723 0.009847606532 0.00819087401 0.007330131251 0.007021654397 0.0047049555 0.0041335891
477,frag@156.04 frag@238.05 loss@244.16 loss@127.05 frag@223.03 loss@140.13 frag@143.12 frag@195.98 frag@238.02 frag@85.04 loss@225.12 loss@309.18 loss@192.03 loss@182.01 frag@171.02 loss@159.07 loss@230.05 loss@150.09 frag@208.96 frag@181.11,0.07477968186 0.05960335955 0.05710112676 0.03059010021 0.02777508087 0.0258338172 0.01874882355 0.01833586209 0.01720150746 0.01560367923 0.009489475749 0.009388736449 0.008978193626 0.007824742235 0.006987797096 0.006079241168 0.006072302815 0.006024171133 0.00567969773 0.005507501308
478,frag@121.07 loss@236.14 loss@206.13 frag@184.01 loss@316.15 frag@58.06 loss@249.1 loss@276.14 frag@44.05 loss@324.17 loss@284.13 frag@70.06 loss@208.09 frag@43.04 frag@74.06 loss@320.08 loss@282.15 frag@98.08 frag@215.06 loss@300.15,0.1914495081 0.1157859564 0.07868186384 0.03670355305 0.02777543291 0.02660593577 0.02638608217 0.02595424466 0.02336214669 0.01960044913 0.01868498139 0.0154701639 0.01453297399 0.0117659606 0.01163843554 0.0107148299 0.008526653983 0.007871032692 0.007038793527 0.006413175259
479,frag@242.09 loss@271.07 frag@163.1 loss@325.08 loss@233.1 loss@150.09 loss@280.13 frag@200.12 frag@175.1 loss@165.1 frag@176.09 frag@315.1 frag@95.07 frag@207.08 loss@147.06 loss@190.09 frag@100.1 loss@204.11 frag@136.09 loss@233.16,0.1634290516 0.06255442649 0.04587134346 0.01739555411 0.01379354764 0.01367458142 0.01178741641 0.01168744173 0.009397196583 0.007677800488 0.005840207916 0.005757710896 0.005037880503 0.004765407182 0.004617396276 0.004136604257 0.004029345699 0.003987313714 0.003851184389 0.00384702161
480,frag@178.1 loss@155.12 loss@176.08 frag@159.08 frag@202.03 loss@188.12 loss@268.17 loss@47.0 frag@211.01 loss@64.03 loss@173.12 frag@194.08 loss@218.04 frag@336.17 loss@158.08 frag@203.09 frag@233.14 frag@323.13 frag@237.0 loss@192.03,0.1650712043 0.04061990231 0.03697581217 0.03319248185 0.03061508387 0.02868687734 0.01691539958 0.01545986161 0.01275554858 0.009449441917 0.009340541437 0.008396428078 0.008191199973 0.00792673137 0.007782121655 0.0074717924 0.007299115416 0.006648782641 0.006289432291 0.006139046047
481,frag@214.1 frag@216.08 loss@137.07 loss@139.08 frag@240.11 loss@126.05 frag@233.11 frag@196.1 loss@111.04 loss@196.02 frag@204.11 loss@198.02 loss@197.03 loss@176.99 loss@271.18 loss@182.09 loss@154.12 loss@160.07 loss@219.08 frag@183.94,0.1628763825 0.1049912497 0.08523355424 0.07594056427 0.0711311996 0.06592453271 0.04786803573 0.04384218156 0.04158620909 0.03836486861 0.02857071906 0.02184661664 0.01815798692 0.01735297963 0.01077150553 0.009695477784 0.009113288485 0.006591324229 0.006528589409 0.003334321082
482,frag@169.03 loss@121.1 frag@87.5 frag@182.02 frag@227.06 loss@134.0 loss@115.02 frag@140.05 loss@341.21 frag@102.01 frag@85.04 frag@74.04 loss@216.94 frag@181.12 loss@198.09 loss@206.1 loss@233.98 loss@358.2 loss@92.0 loss@225.12,0.07056609541 0.06339684129 0.03793961555 0.0250311587 0.02295450866 0.0193186868 0.017939087 0.01683706231 0.0145653598 0.01068683714 0.009795351885 0.009046261199 0.008966656402 0.00587545475 0.005636032205 0.005519978702 0.005335162394 0.005010773893 0.004963233601 0.004945864435
483,frag@134.05 loss@175.09 frag@109.04 frag@207.08 loss@151.08 loss@267.07 frag@111.06 loss@238.07 frag@111.02 frag@349.07 loss@229.13 loss@155.05 frag@258.12 loss@212.08 frag@127.06 loss@225.09 loss@216.07 frag@209.11 loss@290.07 loss@281.12,0.1220817938 0.09749076515 0.04489694908 0.04075220227 0.03307013214 0.02898831479 0.02637435868 0.02417769469 0.02357830293 0.02286045998 0.01829904504 0.01694856212 0.01570827328 0.01566465013 0.01461908966 0.01248873491 0.0120367175 0.01170330402 0.009975734167 0.009156038053
484,frag@191.11 loss@239.14 loss@253.18 loss@288.07 frag@183.06 frag@233.08 frag@202.1 loss@271.08 frag@186.02 frag@203.04 frag@228.12 frag@247.13 loss@140.12 loss@159.13 loss@166.15 loss@177.13 loss@253.07 frag@269.13 frag@202.06 loss@192.15,0.2818565071 0.1244867295 0.07797256857 0.0722906217 0.03278730437 0.02668470703 0.02239166945 0.01276981551 0.0113999024 0.008552060463 0.008351458237 0.007136101834 0.007116120309 0.00698985206 0.006839226 0.006323977374 0.006225303747 0.005925867707 0.005487094633 0.005459064618
485,frag@169.03 frag@140.05 frag@186.08 loss@259.08 frag@162.98 frag@87.5 loss@225.12 loss@198.07 frag@85.04 loss@341.21 loss@216.14 loss@134.1 loss@134.0 loss@358.2 frag@182.02 frag@102.01 frag@227.06 loss@283.09 loss@115.02 loss@249.08,0.07109197974 0.03613178059 0.02908649296 0.02709111199 0.02336329781 0.01903353818 0.0189398434 0.01814082079 0.01550225168 0.01515765581 0.01176126208 0.01048116386 0.009365876205 0.009176782332 0.009098488837 0.008542007767 0.008374393918 0.007482667454 0.007371557876 0.006855980027
486,frag@57.06 loss@250.09 loss@243.08 frag@195.11 frag@100.04 loss@292.09 loss@329.09 frag@194.13 loss@314.11 frag@86.08 frag@206.13 loss@199.0 frag@240.1 frag@98.08 frag@97.09 frag@83.07 frag@60.04 loss@328.09 loss@267.04 loss@355.16,0.1745565087 0.06216037273 0.05650150776 0.03998403624 0.0367388241 0.02663269639 0.01566351391 0.01553680375 0.01427563094 0.01112417318 0.01048933342 0.009941752069 0.008838971145 0.008646766655 0.008284271695 0.007581296843 0.006890326273 0.006586109754 0.006320127286 0.006140721496
487,loss@283.11 frag@204.09 loss@288.14 frag@239.11 frag@60.06 loss@327.1 frag@183.03 loss@383.14 frag@199.08 loss@244.18 frag@251.13 frag@185.06 frag@338.11 frag@270.12 frag@235.1 frag@250.11 loss@478.29 frag@263.07 loss@163.12 loss@303.17,0.1690417826 0.1348933578 0.1302787662 0.05937869847 0.04654734954 0.042389974 0.03326944262 0.02657132968 0.009252469055 0.009154213592 0.008137888275 0.007710876875 0.007632184774 0.005591750145 0.00530511979 0.005142266396 0.004869816825 0.004697624594 0.004012431949 0.003796185134
488,frag@82.03 frag@173.95 loss@264.07 loss@229.04 loss@239.07 frag@99.06 loss@222.07 frag@125.08 frag@211.02 loss@140.07 frag@123.06 loss@272.13 loss@242.1 loss@193.09 loss@235.12 loss@261.14 loss@179.09 loss@188.08 loss@300.05 frag@170.03,0.3102078438 0.06435509771 0.03382854909 0.03150492162 0.02955388464 0.02309783548 0.01974726655 0.01258093491 0.009637952782 0.009286080487 0.008709457703 0.008632578887 0.007976060733 0.006742186844 0.005967529491 0.005446125288 0.005084636621 0.004451687448 0.004413090646 0.004063908476
489,loss@106.08 loss@161.11 frag@158.05 loss@254.06 frag@195.09 frag@158.08 frag@201.07 frag@136.03 frag@176.07 frag@260.09 frag@142.06 frag@186.1 loss@261.03 frag@145.04 loss@175.02 loss@140.04 loss@177.06 frag@130.06 loss@88.04 frag@144.07,0.1408081353 0.0878887102 0.06408511102 0.05635315552 0.03681046143 0.02540593967 0.01885497198 0.01571931131 0.01559015643 0.01546461508 0.01330519188 0.01227170322 0.01145934593 0.01145880483 0.01099390257 0.01037472673 0.01036635879 0.009240844287 0.008231014013 0.008115317672
490,frag@227.04 frag@269.1 loss@327.16 loss@272.02 frag@120.09 loss@353.15 loss@314.07 frag@119.08 loss@206.01 frag@130.99 frag@183.1 frag@230.05 frag@218.06 loss@276.09 loss@255.02 loss@257.04 frag@241.02 loss@230.1 frag@297.07 frag@246.07,0.04385251179 0.0422312282 0.02962706424 0.02959162556 0.02024926245 0.01455919631 0.01323650312 0.01310508884 0.01250432525 0.01207298413 0.01141718123 0.01060969755 0.01058895513 0.009882693179 0.009750459343 0.009444558993 0.009239674546 0.009093559347 0.008100883104 0.007640143856
491,frag@223.03 loss@207.04 loss@212.1 frag@161.04 loss@127.05 frag@240.06 frag@235.05 loss@198.96 loss@294.11 loss@150.02 loss@116.03 frag@207.98 loss@168.05 frag@154.06 frag@203.12 loss@316.09 loss@226.04 frag@260.07 frag@142.07 frag@195.04,0.08251810074 0.0564224124 0.05018274859 0.04778236896 0.03082140163 0.0242631007 0.02210594341 0.01417679526 0.01383224875 0.01342618745 0.01290735602 0.01163134165 0.01035890635 0.01033598837 0.009858474135 0.009640694596 0.009448772296 0.009399094619 0.007736580912 0.007543236483
492,frag@69.04 loss@207.05 loss@153.05 loss@192.02 loss@242.11 loss@204.02 loss@193.05 loss@202.02 loss@145.06 loss@247.05 loss@200.02 loss@266.06 loss@201.01 loss@185.09 loss@253.07 loss@506.16 loss@330.06 loss@166.03 loss@192.09 loss@259.09,0.4909628034 0.1951641291 0.1794044822 0.0122894058 0.01014742255 0.009932484478 0.007929719985 0.006889847107 0.006225170568 0.003112824168 0.002285550116 0.002281930298 0.002239068272 0.002154463669 0.001712844707 0.001520403544 0.001385337673 0.001108380035 0.001104818308 0.0009744242416
493,frag@98.06 loss@183.13 loss@197.14 frag@55.05 loss@169.15 loss@83.07 frag@128.07 frag@140.07 loss@131.13 loss@155.17 loss@249.03 loss@195.16 loss@155.13 loss@231.15 loss@342.21 frag@184.99 frag@273.17 loss@227.99 loss@87.1 loss@125.12,0.30617854 0.1105111614 0.09460943937 0.08984505385 0.0599109605 0.04316945374 0.03588680178 0.027499469 0.0239594616 0.02266312763 0.01140404213 0.007911864668 0.00633872766 0.006337590981 0.005215925165 0.00480246637 0.004671706818 0.004334326833 0.004260282032 0.004229402635
494,frag@95.07 loss@280.13 loss@242.15 frag@122.03 frag@166.05 frag@155.04 loss@245.05 frag@179.12 frag@70.03 frag@220.02 loss@261.12 loss@160.96 loss@281.12 loss@208.12 loss@265.04 loss@279.13 frag@220.12 frag@55.02 loss@268.12 frag@110.07,0.07495174557 0.05904607102 0.0554779619 0.03107841313 0.02106767893 0.01638610102 0.0156526342 0.01288308203 0.01122103352 0.0107047502 0.006252220366 0.005668841768 0.005348133855 0.00498095993 0.004954878706 0.00483319629 0.004758483265 0.004683512263 0.00466545485 0.004518308677
495,loss@123.04 loss@86.0 frag@265.1 frag@237.08 frag@283.09 frag@197.04 frag@250.11 frag@255.09 frag@184.07 loss@77.06 frag@97.05 frag@196.02 frag@152.95 loss@97.03 frag@179.01 loss@79.93 frag@318.17 frag@198.02 frag@253.08 loss@76.01,0.1961819082 0.1114864945 0.05449007079 0.05316860229 0.04852376133 0.04528414831 0.031569805 0.02901960537 0.02855482697 0.02666251175 0.02637114562 0.02438453212 0.01878462918 0.01751836762 0.01316168346 0.01270189323 0.01116644777 0.00890686363 0.00818475429 0.006537600886
496,frag@72.08 loss@317.13 loss@277.05 loss@165.03 frag@268.1 loss@337.11 frag@211.12 frag@99.09 frag@173.55 loss@276.07 frag@163.11 loss@329.16 loss@206.13 frag@151.07 loss@270.09 frag@74.06 frag@216.07 frag@58.06 loss@316.15 loss@234.05,0.1960840672 0.1129210442 0.1078512818 0.05263299122 0.05179108307 0.04739411548 0.01520720497 0.01302366052 0.01280449331 0.01189203281 0.01121608447 0.01076304168 0.01063784026 0.01037297491 0.009841068648 0.008974331431 0.008230959065 0.006285602227 0.006170882378 0.005782055669
497,frag@147.06 loss@206.06 loss@178.06 loss@224.05 frag@172.04 loss@269.02 frag@168.05 frag@101.06 frag@146.01 frag@125.01 loss@198.08 loss@260.06 loss@291.1 frag@282.12 loss@190.09 frag@191.08 frag@144.04 frag@108.01 frag@179.06 frag@244.05,0.1019071713 0.03590336069 0.03077007458 0.02888423391 0.02723799646 0.01958235353 0.01412581932 0.01391720772 0.01337580476 0.0131497588 0.01285255328 0.01213603374 0.0110281175 0.009893326089 0.009151982144 0.008255405352 0.007761221379 0.007755598053 0.006899386644 0.006514043082
498,frag@152.08 frag@156.03 frag@92.04 frag@111.03 loss@261.08 loss@199.13 loss@198.03 loss@237.08 frag@208.03 frag@311.18 frag@119.06 loss@225.05 loss@189.11 loss@214.09 frag@147.1 frag@84.99 frag@163.02 loss@275.08 loss@232.06 loss@210.06,0.08165369183 0.04674278945 0.03909027576 0.03273433447 0.02547171526 0.02267691121 0.01668566838 0.01611046866 0.0157680437 0.01045708545 0.008576207794 0.008570031263 0.007619385142 0.007296641357 0.006983913481 0.006826127414 0.006249900907 0.00600554049 0.005964996293 0.005681345705
499,frag@235.08 loss@147.13 loss@22.0 frag@206.05 loss@228.01 loss@186.17 frag@301.08 loss@115.09 frag@220.08 loss@230.18 frag@283.15 loss@359.11 frag@236.06 frag@145.02 loss@119.11 loss@109.13 frag@103.03 frag@229.04 loss@337.09 loss@298.15,0.1346450001 0.02766542323 0.02420361713 0.01988005452 0.01871563122 0.01465085056 0.01320421696 0.01196550205 0.009739048779 0.009689487517 0.009130571969 0.008653198369 0.00842483528 0.008333134465 0.007536507212 0.005989061669 0.005795083474 0.005232511554 0.005114471074 0.00480929995
500,frag@78.01 loss@46.01 loss@74.04 loss@43.99 loss@87.03 frag@171.07 loss@60.02 loss@45.0 frag@186.05 loss@59.01 frag@152.03 frag@156.01 frag@107.03 frag@68.01 frag@62.99 frag@90.03 loss@73.02 loss@72.02 loss@27.99 frag@164.03,0.03178597242 0.02482805215 0.01774199866 0.01594203152 0.01449406799 0.01373613626 0.01312109921 0.01265823655 0.01171417721 0.01156746503 0.01082519349 0.01048437506 0.01032603439 0.009905782528 0.009804593399 0.009749422781 0.009429320693 0.008889999241 0.008831868879 0.00871259626
501,frag@137.01 loss@181.05 loss@104.04 loss@259.07 loss@117.03 frag@214.04 loss@170.18 frag@122.05 frag@138.08 loss@216.0 frag@218.11 frag@89.06 frag@253.06 loss@137.99 loss@116.12 frag@144.03 frag@230.03 frag@199.07 loss@124.13 loss@110.09,0.4074178934 0.2165687829 0.09963032603 0.07110662758 0.03362816945 0.01176438574 0.007201967295 0.004544706549 0.003438591957 0.002095844131 0.001794960932 0.001748918439 0.001734810183 0.001685938099 0.001604567282 0.00155102287 0.001537097269 0.001519608311 0.001465422334 0.001462003682
502,frag@176.08 loss@212.08 loss@238.04 loss@181.08 loss@135.01 loss@245.0 loss@204.04 loss@163.04 loss@273.09 loss@241.05 loss@161.11 loss@316.11 loss@224.03 loss@285.17 frag@59.03 loss@242.13 loss@186.08 loss@192.11 loss@172.06 frag@218.1,0.4746702909 0.1473614275 0.1306866556 0.07000719011 0.06510978192 0.01342276763 0.004265284631 0.004248072393 0.004085459746 0.003328685183 0.003285067389 0.002867459785 0.002437553369 0.002418639371 0.002095613163 0.001771562733 0.001739257015 0.001506697969 0.001347159385 0.001294497168
503,frag@175.12 frag@153.03 frag@74.93 frag@176.07 loss@259.13 loss@250.14 loss@267.09 frag@110.02 loss@291.1 frag@323.08 loss@250.08 frag@244.05 frag@243.06 frag@131.08 frag@161.11 frag@279.09 frag@138.09 frag@210.12 loss@287.07 loss@227.15,0.05888851732 0.03488476947 0.0278709773 0.02372846194 0.02366951294 0.02264288813 0.02153814584 0.01670426317 0.01388497557 0.01348154712 0.01060749963 0.008944918402 0.008298345841 0.008089734241 0.007686309982 0.007209280506 0.006964615081 0.006669828668 0.006413686089 0.006169775967
504,loss@96.03 loss@180.04 frag@204.08 frag@209.08 frag@168.06 loss@129.11 loss@200.11 loss@110.02 frag@107.01 loss@122.05 loss@108.03 loss@89.02 loss@150.03 loss@162.03 loss@121.05 loss@149.04 loss@87.01 loss@122.04 loss@91.04 frag@148.05,0.1870544106 0.1842468083 0.1717399508 0.1562761813 0.1498082578 0.04341518134 0.01573110558 0.00495203305 0.003950578161 0.003643563017 0.003426638432 0.003067886457 0.002816660795 0.002525962889 0.002492932603 0.001972280908 0.001788279507 0.001774779288 0.001741698943 0.001376401982
505,frag@126.01 frag@182.07 loss@142.03 frag@74.1 loss@208.0 loss@80.99 loss@259.15 loss@327.09 loss@317.16 loss@395.14 loss@223.16 frag@103.03 loss@142.07 frag@99.0 loss@222.04 loss@377.15 loss@161.0 frag@234.03 loss@179.98 loss@167.03,0.2000957578 0.1743143797 0.1258729696 0.0780922994 0.06218886748 0.04645500705 0.02888285927 0.02519633062 0.02125153877 0.0174138993 0.01039050333 0.004428839311 0.004015450366 0.00373421493 0.003356407396 0.003295047209 0.003267447231 0.002890226664 0.002796784975 0.002563030226
506,frag@211.11 loss@286.12 loss@294.11 loss@336.16 loss@313.14 loss@299.09 frag@195.1 loss@270.08 loss@271.02 frag@193.07 frag@191.05 frag@220.02 loss@276.09 frag@204.95 loss@201.17 loss@292.0 loss@321.1 loss@333.05 loss@286.05 loss@274.02,0.338054657 0.06469150633 0.06162277982 0.0556390062 0.05359034613 0.02492351085 0.01919236034 0.01682974212 0.01415279042 0.01195608173 0.01121266 0.009772527032 0.009282086045 0.007436098997 0.006156882271 0.00557319168 0.005560513586 0.005124305375 0.004070021212 0.003823511302
507,loss@139.07 frag@143.01 frag@157.01 frag@215.08 loss@272.08 loss@167.03 loss@280.06 frag@182.96 frag@169.96 loss@111.08 loss@213.97 frag@69.01 loss@244.08 frag@207.07 loss@69.03 loss@166.09 frag@254.15 loss@183.14 loss@238.99 loss@333.13,0.1971217543 0.1435320973 0.1249604672 0.1094328165 0.06487689912 0.05978757888 0.04418759048 0.02028203197 0.01890233532 0.0152123319 0.01488183532 0.01327406056 0.008081150241 0.005696539301 0.005226338282 0.004635761958 0.004366517998 0.004269132856 0.003181297099 0.003093052655
508,loss@133.05 loss@152.05 frag@278.09 frag@211.05 frag@291.09 frag@273.11 frag@321.12 frag@247.06 frag@214.98 frag@173.02 frag@287.05 frag@210.09 frag@230.08 frag@229.11 frag@247.13 frag@161.99 frag@170.98 frag@180.07 frag@276.08 loss@124.05,0.2805591524 0.1959431171 0.1164991781 0.07764731348 0.03578279167 0.03569288179 0.0126450276 0.01097362582 0.008697939105 0.008642936125 0.008498931304 0.008325411938 0.005517211743 0.005378006957 0.00528487796 0.004766313825 0.00419745734 0.00302200648 0.002958450001 0.002805794822
509,loss@250.12 loss@225.15 frag@166.12 frag@169.13 frag@338.11 frag@100.04 loss@251.16 frag@196.17 loss@285.16 loss@187.13 frag@259.17 frag@206.1 frag@311.11 frag@81.08 loss@197.13 loss@175.16 frag@133.95 loss@311.11 frag@295.03 loss@176.15,0.02654257976 0.00854501687 0.008372957818 0.008107790723 0.007973045111 0.007049547508 0.006649055053 0.005655359477 0.005459332373 0.005034113303 0.004911849741 0.004286320414 0.004247018136 0.004110341426 0.003648496466 0.00357329729 0.003542244667 0.003514290322 0.003451425117 0.00343745877
510,frag@227.03 frag@227.13 frag@279.09 loss@41.03 loss@309.18 loss@301.06 frag@188.97 frag@174.96 loss@287.07 frag@226.02 loss@1.01 frag@138.06 frag@161.05 loss@259.03 loss@277.13 loss@273.05 frag@346.13 frag@160.97 loss@233.99 loss@355.12,0.09580208361 0.06995947659 0.05035432428 0.02355992608 0.02019567974 0.01787222363 0.01606735587 0.01395255979 0.01319656242 0.01265134569 0.01179419924 0.01008904353 0.008702409454 0.007895365357 0.00705338642 0.006842800882 0.006314759608 0.005904061254 0.005230156705 0.004962373991
511,frag@42.03 loss@183.04 loss@206.05 loss@222.02 frag@54.03 loss@282.08 frag@68.05 loss@157.04 loss@307.17 loss@139.01 loss@130.09 loss@235.07 loss@238.03 loss@221.04 loss@299.13 loss@302.11 loss@196.08 loss@198.01 loss@259.03 loss@346.08,0.4388159811 0.08617263287 0.06235354394 0.0310171172 0.01999461092 0.01172337215 0.01150528621 0.008812319487 0.008082453161 0.007592971902 0.006821332499 0.006399969105 0.005933454726 0.005720543209 0.005340320989 0.005148820579 0.00478377426 0.004363055341 0.004273568746 0.003915010486
512,frag@164.02 frag@75.0 loss@219.0 frag@275.12 frag@269.1 frag@188.04 frag@191.03 frag@270.11 loss@204.16 frag@224.14 frag@201.09 loss@157.13 frag@267.09 loss@223.02 frag@288.04 frag@275.1 loss@170.04 loss@154.06 loss@334.08 frag@195.99,0.06693630666 0.06592155993 0.03065851703 0.0264756009 0.02450386994 0.01965504326 0.01547033712 0.01526910439 0.01429246645 0.01344370842 0.01200412028 0.01103351917 0.009582346305 0.008390873671 0.008348725736 0.007908553816 0.007459738292 0.006858476903 0.006672672927 0.006650499534
513,loss@161.08 frag@175.09 loss@130.15 frag@329.08 frag@146.06 frag@128.05 loss@208.07 loss@164.03 frag@285.1 loss@197.03 frag@134.06 loss@188.06 loss@183.02 frag@218.09 frag@308.14 loss@177.12 frag@130.06 loss@108.06 frag@104.05 loss@199.07,0.4725768268 0.4710975587 0.009389255196 0.008015831932 0.004525875673 0.002301472705 0.001677663065 0.001551146735 0.001297142706 0.001231324975 0.001165575697 0.001018499723 0.001016768278 0.0009943016339 0.0009684069082 0.0008732851129 0.0006866967888 0.0006857644767 0.0006022456218 0.0005697584129
514,loss@192.08 frag@128.05 frag@118.06 frag@116.05 frag@147.06 frag@172.04 loss@201.09 loss@267.09 frag@129.04 loss@224.05 frag@146.06 loss@148.11 frag@182.03 frag@132.08 frag@192.01 frag@157.08 loss@234.07 frag@130.06 frag@117.06 loss@210.05,0.09575324506 0.06111284345 0.03111821786 0.02139962092 0.02067670226 0.01906866208 0.01791367121 0.01514226012 0.01431520469 0.01431222353 0.01308590546 0.01164891291 0.01125331223 0.01090765744 0.009996388108 0.009393344633 0.008189556189 0.007318655495 0.006695582066 0.006688540336
515,frag@155.06 frag@155.05 loss@159.07 loss@143.07 frag@145.06 loss@171.07 loss@168.05 loss@176.11 loss@248.1 loss@165.0 loss@207.04 loss@154.04 loss@177.05 loss@230.05 loss@172.05 loss@212.1 loss@314.12 loss@244.1 loss@158.04 loss@167.07,0.3267525434 0.1164341196 0.08940280229 0.05949873105 0.05373679474 0.04488193989 0.03380231187 0.0320314765 0.02704022452 0.0189488139 0.01818472147 0.01143950969 0.009381407872 0.008715818636 0.007859965786 0.004680375103 0.004325041082 0.004210130777 0.003727508476 0.00344562321
516,frag@165.07 loss@226.11 frag@136.04 frag@139.05 loss@249.1 frag@167.09 loss@214.13 frag@98.02 loss@151.1 loss@181.09 loss@254.11 frag@166.08 loss@183.08 loss@222.1 frag@71.06 loss@175.11 frag@111.06 loss@198.12 loss@153.09 frag@154.05,0.09154433012 0.08198688179 0.07212728262 0.03213744238 0.03132553399 0.0271600429 0.01865977235 0.01606151275 0.01360924728 0.01322072279 0.01229075622 0.01201260742 0.01181556657 0.01164721418 0.008444650099 0.008338093758 0.007671204861 0.006767247338 0.005796138197 0.005767297
517,frag@67.02 loss@221.08 frag@120.07 loss@232.06 loss@237.08 frag@156.03 frag@208.07 loss@140.03 frag@190.02 frag@111.03 loss@279.05 frag@121.01 frag@119.06 loss@233.08 frag@184.02 frag@97.01 frag@97.04 frag@105.06 loss@235.04 loss@212.07,0.09872995317 0.08370817453 0.08105859905 0.05980819091 0.05249585956 0.05060105398 0.04574699327 0.04003482312 0.03596620634 0.02536392957 0.01247065607 0.01133641135 0.007872628048 0.006759118754 0.006430791225 0.006357949693 0.006344454363 0.006338727195 0.006222606171 0.005451653618
518,loss@124.05 loss@126.03 frag@161.03 frag@129.03 frag@184.06 frag@199.03 frag@194.05 loss@160.02 loss@150.03 loss@146.02 frag@189.04 frag@271.11 frag@224.04 loss@237.01 loss@130.02 frag@210.06 frag@80.04 frag@286.03 frag@160.02 frag@306.1,0.1369397938 0.09045912325 0.07357599586 0.0427474305 0.03500254825 0.03247868642 0.02988489345 0.02716606483 0.02670337632 0.02593902871 0.02444336191 0.02273943461 0.01750233397 0.01673692651 0.01658602245 0.01179674827 0.01172768418 0.01012988202 0.01003009081 0.009759741835
519,loss@280.12 frag@227.12 frag@247.04 loss@270.12 frag@195.98 loss@285.14 frag@92.02 frag@217.12 frag@289.1 frag@221.09 frag@311.04 frag@200.02 loss@254.09 frag@215.11 frag@340.11 loss@223.01 loss@276.13 loss@337.13 loss@298.15 frag@260.07,0.116399765 0.1053860933 0.04924803227 0.04058853164 0.02339931764 0.01778380759 0.01506987587 0.01318381261 0.01061595324 0.009689784609 0.006212436128 0.005981008522 0.00596316671 0.005701591261 0.004752594978 0.004237815738 0.004102569539 0.003600015538 0.003185640322 0.002906389069
520,frag@123.04 loss@200.07 loss@197.07 frag@125.06 loss@200.11 frag@169.0 loss@264.09 loss@274.05 loss@224.02 loss@197.09 frag@141.03 frag@135.04 loss@297.06 loss@187.0 frag@228.06 loss@208.07 frag@95.05 loss@250.07 loss@318.1 frag@158.99,0.2432514727 0.08089224994 0.05775014311 0.05477588996 0.05264999345 0.02646544203 0.01996583305 0.01831435971 0.01571503468 0.01545506995 0.01265821233 0.01252728794 0.01212225389 0.01183876581 0.01133861393 0.01109765191 0.01079608686 0.01030107122 0.009871520102 0.008400739171
521,loss@216.14 frag@227.06 frag@244.1 loss@266.02 frag@240.05 loss@308.14 frag@282.07 loss@131.02 loss@328.1 loss@327.09 loss@180.03 loss@168.59 frag@225.94 loss@154.17 frag@332.14 loss@296.08 loss@348.01 loss@168.11 frag@85.04 loss@358.04,0.1172526702 0.08415441215 0.07442177087 0.04127658159 0.03180468827 0.02417076379 0.01203378942 0.01124811638 0.008492621593 0.007956431247 0.006349800155 0.005260671023 0.004689518828 0.004508470185 0.004369190894 0.004279327113 0.003388084704 0.0033638319 0.003236503806 0.003223546082
522,frag@106.05 frag@204.04 loss@283.05 frag@124.01 frag@245.14 loss@167.05 loss@205.01 loss@257.1 frag@96.05 loss@251.05 frag@218.03 loss@124.98 loss@234.96 frag@87.0 frag@233.16 loss@261.07 frag@232.03 frag@184.98 loss@159.01 loss@258.95,0.07966884226 0.05400270224 0.04394004494 0.01672024652 0.0150230201 0.01375770289 0.00801409781 0.006690157112 0.006551721133 0.006547163241 0.006423847284 0.006045015529 0.005389803555 0.005195907783 0.004586794414 0.004566460382 0.004543653224 0.004396503326 0.004299318884 0.00407257909
523,frag@119.06 loss@268.05 loss@203.1 frag@134.06 loss@226.04 loss@219.1 loss@215.06 loss@234.07 loss@228.06 loss@211.05 loss@235.1 frag@65.04 loss@250.05 loss@185.05 loss@231.13 loss@143.04 loss@194.08 loss@186.03 loss@214.09 loss@201.09,0.3991628289 0.07446429878 0.03362327814 0.01870859042 0.01807983592 0.01627246477 0.01455708127 0.01371479034 0.0111581618 0.01056776103 0.008744095452 0.008334076963 0.007582272869 0.006621327717 0.006491328124 0.005907006096 0.005880251992 0.005671179853 0.0048457128 0.004597811028
524,loss@257.13 frag@132.04 frag@104.05 frag@117.06 frag@118.07 frag@219.12 frag@146.06 frag@118.06 frag@132.08 loss@152.08 frag@77.04 loss@326.09 frag@175.12 frag@103.05 loss@136.05 frag@105.04 frag@256.14 loss@286.13 loss@204.09 loss@218.06,0.1307452172 0.04491060227 0.03570495546 0.03359211981 0.03026274964 0.02342063747 0.01670427993 0.0164289549 0.01536560711 0.01290162839 0.01137004606 0.0112283444 0.01019773073 0.009386726655 0.008613595739 0.008192840964 0.008178485557 0.008170843124 0.007455789018 0.007289489731
525,frag@224.07 frag@197.08 frag@198.02 loss@298.06 frag@163.11 loss@274.12 frag@273.1 loss@101.12 loss@283.06 frag@233.05 loss@292.09 loss@328.19 loss@264.09 loss@144.11 loss@262.08 frag@170.04 loss@349.1 loss@255.02 loss@210.09 loss@333.13,0.09319232404 0.07462335378 0.06096438318 0.0576749593 0.03616432101 0.02823326923 0.02576350234 0.02114213072 0.01614392735 0.01585795358 0.01465944014 0.01402524393 0.01389364805 0.01240325347 0.01118253917 0.01075735409 0.009246536531 0.008612393402 0.008173771203 0.007901375182
526,frag@138.03 frag@231.08 loss@291.09 frag@320.15 loss@116.02 loss@258.01 loss@91.02 loss@104.09 frag@277.1 frag@239.13 frag@227.12 frag@293.07 frag@282.07 loss@63.02 loss@227.14 loss@103.02 loss@169.0 loss@278.03 frag@282.16 frag@234.05,0.06531172991 0.05543124676 0.03813957423 0.03632649779 0.02866187505 0.01827642322 0.01608506404 0.01409610827 0.01238710526 0.009208642878 0.008962459862 0.008523256518 0.008478367701 0.007461731322 0.007403070573 0.007338247728 0.006857084576 0.006589289289 0.006528348662 0.005840778816
527,frag@149.07 loss@148.06 frag@167.08 loss@254.09 loss@200.01 loss@285.07 loss@291.08 loss@324.1 loss@164.13 loss@194.07 loss@147.12 loss@267.16 loss@157.05 loss@143.03 loss@199.01 loss@262.11 loss@184.99 loss@259.09 loss@155.01 loss@267.01,0.3792615235 0.1272448003 0.1072553247 0.05007487908 0.03650662303 0.02769998088 0.02052804455 0.01808100194 0.01663758419 0.01327702776 0.008130424656 0.007606279105 0.006318745669 0.005738023203 0.005597617943 0.005088112317 0.004684274085 0.004389896989 0.004369560163 0.003828731831
528,frag@133.08 loss@203.11 loss@176.1 loss@190.11 frag@120.04 loss@202.06 loss@216.09 frag@161.07 frag@147.05 frag@187.12 loss@199.07 loss@146.08 loss@214.11 frag@146.08 frag@145.08 loss@218.11 loss@237.11 loss@193.04 loss@199.03 loss@278.08,0.3680416346 0.1382053792 0.1225817502 0.03845599294 0.02651590668 0.02635759674 0.01961261034 0.01619676501 0.0130182663 0.01211920753 0.01190815773 0.008522169665 0.007648452651 0.007431461941 0.006308131386 0.005568906665 0.005460194312 0.005431732628 0.004792747088 0.004411733244
529,frag@217.1 loss@270.11 loss@255.15 loss@170.13 frag@229.12 frag@73.06 loss@357.12 frag@161.06 loss@303.09 loss@257.09 loss@216.16 loss@302.02 loss@186.1 loss@316.12 frag@286.12 frag@154.01 loss@305.1 frag@247.04 frag@148.05 loss@279.11,0.182667762 0.07492700219 0.05943084881 0.05156557262 0.05060344189 0.04215083644 0.01451554056 0.009084853344 0.009066327475 0.006817631423 0.006793131586 0.005530956667 0.00541169662 0.005310316104 0.00501690479 0.004894397222 0.004835282452 0.004791039508 0.004659695551 0.004603670444
530,frag@208.09 loss@284.14 loss@252.13 loss@270.16 loss@214.13 frag@113.08 loss@334.11 loss@192.15 frag@215.06 frag@231.1 loss@126.12 frag@71.07 frag@217.08 loss@229.15 frag@181.1 loss@103.03 frag@281.09 frag@113.1 loss@323.11 frag@224.16,0.2156062275 0.1091850623 0.07956536859 0.03353721648 0.02783726342 0.02608331665 0.02077747323 0.01843633503 0.01654546149 0.01570380479 0.01364830881 0.01304936502 0.01255935431 0.01157234795 0.008850364946 0.008583795279 0.008479843847 0.007524363231 0.00649242755 0.0061448263
531,frag@241.09 frag@264.07 loss@382.11 loss@353.09 loss@77.02 loss@137.02 loss@33.06 loss@98.0 loss@145.09 loss@223.0 loss@315.13 loss@316.11 frag@305.14 loss@195.08 frag@122.94 loss@177.97 loss@102.99 loss@81.05 loss@140.13 loss@135.1,0.3135853112 0.1104744375 0.04766906053 0.04296781123 0.03002971224 0.02331932448 0.0177029036 0.01095870882 0.007036002818 0.006259388756 0.005632093642 0.00562179042 0.005432076752 0.005010223947 0.004377256148 0.003814500989 0.003781969659 0.003764405847 0.003638742957 0.00360382488
532,frag@153.07 frag@181.06 loss@171.1 frag@194.06 loss@181.15 loss@240.12 loss@226.07 frag@181.07 loss@232.03 loss@304.1 loss@129.15 loss@204.03 loss@295.08 loss@274.09 loss@238.12 loss@155.1 loss@153.15 loss@292.14 loss@247.06 loss@257.17,0.2507264018 0.1508800238 0.07113038003 0.0489323996 0.04384389147 0.03935437277 0.03762421757 0.035904333 0.0306671951 0.02894374542 0.01498636138 0.01459756028 0.01287010871 0.01165507268 0.0109442817 0.006905987859 0.005344351754 0.004929503426 0.004845383577 0.004200085998
533,loss@326.12 frag@208.05 loss@230.1 loss@287.16 loss@207.02 frag@227.04 frag@339.09 loss@270.09 frag@252.12 loss@253.13 frag@163.06 frag@210.15 frag@239.04 frag@242.11 frag@304.09 frag@181.07 loss@272.02 loss@297.11 frag@351.09 frag@325.11,0.08009649068 0.05454855785 0.04497103766 0.02498074435 0.0246798452 0.0246374011 0.02254271321 0.01726549491 0.01687527634 0.01667253114 0.01626416855 0.01535045356 0.01353928819 0.008691198193 0.007089727093 0.0068844622 0.006815503351 0.006701972336 0.006487157661 0.006406565662
534,frag@105.04 loss@204.09 loss@206.08 loss@180.05 loss@208.08 loss@255.08 loss@179.06 loss@206.09 loss@208.07 loss@235.04 loss@314.14 loss@299.08 loss@190.06 loss@240.1 loss@175.03 loss@216.09 frag@105.06 frag@104.05 loss@140.07 loss@202.12,0.4512472153 0.1015627831 0.06401111931 0.06326488405 0.03576801717 0.02220751345 0.01490279473 0.01306748018 0.0116193546 0.008815881796 0.00873703789 0.007940959185 0.006483125966 0.006340558641 0.005940542556 0.005445902236 0.00532629434 0.005228486843 0.005101102404 0.00488183368
535,frag@117.07 loss@216.12 loss@271.11 frag@129.07 frag@130.08 loss@160.1 loss@169.1 loss@261.04 loss@275.06 loss@267.11 loss@191.1 frag@147.08 loss@244.16 loss@277.08 loss@225.12 loss@247.11 loss@216.14 loss@364.16 frag@246.09 loss@242.14,0.330355823 0.09930315614 0.06786730886 0.05007138476 0.0376932025 0.02736867405 0.02333428338 0.02331804484 0.02026428655 0.01969825663 0.01711864769 0.0166489128 0.0108151976 0.008706206456 0.008653890342 0.008568638936 0.007975789718 0.007208694238 0.006339804735 0.005137725268
536,frag@133.05 loss@185.06 loss@159.04 frag@218.09 loss@187.05 loss@141.06 loss@171.03 frag@185.05 frag@134.06 loss@226.0 loss@89.06 frag@75.03 frag@92.03 frag@209.02 frag@232.03 frag@113.01 frag@144.05 frag@105.06 loss@200.04 loss@245.07,0.2892677784 0.123748295 0.1028134674 0.08376912773 0.07787442952 0.07589063048 0.05085943267 0.04887459055 0.01454135031 0.01307252515 0.01174785476 0.005200774875 0.004636096768 0.003554465948 0.00323969475 0.00308145117 0.002158564981 0.001954532228 0.001940579619 0.00178925693
537,frag@190.06 loss@159.1 frag@191.07 loss@173.01 loss@192.96 loss@286.09 loss@106.04 loss@146.18 loss@68.04 loss@325.02 loss@302.19 frag@143.05 loss@136.09 loss@149.12 loss@196.04 loss@134.06 loss@157.13 loss@240.08 loss@129.09 loss@624.23,0.3043631911 0.1871750355 0.1513582468 0.0733974278 0.02487260476 0.02027442493 0.01710372604 0.01642880216 0.01475682482 0.01326392125 0.01220913976 0.01165535487 0.006473208778 0.005964821205 0.005109797232 0.004918306135 0.004001457244 0.003928289749 0.003720514011 0.003693321487
538,frag@152.06 loss@152.11 loss@207.11 frag@153.04 frag@180.09 loss@165.1 loss@157.05 loss@191.04 frag@166.07 loss@237.04 frag@165.07 frag@160.99 loss@167.11 loss@151.08 loss@194.0 loss@254.06 loss@257.17 frag@167.09 loss@151.1 loss@165.06,0.2504228652 0.1306717992 0.09998565912 0.09882314503 0.078476578 0.06383100897 0.04599416628 0.04251616076 0.01918348297 0.01869743317 0.006512681022 0.006313245744 0.005630206782 0.00514626829 0.004579036962 0.004292669706 0.003950242419 0.003796868259 0.003632677719 0.003370492253
539,loss@263.14 frag@221.09 frag@227.12 loss@250.08 loss@191.0 loss@251.08 frag@176.07 loss@275.07 frag@244.05 loss@303.06 frag@254.13 frag@297.13 frag@247.04 frag@227.09 frag@231.08 frag@199.05 loss@265.08 frag@160.1 frag@159.09 frag@191.12,0.07423879951 0.07214937359 0.04432442784 0.04088162258 0.02463367954 0.02290840074 0.02183761634 0.01651336998 0.01469770446 0.01180719025 0.0117027089 0.009896853007 0.009371644817 0.009208023548 0.008672410622 0.008111132309 0.008082085289 0.007973776199 0.007734247483 0.006674482487
540,frag@174.05 loss@166.1 loss@218.13 frag@173.09 frag@208.0 frag@254.11 loss@309.21 loss@373.12 frag@212.0 loss@297.12 loss@396.19 loss@347.17 loss@223.99 frag@312.16 loss@396.13 loss@158.01 loss@296.05 loss@124.05 loss@356.2 loss@269.09,0.253470391 0.14771761 0.09287007898 0.09071815014 0.05083243921 0.01804931276 0.01454444509 0.01406017132 0.01264688466 0.01157128531 0.01085136458 0.008109296672 0.007931998 0.007882626727 0.006643721368 0.006129782181 0.005676809233 0.005560743622 0.004998160992 0.004436469171
541,frag@187.11 loss@248.14 loss@289.15 frag@233.12 frag@246.07 frag@207.05 loss@367.18 loss@252.03 loss@301.13 loss@263.17 loss@231.16 frag@207.11 frag@142.08 frag@153.14 loss@301.16 loss@285.02 loss@306.16 frag@265.16 loss@256.13 frag@273.16,0.1396803558 0.0813414976 0.06613950431 0.06441177428 0.06284956634 0.02957415208 0.02293633483 0.02016046643 0.01908565313 0.01581376791 0.0117242448 0.01061051898 0.01000272203 0.008895655163 0.007420087699 0.006498137955 0.005858201999 0.004788504448 0.004760949407 0.004046212416
542,frag@91.05 loss@235.08 loss@180.11 frag@91.06 frag@120.08 frag@109.06 loss@247.08 frag@147.08 loss@213.03 loss@238.02 loss@243.1 frag@188.14 loss@257.07 loss@298.12 loss@332.17 loss@199.06 frag@180.04 loss@326.14 loss@263.04 loss@249.17,0.4905794263 0.4736470282 0.01860184409 0.003391257953 0.001504399581 0.001193264616 0.000985421706 0.0009647863335 0.0006457057898 0.0005178623833 0.0004556576314 0.0003830656351 0.000352650648 0.0003187726252 0.000292679586 0.0002768208506 0.0002450264292 0.0002360500803 0.000235929896 0.0002329909476
543,frag@56.05 loss@194.09 frag@42.03 frag@82.06 loss@255.07 loss@240.06 loss@167.06 loss@209.13 loss@163.05 loss@288.2 loss@261.06 loss@246.07 loss@238.06 loss@196.12 frag@82.07 loss@224.06 loss@278.17 loss@244.01 loss@259.03 loss@254.08,0.3344989717 0.115276888 0.06640475243 0.04675973579 0.0377406925 0.03264727071 0.01834649779 0.01533252373 0.01392263453 0.01387237664 0.01349204127 0.01277037803 0.01162181981 0.01138191298 0.01087069418 0.009905257262 0.009806789458 0.008106445894 0.007866919041 0.006578035653
544,frag@151.05 loss@116.05 loss@115.06 frag@136.06 loss@131.06 loss@100.05 loss@127.06 loss@154.07 loss@167.07 frag@137.05 frag@100.02 loss@132.04 loss@143.06 frag@126.07 loss@162.04 frag@146.04 frag@112.05 loss@126.04 frag@157.04 loss@125.06,0.04566454887 0.04472466558 0.04148562625 0.03577193245 0.03134445474 0.02974200808 0.02919401787 0.0265670605 0.02646474726 0.02456293255 0.02437780239 0.02215062268 0.01674451679 0.01646104269 0.01598663069 0.01460618246 0.01419764291 0.01393945236 0.01206142083 0.01195936184
545,loss@208.02 frag@136.11 loss@276.16 loss@181.1 loss@323.12 loss@229.06 frag@127.01 frag@183.03 loss@247.14 frag@81.07 loss@213.99 frag@162.06 frag@124.11 loss@367.18 frag@245.08 frag@99.08 frag@149.1 frag@113.07 loss@246.15 frag@43.04,0.09328304231 0.05299490318 0.05138272047 0.04988674074 0.04084494337 0.03325538337 0.02278317511 0.02157781646 0.02006337792 0.01539550349 0.01520838775 0.01417913474 0.01356040034 0.01109287422 0.01100167353 0.009360634722 0.008870537393 0.007518103812 0.006775204558 0.006665258203
546,loss@166.07 frag@124.04 frag@120.04 loss@208.08 frag@135.06 loss@217.05 frag@78.03 frag@51.02 loss@180.05 loss@221.07 frag@93.04 frag@109.01 frag@93.03 loss@190.07 frag@105.04 loss@314.14 loss@179.06 frag@121.04 frag@96.04 frag@106.03,0.1642549336 0.09921239316 0.08917461336 0.05744660273 0.05109087005 0.02581672557 0.0235107746 0.02276731096 0.01804010756 0.01306485198 0.01150787808 0.01137170289 0.01032495499 0.0101626683 0.009665104561 0.00964856986 0.0095476266 0.009511060081 0.009229466319 0.00918175187
547,frag@134.06 loss@204.06 loss@249.08 loss@221.08 frag@121.01 frag@201.04 loss@166.02 frag@105.06 frag@132.04 loss@206.08 loss@232.05 frag@144.06 frag@105.05 frag@109.07 frag@119.06 frag@104.05 loss@204.09 frag@144.04 loss@257.13 loss@217.05,0.2650530338 0.170348078 0.05266116932 0.04507846758 0.02991961874 0.02795365453 0.01944090426 0.01294798683 0.01278330665 0.0125535354 0.01056247018 0.009739302099 0.008962566964 0.007308110129 0.007233907934 0.006879057735 0.006825492717 0.006097966805 0.005917978007 0.005622861907
548,frag@132.08 frag@146.06 frag@144.08 frag@130.06 frag@130.07 loss@174.08 frag@158.06 frag@160.08 loss@201.1 loss@188.1 frag@146.1 frag@131.07 frag@118.06 frag@159.09 frag@158.1 frag@173.07 loss@190.11 loss@220.12 loss@193.04 loss@177.05,0.05450782552 0.04600080475 0.03793838248 0.03523729369 0.02883646823 0.02345868573 0.02325660363 0.0224267859 0.02184851468 0.02123462968 0.02060700022 0.01563524641 0.01532502659 0.01529165357 0.01472474355 0.01433293894 0.01290170569 0.01268498972 0.01231466327 0.01187849138
549,frag@121.08 loss@212.03 loss@265.07 loss@176.13 frag@136.1 frag@191.12 loss@163.08 loss@163.14 loss@325.09 loss@93.04 loss@199.05 loss@207.05 loss@233.06 frag@122.08 frag@165.1 loss@205.03 loss@249.02 frag@96.04 loss@194.07 frag@190.11,0.305862695 0.07024090737 0.05467848107 0.02096339129 0.01759404875 0.01450117957 0.01397091709 0.01343767345 0.01304727606 0.01288047247 0.01268638019 0.01171636675 0.01097666472 0.01023152098 0.009302455001 0.00911738351 0.008509121835 0.008108160459 0.006436996628 0.006409735419
550,frag@217.06 frag@95.04 frag@239.13 frag@231.08 loss@192.05 frag@171.1 loss@186.0 loss@149.02 loss@278.05 loss@131.03 loss@165.01 frag@135.01 frag@256.16 frag@158.04 frag@162.12 loss@286.02 loss@182.03 frag@59.93 loss@291.09 loss@168.0,0.05706346035 0.04414849728 0.03843886778 0.03498830646 0.03200335801 0.03107988648 0.0271611046 0.01832425594 0.01549929753 0.01521437801 0.01254257094 0.01086853817 0.01009345427 0.008724824525 0.008683294989 0.007717253175 0.007534120698 0.006862294395 0.0062714261 0.006250158418
551,frag@67.05 frag@81.07 frag@43.02 frag@69.03 frag@97.06 loss@181.11 frag@83.05 loss@169.11 loss@153.12 loss@236.15 frag@79.05 frag@93.07 loss@250.1 frag@85.06 loss@229.11 loss@264.12 frag@95.09 loss@233.11 loss@281.14 frag@71.05,0.1352360994 0.09444656968 0.04588206112 0.02760865167 0.01978701726 0.0194458738 0.01886976138 0.01863934286 0.01590908319 0.01578201167 0.01561365277 0.01449151989 0.01438667439 0.01393176056 0.01294419914 0.01039231941 0.009975798428 0.00955663994 0.009254905395 0.009044524282
552,frag@115.05 loss@212.04 frag@103.05 loss@273.08 loss@226.04 frag@131.05 loss@231.12 loss@216.14 loss@205.06 loss@202.05 loss@204.1 loss@213.06 loss@176.08 frag@133.06 loss@210.07 loss@214.09 frag@199.02 frag@117.07 frag@104.06 loss@245.08,0.3034345508 0.125388518 0.08740581572 0.05936913937 0.03215768933 0.02494631708 0.02135579474 0.0200166963 0.01835833676 0.01486859377 0.0144557599 0.01226346102 0.01103335246 0.01070184913 0.009343652986 0.008090283722 0.008087290451 0.007513006683 0.007086940575 0.00683759246
553,frag@150.06 frag@94.05 frag@209.09 loss@169.07 loss@261.16 loss@250.11 loss@118.02 frag@94.07 loss@236.11 loss@221.04 loss@261.13 frag@166.05 loss@119.06 frag@108.06 loss@166.12 loss@330.08 frag@165.1 loss@272.09 loss@218.15 loss@155.06,0.07625387609 0.05496201664 0.04112619534 0.03058467433 0.02843248844 0.02662523836 0.02154048346 0.02102776989 0.01951261051 0.01680004969 0.01611420885 0.01407330111 0.01114408579 0.01016445924 0.009598669596 0.008744140156 0.008620106615 0.007751069032 0.007195800543 0.006939801853
554,frag@53.04 frag@81.03 loss@247.1 loss@215.01 loss@228.03 loss@254.04 frag@109.03 frag@93.03 loss@204.12 frag@58.03 loss@163.14 frag@124.04 loss@233.08 loss@222.05 loss@287.06 loss@248.06 loss@198.14 loss@224.01 loss@245.11 loss@120.03,0.2340276837 0.1082801446 0.03658831865 0.03560582548 0.02729532309 0.02719845623 0.02323390357 0.02090334706 0.01752163097 0.0133504197 0.01200341154 0.01120479312 0.01109586842 0.009561605752 0.009212326258 0.007630865555 0.006951521151 0.006666609086 0.006598624866 0.006591938902
555,frag@158.05 loss@129.06 loss@284.1 frag@226.11 frag@281.04 frag@158.08 loss@188.02 frag@144.07 frag@186.1 frag@260.09 loss@293.16 frag@167.02 frag@200.08 loss@361.14 loss@161.11 frag@172.06 frag@251.1 frag@303.07 loss@106.06 loss@143.12,0.07647124678 0.04912379012 0.04652708024 0.0415074043 0.007364375982 0.006848268211 0.006747963838 0.00658939546 0.005251916125 0.005216619466 0.004883043934 0.004832120147 0.004098450765 0.004080235492 0.003579458222 0.00349301286 0.003394090105 0.003301647492 0.002899576677 0.002865074202
556,loss@72.03 frag@264.1 frag@263.06 frag@129.06 frag@229.1 loss@93.02 frag@212.0 frag@227.06 loss@160.01 frag@122.94 frag@47.0 loss@123.05 loss@114.06 frag@167.04 frag@271.09 frag@243.1 frag@162.02 frag@107.03 frag@278.05 loss@90.98,0.2259479612 0.04489651322 0.02560315654 0.01967685856 0.01641091518 0.01574972644 0.01455398463 0.01365357079 0.01280722115 0.0103214914 0.009431799874 0.009230301715 0.008962762542 0.007380201947 0.007357966155 0.007134762127 0.005301538855 0.005221033935 0.005005542655 0.004716305993
557,frag@147.05 loss@218.1 loss@212.07 frag@128.05 frag@116.03 frag@145.08 frag@147.06 loss@180.08 frag@134.02 frag@225.14 loss@251.06 loss@201.08 frag@118.06 loss@203.07 frag@133.08 loss@236.06 loss@266.08 loss@278.08 loss@220.09 frag@216.1,0.07889910042 0.0636401549 0.05013422668 0.04581876472 0.03366968408 0.02988227457 0.02983181924 0.0293458458 0.0206648428 0.01880491525 0.01497563254 0.01330907736 0.01292372681 0.01288977452 0.01223376859 0.01124043111 0.01053010393 0.009854697622 0.008084282279 0.00796753075
558,loss@226.11 frag@233.13 frag@216.09 frag@139.05 loss@272.11 loss@232.06 frag@251.04 frag@162.09 loss@181.09 frag@169.0 frag@257.13 loss@249.07 frag@196.11 frag@176.02 frag@161.09 frag@303.1 loss@226.06 loss@235.13 frag@123.02 frag@242.11,0.1950052679 0.1148906574 0.06169684976 0.03980683535 0.0332102403 0.02985122986 0.02018287964 0.01241483167 0.01221161056 0.01189036574 0.01119920239 0.01094156411 0.008683263324 0.008541495539 0.007060217671 0.006675541867 0.00658873748 0.005873242393 0.005247563589 0.005052364431
559,frag@102.05 loss@142.09 loss@119.09 loss@84.03 loss@98.08 loss@84.04 frag@182.06 loss@147.13 loss@88.09 frag@201.06 frag@167.06 loss@74.07 loss@100.09 frag@136.01 loss@144.1 loss@269.04 frag@234.12 loss@101.08 frag@253.11 loss@84.07,0.2752382457 0.07951171696 0.03316549584 0.02598635294 0.01782265864 0.01738068275 0.01415529475 0.01309792511 0.0114586819 0.009610955603 0.008868587203 0.008862397633 0.008378763683 0.008033509366 0.007737598382 0.007324323058 0.007070675027 0.006844014395 0.00637073908 0.006321486551
560,loss@156.13 frag@220.08 frag@208.97 frag@265.06 loss@228.01 frag@191.08 frag@241.02 frag@187.05 frag@225.07 frag@215.13 frag@153.1 frag@140.11 frag@196.11 frag@126.08 frag@265.11 frag@173.08 frag@114.13 frag@244.08 frag@168.14 frag@200.11,0.424903661 0.1897101104 0.03657038882 0.02676633932 0.01533765811 0.01529881079 0.01405395381 0.01219741441 0.007685685065 0.007412965409 0.007285159081 0.006095988676 0.005816572346 0.004667845089 0.004463754129 0.004194821231 0.003701966023 0.003640376264 0.003497825237 0.00349599449
561,loss@164.08 frag@192.1 frag@178.09 loss@257.08 frag@220.13 frag@319.16 frag@146.1 loss@191.1 frag@202.12 frag@314.13 loss@225.13 frag@120.08 loss@272.14 frag@159.09 loss@235.08 frag@163.06 frag@146.06 frag@91.05 frag@190.09 frag@148.11,0.3233321607 0.2136895657 0.2035832107 0.1247887462 0.02948037162 0.005581449717 0.003726932919 0.003504275577 0.002713193651 0.00227507134 0.00214510737 0.00212700828 0.001596469665 0.001488747774 0.001461098902 0.001273867209 0.001234978321 0.001173656667 0.00109141937 0.0009550929535
562,frag@176.05 loss@186.03 loss@228.11 loss@324.06 loss@284.05 loss@238.12 loss@222.13 loss@165.06 loss@271.04 loss@207.16 loss@252.04 loss@325.09 frag@176.07 loss@224.1 loss@215.01 loss@275.08 loss@194.1 frag@148.1 loss@175.08 loss@107.06,0.4144033194 0.04482571408 0.02989241667 0.02240807936 0.01408203971 0.01280760486 0.01142061409 0.009453864768 0.008379511535 0.007433278486 0.005640236195 0.005377657246 0.005316184368 0.005130549427 0.004154219758 0.004102905281 0.004088562913 0.003990225028 0.003946244717 0.003784083761
563,frag@85.05 loss@251.11 loss@271.1 frag@209.14 frag@70.03 frag@96.02 frag@227.04 frag@84.04 frag@95.01 frag@99.05 frag@43.04 loss@215.97 loss@140.03 loss@249.1 loss@266.11 frag@178.02 loss@245.05 frag@121.07 frag@137.03 loss@284.08,0.3414560556 0.2146064639 0.2003594041 0.01634287834 0.0143629685 0.01272221468 0.01114805229 0.01014382765 0.006265764125 0.005665129051 0.005524457432 0.004784630146 0.004431808367 0.003941265866 0.002813559957 0.002611695323 0.002308076248 0.002139242366 0.002084156033 0.00199469598
564,frag@298.11 loss@356.1 frag@249.14 loss@277.08 frag@157.07 loss@240.0 loss@210.09 frag@325.12 frag@102.01 frag@85.04 frag@182.02 frag@185.99 frag@102.04 frag@289.15 loss@114.01 loss@216.14 loss@150.1 loss@180.03 frag@278.07 frag@87.5,0.07354441285 0.06967811286 0.05372338742 0.05293283984 0.03448693454 0.03291398659 0.03283429146 0.02233479172 0.0203610938 0.01400023513 0.01373890322 0.01343424059 0.01172268204 0.01047336869 0.008009838872 0.007979372516 0.007231194992 0.006663378794 0.006052168552 0.005790560972
565,frag@81.06 frag@191.05 loss@284.07 frag@83.02 loss@246.03 loss@241.99 frag@149.0 loss@244.02 frag@99.01 loss@156.12 loss@231.08 loss@292.16 loss@278.19 loss@178.13 loss@256.17 frag@165.14 loss@130.0 frag@116.97 frag@110.08 loss@383.17,0.1404851377 0.131013006 0.07916689664 0.07312515378 0.05775525793 0.05154417455 0.0405771099 0.03880205005 0.02475249209 0.02159611881 0.01411993802 0.01167969033 0.01104842126 0.007633759174 0.006776868366 0.005649733357 0.004963773303 0.004803883377 0.004493882414 0.004228546284
566,frag@109.06 loss@285.11 loss@223.1 loss@281.11 loss@160.09 loss@326.1 frag@136.11 frag@119.05 loss@299.12 loss@224.08 loss@269.07 loss@246.14 loss@238.14 frag@78.05 loss@242.1 loss@194.06 loss@339.12 frag@91.06 loss@217.02 loss@223.12,0.4317423105 0.1259330511 0.06083246693 0.05066800863 0.01471509878 0.01356390398 0.01251122635 0.01225290261 0.009334033355 0.008608357981 0.00716390321 0.006827583071 0.006817309652 0.006711283699 0.005680853501 0.00544055365 0.004347771872 0.004112890922 0.003616059897 0.003599098418
567,loss@143.0 frag@55.03 frag@102.0 frag@214.03 loss@172.13 frag@100.05 loss@90.09 frag@226.07 loss@251.05 frag@68.98 frag@275.05 loss@294.11 frag@246.12 loss@102.04 loss@144.1 frag@407.22 frag@195.1 frag@223.97 loss@188.03 loss@59.02,0.05988230184 0.05206453428 0.03870303556 0.03752407059 0.03402976319 0.030453749 0.02722064219 0.01490701176 0.01368889958 0.01317074429 0.01205507293 0.01039330848 0.009786741808 0.00950932689 0.007444619667 0.006654803641 0.0061508785 0.005685107782 0.005647479557 0.00546011189
568,loss@152.1 loss@207.11 frag@108.08 frag@80.05 frag@68.05 frag@122.06 frag@95.07 frag@94.06 frag@108.04 loss@168.09 frag@110.06 loss@213.11 loss@166.11 frag@69.04 loss@228.14 frag@69.06 frag@190.13 frag@126.05 frag@109.08 loss@194.11,0.2017831206 0.08447860926 0.08414302766 0.04186173528 0.040383894 0.0283166673 0.02760244906 0.02292849682 0.02144588344 0.02048971131 0.01868396625 0.01593363658 0.01523113437 0.01327119861 0.01273930073 0.01026069466 0.009467318654 0.009101020172 0.008245510049 0.008053516969
569,frag@164.07 loss@249.14 loss@253.1 loss@275.1 loss@250.1 loss@261.14 loss@304.14 loss@183.11 frag@156.14 loss@254.11 loss@221.14 loss@226.13 loss@269.07 loss@219.13 loss@333.07 loss@263.15 loss@259.02 loss@270.12 loss@198.14 loss@208.09,0.492583245 0.2031520307 0.1557231545 0.07457277924 0.00703873625 0.003377052257 0.00212115352 0.001977207838 0.001766047557 0.001493724994 0.001316323411 0.001270447974 0.001175982528 0.001146063209 0.001011890243 0.0009315721691 0.0009121567127 0.0007974932669 0.0007900519995 0.000777098292
570,frag@125.03 frag@207.03 loss@137.04 loss@154.15 loss@287.17 loss@303.1 loss@180.14 frag@235.06 loss@287.14 frag@251.05 frag@245.04 frag@159.01 frag@305.14 frag@95.99 loss@190.98 loss@343.98 frag@233.07 loss@84.04 frag@193.03 frag@262.13,0.09532921761 0.02784929052 0.02478264272 0.02318316512 0.0201690048 0.01879577897 0.01713708974 0.01218038518 0.00970220007 0.009641618468 0.009203405119 0.007140397094 0.006151692476 0.006092588883 0.005734603386 0.005664092023 0.005204502959 0.005181350745 0.005082258489 0.004517505411
571,frag@188.07 loss@217.09 frag@160.08 frag@132.08 frag@158.06 frag@131.07 loss@224.11 loss@253.06 frag@144.08 loss@293.13 frag@130.06 frag@239.12 loss@286.13 frag@172.08 loss@188.09 frag@201.07 frag@162.09 loss@185.01 frag@118.07 frag@115.05,0.13233836 0.1321398169 0.03725438192 0.03500566259 0.03390895575 0.02321112528 0.01751310192 0.01578466594 0.01558770146 0.01514199562 0.01448329445 0.01405022666 0.01252327394 0.01043362636 0.01017033588 0.009764996357 0.009609514847 0.009419810958 0.009346044622 0.009117354639
572,frag@44.05 loss@234.05 loss@208.09 loss@187.08 frag@70.06 loss@263.13 loss@216.03 loss@243.07 loss@249.07 loss@265.11 loss@227.08 frag@98.1 frag@184.01 frag@96.08 loss@81.97 frag@110.1 loss@236.09 loss@332.08 loss@262.11 frag@60.04,0.3440926969 0.08639725298 0.05669540539 0.04556359351 0.0402847752 0.02744639851 0.02238247544 0.01945279911 0.01831158064 0.01580795832 0.01420758944 0.01419108361 0.01310362015 0.01244738232 0.01091067865 0.01003109757 0.008572306484 0.008233033121 0.008081972599 0.008081225678
573,frag@258.12 frag@211.02 loss@206.1 frag@304.12 loss@228.12 frag@168.02 loss@256.08 frag@96.02 loss@115.02 loss@238.07 frag@152.97 frag@198.13 loss@168.01 frag@221.02 frag@153.14 frag@364.1 loss@358.04 frag@234.04 frag@111.1 frag@170.11,0.02942327969 0.01613885723 0.01579833217 0.01101631857 0.007400992326 0.007336043287 0.007109757978 0.006523660384 0.006296025589 0.006135316566 0.005443730392 0.004982677288 0.004612407647 0.003934745211 0.003827918554 0.003705202835 0.003663617186 0.003521745559 0.003404588904 0.003336968366
574,frag@118.06 loss@220.09 frag@145.08 frag@146.06 loss@243.09 loss@228.09 frag@175.12 loss@267.09 frag@128.05 frag@173.07 frag@132.08 loss@229.09 loss@273.11 loss@234.07 frag@146.1 loss@201.09 frag@145.09 frag@147.06 loss@237.11 loss@229.07,0.121518068 0.1120946184 0.05803041533 0.04860817641 0.04160610214 0.03486918285 0.03230365738 0.02876072936 0.02636643127 0.02625682764 0.02270800993 0.0167129077 0.0165837314 0.01191907469 0.01134902984 0.01127950195 0.01016419567 0.008711724542 0.008280813694 0.006467471365
575,frag@61.01 frag@62.02 frag@79.02 frag@46.99 frag@64.0 loss@120.04 loss@150.05 frag@62.99 loss@98.04 loss@93.03 frag@151.01 frag@77.0 loss@50.05 loss@114.03 loss@139.04 frag@86.0 loss@84.02 loss@95.07 loss@81.02 loss@96.02,0.09218151122 0.07076724619 0.06794335693 0.04583042115 0.04576180503 0.02338779718 0.02282635309 0.01974240318 0.01498984639 0.0133498786 0.01197486371 0.01169409789 0.01093145926 0.0100943204 0.009912464768 0.008972463198 0.008757786825 0.008139654063 0.008118923753 0.007325790357
576,loss@243.08 frag@57.06 frag@44.05 frag@96.08 loss@287.14 frag@70.07 frag@60.04 loss@260.04 loss@275.11 loss@267.04 loss@324.13 loss@263.08 loss@355.16 frag@98.08 frag@98.1 loss@199.0 loss@271.14 frag@70.06 loss@209.98 frag@228.09,0.1437696517 0.1263435781 0.07422399521 0.05993657932 0.05671628565 0.05484972894 0.05256828293 0.02646441385 0.02110265009 0.01739051379 0.01676328667 0.01554831117 0.01297894027 0.01230578404 0.01118119899 0.009234182537 0.008360140957 0.007689615246 0.007173094898 0.006853263825
577,frag@183.06 loss@195.11 loss@274.05 loss@264.1 loss@286.14 loss@250.07 loss@245.15 frag@286.12 frag@211.02 frag@135.04 frag@185.04 loss@268.15 loss@228.12 frag@143.03 frag@136.05 frag@125.06 loss@297.08 loss@303.14 loss@239.14 loss@303.1,0.1244146675 0.07433508337 0.03211829811 0.02883272432 0.02734110877 0.02011511102 0.01891962439 0.01654675044 0.01636385173 0.0144222267 0.01337732933 0.0125543382 0.01192530058 0.01175028458 0.01163624413 0.00795015879 0.007387159392 0.007372723892 0.007042694371 0.007017960772
578,loss@139.06 frag@78.03 frag@106.03 frag@79.04 frag@96.04 frag@124.04 loss@109.09 loss@123.03 loss@89.98 loss@119.06 frag@80.05 loss@200.02 loss@93.04 loss@170.08 loss@101.02 loss@137.05 loss@251.18 loss@180.08 loss@100.04 loss@182.03,0.2082369626 0.1531248987 0.1315602809 0.07201954722 0.0618400909 0.0304600019 0.02478412539 0.01987059228 0.01878031343 0.01378243789 0.0128689725 0.01100804657 0.01038448885 0.01025783923 0.01018912252 0.009322561324 0.007403842174 0.007375610527 0.006660431158 0.006141350139
579,loss@96.04 frag@206.04 loss@201.0 loss@159.13 frag@226.11 frag@249.07 frag@270.07 frag@188.03 frag@230.08 loss@125.07 loss@359.08 loss@192.15 frag@186.02 frag@95.07 frag@256.13 frag@268.05 frag@282.08 loss@385.15 frag@208.09 frag@224.99,0.1271974444 0.09244481474 0.06912631541 0.033025451 0.03288469091 0.02748370916 0.02172440849 0.01814119518 0.01741548069 0.01022350229 0.008128684945 0.008106342517 0.008081128821 0.005714213476 0.005531738512 0.005318603944 0.005150230601 0.004752900917 0.004724544473 0.004397611134
580,loss@162.09 frag@219.1 frag@195.12 frag@213.13 frag@281.07 frag@173.1 frag@192.13 frag@239.09 frag@189.13 frag@245.1 frag@274.06 frag@260.05 frag@232.05 frag@169.1 frag@211.1 frag@275.09 frag@253.19 frag@185.13 frag@201.09 loss@35.98,0.4723629653 0.09260983765 0.07781695575 0.05787620693 0.03159454465 0.02972100489 0.02127076685 0.02053071 0.01796358079 0.01580633782 0.008583878167 0.006451864261 0.005240928382 0.003836023854 0.003451962024 0.003297106829 0.003002934391 0.002763516502 0.002510326216 0.001940965536
581,frag@68.05 loss@214.04 frag@109.08 frag@110.06 loss@235.1 loss@255.06 loss@235.11 frag@92.05 loss@201.11 frag@65.04 loss@258.07 loss@252.07 loss@173.07 loss@119.02 loss@261.1 loss@240.06 frag@80.05 loss@248.12 loss@231.08 loss@194.11,0.2645983994 0.2047346234 0.06701090932 0.06583912671 0.04605481401 0.0229879003 0.02113491483 0.02023719251 0.01682259142 0.0130625125 0.01207232382 0.01144663431 0.007986261509 0.005880916025 0.005693362094 0.005532497074 0.005499232095 0.005017589312 0.004947756883 0.004812982399
582,frag@71.06 frag@111.06 loss@175.11 loss@196.11 loss@278.16 loss@300.14 frag@139.05 loss@291.15 loss@189.14 frag@165.07 frag@206.03 frag@125.05 loss@181.09 loss@175.04 loss@169.07 frag@256.13 loss@165.09 loss@225.09 loss@226.11 frag@167.09,0.1972125173 0.09204731882 0.05906504765 0.04927530512 0.04684449732 0.0425378494 0.03634358943 0.03373204172 0.0269708652 0.02303132601 0.0195410829 0.01933164708 0.01314621698 0.01015330106 0.008755289949 0.007773388177 0.006680017803 0.006517681293 0.005468098912 0.005363138858
583,frag@168.04 loss@255.12 frag@196.01 frag@128.98 loss@227.01 loss@302.09 frag@196.13 frag@77.02 loss@238.18 frag@273.09 frag@243.05 frag@322.19 frag@226.05 loss@268.03 frag@213.03 frag@183.05 loss@295.05 frag@154.98 frag@174.95 frag@397.07,0.05837093666 0.04217363149 0.03987520561 0.03253771365 0.01963001862 0.01726112701 0.01357485261 0.01278482098 0.01121983491 0.01057102811 0.01029239781 0.01020932198 0.009981205687 0.009936602786 0.009358044714 0.00884598773 0.008806188591 0.008269605227 0.007725362666 0.00742189493
584,frag@65.04 frag@90.03 frag@118.05 loss@112.03 loss@98.01 loss@82.02 frag@63.02 loss@71.0 loss@100.03 frag@51.02 frag@117.04 loss@109.03 loss@73.02 loss@67.01 frag@92.05 loss@125.02 loss@139.04 loss@27.01 loss@124.03 frag@79.04,0.1842055023 0.06281511486 0.03652390838 0.03587928787 0.02538536489 0.02426177263 0.02398690954 0.02324115671 0.02271143533 0.02181817964 0.0214632526 0.01812524162 0.01795736887 0.01572851278 0.01519469451 0.01431660354 0.0132320337 0.01312379073 0.01215864252 0.01123142242
585,loss@189.03 frag@125.05 loss@193.05 loss@181.08 loss@254.06 loss@240.07 loss@161.06 frag@95.03 frag@141.14 frag@186.1 frag@104.02 frag@134.07 frag@241.11 loss@177.06 loss@198.15 loss@234.17 loss@164.04 frag@161.08 frag@147.07 loss@56.0,0.0761423558 0.06352732331 0.06339813024 0.02890178375 0.01831474714 0.0181601271 0.0164765995 0.01430532802 0.0141225215 0.01316115167 0.01284465659 0.01087533589 0.01017435081 0.009279479273 0.009202288464 0.008644510061 0.008238767274 0.008131415583 0.008065454662 0.007491002791
586,loss@175.07 frag@196.09 frag@158.07 frag@188.08 loss@159.08 loss@131.04 frag@187.1 frag@172.09 frag@186.1 frag@174.1 loss@177.07 loss@165.09 loss@138.09 loss@160.07 frag@226.13 loss@157.06 frag@267.12 loss@122.05 loss@106.01 frag@187.02,0.2684549987 0.1302178949 0.1236066371 0.1210255027 0.09105595201 0.06475023925 0.03636937216 0.01652077585 0.01196131669 0.01123351045 0.009719491005 0.005648303311 0.004556054715 0.004457951989 0.0033418315 0.003255624557 0.002649906557 0.002491303254 0.002459162381 0.002417641226
587,frag@217.1 frag@227.12 frag@171.1 loss@263.14 loss@308.14 frag@244.1 loss@285.03 frag@268.05 loss@255.15 frag@231.08 loss@328.1 frag@285.14 loss@296.14 frag@242.12 loss@216.16 frag@332.14 loss@66.02 loss@106.01 frag@225.94 frag@303.15,0.07451461256 0.06133310869 0.03842049837 0.03371998295 0.02926309034 0.02610269003 0.0242788624 0.01928553917 0.01855367795 0.01715351827 0.0103324689 0.006959691644 0.006685059518 0.006518028211 0.004927011672 0.004876096267 0.004875665531 0.003522106912 0.003486447968 0.003436509287
588,frag@120.08 frag@148.08 loss@236.12 loss@262.13 loss@260.12 frag@148.11 loss@104.06 frag@138.09 loss@225.11 loss@147.07 loss@270.14 loss@258.11 loss@215.12 loss@288.11 frag@190.12 loss@247.09 loss@207.09 loss@232.12 loss@121.09 loss@241.01,0.2616041899 0.1294118613 0.04111496359 0.03982894123 0.03351317719 0.02873372287 0.02685934491 0.02664799802 0.02257607132 0.02242919989 0.02206180617 0.01992384531 0.01741282456 0.01641202532 0.01577980444 0.01562179998 0.01028277073 0.007745493203 0.007340912707 0.007161088288
589,frag@138.1 frag@84.06 loss@225.15 loss@223.17 loss@197.13 frag@124.11 frag@166.12 loss@250.12 loss@285.16 loss@227.16 loss@200.14 loss@251.16 frag@170.12 frag@181.13 frag@97.09 loss@262.14 frag@155.15 frag@162.06 frag@122.03 frag@71.09,0.104357332 0.1036614105 0.05864655599 0.05637037382 0.05514222756 0.04802147299 0.04532874748 0.04263239726 0.03943860158 0.03897719458 0.03021677211 0.02942276374 0.02934841625 0.0205642134 0.01061873417 0.01049543265 0.009531661868 0.008494962938 0.007802028209 0.006805465091
590,loss@195.99 loss@185.13 frag@239.08 frag@255.08 frag@276.11 loss@133.02 loss@207.01 frag@170.06 frag@241.13 frag@231.11 frag@258.09 loss@156.03 loss@317.14 frag@128.09 loss@203.14 frag@252.15 frag@168.0 loss@175.13 frag@327.11 loss@243.03,0.08110661805 0.05222747102 0.04815422744 0.04083441943 0.03083775379 0.01641356759 0.01594880037 0.01320814434 0.01096920948 0.0101971617 0.009908220731 0.009070537984 0.008893910795 0.008425822482 0.008406431414 0.007956264541 0.007443070412 0.006830119062 0.006322287954 0.006240936462
591,frag@100.04 frag@96.08 loss@167.13 loss@263.08 loss@194.14 loss@242.15 frag@110.1 loss@152.13 frag@44.05 frag@94.07 frag@124.11 loss@221.04 loss@237.15 frag@142.09 loss@171.1 frag@98.08 frag@82.07 frag@174.03 frag@70.07 loss@250.12,0.09103366733 0.07818295062 0.06235770509 0.05254336447 0.02091179043 0.01801923476 0.01787838526 0.01606933959 0.01488896739 0.0120798517 0.01139330771 0.0101904748 0.009328200482 0.009119107388 0.009039374068 0.008922069333 0.007318112999 0.007011820562 0.006859301589 0.006653727498
592,frag@121.04 loss@213.1 loss@254.12 loss@219.1 loss@205.11 loss@220.1 frag@146.07 loss@218.08 loss@213.09 loss@230.09 loss@215.01 frag@121.03 loss@193.09 loss@246.11 loss@209.1 loss@219.07 frag@132.06 loss@272.13 frag@177.09 loss@193.11,0.3781575561 0.03945161402 0.03286706656 0.03186314553 0.02679550461 0.0213096831 0.01782805286 0.01440100092 0.01270894799 0.01205721777 0.01203682553 0.009968436323 0.009552545846 0.008866143413 0.008299451321 0.007756808773 0.006957902573 0.00676284777 0.006405367516 0.006123525556
593,frag@133.08 frag@121.04 frag@120.04 frag@120.06 loss@191.11 loss@219.07 loss@262.12 loss@207.08 frag@132.06 frag@135.05 loss@272.1 loss@201.08 loss@193.09 frag@121.08 frag@133.04 frag@105.06 frag@123.06 frag@170.05 loss@187.07 frag@135.06,0.06898566335 0.04996621236 0.04245525971 0.04022988677 0.03144373745 0.02743563056 0.02598246932 0.024907846 0.02221400291 0.02131110802 0.01747787558 0.01505636983 0.01476375852 0.01413324196 0.0132879978 0.01209121197 0.01019821595 0.01002297271 0.007987605408 0.007904347032
594,frag@138.08 frag@253.12 frag@281.09 frag@195.09 frag@251.08 loss@142.1 loss@115.0 loss@111.1 loss@301.09 loss@103.1 frag@247.11 frag@177.02 loss@190.13 loss@156.17 frag@74.02 loss@109.13 frag@214.04 frag@290.09 loss@313.09 loss@337.09,0.06544993818 0.05866295844 0.02033132687 0.0169481542 0.01465008315 0.01364338677 0.01255257428 0.01185702812 0.0103278188 0.009128203616 0.008904514834 0.008812683634 0.008792533539 0.008715984412 0.008232275024 0.008079122752 0.007812907919 0.006696157157 0.006657237653 0.006239080802
595,loss@178.07 frag@130.03 frag@130.04 loss@184.15 loss@186.07 loss@179.08 frag@184.06 frag@283.05 frag@155.06 loss@200.11 loss@113.06 frag@178.1 frag@331.13 frag@267.06 loss@141.06 frag@299.07 frag@185.09 frag@155.05 loss@141.05 frag@224.04,0.4233130813 0.2643374503 0.1827054173 0.02285368554 0.01041282993 0.008058429696 0.005430243909 0.004020587076 0.003852999769 0.003378175665 0.002888079733 0.002098504687 0.001923792763 0.001632220694 0.001449255506 0.001308844774 0.001249056077 0.001154349884 0.001038490795 0.001037552021
596,frag@120.04 loss@196.09 loss@221.07 frag@93.03 frag@179.08 frag@124.04 loss@314.14 loss@295.1 loss@219.07 loss@180.08 frag@149.02 loss@237.1 frag@65.04 loss@217.05 loss@262.12 frag@133.08 loss@263.11 frag@108.04 loss@247.1 loss@206.11,0.2490942627 0.04029337317 0.03306742013 0.0302463565 0.0267268829 0.02609346621 0.02399167046 0.01701335609 0.01427744422 0.01410505176 0.01402692031 0.01290110499 0.01224143058 0.01151002385 0.01036890037 0.009553167038 0.009499713778 0.009362291545 0.009324390441 0.009077546187
597,frag@204.04 loss@218.08 loss@269.03 frag@240.1 loss@228.03 frag@179.12 frag@174.07 frag@235.05 loss@189.1 frag@162.07 loss@276.09 frag@99.07 frag@143.03 frag@97.01 loss@298.14 frag@119.08 frag@159.06 loss@187.03 frag@148.07 loss@154.09,0.09795466065 0.08428508043 0.06545125693 0.04728559032 0.03571684286 0.03119862452 0.03033637255 0.0293799527 0.02904174104 0.01834359393 0.01634063944 0.01548304781 0.01471203659 0.01378128678 0.010429563 0.00818256475 0.008023724891 0.007816210389 0.007177633699 0.006298387423
598,loss@18.01 frag@178.03 frag@161.05 loss@41.03 frag@260.08 frag@273.04 frag@263.08 frag@412.32 frag@219.11 frag@307.1 frag@331.1 frag@314.15 frag@345.1 frag@321.09 frag@293.11 frag@292.11 frag@200.06 frag@440.14 frag@181.08 frag@190.07,0.4264966846 0.1190156043 0.116845496 0.04245591164 0.04213869944 0.02110924199 0.01845065318 0.01697097346 0.01633696072 0.01272335835 0.01117825881 0.01077891421 0.0103698764 0.006317968946 0.004593537189 0.003703771392 0.003633440239 0.003494048724 0.003290368943 0.003040471347
599,frag@93.04 loss@122.05 loss@94.05 loss@98.05 frag@94.05 loss@121.06 frag@95.06 loss@180.02 frag@96.04 frag@81.04 frag@78.03 loss@137.1 frag@280.09 loss@42.01 loss@113.04 frag@138.01 frag@178.1 frag@66.03 loss@388.12 loss@149.1,0.310511291 0.1565291435 0.1216692477 0.08093117177 0.06496986747 0.05904112384 0.04931920767 0.01768602058 0.01233444735 0.007283739746 0.005514817312 0.005076876841 0.004493860994 0.004018626641 0.003813026473 0.003577219322 0.003019062104 0.002837322885 0.00276376633 0.002700369572
600,frag@57.07 loss@274.09 frag@43.05 loss@154.1 frag@69.07 frag@41.04 loss@246.06 loss@275.17 loss@274.1 frag@74.02 loss@262.1 loss@275.11 loss@318.17 loss@279.16 frag@71.09 loss@305.17 loss@96.06 frag@85.06 frag@83.09 frag@55.05,0.2022031099 0.1566454172 0.09128134698 0.0889993906 0.06595233828 0.05976656079 0.04794339463 0.03959982097 0.01703690179 0.01408495475 0.01338689961 0.01281910762 0.01123854984 0.009935204871 0.008531152271 0.008044906892 0.008036119863 0.007773852907 0.006621447392 0.005609354936
601,frag@100.01 loss@74.05 loss@103.05 frag@262.1 loss@283.03 loss@142.05 frag@88.04 frag@126.03 loss@369.18 frag@194.12 loss@129.05 loss@186.01 loss@133.07 loss@300.04 frag@62.02 frag@116.0 loss@146.11 frag@57.93 loss@89.04 frag@225.11,0.05335433781 0.03224305436 0.02879551984 0.02820462547 0.02220443264 0.02009457722 0.01988719217 0.01982275583 0.01626397669 0.01342295948 0.01336811483 0.0117752552 0.009962470271 0.00992675405 0.00990374852 0.009597540833 0.008649553172 0.008567580022 0.008488187566 0.008092159405
602,frag@82.06 frag@56.05 loss@183.11 loss@288.15 frag@82.07 loss@194.09 loss@246.07 loss@196.12 loss@278.17 frag@84.08 loss@163.05 loss@209.13 frag@83.07 loss@250.09 loss@229.05 frag@84.04 loss@242.05 loss@249.15 loss@271.02 loss@182.01,0.2468798757 0.111656338 0.07706642151 0.06612492353 0.05925704539 0.0541966334 0.03959374502 0.02736318856 0.02352716401 0.02028992586 0.01532931626 0.01403050125 0.01376629528 0.01195748895 0.007624920923 0.007387853228 0.00735085085 0.006746452767 0.006720202509 0.005793518852
603,frag@242.05 loss@294.15 frag@251.11 loss@243.11 frag@241.12 frag@209.13 frag@348.06 loss@286.17 frag@136.94 loss@323.15 loss@352.09 loss@326.17 loss@370.11 frag@389.22 frag@102.13 loss@198.13 loss@298.14 loss@344.12 frag@237.14 loss@349.15,0.06872680038 0.05360991135 0.05270149931 0.04897651449 0.04806128517 0.03015933745 0.02754663117 0.0165807046 0.01437314972 0.01242097933 0.0122409882 0.01206841413 0.01027079392 0.008340671659 0.007963310927 0.007886946201 0.007775074337 0.007491919678 0.007168254349 0.007086864673
604,frag@147.04 loss@191.06 frag@119.05 frag@175.04 loss@136.09 frag@181.09 loss@610.15 loss@649.22 loss@343.13 loss@567.22 loss@550.19 loss@406.15 loss@414.12 loss@326.1 loss@388.14 loss@218.06 loss@362.12 frag@309.1 loss@359.14 loss@351.13,0.2077269256 0.2033748329 0.1154955626 0.1121068746 0.05533593893 0.03148608655 0.02431663871 0.02040587738 0.01749391854 0.01730551571 0.01653612591 0.01551809721 0.01370546501 0.01060461905 0.009964531288 0.007191755343 0.00686097471 0.006827127188 0.006591519341 0.00616821833
605,frag@197.1 frag@199.11 frag@215.11 loss@252.14 loss@338.14 frag@217.12 loss@143.01 loss@303.05 loss@166.08 loss@366.17 loss@285.14 loss@365.15 loss@156.06 loss@290.14 loss@234.12 loss@309.17 frag@195.98 loss@345.16 frag@222.1 loss@356.09,0.171987012 0.1231376678 0.07050313801 0.05810654908 0.03232220188 0.01727826148 0.01677938364 0.01168794185 0.01078117546 0.008427746594 0.008146172389 0.007532885298 0.005749466363 0.005051560234 0.004725576844 0.004603030626 0.004558351357 0.004534490407 0.004412177484 0.00430540368
606,frag@137.07 loss@194.07 loss@165.12 loss@222.12 frag@109.04 loss@172.03 loss@164.1 frag@122.08 frag@165.1 loss@281.12 frag@209.11 loss@301.1 frag@149.08 loss@261.16 frag@123.05 frag@139.09 frag@99.06 loss@169.07 frag@126.05 loss@180.13,0.2569051385 0.1100667939 0.06154130027 0.05194969475 0.03539802507 0.01626282372 0.01504692156 0.01338579785 0.01185826585 0.01033932995 0.01017829124 0.009669997729 0.008019183762 0.007787457667 0.006656421814 0.006528446916 0.006261072122 0.005813072901 0.005747258198 0.005738520063
607,frag@150.95 frag@55.93 frag@134.96 frag@90.95 frag@76.93 loss@92.05 frag@209.11 loss@65.06 loss@129.02 loss@255.0 loss@271.16 frag@317.11 loss@64.0 loss@23.02 loss@91.99 loss@132.05 loss@423.03 loss@184.05 loss@153.13 loss@80.0,0.1014117524 0.09160984308 0.08080301434 0.06126673147 0.04810128361 0.04059599712 0.03735721484 0.01275768597 0.01134172734 0.01104380563 0.009171261452 0.008895382285 0.00830468908 0.007728841621 0.007641610689 0.005690331571 0.004736248404 0.004318345804 0.003807083704 0.003490246134
608,frag@151.02 frag@161.01 loss@245.13 frag@205.06 loss@142.1 loss@182.06 frag@143.0 loss@273.1 loss@193.15 frag@133.01 loss@309.14 loss@183.0 loss@148.1 loss@313.1 loss@637.26 frag@116.96 loss@209.18 loss@168.08 loss@154.9 loss@122.07,0.1575051248 0.1326230019 0.1050215736 0.1043164134 0.08701945096 0.08342204243 0.0591269806 0.04756850004 0.03315633163 0.02032030746 0.008868757635 0.007406556513 0.005731684156 0.005487381946 0.005221710075 0.00457856385 0.00445174519 0.003971524537 0.003473780816 0.00319021428
609,frag@124.04 loss@260.15 frag@179.08 loss@278.09 frag@58.03 loss@247.1 frag@137.03 frag@84.04 frag@82.03 frag@55.02 loss@180.09 loss@221.07 loss@245.05 loss@183.09 loss@211.08 frag@228.11 loss@209.07 loss@242.12 frag@99.06 frag@114.0,0.2062873691 0.1874853224 0.1033030152 0.08585201949 0.04675520957 0.02234297246 0.02153971605 0.01078832522 0.009907158092 0.00971867796 0.009326789528 0.009145189077 0.009031941183 0.006491611712 0.006381528918 0.006017080974 0.005776959471 0.00538893044 0.005364476703 0.005330512766
610,frag@137.06 frag@163.06 loss@210.09 loss@234.13 loss@292.12 loss@279.12 loss@272.14 frag@151.08 loss@253.13 loss@208.15 loss@275.12 loss@240.14 loss@230.13 loss@194.13 loss@238.14 loss@299.12 loss@329.11 loss@264.13 loss@287.12 loss@265.1,0.2849132121 0.1356813312 0.02485842444 0.01868068613 0.01804087684 0.01771824062 0.01755452156 0.01571458392 0.01547665987 0.01534682047 0.01532510202 0.01500541531 0.01476527099 0.01290073525 0.01268275362 0.01263791136 0.01193812769 0.01156588644 0.01091663074 0.009639223106
611,frag@83.99 loss@263.12 loss@218.02 loss@248.05 loss@246.09 loss@231.05 loss@222.09 loss@289.13 loss@227.02 loss@219.05 loss@280.03 loss@151.05 loss@258.01 loss@115.06 loss@323.17 loss@206.03 loss@227.03 loss@337.13 loss@277.18 loss@116.06,0.4940439165 0.0793813467 0.05217665806 0.0505893454 0.03756402433 0.03409486264 0.03196364641 0.01916044578 0.009466763586 0.008634881116 0.004290091339 0.003873416921 0.003203595756 0.002730638022 0.00249005435 0.002262813738 0.002199125476 0.001874602516 0.001869821106 0.001750292024
612,frag@149.02 frag@105.04 loss@208.08 loss@314.14 frag@121.04 loss@295.1 loss@221.07 frag@120.04 loss@235.04 frag@65.04 loss@179.06 loss@217.07 loss@204.09 loss@206.08 loss@216.09 loss@196.09 loss@181.07 frag@149.04 loss@263.11 loss@240.1,0.2547644973 0.05766456202 0.04720140249 0.04288164899 0.03456481546 0.02555837296 0.02505286969 0.02018179372 0.01885847189 0.0147631187 0.01371318381 0.01280133147 0.01075833663 0.01059566718 0.009191112593 0.009074197151 0.008774194866 0.007730648853 0.007459512912 0.007337766234
613,frag@174.07 frag@147.06 frag@120.07 frag@147.09 loss@218.11 frag@208.07 loss@229.09 loss@205.09 loss@237.11 loss@228.09 frag@159.06 frag@145.08 loss@273.11 loss@262.12 loss@220.09 loss@190.11 loss@212.07 loss@218.09 frag@86.99 loss@211.05,0.1688331962 0.05752861872 0.05012015253 0.04805660248 0.03637190163 0.03004524484 0.02449065447 0.02076578885 0.01783137023 0.01739602908 0.01431596372 0.01409984939 0.01351120416 0.01223904081 0.01146906242 0.01062820014 0.01053819153 0.01024850737 0.009532159194 0.00864953734
614,frag@133.09 loss@263.07 frag@162.97 loss@243.11 frag@66.05 frag@155.07 loss@305.1 loss@252.12 loss@274.11 frag@263.09 frag@146.1 frag@122.04 loss@236.03 loss@307.11 frag@172.06 frag@139.07 loss@187.14 frag@99.07 loss@252.06 loss@281.08,0.07924541831 0.07580400258 0.03713842854 0.0339275524 0.03123515286 0.02624185011 0.02326562069 0.01850024611 0.01731625758 0.01220053434 0.009943531826 0.009464362636 0.00884571299 0.0084540518 0.008202025667 0.007947977632 0.007397406269 0.007218743209 0.006705280393 0.006308466662
615,frag@235.06 frag@125.03 loss@287.14 frag@233.07 loss@154.15 loss@323.06 frag@231.09 loss@343.98 loss@209.01 frag@196.08 loss@312.1 loss@273.13 frag@180.03 loss@279.04 frag@112.01 frag@332.12 loss@202.04 frag@193.03 frag@197.01 loss@189.16,0.1661376804 0.0584308207 0.02461165003 0.02427896857 0.01714904234 0.01504774205 0.01149000786 0.008801218122 0.007183358073 0.006116437726 0.005960900802 0.0053259735 0.005092706997 0.005056847818 0.004942974076 0.004865639377 0.004583300557 0.004529241007 0.00420035189 0.004129113164
616,loss@264.14 loss@324.14 frag@317.12 loss@195.15 loss@306.16 loss@252.17 frag@269.15 loss@315.09 frag@324.1 loss@305.22 frag@106.99 frag@119.08 loss@209.04 frag@230.06 frag@181.99 frag@267.03 loss@241.13 frag@337.13 frag@349.15 frag@294.05,0.02968736365 0.02273089811 0.02079034783 0.01613630727 0.01379271969 0.01265456993 0.01099539176 0.01041174866 0.008630185388 0.007187631913 0.006644322071 0.006574734114 0.006311684381 0.006208541803 0.005916282069 0.005682128482 0.005411783699 0.005384442396 0.005071750376 0.005020882003
617,frag@80.05 loss@194.08 frag@107.06 frag@94.06 loss@231.08 loss@252.07 frag@79.04 frag@119.06 frag@108.04 frag@133.08 frag@120.04 frag@118.05 loss@222.07 loss@231.09 frag@182.0 frag@65.04 frag@123.06 loss@239.07 loss@280.1 loss@294.08,0.1933498085 0.1667904109 0.06176319718 0.04646262899 0.03696736693 0.0289274659 0.01187245082 0.01129446737 0.009697371162 0.009275455028 0.008446267806 0.008156782016 0.00798443798 0.007786643226 0.007719636895 0.0073929145 0.007133446634 0.007038020995 0.006792602129 0.006566058844
618,loss@256.13 frag@214.09 loss@268.14 loss@266.15 loss@292.17 frag@181.0 loss@293.17 frag@184.96 frag@295.13 loss@454.15 loss@374.14 frag@272.05 loss@383.16 frag@230.11 frag@270.06 loss@251.19 frag@184.11 loss@139.12 frag@131.1 frag@210.97,0.05519165471 0.03677120432 0.02799912542 0.02510706335 0.02199253254 0.02070418932 0.01618824713 0.01405710727 0.01385545451 0.01365391165 0.01344794594 0.01339207776 0.01245013345 0.01129815541 0.01048540045 0.009505432099 0.009351370856 0.008348729461 0.008277629502 0.007395208348
619,loss@239.2 frag@240.1 frag@183.15 loss@146.11 frag@86.08 frag@249.2 loss@283.03 frag@162.13 loss@363.16 loss@328.11 frag@62.06 frag@88.04 loss@118.03 frag@256.11 frag@259.15 loss@200.14 loss@262.18 frag@142.03 frag@219.0 frag@97.09,0.1170071289 0.1053045243 0.1019663811 0.0729681477 0.05129867047 0.02725260146 0.02192393504 0.01812214404 0.0148171559 0.009100725874 0.008253878914 0.006927447859 0.006508741993 0.006418026518 0.005991062149 0.005932593718 0.005882396363 0.005548562855 0.005135968793 0.005048363935
620,frag@207.08 loss@147.06 loss@216.07 frag@119.02 frag@192.05 loss@150.09 frag@256.13 frag@164.06 loss@300.14 loss@190.09 frag@217.12 frag@257.14 loss@149.11 loss@165.1 frag@244.08 frag@109.04 frag@194.05 loss@110.05 frag@175.07 frag@202.16,0.1632716507 0.06744462252 0.04182682931 0.02065836452 0.01750467718 0.01660487801 0.0116444258 0.01011838671 0.009047919884 0.009043728001 0.008764988743 0.007225315087 0.007056917995 0.007026188541 0.006209933665 0.005989139434 0.005880714394 0.005797189195 0.005630629137 0.005511941854
621,frag@269.04 loss@304.09 frag@298.13 frag@182.09 loss@115.12 frag@227.04 frag@237.03 loss@125.04 loss@330.14 loss@284.05 frag@195.95 frag@188.02 frag@243.05 frag@206.03 frag@239.1 loss@269.1 frag@349.04 loss@233.01 loss@212.13 loss@200.0,0.1785368621 0.03031794541 0.02590839006 0.01917284168 0.01829811186 0.01520924643 0.01336304098 0.01319431141 0.01127935573 0.01018967945 0.009443527088 0.009225542657 0.007695324253 0.007349928375 0.007320890203 0.006546556018 0.006099683233 0.005718803499 0.005602071527 0.005206732079
622,frag@175.06 frag@183.05 frag@310.11 frag@196.01 loss@164.12 frag@244.05 loss@309.16 loss@302.09 loss@326.08 frag@168.0 loss@310.11 frag@144.02 frag@174.98 frag@172.02 frag@213.03 loss@133.1 loss@305.13 loss@274.03 loss@115.12 loss@330.15,0.08975465596 0.05730946362 0.05073416606 0.04984168708 0.04538458213 0.02941711247 0.02011226118 0.01453692932 0.01078954339 0.01033846848 0.01010812446 0.008221999742 0.008071504533 0.007953114808 0.007558831479 0.007166318595 0.006640636362 0.006191052962 0.006184048019 0.005782666616
623,loss@164.05 frag@195.02 frag@186.06 frag@177.01 loss@161.02 frag@284.14 loss@144.1 loss@236.03 frag@121.01 loss@106.98 loss@143.0 loss@105.02 loss@242.01 frag@407.22 frag@120.07 loss@133.11 loss@226.0 loss@159.04 loss@127.05 frag@140.05,0.2717514038 0.1738509834 0.1297197789 0.1087060422 0.06403643638 0.01203893498 0.008050253615 0.007268297952 0.006669558585 0.00472964393 0.003342382377 0.003298289143 0.003077338682 0.003029344138 0.002956232987 0.002930869116 0.002685792511 0.002556793159 0.002352884505 0.00230768905
624,frag@123.09 loss@172.12 loss@205.0 loss@281.03 loss@237.18 frag@157.0 loss@313.06 loss@331.19 loss@227.0 loss@257.16 loss@156.11 loss@188.15 loss@291.21 frag@127.06 frag@57.07 frag@209.03 loss@302.04 frag@224.08 frag@220.03 frag@190.12,0.4031113386 0.2130192071 0.03726740554 0.02934666164 0.02837172523 0.02740432881 0.02392198332 0.02290231176 0.02283762209 0.02273349278 0.02136426792 0.0211322885 0.01170661859 0.004663449712 0.003188581206 0.003066703212 0.002673533978 0.002423663391 0.002209499711 0.002195024863
625,frag@206.03 loss@258.06 frag@218.06 frag@232.13 loss@339.12 frag@182.09 frag@205.02 loss@239.11 loss@269.1 loss@244.07 loss@319.17 loss@238.11 loss@313.15 frag@239.1 loss@143.02 frag@203.13 frag@86.07 loss@181.09 loss@234.05 loss@281.08,0.2086322159 0.1069442332 0.05293058604 0.03399359807 0.03063278832 0.02994845062 0.02484000474 0.01830699667 0.01277688239 0.01180305704 0.01103816833 0.0110207703 0.01044341456 0.01009573881 0.008183351718 0.007671890315 0.007320358884 0.00679287361 0.006415344309 0.005875961389
626,loss@121.09 loss@226.11 frag@162.09 frag@153.03 frag@161.11 frag@159.06 frag@173.11 frag@175.12 frag@189.08 loss@293.13 frag@147.07 frag@123.02 frag@172.08 loss@286.14 frag@159.09 frag@160.1 frag@159.05 frag@119.05 frag@112.03 loss@216.13,0.1853591949 0.1104632691 0.07835847884 0.07157805562 0.03813631833 0.0268716868 0.01907633618 0.01693412475 0.01630703919 0.01511834376 0.01122026145 0.008245780133 0.0079592783 0.007199544925 0.006635471713 0.006435761694 0.005812252406 0.005787180271 0.005640852731 0.005409707781
627,loss@253.12 frag@212.06 loss@273.08 frag@131.04 frag@236.03 loss@239.07 loss@246.16 frag@103.03 frag@71.93 loss@115.02 loss@146.12 frag@267.04 frag@278.11 frag@172.03 frag@142.07 frag@293.09 frag@202.09 frag@219.12 frag@240.12 loss@200.03,0.08507187665 0.05221499875 0.0429687053 0.04230177402 0.0413396284 0.03337746486 0.01835884154 0.01028854027 0.009714313783 0.00935004279 0.007719183341 0.007317345124 0.007226311136 0.005629410502 0.004900460131 0.004522040952 0.004402190447 0.004364453256 0.004314403981 0.004296052735
628,frag@173.11 loss@138.07 loss@190.1 frag@220.11 frag@236.15 frag@190.09 frag@160.1 loss@265.09 frag@159.09 frag@173.09 frag@337.15 frag@180.1 frag@159.06 loss@333.21 loss@309.06 loss@302.14 frag@162.09 frag@268.13 loss@309.15 frag@185.07,0.2992033958 0.2344260961 0.2328130454 0.1443231404 0.008749989793 0.006369815208 0.004898096435 0.004089843947 0.003407634329 0.002252970356 0.001743775443 0.001647222438 0.001570025925 0.001554664574 0.001527540269 0.001381559647 0.001354495413 0.001227935194 0.001218785066 0.001016829745
629,frag@216.07 loss@252.08 loss@331.11 frag@227.09 loss@351.15 frag@285.11 frag@248.11 loss@342.17 loss@310.07 frag@352.18 frag@205.12 frag@327.14 loss@178.14 loss@353.1 frag@286.12 frag@273.03 frag@260.12 loss@309.17 loss@373.1 loss@310.18,0.08386231959 0.05386931822 0.04505317658 0.035155233 0.0321528241 0.02444066107 0.02242576331 0.01836026646 0.0180024188 0.01591543294 0.01572440192 0.01533583459 0.01111017074 0.01101628132 0.01053693797 0.009548480622 0.009225580841 0.009157674387 0.008630828001 0.007643347606
630,frag@58.03 frag@175.06 loss@259.11 frag@202.1 loss@125.04 frag@154.02 frag@214.07 loss@153.08 loss@213.14 loss@236.11 loss@252.09 frag@137.03 loss@163.04 loss@341.15 frag@131.03 frag@171.01 loss@172.09 loss@238.12 loss@282.06 loss@141.12,0.1254187226 0.07192231715 0.05879185349 0.05554652959 0.04995346814 0.04895269126 0.04535274953 0.04220245406 0.04125110805 0.03508878127 0.01262937114 0.008461805061 0.007477311417 0.007089916617 0.005743897054 0.005533252843 0.005013412796 0.004393383861 0.004128729925 0.003959801979
631,frag@95.05 loss@195.06 loss@221.05 loss@256.05 frag@111.04 frag@77.04 loss@243.15 loss@236.05 loss@401.15 loss@274.14 loss@188.05 loss@91.05 frag@107.05 frag@78.05 loss@273.16 loss@203.03 loss@315.12 loss@220.03 loss@310.13 loss@182.04,0.4422224462 0.3227640092 0.04722648859 0.02908790298 0.02393129468 0.01164628752 0.01022367645 0.008944828063 0.007852502167 0.005422746763 0.005408750381 0.005381264724 0.005190215539 0.004409577698 0.003179621883 0.003135668579 0.00307316659 0.003070506733 0.002904276364 0.002633652417
632,frag@175.12 frag@153.03 loss@220.09 loss@251.06 loss@267.09 loss@214.11 loss@208.1 frag@133.04 loss@277.09 loss@218.11 loss@273.11 loss@267.1 frag@135.05 loss@218.09 loss@264.09 loss@310.12 loss@263.09 loss@250.14 loss@179.09 loss@229.09,0.2241895199 0.1962354034 0.03795877099 0.03506797925 0.02583014779 0.011507052 0.01111501362 0.01019961946 0.0100784665 0.01004544739 0.009346088395 0.009021116421 0.008439009078 0.008238523267 0.008117568679 0.005961501971 0.005864545703 0.005843676627 0.005699800327 0.005399303976
633,frag@178.06 loss@274.11 loss@229.07 loss@211.06 loss@215.09 loss@287.1 loss@231.1 loss@285.12 loss@296.15 loss@213.0 loss@191.1 loss@140.03 loss@242.1 loss@227.12 loss@175.03 loss@277.12 loss@229.09 loss@219.09 loss@199.09 loss@229.12,0.4869333208 0.1296629012 0.121164009 0.04617289081 0.0313693881 0.02122696675 0.01609137282 0.009003694169 0.00882065855 0.008199927397 0.006203185767 0.005466529634 0.004160120152 0.00293781911 0.002791793086 0.002573519945 0.002513678977 0.002291830024 0.002279255772 0.002249498619
634,loss@269.09 frag@237.11 loss@166.08 frag@149.01 loss@203.99 frag@231.05 frag@225.08 frag@200.09 loss@313.09 frag@280.07 loss@433.13 loss@303.05 frag@253.12 frag@233.04 loss@147.13 frag@232.06 frag@331.16 frag@269.11 frag@199.0 frag@290.09,0.1723314673 0.1226160601 0.07013443112 0.06832660735 0.05407446623 0.03753677756 0.03166576847 0.03071654961 0.01466205157 0.01237668656 0.01096490771 0.009451503865 0.007832955569 0.006696822122 0.005847387481 0.004896271974 0.004703120328 0.004533795174 0.004454515409 0.00411291467
635,frag@123.03 frag@113.04 loss@197.08 loss@189.06 loss@227.1 loss@257.05 frag@123.04 frag@158.99 frag@93.03 loss@227.07 loss@274.14 loss@274.12 loss@224.02 loss@272.08 frag@151.02 loss@210.12 loss@184.15 loss@291.05 frag@365.14 loss@197.09,0.2040982991 0.1639272273 0.1406285912 0.1005414501 0.09399563819 0.08501781523 0.05814116448 0.03369808197 0.0129824169 0.007474595681 0.006780288648 0.00588019751 0.004788871855 0.004339831881 0.00346173509 0.002765487414 0.002742161043 0.002627257723 0.002431573346 0.002197317546
636,frag@139.01 frag@138.99 frag@113.02 frag@129.01 frag@169.01 frag@70.04 loss@204.14 loss@155.01 loss@226.09 loss@181.12 loss@200.07 loss@141.03 loss@177.04 loss@244.04 loss@298.18 loss@222.03 frag@139.99 loss@201.02 frag@171.03 frag@125.99,0.1172088087 0.1130597815 0.05129794404 0.04801765084 0.04335324466 0.03867238015 0.03503144905 0.03421675041 0.03349236771 0.02881124802 0.02600668557 0.02227771096 0.02105683833 0.01288159937 0.01233322825 0.01215442736 0.01144224498 0.00947340019 0.008616901934 0.008343810216
637,frag@82.03 loss@252.12 loss@247.1 loss@273.11 loss@294.08 loss@237.11 frag@99.06 loss@261.14 loss@219.06 loss@235.12 loss@276.11 loss@220.09 frag@125.08 loss@264.13 loss@267.13 loss@228.12 loss@277.12 loss@372.12 loss@272.13 loss@235.13,0.4689690471 0.08537898213 0.06088420749 0.04580431432 0.02437002771 0.01463343389 0.01377683971 0.01150682103 0.009171500802 0.009070028551 0.008310832083 0.007486361079 0.006546135992 0.005694155116 0.005644478835 0.005361119285 0.004562297836 0.004156571347 0.004145633429 0.003917437512
638,loss@140.1 frag@240.08 loss@296.05 loss@153.08 frag@229.14 frag@171.06 frag@179.11 frag@221.08 frag@180.99 frag@275.08 frag@290.09 loss@292.12 frag@181.07 frag@205.08 loss@96.07 frag@271.09 frag@275.09 frag@196.1 frag@313.13 frag@259.1,0.3277146518 0.183523789 0.06654251367 0.05965623632 0.05165031552 0.04558741674 0.04486306012 0.01067367941 0.0103034582 0.008386428468 0.005826463923 0.005438844673 0.005381747615 0.005371774081 0.003148320597 0.003081721719 0.00300216279 0.002695624018 0.00251408387 0.002362754662
639,frag@108.01 frag@172.02 loss@268.02 loss@265.07 loss@179.01 loss@273.05 frag@287.15 frag@166.13 frag@151.09 loss@245.96 loss@282.04 frag@46.35 frag@178.03 frag@146.01 frag@209.04 loss@185.97 frag@268.14 loss@313.04 loss@311.08 frag@43.46,0.04791799933 0.03141202778 0.02307540178 0.01622738503 0.01409043744 0.01168710925 0.01158516854 0.01142031606 0.01096527092 0.00873413682 0.008111320436 0.007618468255 0.007577008568 0.007028267719 0.00681611849 0.006711956579 0.006556966342 0.006018464454 0.006006801501 0.005958985537
640,frag@78.05 loss@195.01 frag@183.01 loss@296.16 loss@284.03 frag@75.0 frag@153.0 loss@244.16 loss@339.12 loss@231.11 loss@261.04 frag@85.04 frag@241.01 frag@132.1 frag@207.1 frag@179.07 frag@71.01 loss@341.1 loss@277.15 loss@294.13,0.1418438405 0.06461978704 0.06419675052 0.02116818912 0.01752990857 0.01643152162 0.009017230943 0.008628650568 0.008470776491 0.007607274223 0.007522935979 0.007199001033 0.006967696827 0.006943839137 0.006894587073 0.006837795023 0.006701989099 0.006350517273 0.006228856742 0.00581274787
641,loss@180.16 frag@211.12 loss@258.01 loss@138.0 frag@289.1 frag@112.1 frag@188.06 frag@272.08 loss@235.98 frag@152.01 frag@319.14 loss@260.04 loss@208.17 loss@317.06 frag@300.1 loss@230.04 frag@197.09 frag@233.02 frag@245.04 frag@229.07,0.06869131327 0.02833885886 0.02439568751 0.01179140527 0.009036212228 0.008563884534 0.008218569681 0.00760080386 0.007187732495 0.007079102099 0.00690985471 0.006277921144 0.00611287402 0.006102506071 0.005854845047 0.005148543045 0.005144830327 0.004849108867 0.004486074205 0.004385293927
642,loss@206.04 frag@166.07 loss@131.04 loss@261.16 frag@130.01 frag@170.02 loss@125.06 loss@152.11 frag@108.02 loss@169.01 frag@153.04 frag@196.96 frag@151.1 loss@194.03 loss@197.06 frag@207.08 loss@196.06 loss@119.08 frag@177.03 loss@159.08,0.2435588539 0.2294534743 0.02738409676 0.02549169958 0.01895162463 0.01578583755 0.01553517859 0.01336610503 0.01300165523 0.01235562749 0.01232975163 0.01122374367 0.008634529077 0.008622328751 0.007152225822 0.006591671146 0.006316598039 0.005533820949 0.005324817728 0.005076710135
643,frag@43.02 loss@273.12 loss@277.13 loss@257.01 loss@269.17 loss@174.11 loss@193.15 loss@239.17 loss@322.11 loss@293.06 loss@349.09 loss@227.15 loss@321.15 frag@196.13 loss@355.12 frag@195.99 loss@304.06 loss@185.11 loss@314.13 loss@253.0,0.4525044858 0.06694190204 0.0434275642 0.03410733491 0.02937343903 0.02292696759 0.01831732877 0.01334063523 0.01173926704 0.008422247134 0.008403448388 0.007372944616 0.006666518282 0.005326265935 0.004935353063 0.004911711439 0.004482117016 0.003990832716 0.003797478508 0.003571666544
644,loss@169.03 frag@174.09 frag@144.07 frag@117.06 frag@171.09 frag@132.08 frag@128.05 frag@143.07 frag@144.08 frag@157.08 frag@130.06 frag@160.08 frag@145.09 loss@145.09 frag@285.1 loss@197.02 frag@142.07 frag@104.03 frag@115.05 frag@130.07,0.4354353547 0.0948363021 0.03306769207 0.03075717203 0.02389605157 0.0211673975 0.02045431361 0.02030890435 0.01769690588 0.0154485479 0.01357545797 0.01164811663 0.01009836793 0.009744768031 0.009391202591 0.008920912631 0.008819955401 0.006940677762 0.006502540316 0.006484352984
645,frag@80.05 loss@236.06 loss@228.07 frag@108.04 loss@201.04 frag@94.06 frag@53.04 frag@107.06 loss@200.06 loss@194.07 frag@137.07 loss@252.07 frag@120.04 frag@110.06 frag@135.06 frag@92.05 loss@212.06 loss@226.05 frag@68.05 frag@79.04,0.1670494378 0.1034972817 0.06918881834 0.03826431558 0.03740984201 0.03623303771 0.02451458573 0.0230376441 0.02199475467 0.02184485085 0.02149813809 0.0180827491 0.01531228796 0.01277191658 0.01220252737 0.01144061703 0.01088297088 0.01022759359 0.009311361238 0.008429372683
646,loss@198.03 frag@167.05 loss@250.04 frag@130.0 frag@179.09 frag@55.03 loss@198.05 loss@244.05 frag@193.01 loss@290.07 frag@210.05 frag@208.07 frag@268.05 frag@154.99 loss@337.15 loss@157.12 frag@130.1 loss@196.05 loss@286.12 frag@169.17,0.06341868639 0.05854844674 0.05447598919 0.04141859338 0.02911645174 0.02871818095 0.02344391309 0.0172892753 0.01678239554 0.01570080407 0.01492211688 0.01384923421 0.01103325654 0.008876413107 0.007915003225 0.007419413887 0.006969190203 0.006476316135 0.006316020153 0.006196525879
647,frag@67.05 loss@278.12 frag@81.07 frag@57.03 loss@280.14 loss@221.11 frag@136.11 loss@313.12 loss@213.02 frag@95.09 loss@254.14 loss@261.11 frag@85.06 loss@232.11 frag@83.05 loss@233.11 frag@71.05 frag@93.07 loss@295.12 loss@223.1,0.2742117643 0.1342101544 0.04583937302 0.04531721026 0.03527571261 0.02307286114 0.01982471719 0.0197041966 0.01800717786 0.0126035912 0.01234795153 0.01077341381 0.01074737869 0.01071524341 0.009613266215 0.008953689598 0.008604153991 0.007363573182 0.0061816792 0.006176310591
648,frag@187.08 loss@290.15 loss@304.17 loss@329.15 loss@335.18 loss@192.12 loss@478.29 frag@296.11 loss@455.15 loss@172.0 loss@263.17 loss@191.99 frag@273.16 loss@311.14 loss@353.19 frag@230.06 loss@292.19 frag@183.03 frag@296.12 loss@259.18,0.3792361915 0.1213964298 0.02728765272 0.02075778693 0.01652813144 0.009188260883 0.006993147545 0.006928652525 0.006551203784 0.006432787515 0.006382647902 0.005626906175 0.005301657598 0.00442162808 0.003385769669 0.003241774859 0.003049374558 0.002706166822 0.002688428154 0.002573881997
649,loss@144.14 frag@184.11 frag@243.14 frag@194.15 frag@81.08 frag@289.1 frag@360.11 frag@218.17 loss@270.12 frag@214.0 loss@312.21 frag@156.09 frag@210.98 loss@268.13 frag@61.04 frag@224.1 frag@312.13 loss@60.0 frag@250.15 loss@276.99,0.05378654972 0.0137783736 0.01253938302 0.009785837494 0.008788740262 0.006683086511 0.006469184998 0.006039295346 0.005446914118 0.004760256968 0.004348817281 0.00376842916 0.00375942653 0.003526181914 0.003424995113 0.003334309207 0.003331820248 0.003291383386 0.003226319095 0.003137166612
650,loss@140.08 frag@141.04 frag@211.12 loss@239.08 frag@323.11 loss@105.04 frag@43.02 loss@144.05 frag@115.06 loss@256.15 loss@184.15 loss@202.14 frag@185.03 frag@203.03 frag@306.11 frag@97.06 frag@215.05 frag@236.11 loss@316.1 loss@306.14,0.170073539 0.06687749922 0.05789040402 0.04998860881 0.02586775646 0.01864063554 0.01685237139 0.01580647007 0.01471208222 0.01439014263 0.01397296786 0.01311197411 0.01230919827 0.01121782698 0.008925542235 0.008539983071 0.00848631002 0.008470212109 0.008388223127 0.007043096237
651,frag@109.04 frag@110.99 frag@127.05 frag@123.05 frag@137.07 loss@205.07 loss@209.12 loss@194.12 loss@192.07 loss@196.1 frag@97.04 loss@180.07 loss@194.05 loss@237.12 loss@230.08 loss@172.03 loss@192.14 loss@222.15 frag@166.1 loss@206.12,0.2165643722 0.07623381913 0.03385579214 0.03287831321 0.03207692504 0.0282901749 0.02606382035 0.02448217198 0.02412142046 0.02258838713 0.02182080597 0.01819445565 0.01777440496 0.01688722894 0.0161544811 0.01607245393 0.01393357944 0.01339860354 0.01257365663 0.0121115353
652,frag@128.05 loss@171.04 frag@156.05 frag@134.02 loss@260.06 frag@145.08 loss@83.04 loss@170.05 loss@169.03 loss@190.02 loss@141.04 frag@147.06 frag@192.01 frag@116.05 loss@152.02 loss@313.13 frag@172.04 loss@100.99 frag@346.04 frag@118.06,0.1399977207 0.1240604892 0.04329488799 0.03500814363 0.03305950388 0.03116243519 0.02839912288 0.02448227443 0.02011503838 0.01887208782 0.01607406884 0.0143761402 0.01215432491 0.01110916771 0.01001899131 0.009303134866 0.008001610637 0.007918859832 0.007015537471 0.006967836525
653,frag@206.09 loss@277.12 loss@234.2 frag@161.09 frag@296.12 loss@198.15 loss@256.13 loss@251.14 loss@296.15 loss@330.17 frag@168.02 loss@206.1 loss@167.0 frag@184.98 frag@292.09 frag@160.09 frag@178.02 frag@104.07 frag@311.2 loss@188.08,0.05358196795 0.04783552885 0.03942111135 0.0305483453 0.01971072704 0.01572244242 0.0117750708 0.008164930157 0.007565345615 0.007300898898 0.006905971095 0.006773614325 0.006636288017 0.005784650799 0.005678356625 0.005103661213 0.005085305776 0.004261345137 0.003949648701 0.003882791614
654,frag@205.09 frag@174.13 frag@208.12 frag@215.12 loss@318.15 loss@229.15 frag@249.13 frag@226.12 loss@345.13 loss@306.17 frag@230.04 loss@297.14 frag@338.08 loss@149.12 frag@130.02 loss@306.15 loss@327.11 loss@260.19 loss@180.15 loss@277.17,0.09605018795 0.07071949542 0.05465488136 0.04248747975 0.03840846196 0.03734164312 0.03350254521 0.02287553251 0.01857180707 0.01606972516 0.01581202634 0.01508170553 0.01170273591 0.01149163581 0.01145068184 0.0108907856 0.009688054211 0.009345039725 0.009333950467 0.008521358483
655,loss@101.08 loss@99.07 loss@71.07 frag@203.06 frag@182.08 loss@99.1 frag@197.11 frag@232.09 frag@212.12 loss@114.08 loss@126.08 frag@195.06 frag@187.05 frag@253.11 frag@175.07 frag@226.09 loss@113.12 loss@100.06 frag@194.97 frag@162.01,0.0872143507 0.07786592841 0.05084121972 0.04907267913 0.04686175287 0.04576349631 0.04092862457 0.0377208218 0.03554048762 0.03433232754 0.03187162429 0.02908935584 0.02165930532 0.01798176207 0.01726201549 0.01710730791 0.01639102958 0.01637762412 0.01217719167 0.01147288829
656,frag@162.05 loss@191.07 loss@179.08 loss@177.06 loss@287.05 loss@195.04 loss@203.06 frag@113.04 frag@123.02 frag@81.02 loss@216.08 frag@123.03 loss@189.04 loss@161.05 frag@224.04 loss@164.05 loss@344.09 loss@372.05 loss@314.08 loss@267.02,0.4869005382 0.1835528463 0.1424973011 0.1115525439 0.03946921974 0.003213833319 0.001807558932 0.00156162132 0.001226836815 0.001129563199 0.001053710468 0.0007358758012 0.0006747079315 0.0006619034102 0.0006340162363 0.0006107651279 0.0005889634485 0.0005549615016 0.0005424765986 0.0005189426593
657,frag@226.07 frag@95.04 loss@148.12 loss@312.1 frag@239.13 loss@78.01 loss@105.02 frag@303.15 frag@317.13 frag@214.03 loss@60.03 frag@166.0 frag@196.04 frag@295.03 frag@80.03 frag@210.0 frag@232.03 loss@226.18 loss@165.01 loss@89.03,0.04649667814 0.03953403234 0.03873424605 0.03777462989 0.0363195911 0.03460132703 0.02803710103 0.01741088182 0.01107379701 0.01073001139 0.009000773542 0.008307474665 0.006792193744 0.006231572013 0.006066528149 0.005662715528 0.005558237899 0.005248062778 0.004866521806 0.004782390781
658,frag@82.06 frag@56.05 loss@280.15 loss@246.07 loss@194.09 loss@278.17 loss@271.14 loss@242.05 frag@82.07 loss@266.12 frag@84.08 loss@265.11 loss@197.15 loss@244.01 loss@196.12 loss@271.12 frag@84.06 loss@204.15 frag@112.08 loss@224.12,0.2835232019 0.09466798604 0.06312461942 0.04383641481 0.03843393549 0.02848309278 0.02419990301 0.02285243571 0.01873785257 0.01749076694 0.01616037451 0.01512279827 0.01013751514 0.00954254251 0.008764842525 0.008586719632 0.008228541352 0.008133356459 0.007660464849 0.00747591909
659,frag@121.03 frag@187.12 frag@133.06 loss@248.09 frag@86.99 loss@233.12 loss@229.12 loss@273.11 frag@110.05 frag@106.06 loss@215.11 loss@231.1 frag@147.05 loss@241.12 frag@132.06 loss@205.11 loss@203.08 frag@133.08 frag@121.04 loss@229.09,0.09747701138 0.06591712683 0.06327930093 0.04707089067 0.04435556754 0.03457291424 0.03287231177 0.03238366917 0.02442756295 0.01664686017 0.01296081301 0.01232194528 0.01120241266 0.01108470187 0.01097157225 0.01028977614 0.009935391136 0.009090810083 0.008894680999 0.008817560039
660,frag@204.15 loss@115.09 loss@248.03 frag@250.13 frag@229.04 loss@269.04 frag@227.08 frag@266.11 loss@316.13 loss@119.09 loss@311.18 frag@199.07 loss@99.08 frag@206.05 frag@113.08 loss@147.13 frag@74.02 loss@234.01 loss@360.08 loss@289.19,0.1364834607 0.05434178188 0.04208845645 0.03974623606 0.0355046615 0.02598847076 0.01748066396 0.01112129819 0.01107970346 0.01003838517 0.009963810444 0.009667079896 0.008615700528 0.008421105333 0.008231421933 0.007963062264 0.0075926641 0.007443237584 0.007262269966 0.006948772352
661,frag@109.08 loss@215.07 loss@258.07 frag@81.04 loss@187.04 frag@80.05 frag@107.06 frag@54.03 loss@223.04 loss@212.06 loss@173.07 loss@215.05 frag@66.03 frag@92.05 loss@289.13 loss@167.07 loss@223.05 loss@164.06 loss@210.06 loss@214.04,0.2148170769 0.100448899 0.05933209136 0.04776278883 0.03906002641 0.03524703532 0.02498102002 0.02247448452 0.01973987557 0.01940792613 0.0175360404 0.01724838652 0.01649029739 0.01386673003 0.01018262561 0.009602709673 0.009592458606 0.008422370069 0.008227156475 0.006798919756
662,frag@223.08 frag@192.04 loss@110.04 loss@136.02 loss@174.03 loss@108.0 frag@264.11 loss@252.93 loss@90.0 frag@220.95 loss@71.98 loss@138.02 frag@199.03 loss@234.09 loss@92.08 loss@295.02 loss@80.03 loss@284.1 loss@96.03 loss@195.08,0.1956640184 0.1581335068 0.07200757414 0.06145838648 0.05135118589 0.03018066473 0.02633890137 0.01693955809 0.01617909223 0.01364788972 0.0114639448 0.009463695809 0.009159918875 0.007056268398 0.006401277147 0.005409923848 0.00495531084 0.004925185814 0.004442712292 0.004255378619
663,frag@185.04 loss@312.1 loss@256.07 loss@249.06 loss@246.01 frag@66.05 loss@168.11 loss@143.04 loss@172.13 frag@113.01 frag@275.18 loss@236.03 frag@251.05 loss@279.13 loss@266.08 frag@276.14 frag@195.15 frag@179.98 frag@228.99 loss@288.17,0.05583137646 0.04342982173 0.03989652917 0.03429509327 0.03010939434 0.01956356876 0.01518693753 0.01329820231 0.01121317036 0.01050694473 0.01004205458 0.009856284596 0.009658630937 0.009456233121 0.008618394844 0.006134979893 0.005967990961 0.005805779714 0.005702000577 0.005053738132
664,frag@155.03 loss@190.15 loss@151.02 loss@251.14 loss@347.09 loss@215.97 loss@160.98 loss@293.16 loss@154.12 loss@205.05 loss@303.1 loss@258.17 loss@224.03 loss@185.99 frag@316.01 loss@269.06 loss@161.1 loss@139.09 loss@168.01 loss@297.08,0.4892105162 0.1491996497 0.1056341603 0.05501750484 0.0325072594 0.02291487902 0.0130077349 0.01139854919 0.005642776843 0.003692339174 0.003668149933 0.003485559952 0.003182949731 0.003158210078 0.003055287758 0.002633920871 0.002203348093 0.001914827968 0.001888936735 0.001799126621
665,frag@154.99 loss@297.16 loss@137.04 loss@299.09 frag@249.2 frag@211.06 loss@311.14 frag@206.12 frag@239.05 loss@250.12 frag@206.04 loss@260.04 loss@253.93 frag@198.03 frag@220.08 frag@287.08 loss@155.17 frag@301.08 loss@121.03 frag@197.05,0.08447644114 0.04581684992 0.04507199675 0.04398589581 0.03605692834 0.03029000759 0.02833182551 0.0103114862 0.01030771062 0.009961429052 0.009249787778 0.008328008465 0.007873835973 0.007099955343 0.007034270559 0.006728888489 0.006375782192 0.006096990313 0.006046858151 0.005988645833
666,frag@236.03 frag@176.05 loss@234.2 frag@287.07 frag@161.04 loss@228.11 loss@261.1 loss@260.03 loss@191.0 frag@195.99 frag@104.03 loss@272.1 loss@197.02 frag@235.05 loss@273.08 frag@173.95 frag@293.09 frag@143.08 loss@165.07 frag@221.09,0.05374187604 0.04737947881 0.04034903273 0.03077342734 0.02652903832 0.0251857359 0.02313488536 0.01975379139 0.01620901749 0.01503322739 0.01386374049 0.01355065964 0.01349050831 0.01305621304 0.01217930485 0.01124082226 0.01064150594 0.01016754843 0.009855334647 0.009685515426
667,frag@147.09 frag@133.08 loss@203.11 loss@237.11 loss@190.11 frag@147.05 frag@145.08 frag@146.08 loss@216.09 frag@120.04 loss@201.08 frag@187.12 loss@146.08 loss@278.08 frag@121.08 loss@191.11 loss@218.11 loss@205.09 loss@176.1 frag@121.04,0.1499810219 0.1264039278 0.09046617895 0.07745512575 0.04407052323 0.03682151064 0.02558064088 0.01946423203 0.01445209049 0.01255005784 0.01231420413 0.01168419328 0.007449834608 0.007277502678 0.007272246759 0.007157750428 0.007039088756 0.006317283027 0.006062769797 0.005638409872
668,frag@231.08 frag@195.98 loss@291.09 frag@161.04 frag@221.09 frag@227.12 loss@127.05 loss@297.13 frag@298.12 loss@272.19 frag@303.15 frag@92.02 frag@365.08 frag@311.04 frag@131.04 loss@212.0 loss@116.03 loss@104.09 loss@225.12 frag@208.96,0.07520841062 0.03262462839 0.02632429823 0.01928831451 0.01610202715 0.01528973319 0.01353866514 0.01067262795 0.0103368042 0.009124056436 0.008444807492 0.008290454745 0.006210720632 0.005881184712 0.005531552248 0.005215957761 0.005191076081 0.004699972924 0.004290423822 0.004100289661
669,loss@297.12 frag@199.06 frag@198.07 frag@151.07 loss@77.05 frag@158.05 loss@283.12 loss@299.11 frag@196.07 frag@174.05 loss@218.13 loss@188.09 loss@193.99 frag@129.03 loss@323.16 frag@203.09 frag@80.01 loss@106.04 loss@67.04 loss@306.17,0.07521091402 0.06444042176 0.02455361746 0.01757131517 0.01468186639 0.01410224941 0.01349665504 0.01182069164 0.01162899844 0.01153617911 0.01055529341 0.00833837036 0.007758263964 0.007661029231 0.007476733997 0.007005619816 0.006615418009 0.006564233452 0.006548651494 0.006330283824
670,frag@134.08 frag@174.08 loss@293.1 loss@255.05 loss@152.06 loss@336.16 loss@321.1 loss@234.18 loss@294.11 loss@329.09 loss@292.0 loss@172.08 loss@230.15 loss@144.07 loss@211.14 loss@269.04 frag@181.02 loss@124.1 loss@142.05 loss@156.07,0.2535637915 0.1919209063 0.1038355231 0.08995553106 0.02347823232 0.02102420665 0.01424635388 0.0124460049 0.01156635303 0.00772727374 0.005848855712 0.005637156777 0.005582635291 0.005274651106 0.005249339156 0.004749375861 0.004697076511 0.004082754254 0.004030746408 0.003962072544
671,loss@277.14 frag@186.07 loss@331.09 loss@202.14 frag@153.03 frag@214.07 frag@115.12 loss@291.14 loss@294.06 frag@168.11 loss@308.09 loss@245.01 frag@163.0 loss@264.18 loss@159.13 frag@247.07 frag@180.05 frag@327.18 frag@231.15 loss@142.11,0.06075354293 0.05516591296 0.03527258709 0.02641691454 0.02418968268 0.02212763578 0.01556172967 0.01356520783 0.01244450174 0.01065728907 0.009945389815 0.007986036129 0.007650899235 0.007585720159 0.007510597818 0.007074238732 0.007042439654 0.006700603757 0.00650445791 0.006141024176
672,frag@104.05 loss@214.09 frag@132.04 frag@118.06 loss@217.09 loss@204.09 frag@146.06 loss@286.13 frag@132.08 loss@215.09 frag@103.05 frag@118.07 loss@227.11 loss@206.08 loss@240.13 frag@128.05 frag@117.06 frag@105.06 loss@201.09 frag@148.1,0.143139109 0.08377340436 0.05721211061 0.05261777714 0.03720798716 0.03481514007 0.02585425228 0.02198361605 0.02197279222 0.02190923132 0.02033155225 0.01663986407 0.01529309526 0.01436864398 0.01377064548 0.01075878087 0.01046213415 0.0103293648 0.009867846034 0.00814665854
673,frag@206.1 loss@241.13 loss@289.08 frag@278.14 loss@335.18 loss@179.12 loss@292.19 loss@323.12 frag@296.09 frag@263.09 loss@246.01 loss@315.09 loss@263.17 loss@250.12 loss@323.06 loss@180.12 loss@315.08 loss@195.17 frag@393.12 frag@276.07,0.2040264308 0.02407474257 0.02351068333 0.02279595099 0.02009702288 0.01707063615 0.01659152098 0.01559602935 0.01555487514 0.01467500348 0.009687425569 0.007752689999 0.007717325818 0.007578712888 0.006602811161 0.006231850013 0.004888255149 0.004350516014 0.004335664678 0.004317168146
674,frag@141.14 loss@278.05 frag@239.13 frag@95.04 loss@288.1 frag@120.05 frag@71.09 loss@267.19 loss@312.1 loss@272.07 loss@285.17 frag@135.01 frag@195.15 loss@227.03 loss@261.14 frag@259.17 loss@265.04 frag@265.02 loss@315.15 loss@325.07,0.06536500156 0.03228626028 0.03144554794 0.03019028902 0.0243489705 0.02328983508 0.01664376445 0.01489564404 0.01450807601 0.01145878714 0.009474841878 0.007804666646 0.006664171815 0.006571034901 0.00625366671 0.006062291097 0.005639925133 0.005157580599 0.004669241142 0.004294628277
675,frag@107.04 frag@106.05 loss@184.05 loss@291.09 loss@286.02 frag@218.03 loss@167.05 loss@197.04 frag@231.08 loss@186.96 loss@283.05 loss@261.07 loss@279.02 loss@200.04 loss@46.03 loss@119.0 loss@124.98 loss@326.02 loss@142.05 loss@60.19,0.2346266955 0.1576781273 0.1574795842 0.007400806993 0.006288936827 0.005967286881 0.005614188965 0.005086427554 0.004664364737 0.004663479049 0.004166147206 0.003539950354 0.003269235604 0.003195045283 0.003161386354 0.003119767411 0.003060984192 0.002937381854 0.002872343641 0.002801714698
676,frag@177.08 loss@274.13 loss@226.08 loss@302.14 frag@148.08 frag@99.07 loss@302.12 loss@266.04 loss@296.15 loss@295.14 frag@160.1 loss@217.13 loss@250.08 loss@262.13 frag@169.01 loss@267.14 loss@134.02 loss@241.16 loss@302.02 loss@286.17,0.2944787145 0.08209590614 0.02654027566 0.0188063439 0.01729175076 0.01414627768 0.01316963695 0.0094513027 0.008659011684 0.007133102044 0.006967658643 0.006250887178 0.006054772064 0.006048130337 0.005471562967 0.005450992379 0.005385493394 0.005366994068 0.005282154307 0.005053714849
677,loss@273.09 loss@155.05 loss@264.07 frag@69.99 frag@166.1 frag@206.12 loss@267.02 loss@144.02 frag@178.11 frag@76.02 frag@125.02 frag@329.12 frag@262.07 frag@148.02 frag@211.02 frag@128.0 loss@130.04 frag@99.01 frag@221.02 frag@125.03,0.1428583115 0.05560762808 0.03880845755 0.02711438388 0.02645681798 0.02287514508 0.01867292821 0.0138478009 0.01206959598 0.01167704165 0.01166853681 0.009021718986 0.008425703272 0.008380720392 0.007776006125 0.007747759111 0.007432047743 0.00662409002 0.006080215797 0.006010903511
678,loss@201.06 frag@153.05 frag@106.07 frag@172.95 frag@147.05 loss@179.05 frag@112.06 loss@214.04 frag@160.07 loss@218.1 frag@176.05 loss@247.07 frag@121.08 frag@120.06 frag@234.13 loss@241.15 loss@199.07 frag@156.05 loss@221.03 loss@144.01,0.2199918777 0.1016216055 0.07705944777 0.07483502477 0.04132140055 0.0198984202 0.01890554652 0.01566575281 0.01142738387 0.01102243271 0.01080758683 0.01080671418 0.0100437142 0.009142866358 0.005932588596 0.005708446261 0.005594245624 0.005292948335 0.005006760359 0.004855495878
679,frag@110.02 frag@141.03 loss@231.1 frag@86.99 loss@229.09 loss@203.08 loss@196.03 loss@295.11 frag@141.01 loss@191.1 loss@237.11 loss@209.11 loss@250.14 loss@184.08 loss@188.08 loss@206.03 loss@277.12 loss@220.09 frag@172.06 loss@216.09,0.1444483846 0.1306014508 0.05808009207 0.03737575188 0.02777191438 0.02704062685 0.02083127014 0.01586510427 0.01481390279 0.01330275089 0.01195733901 0.01097275503 0.009443260729 0.006667827722 0.006367262919 0.00613880204 0.006135928445 0.005819583312 0.00573700713 0.005344436038
680,frag@108.07 loss@192.1 loss@151.07 loss@228.14 frag@166.07 loss@152.11 loss@261.16 frag@229.15 frag@170.02 frag@154.09 frag@180.09 loss@261.02 frag@123.09 frag@136.09 loss@131.04 frag@196.96 frag@175.02 frag@140.0 frag@154.12 loss@306.08,0.07773228735 0.07287412137 0.05301179364 0.03705438599 0.02280095965 0.019074874 0.01844826713 0.01358017884 0.01181589253 0.01177278999 0.01125780493 0.01124902628 0.01045002695 0.009432667866 0.009173529223 0.00900549721 0.008095712401 0.007738749031 0.007732064929 0.007496626116
681,frag@94.04 frag@149.05 loss@149.07 loss@198.04 loss@233.03 frag@188.06 loss@141.07 loss@151.09 loss@115.08 loss@192.01 loss@132.04 frag@264.12 frag@150.08 frag@299.15 loss@180.95 loss@39.05 frag@230.93 loss@147.09 frag@167.06 loss@118.01,0.1852141768 0.1316008121 0.08488585055 0.05043109506 0.04359376431 0.0408006236 0.04032094777 0.0332024917 0.02220190503 0.02216196805 0.02119074389 0.01896594837 0.01490203943 0.01306423824 0.01258434914 0.01218916941 0.009011304006 0.007622166071 0.006558069959 0.006125768181
682,loss@50.04 frag@233.07 frag@125.03 frag@95.99 loss@199.99 loss@266.01 loss@89.03 loss@116.02 loss@137.02 frag@251.05 frag@262.07 frag@80.03 loss@66.01 loss@343.98 frag@311.11 frag@437.15 loss@92.0 frag@335.14 loss@276.99 frag@235.06,0.1200687364 0.1051388383 0.04466223344 0.02323990501 0.02050493471 0.01826902665 0.01514152531 0.01021125447 0.009992163628 0.008673763834 0.007037115283 0.006905976217 0.006752124522 0.0057063438 0.005375374574 0.00528551545 0.004500488751 0.004200831521 0.004022782668 0.004009937402
683,frag@46.06 frag@139.09 frag@162.06 loss@228.07 loss@185.15 loss@282.12 loss@277.13 loss@232.07 frag@164.06 frag@84.06 loss@210.08 loss@238.06 frag@341.16 frag@84.04 loss@303.19 loss@273.02 frag@56.05 loss@248.06 frag@274.01 loss@194.09,0.070925273 0.06513802707 0.02769422345 0.01947295107 0.01460988913 0.0145369228 0.01229176018 0.01077803131 0.008383857086 0.00805565156 0.006705679931 0.006615526509 0.006162555888 0.006114213262 0.005996389315 0.005742956884 0.005711522419 0.005673483945 0.005508638453 0.005378641188
684,loss@246.12 frag@236.07 frag@224.11 frag@68.02 loss@63.07 frag@234.1 loss@116.13 loss@107.09 loss@171.16 frag@206.04 frag@218.13 frag@200.09 frag@401.14 frag@235.98 loss@74.07 loss@127.14 loss@100.09 frag@249.1 frag@216.11 loss@472.24,0.1424246877 0.1240784898 0.05275694653 0.05143143237 0.03273578361 0.03132836521 0.02041539736 0.02006345801 0.01731789857 0.01134521328 0.01086243242 0.009083799087 0.008106264286 0.007912579924 0.00761148287 0.006521445233 0.006406944245 0.006181947887 0.00608925242 0.005223145243
685,frag@118.06 loss@176.1 loss@189.08 frag@146.06 loss@204.09 loss@184.07 frag@128.05 frag@132.08 loss@217.07 loss@193.04 loss@185.05 frag@145.08 frag@119.06 loss@175.03 frag@118.07 frag@130.06 loss@234.07 loss@227.11 loss@187.1 loss@262.06,0.2963724732 0.1189034805 0.0806767866 0.06017739326 0.02309110574 0.01986568607 0.01387827005 0.01343056746 0.01269310433 0.012334086 0.01153161656 0.01053156424 0.009553990327 0.008056233637 0.00795989763 0.007887806743 0.007846125402 0.007841787301 0.007788377814 0.00706728315
686,frag@70.99 frag@112.02 frag@44.98 loss@197.06 loss@207.07 frag@73.01 frag@140.02 frag@98.01 loss@153.02 frag@126.0 loss@277.09 loss@223.03 loss@237.03 frag@98.99 loss@194.03 loss@225.05 loss@224.04 loss@251.01 loss@130.09 loss@200.03,0.1001048014 0.09443032742 0.08581349999 0.05905282125 0.0478675589 0.04585282505 0.04127271846 0.03511188552 0.02389178425 0.01928824373 0.01874431036 0.01711183786 0.01539989933 0.01519435085 0.01294115558 0.01043435279 0.01028546412 0.009188449942 0.008665203117 0.008034450933
687,loss@230.11 frag@160.11 frag@188.11 loss@226.14 loss@241.12 loss@220.09 loss@259.1 loss@185.08 loss@200.1 loss@193.11 loss@174.07 loss@255.08 loss@180.1 loss@202.11 loss@259.13 loss@251.06 loss@229.09 loss@234.19 loss@165.08 loss@269.12,0.3431826532 0.2494529337 0.2428373545 0.007758058142 0.005736932624 0.00413599005 0.004096463788 0.003407962155 0.003267446533 0.003046594793 0.003004256869 0.002698487137 0.002696601441 0.002296256134 0.002163736382 0.002084241249 0.002051587682 0.002047504298 0.001901523909 0.001844804967
688,loss@142.02 frag@169.04 loss@166.05 frag@166.01 frag@162.02 frag@258.07 loss@114.02 loss@308.04 loss@190.96 loss@282.16 frag@203.02 loss@154.03 loss@330.07 frag@349.14 loss@198.02 loss@280.09 loss@80.04 frag@182.96 frag@207.04 loss@139.08,0.1841089875 0.1801829189 0.1744402647 0.1132973358 0.07106449455 0.07048101723 0.02034132928 0.01902811415 0.01052969974 0.008831468411 0.008058858104 0.00611175783 0.00377626624 0.003059007926 0.002962284489 0.002774805529 0.00251158746 0.002430907451 0.00230253581 0.002233304782
689,frag@233.1 loss@209.04 loss@299.09 frag@212.04 frag@254.13 frag@182.12 loss@166.06 frag@270.11 loss@147.11 loss@347.03 loss@302.02 loss@290.03 frag@312.16 frag@303.06 frag@125.05 frag@211.07 loss@280.01 frag@139.11 loss@329.07 loss@230.01,0.3031801879 0.1247680634 0.0339691937 0.02251695842 0.01980166323 0.01464808267 0.01427983306 0.01025361661 0.008130795322 0.007236273494 0.005982872564 0.005973454565 0.005384439137 0.005184691865 0.005153605714 0.004613185767 0.004579783417 0.004090019502 0.004040638916 0.003946329933
690,frag@59.99 frag@146.05 loss@147.09 frag@224.09 frag@192.09 loss@151.09 frag@233.06 frag@142.03 loss@114.11 loss@83.02 frag@283.08 loss@126.06 frag@197.05 loss@84.04 loss@88.09 frag@304.06 loss@156.07 loss@214.06 loss@118.07 frag@229.04,0.05794653296 0.05387664959 0.04117538035 0.0295953732 0.02542364597 0.0217054747 0.01541179512 0.0123722041 0.01183131803 0.01161092613 0.01160486694 0.01128508803 0.01100234594 0.008662088774 0.008519943804 0.007568850182 0.007112184539 0.007109384052 0.006498422474 0.005963081028
691,frag@205.08 loss@203.12 loss@113.1 loss@214.06 frag@146.04 loss@130.03 frag@59.99 loss@153.13 loss@84.07 loss@105.12 loss@102.03 frag@164.05 frag@216.05 frag@267.1 loss@88.09 loss@125.06 loss@126.06 frag@192.11 loss@101.1 loss@394.08,0.3588159978 0.1389376819 0.08606564254 0.06842917949 0.04644998536 0.04417782649 0.02787872031 0.02192534693 0.0118805645 0.01181011833 0.009447230026 0.007899332792 0.006382589694 0.0062188874 0.006018239539 0.005324750673 0.004575929604 0.003948530648 0.003853293369 0.003469566582
692,frag@122.04 frag@155.07 loss@236.1 frag@165.05 loss@314.09 loss@163.04 loss@263.07 loss@238.12 loss@208.11 loss@234.2 loss@185.09 loss@296.15 loss@185.05 loss@252.06 frag@127.01 loss@199.08 frag@172.06 loss@187.14 loss@252.1 loss@251.1,0.2108625621 0.1681526154 0.07554405183 0.06600524485 0.04443822801 0.03387550265 0.02820160054 0.02198570408 0.01673680358 0.01350390725 0.01300982293 0.009361370467 0.008842136711 0.008197738789 0.006275747437 0.005988192279 0.005541724619 0.004071700387 0.004071253818 0.003884743201
693,loss@166.12 frag@163.1 loss@261.13 frag@209.09 frag@111.06 loss@280.13 frag@95.07 frag@122.07 frag@136.09 loss@192.1 loss@271.07 loss@251.17 frag@165.11 frag@300.18 frag@175.1 loss@196.14 loss@159.13 frag@201.11 loss@165.09 loss@277.03,0.2550036907 0.2534307241 0.08596289158 0.07957974076 0.02504931018 0.02494413406 0.01943926141 0.01458386052 0.01212403271 0.008435993455 0.008419717662 0.007028840948 0.00518458616 0.003322270233 0.00312630157 0.002995996503 0.002986328909 0.002982617123 0.002960103797 0.002949674381
694,frag@155.08 frag@180.1 loss@184.08 loss@266.05 loss@288.12 loss@178.97 loss@203.08 frag@141.01 loss@179.1 loss@175.11 loss@219.07 loss@211.08 loss@137.08 loss@175.1 loss@359.17 loss@164.12 loss@152.04 loss@309.07 loss@259.13 loss@212.13,0.2880609632 0.1935625225 0.1747839898 0.07523490489 0.04640156776 0.0175136961 0.01170343254 0.01067229733 0.007468726952 0.005981104448 0.00481052883 0.004596708808 0.004457204137 0.004285359755 0.004141219892 0.004007829819 0.003590485547 0.003460610751 0.003092277097 0.003031642642
695,frag@119.07 loss@252.06 loss@263.06 loss@160.08 loss@309.05 loss@307.11 loss@182.02 loss@263.07 loss@293.08 loss@159.0 loss@236.03 loss@275.05 frag@323.16 loss@168.12 loss@258.09 loss@126.01 loss@187.93 loss@245.04 loss@304.22 loss@145.06,0.4867154956 0.1413010359 0.1028221175 0.05546139553 0.02706328034 0.01591928862 0.01560325548 0.008683575317 0.006239258219 0.004823449533 0.004813716747 0.003884842852 0.003525686217 0.003246164648 0.00324424915 0.00291553745 0.002669000067 0.002229796955 0.002112712478 0.00210919138
696,loss@129.08 frag@123.02 frag@163.05 frag@145.04 loss@141.12 loss@206.07 loss@169.07 loss@153.08 frag@137.03 frag@152.05 frag@123.03 frag@156.98 loss@252.18 frag@208.11 frag@266.08 loss@129.07 loss@173.0 loss@205.06 loss@151.06 frag@278.13,0.1277420968 0.08433810622 0.08424678445 0.05441119149 0.05229003727 0.04983800277 0.03811233118 0.03304158896 0.03029721603 0.02745305188 0.02516829967 0.02375102602 0.01892367937 0.01818520389 0.01506150793 0.0135454163 0.01323785912 0.01311402675 0.01133161597 0.00973646529
697,frag@160.06 loss@167.05 loss@177.07 loss@186.0 frag@158.04 loss@42.03 frag@200.06 frag@200.07 loss@99.04 loss@108.04 loss@66.01 loss@182.03 loss@43.01 loss@184.02 loss@140.06 loss@170.01 frag@98.04 loss@121.02 loss@138.06 loss@112.0,0.3777194917 0.07464452833 0.06035560369 0.04856179282 0.02523013018 0.02039979026 0.02022900619 0.01975529455 0.01549894549 0.01507720631 0.01310042851 0.0109679075 0.008591937833 0.008261879906 0.007928295992 0.006983311381 0.006741049699 0.006571816746 0.005515257362 0.00523485383
698,loss@260.11 loss@248.08 frag@192.05 frag@109.04 frag@257.14 frag@201.02 frag@119.02 frag@113.05 frag@180.09 loss@147.09 frag@166.07 frag@134.05 frag@173.04 loss@121.04 frag@304.06 frag@127.05 frag@258.12 frag@349.07 frag@188.06 frag@164.06,0.3193597794 0.03978222236 0.03470980003 0.02903222665 0.0285266526 0.02832615189 0.02802047506 0.01729263924 0.01392903086 0.01372583583 0.01152315084 0.009397569112 0.008045092225 0.006755000912 0.006568799261 0.006532528438 0.006439800374 0.006222228054 0.006113599055 0.006002233364
699,loss@142.15 loss@255.03 loss@193.13 frag@277.1 frag@194.11 loss@248.03 frag@199.05 loss@175.12 frag@250.15 frag@96.09 frag@251.07 frag@143.15 frag@292.05 frag@227.08 loss@270.06 frag@208.99 frag@246.04 frag@84.97 loss@49.05 loss@144.14,0.05713584647 0.03957299516 0.03530004993 0.03226555139 0.0284479484 0.01946733892 0.01591595076 0.01163318474 0.01018900611 0.009714752436 0.009356058203 0.009099111892 0.007428646088 0.006655871402 0.005451339763 0.005291807465 0.005277957302 0.005144411698 0.004866217729 0.00458479207
700,loss@228.09 frag@173.07 frag@159.09 loss@256.11 frag@130.07 frag@217.1 loss@191.1 loss@264.11 frag@132.08 frag@138.09 frag@146.06 frag@172.08 frag@158.06 loss@259.1 frag@203.08 loss@187.1 loss@250.08 frag@118.06 loss@220.09 frag@159.1,0.08738174289 0.0743406117 0.07116010785 0.03787718341 0.03299162537 0.02889171056 0.02576700971 0.01913171262 0.01637264714 0.0144399805 0.01391854789 0.01124872174 0.01069421601 0.01060646307 0.01058255509 0.01053784229 0.01018719655 0.009615514427 0.009493166581 0.00933131855
701,frag@65.04 loss@186.04 loss@231.07 loss@210.05 frag@134.01 loss@257.11 loss@217.02 loss@228.06 frag@92.06 frag@111.04 loss@204.12 loss@227.15 loss@200.05 loss@219.09 loss@268.09 loss@227.05 loss@254.05 frag@91.04 loss@238.05 loss@228.08,0.4304562211 0.2832596004 0.04559347779 0.02328054048 0.01906502619 0.0144523764 0.01313048229 0.01310551167 0.009652539156 0.00797141064 0.006201153155 0.004896910395 0.004755232949 0.004399662372 0.004382714629 0.003580200719 0.003519192804 0.00346300099 0.0030082257 0.002584842732
702,frag@179.13 loss@218.07 loss@209.1 frag@177.11 frag@152.08 loss@178.12 frag@108.06 frag@127.03 loss@220.1 frag@161.08 frag@235.05 loss@179.07 frag@448.16 loss@119.05 frag@207.11 loss@183.11 loss@209.06 loss@218.08 frag@290.13 loss@165.1,0.3981098533 0.2944763601 0.1403935254 0.02697194554 0.01510340627 0.01185909286 0.008238775656 0.004517874215 0.003962113522 0.003283483908 0.002999990946 0.002804753836 0.002740961267 0.002658581361 0.002304658759 0.002234518062 0.002168091945 0.002049642848 0.001921149902 0.001786264824
703,frag@184.06 loss@252.09 frag@110.02 loss@103.08 frag@141.03 loss@301.11 loss@211.08 frag@228.11 loss@242.12 loss@280.12 loss@211.06 frag@141.01 loss@278.09 loss@277.14 frag@85.04 loss@277.11 loss@314.09 loss@260.15 frag@86.99 frag@133.07,0.2086507827 0.12150269 0.07620872557 0.07397571206 0.04930866882 0.0226695668 0.01657062583 0.01439072564 0.01161697134 0.01061661448 0.007586751599 0.007570871618 0.007339978125 0.006656061392 0.006216277368 0.006048835814 0.006017438136 0.005684637465 0.005287618842 0.004463373218
704,loss@70.04 loss@85.05 frag@225.11 frag@211.1 loss@127.11 loss@83.07 frag@248.12 frag@130.05 frag@237.1 frag@170.96 frag@194.12 frag@250.12 frag@114.02 frag@333.11 loss@86.05 frag@253.04 loss@100.05 loss@103.06 loss@59.04 frag@215.09,0.1777160764 0.1575062871 0.1527812183 0.1472885311 0.01341084298 0.01274338644 0.01113883406 0.01068617497 0.01033640746 0.008728650399 0.00669042673 0.005724470131 0.005401115399 0.005349422339 0.005120783579 0.004846785683 0.004513967317 0.004210815765 0.004088488873 0.003963311668
705,frag@175.05 frag@162.04 loss@183.1 loss@164.09 loss@177.1 loss@155.08 loss@225.09 loss@278.11 loss@153.1 loss@167.09 loss@250.17 loss@153.09 loss@294.06 loss@230.06 loss@164.1 loss@138.09 loss@165.13 loss@310.11 loss@151.1 loss@145.09,0.3048266172 0.182621181 0.1186744496 0.1076806933 0.07840417325 0.05291680992 0.05009776354 0.02309428528 0.004368327092 0.004354675766 0.002884134185 0.002837974345 0.0020984984 0.002096090233 0.001615308924 0.001601704047 0.001558536314 0.001512815594 0.001483018976 0.001346088247
706,loss@152.1 loss@207.11 frag@109.09 frag@81.06 frag@176.13 frag@99.01 loss@263.12 frag@95.07 loss@168.09 frag@83.02 frag@137.09 frag@190.13 frag@206.05 frag@108.08 loss@228.14 loss@264.07 frag@191.05 frag@290.22 loss@261.1 loss@232.01,0.1876903027 0.06229637563 0.06081245467 0.06008367985 0.04213436693 0.04000482336 0.03811658174 0.0355482623 0.02067524195 0.01318619028 0.01173344348 0.01070247125 0.008947179653 0.007634281646 0.007351806853 0.00687200902 0.006596689578 0.005189308897 0.004685891792 0.004227322992
707,loss@279.11 loss@259.11 frag@125.05 frag@244.11 frag@255.06 loss@295.14 frag@217.1 frag@291.08 frag@267.05 frag@241.05 loss@90.02 loss@125.04 frag@257.11 frag@259.09 frag@270.11 loss@280.12 frag@288.11 loss@211.06 loss@313.07 loss@138.07,0.07646363974 0.06580837071 0.06432256848 0.06006716937 0.03916145116 0.02483135648 0.02425780706 0.02265023626 0.02077274024 0.01705373451 0.01310431119 0.01066228841 0.009226431139 0.008443048224 0.008253850043 0.008013076149 0.007971392944 0.006115291268 0.005866873544 0.004938363098
708,loss@216.04 loss@226.03 frag@183.0 frag@271.12 frag@212.06 loss@144.02 frag@244.04 frag@186.03 loss@195.14 loss@180.0 frag@289.98 frag@275.11 loss@313.1 frag@184.05 frag@226.14 frag@192.08 loss@292.09 loss@383.2 loss@274.05 frag@293.14,0.1386605203 0.08864232898 0.0559848696 0.04016836733 0.02623710223 0.02278845198 0.01994162239 0.0112484321 0.008506429382 0.008102344349 0.007660475094 0.00751671521 0.007232371252 0.007052783854 0.006984773558 0.006938065402 0.006216455251 0.005770951975 0.005553889088 0.00525942212
709,frag@194.09 loss@229.06 loss@140.13 frag@178.11 frag@246.07 loss@240.16 frag@111.06 loss@247.14 frag@233.16 loss@293.14 loss@263.17 loss@234.15 loss@183.11 loss@313.14 frag@138.05 loss@283.07 loss@276.09 frag@273.16 loss@367.18 loss@156.11,0.2802196443 0.09178731591 0.07470088452 0.02550289035 0.02064987831 0.01691450924 0.0147602791 0.01310289465 0.009835381992 0.00889770221 0.007233649492 0.00672222022 0.005982225761 0.005741802976 0.005573869217 0.005428132601 0.004358957522 0.004030993208 0.003515890567 0.003277464071
710,frag@127.03 loss@230.07 loss@201.05 loss@215.04 loss@263.05 loss@256.08 loss@238.07 loss@270.03 frag@79.03 frag@127.0 loss@233.04 frag@155.03 loss@194.04 loss@256.06 loss@252.03 loss@140.03 frag@157.11 loss@189.04 loss@205.05 loss@208.14,0.4750339687 0.1469189078 0.0931359902 0.05041882396 0.04980197176 0.04055653885 0.03585011885 0.02989376709 0.002839853987 0.002822929062 0.002384651685 0.001941655297 0.00181693153 0.001619720017 0.001604813267 0.00119428616 0.001093124039 0.0009517938597 0.0009489922668 0.0009376590024
711,frag@205.13 loss@237.08 frag@139.02 loss@193.06 frag@111.03 frag@88.02 loss@218.1 loss@155.02 frag@220.01 frag@156.03 loss@204.13 loss@119.03 frag@225.14 loss@191.14 frag@140.08 loss@235.07 frag@190.02 loss@201.11 loss@265.16 loss@199.13,0.09016658366 0.06754108518 0.05852715671 0.05130469427 0.04570919275 0.04108704999 0.02232436277 0.01658712886 0.01520593651 0.01299574971 0.01114333887 0.01103221625 0.01022851653 0.00906142313 0.008863725699 0.007876823656 0.007338356692 0.007142143324 0.007062523626 0.005926711485
712,frag@200.09 loss@142.15 frag@266.11 frag@224.11 frag@230.08 loss@115.09 frag@113.08 loss@189.96 frag@281.09 loss@187.16 frag@249.1 loss@291.05 loss@252.14 frag@58.07 frag@333.16 frag@192.15 frag@230.13 loss@277.01 frag@127.07 frag@206.04,0.0402725935 0.02188835107 0.01518406253 0.01424191054 0.01230755169 0.01066702139 0.01050551329 0.009865250438 0.008965947665 0.008565643802 0.008136245422 0.006984783802 0.005766039714 0.005611806177 0.005349907558 0.005157138221 0.004933239892 0.004702057689 0.00453462638 0.004416046664
713,frag@240.09 loss@171.14 frag@239.13 loss@284.1 loss@336.16 frag@245.1 frag@224.09 frag@266.13 frag@174.08 loss@106.01 frag@211.07 loss@118.05 frag@281.1 frag@134.08 loss@184.93 frag@192.15 frag@279.08 loss@269.04 frag@239.05 frag@282.16,0.1417383254 0.08091007918 0.04357173294 0.04055027291 0.03325083852 0.03143512085 0.02993670292 0.02418060601 0.01980073377 0.01335642207 0.0072728917 0.007242423482 0.007087706588 0.00660962658 0.006452057976 0.004985088948 0.004680539481 0.004385527223 0.004239514004 0.004087978974
714,frag@95.06 frag@83.06 loss@209.06 loss@183.14 frag@111.09 loss@241.06 loss@242.04 loss@272.09 loss@230.03 loss@241.02 loss@282.04 loss@236.19 loss@388.12 frag@137.11 loss@208.12 loss@406.06 loss@221.15 loss@210.17 loss@256.17 loss@235.02,0.2500147521 0.1279322505 0.07340404391 0.053652253 0.04998416454 0.04509501159 0.0357821919 0.03461137414 0.02989360318 0.01446197275 0.01239728555 0.01175418217 0.01071907766 0.01040087175 0.01002374664 0.008268065751 0.007381439209 0.006726872176 0.005884811282 0.005048478022
715,loss@204.13 frag@107.06 loss@244.13 frag@135.06 frag@146.96 frag@120.06 frag@96.04 frag@120.04 frag@92.05 frag@134.07 frag@93.04 frag@94.06 frag@80.05 frag@133.08 frag@110.06 frag@148.09 frag@121.08 loss@193.06 frag@135.1 frag@110.99,0.3292370141 0.2221217602 0.1502101868 0.02943958528 0.02660674974 0.02493753657 0.02114097401 0.01609538868 0.015889192 0.01353135798 0.008990116417 0.00785516575 0.007754312363 0.007108810823 0.006966223475 0.00557192089 0.005088021513 0.004446236417 0.00374999037 0.003556634765
716,frag@176.11 loss@186.13 loss@216.07 loss@150.09 frag@222.05 frag@243.12 loss@191.04 frag@45.04 loss@195.1 loss@283.13 frag@162.06 loss@195.13 frag@149.08 frag@223.12 frag@108.06 frag@290.13 frag@144.09 loss@271.07 frag@109.04 loss@260.03,0.1939501613 0.1204609945 0.0587942265 0.03472020477 0.03393428028 0.02202185802 0.01491747238 0.01461542677 0.01432145666 0.01416724734 0.0117846299 0.008037379012 0.007554378826 0.007302644663 0.007260971237 0.007056721952 0.006139517296 0.005785155576 0.005542488303 0.005515924189
717,frag@135.09 loss@215.11 loss@204.13 loss@244.13 loss@205.09 frag@120.04 frag@94.06 frag@110.06 frag@135.06 loss@280.1 loss@220.13 loss@176.13 loss@250.11 loss@192.14 frag@107.06 frag@94.07 loss@163.09 frag@121.08 frag@133.08 frag@120.07,0.283467561 0.09262947738 0.09113479406 0.05984431133 0.04952975735 0.03268900141 0.0213293992 0.02129783295 0.01506127417 0.01320865843 0.01205082238 0.01082643121 0.00990197435 0.009065823629 0.007750824094 0.007286303677 0.007198146544 0.006173193455 0.005963041913 0.005738753825
718,frag@42.03 loss@259.11 loss@183.04 loss@206.05 loss@222.08 loss@259.03 frag@54.03 loss@117.04 loss@187.01 loss@221.04 loss@307.17 loss@249.07 loss@299.13 loss@196.08 loss@196.06 frag@68.05 loss@204.01 loss@282.08 loss@261.06 loss@113.01,0.4747853875 0.2030588835 0.1190200001 0.033775758 0.02415779047 0.007350984495 0.004914269783 0.004354487639 0.004151956178 0.004046041053 0.003511655843 0.003180520376 0.003180189757 0.00312337908 0.003074530279 0.002805447206 0.002613668563 0.00199873955 0.00191709795 0.001841512858
719,loss@135.03 frag@187.05 loss@156.12 frag@102.05 frag@281.1 loss@43.01 loss@144.1 frag@197.07 loss@106.01 loss@261.03 frag@215.13 frag@276.13 frag@202.04 frag@213.11 frag@301.15 frag@194.97 frag@153.98 frag@116.0 loss@99.1 loss@140.09,0.107169807 0.08669640124 0.08341617882 0.05564806238 0.0470350273 0.04507348686 0.02153094858 0.01876769401 0.0161264725 0.01452136319 0.01024930552 0.008880106732 0.008736816235 0.007824569009 0.007816215977 0.006455013994 0.006429400761 0.005918230861 0.004445031285 0.004295385908
720,frag@182.04 loss@241.07 loss@315.1 frag@144.02 frag@235.14 frag@222.04 loss@279.14 loss@163.05 frag@201.02 loss@297.01 frag@226.02 frag@252.05 loss@183.1 loss@137.03 frag@224.03 loss@366.11 frag@72.09 loss@127.99 loss@288.2 frag@213.99,0.04535435885 0.03935345262 0.03553291783 0.02407968603 0.02304981649 0.02256010287 0.02155663446 0.01730781794 0.01645363495 0.01333770994 0.01188233215 0.01131637953 0.011140652 0.01061812323 0.008032776415 0.007370744366 0.007302739192 0.007213506382 0.007194900885 0.007067359984
721,frag@172.92 loss@210.12 loss@230.99 frag@116.93 loss@216.97 loss@167.08 loss@222.01 loss@191.02 loss@337.1 frag@241.98 loss@259.08 loss@297.06 loss@175.14 frag@142.97 frag@220.16 loss@304.06 loss@239.02 loss@214.1 loss@395.07 loss@257.01,0.3793300986 0.1019664556 0.05747703463 0.04899675027 0.03860901669 0.03318676353 0.02742011845 0.02596733533 0.02482960559 0.02388977073 0.009710782208 0.009567827918 0.007009940222 0.006004125811 0.005424767267 0.004613793455 0.004506072961 0.004152230453 0.003935517278 0.003648377489
722,frag@96.04 loss@230.15 loss@219.12 loss@200.06 loss@201.04 loss@203.12 loss@272.09 frag@108.04 frag@94.07 loss@163.09 loss@208.04 loss@162.08 loss@194.15 frag@121.08 loss@313.11 loss@218.15 loss@187.07 frag@80.05 loss@205.12 loss@221.15,0.2619400322 0.02494194917 0.02427103557 0.02332057804 0.02190268226 0.01670357212 0.01611084491 0.01495419256 0.01429400127 0.01312408224 0.0105544813 0.01009430084 0.009043598548 0.009032282047 0.008072360419 0.00802919548 0.007961692289 0.007938741706 0.007850077003 0.007616592105
723,frag@154.03 loss@195.04 frag@118.05 loss@212.07 loss@217.04 loss@203.07 loss@207.08 frag@125.02 loss@181.04 frag@123.0 frag@105.06 frag@132.07 frag@131.06 loss@152.06 frag@134.02 loss@202.11 loss@155.05 frag@110.99 loss@161.07 loss@197.05,0.1987869442 0.1171674728 0.1122494191 0.1064234823 0.03983066976 0.01710529439 0.01474643126 0.01081223506 0.009523417801 0.00893429853 0.007769066375 0.007563403342 0.007347443607 0.006573122926 0.006241161842 0.005910670385 0.005741715431 0.005456575193 0.005336297676 0.005313096102
724,loss@140.01 frag@158.04 frag@118.05 frag@131.04 frag@134.01 frag@93.06 frag@218.03 frag@87.0 loss@315.08 loss@149.02 loss@150.04 loss@107.04 loss@46.03 loss@145.04 loss@251.05 frag@107.04 frag@324.1 loss@91.02 frag@66.05 frag@82.99,0.07943213731 0.04247559234 0.03478138894 0.02251013368 0.02221387625 0.01916942 0.01886569336 0.0180710908 0.01509748865 0.01327492297 0.0125667192 0.01145851798 0.009421844035 0.009166561067 0.008594655432 0.006957664154 0.006581180263 0.005956416484 0.005643802229 0.00516855903
725,loss@216.06 frag@120.07 frag@213.04 frag@254.13 loss@263.14 frag@244.05 frag@326.11 loss@265.08 loss@134.02 loss@207.04 frag@257.11 loss@234.06 frag@165.04 loss@166.06 loss@275.07 frag@248.1 frag@198.09 loss@107.06 loss@234.04 loss@96.0,0.05657933652 0.04931619763 0.04277639091 0.04179551825 0.03659403324 0.0318066068 0.02835452929 0.02605273016 0.01881973818 0.01443493366 0.01424352638 0.01215484273 0.01167337131 0.008321506903 0.008176668547 0.008076643571 0.008074129932 0.006808144972 0.006434557959 0.00586942723
726,frag@81.03 loss@247.02 loss@290.08 loss@273.06 frag@53.04 loss@254.04 frag@109.03 frag@161.02 frag@139.04 loss@313.1 frag@122.01 frag@115.04 frag@186.99 frag@165.05 loss@204.0 loss@224.01 frag@194.08 frag@208.04 frag@172.99 loss@242.07,0.1160971373 0.08950360119 0.08195066452 0.05267574638 0.03685176 0.03655736148 0.03043172508 0.02447625995 0.0198105555 0.01765318774 0.01644332148 0.01572419517 0.01569771953 0.01400916371 0.01370576955 0.01242464408 0.01023045648 0.009661000222 0.008199066855 0.007415323518
727,frag@165.02 loss@190.05 loss@235.05 loss@208.06 loss@176.03 frag@184.02 frag@144.96 loss@232.04 frag@222.95 frag@215.03 loss@290.07 loss@298.07 frag@152.95 frag@183.03 loss@239.09 frag@196.02 frag@98.03 frag@225.99 frag@255.09 loss@330.13,0.2819702029 0.1079724282 0.09973264486 0.09364387393 0.06249221042 0.05278852582 0.04862708226 0.04383210838 0.01424331591 0.01304201316 0.01241510548 0.008835986257 0.005039708689 0.004825585987 0.00392544223 0.003763578832 0.003146627918 0.002977675991 0.002620939864 0.002339459723
728,frag@180.03 frag@212.07 frag@47.0 frag@216.06 loss@166.05 loss@84.03 loss@95.06 loss@145.01 frag@249.05 loss@114.06 loss@129.02 frag@251.08 loss@146.02 loss@48.0 frag@254.08 loss@86.05 frag@289.08 frag@251.09 loss@108.03 loss@101.06,0.09931014478 0.06032179296 0.03384914622 0.03002187423 0.02343427204 0.0185186509 0.01833319291 0.01749135368 0.01657208242 0.01483384985 0.01319362596 0.012710521 0.01262757462 0.01096495986 0.0101827113 0.009538886137 0.007613635622 0.007502877619 0.006567526143 0.006519326475
729,frag@65.04 loss@204.05 loss@120.03 loss@264.08 loss@194.06 loss@228.06 loss@268.05 loss@235.1 loss@295.1 loss@145.1 loss@217.07 loss@229.07 loss@249.09 loss@143.04 loss@213.03 loss@203.1 loss@225.06 loss@250.05 loss@264.05 frag@92.06,0.47042799 0.1283436716 0.04291331023 0.0359679535 0.02309631929 0.01863275655 0.01782465912 0.01545508392 0.00865198113 0.007182820234 0.007090437226 0.00607102178 0.006017983425 0.005674259271 0.005631170701 0.005598101299 0.005573298782 0.005500158295 0.005130154081 0.004274509847
730,frag@95.02 loss@241.05 frag@113.03 loss@265.04 loss@169.07 loss@195.0 loss@189.13 loss@181.11 loss@194.07 loss@191.04 loss@226.14 loss@157.05 loss@192.05 loss@212.02 loss@171.13 frag@145.02 loss@204.03 loss@204.08 loss@223.05 loss@109.13,0.2913675904 0.211273402 0.1912140399 0.07419032604 0.01933905296 0.006456770469 0.006108333822 0.005323263351 0.004947472364 0.004049532115 0.003956648987 0.003813158721 0.003572118469 0.003482953878 0.003250965383 0.003195710247 0.003019541968 0.002997366944 0.002755818656 0.002541017253
731,frag@69.99 loss@243.11 loss@256.13 frag@184.12 frag@218.17 loss@277.17 frag@184.11 loss@101.09 loss@341.19 loss@156.1 frag@295.11 loss@358.04 frag@186.12 frag@349.15 frag@364.1 loss@315.14 frag@301.13 frag@237.14 loss@252.14 frag@311.2,0.03484546393 0.0145325046 0.009361028671 0.007528827526 0.007073252462 0.006837182678 0.005645982921 0.005268728361 0.005122415256 0.004204399884 0.004171396606 0.003934809938 0.003558795666 0.003497902537 0.003469109768 0.00306962477 0.002981518162 0.00296392967 0.002765307669 0.002707117703
732,frag@166.05 loss@236.16 loss@248.16 loss@235.16 frag@179.0 frag@213.03 loss@265.18 loss@242.15 frag@88.02 frag@84.04 frag@237.03 frag@166.09 frag@113.07 frag@94.07 frag@163.0 loss@307.06 loss@230.15 loss@291.11 loss@271.09 loss@255.05,0.2173276246 0.131944105 0.1123164073 0.09395778179 0.09019993246 0.04039603472 0.03904942423 0.01310747769 0.01085397229 0.008388924412 0.00774125848 0.006121994462 0.005605880171 0.005188281648 0.005047479644 0.004684293177 0.004474496469 0.003815686796 0.003701038891 0.003548493609
733,frag@185.06 loss@182.09 frag@227.07 frag@199.08 loss@132.09 loss@250.06 frag@213.05 loss@128.01 frag@199.04 frag@196.06 loss@124.07 frag@171.08 frag@245.08 frag@183.04 loss@126.9 loss@342.12 loss@69.03 loss@294.09 loss@233.03 loss@116.08,0.124148652 0.08867846429 0.07530025393 0.06812432408 0.06146685779 0.05976567045 0.05738678947 0.05166327581 0.0369913578 0.03588622808 0.02869919501 0.02639841288 0.01881260797 0.01030661073 0.009792543948 0.008313328959 0.008277206682 0.008242248558 0.005952656269 0.005281089339
734,frag@58.06 loss@270.1 loss@270.07 frag@101.11 loss@316.15 frag@58.07 frag@99.09 loss@276.07 loss@206.13 loss@363.1 frag@86.1 loss@324.17 frag@112.11 loss@304.13 loss@283.16 loss@300.15 frag@100.1 loss@337.11 loss@389.1 loss@213.94,0.3315784037 0.209978044 0.1767342836 0.08889248222 0.05057026073 0.02988448925 0.01975914836 0.009033605456 0.007944517769 0.006631085183 0.00568914786 0.004532022867 0.002939658938 0.002462331671 0.002243830822 0.0022187219 0.002033147495 0.002029015915 0.002021159744 0.00191228569
735,loss@284.04 frag@247.12 frag@228.1 frag@224.07 frag@262.09 frag@197.08 frag@184.05 frag@253.08 loss@226.01 loss@97.03 loss@396.14 loss@124.07 loss@280.06 loss@378.15 frag@232.1 frag@163.11 frag@247.1 loss@144.12 loss@134.01 frag@233.05,0.07884957641 0.07158511132 0.055979684 0.05093208328 0.0178460516 0.01647512987 0.01581182703 0.01572372392 0.01493360382 0.01457858551 0.01385269314 0.01222292986 0.009917555377 0.009501450695 0.009313519113 0.007061053999 0.006318481173 0.005905213766 0.005641472526 0.005490895361
736,loss@228.09 frag@171.07 frag@145.06 frag@155.06 frag@203.08 frag@159.07 frag@145.09 frag@172.08 frag@118.07 loss@83.04 frag@174.09 frag@242.13 frag@190.02 frag@228.06 frag@158.06 loss@188.04 loss@169.03 loss@171.07 frag@158.1 frag@216.14,0.3178601861 0.165315643 0.03063408658 0.01974839345 0.01846359484 0.01687878184 0.01292676851 0.01242162101 0.01206619572 0.01157094724 0.009931129403 0.009714388289 0.008932499215 0.008431920782 0.008363272063 0.007111061364 0.006591142155 0.006386885885 0.006315578241 0.006051396485
737,frag@105.07 frag@79.05 loss@242.08 loss@200.05 loss@212.04 loss@288.13 loss@245.08 frag@135.08 loss@231.11 loss@217.15 loss@231.07 loss@192.06 loss@213.06 loss@240.15 loss@254.05 loss@214.02 loss@191.03 loss@207.09 loss@220.03 loss@167.1,0.321539551 0.1042932793 0.08909820765 0.02268618904 0.021908544 0.01968718506 0.01860315166 0.01857629232 0.01737450808 0.0157264974 0.01548681594 0.01277987193 0.01161567122 0.01107827667 0.01036176085 0.008634520695 0.00862640515 0.008157134987 0.007843383588 0.007138825487
738,frag@115.05 frag@117.07 loss@211.1 loss@234.08 loss@266.07 loss@178.04 loss@256.1 frag@116.06 loss@197.08 loss@376.13 loss@219.06 loss@262.16 frag@129.07 frag@201.04 loss@239.13 loss@348.05 loss@198.09 frag@104.06 loss@344.17 frag@199.02,0.2415645123 0.2017065436 0.1548935473 0.0886060074 0.05569752306 0.04483667016 0.04012086987 0.02904722467 0.01824704744 0.01377209648 0.01033619139 0.01024392713 0.004654887598 0.00356831844 0.003534566145 0.003371529514 0.003144271905 0.002828652272 0.002746319631 0.002167330822
739,frag@139.09 loss@232.07 frag@94.06 loss@261.08 frag@99.06 frag@151.06 frag@111.03 frag@123.06 frag@162.06 frag@120.04 loss@195.13 loss@210.06 frag@84.06 loss@232.1 frag@100.08 loss@206.05 loss@228.07 loss@252.07 frag@109.05 frag@113.02,0.1543726921 0.1276449412 0.05098902062 0.03664993495 0.01836481877 0.01214002445 0.01199085638 0.009779178537 0.006807923783 0.006703131367 0.0066148513 0.006048332434 0.005974244326 0.005621709395 0.005474844947 0.005449963268 0.005257122684 0.005214794073 0.005134608597 0.005076226313
740,loss@103.03 frag@210.08 frag@138.0 frag@231.1 frag@43.03 frag@217.08 frag@203.06 loss@103.06 frag@201.06 loss@75.03 frag@264.15 frag@208.09 frag@182.08 frag@174.99 loss@145.02 frag@203.0 frag@337.11 loss@70.04 frag@210.1 frag@226.09,0.4003770947 0.09764812142 0.08686611056 0.05493455753 0.05178970471 0.0404147543 0.02071982063 0.01269437186 0.007417375688 0.00706878351 0.006382528692 0.005274750758 0.004345828667 0.004042371642 0.003834441071 0.00381050189 0.003665426048 0.003434673883 0.003433557227 0.003420122201
741,loss@180.14 frag@46.06 loss@137.03 loss@228.14 loss@123.1 frag@81.04 frag@82.05 frag@67.04 frag@209.05 loss@213.04 loss@82.09 frag@142.1 frag@83.06 loss@237.0 frag@212.99 frag@221.05 frag@214.08 frag@157.0 loss@125.06 loss@166.04,0.1138318256 0.09805510193 0.0452121608 0.04153612256 0.02152127959 0.01789461449 0.01745147072 0.01654422656 0.01643889956 0.01372880768 0.009879666381 0.009799204767 0.008833817206 0.008318045177 0.00799984578 0.007610282395 0.006862177048 0.006780496333 0.006779156625 0.00665533077
742,frag@206.12 loss@202.03 loss@122.08 loss@210.96 loss@84.04 loss@287.17 frag@182.06 loss@207.15 frag@102.05 frag@205.1 frag@263.11 frag@311.15 frag@262.11 loss@260.01 frag@165.03 loss@153.13 frag@210.02 loss@342.07 loss@118.02 frag@234.12,0.03567617759 0.02486217394 0.02113521472 0.01863673702 0.01734456606 0.01552996319 0.01427340321 0.01351700816 0.01232520677 0.01221080869 0.0120806396 0.01188765373 0.009768012911 0.009622609243 0.009350965731 0.008869109675 0.008734447882 0.008392572403 0.008136494085 0.008130149916
743,loss@224.11 frag@239.12 frag@172.08 loss@232.12 frag@161.09 frag@185.07 frag@223.02 frag@222.12 loss@173.12 frag@190.12 loss@121.09 frag@159.06 frag@307.1 frag@247.07 loss@293.13 loss@215.12 loss@330.02 frag@213.1 frag@200.99 frag@153.03,0.1513870507 0.03097795509 0.02712455764 0.02569958381 0.02483929135 0.0231543798 0.02246972732 0.01852659509 0.01846332476 0.01805245318 0.0174735412 0.01639403403 0.01535822172 0.01421982236 0.01209288277 0.01146887429 0.0109991096 0.01044286788 0.01015651971 0.009348623455
744,frag@191.08 loss@161.06 loss@178.06 frag@147.06 frag@131.06 loss@180.08 frag@132.07 frag@133.08 loss@208.08 loss@202.11 frag@132.04 frag@161.07 loss@173.09 frag@146.08 frag@154.03 loss@151.01 frag@106.03 loss@193.04 loss@238.04 frag@241.11,0.09507607669 0.09215328842 0.06870623678 0.06070945412 0.04567019269 0.04026197642 0.02925270796 0.02779722773 0.02650928497 0.02464056388 0.01702316478 0.01456262916 0.01170278806 0.01142304763 0.00975087937 0.009281659499 0.008918772452 0.008888089098 0.008111341856 0.008101915009
745,loss@218.08 loss@259.11 frag@96.04 loss@216.11 loss@221.04 frag@107.06 loss@271.06 frag@174.07 frag@108.04 frag@80.05 frag@121.04 loss@263.07 frag@78.03 loss@201.04 frag@233.13 loss@215.11 frag@92.05 frag@94.07 frag@132.06 frag@118.05,0.06456788629 0.05098104477 0.048829671 0.045168899 0.04234683514 0.04000616446 0.03875560313 0.03640265763 0.02975289151 0.02938537486 0.01932985708 0.0134649789 0.0126071088 0.01226520631 0.01192970574 0.01035162061 0.01004765928 0.009560435079 0.008606020361 0.008139256388
746,frag@203.07 loss@232.08 frag@217.09 loss@253.08 loss@260.08 frag@183.06 frag@242.11 frag@87.07 loss@235.12 loss@173.11 loss@238.17 loss@277.14 loss@134.11 loss@278.13 loss@172.12 loss@339.09 loss@303.1 loss@263.12 loss@271.1 loss@279.15,0.2748892903 0.224157542 0.1563488543 0.1034379303 0.03660066798 0.03466160223 0.009358815849 0.007670606021 0.005694036372 0.00388143654 0.003473084653 0.003297873074 0.002848714357 0.002620177343 0.002440250479 0.002311639255 0.00230189343 0.002203277312 0.002028881339 0.001957903849
747,frag@72.04 loss@141.08 loss@127.1 loss@115.1 loss@155.09 loss@170.11 frag@44.01 frag@156.1 loss@128.08 loss@126.07 frag@246.08 frag@83.09 frag@59.05 frag@45.03 frag@213.0 frag@55.06 frag@112.08 frag@71.09 frag@181.02 frag@69.07,0.2398589998 0.1039158925 0.09969334304 0.07777731866 0.05897224322 0.05138433725 0.04307153821 0.03233627975 0.02766942978 0.02436640486 0.01721507311 0.008545436896 0.006698312704 0.006609273143 0.006092390046 0.004710919224 0.004382052924 0.004290809389 0.003920042422 0.003807030385
748,loss@198.06 frag@139.07 loss@144.03 frag@220.06 frag@141.03 frag@136.07 frag@186.99 frag@164.02 frag@106.06 frag@81.06 frag@132.1 frag@149.07 frag@201.95 frag@143.04 frag@183.98 frag@186.06 frag@183.01 frag@121.01 frag@161.94 frag@164.14,0.4111145139 0.1853920817 0.06902211905 0.06422775239 0.0391888395 0.03315620869 0.01330457442 0.0104850512 0.006753376685 0.006365743 0.006083933637 0.00573596172 0.005711033475 0.005243358202 0.005002966151 0.004169906024 0.003494272474 0.002796169603 0.002761256415 0.002531646984
749,frag@116.05 loss@205.07 frag@220.05 frag@128.05 loss@234.07 frag@172.04 frag@144.04 frag@145.08 loss@201.09 loss@169.05 frag@118.06 loss@197.02 frag@134.02 loss@229.12 frag@178.09 frag@134.06 loss@170.05 frag@199.12 loss@177.08 frag@184.03,0.1062268019 0.04627247155 0.04000625759 0.03131708503 0.02989795618 0.02774539962 0.02215195261 0.0219110027 0.02182141133 0.02055428736 0.01825269312 0.01367332973 0.01261260919 0.01244840305 0.01112719253 0.01006872859 0.008631115779 0.008154565468 0.007515732199 0.007310088258
750,frag@44.05 loss@258.08 loss@234.05 loss@223.09 loss@187.08 frag@70.06 loss@249.07 loss@238.11 frag@96.08 loss@332.08 frag@184.01 frag@98.1 frag@70.07 loss@81.97 frag@110.1 loss@209.98 frag@82.06 frag@60.04 frag@84.08 loss@355.07,0.345032841 0.1996188015 0.09721687436 0.03757378086 0.02976454981 0.02858659625 0.02242653258 0.02157121152 0.01873957552 0.01572375558 0.01509698387 0.01167352311 0.01011416037 0.006014712155 0.005637049675 0.005542460363 0.005437790882 0.004463553429 0.003845608095 0.003601825098
751,frag@58.03 frag@201.13 loss@312.12 loss@252.13 loss@238.12 frag@137.03 frag@165.05 loss@172.09 frag@168.04 loss@305.11 frag@122.04 frag@155.07 loss@373.15 loss@192.09 loss@240.01 frag@74.93 frag@190.12 loss@299.05 loss@288.12 loss@185.09,0.1644819677 0.1405617446 0.1084300801 0.04304458573 0.02608785033 0.01703405008 0.01476922352 0.01312619168 0.009297313169 0.009295329452 0.008703817613 0.008187856525 0.007669484243 0.007230157033 0.006809063721 0.006147493143 0.005966583267 0.005215336103 0.005041358527 0.004922406282
752,frag@65.04 loss@204.05 loss@239.05 loss@228.06 loss@226.04 frag@67.02 loss@217.07 loss@203.1 frag@119.06 loss@240.09 loss@235.1 loss@185.05 loss@250.05 frag@92.06 loss@213.03 loss@194.1 loss@145.1 loss@325.14 loss@195.02 loss@258.07,0.4151343107 0.08259342611 0.03883988783 0.02579799481 0.02508997917 0.02026801743 0.01984247006 0.01777836494 0.01545483992 0.01427396107 0.0138954632 0.01241636649 0.0116303293 0.01077311579 0.008738304488 0.007817994803 0.007567596156 0.005759286694 0.005536053795 0.00546326628
753,loss@270.12 loss@276.13 loss@268.13 frag@74.93 loss@234.2 frag@237.02 loss@244.11 frag@73.08 loss@261.1 frag@132.03 frag@199.05 loss@231.03 frag@133.09 frag@264.03 frag@83.01 loss@144.08 loss@244.09 frag@95.04 frag@206.1 frag@108.05,0.0669940412 0.04810251296 0.03436118737 0.03103920631 0.02248994075 0.01737288572 0.01608507149 0.01338892616 0.01278935373 0.01097779814 0.01096230466 0.01044568606 0.008132830262 0.00787539687 0.007622227538 0.007620298769 0.007379918825 0.005297890864 0.005045591388 0.004765103571
754,frag@152.97 loss@73.0 frag@177.09 loss@269.11 loss@347.15 frag@136.94 loss@246.01 frag@66.05 loss@306.1 loss@325.04 loss@175.99 frag@241.12 loss@145.04 loss@332.19 frag@94.99 frag@178.02 frag@174.12 loss@264.14 frag@251.11 frag@89.02,0.09809459001 0.03449432924 0.03065186925 0.02129449137 0.01427117642 0.01376330294 0.01363098249 0.01361780614 0.01303682663 0.01093970053 0.01086270716 0.008912421763 0.007840577513 0.007322222926 0.006793138105 0.006439587101 0.006161062047 0.005479495972 0.005158709362 0.004721359815
755,frag@94.06 loss@254.08 frag@135.06 frag@120.04 loss@232.07 loss@215.11 frag@122.06 frag@148.08 frag@110.06 loss@235.11 loss@245.09 frag@94.07 loss@207.1 loss@249.11 loss@198.08 frag@123.06 loss@261.15 frag@174.03 loss@295.07 frag@68.05,0.200510636 0.07933776826 0.06238553673 0.03914519027 0.03136016428 0.02848795615 0.01786864176 0.01394289266 0.01231951918 0.01096396521 0.0107779894 0.01070955023 0.009794416837 0.009277997538 0.008511184715 0.007814625278 0.007621166762 0.007168710697 0.006907919422 0.006560942624
756,frag@79.05 loss@276.13 loss@283.09 loss@243.13 frag@93.07 loss@239.08 frag@81.07 frag@67.05 loss@284.09 loss@300.13 loss@314.13 loss@318.12 loss@311.12 loss@281.14 loss@237.14 loss@288.13 loss@229.11 loss@222.11 loss@210.13 loss@279.09,0.3370108008 0.1275566071 0.06919409335 0.05267976224 0.05122699961 0.04541349038 0.04237804934 0.03218882903 0.02705166116 0.02585609071 0.01197467186 0.01138521638 0.009201653302 0.00607416546 0.004579305183 0.00390991522 0.00361976563 0.003584458493 0.003416812746 0.003287784988
757,loss@118.04 frag@230.09 loss@30.01 loss@95.05 loss@89.06 loss@122.06 frag@246.1 loss@106.06 frag@251.1 frag@215.07 frag@277.11 frag@272.12 frag@303.07 frag@223.08 loss@96.03 frag@328.99 loss@81.05 loss@138.02 frag@158.08 loss@87.01,0.08773822337 0.07729884237 0.06303007156 0.06240801513 0.0617737174 0.06149111688 0.05600495264 0.05009558424 0.04993416369 0.04612178355 0.04610129073 0.0297870934 0.0185939651 0.01321687177 0.01160429232 0.01138594374 0.007559833117 0.007455323357 0.00673478283 0.005444146693
758,loss@77.05 frag@174.09 frag@159.07 loss@316.1 frag@203.08 frag@213.1 loss@317.14 frag@272.13 frag@155.06 frag@145.06 frag@128.06 frag@131.07 loss@132.09 frag@158.06 frag@145.09 loss@129.99 loss@278.06 loss@100.13 loss@267.11 frag@172.08,0.3258004785 0.24957937 0.04560474306 0.02123392187 0.01614288799 0.009972525761 0.009645557031 0.008768854663 0.008244476281 0.007131673396 0.006915050559 0.006436340045 0.006306850351 0.006285833661 0.006129416637 0.005609851331 0.00552124111 0.005377964117 0.005360835232 0.005335511174
759,frag@139.03 loss@195.05 loss@210.06 loss@222.07 loss@208.04 loss@212.07 loss@222.06 frag@125.02 loss@224.05 loss@183.05 loss@223.04 loss@187.11 loss@211.11 loss@237.07 loss@198.08 loss@164.06 loss@205.07 loss@260.06 loss@252.07 loss@372.05,0.4707414508 0.08953945339 0.08687951416 0.05315439031 0.04349603131 0.03376540542 0.01520185266 0.0142023135 0.01146032754 0.01061718911 0.01042106282 0.006002482958 0.005804904737 0.005716651678 0.005370077211 0.003701095702 0.003533712355 0.003526878078 0.003387582256 0.003179196501
760,frag@190.08 frag@157.04 loss@163.02 loss@138.01 loss@129.05 frag@235.08 frag@297.12 loss@99.05 loss@333.05 loss@128.01 frag@283.05 loss@106.07 loss@316.14 loss@114.05 loss@104.04 loss@113.07 frag@343.19 loss@180.02 frag@142.95 loss@113.1,0.2105361074 0.02094479837 0.0182040222 0.01466862205 0.01040562894 0.007657296024 0.007170070428 0.006484149955 0.006302203052 0.005893107504 0.005017071962 0.004857070278 0.004832061939 0.00427515991 0.004064602312 0.00403486751 0.003959198482 0.003941723146 0.003824055893 0.003639037488
761,frag@71.09 loss@166.14 loss@325.07 loss@288.1 loss@267.19 loss@264.07 loss@276.13 loss@272.07 frag@211.14 loss@273.13 frag@195.15 frag@196.97 loss@312.1 frag@259.17 loss@247.0 frag@258.14 loss@332.19 frag@108.05 frag@140.98 frag@250.15,0.1114031225 0.03273290396 0.02920908108 0.02695700713 0.01840985194 0.01628669351 0.01547829062 0.0105231246 0.008434685878 0.007415913511 0.007309259847 0.006688911933 0.005767362192 0.004923424218 0.00488854805 0.004757310729 0.00470018154 0.004495724104 0.004155874718 0.004096156452
762,loss@297.15 loss@255.17 loss@188.09 loss@277.14 frag@202.1 frag@200.12 loss@217.12 loss@245.15 loss@297.08 frag@279.08 frag@186.07 frag@268.07 frag@223.02 loss@142.11 frag@231.06 frag@239.04 frag@230.08 frag@277.08 loss@286.14 frag@143.12,0.0563516058 0.04343552515 0.04303221032 0.03469447792 0.02797086723 0.02218706161 0.02186005004 0.01646365598 0.01526470482 0.0152096292 0.01417218801 0.01324884035 0.01254915912 0.01068452653 0.01001363806 0.009902536869 0.009755155072 0.00964585878 0.009138489142 0.008951807395
763,frag@222.11 loss@171.06 frag@199.06 frag@308.06 loss@316.1 frag@201.04 loss@235.03 frag@169.06 loss@157.13 frag@174.09 frag@253.13 frag@213.07 loss@204.16 frag@213.08 frag@145.05 loss@243.02 loss@299.11 loss@178.04 frag@278.07 frag@350.18,0.1078340113 0.09488683194 0.04184148088 0.03863465413 0.0211785771 0.02033770457 0.01538108103 0.01374816615 0.01307087019 0.01153607387 0.01015576441 0.009467476979 0.00918061845 0.007829817012 0.007350229658 0.006658620667 0.006239799317 0.006211283151 0.006113565993 0.005605428014
764,frag@44.05 loss@258.08 frag@82.06 frag@82.07 loss@223.09 loss@243.08 loss@154.1 frag@70.07 loss@267.04 loss@238.11 frag@84.08 frag@70.06 frag@96.08 loss@255.07 loss@152.13 loss@234.05 frag@110.1 loss@249.07 loss@81.97 frag@98.1,0.2288196534 0.2074150443 0.05661718175 0.02726186812 0.026022112 0.0216559954 0.02063353732 0.01998332515 0.01970233209 0.01913148165 0.01763545722 0.01671740599 0.01667282544 0.01256661024 0.01115059294 0.009546907619 0.009497262537 0.008144328371 0.008014377207 0.007977006957
765,loss@2.02 loss@105.02 frag@217.11 frag@239.05 loss@97.03 frag@232.03 frag@154.07 frag@130.0 loss@109.0 loss@89.03 frag@196.02 frag@287.08 frag@168.03 loss@108.08 frag@214.03 loss@198.15 loss@278.01 loss@82.03 loss@202.03 frag@227.12,0.05826892704 0.03762903437 0.03697892278 0.01802604087 0.01778463461 0.01627622731 0.0144739328 0.01335773617 0.01307602599 0.01259126794 0.01248159446 0.008501430042 0.008212073706 0.00774057582 0.007533479482 0.007273429073 0.006836639252 0.006689123809 0.006399342325 0.005788096692
766,frag@182.01 frag@216.09 loss@253.11 frag@177.08 frag@111.01 frag@238.07 loss@271.09 loss@297.06 loss@268.0 frag@97.01 loss@265.18 loss@241.11 loss@291.17 loss@198.05 loss@312.09 loss@242.08 frag@139.02 frag@239.15 loss@238.13 frag@98.05,0.06209431216 0.03738091886 0.01922831126 0.01747909561 0.012424252 0.0101861516 0.009269707836 0.00685341144 0.006483091041 0.00576414587 0.005388818681 0.005167075433 0.005027970765 0.005004844628 0.004970571026 0.004871856887 0.004857333377 0.004804421216 0.00474151643 0.004681419581
767,frag@185.07 frag@189.05 loss@150.07 loss@191.13 frag@199.09 loss@242.06 loss@265.12 frag@213.07 loss@345.12 loss@283.12 frag@247.05 loss@203.09 loss@121.09 loss@246.18 loss@145.12 loss@288.09 loss@299.11 loss@149.12 loss@160.1 frag@324.12,0.1947652847 0.1406300366 0.1354333758 0.07806465775 0.07355136424 0.04692107812 0.04194429889 0.04193817079 0.01791421324 0.014648051 0.0132983597 0.01279350929 0.01148173958 0.01083886065 0.007953418419 0.007233125623 0.005640066229 0.004840314388 0.004565861542 0.003613043576
768,frag@202.03 frag@218.12 loss@266.13 loss@297.1 loss@198.11 frag@247.14 frag@182.01 loss@223.13 loss@355.12 frag@200.01 frag@288.04 frag@225.04 loss@327.13 loss@290.06 loss@209.02 frag@88.02 frag@237.0 frag@183.11 frag@213.03 loss@173.02,0.1427953392 0.06720056385 0.05035085976 0.04333289713 0.04076937959 0.0264960248 0.02007875592 0.01057926565 0.009760996327 0.009104344063 0.008632381447 0.008209384978 0.007501951884 0.006930691656 0.006810856517 0.00657141069 0.005982276518 0.005952864885 0.005850511603 0.005849851761
769,frag@79.05 loss@257.07 frag@93.07 frag@109.06 loss@265.15 loss@272.15 loss@217.02 loss@212.98 frag@81.07 frag@111.04 loss@301.15 frag@107.09 frag@119.09 loss@247.02 loss@254.1 loss@239.15 loss@168.12 loss@237.14 frag@91.05 frag@69.03,0.1917300969 0.1216822937 0.06989235431 0.05067683384 0.03696434572 0.02907231264 0.02517971955 0.01957131177 0.01693228446 0.0149243027 0.01482471451 0.01443613321 0.01323525608 0.01234966516 0.01110603753 0.01101143565 0.007854949683 0.007776211482 0.007353046443 0.007295956369
770,frag@135.05 frag@133.04 loss@218.09 loss@214.11 loss@213.05 loss@244.1 loss@262.12 loss@211.04 loss@272.1 loss@179.1 frag@125.01 loss@201.09 loss@129.01 loss@140.07 loss@191.08 loss@220.11 loss@259.12 loss@179.11 loss@202.05 loss@201.08,0.277764976 0.2039662749 0.1115269586 0.107039839 0.08547725528 0.06175690144 0.01272201072 0.009357587434 0.005502657965 0.005480964668 0.004140269011 0.003440452274 0.003221287858 0.003219079925 0.003054418135 0.003045880701 0.00286929193 0.002779411618 0.002414004877 0.002396361437
771,frag@141.05 loss@211.08 loss@258.09 loss@184.06 loss@183.98 loss@301.11 loss@265.15 loss@262.16 loss@203.08 loss@216.05 loss@369.13 loss@184.08 loss@174.07 loss@299.12 loss@220.09 frag@187.09 loss@202.07 loss@299.11 frag@183.01 frag@133.07,0.4832907021 0.2035808861 0.09418401122 0.08610806614 0.009491070174 0.008042424917 0.006277505308 0.006123619154 0.005086923484 0.0037206118 0.003319380106 0.002706041094 0.002659029095 0.002508748556 0.00246539223 0.002029529074 0.001994858729 0.001815085881 0.001780567225 0.001734156278
772,frag@103.05 loss@184.03 loss@245.08 loss@286.13 frag@131.05 frag@133.06 frag@135.08 frag@105.07 loss@199.04 loss@200.05 loss@204.1 loss@315.12 loss@220.03 loss@213.06 loss@240.15 loss@202.05 loss@225.06 loss@279.07 frag@131.08 loss@188.05,0.352899909 0.09183151275 0.05900140479 0.02982680872 0.02732099779 0.0176720228 0.01156695932 0.01144902501 0.01121391263 0.009694416076 0.009585165419 0.009400828741 0.009033087641 0.00892107375 0.008677181788 0.008527857251 0.008018915541 0.007243975531 0.006940616295 0.006646900438
773,loss@283.09 frag@234.09 loss@243.13 frag@83.01 frag@215.03 loss@276.1 frag@317.09 loss@81.06 loss@318.16 frag@170.09 loss@165.02 frag@323.11 loss@314.13 frag@329.21 frag@102.01 loss@305.07 loss@246.16 loss@197.08 frag@260.07 frag@278.11,0.1298419535 0.1115936115 0.04545830935 0.03741212934 0.02479371987 0.02140475623 0.0208830256 0.02083743177 0.02040499635 0.0172089804 0.01288023405 0.01124881022 0.00818540249 0.006676741876 0.006292325445 0.005891205277 0.005734066013 0.005594387185 0.004380414262 0.004027476069
774,frag@159.07 loss@205.1 loss@189.08 loss@164.12 loss@215.12 loss@220.12 frag@155.06 frag@175.06 loss@176.11 frag@145.06 frag@172.08 loss@170.09 loss@174.08 loss@241.15 loss@163.06 frag@172.95 frag@156.05 loss@335.16 loss@176.07 loss@209.11,0.3878595233 0.1009422988 0.08361534029 0.03586441651 0.02462963201 0.01969932765 0.01687204838 0.0139876185 0.01389163733 0.01251396723 0.01107814629 0.009870149195 0.009232801385 0.00896119792 0.006804673001 0.004775628448 0.004578473046 0.004331228789 0.004279249813 0.003926710691
775,frag@206.05 frag@217.11 loss@110.05 frag@206.12 loss@183.1 frag@303.15 frag@227.1 frag@111.02 loss@132.1 loss@117.05 loss@116.12 loss@140.09 frag@210.14 loss@281.1 frag@206.0 loss@168.02 frag@141.06 frag@167.01 loss@155.08 loss@158.14,0.02799993567 0.02612832189 0.01443709619 0.01138345152 0.008991817944 0.008914308622 0.008673114702 0.007349996362 0.006222561002 0.0061854464 0.005940701813 0.005937331356 0.005811242852 0.005726191681 0.00516099669 0.005131099373 0.005067443475 0.004968771245 0.004942536354 0.004895349499
776,frag@240.1 loss@276.09 loss@270.11 loss@170.13 loss@168.11 frag@154.01 frag@143.03 loss@230.04 frag@183.11 frag@183.15 loss@269.03 loss@235.16 frag@211.07 frag@157.17 frag@218.0 loss@303.11 loss@252.05 frag@115.02 frag@179.12 frag@220.02,0.1132964641 0.103833802 0.08069374412 0.07354623824 0.05921329185 0.02247916162 0.01355574466 0.01117837708 0.01045131404 0.01041817572 0.00778259756 0.007104927674 0.007068355102 0.006887402385 0.006344536785 0.004893172067 0.004492459353 0.004487470724 0.004424124025 0.004369779956
777,frag@84.96 loss@125.05 loss@170.03 loss@234.24 loss@166.07 loss@168.08 loss@151.06 loss@151.05 loss@261.01 loss@141.04 loss@157.04 loss@230.99 loss@199.02 loss@170.09 loss@191.01 loss@293.01 loss@204.99 loss@158.07 loss@228.11 loss@181.12,0.4965353906 0.308621645 0.1335835457 0.01228356361 0.006566558033 0.003069930244 0.001390635618 0.001365448232 0.001198913669 0.001034805435 0.0009589086985 0.0009420204442 0.0008917636587 0.0008333789301 0.0006390688359 0.0006385887391 0.0005978545523 0.0005888804444 0.0005579445278 0.0005493310746
778,loss@161.06 frag@149.02 loss@79.04 frag@231.15 loss@173.09 frag@95.04 loss@296.14 frag@241.11 loss@178.06 frag@149.03 loss@278.05 frag@217.06 loss@192.11 frag@141.14 frag@106.03 frag@313.12 loss@167.14 frag@122.1 loss@221.07 frag@120.05,0.1839225292 0.1594778746 0.04913713783 0.03044240177 0.02650092542 0.01758832298 0.01632819511 0.01473882329 0.01340632793 0.01266600285 0.0126357181 0.01197139546 0.01133119781 0.008907380514 0.008459541015 0.00773597369 0.007481675595 0.006887404248 0.006570332684 0.006121596787
779,frag@99.0 frag@86.01 loss@142.05 frag@142.03 loss@156.07 loss@147.09 frag@136.01 loss@249.04 loss@232.02 frag@224.09 loss@128.99 loss@140.0 loss@234.04 frag@197.05 loss@112.07 frag@259.12 loss@107.0 loss@178.0 frag@103.03 loss@217.0,0.1318700761 0.1230914444 0.05131296813 0.05108257383 0.04935416207 0.04473070428 0.03570909426 0.03469374403 0.03264837712 0.02541720308 0.02366806008 0.0206297338 0.01821677387 0.01791960001 0.01643436588 0.0157304965 0.0101882657 0.008948598057 0.008734173141 0.008504240774
780,frag@177.02 frag@258.08 loss@266.03 loss@316.11 loss@168.01 frag@214.04 loss@49.05 loss@106.06 frag@227.08 loss@337.09 loss@92.04 frag@138.08 frag@282.11 frag@303.15 loss@184.01 frag@265.13 loss@301.04 loss@109.13 frag@128.01 loss@329.04,0.1668221354 0.03968476504 0.01469093934 0.0141367903 0.00930028595 0.008288351819 0.007220827509 0.007174590137 0.005714020226 0.005517346319 0.005500403699 0.005472260527 0.005384509452 0.005179268774 0.004684869666 0.004322487395 0.004005164374 0.003976584878 0.003950971644 0.00384683162
781,frag@202.03 loss@198.11 frag@182.01 loss@297.1 frag@247.14 loss@283.16 loss@206.01 loss@312.09 frag@188.04 loss@291.07 loss@236.0 loss@315.11 frag@247.07 frag@289.14 loss@265.18 frag@243.05 loss@251.07 loss@275.15 frag@111.01 loss@209.02,0.2047444582 0.02170969173 0.01951946691 0.01919031516 0.01705976762 0.01410937123 0.0139715476 0.01364800148 0.01194808912 0.01186249778 0.008499383926 0.006802451797 0.006791993044 0.006211759988 0.006055362988 0.006055210251 0.005879905075 0.005683590658 0.005451339763 0.005188161973
782,loss@195.12 frag@188.02 frag@247.07 frag@148.03 loss@269.1 loss@241.17 frag@122.04 frag@137.03 frag@284.16 frag@213.03 frag@84.04 frag@309.14 loss@58.02 loss@297.1 frag@172.93 loss@170.1 frag@320.06 frag@302.09 frag@109.03 frag@147.02,0.03166613728 0.0143955946 0.01432891842 0.01201455574 0.01069646329 0.01006471086 0.009279915132 0.008510890417 0.008122248575 0.007315229159 0.006987257395 0.006608292926 0.006531779654 0.006285700947 0.00623629801 0.006171933375 0.006034235936 0.005986834876 0.005380600225 0.005320100579
783,loss@244.08 frag@202.04 frag@230.07 loss@158.05 loss@179.03 frag@165.01 loss@114.06 loss@354.17 frag@152.03 frag@180.03 loss@94.05 loss@177.07 frag@179.04 loss@139.07 loss@297.03 frag@190.04 loss@84.03 frag@173.03 loss@127.09 frag@156.07,0.2073725909 0.1795848906 0.1636672616 0.06031325087 0.05433151126 0.02161991782 0.01668100432 0.013457397 0.01321208384 0.01116409153 0.01014150772 0.008200883865 0.007382146548 0.007266536821 0.00726574054 0.005957061425 0.005595712923 0.00453098584 0.004347567447 0.00429116888
784,frag@236.11 loss@255.09 frag@135.03 loss@211.07 loss@198.05 loss@274.08 loss@174.06 loss@219.04 loss@293.06 frag@163.02 frag@180.05 loss@277.09 loss@304.06 loss@197.08 loss@196.1 loss@222.09 loss@264.08 loss@320.06 loss@185.12 loss@239.02,0.2628842294 0.217254132 0.2146765143 0.1087617651 0.02229939215 0.01985913701 0.01077234559 0.008153243922 0.004620975349 0.004194680601 0.003814102383 0.00333410129 0.00315422914 0.002912370488 0.002755205845 0.00244324794 0.002215946559 0.002048110357 0.001768550719 0.001622193842
785,frag@142.05 loss@158.09 loss@132.08 frag@103.04 loss@72.99 frag@187.0 loss@167.98 frag@178.05 loss@143.05 loss@288.96 loss@293.08 frag@270.09 loss@434.14 loss@132.09 frag@167.99 loss@190.04 loss@14.02 loss@98.02 frag@153.0 loss@264.99,0.3205435872 0.169829905 0.1141692102 0.07151339203 0.04916499928 0.03832712397 0.030899195 0.01305557787 0.006956354715 0.006319208071 0.004796651658 0.004465879872 0.004438081756 0.004425727297 0.003043189412 0.002972732531 0.002914117416 0.002439624397 0.002369633876 0.002332294593
786,frag@154.03 loss@203.07 loss@189.04 frag@125.02 loss@217.04 frag@121.08 loss@202.11 loss@215.07 loss@197.05 loss@195.04 frag@116.03 loss@212.07 frag@172.04 loss@190.02 frag@131.06 loss@171.04 loss@145.09 loss@240.07 loss@165.1 frag@133.08,0.3034206629 0.1911103725 0.04496879876 0.04316581413 0.02950206026 0.02178536914 0.01078554522 0.01021961588 0.008878955618 0.008201674558 0.007369870786 0.006624647882 0.006169813685 0.005773829762 0.005243153311 0.005153783131 0.004300758243 0.004207835533 0.004101535305 0.004092822317
787,frag@118.07 loss@227.11 loss@215.09 loss@214.09 frag@132.04 loss@206.03 frag@132.08 frag@118.06 loss@176.1 loss@189.08 frag@176.07 loss@193.04 frag@160.08 loss@217.07 loss@185.05 loss@217.09 loss@238.04 loss@286.13 loss@204.09 frag@146.06,0.2485322952 0.0398564674 0.02815518342 0.02751361951 0.02399144694 0.02373202518 0.02247507684 0.02195113339 0.0197922904 0.01861671731 0.01565123163 0.01390417106 0.01290473808 0.01086775772 0.01004354935 0.009431344457 0.007720893715 0.007494359743 0.006460763514 0.006167233922
788,frag@169.1 frag@156.06 loss@126.1 loss@128.12 loss@337.17 loss@377.17 loss@320.13 loss@127.08 loss@235.19 loss@156.11 loss@218.17 loss@282.09 loss@204.16 loss@355.14 loss@155.14 loss@125.07 loss@344.1 loss@265.12 loss@250.19 loss@300.06,0.2827529311 0.1753363907 0.07198812813 0.06557682157 0.03906744346 0.03588761762 0.03381424397 0.0294927191 0.02384355851 0.02165864594 0.01789734885 0.01039456762 0.007262628991 0.006847058423 0.004389461596 0.004329143558 0.004015454557 0.003983309492 0.003770983545 0.003520770697
789,frag@137.07 frag@109.04 frag@127.05 loss@194.07 frag@139.09 frag@209.11 loss@222.12 loss@165.12 loss@301.1 loss@231.14 frag@122.08 loss@164.1 loss@281.12 frag@123.05 frag@176.09 loss@223.05 frag@107.07 frag@191.12 loss@248.08 loss@177.1,0.08036372066 0.05522006378 0.04943096638 0.03659147397 0.03381595388 0.0241554901 0.02243564278 0.01764084958 0.0169864092 0.01698342897 0.01672160253 0.01588631421 0.01443790272 0.01387936343 0.01264202967 0.01241086982 0.0103501929 0.01008345932 0.01003688388 0.009312836453
790,frag@79.05 loss@221.03 loss@239.08 frag@43.02 loss@186.05 frag@67.05 loss@199.04 loss@186.09 loss@267.1 loss@314.13 frag@97.06 loss@311.12 frag@195.99 loss@225.11 loss@238.0 loss@244.12 loss@223.08 frag@81.07 loss@114.03 loss@211.03,0.3335311115 0.1709084958 0.1651781946 0.1028588787 0.04497789964 0.03304081038 0.014897204 0.01244374458 0.008499835618 0.005869818851 0.00417617429 0.003804408247 0.003150838893 0.003119953442 0.003097696695 0.002955473494 0.002545994706 0.002298891079 0.00213179714 0.00206379639
791,frag@195.07 frag@152.05 frag@139.08 loss@277.15 loss@221.16 loss@267.14 frag@153.08 loss@278.04 frag@122.04 frag@155.07 loss@101.12 loss@338.06 loss@354.07 loss@284.16 frag@165.05 loss@233.96 loss@181.12 loss@680.2 frag@167.07 loss@291.05,0.2205391526 0.07880802453 0.07028260827 0.05311843753 0.05210414901 0.05091963708 0.02991266735 0.02058126405 0.01870471798 0.01748691872 0.01634597965 0.01152538322 0.01110362634 0.01092716586 0.01017313916 0.009024300613 0.007036757655 0.006513804197 0.006227088626 0.004421652295
792,loss@243.02 loss@273.12 frag@196.01 frag@168.04 frag@198.08 frag@122.04 frag@322.19 frag@195.99 loss@199.02 loss@288.06 frag@224.06 loss@308.09 frag@275.1 frag@397.07 frag@174.98 frag@180.05 frag@302.1 loss@181.12 loss@99.02 loss@58.02,0.06191669032 0.05527984723 0.02503912896 0.01724952832 0.01716131717 0.01551401615 0.01346787624 0.01298792474 0.01183464658 0.009939906187 0.009923158213 0.009699514136 0.00944930315 0.00899771601 0.008309829049 0.007938534021 0.007559132297 0.007510709111 0.007044081111 0.006937479135
793,frag@129.06 frag@186.05 loss@264.1 loss@197.02 frag@176.05 loss@145.05 loss@149.02 loss@165.07 frag@122.94 frag@119.07 loss@134.03 loss@179.05 loss@154.04 frag@104.03 frag@158.06 frag@130.06 frag@128.05 loss@138.02 loss@158.08 loss@139.03,0.1232468262 0.08020374179 0.06584345549 0.05557825789 0.04631268978 0.04529801756 0.03046006523 0.02715568617 0.02380683087 0.01458687987 0.0141325919 0.01280895527 0.01232647803 0.009758792818 0.009602596983 0.009265461937 0.007518620696 0.006891735364 0.00665932009 0.006198089104
794,frag@133.06 loss@149.08 loss@177.08 loss@208.1 loss@170.02 loss@298.11 frag@281.14 loss@179.09 frag@332.06 loss@207.09 loss@208.13 frag@207.98 loss@204.1 frag@135.08 loss@214.11 loss@251.09 loss@175.1 loss@165.08 frag@318.05 loss@293.11,0.4635323882 0.1797579974 0.1465891749 0.06471750885 0.03040372767 0.01474125683 0.009239221923 0.006815908011 0.005526164081 0.003697202308 0.003315648995 0.003287967993 0.003271568567 0.002902983222 0.001719437423 0.00161926588 0.001593368128 0.001478582621 0.001472774777 0.001401312416
795,loss@216.05 frag@145.08 loss@264.1 frag@220.05 frag@187.09 frag@132.04 loss@205.07 frag@118.06 frag@161.07 frag@128.05 loss@179.05 frag@119.07 loss@160.08 loss@172.1 loss@237.11 loss@264.11 frag@205.03 frag@104.03 frag@146.08 frag@125.02,0.04631927982 0.03766809031 0.03253456578 0.02087851614 0.01949963346 0.01910982467 0.01823930815 0.01593156718 0.01561606396 0.01273270324 0.01235968433 0.01234616246 0.01143185329 0.01034283079 0.01033704169 0.01030041464 0.009714783169 0.009454880841 0.00939462427 0.009113600478
796,frag@91.05 loss@180.11 loss@230.09 loss@248.07 loss@254.12 loss@225.1 loss@256.09 loss@257.07 loss@326.14 loss@247.11 loss@263.04 loss@236.07 loss@289.09 frag@91.06 loss@213.03 loss@298.12 loss@218.07 loss@235.06 loss@219.09 loss@295.12,0.4687839746 0.09199056774 0.05338444933 0.03585641831 0.02884878032 0.02135012299 0.01817672886 0.01674649864 0.01645391434 0.01576335728 0.01237128861 0.01132379286 0.01037735213 0.009955200367 0.009411042556 0.009375728667 0.00714057358 0.007073123008 0.006953483913 0.00614421675
797,frag@202.07 loss@151.03 loss@182.05 loss@228.04 loss@190.01 loss@252.94 frag@168.08 frag@139.1 frag@197.97 frag@275.19 frag@256.96 frag@248.15 frag@222.12 frag@225.14 frag@256.06 loss@178.05 loss@251.02 frag@153.06 loss@146.06 loss@267.01,0.3462394178 0.1264724582 0.1178351641 0.08503682166 0.06525759399 0.01320045535 0.01088493038 0.007051606197 0.006607410964 0.006218872964 0.006125424989 0.005081232172 0.003963828553 0.003725665156 0.003445844399 0.003325717757 0.002903488232 0.002869229531 0.002754966961 0.002660092199
798,loss@255.12 frag@77.02 frag@311.18 loss@211.07 loss@207.12 frag@147.1 loss@265.06 loss@325.08 frag@164.06 frag@135.03 frag@196.14 frag@109.05 frag@264.14 frag@166.13 frag@153.06 frag@302.1 frag@268.13 loss@283.13 frag@259.05 frag@125.05,0.08631096035 0.03444446251 0.03245972469 0.03147312626 0.02501999587 0.02344374172 0.02049287036 0.01913679205 0.01601599343 0.01557030715 0.01194577664 0.01038565114 0.01034329645 0.00883300323 0.008216509596 0.007425589021 0.007362534758 0.007323568221 0.007181625813 0.007116766181
799,frag@208.05 frag@251.08 frag@193.02 loss@300.1 loss@251.07 loss@270.05 loss@270.11 loss@272.04 loss@330.12 loss@123.05 frag@139.11 frag@166.01 frag@140.98 frag@180.03 frag@91.04 frag@276.1 loss@348.04 frag@255.1 frag@271.09 loss@203.0,0.04977983236 0.0399742052 0.03724744171 0.03304090351 0.0295099169 0.02386435494 0.02127821371 0.01963251084 0.01755564101 0.01078094076 0.007665083744 0.006171768066 0.00499520544 0.003480407642 0.003393803956 0.003376052948 0.003317197785 0.002913519042 0.002690045862 0.00268607703
800,frag@189.02 frag@192.06 loss@112.06 loss@124.09 loss@138.09 frag@180.06 loss@110.08 loss@70.08 frag@228.07 frag@207.04 frag@180.02 frag@178.04 loss@168.02 loss@140.09 frag@195.06 loss@258.05 loss@98.06 loss@84.04 loss@100.05 loss@138.08,0.09321773797 0.09176447988 0.07636479288 0.0713852495 0.06815435737 0.06548336893 0.05171488225 0.05078887194 0.04523390532 0.03811373189 0.03268707171 0.0231753774 0.02036078833 0.01708898693 0.01659998298 0.01493456308 0.01482311916 0.0126769878 0.009323821403 0.007181320805
801,frag@176.07 frag@74.93 loss@244.09 loss@268.13 loss@279.11 frag@190.09 frag@184.1 loss@314.09 loss@257.14 loss@211.06 loss@103.08 frag@273.11 frag@172.11 loss@273.15 loss@278.15 frag@199.05 loss@250.08 frag@133.09 frag@200.02 frag@295.09,0.09827507287 0.06732186675 0.06658192724 0.03876902536 0.03681536764 0.03571204841 0.02219533361 0.01978444308 0.01937565021 0.01906313002 0.01760153286 0.01394713204 0.01360287238 0.01019213628 0.009565846063 0.009362590499 0.008013712242 0.007905164734 0.007539190352 0.006741961464
802,frag@159.08 frag@155.09 loss@122.07 loss@252.1 frag@171.08 frag@142.08 loss@198.07 loss@240.08 frag@185.1 frag@201.09 loss@107.92 loss@35.98 loss@308.16 frag@223.11 frag@193.09 frag@209.1 loss@150.1 loss@79.93 loss@356.11 frag@183.12,0.09092392772 0.04716778547 0.04601744935 0.04444178194 0.03608903289 0.03494434804 0.03249694034 0.03227478266 0.02306147851 0.02071592957 0.01989254728 0.01989127696 0.01924221963 0.01852155104 0.01847813092 0.01776201092 0.01441948209 0.01385225076 0.01250481419 0.01218833961
803,loss@180.16 frag@211.06 loss@292.2 frag@271.16 frag@152.14 frag@154.99 frag@244.06 frag@233.02 loss@299.09 loss@180.0 frag@255.09 loss@137.04 frag@220.08 frag@268.12 frag@235.08 frag@112.1 frag@208.06 loss@378.09 frag@327.15 frag@249.2,0.05134123936 0.02950280905 0.02855252288 0.01118564326 0.0100154588 0.009830261581 0.009801438078 0.008569699712 0.007637921721 0.007430491503 0.007252003066 0.007182324305 0.006853229832 0.006469760556 0.006208926439 0.006066219416 0.006021606736 0.00579211209 0.005203513894 0.004931133706
804,frag@41.04 loss@89.05 loss@88.05 loss@102.07 frag@43.05 loss@91.06 frag@57.07 loss@84.06 loss@103.06 frag@100.02 loss@105.08 loss@105.04 frag@55.05 loss@98.04 frag@59.05 loss@83.07 frag@64.0 frag@154.16 loss@92.01 loss@97.09,0.2524287105 0.09561867267 0.09072457999 0.08272992074 0.06863068789 0.06182703003 0.06141428277 0.0533212088 0.02122675069 0.01455196086 0.01179161482 0.01069269422 0.009425085038 0.009257093072 0.007563496009 0.006855984218 0.006110310555 0.00543303648 0.005406694021 0.005106696859
805,loss@244.16 loss@150.09 frag@203.05 frag@323.09 loss@223.01 loss@275.06 frag@141.07 loss@225.12 frag@297.18 frag@310.12 frag@277.08 loss@267.15 frag@215.03 frag@199.11 loss@271.11 loss@243.04 frag@276.07 frag@242.08 frag@190.95 frag@246.12,0.1358274519 0.08958932757 0.02649539337 0.02189887688 0.01995259896 0.01844523661 0.01116772369 0.0102289971 0.009881428443 0.007932086475 0.006832176354 0.006352365017 0.006316362415 0.005485432688 0.004873119295 0.004868623335 0.004863164853 0.00460880436 0.003978746012 0.003829053137
806,loss@140.08 frag@157.06 frag@228.06 frag@256.06 loss@200.11 loss@144.02 frag@169.11 loss@222.03 loss@124.0 frag@235.05 loss@329.14 frag@136.06 frag@161.04 frag@145.07 frag@270.13 loss@204.08 loss@134.04 loss@119.03 frag@291.15 loss@260.03,0.2652362883 0.1422577947 0.1303409338 0.06622463465 0.0351908654 0.0277031716 0.009832783602 0.006833149586 0.006641010288 0.006325635128 0.006231683306 0.005060513038 0.003930838779 0.003884932026 0.003843928454 0.003779025516 0.003340892727 0.003216133453 0.002962888917 0.002763133496
807,frag@161.06 loss@152.08 loss@257.14 loss@306.13 loss@310.16 loss@297.09 loss@191.1 loss@234.1 loss@322.13 loss@262.06 loss@269.13 loss@212.04 loss@106.08 loss@227.12 loss@221.14 loss@201.09 loss@233.02 loss@204.1 loss@372.12 loss@324.15,0.4924898446 0.2432800978 0.09292139113 0.02006589994 0.01539346855 0.01215849537 0.009232422337 0.005102266092 0.004272720776 0.003304749029 0.002753516193 0.002692973008 0.002492571948 0.002456855495 0.002108429559 0.002087316476 0.001796008786 0.001785308355 0.001705360715 0.001584532321
808,frag@117.06 loss@74.0 loss@91.03 loss@245.04 frag@118.06 loss@102.02 loss@87.03 loss@88.04 frag@128.05 loss@116.04 loss@101.01 frag@104.05 loss@131.0 loss@74.02 loss@115.03 frag@131.07 frag@146.06 loss@89.02 frag@130.07 frag@130.06,0.3170018792 0.06616067141 0.05341192335 0.03289426863 0.03148919344 0.03056262434 0.02644127235 0.0244371146 0.02063639276 0.01831998304 0.0175794512 0.01590947434 0.01521281805 0.01396105159 0.0129673183 0.01224247832 0.01145284902 0.01107939985 0.01024950016 0.01015928853
809,frag@189.1 loss@151.1 loss@228.01 loss@316.11 loss@153.09 loss@308.08 frag@196.11 loss@203.02 loss@250.17 loss@241.07 loss@229.13 loss@304.07 loss@194.07 loss@211.1 loss@143.03 loss@249.13 loss@210.15 frag@209.02 loss@183.1 loss@337.15,0.4256974757 0.06072697043 0.0359528549 0.02526400052 0.02083557658 0.01379259676 0.01333054807 0.01089214906 0.01005722396 0.007921986282 0.007579958532 0.006760039367 0.006445776206 0.006370352581 0.004816015251 0.004618857522 0.004548519384 0.00449737208 0.004012030084 0.003874779213
810,loss@308.12 frag@203.05 loss@246.09 loss@131.02 frag@169.03 loss@228.12 loss@115.02 frag@209.99 frag@179.02 frag@230.04 loss@159.12 frag@310.12 frag@184.11 loss@354.04 loss@321.16 loss@372.12 frag@111.1 frag@297.18 frag@321.17 frag@260.16,0.07781630009 0.04904974252 0.04852781817 0.03035440855 0.01395904645 0.01250950992 0.01185597014 0.006815616041 0.006782171782 0.006610250566 0.005952920765 0.005624950863 0.004886100534 0.004689473659 0.004287254065 0.003918295726 0.003574635135 0.003464262001 0.003339176066 0.003261705628
811,frag@188.03 loss@196.15 loss@225.16 frag@195.99 loss@265.13 frag@91.04 frag@263.09 loss@213.99 loss@168.08 loss@273.1 loss@209.0 frag@233.07 frag@233.12 frag@170.04 loss@238.12 loss@151.05 loss@236.17 frag@269.02 frag@181.09 frag@155.98,0.1962672472 0.07227259874 0.03817432746 0.03209390864 0.02771682478 0.02549685352 0.01754063368 0.01402159035 0.01250305865 0.0110469237 0.005856283475 0.005520632025 0.005345572717 0.005131402053 0.004856927786 0.004760398064 0.004625889007 0.004507153761 0.004168904852 0.004083735403
812,frag@154.04 frag@189.06 loss@224.07 loss@227.06 frag@189.14 loss@235.09 loss@265.1 loss@277.1 loss@211.03 loss@271.03 loss@273.07 loss@312.06 loss@277.07 frag@113.02 frag@114.06 loss@222.06 loss@256.15 frag@166.05 loss@155.01 loss@272.04,0.2493877262 0.1203999817 0.1027955934 0.09411290288 0.06714849174 0.04624350742 0.03425296023 0.03355459124 0.03093086742 0.02185272053 0.01678543352 0.01658494212 0.01320524048 0.01167252008 0.01004591677 0.006194733549 0.003404730931 0.003086998826 0.002910102252 0.002823555144
813,frag@238.08 frag@164.06 loss@282.17 loss@92.03 frag@259.05 loss@116.11 frag@212.09 loss@201.99 frag@286.09 frag@222.04 frag@248.06 loss@365.14 loss@251.02 frag@188.02 frag@266.08 loss@90.05 frag@349.04 frag@256.12 loss@243.02 frag@348.15,0.1052791998 0.03097417392 0.02672388032 0.02580812387 0.02519568615 0.02425528876 0.009782521985 0.009727292694 0.009309353307 0.008852525614 0.008804710582 0.008179569617 0.008129193448 0.007967869751 0.00787057355 0.007682155818 0.006801275536 0.006138828583 0.005893636029 0.00566125242
814,frag@125.06 loss@220.11 frag@135.05 frag@92.03 frag@103.02 frag@133.04 frag@105.06 loss@217.05 frag@328.15 loss@166.02 frag@149.04 loss@240.1 frag@105.04 loss@294.04 loss@213.05 loss@206.09 loss@218.11 frag@135.04 loss@262.12 loss@284.15,0.1168805957 0.04925804585 0.0428410396 0.04183968902 0.03538124263 0.03357715905 0.02599766478 0.01886622049 0.01878121495 0.01423810609 0.01302344445 0.01259757672 0.01224234235 0.01195298228 0.01037234068 0.01022728253 0.01017124578 0.009113114327 0.00824673567 0.007982215844
815,frag@43.02 frag@67.05 loss@219.06 loss@179.13 loss@277.13 loss@231.11 loss@315.11 loss@186.05 loss@174.11 loss@199.13 loss@261.08 loss@253.05 loss@242.06 loss@292.11 loss@160.09 frag@111.03 loss@314.13 frag@97.06 frag@85.06 loss@240.06,0.3394874334 0.1261632144 0.05354265496 0.0475760214 0.0434984155 0.03109005839 0.02514073811 0.01761426218 0.01563455351 0.01556219906 0.01000064798 0.009066932835 0.006780742668 0.006344648544 0.005806850269 0.005563620478 0.004842957482 0.004595043138 0.004444978666 0.004150139168
816,frag@193.08 loss@244.05 loss@163.05 loss@179.02 frag@54.03 loss@249.13 frag@245.05 frag@209.02 frag@55.03 frag@92.04 frag@110.01 frag@236.03 loss@337.15 loss@169.07 frag@204.1 frag@143.06 frag@329.12 frag@150.04 loss@166.07 frag@127.03,0.4184311926 0.1863812804 0.1607096344 0.09228909761 0.004988046363 0.004827184603 0.004622062203 0.003973344341 0.003132458311 0.002862190362 0.002736635506 0.002169678686 0.002076906851 0.002011065139 0.001939369948 0.001869811094 0.001841210411 0.001552863629 0.00151958724 0.001475556637
817,loss@191.09 frag@207.1 frag@98.03 frag@129.07 frag@123.08 frag@117.07 frag@141.07 loss@162.07 frag@145.06 frag@254.12 frag@177.11 frag@147.08 frag@123.05 frag@145.07 frag@188.14 frag@199.02 frag@109.07 frag@133.07 frag@259.14 frag@91.05,0.4467121363 0.09338788688 0.08611232787 0.04245626554 0.03790801764 0.03470546752 0.03433075547 0.03287031129 0.02654373273 0.01335755736 0.01300621405 0.007989272475 0.007206487004 0.007196926977 0.005832118914 0.003668892663 0.003614982357 0.003541487269 0.003485584166 0.003357389942
818,loss@233.07 frag@103.05 frag@131.05 frag@77.04 frag@104.06 frag@133.06 loss@286.13 frag@161.06 frag@95.05 frag@104.05 frag@175.12 frag@135.08 frag@132.08 frag@243.08 frag@105.05 frag@133.07 loss@206.09 loss@217.07 loss@264.06 loss@352.11,0.4703034461 0.3740554452 0.06423290074 0.01298047043 0.01270827465 0.005777246319 0.005215588491 0.0030539094 0.002724312712 0.001740234438 0.001510045491 0.001402950031 0.001398901804 0.001260879566 0.001212233794 0.00115197897 0.001134970458 0.001068934565 0.001034240355 0.0009119691094
819,frag@114.07 frag@69.04 loss@313.15 frag@94.07 frag@174.03 loss@248.16 frag@94.06 loss@215.11 loss@221.04 frag@56.01 frag@80.05 loss@216.11 loss@219.14 frag@108.04 frag@142.02 frag@106.06 frag@108.08 loss@265.07 loss@243.08 frag@68.05,0.08767579496 0.05873735994 0.04000097513 0.02908167616 0.02738528699 0.02032823116 0.01913511939 0.01888847537 0.01771283522 0.01471616328 0.01303531229 0.01232475787 0.0115071591 0.01122029591 0.01114988513 0.01078032237 0.01032472961 0.00990105886 0.007560027763 0.007282694802
820,loss@268.13 loss@315.14 frag@184.11 frag@214.0 loss@198.12 loss@363.13 frag@184.12 frag@218.17 frag@319.15 loss@343.1 loss@328.1 frag@412.22 frag@196.97 frag@258.14 loss@340.13 loss@381.17 frag@287.14 loss@344.2 loss@239.19 loss@277.17,0.04411438107 0.01735514961 0.01176442672 0.009701067582 0.008315592073 0.006562134717 0.005884399172 0.005319803022 0.00527923461 0.005193561316 0.004650251009 0.004562139977 0.004500895273 0.0040607634 0.00400169706 0.003993047401 0.00372426305 0.003697623732 0.003629361046 0.00350680761
821,loss@221.08 frag@67.02 frag@121.01 frag@106.04 loss@209.08 frag@190.02 frag@208.07 loss@236.03 loss@217.03 loss@237.11 frag@97.04 loss@191.11 frag@140.05 frag@106.07 frag@121.04 frag@119.06 frag@125.06 frag@92.03 loss@211.05 frag@98.03,0.1687840223 0.1212090701 0.1045574248 0.09857432544 0.09267601371 0.02430461533 0.02074279636 0.01806538925 0.01503669936 0.008808281273 0.007542564999 0.006925274152 0.006668203045 0.006184607279 0.005029316526 0.004978750367 0.00445935782 0.003970469814 0.003850736422 0.003788977396
822,frag@154.05 frag@152.07 loss@222.1 frag@136.04 loss@183.05 loss@182.07 loss@152.06 loss@163.03 frag@228.11 loss@211.04 loss@259.09 loss@240.05 loss@180.09 loss@221.12 loss@172.06 loss@189.09 frag@126.05 loss@194.15 frag@311.14 loss@240.07,0.1844534874 0.1522073001 0.09675937891 0.09131092578 0.07841464877 0.07327669859 0.06052281335 0.04514136165 0.03310334682 0.01917287894 0.01507016271 0.01158921514 0.008308545686 0.006238594651 0.00478815753 0.004229872487 0.004063683096 0.002995701041 0.002533745486 0.0022924894
823,loss@231.05 loss@157.02 frag@68.01 frag@57.04 frag@94.05 frag@69.01 frag@200.03 loss@193.99 frag@154.02 frag@43.03 frag@190.03 frag@54.03 loss@189.97 loss@124.12 loss@139.04 frag@83.06 frag@157.01 frag@258.08 loss@236.11 frag@55.03,0.2006741315 0.1207855493 0.1152653992 0.08598206937 0.08232808858 0.03578736261 0.02321815863 0.01113420259 0.006278593093 0.006034103222 0.004975318909 0.004613135941 0.004223943222 0.004204275087 0.004001464695 0.003855301766 0.003567309119 0.00356524135 0.003242179053 0.003096020315
824,loss@121.07 frag@200.05 loss@115.01 frag@80.04 frag@294.1 frag@214.06 frag@183.09 loss@70.03 frag@281.1 frag@288.07 frag@248.05 frag@230.09 frag@213.11 loss@89.06 loss@254.06 frag@284.1 frag@215.04 frag@167.02 loss@70.02 frag@177.02,0.116542995 0.1165421531 0.05267085135 0.02888744511 0.02431706339 0.02092628554 0.01932707056 0.01498561632 0.007712658029 0.007598799653 0.00690140808 0.00589433359 0.005812482443 0.005018935539 0.004971360322 0.004845167976 0.004074118566 0.00400625309 0.003565592924 0.003551886417
825,frag@168.02 loss@219.01 loss@296.08 loss@200.99 frag@96.06 loss@172.13 frag@104.07 frag@171.11 frag@206.09 loss@218.99 frag@281.04 loss@325.11 frag@194.0 loss@312.1 frag@329.12 loss@131.02 frag@171.95 frag@318.06 frag@278.11 frag@330.19,0.1874904186 0.1630225182 0.02944684029 0.02836356126 0.008947857656 0.00793658942 0.007583454251 0.006370811258 0.006062975153 0.005139218178 0.00504703261 0.004850827157 0.00461072661 0.004479569849 0.004045103211 0.003719648579 0.003661401803 0.003562448081 0.003556782613 0.003392394166
826,loss@43.02 loss@44.03 loss@71.01 frag@239.07 loss@15.02 frag@210.07 frag@242.06 frag@223.1 frag@108.02 frag@226.06 frag@255.07 loss@16.03 frag@253.05 loss@70.03 frag@316.06 loss@117.02 frag@270.05 frag@222.09 frag@216.04 loss@102.05,0.1926166862 0.0650324747 0.03942015767 0.03697314486 0.03544833139 0.03099970333 0.03038182668 0.02906661481 0.02725391649 0.02236189693 0.02029217593 0.01626221277 0.01522437856 0.01393063553 0.01316675916 0.01310701668 0.01102545951 0.009274561889 0.009078986943 0.008678085171
827,frag@53.04 loss@157.02 loss@273.06 frag@81.03 loss@153.04 loss@236.04 loss@202.02 frag@93.03 loss@227.07 loss@114.03 loss@254.04 loss@156.01 frag@109.03 loss@222.08 loss@279.08 loss@248.06 loss@176.01 loss@225.03 loss@197.98 loss@138.04,0.3301887512 0.1672413349 0.07993866503 0.07855762541 0.03612820804 0.01947430521 0.01437463332 0.01367901359 0.01299088355 0.01169018447 0.01052506454 0.00883312989 0.008709798567 0.008088670671 0.006807894912 0.006752023473 0.006417107768 0.006184180267 0.005085013341 0.004998363089
828,frag@45.03 frag@173.95 loss@179.0 frag@155.94 frag@70.04 loss@157.02 loss@303.08 loss@273.06 frag@233.13 frag@208.02 frag@136.05 frag@255.12 loss@235.07 loss@258.08 loss@252.03 frag@93.03 loss@162.1 loss@280.09 loss@129.03 loss@271.06,0.107613802 0.091516532 0.06965459883 0.0650723055 0.04374843463 0.03939367458 0.02774827927 0.02653611265 0.01750504039 0.01442323532 0.01371693797 0.01002161112 0.009323930368 0.008544834331 0.007227369118 0.00721280463 0.007089011837 0.006885133684 0.005535732955 0.005470555741
829,frag@128.03 loss@174.09 loss@214.12 frag@54.03 loss@397.09 frag@42.03 frag@126.07 frag@103.03 loss@223.04 frag@136.06 loss@212.01 frag@93.04 loss@162.04 frag@85.08 frag@57.04 frag@225.03 frag@66.03 frag@193.08 loss@105.04 frag@81.04,0.4508282542 0.2934856713 0.1829639077 0.01919404231 0.0053548906 0.004168306477 0.001883047051 0.001326237922 0.001097222907 0.0009502741741 0.0009276864585 0.0009245768306 0.0008391225711 0.0008385507972 0.0007853496936 0.0007549876464 0.0007332253736 0.0005574765964 0.0005314924056 0.0005119226407
830,loss@144.05 frag@170.04 frag@228.06 frag@123.04 frag@101.03 loss@187.98 loss@140.08 frag@81.03 frag@149.04 frag@228.99 loss@144.02 frag@167.02 frag@291.15 loss@193.15 loss@313.1 loss@221.09 frag@245.08 frag@207.1 frag@124.06 loss@284.03,0.3453233242 0.0890461877 0.03866748884 0.03508785367 0.0282827802 0.01989039406 0.01571595483 0.0148069188 0.01269527152 0.0104956422 0.01039972529 0.008880880661 0.00810868293 0.008078332059 0.007619064767 0.007112098858 0.007077788468 0.006836027373 0.006814982742 0.006253176369
831,loss@154.11 frag@166.06 loss@182.14 frag@112.09 loss@169.12 frag@245.13 frag@214.13 frag@136.05 frag@350.13 frag@157.01 frag@108.06 loss@159.15 frag@208.97 loss@192.15 loss@129.03 frag@188.12 frag@298.14 loss@230.16 loss@205.05 loss@236.19,0.2402673364 0.1558183134 0.1210571304 0.1131312773 0.08854110539 0.0628009215 0.06030440331 0.01866141893 0.01220097858 0.005440346431 0.003806796623 0.003179265885 0.002414562972 0.001971744467 0.001874511712 0.001742271939 0.001677507535 0.001624975121 0.001580921002 0.001569150831
832,frag@195.03 loss@244.17 frag@252.09 loss@344.2 loss@275.09 frag@298.08 loss@302.03 loss@143.05 frag@294.16 loss@133.11 frag@255.1 frag@287.07 loss@137.09 frag@295.09 loss@166.99 loss@79.08 loss@100.0 frag@161.12 loss@355.11 loss@269.09,0.1985702664 0.1550501138 0.06799578667 0.02540971898 0.01766048744 0.01698139869 0.01291945577 0.009659979492 0.009655090049 0.009312388487 0.008937924169 0.008656946011 0.007281353697 0.006510085892 0.00596433552 0.00593855558 0.005569666624 0.004844482522 0.004755781032 0.004738157149
833,frag@84.08 frag@82.06 frag@112.08 loss@212.15 loss@182.11 loss@251.13 loss@224.12 frag@56.05 loss@168.13 frag@82.07 loss@238.11 frag@110.1 loss@213.15 loss@257.12 loss@194.09 loss@264.16 loss@263.15 loss@237.15 loss@223.09 frag@84.09,0.2507795095 0.07918266207 0.05800855905 0.03148049489 0.02830960974 0.02644731663 0.02033274248 0.02013751119 0.01927162893 0.0184114594 0.01820936799 0.01532749645 0.01398212649 0.01362765487 0.01349105127 0.01132762898 0.01099007204 0.01078237779 0.01056435332 0.009580146521
834,frag@79.05 frag@111.04 frag@135.08 loss@222.05 frag@125.06 frag@105.07 frag@95.05 loss@186.06 loss@263.1 loss@128.04 frag@102.04 loss@243.15 loss@220.03 loss@239.06 loss@257.11 frag@77.04 frag@147.08 loss@228.06 frag@147.05 loss@192.06,0.162417978 0.04105003178 0.0349593237 0.03287190571 0.0306851808 0.02729435824 0.02528727427 0.02286104485 0.02208608203 0.02066657133 0.01527810562 0.01429244038 0.01391566824 0.01361043565 0.01223299559 0.01158226095 0.01148449071 0.01123329531 0.009534224868 0.009438072331
835,frag@208.08 loss@179.07 loss@300.11 frag@152.08 loss@314.08 frag@116.93 loss@156.02 frag@178.07 frag@247.07 frag@229.13 loss@170.05 loss@179.08 loss@233.09 frag@312.09 frag@182.95 frag@218.06 loss@163.1 frag@159.06 frag@188.04 loss@347.14,0.4744203687 0.3226444423 0.150924474 0.003960676957 0.003092371626 0.002476205816 0.00148219883 0.001409459161 0.00132283126 0.001170621952 0.001127743744 0.0009684410761 0.0008991654031 0.000863741443 0.0007460502093 0.0007370174862 0.0006484776968 0.0005968709011 0.0005702583003 0.0005115512758
836,frag@204.15 frag@256.09 loss@269.04 loss@125.07 loss@324.09 frag@194.11 frag@227.08 loss@171.1 loss@248.03 frag@144.03 loss@308.1 loss@275.11 loss@170.12 loss@311.18 frag@201.06 frag@236.06 frag@199.07 frag@377.16 loss@289.19 loss@267.04,0.08363854885 0.06661515683 0.02545113862 0.0244417619 0.0151867019 0.01133540738 0.01082469989 0.01027211361 0.009312583134 0.008890180849 0.008329971693 0.008115943521 0.007858399302 0.006857845932 0.006120291073 0.005888532847 0.005717756227 0.005415765569 0.004826961551 0.004803216085
837,frag@217.1 loss@306.1 loss@269.11 loss@299.16 loss@170.13 loss@270.11 frag@304.12 loss@244.09 loss@285.17 loss@276.13 loss@310.16 frag@56.01 frag@321.1 loss@296.14 frag@184.11 frag@174.12 loss@272.03 loss@300.06 frag@161.94 loss@276.15,0.2777237594 0.0512065962 0.04880713671 0.03827564046 0.02447961643 0.01723269559 0.01514303591 0.01437525544 0.01130016334 0.007176548708 0.006577587686 0.006552186795 0.006248551887 0.006174983457 0.005855691619 0.005538339261 0.005123578478 0.004845566116 0.004002621397 0.003778239014
838,frag@56.05 frag@82.06 loss@246.07 loss@251.12 frag@84.08 loss@278.17 loss@224.06 loss@259.1 loss@240.06 loss@242.05 loss@194.09 loss@268.12 loss@251.15 loss@226.1 frag@83.07 loss@298.1 loss@283.13 loss@204.15 frag@82.07 loss@244.01,0.2493859082 0.1504281461 0.0588475503 0.02906482853 0.02486685663 0.02257005125 0.01924517006 0.01812266558 0.01665308326 0.01647950336 0.01628898643 0.0158086624 0.01313746534 0.01043619122 0.01005192939 0.00934628211 0.008559765294 0.00776580628 0.007744059432 0.007280662656
839,loss@246.08 frag@233.05 frag@238.05 frag@172.93 loss@186.15 frag@257.14 loss@136.1 loss@170.12 frag@200.04 loss@302.07 loss@337.15 loss@99.08 frag@82.05 loss@119.04 loss@301.05 loss@271.02 frag@221.14 frag@184.99 frag@69.01 loss@138.14,0.04045380279 0.03844263405 0.02952258848 0.02822876908 0.02532635443 0.02345209196 0.02119768038 0.02044356987 0.01810219698 0.01465108898 0.01360813621 0.01241309289 0.01196013298 0.01087211818 0.008854611777 0.008505770937 0.008337105624 0.008014742285 0.00683264574 0.0067387647
840,frag@108.07 loss@157.09 loss@161.03 frag@172.97 loss@216.99 loss@107.04 frag@240.06 frag@157.96 frag@210.04 loss@360.07 frag@315.13 frag@198.99 frag@144.05 frag@172.07 frag@66.03 loss@82.04 frag@260.05 frag@262.16 loss@184.98 loss@261.96,0.1446502805 0.1292344779 0.07047569752 0.0644768998 0.05609560758 0.04884000123 0.03336905316 0.02715856582 0.0213033855 0.02117970213 0.02002390288 0.01815317012 0.01790942065 0.01663363166 0.01458588336 0.01438649837 0.01218067575 0.01043317094 0.0078908531 0.005758702755
841,frag@244.07 frag@59.99 loss@172.0 loss@92.05 loss@344.07 frag@287.08 frag@165.01 loss@90.09 frag@224.09 frag@214.06 frag@205.1 loss@130.12 frag@276.15 loss@56.04 frag@171.95 loss@223.98 frag@303.04 loss@297.16 frag@309.13 frag@146.05,0.07849856466 0.0295927301 0.02720482461 0.02008251101 0.01457193214 0.01354062092 0.0116025582 0.01017893292 0.009855390526 0.009578379802 0.008634681813 0.008615218103 0.007794099394 0.006964816712 0.006761138793 0.006214659661 0.005479562562 0.005458157044 0.005335403141 0.005306270905
842,loss@258.06 loss@291.17 loss@350.1 frag@288.04 frag@239.15 frag@286.12 frag@191.15 frag@207.16 frag@191.01 frag@289.14 loss@90.05 frag@130.12 frag@86.07 frag@58.06 frag@281.15 frag@288.12 frag@101.11 frag@268.13 loss@244.15 frag@234.11,0.05243381113 0.01978109591 0.01750887558 0.01651043445 0.01554061845 0.01491175219 0.01471955422 0.01279082708 0.01185639389 0.01184211113 0.01144202426 0.01070090383 0.01056880318 0.01046711393 0.009662438184 0.009344503284 0.009159989655 0.008410746232 0.008060832508 0.007045936305
843,frag@114.01 loss@197.04 frag@118.03 loss@261.07 loss@257.1 frag@106.05 loss@233.04 frag@232.03 loss@282.02 frag@91.02 loss@158.02 loss@208.92 frag@75.03 loss@234.16 frag@134.05 frag@115.01 frag@259.12 frag@169.17 loss@277.06 loss@291.09,0.1639059782 0.1262455434 0.1150441244 0.09395775944 0.07431749254 0.07345864922 0.05494899675 0.02260646038 0.01762369275 0.01120000053 0.009336683899 0.008768343367 0.007581371348 0.006621028762 0.006338721141 0.004103646614 0.004094112199 0.004059289116 0.003992262296 0.003800175851
844,frag@199.1 frag@205.04 loss@201.13 loss@135.09 loss@252.05 loss@262.18 loss@227.17 frag@288.13 loss@125.07 loss@166.1 loss@186.1 frag@170.08 frag@213.0 loss@138.1 loss@63.03 frag@76.04 loss@145.07 loss@170.13 loss@144.07 loss@247.01,0.2375649363 0.2235345691 0.1457169503 0.1029483303 0.08176255971 0.07587648183 0.02468562499 0.009289925918 0.005439525004 0.004858690314 0.004061532207 0.003276567208 0.002048060764 0.001845410676 0.001827299013 0.001395334024 0.001383041381 0.001274386072 0.001051585539 0.001039855764
845,loss@237.13 frag@181.09 frag@252.07 loss@170.15 loss@137.02 loss@234.09 loss@231.98 loss@264.1 frag@204.08 loss@138.02 frag@187.04 frag@260.11 frag@293.14 loss@27.01 frag@192.04 loss@263.17 frag@122.94 frag@148.05 frag@107.01 loss@175.99,0.181066379 0.1684360355 0.1263113022 0.03807215765 0.0304669328 0.01916179992 0.01569778658 0.01491786074 0.01271683257 0.01203574985 0.007782500237 0.005847954657 0.004790641367 0.004568390548 0.004429947585 0.004267822951 0.004005060066 0.003986297175 0.003870736109 0.003490518313
846,loss@110.06 loss@161.11 frag@176.05 frag@176.07 frag@186.05 frag@188.07 frag@158.06 loss@228.11 loss@145.05 frag@130.06 loss@163.04 loss@103.04 frag@198.08 frag@160.08 frag@129.06 frag@132.08 frag@131.07 loss@197.97 loss@185.01 frag@107.07,0.08329997957 0.07665673643 0.0685018301 0.0549116917 0.0524713099 0.04991552979 0.02957160212 0.02642844617 0.02603260987 0.02080886066 0.01730466448 0.01689469814 0.01539621595 0.01299866196 0.01281506475 0.0117595857 0.01142637245 0.01053648721 0.01010515448 0.009703503922
847,frag@122.03 loss@216.07 frag@97.04 frag@212.04 frag@111.06 loss@151.08 frag@125.04 loss@223.1 frag@109.04 frag@208.07 frag@349.07 loss@290.07 frag@231.12 frag@108.06 loss@193.1 loss@340.11 frag@139.06 frag@150.06 loss@208.06 loss@226.03,0.08071825653 0.06905659288 0.05155435577 0.02091039158 0.02049741521 0.01711805537 0.01251002122 0.01205547899 0.01103827637 0.009307081811 0.009236235172 0.007874395698 0.007764576003 0.007438430097 0.007219682913 0.007102839649 0.006360569969 0.005875049625 0.005702947732 0.005322219338
848,loss@136.03 frag@57.04 frag@68.01 frag@83.06 loss@139.04 frag@69.01 frag@43.03 frag@150.06 frag@54.03 loss@231.0 frag@134.04 frag@62.02 loss@138.04 frag@82.05 loss@125.06 frag@55.03 frag@131.0 loss@144.0 frag@140.03 frag@81.04,0.1830815226 0.07920232415 0.06455076486 0.05870456994 0.05468633026 0.03421217203 0.03138341755 0.02192452177 0.01928362623 0.0176834017 0.01535591576 0.01189481933 0.0115433652 0.01026067603 0.0102145439 0.00915357843 0.007769541349 0.007445945404 0.007115575951 0.006478929427
849,frag@118.06 frag@118.07 loss@249.08 loss@185.05 loss@234.07 loss@217.07 frag@132.04 frag@134.06 loss@229.04 frag@145.08 frag@132.08 loss@201.08 loss@176.1 loss@206.03 loss@193.04 frag@146.06 loss@195.02 loss@262.06 loss@189.08 frag@105.06,0.2015021294 0.1024848968 0.0606347546 0.04186625779 0.0408742018 0.0242987331 0.02106690407 0.02079372481 0.01891153306 0.01659905352 0.01655816846 0.01620025188 0.01540890429 0.01511257049 0.01288668532 0.01279503852 0.01239078213 0.01206286438 0.01112655364 0.01111018378
850,loss@56.04 frag@225.11 frag@170.02 loss@150.04 frag@241.07 loss@214.01 frag@172.07 loss@137.02 loss@195.08 loss@219.01 loss@114.06 frag@179.06 loss@138.99 frag@95.99 loss@115.01 loss@64.0 frag@179.04 frag@384.17 loss@106.01 frag@294.1,0.08674842864 0.07598141581 0.0750553906 0.05658912286 0.04547766224 0.03793106601 0.02103510499 0.01672447473 0.01435925905 0.01088475343 0.01050128136 0.009825372137 0.009151801467 0.008565780707 0.008283614181 0.007969632745 0.007565051783 0.007476053666 0.007341976743 0.007046892308
851,loss@212.1 frag@140.05 frag@120.07 loss@143.0 frag@145.04 loss@261.03 loss@173.09 loss@226.04 loss@206.07 frag@163.05 frag@163.02 loss@204.06 frag@121.01 frag@160.1 frag@163.99 frag@144.04 loss@256.1 frag@144.06 frag@92.04 frag@105.06,0.1461394876 0.07227997482 0.06625089794 0.04053969309 0.03600765765 0.02756166644 0.02361463755 0.01823152229 0.01697578095 0.01472929493 0.01331941597 0.01292294543 0.009608577006 0.009483393282 0.009464276023 0.008333894424 0.008072693832 0.007960702293 0.006736203097 0.006626242772
852,loss@204.09 frag@119.06 frag@175.12 frag@241.11 frag@118.06 loss@189.03 frag@178.09 frag@105.05 frag@134.06 loss@176.1 loss@263.09 frag@235.97 frag@110.05 loss@179.09 loss@219.1 loss@277.11 loss@196.09 loss@208.1 frag@199.12 loss@239.05,0.3575596511 0.2211777568 0.1054159626 0.0667437017 0.01652599312 0.01506429166 0.01059171464 0.009394090623 0.009163848124 0.008756624535 0.008070689626 0.005466068629 0.005103300791 0.004526762757 0.004415175412 0.00363126304 0.003526354209 0.003503613407 0.003329596948 0.003179106629
853,frag@123.07 loss@148.07 frag@197.09 loss@172.04 loss@115.07 loss@88.11 loss@345.11 loss@194.12 loss@188.14 loss@142.01 loss@425.22 loss@214.06 loss@135.04 loss@272.08 loss@233.03 loss@181.01 loss@97.1 loss@249.04 loss@261.02 loss@91.04,0.343780458 0.1899252236 0.1340674907 0.09977193922 0.05443846434 0.02666405402 0.0157453306 0.007824862376 0.005149696022 0.004548132885 0.004153561778 0.003767846152 0.003645292949 0.002831761725 0.002216010354 0.001868498512 0.001819785102 0.001791095245 0.001581619261 0.00151651795
854,frag@107.05 loss@239.1 loss@197.09 loss@274.14 loss@217.13 loss@310.13 loss@327.15 loss@254.1 frag@123.04 frag@135.08 loss@330.1 frag@111.04 loss@280.16 loss@335.12 loss@621.23 loss@355.15 frag@95.05 frag@125.06 loss@359.12 loss@240.08,0.4153604209 0.08982474357 0.08942779899 0.05279456824 0.05153451115 0.02949786559 0.02808501385 0.01807538047 0.01706248149 0.01624298468 0.01196933538 0.01098145824 0.01072905865 0.009958991781 0.008652851917 0.005158995278 0.005040010903 0.00492694648 0.00425488269 0.004004914779
855,frag@148.04 loss@220.08 frag@143.08 loss@325.12 loss@267.11 loss@321.18 loss@164.02 loss@333.11 loss@331.09 loss@305.06 loss@1.01 loss@303.09 loss@302.08 loss@185.01 loss@222.18 loss@199.06 loss@132.06 loss@204.01 loss@148.11 loss@280.99,0.4496400058 0.3439001441 0.04330961406 0.02885482833 0.009429376572 0.005167236552 0.00405292213 0.003446776187 0.003249364439 0.002934260061 0.0027922031 0.002740158932 0.002728315303 0.002506576478 0.002377414843 0.002208454069 0.002144244034 0.001788788242 0.001691158395 0.001665139571
856,frag@55.02 frag@58.03 loss@258.1 loss@260.15 loss@310.1 loss@269.11 loss@219.06 frag@214.11 loss@224.09 loss@306.1 loss@231.1 loss@222.06 loss@273.11 frag@201.13 loss@213.14 loss@245.14 loss@237.1 loss@252.12 loss@290.13 loss@284.08,0.3329209089 0.08902075142 0.05239815637 0.05089008063 0.0500215143 0.04619858786 0.04008191079 0.02867764607 0.01533522829 0.01449397858 0.0104694115 0.008560692891 0.007976772264 0.007378576323 0.006546831224 0.006286150776 0.005931520835 0.004166855477 0.004152261652 0.0037863818
857,frag@149.06 frag@109.06 frag@119.05 loss@268.07 loss@322.1 loss@255.09 loss@223.1 frag@121.07 loss@213.03 loss@224.08 loss@236.13 loss@273.14 frag@121.06 loss@327.17 frag@109.07 frag@91.05 loss@276.1 loss@238.14 loss@215.13 loss@264.05,0.2052112818 0.08701324463 0.08598335087 0.04754807428 0.04350342974 0.02843365446 0.02821297571 0.0256391447 0.01673357747 0.01407518424 0.01176421531 0.01038846001 0.01030301116 0.01014896389 0.009922474623 0.008997242898 0.008714271709 0.008355693892 0.007215199061 0.006861201022
858,loss@148.03 frag@280.1 frag@215.07 loss@350.12 loss@234.09 frag@246.09 frag@158.05 frag@103.02 frag@220.95 frag@204.05 frag@219.12 frag@136.03 frag@303.07 loss@175.02 frag@383.12 frag@243.95 frag@80.03 frag@246.1 frag@219.05 loss@199.96,0.2412275821 0.1007535234 0.07587149739 0.07464818656 0.07318104804 0.03581336141 0.008848246187 0.006787880789 0.006584393792 0.006508018356 0.006079431623 0.005719278939 0.005228172988 0.004945634399 0.004625181668 0.004441610072 0.004328495357 0.004268567543 0.004191938322 0.003982221708
859,frag@173.54 loss@129.04 loss@112.05 loss@68.03 frag@173.55 loss@238.08 loss@167.08 frag@309.12 frag@71.05 frag@69.03 frag@97.03 frag@85.03 frag@115.04 frag@97.06 loss@744.25 frag@79.02 loss@182.06 loss@229.0 frag@455.35 frag@83.05,0.2568756044 0.1106175184 0.09821819514 0.09285004437 0.07049791515 0.06679005921 0.06079854071 0.02779399231 0.01714282483 0.01571126096 0.01350489818 0.01184544247 0.008276687004 0.006739996839 0.005574844778 0.005502336659 0.005424307194 0.005069989245 0.004266641568 0.004250546452
860,frag@257.1 frag@79.03 frag@43.03 loss@262.09 frag@224.08 loss@95.06 frag@68.01 loss@140.12 loss@110.11 loss@157.1 frag@309.11 frag@171.97 loss@45.99 loss@111.08 frag@251.08 frag@55.03 loss@185.0 loss@356.2 frag@243.03 frag@240.08,0.05103069544 0.04981145635 0.04448608309 0.04354986176 0.04246227816 0.01721025631 0.01520138979 0.009530083276 0.009023366496 0.008994310163 0.007439824753 0.007425931282 0.006934764795 0.006752114277 0.00597538799 0.005927802064 0.00566408271 0.004911738448 0.004787350073 0.004539736081
861,frag@95.01 loss@230.12 loss@245.12 loss@255.1 loss@185.12 loss@254.11 loss@271.13 loss@260.08 loss@287.09 loss@229.03 loss@249.1 loss@285.12 loss@298.1 loss@207.12 loss@207.13 loss@216.07 loss@211.07 loss@206.11 frag@164.07 loss@226.06,0.4956237376 0.07761882991 0.06561867893 0.06050359085 0.04644176736 0.0384032242 0.03486470878 0.02659449168 0.0242962148 0.01389517635 0.01236117259 0.0106457267 0.00588397542 0.004963756539 0.003290851833 0.002968911547 0.002958366415 0.002917499514 0.002874883125 0.00267600501
862,loss@148.05 frag@106.04 frag@181.04 frag@123.01 loss@298.06 frag@269.09 frag@207.07 frag@157.01 loss@243.06 frag@224.07 frag@338.14 loss@330.12 loss@318.11 frag@179.07 loss@149.06 frag@365.14 loss@388.2 frag@213.02 frag@90.05 frag@141.0,0.4562586248 0.1901682913 0.1544405371 0.1284173429 0.01179123297 0.005297501571 0.00294429413 0.001875618589 0.001311724656 0.001174594392 0.0009176995372 0.0007899735356 0.0007178728702 0.0006122156046 0.0005935889203 0.0005837363424 0.000562082103 0.000479444745 0.000473225693 0.000471201638
863,frag@208.02 frag@247.07 loss@289.06 loss@110.0 loss@299.05 loss@166.1 frag@171.04 frag@206.17 frag@175.11 frag@274.12 loss@333.07 frag@324.12 frag@58.03 loss@125.04 frag@160.03 loss@224.11 frag@183.02 loss@258.02 loss@353.15 loss@129.1,0.1511223018 0.02175261639 0.01564505696 0.0125728054 0.0123217022 0.01218035165 0.009954743087 0.009580981918 0.008756507188 0.008296398446 0.007670396473 0.007429945748 0.006705937441 0.006073451135 0.005932112224 0.005797016434 0.005570674315 0.005556090735 0.005526039284 0.005245385226
864,frag@81.03 frag@109.03 loss@279.13 loss@320.11 loss@284.09 frag@53.04 loss@279.09 frag@99.04 loss@278.1 loss@266.12 loss@223.08 loss@346.1 loss@224.01 loss@368.17 loss@313.1 frag@113.06 frag@97.06 frag@69.03 loss@254.04 loss@248.06,0.233701095 0.1554506123 0.1240562201 0.06950440258 0.04589196295 0.04168495163 0.01982810721 0.0192223601 0.01646452956 0.01516850106 0.01421032287 0.01304695569 0.006681785919 0.006608981173 0.006495073903 0.005551732145 0.004379414022 0.003937510774 0.003509421134 0.003417268861
865,frag@251.07 loss@270.06 frag@254.08 frag@232.1 loss@64.05 frag@234.1 loss@286.03 loss@146.02 frag@216.06 loss@297.18 frag@276.1 loss@344.04 frag@257.08 frag@162.02 frag@205.07 loss@155.96 loss@102.05 frag@245.04 frag@257.05 frag@247.06,0.110196501 0.04071220756 0.03240086138 0.02612356469 0.01426523831 0.01365834475 0.012322939 0.01045760419 0.01042778883 0.008453067392 0.006507818587 0.005820255727 0.005692385603 0.005312884692 0.005073149689 0.004256314598 0.004090767819 0.003627449507 0.003414348466 0.003398206783
866,frag@101.02 loss@255.01 loss@229.99 frag@115.02 loss@194.06 loss@206.07 loss@254.07 loss@237.09 loss@274.04 loss@183.05 loss@208.04 loss@191.03 loss@222.06 loss@170.08 loss@242.07 loss@270.11 loss@266.08 loss@186.99 loss@255.05 loss@252.07,0.4589911699 0.06145928428 0.03673490509 0.03114723042 0.02458531782 0.02287383191 0.01313290652 0.01014871057 0.00901548937 0.008580534719 0.008133538067 0.006935678888 0.006727222819 0.004921159241 0.004865700379 0.004648931324 0.004571325146 0.004230369814 0.003726096358 0.003721263027
867,frag@169.13 loss@211.16 frag@127.07 frag@150.03 loss@312.04 frag@188.03 loss@197.18 loss@189.14 loss@361.14 loss@304.17 loss@265.13 loss@285.16 frag@155.15 frag@338.11 frag@210.02 loss@361.12 loss@208.02 loss@62.07 loss@251.17 frag@81.08,0.08123613149 0.0784586072 0.07013879716 0.03280972317 0.02979415655 0.02947687916 0.01694102399 0.01129844319 0.01041272376 0.009412792511 0.008645007387 0.008466033265 0.00833292678 0.007439806126 0.006856184918 0.006582993083 0.006189022679 0.006049172021 0.005317791831 0.005307865329
868,frag@231.09 frag@141.06 loss@73.07 frag@246.12 frag@242.08 loss@84.04 frag@292.08 frag@59.93 frag@214.06 frag@292.14 frag@279.08 loss@148.03 loss@107.05 loss@360.19 loss@160.04 loss@144.06 loss@95.05 loss@168.02 frag@205.11 loss@81.04,0.07117159665 0.06352908909 0.03829459473 0.03735212982 0.01963521354 0.01749859937 0.01644314453 0.01158154942 0.008993908763 0.007980328985 0.007529584691 0.006642207503 0.006177823059 0.005551174749 0.005450662225 0.00459986506 0.004459154326 0.004334483761 0.004271338228 0.004145194311
869,frag@97.01 loss@257.04 loss@237.08 frag@188.04 loss@221.09 frag@111.03 loss@198.03 frag@135.03 frag@235.05 loss@209.09 frag@59.0 frag@158.0 frag@179.0 frag@237.0 loss@230.03 frag@97.02 loss@218.08 loss@264.08 loss@255.05 frag@88.02,0.1841303408 0.1130276695 0.06414684653 0.03849340603 0.02261275612 0.02221058123 0.02116779238 0.01644681394 0.0151405083 0.01378488261 0.01344130468 0.01310935523 0.01292216126 0.0114435209 0.0100270221 0.008132653311 0.008098036051 0.00794040598 0.007654842921 0.007110826205
870,frag@259.05 loss@203.14 frag@275.1 frag@291.12 frag@183.02 frag@288.12 frag@224.06 loss@314.1 loss@261.08 frag@348.15 frag@243.05 loss@302.09 frag@252.15 frag@238.08 frag@208.08 frag@286.09 loss@152.02 frag@183.95 loss@170.1 frag@164.02,0.03341067582 0.02267347835 0.02034187503 0.01972888596 0.01839509793 0.01244936977 0.00995342806 0.009600984864 0.009505514987 0.009446787648 0.008887155913 0.008052175865 0.007774562575 0.007457965519 0.006895465311 0.006274645682 0.005694463849 0.005679091439 0.005562726408 0.005144629627
871,frag@43.02 frag@57.03 loss@172.09 frag@67.05 loss@315.11 loss@120.09 loss@321.15 loss@174.11 loss@352.08 loss@293.05 loss@257.01 loss@295.12 loss@227.15 loss@249.17 loss@313.12 loss@318.14 loss@314.13 frag@173.54 loss@273.12 loss@318.17,0.1959017366 0.165593937 0.07172926515 0.02730782516 0.0130800223 0.01295870449 0.01113338768 0.009844848886 0.008762830868 0.007997922599 0.007312261965 0.007280177437 0.00700812554 0.006642498076 0.006604666822 0.006144337822 0.006007988937 0.005882695783 0.005646254867 0.005394223612
872,frag@323.09 loss@270.12 frag@222.13 frag@243.14 loss@117.99 frag@301.08 loss@187.13 frag@227.12 frag@237.12 loss@250.12 frag@247.04 frag@206.1 loss@337.13 loss@304.19 frag@248.14 loss@200.14 frag@335.14 loss@315.14 frag@291.06 frag@181.13,0.02647231892 0.02640290931 0.02161042392 0.02016404271 0.01395755727 0.01066753548 0.01034178585 0.009519043379 0.009181838483 0.008755089715 0.008473569527 0.008001731709 0.007786055095 0.007446849719 0.007158772089 0.005822760984 0.005463080015 0.00519132195 0.004017683677 0.003586990992
873,loss@218.08 loss@220.1 frag@148.07 frag@161.08 frag@134.07 frag@146.07 frag@108.06 frag@187.1 loss@213.09 loss@243.01 frag@231.12 frag@162.1 loss@198.03 frag@97.01 frag@121.04 frag@202.11 loss@178.12 frag@194.09 loss@175.11 frag@120.06,0.1773287505 0.1620776951 0.1569454819 0.07277236134 0.06759443134 0.04096702486 0.02213095129 0.007652402855 0.007406667341 0.007093048189 0.005953789223 0.005789164454 0.005419726949 0.005055315793 0.004753778223 0.004652478267 0.004456322175 0.004405054264 0.004387534689 0.004340401385
874,frag@120.07 loss@243.09 frag@153.03 frag@159.06 loss@251.06 frag@161.11 loss@267.09 frag@147.09 frag@88.02 loss@208.1 loss@237.08 loss@241.12 frag@175.12 frag@133.06 frag@188.11 frag@312.09 loss@179.09 loss@203.1 loss@212.07 loss@243.12,0.09524771571 0.0773479417 0.06510449946 0.06312184036 0.05132435262 0.04398704693 0.03994636983 0.03541121632 0.02789613046 0.01908589341 0.01246199664 0.01205902733 0.01116921101 0.009111915715 0.007603791542 0.007479483727 0.006486394443 0.006190488581 0.005779239815 0.005605770275
875,frag@147.07 frag@162.09 loss@147.07 loss@119.07 loss@148.08 loss@150.06 loss@145.09 loss@250.17 loss@164.11 loss@232.09 loss@202.1 loss@243.14 loss@274.19 loss@60.14 loss@188.09 loss@175.07 loss@328.15 loss@268.17 loss@168.07 loss@363.14,0.3227374852 0.1660980731 0.1647920758 0.1071565971 0.1001691148 0.07046002895 0.003846295178 0.003694606479 0.002764022443 0.00217054924 0.002081989078 0.001797335572 0.001661615446 0.001266722335 0.001004339778 0.0009224420646 0.000921727973 0.0008312154096 0.0006383904838 0.0005905098515
876,frag@144.95 loss@184.16 frag@167.07 loss@165.06 loss@160.97 loss@176.04 frag@204.02 frag@152.05 loss@151.05 loss@249.16 loss@150.01 frag@195.07 loss@232.03 loss@56.01 loss@138.08 frag@152.06 frag@116.96 frag@123.03 loss@345.15 frag@122.04,0.3884981275 0.3168916702 0.03231187537 0.02976003289 0.02888479643 0.02543520555 0.02104820684 0.005153566133 0.004820587579 0.004517717287 0.003483887296 0.003430596553 0.003385489108 0.00323327654 0.002659940394 0.002473104279 0.002401568228 0.002080892911 0.002010483993 0.001907247119
877,frag@65.04 loss@204.05 loss@194.06 loss@222.05 loss@228.06 loss@251.06 loss@145.1 loss@235.1 loss@225.06 loss@240.06 loss@220.09 frag@92.06 loss@268.05 loss@213.03 loss@227.05 loss@217.02 loss@188.06 loss@257.11 loss@201.11 loss@204.12,0.4680389166 0.1300625652 0.02258877084 0.0198144298 0.01833098009 0.01820675656 0.01330432668 0.01163140684 0.01095104404 0.008504381403 0.00771818636 0.00726327952 0.007193976082 0.007185912691 0.006509090774 0.006114025135 0.005658638198 0.005254909862 0.004882099573 0.004534030333
878,frag@205.11 loss@140.13 loss@363.13 frag@127.1 loss@271.07 frag@178.11 frag@257.12 frag@329.1 frag@223.12 loss@255.19 loss@115.09 frag@272.16 loss@167.0 frag@122.1 frag@194.0 loss@223.16 loss@193.98 loss@314.11 frag@337.13 loss@345.11,0.1057775691 0.02871705405 0.02802700922 0.02087808028 0.01758559979 0.01390498783 0.01106941514 0.01054238342 0.007496500853 0.00601703953 0.005904430989 0.005772002041 0.005749564618 0.00497801695 0.004817544483 0.004513324238 0.004202554002 0.004043492023 0.003970570397 0.003813136136
879,frag@200.08 loss@42.01 loss@32.03 loss@200.11 loss@143.07 loss@172.05 frag@268.14 loss@56.03 loss@163.11 frag@156.07 frag@174.1 loss@94.05 loss@121.02 loss@86.04 loss@18.01 loss@60.02 loss@122.05 loss@76.02 loss@217.01 loss@98.05,0.4398781955 0.1644784063 0.08765742183 0.04332348332 0.033837419 0.01998991147 0.01529388223 0.01499969233 0.009705174714 0.009628157131 0.008729845285 0.007832784206 0.005637934897 0.005602564663 0.005588962231 0.005296304356 0.004993266426 0.004697512835 0.004135317635 0.004064556211
880,frag@147.09 loss@212.07 loss@229.12 loss@205.09 frag@146.08 frag@147.06 frag@145.08 loss@215.11 loss@146.08 loss@190.11 loss@208.04 frag@120.07 frag@133.08 frag@312.09 loss@218.11 loss@203.11 frag@161.07 loss@185.08 frag@159.06 frag@187.12,0.2616594136 0.05754391477 0.03229919448 0.02832587436 0.02582924068 0.02472428605 0.01944777742 0.01908209361 0.01274256036 0.01253451779 0.01069078222 0.01045568101 0.009221151471 0.008559180424 0.007820551284 0.00773172453 0.00753368903 0.006436968222 0.006357811391 0.005589269102
881,frag@146.05 frag@59.99 loss@151.09 frag@224.09 loss@198.02 frag@201.06 frag@283.08 loss@88.09 frag@142.03 frag@233.06 loss@126.06 loss@203.12 loss@114.11 loss@156.07 loss@214.06 frag@192.09 frag@136.01 loss@83.02 loss@130.03 frag@254.1,0.1025909632 0.05904048309 0.03385220468 0.02526603267 0.0171756316 0.01634524204 0.01194898412 0.01172784064 0.0108416928 0.008996749297 0.008968888782 0.007864288986 0.00683369441 0.006763251964 0.006508579478 0.006376232021 0.006299639121 0.006082565989 0.00592815876 0.005772313103
882,frag@121.03 loss@200.13 loss@214.1 loss@220.17 loss@225.13 loss@282.14 loss@185.12 loss@183.15 loss@208.13 loss@162.07 loss@277.16 frag@121.04 loss@236.13 loss@322.17 frag@149.06 loss@217.1 frag@93.03 loss@273.14 loss@191.1 loss@205.11,0.4599876106 0.07146839797 0.0593765974 0.02661951445 0.02267392538 0.0204243958 0.0154476082 0.01452532317 0.01406927221 0.008338041604 0.006967691239 0.00660506729 0.00611021556 0.005929592997 0.005015390925 0.00462322915 0.004607550334 0.004493366927 0.00398862455 0.003844366642
883,frag@237.11 frag@249.11 loss@361.15 frag@149.01 frag@249.1 frag@260.12 loss@313.09 frag@200.09 loss@189.96 frag@271.11 loss@616.22 frag@285.05 frag@288.06 loss@286.16 frag@236.13 frag@231.1 loss@260.19 frag@230.08 loss@424.12 loss@381.14,0.06931632757 0.04983001947 0.04187454283 0.03705497459 0.03691649437 0.02517414093 0.01115129888 0.01113141794 0.008753406815 0.008710145019 0.007240514271 0.006597927772 0.006517242175 0.006452861242 0.006153652444 0.006004577037 0.005698965862 0.005464821588 0.005316332914 0.005137335043
884,frag@194.1 frag@193.09 loss@114.1 frag@260.06 loss@332.1 loss@345.14 loss@64.05 loss@117.09 loss@146.09 frag@263.14 loss@118.99 frag@252.1 loss@262.09 frag@210.97 frag@269.13 loss@121.07 loss@143.15 frag@234.06 loss@81.05 frag@194.11,0.1821384132 0.09435816109 0.04554625973 0.01379338372 0.0111324098 0.009754791856 0.009647003375 0.006945468951 0.006135284901 0.00590092456 0.004974478856 0.004826926161 0.00433789473 0.003822726896 0.003797520651 0.003789418377 0.003612406785 0.003505078843 0.003440335626 0.003313453635
885,frag@184.1 frag@221.09 frag@198.08 frag@227.12 loss@228.11 frag@115.07 loss@250.08 loss@276.13 loss@207.16 frag@223.02 frag@244.05 loss@285.14 loss@260.03 frag@247.04 loss@233.02 loss@246.17 loss@254.09 loss@267.13 loss@273.12 loss@350.15,0.07848863304 0.06494963914 0.048341427 0.03313670307 0.02752152085 0.01745608635 0.01331261266 0.01304371189 0.01182803418 0.01102987211 0.01049878821 0.009289403446 0.008540327661 0.008027755655 0.00672047399 0.006597547326 0.006371071562 0.006094708107 0.005939211231 0.005570969079
886,loss@250.09 frag@82.06 frag@82.07 loss@288.15 frag@56.05 frag@84.08 frag@55.05 frag@41.04 loss@284.08 frag@100.04 frag@96.08 frag@70.07 loss@196.12 frag@83.09 loss@195.16 frag@84.04 frag@86.06 loss@238.11 loss@206.02 loss@197.15,0.265455693 0.1450592726 0.1358195841 0.05456402153 0.0491697751 0.02411943115 0.02074428089 0.01143246144 0.01109521091 0.01081190351 0.01035772264 0.009530686773 0.007620828692 0.007242187858 0.007045862731 0.007013333496 0.006923697889 0.006661390886 0.005846480839 0.005617398303
887,loss@102.04 frag@219.08 loss@90.02 frag@269.18 frag@227.06 frag@259.11 frag@260.12 loss@140.02 loss@123.05 frag@275.13 loss@109.07 loss@30.01 frag@167.04 frag@264.1 loss@121.07 frag@248.07 frag@277.11 frag@65.99 loss@102.01 loss@123.01,0.1340602189 0.1149072722 0.07321114838 0.04375189915 0.02575185336 0.02309222519 0.01664986089 0.01266654953 0.01058290526 0.009203050286 0.009071180597 0.008829042315 0.006518842652 0.005810427479 0.005514698103 0.005324397236 0.005021303426 0.004349589348 0.004265152849 0.004172116052
888,frag@138.03 loss@206.1 frag@200.04 loss@256.14 frag@96.02 loss@195.15 loss@247.15 frag@56.01 loss@241.03 loss@250.11 loss@79.04 frag@324.1 loss@300.01 frag@208.96 loss@106.09 loss@265.99 loss@317.19 loss@389.05 frag@111.06 frag@210.06,0.2176654339 0.1170060709 0.08366977423 0.07694946975 0.07351131737 0.0373808071 0.01787534915 0.0143348109 0.007857562043 0.007632017136 0.00602775719 0.005988811143 0.0040529822 0.00403106818 0.003859865712 0.003847682383 0.003818165278 0.003429580014 0.003362293821 0.003275251016
889,frag@104.05 loss@140.02 frag@117.04 loss@202.12 loss@297.09 loss@152.08 loss@188.02 frag@132.04 loss@118.04 frag@105.04 loss@257.13 frag@219.12 loss@116.04 frag@105.06 loss@305.09 frag@161.06 loss@88.04 frag@77.04 loss@292.13 frag@156.95,0.2364621907 0.117944628 0.0398221761 0.03678115085 0.03426941857 0.02455352619 0.02277381904 0.02046355978 0.0147097446 0.01189251989 0.01161137968 0.0108611621 0.009125242941 0.009083430283 0.00839008484 0.008313940838 0.008312750608 0.007373987697 0.006989210378 0.006488935556
890,frag@55.05 frag@41.04 loss@230.04 loss@167.13 frag@43.05 frag@83.09 loss@332.09 frag@69.07 loss@171.1 loss@284.11 loss@262.1 loss@96.06 loss@246.06 frag@71.09 loss@349.12 loss@247.06 frag@137.11 loss@142.14 loss@249.03 frag@84.08,0.1205957979 0.1179764643 0.08805335313 0.05095281824 0.04616043344 0.03107908554 0.02644239552 0.02627850696 0.01915624179 0.01879246347 0.01330553461 0.01296922937 0.01167056523 0.0107868379 0.01022104733 0.009907787666 0.009882768616 0.009817998856 0.009052246809 0.008868915029
891,loss@193.07 frag@146.06 frag@130.06 frag@118.07 frag@118.06 frag@132.08 frag@158.06 frag@117.06 frag@176.07 frag@104.05 frag@302.22 frag@160.08 frag@173.07 frag@132.06 frag@142.06 frag@128.05 frag@130.07 frag@131.07 frag@172.08 frag@132.04,0.4869191349 0.12589252 0.09714905918 0.06425020099 0.04296442494 0.02317553572 0.02059844136 0.01716108061 0.01450282335 0.01304938644 0.01045785379 0.009443866089 0.007310791407 0.004847064149 0.004553074483 0.004487874918 0.004323667381 0.003810975468 0.003748930292 0.0030069598
892,frag@137.08 loss@210.08 loss@184.1 frag@181.11 loss@127.05 frag@139.09 frag@243.12 frag@84.06 frag@83.07 loss@194.09 frag@124.09 frag@149.08 frag@151.99 frag@367.21 frag@124.11 frag@167.09 loss@194.12 loss@268.12 frag@151.06 frag@136.08,0.3151015639 0.2876399457 0.1772774458 0.1208531633 0.00866928976 0.006685214117 0.006564412266 0.004604488611 0.002486966783 0.002418392571 0.001953016385 0.001715338556 0.001711565536 0.001619428629 0.001454476151 0.001452517579 0.001416429877 0.001391783706 0.001284239348 0.001275781076
893,frag@99.06 loss@235.13 frag@125.08 loss@272.11 loss@232.06 loss@233.08 loss@130.04 loss@272.13 loss@273.11 loss@228.09 frag@120.07 frag@82.03 loss@235.12 loss@264.07 loss@252.07 loss@251.13 frag@208.07 loss@192.04 loss@179.09 frag@151.99,0.3363211453 0.3224596381 0.1279385388 0.03262200952 0.009699715301 0.009294966236 0.006972936913 0.004346561152 0.004020525608 0.003968538251 0.003530084854 0.003329733387 0.003219433827 0.003009824781 0.00290760654 0.002905195113 0.002564035822 0.002097400371 0.001683181967 0.001662208582
894,frag@169.06 loss@45.02 loss@174.05 frag@75.0 frag@289.11 loss@296.16 loss@169.13 loss@314.17 frag@141.04 loss@117.09 frag@269.1 loss@196.05 loss@142.97 frag@298.16 loss@230.1 frag@188.04 frag@233.13 loss@176.14 frag@129.02 frag@157.03,0.2869612873 0.1957632303 0.07743859291 0.07115427405 0.05132617056 0.04287848994 0.0241078604 0.02307480574 0.01427407749 0.01391868293 0.007002144121 0.006683998276 0.005682435818 0.004608090967 0.004258639645 0.003819611389 0.003054576227 0.002217902802 0.002116468502 0.001857686904
895,frag@220.09 loss@106.05 frag@71.99 loss@43.01 loss@79.93 loss@107.92 loss@42.01 loss@156.07 loss@78.92 loss@78.99 loss@35.98 loss@145.02 loss@200.94 loss@238.01 loss@286.05 loss@58.98 loss@183.97 loss@136.03 loss@120.04 frag@114.03,0.2766821682 0.1913786381 0.1807031184 0.03348764405 0.02058785968 0.01884776354 0.01719419099 0.008070291951 0.00805191882 0.007067823317 0.006623592693 0.006137581542 0.005306606181 0.004599852953 0.003077657893 0.002474604873 0.002465161728 0.002431933768 0.002421482233 0.002395359101
896,frag@224.08 frag@171.97 loss@156.11 loss@292.14 loss@140.12 frag@157.03 frag@315.13 loss@235.19 loss@164.01 loss@273.06 frag@189.06 loss@290.08 frag@181.96 loss@377.17 frag@194.09 frag@152.09 loss@205.05 loss@254.17 loss@270.08 frag@322.08,0.1288256049 0.06028130651 0.01447555982 0.00965013355 0.005305870902 0.005103364587 0.00487239426 0.004238976631 0.004172023386 0.003891702974 0.003877942916 0.003689094214 0.003682122333 0.003474379424 0.003054071916 0.003027589526 0.002963123145 0.002894965466 0.002887255047 0.002723908052
897,frag@183.07 loss@66.01 loss@66.02 loss@338.07 loss@60.03 loss@102.01 loss@138.99 loss@91.02 loss@165.01 loss@112.11 loss@119.0 loss@187.98 loss@301.12 loss@63.02 loss@194.99 loss@74.02 loss@168.0 loss@80.0 loss@116.02 loss@126.01,0.4800002873 0.04712117463 0.04620130733 0.02452509478 0.02393064275 0.01397203188 0.01312706061 0.01266765967 0.01235757489 0.0114795845 0.008870219812 0.007518399972 0.006948120426 0.006697508972 0.005499965046 0.005115469452 0.005108727142 0.004925761838 0.00484863203 0.004349565133
898,frag@177.08 loss@284.09 loss@226.08 loss@242.11 loss@268.07 loss@266.04 frag@216.09 loss@289.08 loss@319.15 loss@231.03 loss@236.03 loss@315.15 loss@294.14 loss@201.15 loss@302.12 loss@295.1 loss@227.08 frag@109.07 frag@106.08 loss@279.12,0.3389780819 0.05137725174 0.044769831 0.0249791462 0.02022739686 0.01981493086 0.01437295228 0.01149717532 0.009178129956 0.008162933402 0.006564413663 0.00641128514 0.006293548737 0.005764456 0.005107322242 0.00499532884 0.004910427146 0.003776864847 0.003744468559 0.00370759936
899,frag@132.06 loss@163.1 frag@161.08 loss@137.08 loss@177.12 frag@160.05 loss@135.1 frag@204.05 frag@126.06 frag@146.07 loss@193.07 frag@106.07 loss@215.12 frag@158.07 frag@174.04 frag@120.06 frag@158.05 loss@187.93 frag@133.06 frag@86.99,0.1950884014 0.182201907 0.1376136243 0.1306534261 0.1235902831 0.08194856346 0.03102829307 0.02679439634 0.01191271003 0.005121394061 0.004194887821 0.004163683858 0.003782302374 0.002835348481 0.002579861786 0.002397727221 0.001977473497 0.001755190548 0.001654120279 0.001634538756
900,frag@234.08 frag@251.09 frag@235.11 loss@316.13 frag@210.08 loss@95.06 frag@182.07 loss@132.01 frag@208.09 frag@293.15 loss@112.1 frag@283.12 loss@449.22 loss@211.17 frag@217.08 loss@166.05 loss@139.08 frag@250.13 loss@104.01 loss@85.1,0.1132097915 0.08033934236 0.06232559681 0.03381397203 0.02049545199 0.01944365352 0.01839868911 0.01571952924 0.01451472472 0.01380023453 0.01350814104 0.01308209635 0.009855275042 0.009089812636 0.008381305262 0.007959625684 0.006700925063 0.005672156345 0.005511252675 0.005331230816
901,frag@55.02 loss@269.11 loss@306.1 frag@214.11 loss@260.15 loss@258.1 loss@310.1 loss@224.09 frag@58.03 frag@201.13 loss@263.06 loss@235.12 loss@222.06 loss@347.15 loss@237.1 loss@208.04 loss@274.1 loss@245.14 loss@252.12 loss@284.08,0.372798115 0.1334450096 0.05828880146 0.0543849431 0.03640488908 0.03273683786 0.02566152066 0.0156344194 0.01288521104 0.01041141246 0.008860328235 0.008631561883 0.006457291078 0.005551847164 0.0053952327 0.005229079165 0.004351631738 0.004304700531 0.004243345466 0.003925137687
902,frag@154.08 loss@192.1 loss@175.11 loss@190.09 frag@163.1 loss@207.11 loss@164.11 loss@152.11 loss@213.11 loss@165.09 loss@165.11 frag@176.09 loss@125.07 frag@136.09 loss@175.09 loss@178.11 loss@225.09 loss@139.1 frag@165.11 loss@164.1,0.4158902168 0.1448809206 0.065864034 0.04178173095 0.03552911803 0.01694589667 0.01471559331 0.009694112465 0.00945061259 0.009005642496 0.006494895555 0.006105382461 0.006017776672 0.005314068403 0.005014661234 0.004876096267 0.004718197975 0.004528390244 0.004221592098 0.004126568791
903,frag@69.03 loss@201.12 loss@258.12 loss@243.13 frag@83.05 loss@343.12 frag@67.05 frag@71.05 loss@318.12 loss@362.1 frag@97.06 frag@93.07 frag@99.04 frag@85.06 loss@281.13 frag@61.03 loss@266.14 frag@71.01 loss@311.09 loss@264.12,0.3543200791 0.2386465669 0.07267890871 0.05326478928 0.04103462026 0.01835452951 0.01482723933 0.0113131823 0.0110497633 0.01078408305 0.0103213815 0.008734758012 0.007816968486 0.00728022866 0.004849672783 0.003367311787 0.003183011897 0.003087921534 0.003057688009 0.002975728596
904,frag@97.08 loss@233.05 loss@182.13 loss@214.05 frag@84.07 loss@167.02 frag@55.03 loss@205.02 loss@218.01 loss@301.03 loss@161.96 loss@156.01 frag@88.04 frag@224.01 frag@101.07 loss@234.0 frag@69.06 loss@232.0 loss@97.98 loss@301.1,0.3306971192 0.0580370985 0.0565780066 0.0486641936 0.04204654694 0.02843412571 0.02682224289 0.02214779332 0.01974627934 0.01794883423 0.01733366027 0.01711135358 0.01608008146 0.01550990809 0.01058153994 0.01053196192 0.009828384966 0.00916587282 0.008189566433 0.006127878558
905,frag@222.1 loss@134.11 loss@255.11 loss@116.1 frag@230.13 frag@80.01 loss@232.13 frag@293.15 loss@294.15 frag@215.11 frag@199.11 frag@223.11 loss@296.15 frag@199.07 frag@228.12 frag@285.14 frag@242.08 frag@247.03 frag@149.01 frag@230.08,0.240883559 0.1702313125 0.1388865411 0.1175194904 0.1142890826 0.02842808329 0.01145225205 0.00926421117 0.005934701767 0.003549620276 0.003362008138 0.002901271218 0.002661853563 0.002641118597 0.002238809131 0.002234952291 0.002111539012 0.001842651865 0.001743265428 0.001716837869
906,loss@291.17 frag@206.17 frag@275.12 frag@182.98 loss@240.01 frag@211.98 loss@96.04 loss@291.14 frag@211.04 frag@190.12 loss@195.12 frag@160.03 frag@95.07 loss@269.16 frag@108.06 frag@324.12 loss@170.1 frag@86.07 loss@258.02 loss@219.08,0.03787557408 0.03651430458 0.03549322486 0.03367171064 0.02120701969 0.01923311874 0.01913752407 0.01311871596 0.01108671539 0.009984826669 0.009917960502 0.008747479878 0.008150516078 0.007717628498 0.007671447471 0.007441874128 0.007124221884 0.005762624554 0.005753112491 0.005536234938
907,frag@148.05 loss@129.09 frag@189.08 loss@162.03 loss@213.13 frag@213.08 loss@267.03 loss@329.12 loss@447.16 loss@397.08 frag@158.07 loss@170.15 frag@186.07 loss@96.03 frag@220.99 loss@159.1 frag@222.11 loss@186.07 frag@123.02 loss@217.12,0.2078680843 0.168670252 0.1641019434 0.09546934813 0.06605152786 0.06559536606 0.03581159189 0.02052027732 0.01809996553 0.006513508502 0.005215039011 0.004880598281 0.004424219951 0.004049678799 0.003846209031 0.003349367296 0.00293307635 0.0029304442 0.002397843869 0.002104767831
908,frag@70.06 loss@208.09 loss@187.08 loss@260.13 frag@44.05 loss@244.09 loss@247.12 loss@226.1 loss@243.07 loss@256.11 loss@284.12 frag@98.1 loss@236.09 loss@227.08 frag@98.08 frag@114.09 loss@266.11 loss@262.11 loss@269.08 loss@282.15,0.390891701 0.09360926598 0.06959343702 0.06259339303 0.03576296568 0.02935479023 0.0276146438 0.02699450776 0.01887236163 0.01200016774 0.01176009793 0.01048752386 0.009790273383 0.009436392225 0.007809082046 0.007488950621 0.007437357679 0.007284177467 0.005758896936 0.005670283921
909,frag@122.08 loss@175.09 loss@223.05 frag@155.04 frag@176.09 frag@209.11 loss@215.07 loss@188.08 loss@194.07 loss@200.08 loss@192.05 loss@281.12 frag@137.07 frag@109.04 frag@107.07 loss@280.1 frag@139.09 loss@231.14 frag@99.06 loss@184.04,0.2189473808 0.1295803934 0.07503371686 0.04628011212 0.03502419591 0.01593353786 0.01531244814 0.01315457467 0.01312731858 0.01118424162 0.01054057479 0.01001179777 0.009495604783 0.009093292058 0.008596498519 0.007800721098 0.006785432808 0.00634765951 0.006100733299 0.005469264463
910,loss@285.08 frag@217.07 frag@111.02 loss@305.1 frag@56.01 frag@213.04 loss@234.12 frag@176.13 frag@184.01 loss@244.11 frag@206.05 loss@270.12 frag@239.13 loss@277.18 loss@271.12 loss@278.01 loss@288.1 loss@251.16 frag@165.14 frag@83.01,0.08493699878 0.05378087237 0.03229587898 0.02708524838 0.02707077004 0.02514423616 0.02452901565 0.02199998498 0.0216098018 0.01444570068 0.01389280055 0.00885605067 0.008217760362 0.008168292232 0.007660917938 0.006982187741 0.006585859228 0.004268776625 0.004044608679 0.004026286304
911,frag@267.12 loss@85.07 loss@110.05 frag@157.05 frag@215.09 frag@207.08 loss@153.13 frag@258.12 loss@179.14 frag@206.12 loss@153.07 frag@190.07 frag@175.07 loss@132.1 loss@43.03 loss@204.03 loss@140.09 loss@149.11 loss@115.11 frag@103.03,0.1219829023 0.1116620973 0.09162947536 0.05719088763 0.05147403106 0.02036145143 0.01578032039 0.01568664424 0.014277054 0.01421455666 0.01363415085 0.01313988585 0.008638435975 0.007871532813 0.007825059816 0.007706741802 0.007651502267 0.007520845626 0.005718055647 0.005265780259
912,frag@96.08 loss@244.09 frag@98.1 loss@253.11 frag@44.05 loss@263.08 loss@260.13 frag@150.13 frag@110.1 loss@208.09 frag@124.08 loss@213.12 frag@71.09 loss@168.13 loss@274.04 frag@70.06 frag@43.05 loss@342.08 loss@290.16 loss@246.17,0.2615408897 0.24300915 0.05450915173 0.03713709489 0.03258520737 0.02687551826 0.02669166215 0.02003146335 0.01573222131 0.01248139795 0.01184526179 0.01010619197 0.00956537202 0.009143890813 0.007821482606 0.007749503478 0.007175907027 0.006258182693 0.00565925613 0.005466042552
913,frag@119.09 frag@147.08 frag@131.09 loss@256.09 loss@296.13 loss@236.07 loss@328.07 frag@175.11 frag@149.1 loss@296.09 loss@230.1 loss@258.1 loss@324.16 loss@230.13 loss@308.13 loss@296.12 loss@258.18 loss@298.12 frag@93.07 loss@320.2,0.2292834222 0.08088047057 0.05784711242 0.04017685354 0.03220044822 0.02908519097 0.02277625352 0.02227006294 0.02193722129 0.0219212845 0.01719066314 0.01703627035 0.01649114117 0.01376611181 0.0133977579 0.009761355817 0.009480973706 0.008681863546 0.008648033254 0.008519195952
914,frag@221.1 loss@266.12 loss@292.09 frag@81.03 loss@283.06 frag@224.07 loss@269.03 loss@227.07 loss@255.02 loss@298.06 loss@278.14 frag@173.99 frag@151.11 frag@203.11 frag@163.11 frag@162.06 loss@248.06 loss@287.06 loss@208.99 loss@264.12,0.3482645154 0.2183141857 0.109628275 0.02862384729 0.02656120621 0.01830969006 0.01820634305 0.01210645307 0.009563876316 0.008880292065 0.006695637945 0.006459955126 0.003845430212 0.003499801736 0.003059873823 0.002795252483 0.002787467791 0.002780079376 0.002573616104 0.002331383061
915,frag@177.03 loss@148.04 loss@118.03 loss@138.0 loss@261.02 frag@67.04 loss@146.11 loss@92.01 frag@198.0 loss@78.03 frag@192.11 frag@52.03 loss@156.16 frag@126.13 frag@241.07 loss@118.02 loss@249.04 loss@102.03 frag@142.03 frag@150.0,0.3444659114 0.1645471156 0.1253767908 0.02865490317 0.02356301434 0.01581155695 0.01278484613 0.01161951665 0.00991022028 0.009160579182 0.00757739367 0.007566763554 0.006954050157 0.006650089752 0.005597688723 0.005462430883 0.004354170058 0.004079144914 0.003423851915 0.003413637169
916,frag@118.06 frag@128.05 loss@176.1 frag@146.06 loss@234.07 loss@194.1 frag@134.06 loss@171.02 loss@210.05 loss@164.03 loss@160.05 frag@132.08 loss@184.07 loss@215.06 loss@193.04 loss@201.09 frag@145.08 frag@175.09 loss@199.07 frag@130.06,0.1815187931 0.1806170642 0.1620475948 0.03449478373 0.03387889639 0.02526680939 0.01832965389 0.01252545323 0.01238285657 0.01164753642 0.01063514221 0.009668172337 0.009426150471 0.009241046384 0.009193210863 0.008306086995 0.007493890356 0.007174012717 0.006868842989 0.006689733826
917,frag@141.0 frag@265.11 loss@270.11 loss@330.12 loss@168.11 loss@230.04 loss@246.13 loss@300.1 loss@243.06 loss@301.11 loss@227.14 loss@330.06 frag@211.07 frag@156.04 loss@374.13 frag@217.1 loss@280.12 frag@44.01 loss@263.14 loss@289.11,0.2682922781 0.1178370789 0.1172882915 0.07425573468 0.06717813015 0.02133795805 0.0142077757 0.008841112256 0.008637914434 0.005719961599 0.005351825152 0.005167283583 0.00378311961 0.003276830073 0.003159213811 0.003099016147 0.002783279866 0.002731906716 0.002371043665 0.002169795102
918,frag@125.05 loss@248.08 frag@206.03 loss@301.1 frag@164.06 loss@173.99 frag@270.11 loss@90.05 loss@261.16 loss@229.13 loss@254.16 frag@172.02 frag@165.1 loss@259.16 frag@157.13 loss@211.07 loss@290.05 frag@224.03 loss@78.21 loss@225.09,0.1125715673 0.08154655248 0.06530320644 0.03391500562 0.02807322331 0.02645543776 0.02513440512 0.02098385245 0.01418324001 0.01239922363 0.01118670218 0.01082979981 0.01002853457 0.008603398688 0.008323348127 0.006824768614 0.006700512022 0.005439393688 0.005200618412 0.005149508361
919,frag@44.05 loss@265.11 loss@208.09 frag@98.1 loss@263.13 loss@265.08 loss@271.14 loss@274.04 frag@150.13 loss@154.1 frag@110.1 loss@264.15 loss@290.12 frag@122.03 loss@81.97 frag@70.06 loss@234.05 loss@281.13 loss@216.03 loss@204.15,0.3294496536 0.06352120638 0.05860873312 0.03698113933 0.02633803524 0.02379386686 0.0216818396 0.01869189553 0.01612423174 0.01501887292 0.0149844978 0.01473993249 0.01164939813 0.01015786175 0.01007326599 0.008909666911 0.008835490793 0.008443332277 0.007635330781 0.007335295435
920,loss@192.11 frag@80.05 frag@107.06 loss@193.05 frag@55.04 loss@119.06 loss@79.04 loss@223.05 frag@108.04 frag@95.06 frag@78.03 frag@120.06 frag@155.04 frag@96.04 frag@135.06 frag@69.04 frag@209.09 frag@92.05 frag@149.02 frag@79.04,0.1871114075 0.08467141539 0.05358141288 0.05281566083 0.04739391804 0.0431359224 0.02643087134 0.02164214663 0.0196849741 0.0146721527 0.01306328084 0.01257142704 0.01222779788 0.008528713137 0.008365914226 0.00796867907 0.007812814787 0.007577908225 0.006510889623 0.005770678632
921,frag@68.05 loss@196.08 loss@210.1 frag@86.06 loss@236.08 loss@239.09 loss@224.06 frag@69.06 loss@282.07 loss@276.11 loss@270.04 loss@251.2 loss@201.11 loss@237.06 frag@166.09 loss@238.1 loss@194.11 frag@114.0 loss@251.15 frag@110.06,0.364878267 0.08202747256 0.06859288365 0.0584872365 0.05635467172 0.04262946174 0.03685376048 0.02396628819 0.01869789138 0.01775258034 0.01656914316 0.01247647591 0.009332603775 0.008091051131 0.00773210125 0.006873547565 0.006766291801 0.005293921102 0.004697411787 0.004034752958
922,frag@177.09 loss@264.1 frag@229.12 frag@173.95 loss@228.11 frag@153.05 loss@220.09 loss@280.07 loss@257.09 frag@142.02 loss@329.1 loss@350.15 loss@292.1 frag@256.14 frag@258.09 frag@143.03 frag@187.12 frag@125.08 frag@119.07 loss@233.07,0.1150214076 0.08990999311 0.07569649071 0.04367144033 0.03921120986 0.02255985327 0.02004979178 0.01524089277 0.01453787182 0.01356117893 0.00896368362 0.008587149903 0.008297898807 0.007933646441 0.00677771261 0.006055958569 0.005998830777 0.005931122694 0.005121487193 0.004969809204
923,loss@160.04 frag@233.06 frag@205.11 frag@232.06 loss@145.08 frag@141.06 loss@269.04 frag@217.02 frag@234.12 loss@74.06 frag@281.1 loss@111.11 frag@182.06 frag@156.07 frag@213.06 frag@214.06 frag@108.96 frag@229.04 frag@284.12 frag@265.08,0.2573811114 0.06451743841 0.03848803043 0.03688538447 0.03211275861 0.02048566751 0.01849230006 0.01591556147 0.01585006714 0.01402071863 0.01371268183 0.01324727107 0.009053723887 0.008501091041 0.008139974438 0.007753800135 0.006966972724 0.006485478487 0.00615536049 0.006094891112
924,frag@122.06 frag@94.06 loss@190.08 loss@222.08 loss@239.0 loss@221.1 loss@214.05 loss@176.13 loss@197.15 loss@221.04 loss@221.15 loss@259.03 loss@273.04 loss@318.05 loss@251.13 loss@212.11 loss@293.15 loss@225.17 loss@117.04 loss@236.08,0.2841057181 0.1899368614 0.1334890723 0.112709634 0.01262985729 0.009157362394 0.008176479489 0.007798792329 0.007372068241 0.005821744911 0.005092311185 0.004668321926 0.004410122521 0.004394990858 0.003703936934 0.003557750024 0.003362491727 0.003144674934 0.002970661502 0.002946990309
925,loss@145.01 frag@224.08 frag@171.97 frag@79.03 frag@43.03 frag@218.05 loss@186.01 frag@52.02 loss@146.02 frag@214.05 frag@187.03 loss@300.04 loss@209.99 loss@224.99 loss@322.09 frag@157.03 loss@332.04 loss@292.14 frag@205.15 loss@254.99,0.06626681238 0.06079044566 0.05998019874 0.04666911811 0.01505501568 0.01084879972 0.01024963241 0.009369228967 0.009367688559 0.007734758314 0.007583266124 0.007052803878 0.006083660759 0.005975843873 0.005813130643 0.005787345115 0.005397427827 0.005310840439 0.005238502752 0.005164692178
926,frag@172.09 loss@171.08 frag@198.1 frag@170.07 frag@200.12 loss@197.1 loss@149.11 loss@153.07 loss@146.07 loss@123.1 loss@157.08 loss@173.1 loss@201.13 loss@170.09 loss@159.08 loss@110.05 loss@219.08 loss@213.13 loss@217.01 loss@118.01,0.2359501719 0.1391943842 0.1359529793 0.04532870278 0.0411741659 0.03915019706 0.03258961812 0.02692321688 0.02142248489 0.009998376481 0.0080923317 0.007075740024 0.006758514792 0.006012500729 0.005832674913 0.005824298132 0.005211360753 0.004722074606 0.004718504846 0.004199075047
927,loss@201.08 frag@128.05 frag@145.08 frag@118.06 loss@248.1 frag@147.05 loss@273.11 frag@146.06 loss@220.09 frag@173.07 loss@243.09 loss@212.07 loss@184.07 frag@144.07 loss@180.08 frag@216.1 frag@119.07 loss@278.08 frag@157.08 loss@234.07,0.1411530226 0.1387405396 0.07107174397 0.04455694556 0.03406170383 0.0324728936 0.02882850356 0.02565984242 0.017674651 0.01049752813 0.01012237184 0.01008689962 0.009987474419 0.009916326962 0.009503993206 0.009358250536 0.00868322514 0.008327294141 0.007142653223 0.007011729293
928,frag@95.05 frag@79.05 frag@77.04 loss@210.03 loss@231.07 frag@111.04 loss@245.08 loss@254.05 loss@257.11 loss@279.07 loss@182.04 loss@228.06 loss@243.15 loss@188.05 frag@105.07 loss@240.15 loss@220.03 loss@239.06 loss@210.05 loss@231.06,0.2202593237 0.1383050978 0.05726803094 0.03371170908 0.03334966302 0.03089313582 0.03025208227 0.02644836344 0.01939156465 0.01830791496 0.01808357984 0.01799673401 0.0167854242 0.01395776495 0.01362964418 0.01299441978 0.01099648234 0.01071876567 0.009890329093 0.008281666785
929,frag@193.02 frag@56.01 loss@134.02 loss@180.12 loss@312.08 frag@210.06 frag@278.14 frag@94.99 loss@284.09 loss@226.18 frag@170.12 frag@315.07 loss@305.12 loss@209.15 loss@250.11 loss@209.04 frag@189.04 loss@289.08 frag@259.01 frag@212.04,0.1248738095 0.1029309854 0.09397059679 0.05043520033 0.04700705782 0.02567670867 0.009816401638 0.009372388013 0.009279908612 0.008029943332 0.00713031413 0.007000414655 0.006338319741 0.006306453608 0.006184546743 0.005515463185 0.004389496055 0.004288194235 0.00397179788 0.003198861144
930,loss@196.06 frag@80.05 loss@221.04 frag@108.04 frag@107.06 frag@96.04 loss@201.04 loss@226.05 frag@54.03 frag@94.06 loss@288.16 loss@212.06 frag@92.05 frag@135.06 frag@78.03 loss@200.06 frag@69.04 frag@79.04 frag@95.06 frag@68.05,0.2069876045 0.2039952576 0.04513965547 0.03496033326 0.03242937103 0.02205370739 0.02188153006 0.01891986281 0.0185484793 0.01642166823 0.01461307146 0.01307838783 0.01295789424 0.009125350975 0.008525553159 0.00800757762 0.007983881049 0.006668556482 0.006488497369 0.006466981024
931,frag@111.04 frag@78.05 loss@236.05 frag@91.04 loss@256.05 loss@247.02 loss@281.11 loss@371.14 loss@273.16 frag@95.05 loss@284.03 loss@343.15 frag@179.07 loss@238.05 loss@395.02 frag@91.06 loss@217.02 frag@261.09 loss@300.08 loss@363.04,0.1956930161 0.1448111087 0.06747613102 0.05571068451 0.04408987239 0.03279616684 0.02929077484 0.01983991265 0.01786131412 0.01434763893 0.01358822174 0.01285919454 0.01147933677 0.01080935728 0.0100320233 0.008054169826 0.007013514172 0.006397883873 0.005840828177 0.005731014535
932,frag@130.01 frag@195.11 loss@278.05 frag@176.13 loss@184.05 loss@204.02 loss@223.05 loss@94.1 frag@122.08 loss@279.02 loss@302.05 frag@161.04 loss@286.02 frag@189.11 loss@263.03 loss@202.08 frag@111.99 frag@115.01 loss@137.11 frag@59.02,0.1283010095 0.07168544829 0.06774142385 0.04057442024 0.04037782922 0.02132292278 0.0212449152 0.01861818135 0.01832184196 0.015300286 0.01348922402 0.01118753478 0.00990375597 0.009414632805 0.008498035371 0.007851613685 0.007522976957 0.007333130576 0.007287822198 0.007200957742
933,loss@277.06 frag@194.03 loss@206.1 loss@241.03 frag@168.02 loss@266.01 loss@261.07 loss@323.06 frag@244.12 loss@267.07 loss@115.02 frag@265.13 frag@323.09 frag@208.96 frag@291.06 frag@111.1 frag@59.06 frag@209.11 loss@167.0 frag@104.07,0.07784472406 0.04649759457 0.0397932604 0.03628819436 0.02285674028 0.01388296764 0.01148322504 0.00946609769 0.009427218698 0.009094518609 0.008833771572 0.008453181013 0.008099906147 0.007380930241 0.007200297434 0.005891099107 0.005501649342 0.005482275505 0.004937403835 0.004857022315
934,loss@267.09 frag@141.04 loss@239.08 frag@156.04 frag@185.03 frag@190.05 loss@275.07 frag@85.04 frag@173.07 frag@110.02 frag@220.05 loss@256.1 loss@191.1 loss@327.13 frag@184.06 frag@171.02 frag@326.11 loss@159.07 loss@199.1 loss@178.07,0.1232248396 0.08565179259 0.07608281076 0.04579152167 0.0427912958 0.04112127051 0.02039366961 0.01586514153 0.01468772534 0.01439096592 0.01430455688 0.01341382507 0.008814115077 0.008125869557 0.007734910119 0.007159000263 0.006678145844 0.006136050913 0.005989407189 0.004770947155
935,frag@159.08 frag@105.07 frag@147.08 loss@209.08 loss@196.03 frag@129.07 loss@173.08 frag@123.08 loss@236.07 frag@135.08 loss@188.05 frag@117.07 loss@186.06 loss@219.09 loss@227.05 frag@163.08 frag@91.05 frag@131.09 loss@209.12 frag@133.06,0.08226604015 0.0731748566 0.05891670659 0.05465995893 0.05083123595 0.03632083535 0.03528462723 0.03344829381 0.03131971136 0.02239375934 0.02043409087 0.01590360515 0.01553383283 0.01536289137 0.0148997847 0.01463033911 0.01400772389 0.0115358308 0.01018944569 0.009646879509
936,loss@218.12 frag@186.07 loss@316.09 frag@158.07 loss@243.12 frag@159.06 loss@303.14 frag@221.11 frag@223.02 loss@232.12 frag@222.12 loss@294.06 frag@268.14 loss@331.09 frag@185.07 loss@291.11 frag@189.08 frag@211.98 frag@153.03 loss@188.09,0.1170392409 0.1055862159 0.05043256283 0.05003246292 0.02438545413 0.02416637912 0.02366965823 0.02159066126 0.01973659173 0.01736887917 0.01717112772 0.01301794685 0.01288349926 0.01057742164 0.008737537079 0.008386386558 0.008304880001 0.008289379068 0.007815384306 0.007065521553
937,frag@134.06 loss@220.09 loss@204.06 frag@144.06 loss@257.13 frag@220.06 loss@263.09 loss@234.17 frag@144.04 frag@256.14 loss@232.05 frag@149.04 frag@201.04 loss@215.06 frag@235.97 frag@145.04 frag@241.11 loss@165.08 loss@195.07 loss@240.07,0.2739227116 0.129264757 0.1081572995 0.0868184492 0.03857703134 0.02980294451 0.02416005172 0.01665695012 0.01433305908 0.01057104487 0.009166300297 0.009050978348 0.008985837922 0.008684414439 0.005976537708 0.005557628348 0.004719716962 0.004284812137 0.004236791283 0.004024302587
938,loss@135.05 loss@173.06 frag@168.03 frag@245.11 frag@94.04 frag@185.09 frag@55.03 frag@46.07 frag@156.01 frag@67.03 frag@255.09 loss@173.04 frag@154.07 frag@291.1 frag@157.02 loss@97.03 frag@140.04 loss@99.04 frag@232.04 loss@174.09,0.3040638268 0.1003897861 0.07524602115 0.07390091568 0.06437655538 0.05177574232 0.04268748313 0.02526360378 0.0221323967 0.012126524 0.009244352579 0.007725689095 0.007463364396 0.005083872471 0.00471888762 0.004538208712 0.004186352715 0.003528493689 0.003368487116 0.002945016837
939,frag@104.05 frag@105.04 frag@132.04 loss@161.05 loss@208.07 loss@147.03 loss@141.05 loss@234.09 loss@202.12 loss@219.05 frag@105.06 loss@188.94 loss@142.04 loss@90.04 loss@129.06 loss@140.07 loss@179.06 loss@115.99 loss@299.08 loss@158.03,0.1983618289 0.1482836157 0.1088588759 0.09453449398 0.04217720032 0.03710627183 0.0350824967 0.03265186772 0.0320975557 0.02724504843 0.01452674437 0.009853172116 0.009325860068 0.009241785854 0.00900311023 0.007952737622 0.0073636421 0.007218558341 0.005069018807 0.004970150068
940,loss@193.08 frag@120.06 frag@107.06 frag@121.04 loss@165.09 loss@175.01 loss@208.08 loss@181.04 frag@123.06 frag@231.12 frag@135.06 loss@179.11 frag@160.09 frag@93.04 loss@244.13 frag@135.09 frag@120.04 frag@135.05 frag@97.04 frag@146.07,0.09814712405 0.0558925271 0.05075109378 0.02978127263 0.02253997698 0.02046934515 0.02044807933 0.01792533509 0.0179044418 0.015441305 0.01139870938 0.01108723041 0.01024401281 0.00909795519 0.008908126503 0.006915645208 0.006502598058 0.006122768857 0.006055062171 0.00601222273
941,frag@186.09 loss@187.06 loss@259.12 loss@189.01 loss@142.01 loss@153.15 loss@126.14 loss@296.08 loss@211.03 loss@222.07 loss@172.04 loss@187.05 loss@174.04 loss@267.13 loss@327.11 loss@213.05 loss@184.02 loss@186.96 loss@206.06 loss@474.25,0.4980337024 0.2229948044 0.136219129 0.04402454197 0.01530302223 0.008979510516 0.00813599024 0.003790292889 0.001454371493 0.00105347042 0.0009661630029 0.0007043989608 0.0006812930224 0.0006704443949 0.0006253163447 0.0005972141516 0.0005944091827 0.000584231806 0.0005753340665 0.000542896043
942,frag@110.07 loss@207.13 loss@248.13 frag@98.07 frag@165.08 loss@278.14 loss@247.14 loss@219.15 loss@245.05 loss@222.15 loss@212.13 loss@183.11 frag@108.06 loss@262.14 frag@243.12 loss@412.12 loss@233.14 loss@240.18 frag@207.11 loss@266.12,0.3032337725 0.1390937567 0.08826424927 0.07441318035 0.07440338284 0.03751960397 0.03684830293 0.02362748608 0.02115128376 0.01468739659 0.01273057144 0.01233949326 0.01160687953 0.008648663759 0.006483685691 0.005199876148 0.005168767646 0.004449204542 0.004129618406 0.004040602129
943,frag@252.08 frag@199.07 loss@142.15 loss@143.12 frag@251.07 loss@243.17 loss@317.1 loss@163.01 frag@325.07 loss@344.04 frag@283.14 frag@257.08 frag@177.02 frag@298.08 frag@251.08 frag@311.12 loss@616.22 frag@207.12 loss@248.03 loss@152.12,0.141242221 0.1039526835 0.02985732257 0.01670745574 0.01264738478 0.009901124984 0.008032388054 0.006783871911 0.006475849543 0.0059221806 0.00560200261 0.005286049098 0.004400548525 0.004135829397 0.003923188895 0.003731866367 0.003087628633 0.003065662691 0.003062469885 0.0030621693
944,frag@201.05 frag@206.07 loss@154.05 loss@136.07 loss@158.04 loss@144.06 loss@158.03 loss@118.07 frag@167.02 loss@176.11 loss@127.91 loss@206.18 loss@137.03 loss@190.04 loss@126.9 frag@155.05 loss@97.1 frag@155.06 frag@145.06 frag@169.04,0.2320353836 0.1578234136 0.09543005377 0.0813895762 0.07578013092 0.0396225974 0.03402949125 0.0298984386 0.02333741263 0.01160363946 0.01032809168 0.01031009294 0.009057941847 0.008637537248 0.006099912338 0.006053388119 0.005412196275 0.004905185662 0.004770642146 0.004666952882
945,loss@241.09 frag@88.02 frag@238.12 frag@183.02 loss@156.02 frag@205.13 loss@155.02 frag@188.04 frag@156.02 frag@239.1 frag@116.02 frag@151.03 frag@245.05 frag@267.09 loss@311.05 frag@141.0 loss@194.04 frag@271.07 loss@303.08 loss@198.01,0.3316335082 0.1620708853 0.05596961826 0.05353754014 0.03535838798 0.02048167214 0.01990370266 0.01544494741 0.01237975899 0.009276292287 0.009155742824 0.008469510823 0.008171891794 0.005317906383 0.004594405647 0.004298816901 0.004194667563 0.00404567318 0.003887440544 0.003693705425
946,frag@189.1 loss@249.16 loss@241.15 loss@308.08 loss@196.1 loss@314.12 loss@153.09 frag@161.11 loss@211.1 loss@207.16 loss@226.11 loss@327.13 loss@268.19 loss@267.09 loss@216.06 loss@224.13 loss@229.13 loss@241.07 frag@98.02 loss@328.15,0.4030871391 0.05304031819 0.03687123209 0.02106782235 0.01674500853 0.01522038225 0.01359532773 0.009235982783 0.0077424841 0.007690434344 0.007180650253 0.007180082146 0.007160381414 0.006907776929 0.006901903078 0.006405242719 0.005917235743 0.005548331887 0.005112822633 0.004937373102
947,frag@125.11 frag@150.06 loss@283.15 loss@209.04 loss@244.11 frag@56.01 loss@482.12 loss@185.09 frag@278.14 loss@167.13 loss@198.12 loss@180.12 loss@246.01 loss@241.03 frag@212.04 loss@153.15 frag@325.14 frag@122.08 frag@367.19 frag@66.05,0.09132938832 0.04677040875 0.0403611213 0.0357911326 0.03301557153 0.01837624982 0.01637676731 0.01482873783 0.01407152507 0.01302936953 0.01292613614 0.01132359914 0.01121536363 0.009800776839 0.008607527241 0.007554172073 0.007516975515 0.00734776305 0.007263107691 0.006998524535
948,loss@109.02 frag@159.01 frag@125.03 frag@225.11 loss@116.02 frag@111.07 loss@270.05 loss@180.14 loss@137.04 loss@123.03 frag@144.03 frag@165.01 loss@202.04 frag@170.02 frag@248.05 loss@190.98 loss@167.14 frag@323.15 frag@52.03 loss@123.07,0.135861069 0.1101573482 0.06363748759 0.04879902303 0.04219224304 0.02633418888 0.02570016682 0.02487835474 0.02277028002 0.02085468918 0.01875735633 0.01530568767 0.01181199495 0.0107750399 0.007059989963 0.006800215691 0.006468131673 0.005530732218 0.005274000112 0.005161346402
949,frag@145.05 loss@114.07 loss@158.06 frag@325.11 loss@319.16 loss@111.1 frag@278.09 loss@126.1 frag@76.04 loss@142.06 loss@402.14 loss@112.06 frag@180.07 frag@342.1 loss@1122.58 loss@241.97 loss@81.01 loss@112.09 loss@136.08 loss@252.05,0.3692369163 0.2080076784 0.1692180932 0.07400057465 0.03623145819 0.00885486789 0.004193041474 0.002636282705 0.002309808042 0.002261477057 0.002127721673 0.002012189711 0.001984808827 0.001741648302 0.001696119783 0.001654850552 0.001641333802 0.001438952517 0.001354014617 0.001178390346
950,loss@156.08 frag@163.05 frag@196.05 loss@154.06 frag@168.08 frag@145.04 frag@244.05 frag@256.14 frag@186.06 frag@220.06 loss@151.06 frag@205.13 frag@172.05 frag@141.02 loss@213.14 frag@173.02 frag@163.03 frag@224.14 frag@75.0 frag@184.03,0.3564686179 0.13751854 0.1123580262 0.09682065994 0.07589021325 0.03484947234 0.01391076576 0.006185157225 0.005190894939 0.004655525088 0.004298163578 0.004179398995 0.003944952041 0.003936139401 0.003475952195 0.003303598613 0.003263117978 0.003008620348 0.002996525029 0.002670869231
951,frag@42.03 loss@183.04 loss@204.01 loss@206.05 loss@235.07 loss@259.03 loss@307.17 frag@68.05 loss@191.01 frag@54.03 loss@258.07 loss@248.02 loss@196.08 loss@113.01 loss@212.1 loss@282.08 loss@222.02 frag@67.02 loss@299.13 loss@207.17,0.4484342337 0.1082224771 0.0392017141 0.03388971463 0.03306818381 0.02497922443 0.0160982646 0.01454053726 0.01230007876 0.01147781406 0.0107158646 0.01070526242 0.009542765096 0.00882372167 0.008489510976 0.008058176376 0.007509392221 0.005034985952 0.004916971084 0.004112320021
952,loss@127.05 loss@170.12 frag@166.0 frag@303.15 loss@263.12 frag@195.98 loss@148.12 frag@277.1 frag@238.02 frag@143.15 frag@181.14 frag@298.12 frag@246.12 frag@303.11 frag@222.13 loss@377.15 frag@231.08 frag@322.15 frag@289.1 frag@293.04,0.03443374485 0.02826268785 0.02541492693 0.01329473965 0.01036664844 0.008690660819 0.008547131903 0.008158905432 0.007965588942 0.007807706948 0.007699484006 0.007506465074 0.006960064638 0.006788824685 0.006750141736 0.006116999313 0.006082718726 0.005633282941 0.005332788453 0.004950882867
953,frag@176.05 loss@179.05 frag@56.01 frag@153.05 loss@195.12 frag@191.12 frag@121.08 loss@216.11 loss@232.06 loss@250.11 frag@148.1 frag@106.07 frag@165.1 loss@215.01 frag@59.03 loss@202.06 loss@255.08 frag@161.08 loss@346.11 loss@151.08,0.2051062733 0.1011693031 0.06451604515 0.02370469831 0.020593483 0.01363818999 0.01329202112 0.01260743011 0.00952057261 0.009220292792 0.008734720759 0.00845151674 0.007431676611 0.007358486298 0.006564877462 0.00629110029 0.005920965225 0.005652443971 0.005511755589 0.005479753483
954,loss@241.07 loss@62.07 frag@210.07 frag@125.03 loss@108.08 loss@202.03 frag@216.05 loss@169.07 frag@150.06 frag@111.06 frag@245.04 loss@131.11 loss@175.04 frag@138.08 loss@249.16 frag@207.08 frag@150.03 frag@182.09 frag@218.04 frag@146.04,0.0945982337 0.08586710691 0.07993362099 0.07923393697 0.07403223962 0.06506839395 0.03277554736 0.01560298633 0.0121548688 0.01045452617 0.01040531974 0.01012818329 0.007219431456 0.006717225071 0.005367164966 0.005212311633 0.005117631983 0.004831231665 0.004474836867 0.004343216307
955,loss@227.13 frag@255.1 loss@218.18 frag@110.02 frag@248.13 frag@161.12 frag@217.15 frag@198.07 frag@251.1 frag@172.06 loss@148.11 frag@173.09 loss@144.09 loss@279.15 loss@345.13 frag@260.09 loss@283.01 frag@281.04 frag@199.06 loss@190.13,0.315314889 0.1986796707 0.1008705944 0.09511613846 0.03341308236 0.02008860372 0.0186344292 0.007516026031 0.00732852798 0.005367262755 0.0052678301 0.004038318526 0.003535948927 0.003377570771 0.003180344123 0.003074819921 0.002863351256 0.002775043016 0.002516739536 0.002443209989
956,loss@220.05 frag@118.07 frag@132.08 loss@267.09 frag@287.09 loss@264.06 frag@145.04 frag@160.08 frag@117.06 frag@132.04 frag@104.05 frag@172.08 frag@115.05 frag@118.06 frag@158.06 frag@173.07 frag@146.06 frag@176.07 loss@131.08 frag@105.05,0.2098868191 0.04706792906 0.04398449138 0.04028047621 0.03020534292 0.02359063551 0.02162531763 0.02115269192 0.02088226378 0.01802079007 0.01760521904 0.01109161787 0.01100125257 0.007883135229 0.007652986329 0.007519636769 0.00675107073 0.006643762812 0.006442252081 0.006387373433
957,frag@146.02 frag@189.07 loss@167.09 loss@143.13 loss@259.17 loss@276.22 loss@171.13 loss@213.14 loss@256.99 loss@202.13 loss@177.0 loss@153.11 loss@225.09 loss@252.18 loss@158.12 loss@294.07 loss@156.14 loss@229.16 loss@155.05 loss@270.17,0.2477561831 0.2418715656 0.1904877424 0.1236694753 0.03823746741 0.01240942534 0.01072395779 0.009557771496 0.007062954362 0.004969901871 0.004437559284 0.00277536246 0.002735510236 0.002329077339 0.002227607183 0.002194048138 0.002188840182 0.00215263362 0.002062198939 0.001683441922
958,loss@148.1 frag@181.03 frag@215.05 loss@214.99 frag@195.01 frag@219.11 frag@214.04 frag@208.11 frag@205.06 loss@182.06 frag@143.0 frag@133.01 frag@183.0 frag@280.14 frag@242.07 loss@142.1 frag@216.03 frag@212.99 loss@62.96 loss@116.06,0.3062596619 0.1440592259 0.1178651154 0.107577607 0.01448403858 0.01440242585 0.009718448855 0.009400858544 0.00849714037 0.007558804471 0.006065258291 0.005751931574 0.004154937807 0.004032338038 0.003997727763 0.003887730651 0.003820476355 0.003694671439 0.003692773404 0.003197713289
959,loss@179.04 frag@158.07 loss@157.06 frag@186.1 loss@96.07 frag@186.07 frag@188.08 loss@147.08 frag@168.06 frag@204.08 loss@165.09 loss@191.07 loss@127.02 loss@178.12 frag@174.07 frag@316.11 frag@268.09 frag@209.08 frag@189.08 loss@122.05,0.1237341017 0.110825181 0.05124301836 0.04750666395 0.03492018208 0.03194478527 0.03025827371 0.02111526206 0.01823099889 0.01821343228 0.01646581478 0.01457966957 0.01235952321 0.01204961166 0.007999841124 0.00747545436 0.006938719191 0.006920189131 0.006614894141 0.006580665708
960,frag@200.04 loss@198.12 loss@166.12 frag@111.06 loss@62.07 loss@226.03 frag@282.08 loss@261.13 frag@139.06 frag@150.06 frag@125.05 loss@169.07 loss@188.14 frag@208.96 loss@108.08 loss@280.13 frag@79.03 frag@98.02 frag@218.11 loss@254.06,0.07080579549 0.06478578597 0.0345614478 0.02276370861 0.01495853625 0.01233776286 0.009753114544 0.008337859996 0.007956237532 0.00746334577 0.007326282561 0.006418761797 0.006359063089 0.005729794037 0.005477256607 0.005450431723 0.005250047892 0.004931775853 0.004873100668 0.004332354292
961,frag@218.1 loss@269.07 loss@261.12 loss@242.1 loss@329.1 loss@261.14 frag@275.18 frag@125.08 loss@277.12 frag@158.02 frag@99.06 loss@235.12 loss@239.07 loss@280.07 frag@108.05 loss@243.11 frag@179.97 frag@267.04 loss@231.08 loss@272.13,0.440757364 0.1750720143 0.1451735795 0.08320366591 0.01159608364 0.006236592308 0.006148980465 0.006049961317 0.005258548073 0.0043064286 0.004257446621 0.003993227147 0.003662805073 0.003147256328 0.003133360995 0.002591730561 0.002357728546 0.002094382886 0.001992194215 0.001973033417
962,frag@91.05 frag@120.08 frag@121.06 frag@91.06 frag@109.06 frag@147.08 loss@273.16 loss@272.15 loss@215.13 loss@258.15 frag@119.05 loss@271.11 loss@217.11 loss@324.08 loss@247.11 loss@301.14 loss@226.13 loss@225.1 loss@296.12 loss@272.14,0.1157510728 0.08752485365 0.0767909959 0.05285343155 0.03606852889 0.02535193041 0.02214056626 0.01683559269 0.01564987376 0.01470001414 0.01390836108 0.01321520191 0.0112370085 0.01114838198 0.009089442901 0.008285587654 0.007914069109 0.006672956981 0.006670665927 0.006350206211
963,frag@186.08 loss@259.08 loss@244.16 loss@150.1 loss@343.15 frag@85.04 loss@273.14 frag@310.12 loss@275.06 frag@141.07 frag@278.07 frag@157.07 frag@130.08 frag@78.05 frag@143.0 frag@181.12 frag@175.04 loss@243.04 frag@149.06 loss@198.07,0.06484057009 0.0640437454 0.06133411825 0.05333503708 0.04166174307 0.02705461159 0.0268988423 0.02510982379 0.02156492695 0.02079437487 0.01630943082 0.01492405776 0.00951876957 0.009477229789 0.009277911857 0.008550736122 0.007726345677 0.007441666443 0.007111553103 0.006573006045
964,frag@92.05 frag@80.05 frag@110.06 frag@96.04 frag@109.08 frag@121.08 frag@163.09 loss@194.11 frag@107.06 frag@120.04 frag@108.04 loss@192.09 frag@135.06 loss@207.1 loss@180.09 loss@164.06 frag@94.06 loss@136.06 loss@254.07 loss@246.11,0.0544405058 0.05010322854 0.03885095939 0.03825928643 0.03716062382 0.03090310469 0.02836775221 0.02709122933 0.02702283673 0.02343865484 0.02054965869 0.02033355273 0.0197144486 0.01879036613 0.01755876653 0.01681260206 0.01600876264 0.01589243114 0.01420171559 0.01364986878
965,frag@80.05 frag@245.09 loss@201.04 frag@108.04 frag@107.06 loss@166.07 loss@194.07 frag@135.06 frag@120.04 frag@96.04 loss@226.05 loss@200.06 frag@137.07 loss@180.08 frag@94.06 loss@192.05 frag@79.04 loss@280.1 loss@236.06 frag@78.03,0.1256925464 0.07651928812 0.06106249988 0.03154233098 0.02608022653 0.02364519238 0.02113171667 0.01783580333 0.01600656845 0.01459790487 0.01364910137 0.01364064217 0.0134805534 0.01319160685 0.01254844386 0.01214353647 0.0113255633 0.009594023228 0.008227431215 0.007954786532
966,loss@250.08 frag@74.93 frag@227.09 frag@221.09 frag@176.07 frag@239.15 loss@242.11 frag@244.05 frag@162.09 loss@242.08 loss@344.11 loss@162.1 loss@247.09 frag@147.07 loss@248.09 loss@294.14 frag@138.09 loss@233.07 loss@148.09 frag@159.09,0.1237292886 0.07980180532 0.06657327712 0.0609222278 0.03981410339 0.02758121304 0.01993413083 0.01805622876 0.01349840406 0.01294360776 0.0124174878 0.01094992273 0.006757338531 0.006339505315 0.005776871461 0.005762230139 0.005740636028 0.005510458257 0.005442416761 0.004942193627
967,frag@237.13 loss@270.08 loss@225.01 frag@214.12 frag@235.08 frag@263.07 loss@201.17 frag@217.02 loss@317.1 loss@212.16 loss@266.1 frag@211.11 loss@315.17 loss@276.09 loss@299.09 frag@300.07 loss@226.16 loss@410.11 loss@328.11 frag@73.0,0.1281320751 0.02796316892 0.02076631784 0.01989041828 0.01801446825 0.01363807265 0.009538618848 0.009516687132 0.008439527825 0.008179239929 0.007882448845 0.006952776574 0.005317604169 0.004965124652 0.004915584344 0.003997772466 0.003936211579 0.003931525629 0.00375072984 0.003092186525
968,frag@202.08 loss@316.14 frag@197.08 loss@128.08 loss@244.08 loss@154.15 frag@159.01 loss@327.13 loss@349.1 loss@122.03 loss@275.07 frag@170.1 loss@260.16 loss@127.1 loss@123.1 frag@258.1 loss@87.05 frag@245.07 loss@114.05 frag@178.03,0.2366276681 0.1446546018 0.1308946162 0.05038116872 0.0310916137 0.02697766945 0.01773024164 0.01651866361 0.01648437232 0.007927729748 0.006800160743 0.006715830881 0.006230497267 0.005816319026 0.005458863918 0.005325580016 0.005063769408 0.004785337485 0.004741910845 0.004415018484
969,loss@274.18 frag@199.07 frag@215.06 loss@142.15 frag@230.08 loss@282.16 loss@198.12 frag@199.05 loss@320.13 frag@229.14 loss@308.15 loss@407.15 loss@240.17 frag@180.07 loss@197.99 loss@115.09 loss@347.17 frag@230.13 loss@373.15 loss@268.13,0.2007789761 0.1643874794 0.1635789722 0.06655129045 0.05959843844 0.0515880622 0.03177208826 0.01273934171 0.009635515511 0.006147196982 0.004925664049 0.003110066522 0.002748471918 0.002582608955 0.002563729649 0.002316202968 0.002298285486 0.002040426247 0.002014389262 0.00191573659
970,loss@93.0 frag@221.06 loss@171.12 loss@163.12 frag@186.03 loss@301.09 frag@310.12 loss@191.99 frag@245.08 frag@58.96 frag@204.09 frag@222.09 frag@101.03 frag@339.12 frag@208.06 frag@223.07 loss@159.15 frag@215.04 frag@258.07 loss@140.13,0.09963241965 0.09101245552 0.05438288301 0.0296746064 0.02028513141 0.01905273646 0.01618127897 0.01456745062 0.01138527691 0.009344478138 0.00881158933 0.008614778519 0.007853073999 0.007505134214 0.007481794804 0.007200140972 0.006936105434 0.006606502458 0.005946359597 0.005839443766
971,frag@135.07 frag@162.08 loss@146.06 loss@134.06 loss@161.07 frag@150.08 loss@202.08 loss@133.07 loss@132.04 loss@260.1 loss@130.09 loss@115.04 loss@220.02 frag@245.16 frag@203.12 loss@396.29 loss@149.07 frag@447.13 loss@134.07 frag@160.04,0.2196301371 0.166225642 0.1275584549 0.07126498967 0.07080297917 0.05903039873 0.05596951023 0.0459269546 0.02571801096 0.02342763916 0.007297631819 0.005973195191 0.005914047826 0.00514284661 0.004268093035 0.003591682762 0.003544422565 0.002971125068 0.002722391393 0.00262472569
972,frag@206.1 frag@212.04 frag@61.04 loss@325.07 loss@241.13 loss@250.12 loss@187.13 loss@328.16 frag@295.03 frag@340.11 loss@311.11 loss@251.16 loss@201.15 loss@201.0 frag@393.12 frag@81.08 loss@315.14 loss@360.08 frag@338.11 loss@273.13,0.1419072002 0.08168808371 0.01447810885 0.01358966436 0.009586632252 0.008682517335 0.008553957567 0.00770333223 0.007205796428 0.005984067451 0.005397671834 0.005272227805 0.004968018271 0.004663564265 0.003955007996 0.003710291116 0.003679267829 0.003585690865 0.00358225056 0.003465957241
973,frag@53.04 loss@219.07 loss@261.08 loss@254.04 frag@81.03 frag@94.06 loss@240.06 loss@210.02 frag@111.03 loss@228.07 frag@120.04 frag@65.04 frag@137.07 frag@80.05 frag@182.0 loss@247.1 loss@252.07 frag@124.04 loss@262.05 loss@214.04,0.2486511618 0.06456322223 0.02413395792 0.0191333089 0.01765749231 0.01728954725 0.01670067571 0.01275268104 0.01211895328 0.01101080049 0.01014577411 0.00877218321 0.008772032335 0.008136241697 0.007691640407 0.007415262982 0.00732132839 0.006453211885 0.006346373819 0.006306812633
974,frag@75.0 loss@246.09 frag@157.06 frag@228.06 loss@144.02 frag@248.06 frag@183.0 loss@329.14 loss@193.15 loss@116.11 loss@374.15 frag@286.09 loss@179.03 loss@85.07 frag@196.05 loss@200.07 loss@342.1 frag@188.04 frag@196.0 loss@227.0,0.1434123665 0.1285656244 0.05458321795 0.04208638519 0.02768636122 0.02076539956 0.0178015586 0.01235741563 0.01005917788 0.009994321503 0.009451898746 0.009077023715 0.007292690687 0.007100244053 0.006279395893 0.006118861027 0.00596474437 0.004949746653 0.00494911382 0.00491595827
975,frag@138.04 frag@165.04 loss@270.15 loss@162.1 loss@260.16 frag@184.04 loss@169.04 loss@193.13 frag@319.12 frag@315.14 frag@244.11 loss@308.05 frag@202.0 loss@295.14 loss@174.01 frag@315.05 loss@139.09 loss@152.09 loss@394.21 frag@362.15,0.1970732957 0.1039066911 0.08823423088 0.08210706711 0.08008979261 0.05702094361 0.0385424532 0.03760537505 0.02223433182 0.02167090029 0.02132808976 0.02110639401 0.01500154939 0.01368020382 0.01342926454 0.006361712702 0.006135871168 0.00475169532 0.003797305515 0.003678349778
976,loss@209.05 frag@65.04 frag@80.05 loss@263.11 frag@92.05 frag@108.04 frag@53.04 frag@93.06 loss@211.09 frag@109.01 frag@93.03 frag@121.04 loss@235.1 loss@240.06 loss@228.11 frag@193.13 loss@231.08 loss@204.99 frag@107.06 frag@84.96,0.2271130085 0.1594571769 0.07453905046 0.03188240901 0.03117855638 0.02117469348 0.01998907328 0.0153988963 0.01513528731 0.0148116583 0.01439596899 0.01439371891 0.01409858651 0.01104961429 0.01078069862 0.008244895376 0.007951887324 0.006704934407 0.006465928163 0.006284852047
977,loss@215.1 frag@179.07 frag@181.05 loss@287.08 frag@204.14 frag@153.02 frag@111.04 loss@154.09 frag@139.04 frag@143.03 loss@326.06 loss@290.17 loss@288.08 loss@120.03 loss@434.14 loss@462.15 loss@228.03 loss@404.13 frag@78.05 loss@207.06,0.2924529016 0.2356235683 0.1563509405 0.1408165842 0.03655551746 0.02177826688 0.008155276999 0.007589254063 0.005925213918 0.00402744161 0.003480616724 0.003291034838 0.002817780944 0.002599986503 0.002425356535 0.002181945834 0.002169349464 0.002139525022 0.002131114947 0.001910785213
978,frag@60.04 loss@230.15 loss@246.08 frag@82.06 frag@69.06 loss@243.08 frag@174.03 loss@219.12 frag@96.07 frag@102.09 frag@68.05 loss@267.04 frag@98.06 loss@208.12 loss@279.16 frag@101.07 frag@180.14 frag@56.05 frag@137.11 loss@248.16,0.1754864901 0.1532080323 0.131319508 0.03214010969 0.02159330808 0.015355126 0.01297035627 0.01192577276 0.01009585336 0.009541895241 0.008599199355 0.00819945801 0.00731400121 0.007182020228 0.007149409503 0.006529204082 0.00644533243 0.006170482375 0.006081351079 0.005959557835
979,loss@151.05 frag@115.06 frag@212.06 frag@306.11 loss@273.12 loss@309.16 loss@199.02 loss@202.14 frag@128.98 loss@293.06 frag@308.09 frag@322.19 loss@342.1 loss@269.17 frag@195.99 loss@309.14 frag@197.03 loss@260.03 loss@337.1 frag@196.01,0.06418820471 0.0419546552 0.03025770746 0.02237368189 0.02189221606 0.01766419969 0.01426048856 0.01328715496 0.01264093723 0.01211559493 0.01085692085 0.01013463736 0.009836598299 0.00960511528 0.009256910533 0.009118682705 0.009075017646 0.008559324779 0.007657667622 0.007267121226
980,loss@267.07 frag@250.07 loss@318.13 frag@179.09 loss@317.13 loss@165.03 frag@278.08 frag@210.05 frag@113.07 loss@314.11 loss@330.05 loss@328.11 frag@228.15 frag@184.01 loss@221.01 loss@268.08 frag@178.11 loss@324.13 loss@356.15 frag@273.16,0.1005121171 0.06386682391 0.06023907289 0.04079839587 0.02519086935 0.017924143 0.01605137996 0.01588731259 0.01348626707 0.01261631027 0.009014046751 0.008849103004 0.008009361103 0.007815986872 0.007661343552 0.006663899869 0.00568479253 0.005639603361 0.005557000637 0.005287153646
981,loss@270.08 loss@251.05 frag@244.06 frag@239.05 loss@286.12 frag@245.14 loss@266.04 loss@260.04 loss@315.09 frag@271.16 loss@201.17 frag@130.0 loss@286.05 loss@172.13 loss@299.09 loss@137.04 frag@259.12 frag@211.06 frag@295.03 frag@195.1,0.04258225486 0.02920287289 0.02445107698 0.02160108089 0.0174923297 0.01040406246 0.008573984727 0.007449221332 0.006968467031 0.006859223824 0.006838436704 0.006559770554 0.006213311106 0.005588261411 0.004836163484 0.004529061262 0.003605646547 0.003603625344 0.003498904407 0.00330858212
982,frag@44.05 frag@98.1 frag@72.08 frag@112.11 frag@96.08 frag@86.1 frag@110.1 frag@100.08 frag@100.11 frag@58.07 frag@84.08 frag@58.06 frag@70.06 frag@113.11 loss@186.14 frag@114.09 loss@316.15 loss@81.97 frag@140.11 loss@204.15,0.04977095127 0.03974604234 0.03010558523 0.02119546197 0.02057406865 0.01885929517 0.01817912795 0.01739808917 0.01603360288 0.01588214934 0.01530120987 0.01474476792 0.01362969913 0.01331848837 0.0128801614 0.01275881846 0.01239473 0.0117775416 0.01170991361 0.01096950378
983,frag@67.05 frag@43.02 loss@154.1 loss@278.12 loss@223.13 loss@252.11 loss@257.12 loss@355.12 loss@314.13 loss@227.15 loss@267.16 loss@184.13 loss@296.12 loss@250.1 loss@256.15 loss@223.09 loss@285.15 loss@179.13 loss@298.17 loss@265.17,0.3744579852 0.09388315678 0.07794289291 0.07234986126 0.05457151309 0.01622432657 0.01490077935 0.01142091211 0.01052877493 0.009345215745 0.006540658418 0.005918884184 0.005518064834 0.005355457775 0.005326465238 0.005312995519 0.005244481377 0.005197191611 0.004798971582 0.004640649073
984,frag@101.04 frag@168.03 loss@224.16 loss@170.12 loss@104.09 loss@258.01 frag@317.09 loss@184.01 loss@288.1 loss@254.09 loss@200.03 frag@262.1 loss@117.99 loss@130.1 frag@154.0 loss@89.04 loss@78.0 loss@116.06 loss@181.01 loss@276.99,0.2448201925 0.100675717 0.0879637301 0.04839747399 0.02198904566 0.01525704097 0.01082272921 0.00621059956 0.006140685175 0.00591913471 0.0051907585 0.005180006847 0.005178278778 0.004712417722 0.00402021734 0.003707489232 0.003694507526 0.003475809004 0.003457948565 0.003370348131
985,frag@183.06 frag@155.07 frag@122.04 loss@163.04 loss@357.12 loss@125.04 loss@264.1 loss@130.04 loss@238.12 loss@334.13 frag@274.12 frag@201.13 loss@299.05 loss@228.11 frag@165.05 loss@303.1 loss@282.06 loss@199.08 loss@278.15 frag@199.05,0.1239735559 0.08308709413 0.07074330747 0.03314079717 0.02952144109 0.02943726815 0.01576440595 0.0112636257 0.01012858097 0.008727678098 0.006454705726 0.006418718491 0.005771928467 0.005703549366 0.00567211071 0.005661649629 0.005604399834 0.005413438659 0.005063167773 0.00489332946
986,frag@121.08 frag@134.07 frag@133.08 loss@203.07 loss@220.1 frag@120.06 frag@191.12 frag@161.08 loss@131.05 frag@132.06 frag@160.07 loss@214.04 loss@197.05 frag@147.09 frag@120.04 frag@92.05 frag@135.06 frag@147.05 loss@242.99 loss@203.11,0.1072606891 0.09017399698 0.04075826332 0.03466450796 0.02805435099 0.0278242901 0.02351084724 0.02031927183 0.01527259406 0.01207737345 0.01069020852 0.008828770369 0.008636144921 0.008253389969 0.008115187287 0.007980996743 0.007957709953 0.007718874142 0.007564953528 0.007440443616
987,loss@206.06 frag@168.05 frag@191.12 frag@217.11 frag@111.99 frag@151.09 frag@120.07 loss@207.04 loss@178.06 loss@193.12 loss@220.07 loss@205.04 frag@215.13 frag@209.04 frag@101.06 frag@282.12 loss@176.06 frag@231.16 loss@249.11 loss@179.01,0.08083296567 0.03054064699 0.02334243618 0.02072165161 0.0187789239 0.01848732494 0.0180727113 0.01426786557 0.01406024024 0.01330416277 0.0131832296 0.01086721197 0.01047652494 0.0103560295 0.009814471006 0.008019014262 0.007519411854 0.007391781081 0.006978827529 0.006935806479
988,frag@235.05 frag@111.01 loss@260.1 loss@236.06 frag@256.06 loss@85.04 loss@221.03 frag@148.06 loss@306.14 frag@162.07 loss@367.15 loss@150.02 loss@212.07 loss@233.07 loss@222.07 loss@325.14 loss@124.0 frag@310.18 frag@224.06 loss@297.06,0.1568599045 0.1445609778 0.04395954683 0.03408788517 0.02551976405 0.02234832384 0.0189879518 0.01621207036 0.01346357539 0.01311880909 0.0119410418 0.009489979595 0.009308681823 0.009139271453 0.00817551557 0.0057817325 0.005032707937 0.004983922932 0.004792886786 0.004774875008
989,frag@54.03 frag@95.06 frag@81.04 frag@93.04 loss@337.15 loss@188.03 loss@213.09 loss@180.02 loss@179.14 loss@185.1 loss@206.05 frag@80.05 loss@192.07 loss@146.1 loss@223.05 frag@109.08 loss@179.02 frag@79.04 loss@119.06 frag@66.03,0.1198791787 0.05871982872 0.05786263198 0.03685177118 0.03195860982 0.03188734129 0.02779934742 0.01852574199 0.01455005165 0.01214441564 0.01034021657 0.009893664159 0.009344743565 0.009344405495 0.009308259003 0.008445632644 0.008338221349 0.008130238391 0.008130050264 0.008129688911
990,frag@138.09 loss@246.1 loss@218.11 frag@129.07 frag@309.16 frag@146.1 loss@274.13 frag@147.08 frag@125.06 loss@191.1 loss@228.09 frag@145.06 loss@227.12 frag@171.05 frag@46.24 frag@120.07 loss@250.14 frag@120.08 loss@236.12 frag@241.99,0.3054684103 0.2193399966 0.1781511456 0.05751142651 0.0358803384 0.02356125973 0.01283435896 0.00938677229 0.008072749712 0.006619086023 0.006080529653 0.004972138908 0.004280774388 0.004242287017 0.004188642371 0.003113111714 0.002914344193 0.002656551078 0.002459118841 0.002429560525
991,frag@197.08 loss@279.17 loss@274.05 loss@349.1 loss@273.06 frag@109.03 loss@313.1 frag@153.08 loss@346.07 frag@193.04 loss@157.1 frag@183.0 frag@255.12 frag@148.02 frag@93.03 loss@156.01 frag@196.08 frag@222.09 loss@141.08 frag@251.13,0.1835032851 0.09883418679 0.07955854386 0.04598115012 0.04109544307 0.03497735411 0.03444098309 0.02245912887 0.02213700488 0.02180773765 0.01712131314 0.01452546474 0.01216910593 0.01114288252 0.008331247605 0.008329180069 0.008115909994 0.00802956149 0.007590902504 0.007237637416
992,loss@140.05 frag@203.03 frag@173.02 frag@187.04 frag@177.05 frag@267.09 frag@202.12 frag@147.04 frag@145.03 frag@309.09 frag@78.05 loss@154.06 frag@174.05 frag@149.06 frag@259.06 frag@107.01 frag@105.03 frag@178.05 frag@157.03 frag@195.01,0.4356503487 0.125369519 0.07759436965 0.03532158211 0.03213748708 0.03114079125 0.02734393254 0.01899311692 0.01677969471 0.006412252784 0.005882469006 0.005717756692 0.005634119734 0.005091216415 0.004963574465 0.004701623693 0.004134916235 0.004110915586 0.004030054435 0.00354807172
993,frag@125.07 loss@241.08 loss@244.06 loss@241.04 loss@181.02 loss@237.05 loss@296.08 loss@263.03 loss@235.02 frag@254.07 loss@198.94 loss@223.05 loss@222.14 loss@260.04 frag@171.11 frag@109.05 loss@288.1 frag@170.05 frag@107.06 loss@188.08,0.4522953928 0.1186316609 0.07410141826 0.06423202157 0.05530370027 0.05339239538 0.02792895027 0.01897652261 0.006893018726 0.004792084452 0.004233818501 0.003602352692 0.003143802285 0.002976370044 0.002561058383 0.002499511465 0.002431147499 0.002392771188 0.00224224478 0.002226856537
994,frag@163.03 frag@136.02 loss@173.05 loss@205.04 frag@190.04 loss@169.06 frag@164.04 loss@191.05 loss@146.03 loss@154.02 loss@131.03 loss@190.04 loss@237.05 loss@151.01 frag@110.01 loss@157.05 loss@126.01 frag@439.18 loss@141.02 loss@185.06,0.1743429154 0.1577225924 0.08147053421 0.06781581789 0.06414414942 0.0621426329 0.05029476807 0.03526300192 0.02257210761 0.02130299993 0.01238751225 0.009073283523 0.007910628803 0.007368034218 0.004993590992 0.004940681159 0.004411590751 0.004361867905 0.004069282673 0.003992856015
995,frag@96.04 frag@137.07 loss@194.07 loss@229.1 loss@289.18 frag@94.06 loss@325.09 frag@80.05 frag@121.08 frag@135.0 loss@163.14 frag@108.04 frag@78.03 loss@200.06 frag@94.07 loss@212.03 loss@163.09 frag@124.04 frag@68.05 frag@110.06,0.1463990062 0.07845611125 0.07151990384 0.06157292053 0.02804276906 0.02738466859 0.02612964064 0.02143744007 0.02035556547 0.01963573694 0.01905976422 0.01661439426 0.01434593368 0.01284028683 0.01243779249 0.01170818415 0.01158094406 0.01134768035 0.009545649402 0.008701066487
996,frag@164.02 frag@255.06 loss@254.15 loss@153.08 loss@269.1 frag@269.1 frag@270.11 loss@223.02 loss@324.12 frag@275.12 frag@201.09 frag@199.01 loss@334.08 loss@204.16 loss@256.05 loss@239.03 frag@224.14 frag@195.95 frag@78.05 loss@287.03,0.1308032125 0.05389569327 0.04149341211 0.03614308313 0.02952909842 0.02864109911 0.01906500757 0.01485561393 0.01420730632 0.0118999416 0.01133992895 0.008265826851 0.008101334795 0.008089391515 0.00783561822 0.00688956026 0.006870632526 0.006266727578 0.006231529638 0.006047590636
997,frag@151.09 loss@193.12 loss@152.09 loss@226.99 loss@150.08 loss@208.08 loss@112.08 loss@202.01 loss@154.08 loss@261.09 loss@338.13 frag@191.08 loss@226.05 loss@296.02 loss@220.13 loss@267.05 loss@205.03 loss@219.05 loss@202.11 loss@165.1,0.4732326865 0.1003511697 0.07997640967 0.02670945972 0.02327788249 0.01835833304 0.01317178551 0.009349953383 0.009068986401 0.008513262495 0.007331405766 0.007220238447 0.006112569943 0.005322719924 0.00528331846 0.005192972254 0.004528397229 0.004525121301 0.00399429258 0.003962679766
998,frag@130.0 frag@171.1 loss@234.12 loss@329.07 frag@191.14 loss@244.11 loss@213.12 frag@184.11 loss@278.01 loss@198.15 frag@108.05 loss@196.95 frag@182.12 frag@250.15 frag@206.1 frag@227.12 loss@268.13 loss@198.12 frag@99.07 loss@285.08,0.06974305212 0.01475653052 0.01433420647 0.01033652108 0.009163927287 0.007351330016 0.006340379827 0.006122110412 0.005977979396 0.005837205797 0.005765292328 0.005469268654 0.005458068568 0.005453432444 0.005442117341 0.005113853607 0.004856115673 0.004682934377 0.004662966821 0.004656485748
999,frag@118.04 frag@90.05 loss@132.06 loss@134.07 loss@212.11 loss@158.07 loss@119.05 loss@210.01 loss@225.97 loss@147.08 frag@187.98 loss@165.06 loss@186.09 loss@133.07 loss@146.06 loss@160.96 loss@135.08 frag@262.16 frag@257.13 loss@134.06,0.3281546831 0.150035277 0.1105889827 0.06919900328 0.06742347777 0.06453403831 0.06056073308 0.02557330206 0.008741440251 0.006503047887 0.005580118857 0.005256965291 0.004962317646 0.004395845812 0.00318785687 0.003073082305 0.002963016275 0.002251507947 0.002085515996 0.00148608943
