topic_id,top_words,top_probabilities
0,frag@191.08 loss@186.1 frag@229.06 loss@185.01 loss@293.16 loss@143.12 frag@158.06 frag@253.1 loss@158.08 loss@161.11 frag@223.01 frag@173.07 frag@185.03 frag@158.08 frag@204.1 loss@193.04 loss@163.04 frag@174.09 frag@145.09 frag@185.07,0.3388541639 0.3377740681 0.06616557389 0.06140017137 0.03287877887 0.02020503581 0.009012477472 0.008638646454 0.007898307405 0.006164809689 0.005365166813 0.004869829863 0.004543134477 0.003296006471 0.003267214168 0.002448443556 0.002258836525 0.00218374189 0.002170909429 0.002163425786
1,frag@65.04 loss@228.06 loss@103.08 loss@200.05 frag@93.03 loss@225.06 loss@229.07 loss@196.07 loss@295.1 loss@120.03 loss@254.05 loss@268.05 loss@231.07 loss@128.04 loss@235.1 loss@228.05 loss@238.05 loss@110.01 loss@220.03 loss@268.09,0.4394735992 0.1020074189 0.04961015657 0.03947187588 0.03151071072 0.02996265329 0.02013486065 0.01506260596 0.01468149759 0.0125540141 0.01221024431 0.007796369959 0.0071393908 0.006865878124 0.006500755902 0.006378243212 0.006238654722 0.006208195351 0.005916810129 0.005764251575
2,frag@129.07 frag@117.07 frag@128.06 loss@198.09 loss@178.04 loss@225.12 loss@205.15 frag@115.05 frag@130.08 loss@275.06 loss@200.09 loss@291.17 loss@376.13 loss@364.16 loss@148.11 loss@64.04 loss@261.04 loss@229.14 loss@219.16 loss@216.14,0.1713258475 0.1647539735 0.0981996879 0.08864419162 0.0456674695 0.0445317179 0.04093215242 0.02655555308 0.02556005865 0.02539509721 0.02181121148 0.01179216988 0.01040863805 0.008296883665 0.008141282015 0.007041016594 0.00679785898 0.006755212322 0.005663926713 0.00491484534
3,frag@173.54 loss@315.16 loss@334.11 loss@325.13 loss@283.14 loss@330.14 loss@348.18 loss@282.17 loss@351.16 loss@307.12 loss@323.08 loss@326.13 loss@322.11 loss@268.18 loss@266.12 loss@351.17 loss@245.13 loss@251.11 loss@309.14 loss@332.12,0.4468737543 0.06520471722 0.05897084251 0.03145219386 0.02424006723 0.02296360955 0.01994367316 0.01936948672 0.0115143666 0.009887363762 0.008501471952 0.008392720483 0.008309225552 0.007445501164 0.007043748163 0.006894570775 0.006656000856 0.006243939511 0.006197546609 0.005821146071
4,frag@185.08 loss@115.05 loss@41.04 frag@232.06 loss@42.02 loss@126.06 loss@100.09 loss@129.05 frag@182.07 loss@99.05 loss@43.05 loss@119.09 loss@97.06 loss@98.11 loss@97.08 loss@104.03 loss@66.03 loss@85.06 loss@74.06 loss@84.03,0.3714010119 0.1754186451 0.06930650771 0.06869415939 0.03626810387 0.017977966 0.01515158918 0.01312351506 0.01072809473 0.009984596632 0.007627450395 0.006994357333 0.005721179303 0.005384118762 0.005297765136 0.005097541958 0.004928490613 0.004785283003 0.003716850886 0.003410296049
5,loss@248.08 frag@170.08 frag@217.14 frag@315.14 loss@187.03 frag@209.04 loss@155.04 loss@261.06 loss@163.05 loss@194.07 loss@273.07 loss@156.04 loss@203.12 loss@260.11 loss@286.06 loss@201.01 loss@230.01 frag@130.97 loss@333.21 frag@155.08,0.3702874184 0.3314892352 0.06514301151 0.0637498647 0.02185459435 0.007934627123 0.006005034782 0.005149459466 0.004637863021 0.004377188627 0.004203547724 0.003380626673 0.002761550713 0.002713815076 0.002552215243 0.002331463387 0.001712414436 0.001563754864 0.001511338749 0.001424718415
6,loss@186.02 frag@254.1 frag@190.01 frag@107.04 frag@87.0 frag@283.08 loss@249.04 frag@177.0 frag@55.03 frag@195.1 loss@233.04 frag@204.04 frag@102.0 frag@244.06 loss@172.04 loss@107.05 frag@214.03 loss@206.17 frag@70.05 loss@301.16,0.06024156511 0.02052087151 0.01608385332 0.0152076697 0.01516506169 0.01308212988 0.01268813293 0.01215610374 0.01164262462 0.007385344245 0.005826127715 0.005647670478 0.005466241855 0.005288300104 0.005111603998 0.004821266979 0.004759458825 0.004756639246 0.004627919756 0.004576697014
7,frag@263.14 loss@233.96 frag@273.03 loss@163.12 frag@253.12 frag@204.09 loss@309.17 frag@352.18 frag@185.06 loss@365.13 loss@368.15 frag@296.1 loss@101.12 frag@197.04 frag@163.11 frag@235.1 loss@144.11 frag@184.07 frag@227.09 loss@419.16,0.1283851415 0.01834454015 0.01453322172 0.01330208592 0.0126852449 0.01260125265 0.01223271526 0.008516194299 0.007978972979 0.005648395512 0.005092991982 0.004961027764 0.00397070311 0.003760186024 0.003691039281 0.003674062435 0.00342526217 0.003237914527 0.003155638231 0.00302047492
8,loss@111.07 frag@179.03 frag@156.98 frag@179.05 loss@173.0 frag@157.0 frag@207.02 loss@199.02 loss@111.06 frag@168.04 loss@257.06 frag@131.0 frag@198.11 loss@122.03 frag@180.11 loss@279.17 frag@308.09 frag@94.05 frag@300.17 frag@272.13,0.3549787998 0.1446404159 0.1322806478 0.09407498688 0.06964582205 0.04707642272 0.04516893253 0.03167879954 0.02144316584 0.01124554873 0.003631917527 0.001413430437 0.001233829884 0.00111233315 0.001055970788 0.001029932639 0.001001440105 0.000800164009 0.0007008221583 0.0006865136093
9,loss@153.09 loss@195.1 frag@196.11 frag@182.98 frag@243.12 frag@208.11 frag@275.19 frag@235.97 frag@167.09 frag@108.08 loss@151.1 frag@336.08 frag@165.07 frag@136.08 frag@180.05 frag@164.07 frag@189.1 frag@209.03 frag@171.04 frag@123.02,0.2520389259 0.2288375944 0.1537898779 0.08512464166 0.06066180021 0.03759345785 0.02327892929 0.02254096791 0.01861802861 0.01210261509 0.005950745661 0.00484819524 0.004474838264 0.003880232107 0.003103191266 0.003010134911 0.002774463035 0.002741885837 0.002473131288 0.002409881679
10,loss@257.06 loss@235.09 frag@114.06 frag@219.15 frag@193.03 frag@257.05 frag@246.08 frag@224.08 loss@156.11 frag@303.09 loss@344.18 loss@221.01 frag@235.04 frag@210.04 frag@88.04 loss@300.06 frag@218.05 frag@170.96 frag@214.05 frag@249.2,0.1192052141 0.08006089926 0.02763738297 0.02625716478 0.02608945221 0.02153801918 0.0194403585 0.01822320744 0.01377051696 0.01313034166 0.01302100066 0.01023999881 0.008405990899 0.008246589452 0.008130918257 0.007198385894 0.006750842091 0.006349999458 0.006268943194 0.005932622124
11,frag@176.08 loss@192.05 frag@107.06 frag@93.04 loss@165.11 frag@133.08 loss@182.03 loss@166.07 frag@80.05 loss@219.02 loss@174.08 frag@120.06 loss@204.04 frag@96.04 frag@78.03 loss@193.04 frag@120.04 frag@132.07 frag@79.04 loss@215.05,0.3318139017 0.3140485287 0.0370666571 0.02888191678 0.02414643764 0.02241625264 0.02097358741 0.01583628543 0.01484684646 0.01457254961 0.01022885926 0.009715716355 0.006909400225 0.005382599775 0.005354814231 0.005192669109 0.004744907375 0.004407804459 0.004213423934 0.002404432977
12,frag@178.12 loss@279.1 loss@316.18 loss@343.11 loss@255.11 loss@263.06 loss@241.13 loss@308.15 loss@253.13 frag@232.13 loss@260.14 frag@172.11 loss@209.04 frag@214.11 loss@297.11 frag@189.14 frag@183.01 loss@265.1 frag@241.12 loss@371.13,0.3328385651 0.07135911286 0.04469424859 0.02670029737 0.02108424157 0.01713046618 0.01435551327 0.01269204821 0.01224413421 0.0107323518 0.009496933781 0.009268424474 0.008117009886 0.006911547389 0.006893245969 0.006357556209 0.00615780754 0.005625614896 0.005281689111 0.004935489036
13,loss@79.04 frag@140.98 loss@276.05 loss@37.03 frag@196.97 frag@294.12 frag@235.13 loss@195.15 frag@259.01 loss@316.03 frag@170.01 frag@156.96 frag@42.56 loss@336.09 frag@263.05 frag@194.02 frag@197.01 frag@259.0 frag@258.14 frag@319.15,0.02876230329 0.02392363548 0.01730397902 0.007992946543 0.007280073594 0.006782411132 0.006359804887 0.006168100052 0.005140664987 0.004919073544 0.004754823167 0.004293572623 0.004274203908 0.004095601849 0.004031196702 0.003977819346 0.003936255816 0.003790456336 0.003711418016 0.00355012645
14,loss@161.04 loss@109.01 loss@360.07 frag@274.06 frag@279.1 frag@306.09 frag@257.05 frag@317.09 frag@279.04 frag@293.12 frag@276.18 frag@208.05 frag@228.07 frag@274.07 frag@273.1 frag@307.21 frag@311.11 frag@281.07 frag@302.18 frag@239.02,0.1221661493 0.08483808488 0.06157228723 0.0364209041 0.03138675168 0.02730550803 0.02029051073 0.01705739275 0.01567183249 0.0103757605 0.008078115061 0.004932471085 0.004925588612 0.004819451366 0.004753296729 0.004370827228 0.004064551089 0.003878362477 0.003870352171 0.003593986854
15,loss@191.06 frag@103.05 frag@136.03 frag@117.06 frag@130.06 frag@131.05 frag@104.05 frag@239.12 frag@131.07 frag@253.1 frag@115.05 frag@143.07 frag@142.06 frag@160.08 frag@116.05 frag@89.04 loss@163.06 frag@132.08 frag@199.12 frag@172.08,0.4839087129 0.1037809327 0.09815647453 0.03645847738 0.03564395383 0.02297609858 0.02068627067 0.01806985214 0.01283641346 0.01062431838 0.009959173389 0.009105974808 0.008943093009 0.008316774853 0.008008666337 0.005824256223 0.00564553868 0.005502716638 0.005054616369 0.005041742697
16,frag@188.05 loss@125.12 frag@171.03 loss@288.14 loss@198.02 frag@305.11 loss@339.18 loss@182.09 loss@124.02 loss@336.18 loss@252.03 loss@232.14 loss@267.98 loss@262.09 frag@275.11 loss@258.17 loss@163.12 loss@122.03 frag@98.07 frag@279.13,0.289992094 0.2254049629 0.1332068741 0.1059705019 0.07259550691 0.0518534258 0.01423960552 0.01276602969 0.01248054858 0.01239483804 0.003165218746 0.002687885193 0.001875136863 0.001850046916 0.001489544404 0.001057755318 0.001051911619 0.001023809426 0.0009262120002 0.0009206964169
17,frag@160.09 loss@218.12 frag@176.12 loss@190.12 frag@190.1 loss@206.15 frag@161.09 loss@149.1 loss@220.13 loss@188.14 loss@261.16 loss@173.13 frag@148.09 frag@188.08 frag@120.06 frag@134.07 loss@176.09 frag@150.1 loss@178.12 loss@202.03,0.214089185 0.1411231905 0.1092166156 0.09665136784 0.0652513057 0.0593296662 0.03213440999 0.02917014249 0.02753778361 0.02261140756 0.01840799488 0.01511920523 0.008380259387 0.007950266823 0.007011277135 0.006733008195 0.005141882226 0.004969407804 0.003908005543 0.003692309139
18,frag@118.04 loss@192.08 frag@90.05 loss@228.08 loss@212.11 loss@227.01 loss@217.03 loss@196.07 loss@216.07 loss@160.96 loss@188.03 loss@208.06 loss@210.01 loss@388.14 loss@192.04 loss@233.09 loss@223.15 loss@250.03 loss@165.06 loss@186.03,0.342805326 0.1571763605 0.1544979662 0.1422496587 0.09508794546 0.02282188833 0.02176361531 0.004007870797 0.002584918402 0.002345810179 0.002267669188 0.001976265106 0.001768985414 0.001468365313 0.001457965584 0.00126569299 0.001057923422 0.0009601127822 0.000941240869 0.0008276168955
19,frag@124.05 loss@168.1 frag@102.97 loss@196.13 frag@193.11 loss@247.14 frag@270.12 frag@228.08 loss@235.01 loss@219.15 loss@262.09 frag@192.14 frag@152.09 loss@263.17 frag@210.02 loss@178.15 loss@301.09 loss@204.14 loss@110.11 frag@235.04,0.1278395653 0.1144936755 0.06121660024 0.059859097 0.04967888072 0.03915388137 0.03323838487 0.03203239292 0.03015285544 0.02778481506 0.02477145568 0.02215773985 0.02144664712 0.02144561894 0.02046437748 0.01971794851 0.0187143907 0.01552482415 0.0151681425 0.008560347371
20,frag@153.02 loss@314.06 loss@653.12 loss@448.1 frag@143.03 loss@49.99 loss@308.05 loss@328.08 frag@111.01 loss@464.1 loss@404.13 loss@501.11 frag@287.06 loss@216.04 loss@418.14 frag@315.07 frag@139.04 loss@312.08 loss@308.11 frag@303.05,0.3454510272 0.08370086551 0.05843356624 0.05636875704 0.05299426988 0.0414634347 0.03611831367 0.03547407687 0.03070435487 0.0286737252 0.02395809256 0.01662286185 0.01572146825 0.01569941454 0.01379365753 0.0130740134 0.007261540275 0.007024561055 0.006979260594 0.006498156581
21,loss@35.98 frag@211.08 loss@58.08 frag@237.11 frag@265.09 loss@314.21 loss@70.03 frag@209.1 frag@275.07 frag@232.05 loss@138.05 loss@113.1 loss@112.12 frag@221.06 loss@132.01 loss@200.94 loss@159.15 loss@183.97 frag@259.08 loss@342.19,0.207809478 0.2006151974 0.09593369067 0.09434442222 0.09189423919 0.01775710471 0.01546824165 0.0115063889 0.009663899429 0.009591420181 0.008608651347 0.006479288917 0.005999138579 0.005786250345 0.005299878772 0.004095733631 0.004039532505 0.003918544389 0.003860981902 0.003652812447
22,frag@193.1 loss@296.11 loss@275.08 loss@266.05 loss@321.12 frag@268.13 loss@295.11 loss@320.12 loss@334.13 loss@148.09 loss@268.06 frag@220.11 loss@307.16 loss@221.11 loss@215.01 frag@196.14 loss@252.04 loss@298.08 loss@318.14 loss@182.07,0.4128589332 0.09149733931 0.05727122352 0.0553601943 0.05094177648 0.04885018244 0.0378710106 0.03749217838 0.03220618889 0.005062848795 0.0041639423 0.004053019453 0.003861391451 0.00385319558 0.003670589533 0.003528507892 0.003513983451 0.003398627508 0.003169800155 0.002469431842
23,loss@215.08 frag@286.11 frag@283.07 loss@133.1 frag@243.06 frag@168.0 frag@301.17 frag@167.08 frag@288.12 frag@198.06 loss@246.05 loss@203.14 frag@355.16 loss@151.1 frag@310.11 frag@376.12 frag@183.95 loss@306.12 frag@175.05 loss@321.11,0.2942539155 0.1297656447 0.106204547 0.04525579885 0.03794308379 0.02465791628 0.01328783669 0.01226260606 0.01114097796 0.01014083158 0.009771379642 0.008298906498 0.008258271962 0.008234865032 0.007696044166 0.00655681733 0.00555402087 0.004864987917 0.004399974365 0.003911148757
24,loss@149.05 frag@164.03 loss@177.04 loss@185.06 frag@173.08 frag@178.04 frag@204.06 loss@136.04 frag@152.03 frag@179.06 frag@176.06 frag@174.02 frag@206.07 frag@164.04 loss@137.05 loss@203.02 loss@191.05 frag@180.06 loss@109.98 frag@204.02,0.2058402151 0.1039419845 0.08828593045 0.0631050989 0.06070392206 0.04977327213 0.04894616455 0.04659183696 0.04621745646 0.03360365331 0.03131750971 0.02760954946 0.02640926093 0.01465859544 0.01053918339 0.0103998119 0.007616295014 0.00660896115 0.005339353345 0.004110973328
25,frag@221.11 loss@159.1 frag@211.04 loss@299.11 loss@107.08 loss@68.04 frag@189.05 loss@291.14 loss@125.09 loss@265.12 loss@208.18 loss@155.12 loss@133.09 loss@135.1 frag@239.12 frag@335.17 loss@107.07 frag@222.11 loss@283.12 loss@188.09,0.3523805439 0.2536906302 0.05663081631 0.02051550709 0.01833719574 0.01435109042 0.0137024885 0.01076250151 0.01013687812 0.009950222448 0.008425699547 0.007185710594 0.006797839887 0.005459593143 0.004475542344 0.004208747763 0.004011249635 0.004010496195 0.003776458791 0.003580044722
26,frag@186.04 frag@214.06 loss@114.06 loss@104.03 loss@70.03 loss@115.05 loss@72.04 loss@70.02 loss@228.99 frag@232.05 loss@100.08 frag@141.06 loss@142.09 loss@68.01 loss@75.07 frag@283.1 loss@85.03 loss@110.04 frag@217.05 frag@364.16,0.1827477068 0.1202773377 0.07737527043 0.03528572619 0.03302651644 0.02525422536 0.01607886888 0.01582139544 0.01543387398 0.01465153415 0.01426146831 0.01182873826 0.01180595625 0.01126005873 0.008985104039 0.007586581167 0.007579606026 0.006822872441 0.00652693212 0.006411632057
27,loss@126.08 loss@82.05 frag@175.07 frag@180.02 frag@205.14 frag@162.01 frag@220.03 loss@110.08 loss@84.07 loss@97.05 frag@226.0 loss@132.1 frag@212.99 frag@223.14 frag@224.98 loss@100.06 frag@134.03 loss@294.0 loss@188.99 loss@127.06,0.1475147754 0.1049165502 0.09220228344 0.07435274869 0.07229699939 0.06524679065 0.04054117575 0.03859921917 0.03075631522 0.01906264015 0.01844555698 0.01337660383 0.01291052066 0.01257527433 0.01116583776 0.007487182505 0.006391524803 0.006361274049 0.006163500715 0.006113576703
28,frag@156.02 frag@70.04 loss@271.06 loss@252.03 frag@45.03 frag@173.95 loss@179.0 loss@244.04 loss@309.09 frag@255.12 frag@93.03 frag@82.03 loss@288.14 loss@258.08 loss@206.02 loss@156.01 loss@267.98 frag@330.08 loss@157.02 frag@72.94,0.1202018857 0.1193491817 0.08705943078 0.04997257516 0.04194031656 0.0390256606 0.02353768796 0.02335070819 0.01981539093 0.01360428054 0.01286293007 0.01244463213 0.00860873796 0.008607704192 0.00651612645 0.005374963861 0.004260622431 0.004221187439 0.004049106501 0.003974164836
29,loss@108.06 frag@253.1 frag@104.05 frag@295.14 frag@129.04 frag@391.17 frag@190.05 frag@105.04 frag@216.1 frag@128.05 frag@146.06 frag@175.03 frag@202.12 frag@116.05 frag@187.09 frag@105.06 frag@177.05 frag@161.07 frag@175.09 frag@286.03,0.4758958817 0.0652166903 0.04435295239 0.04331076518 0.03979964554 0.02927544713 0.02863363177 0.01918960549 0.01778587699 0.01518694498 0.01154419128 0.009773695841 0.008955736645 0.008087007329 0.00792832952 0.007566202432 0.00675391918 0.006709462032 0.006587720476 0.006505421828
30,loss@282.09 frag@183.03 frag@208.05 loss@284.04 frag@273.08 frag@306.09 frag@327.09 frag@285.08 frag@170.96 loss@112.01 frag@303.09 loss@41.06 frag@223.04 frag@285.04 frag@118.92 frag@184.05 frag@246.08 frag@75.0 frag@271.06 frag@197.09,0.329878211 0.1447443366 0.1154599041 0.08588907868 0.04768329859 0.03381181136 0.0238684155 0.01430714503 0.01041569933 0.007827642374 0.007583149243 0.007296923548 0.003829277819 0.003100455273 0.00268522976 0.002596052364 0.002583759604 0.002475005109 0.002377026947 0.002154451562
31,frag@65.04 loss@200.05 loss@227.05 loss@225.06 loss@199.04 loss@238.05 loss@227.04 frag@92.06 loss@239.05 loss@240.15 loss@221.06 loss@226.04 loss@315.12 loss@188.05 frag@119.06 loss@225.05 frag@134.01 loss@223.08 loss@228.06 loss@188.06,0.4335681498 0.06072094291 0.05675402284 0.05364412814 0.04682914913 0.04234746099 0.02036586963 0.01748563163 0.01389586832 0.01059796754 0.01037606876 0.008094959892 0.007398079615 0.005487445742 0.005295864306 0.005274799652 0.005231012125 0.005007533822 0.004972338211 0.004714903887
32,frag@151.09 loss@145.07 loss@156.13 loss@183.1 loss@207.14 frag@138.04 frag@190.07 loss@151.11 loss@110.05 frag@161.05 loss@189.13 frag@199.05 frag@94.03 frag@162.0 frag@165.04 loss@138.08 loss@152.09 loss@158.14 frag@248.1 frag@198.98,0.08356603235 0.06758280098 0.06099486724 0.05805092677 0.05224107951 0.05215692148 0.0471272245 0.04660930112 0.03827466443 0.03699756786 0.03120165318 0.03086655028 0.02591575868 0.02304753661 0.02025988884 0.01675112918 0.01642174274 0.01430964563 0.01335574314 0.01228400227
33,loss@321.16 loss@297.15 loss@383.16 frag@337.13 loss@212.23 frag@232.08 loss@251.14 frag@294.12 frag@174.12 frag@136.94 frag@305.12 loss@258.17 frag@198.13 frag@128.97 loss@289.08 frag@177.09 frag@251.11 frag@170.01 loss@296.99 frag@363.18,0.0590393357 0.03416758776 0.01672758907 0.01222763583 0.01022953354 0.009901457466 0.009620880708 0.008731757291 0.005764122587 0.003781711217 0.00377978594 0.003563944949 0.00354054803 0.003438548883 0.003388942219 0.003132363316 0.002949078334 0.002940392355 0.002889194293 0.002778228838
34,frag@178.05 loss@141.05 loss@185.03 frag@215.07 frag@175.03 frag@145.06 frag@143.05 frag@337.15 frag@246.1 frag@174.05 frag@151.02 frag@179.05 frag@213.02 frag@114.03 frag@148.02 frag@107.01 frag@136.03 frag@223.05 frag@243.95 frag@192.1,0.4255850315 0.3022260368 0.1902973503 0.01287347451 0.01050867792 0.007216242608 0.003582814708 0.002480607247 0.002269191435 0.002020259388 0.001795509597 0.001513050986 0.001415338949 0.00119299721 0.001010617823 0.0009957669536 0.0009784554131 0.0009756599902 0.0007863534265 0.0007615902578
35,loss@218.04 loss@113.06 frag@148.02 frag@107.01 frag@280.14 frag@105.03 frag@177.05 frag@142.97 frag@162.03 frag@365.14 frag@123.01 loss@276.04 frag@89.04 loss@194.04 frag@147.03 frag@200.93 frag@239.12 frag@273.09 frag@178.05 frag@192.99,0.249054566 0.1690983027 0.0850238353 0.0469924733 0.04642976075 0.04500662908 0.04002335295 0.03061599657 0.01345246844 0.011069878 0.00953341648 0.009198035114 0.008753745817 0.006566207856 0.006375097204 0.005817188416 0.005796399433 0.00563778216 0.00505609531 0.00504398765
36,frag@108.08 frag@122.1 loss@207.13 loss@233.12 loss@258.11 loss@188.13 loss@235.14 frag@136.08 loss@230.12 loss@195.1 loss@195.13 frag@231.12 loss@233.14 loss@234.14 loss@247.12 loss@228.13 loss@270.14 loss@248.16 loss@205.15 loss@192.13,0.2796089947 0.1810853928 0.1398315877 0.1168075949 0.0576339066 0.03090762906 0.02842482366 0.01953768544 0.01326372661 0.006720972713 0.004939898849 0.00477578491 0.00453302823 0.004275150597 0.004223506432 0.003544886829 0.002946402878 0.002796048764 0.00242043403 0.002277863212
37,frag@87.09 loss@174.1 loss@172.09 loss@258.06 loss@342.18 loss@199.14 loss@314.15 loss@185.96 loss@276.07 loss@258.08 loss@213.15 loss@236.11 loss@291.11 loss@271.09 frag@175.11 loss@181.1 loss@226.13 loss@275.15 loss@311.13 loss@435.14,0.4920623004 0.1515776962 0.1298725456 0.09942509979 0.03940475732 0.02655221149 0.003456783481 0.002751258668 0.00261123362 0.001857429044 0.001815866213 0.001724204281 0.001435938408 0.001411107602 0.001161482302 0.001142416266 0.00110800087 0.0009744476411 0.0009046017076 0.0008542662254
38,frag@185.09 frag@71.03 frag@151.05 loss@179.08 frag@186.06 loss@223.01 loss@268.0 loss@244.1 loss@318.09 frag@155.05 frag@130.04 loss@161.0 frag@130.02 frag@140.05 frag@123.05 frag@130.03 frag@155.06 loss@309.1 loss@167.07 loss@178.07,0.1040243134 0.05501592532 0.04767237976 0.03692125157 0.0332877934 0.02491053566 0.01248440892 0.01150348037 0.009759855457 0.008121731691 0.007842957973 0.007606034167 0.006760113873 0.006595308892 0.006528323051 0.006500177085 0.006458517164 0.006165689789 0.005830024835 0.005621660966
39,frag@229.1 loss@266.07 loss@305.09 frag@156.08 loss@80.04 frag@313.12 frag@130.07 frag@140.05 frag@326.11 frag@142.07 frag@143.07 frag@142.06 frag@220.05 frag@133.01 frag@206.06 frag@223.06 frag@144.08 frag@287.07 frag@117.06 frag@132.08,0.2907783091 0.2498725653 0.2010204196 0.01940994337 0.01904896274 0.01337610651 0.0119737871 0.009127830155 0.007995072752 0.00770591991 0.007566587068 0.006276560016 0.006174684968 0.005994226318 0.005074760877 0.004798116628 0.004684595391 0.00416711811 0.003972910345 0.003873774782
40,frag@337.13 loss@195.15 loss@276.05 frag@152.04 frag@170.01 frag@198.13 frag@252.14 loss@315.13 frag@128.01 loss@168.01 loss@329.04 frag@42.57 frag@194.02 loss@304.02 frag@297.04 loss@92.04 loss@378.22 frag@282.11 loss@322.08 frag@69.99,0.04231971502 0.01904293522 0.01149526704 0.01136038546 0.008684663102 0.007479383145 0.007283387706 0.006430365611 0.005913373083 0.005646479316 0.004404912237 0.00426068902 0.003952001687 0.003728381358 0.003687044838 0.00360848452 0.003412263468 0.003201778047 0.003201730317 0.003111430677
41,frag@170.11 loss@304.15 loss@387.17 loss@358.14 frag@102.13 frag@237.14 frag@278.11 loss@322.06 frag@287.14 loss@262.03 frag@42.57 frag@184.98 loss@299.16 frag@289.15 frag@254.02 frag@363.18 frag@315.06 frag@174.12 frag@87.5 frag@349.15,0.04681110755 0.02058714628 0.01870698668 0.01781108417 0.01307523996 0.012136315 0.01021033246 0.008429824375 0.007428025827 0.006389471702 0.006366531365 0.006268975791 0.006113190204 0.005483908579 0.005316494498 0.005136359949 0.004643537104 0.00449879095 0.004155023023 0.004045069683
42,frag@177.09 loss@233.07 loss@248.09 loss@257.09 loss@261.1 frag@327.08 frag@83.01 loss@346.14 loss@329.1 loss@241.1 frag@274.18 frag@196.12 loss@292.1 loss@186.04 loss@236.17 loss@152.08 loss@172.08 loss@271.12 frag@173.95 frag@112.99,0.4714871943 0.2899104059 0.08678396046 0.07886487246 0.01400964148 0.003047339153 0.002943234984 0.002117935102 0.001839581644 0.001608330873 0.001548470813 0.001510173199 0.001451427001 0.001244661515 0.001112699159 0.001023679157 0.0009365899605 0.000932930503 0.0008513060748 0.0007818642189
43,frag@150.07 loss@262.12 frag@134.07 loss@195.11 loss@311.07 loss@293.07 loss@200.13 frag@120.06 loss@346.11 loss@179.07 loss@314.08 loss@241.07 loss@240.1 loss@283.04 loss@250.13 loss@193.09 loss@206.12 loss@205.09 loss@244.13 loss@179.11,0.379999578 0.07608733326 0.07349954545 0.06490021199 0.03935728595 0.03617587686 0.01810662076 0.01560816262 0.01159822103 0.01082781795 0.009767455049 0.009222627617 0.008446887136 0.008252521046 0.007705036551 0.007423972711 0.007247737609 0.006130179856 0.006044322159 0.00595714245
44,loss@216.12 frag@131.09 frag@143.09 loss@285.14 loss@282.13 loss@178.14 frag@149.1 frag@147.08 loss@329.13 frag@93.07 loss@266.15 frag@119.09 frag@145.1 loss@223.14 loss@272.14 frag@137.1 frag@159.12 frag@157.1 frag@167.13 frag@130.08,0.1512918919 0.1446805 0.1092534885 0.04658587277 0.04216082767 0.03742045164 0.03069586866 0.02892351896 0.02434953302 0.02364598401 0.01948670484 0.01886981353 0.01854886673 0.01350345463 0.01313716732 0.01268019713 0.008641635999 0.007966858335 0.006844832096 0.006716724951
45,frag@89.04 loss@74.0 loss@101.01 loss@96.03 loss@55.99 loss@27.99 loss@102.0 frag@161.02 frag@133.01 loss@83.0 loss@98.0 frag@187.04 loss@55.01 loss@139.03 frag@160.02 frag@63.02 loss@116.01 loss@62.0 frag@191.03 frag@142.05,0.3873733878 0.1152807027 0.06740494817 0.06608432531 0.05548335612 0.04280116782 0.03931553289 0.02529470064 0.01806166023 0.01324689761 0.0105721904 0.009089061059 0.007678987924 0.007162704598 0.006231088657 0.005682367366 0.005507260561 0.005246822722 0.004734863527 0.00412094174
46,frag@99.0 loss@142.03 loss@113.1 frag@154.99 loss@208.0 frag@197.05 frag@234.12 frag@264.08 frag@194.07 frag@304.06 loss@156.07 frag@224.05 frag@164.03 frag@191.09 loss@147.09 frag@182.07 frag@59.99 loss@263.99 frag@250.06 loss@167.03,0.275057584 0.1876806915 0.1788151562 0.1002798155 0.09452994913 0.05619622022 0.01434806548 0.01068164036 0.003898350988 0.003849628381 0.003175309161 0.00250416738 0.002468056278 0.00239835144 0.002080371836 0.001990325516 0.001827857574 0.001752836513 0.001731794211 0.001365309581
47,frag@221.1 loss@331.11 loss@310.07 loss@282.16 loss@382.15 loss@332.11 frag@326.11 frag@194.07 loss@248.11 loss@252.08 loss@310.18 frag@325.19 frag@253.12 loss@87.11 frag@153.98 frag@203.02 loss@282.11 loss@316.22 frag@230.04 loss@178.14,0.448685497 0.2042667568 0.08813491464 0.08486544341 0.03666309267 0.02792396024 0.005991593935 0.004984307569 0.004718990996 0.004422436468 0.00395273976 0.003624771256 0.002675837371 0.002291290555 0.001597934403 0.001316085691 0.001259039156 0.001066817902 0.001027698396 0.0009677620837
48,frag@105.06 frag@134.06 loss@226.04 loss@195.07 frag@118.06 loss@124.03 frag@104.05 loss@217.07 frag@92.03 loss@234.17 loss@228.06 frag@65.04 loss@190.03 frag@116.05 loss@235.04 loss@204.06 frag@92.06 frag@105.04 loss@249.08 frag@128.05,0.1433257014 0.1281100214 0.09759853035 0.04439756647 0.02681487985 0.02669992484 0.02283018455 0.02279796451 0.01699085534 0.01490375027 0.01390040945 0.01252757851 0.01226924453 0.0121049853 0.01033635251 0.008788107894 0.008601247333 0.008423967287 0.008382312953 0.007989370264
49,frag@204.09 loss@192.0 frag@112.01 frag@216.03 loss@285.02 loss@199.99 frag@233.12 frag@272.08 loss@255.18 frag@188.03 frag@383.12 loss@159.02 frag@302.96 loss@50.04 frag@134.98 frag@298.11 loss@155.97 loss@225.16 loss@116.03 loss@146.01,0.2481514215 0.01968739368 0.0167184379 0.01178757288 0.01165272016 0.01041525137 0.008380831219 0.006055744365 0.005935121793 0.005331185646 0.005294088274 0.005205994938 0.005108813755 0.004471058957 0.004200111609 0.003948820755 0.003568189917 0.003467377741 0.003035593079 0.003022414865
50,loss@258.14 frag@166.09 frag@95.07 loss@245.05 frag@214.12 loss@293.14 loss@210.11 frag@111.06 loss@267.12 loss@268.14 loss@208.12 frag@197.17 frag@108.08 loss@220.1 frag@70.03 loss@283.13 frag@114.05 frag@166.06 frag@71.0 loss@226.1,0.2712663114 0.2174675018 0.2111833692 0.134457767 0.005822029896 0.005757052451 0.005555607844 0.005130265839 0.004564129282 0.003990072291 0.003858796787 0.003709321609 0.003680880414 0.003290578024 0.002629106864 0.002600178123 0.002541431924 0.002328957431 0.001933554071 0.00186847453
51,loss@83.05 loss@36.02 loss@102.1 frag@259.1 frag@257.04 frag@247.1 frag@281.07 frag@279.1 frag@283.1 loss@377.17 frag@271.09 loss@107.99 frag@244.07 frag@243.09 loss@90.08 loss@45.03 frag@354.14 loss@172.11 loss@132.05 frag@276.1,0.1032578647 0.0660841465 0.06045790017 0.05674305558 0.05376783758 0.0502532497 0.04780486971 0.04030344635 0.03159473836 0.02882474102 0.02293995768 0.01924284734 0.01724775508 0.01644540392 0.0116158789 0.009731287137 0.00881971512 0.008350692689 0.00812299829 0.007535920944
52,loss@106.03 frag@100.01 frag@236.05 frag@317.09 frag@179.99 frag@233.02 loss@311.01 loss@60.03 loss@339.04 frag@195.1 frag@297.12 loss@165.02 loss@378.09 loss@386.09 loss@218.99 frag@130.0 loss@164.97 frag@78.49 frag@262.13 loss@336.16,0.2202364653 0.1316211373 0.1112274751 0.04318422452 0.03564324602 0.03542686626 0.03118494898 0.01847564243 0.01035027485 0.008789503947 0.007842232473 0.006482616533 0.00601713825 0.005331275519 0.0035080323 0.003258291166 0.002780499402 0.002600090811 0.002388046589 0.002368244808
53,loss@194.13 frag@81.07 frag@79.05 loss@208.15 loss@196.15 frag@93.07 frag@67.05 frag@57.03 frag@95.09 frag@43.02 frag@85.06 frag@69.03 frag@123.12 loss@210.13 frag@107.09 frag@71.05 frag@111.04 frag@147.12 frag@149.1 frag@109.1,0.2873890698 0.1811596304 0.105957076 0.08610653132 0.07636229694 0.02863771468 0.02605927363 0.0203737542 0.0199099984 0.01940439269 0.01338635664 0.01006201934 0.008195333183 0.00786838308 0.007680572104 0.005749712698 0.004886996932 0.003938010428 0.003805713728 0.003755003447
54,loss@294.11 loss@285.08 loss@191.0 frag@139.12 frag@300.08 loss@346.12 frag@171.1 frag@234.0 frag@242.12 loss@161.0 frag@184.11 frag@210.14 frag@181.14 frag@200.11 frag@59.06 frag@225.13 loss@220.05 frag@259.17 loss@261.1 frag@72.05,0.1476362944 0.1349855065 0.07057571411 0.02932120487 0.02838685364 0.02050369047 0.01890081353 0.01297712699 0.01192951016 0.009857275523 0.007524686866 0.007276225835 0.007147654891 0.006546258461 0.005668254569 0.005460024811 0.005422952119 0.005380421411 0.0047421325 0.003899971955
55,frag@117.07 loss@275.12 frag@129.07 frag@128.06 loss@246.16 loss@242.14 loss@304.14 loss@267.11 frag@147.08 loss@247.11 loss@261.04 loss@286.1 frag@145.06 loss@223.01 loss@231.12 loss@296.12 loss@376.13 frag@240.12 loss@247.08 loss@289.14,0.3243361115 0.09896857291 0.04457548633 0.03037833981 0.02600202523 0.02563576587 0.02383300848 0.02261513472 0.02255567908 0.0161375273 0.01613029465 0.01311017293 0.01124695595 0.0109693585 0.01017708331 0.009915511124 0.008944865316 0.007087733131 0.006740480196 0.006364163011
56,loss@206.03 frag@118.03 frag@91.03 frag@92.04 frag@208.07 loss@285.12 loss@297.08 frag@67.02 loss@266.04 loss@261.1 loss@285.04 loss@325.11 loss@232.06 loss@228.12 loss@237.11 loss@274.11 loss@215.09 loss@236.03 loss@242.01 loss@268.07,0.1968695819 0.1895211935 0.09620279819 0.09015293419 0.07063677907 0.04136638343 0.03684325144 0.01689786464 0.01255142316 0.009542692453 0.007801773492 0.007317515556 0.006896711886 0.006267675664 0.006082387175 0.004132634029 0.003664283548 0.003606669139 0.003126868745 0.002418077784
57,loss@129.08 frag@151.05 loss@100.05 loss@115.06 frag@83.99 loss@117.08 loss@127.06 loss@154.07 frag@189.03 frag@186.06 frag@217.06 frag@156.99 frag@56.98 loss@113.05 frag@166.97 frag@163.05 frag@230.1 frag@174.99 frag@358.13 loss@128.07,0.1004650071 0.09161817282 0.08163526654 0.07470113039 0.06117257476 0.05852464959 0.05390114337 0.04366430268 0.03462568671 0.03141755238 0.02297535911 0.02251615562 0.02216944285 0.01718904451 0.013891818 0.01337436587 0.01198946033 0.01111509651 0.009915166534 0.008451288566
58,frag@172.09 frag@200.08 frag@186.1 frag@174.1 loss@185.1 loss@173.1 loss@158.08 loss@144.07 loss@143.07 loss@187.09 frag@158.07 frag@144.07 loss@172.06 loss@164.11 loss@147.08 loss@175.07 loss@163.11 loss@187.93 loss@238.04 loss@149.1,0.1837110966 0.09541154653 0.09454959631 0.09208548069 0.08461830765 0.08452717215 0.08257444948 0.07284237444 0.06891489029 0.0303443186 0.00976756122 0.005473579746 0.005122469738 0.003160898108 0.002922678366 0.002822342794 0.002524665557 0.002453583991 0.002280975692 0.002255401574
59,frag@203.1 loss@240.17 frag@349.07 frag@232.13 loss@337.17 loss@319.19 loss@187.13 frag@212.04 loss@292.12 frag@323.09 frag@214.11 loss@241.13 loss@139.12 loss@234.01 frag@230.13 frag@321.12 loss@311.15 loss@280.12 loss@105.12 frag@306.16,0.1929454207 0.1534871757 0.09707920998 0.07065748423 0.03197487816 0.01941445097 0.01908910275 0.01491604466 0.01420430839 0.01061815303 0.009869693778 0.008319147862 0.00690526003 0.005416233558 0.005054912064 0.003803828731 0.003692564322 0.00342079415 0.00330775883 0.003292297246
60,frag@175.09 frag@147.05 loss@199.07 loss@203.07 loss@191.08 loss@202.06 loss@213.05 frag@133.08 loss@214.11 frag@134.06 loss@146.04 frag@187.09 frag@125.01 loss@180.07 loss@151.01 frag@172.04 loss@130.15 loss@136.02 frag@121.08 loss@217.04,0.2635782659 0.1780268401 0.1609934419 0.1193199828 0.07981421053 0.04161244631 0.03352696449 0.01859494485 0.006718924735 0.005505437031 0.004971111193 0.004490656313 0.004473080393 0.004289208911 0.003955695312 0.003428393975 0.003195364261 0.002492247848 0.002207222162 0.002186660189
61,loss@308.12 frag@268.11 frag@216.01 loss@251.17 loss@292.09 loss@350.09 loss@316.13 loss@271.08 frag@214.12 loss@297.08 frag@377.16 frag@281.09 frag@137.09 frag@240.15 loss@234.12 loss@261.13 loss@223.16 frag@246.04 frag@330.15 frag@226.12,0.2303122282 0.1925768554 0.06028780341 0.01356935315 0.01034505572 0.008639002219 0.00766751077 0.007176616229 0.006759229116 0.00604278082 0.005819888785 0.005107907578 0.005039254669 0.004907736555 0.004671579227 0.004560847301 0.00436582556 0.004194772337 0.004170539789 0.004159747157
62,frag@153.09 frag@338.11 frag@297.04 loss@304.17 frag@302.18 frag@300.0 frag@197.98 frag@280.05 frag@212.04 frag@252.0 loss@341.13 frag@174.01 loss@241.13 loss@201.0 frag@60.08 frag@306.16 frag@182.12 frag@181.0 frag@292.15 frag@446.2,0.03715401143 0.02579810098 0.02411316149 0.01582302712 0.009550131857 0.009432327934 0.008967301808 0.0072837146 0.007156819571 0.006181018427 0.005973008927 0.004919049796 0.004383077379 0.004308655858 0.00399193028 0.003875230672 0.00385271199 0.00377626298 0.003679987509 0.00361320423
63,frag@153.07 frag@181.06 loss@140.1 loss@221.16 frag@181.07 loss@295.08 loss@129.15 frag@152.06 loss@111.14 loss@231.0 loss@253.11 loss@401.19 loss@232.03 loss@156.14 loss@141.12 loss@165.06 loss@146.14 loss@253.07 loss@92.03 loss@153.06,0.2606404424 0.1545156986 0.1414994895 0.04762643576 0.04509486258 0.03790286556 0.03588355705 0.02711060271 0.01932113618 0.01644830219 0.01147304475 0.009895223193 0.009791400284 0.008804133162 0.006436059251 0.005944190547 0.005005786661 0.004850206431 0.004780177958 0.004632082302
64,frag@184.09 loss@124.1 loss@141.1 loss@139.09 loss@88.01 loss@356.12 loss@282.06 loss@2.02 loss@155.09 loss@127.1 loss@131.04 loss@216.02 loss@112.08 loss@128.08 loss@161.1 loss@271.1 loss@127.11 loss@230.01 loss@141.08 loss@153.05,0.4901120663 0.1599751264 0.1325562596 0.04477280006 0.02919883281 0.01613130979 0.01370794512 0.00597688416 0.004851037171 0.004843091127 0.003463192377 0.00289311423 0.002496680943 0.002274342347 0.002167927567 0.002106482163 0.002101658378 0.001689704601 0.001534951385 0.001475339057
65,loss@122.07 frag@201.09 frag@115.04 frag@173.1 frag@145.1 frag@107.09 frag@73.03 frag@81.07 frag@309.12 frag@133.1 frag@85.03 frag@109.1 frag@173.54 frag@147.12 frag@97.03 frag@157.1 frag@121.1 frag@95.09 frag@185.1 frag@159.12,0.4966893792 0.3014233112 0.09501291066 0.06264942884 0.005978942849 0.004259571899 0.002112378599 0.002047413029 0.00203082501 0.001923032803 0.001425518421 0.001423115609 0.001408288605 0.00131636369 0.001247153617 0.001234873431 0.001196023426 0.0010674441 0.001055637025 0.0009051162633
66,frag@74.06 loss@290.14 loss@252.16 loss@200.14 loss@316.07 loss@278.14 loss@318.16 loss@271.16 frag@88.04 loss@160.13 loss@146.11 loss@283.03 loss@316.17 loss@333.18 loss@391.2 loss@201.14 frag@329.21 loss@349.19 loss@390.14 loss@248.14,0.4498308599 0.1515631974 0.100178495 0.06248596311 0.02035187371 0.007025863975 0.006376443431 0.006338042207 0.003891977482 0.003682653653 0.003542819759 0.002867990872 0.002721978351 0.002574670361 0.002207988175 0.002142900368 0.001953118015 0.001906589488 0.001834567287 0.00173241552
67,loss@228.02 loss@151.05 frag@224.06 frag@164.06 frag@155.0 frag@182.04 frag@240.01 loss@259.03 frag@222.04 frag@45.04 loss@157.92 frag@308.09 loss@331.08 loss@367.11 loss@165.15 frag@144.02 frag@215.08 frag@319.17 frag@152.06 loss@185.97,0.07595535368 0.06667155772 0.03521605581 0.03071601875 0.02568968572 0.02246233635 0.02128801495 0.01635326818 0.01632739604 0.01511571743 0.01381473895 0.01334955078 0.01305187028 0.01278551668 0.012556375 0.01214234624 0.01070637815 0.01052829623 0.0102418717 0.009181544185
68,frag@159.08 frag@171.08 frag@173.06 frag@175.08 frag@189.09 frag@185.06 frag@199.11 frag@205.09 frag@187.08 loss@320.19 frag@215.11 frag@280.07 loss@343.16 loss@328.2 loss@335.09 loss@359.16 loss@134.0 loss@192.96 loss@223.0 loss@369.16,0.07709691674 0.06850879639 0.06259273738 0.05194586143 0.04888069257 0.02989880741 0.02256945148 0.02227428183 0.02143061347 0.008205205202 0.005638892762 0.004879161716 0.004817339126 0.004777535331 0.004602106288 0.004595308099 0.004430544563 0.004197736736 0.004168944433 0.003989732359
69,loss@132.06 frag@143.08 frag@262.16 frag@255.08 frag@234.97 frag@187.98 frag@318.18 frag@198.08 frag@257.13 frag@148.04 frag@301.15 loss@328.18 frag@172.02 frag@291.15 frag@311.18 frag@231.11 loss@149.11 loss@188.97 loss@185.07 frag@144.07,0.4022284448 0.07802083343 0.07007776201 0.04316933453 0.0385274291 0.03060504422 0.02824663185 0.01021366939 0.00991062168 0.009787932038 0.009064555168 0.00748354895 0.006178024225 0.005261589307 0.004684501328 0.004509242252 0.00417993404 0.004076989368 0.003971065395 0.003510346403
70,frag@211.1 loss@120.08 frag@256.11 loss@128.12 frag@236.12 loss@126.1 frag@266.07 loss@172.11 frag@250.09 loss@101.1 frag@250.13 frag@275.06 frag@258.11 frag@349.14 loss@88.09 loss@100.09 loss@74.07 loss@100.08 loss@144.12 loss@93.08,0.08691823483 0.0842301324 0.0814743042 0.05518723652 0.05127134174 0.04853546247 0.04513914138 0.03816450015 0.03636098653 0.03132333979 0.02770527825 0.0262689814 0.01985691302 0.0150301531 0.01461713854 0.01450075861 0.01103456225 0.0085568754 0.00768144615 0.007035821676
71,frag@56.05 loss@266.12 loss@283.13 loss@261.17 loss@283.14 frag@84.08 loss@252.13 frag@86.06 frag@82.06 loss@298.1 loss@255.12 frag@84.04 loss@167.06 loss@259.0 loss@227.95 loss@196.12 loss@244.01 loss@293.12 loss@247.17 loss@229.05,0.3892945945 0.1510688215 0.06770328432 0.04752385616 0.04102262482 0.0366653204 0.03124654666 0.01500769146 0.01470243372 0.01369708218 0.009267520159 0.009016864933 0.008768004365 0.007673012558 0.005620809738 0.005413000938 0.005317505449 0.005279667675 0.004922768567 0.004516671412
72,frag@164.07 frag@138.05 loss@206.11 loss@261.11 loss@223.1 loss@249.1 loss@248.13 loss@195.13 loss@183.11 loss@180.11 loss@238.1 loss@265.14 loss@251.12 loss@271.13 loss@185.12 loss@247.12 loss@289.06 loss@263.16 loss@256.09 loss@234.14,0.2737906873 0.2247789204 0.118834056 0.0570965372 0.05685159564 0.05546360463 0.05111954361 0.04246462882 0.02380192466 0.02269207872 0.01932633482 0.004429699387 0.002507962752 0.002448249608 0.002095297445 0.002010087483 0.001918865833 0.001836289652 0.001804630389 0.001695202896
73,frag@156.08 loss@135.07 frag@184.08 frag@183.09 loss@124.06 loss@123.07 frag@181.08 loss@138.09 frag@189.1 loss@166.09 loss@138.08 frag@189.02 loss@165.13 loss@155.08 loss@139.05 loss@78.05 frag@209.07 frag@254.09 frag@204.07 frag@223.12,0.09371686727 0.08807298541 0.07796820253 0.05424143746 0.05149003863 0.04697960615 0.04538927972 0.04292506352 0.0389524214 0.03790812194 0.03575028852 0.03094152361 0.02857206948 0.02488224208 0.02291049063 0.02257638425 0.01918844506 0.01555356849 0.01532026194 0.01362188719
74,frag@291.07 frag@227.14 frag@241.01 frag@270.03 loss@444.13 loss@251.03 loss@380.13 frag@137.99 frag@343.1 loss@73.0 frag@152.94 frag@221.12 loss@106.06 frag@314.04 loss@140.01 loss@357.03 frag@191.99 loss@394.15 frag@149.12 frag@220.95,0.04850948229 0.02318095788 0.01175771467 0.01096535381 0.009735045955 0.009360727854 0.00805962272 0.006799770519 0.005634853616 0.005285699852 0.005278392229 0.004949009977 0.004703961778 0.004622875713 0.004379217047 0.004144151229 0.003882633289 0.003754690988 0.003733251011 0.003627713071
75,loss@230.1 loss@147.12 frag@281.15 frag@130.99 frag@84.04 frag@208.04 frag@234.11 frag@86.07 frag@186.99 frag@227.04 loss@287.12 loss@209.02 frag@230.11 frag@183.95 frag@195.95 frag@124.06 frag@208.05 frag@120.09 frag@210.15 loss@326.12,0.1658069342 0.07214537263 0.05261787027 0.03604339436 0.02584465966 0.02555391565 0.01885072328 0.01356375404 0.01340802107 0.0113256583 0.01114133652 0.009923504665 0.009835342877 0.009737003595 0.009358146228 0.009213053621 0.008507706225 0.00742766168 0.007020012476 0.006513630971
76,frag@53.04 loss@253.09 loss@261.08 frag@172.99 frag@81.03 loss@287.03 loss@254.04 frag@183.02 frag@186.99 loss@315.11 frag@108.06 loss@271.05 loss@387.15 frag@345.17 loss@409.09 frag@182.0 frag@150.09 loss@245.11 loss@168.04 loss@258.02,0.3828944564 0.2632659078 0.1694101989 0.06133004278 0.03176382557 0.02502773516 0.004344596062 0.003162826411 0.002640310442 0.002500160132 0.0022312894 0.002013874473 0.001819311059 0.001352283638 0.001186057576 0.0009780195542 0.0009728585137 0.0009464611067 0.0009381181444 0.0009338941309
77,loss@216.13 frag@220.11 loss@190.15 loss@245.15 loss@257.05 frag@184.02 frag@288.11 frag@210.13 frag@242.13 frag@191.15 frag@147.02 frag@337.15 frag@226.12 frag@264.16 frag@347.15 frag@162.0 frag@148.02 frag@112.03 frag@127.09 frag@105.03,0.1879113913 0.1590293795 0.1035797447 0.08839643002 0.08051688224 0.04484252259 0.04113914073 0.03851448372 0.03160823882 0.01433369238 0.01269042492 0.01214114577 0.01149140019 0.01115056779 0.01066748984 0.008377961814 0.008042667061 0.005822908133 0.005493264645 0.005272693932
78,loss@197.06 frag@98.01 frag@130.01 frag@192.11 frag@96.07 loss@183.04 loss@206.04 loss@169.04 loss@129.0 loss@192.02 frag@258.12 loss@261.16 loss@208.14 frag@151.1 frag@208.17 frag@160.13 loss@61.05 frag@287.13 frag@184.0 frag@54.03,0.1666429639 0.138604939 0.08739420027 0.0865797326 0.07320452482 0.06737133861 0.05237895623 0.04471851513 0.03972797841 0.02432407439 0.02267407067 0.01732511073 0.0172719229 0.01637381501 0.007128312718 0.005357470829 0.003574311268 0.003533923533 0.003314742586 0.003221677849
79,frag@65.04 frag@51.02 frag@90.03 loss@71.0 loss@98.01 loss@109.03 loss@112.03 loss@82.02 frag@63.02 loss@124.03 loss@27.01 loss@67.01 loss@125.02 loss@88.03 loss@100.03 frag@118.05 loss@74.01 loss@73.02 loss@113.02 loss@85.02,0.3024348319 0.04454269633 0.03680596501 0.03116427921 0.03077028878 0.02989517525 0.02501864359 0.02355503477 0.02082613111 0.01998293027 0.01942655817 0.01877643168 0.0186532829 0.01663715765 0.01655100286 0.01568388008 0.01470538788 0.01465086453 0.01405925211 0.01374781411
80,frag@173.55 loss@259.05 loss@208.99 frag@129.05 frag@71.05 frag@97.03 loss@473.29 frag@83.05 frag@73.03 frag@57.03 frag@85.03 frag@135.12 frag@109.1 frag@173.1 loss@805.41 loss@600.23 frag@69.0 frag@223.16 frag@250.11 frag@99.04,0.3772835433 0.3354321122 0.14682284 0.0499288477 0.01110336091 0.007618510164 0.006011337042 0.005740528461 0.004941881634 0.003661297029 0.003493441036 0.002391119255 0.00229034014 0.001900126343 0.001766052679 0.001629061648 0.001499311067 0.001491460367 0.001396642881 0.001293067588
81,frag@127.04 loss@282.1 frag@109.03 loss@327.12 loss@312.08 loss@326.12 frag@69.03 frag@113.06 frag@83.05 frag@97.06 frag@85.03 frag@97.03 frag@165.05 frag@287.05 frag@99.04 loss@304.12 frag@153.02 frag@163.06 frag@81.07 loss@744.25,0.2161033005 0.2114030421 0.1405787319 0.08812203258 0.08220678568 0.06230258197 0.02335093357 0.01770929247 0.01007733401 0.007951121777 0.005634905305 0.005231672898 0.005210401956 0.005069492385 0.004646029323 0.00456807809 0.004208849743 0.004070985597 0.00336770271 0.003046527039
82,frag@92.05 loss@230.07 frag@65.04 loss@231.08 loss@255.06 loss@211.09 loss@246.02 loss@322.03 loss@95.0 loss@189.02 frag@93.06 loss@235.1 loss@274.02 loss@245.02 loss@235.04 loss@235.11 loss@254.07 loss@211.04 loss@206.03 loss@258.07,0.4071840644 0.1270003468 0.05454888567 0.04861477762 0.04631401598 0.04390949011 0.02947341837 0.02393417805 0.01961582527 0.01885967702 0.01791353524 0.01682621613 0.01645833254 0.01195348706 0.009937213734 0.007581479382 0.006813996937 0.005288477521 0.004796587396 0.004612877034
83,loss@341.13 frag@278.08 loss@396.19 loss@322.01 loss@278.04 loss@228.17 frag@330.17 frag@208.05 frag@185.0 loss@226.16 frag@243.1 frag@66.01 loss@230.1 frag@210.97 frag@360.11 loss@350.11 loss@382.1 frag@201.12 frag@214.09 loss@266.99,0.05443766341 0.02805935591 0.02066404 0.01558943931 0.01054397784 0.009249412455 0.009162705392 0.006506477017 0.006079324987 0.006033586338 0.005712413229 0.005375714973 0.005277675577 0.004561113659 0.004525808617 0.004311771132 0.004310492892 0.003945147153 0.003862279234 0.003348043654
84,loss@56.06 loss@73.09 frag@205.05 frag@229.05 loss@74.07 frag@219.07 frag@243.07 frag@365.1 loss@69.06 frag@283.06 frag@261.11 loss@91.1 loss@84.09 frag@215.14 frag@367.12 frag@341.1 loss@60.06 frag@379.12 loss@101.08 frag@485.33,0.1832427084 0.08049499243 0.07798418403 0.07105648518 0.06330537051 0.06234565377 0.05636038631 0.03358084336 0.03153251484 0.0285687577 0.02320962772 0.02296409942 0.0226473473 0.01995486021 0.01151577383 0.01148510724 0.01108556055 0.01097935624 0.009725429118 0.008440174162
85,loss@142.07 frag@215.03 frag@197.1 frag@74.1 frag@209.1 frag@400.15 frag@115.06 frag@297.12 frag@437.15 frag@179.99 frag@292.12 frag@103.03 frag@172.92 frag@157.02 frag@237.16 frag@329.21 frag@218.08 frag@331.16 frag@190.01 frag@284.11,0.4976832271 0.251096487 0.2073318064 0.004226979334 0.001310345368 0.001030440792 0.0009951265529 0.0008880660171 0.0007908390835 0.0007157491054 0.0006722031976 0.0006606138777 0.0006357813836 0.0006326989969 0.0006058706786 0.0005027051666 0.00047971803 0.0004765734775 0.0004177364754 0.0004099971557
86,frag@238.11 frag@252.12 loss@115.09 loss@105.12 loss@197.18 loss@338.15 loss@225.88 loss@162.13 frag@341.14 frag@233.04 loss@306.06 frag@214.05 frag@320.14 loss@155.14 frag@302.18 loss@279.18 frag@235.98 frag@174.01 loss@284.04 frag@304.09,0.1296511441 0.1047188938 0.06795569509 0.04464504495 0.0228530094 0.02035541087 0.01646442339 0.01500633359 0.01277157851 0.01098480728 0.009231795557 0.008009280078 0.007587207481 0.007270817645 0.00725336466 0.006360119674 0.00511242589 0.004780530464 0.00421675574 0.003697579261
87,loss@276.18 frag@256.1 loss@271.12 loss@260.03 frag@126.1 loss@297.15 loss@280.15 loss@267.13 frag@101.01 loss@239.14 frag@132.03 frag@91.02 frag@133.09 loss@277.14 frag@188.13 loss@273.13 loss@251.15 loss@259.07 loss@285.14 frag@218.12,0.09386891127 0.05228297412 0.05095744133 0.03072972968 0.02912639827 0.02812012099 0.02398491278 0.01995504834 0.01689330302 0.01346504688 0.01322280522 0.01252649911 0.012183493 0.009822223336 0.008903965354 0.008174194954 0.007703311741 0.006807477679 0.006501814816 0.006487531587
88,loss@30.01 frag@242.08 frag@264.11 loss@58.07 loss@81.05 loss@44.05 frag@311.12 loss@32.05 frag@223.07 loss@255.98 frag@249.09 loss@47.04 frag@226.1 loss@116.07 frag@266.09 frag@222.1 frag@246.12 frag@293.08 loss@95.05 frag@231.09,0.2158516049 0.1323436052 0.1080459878 0.0654810071 0.0362055935 0.02644102834 0.02362899296 0.01955978572 0.01890894584 0.01483691111 0.01293129474 0.01126089878 0.01119564008 0.01011181716 0.006937662605 0.00682699075 0.006416741759 0.006054680794 0.005967992824 0.005379390903
89,frag@55.02 loss@248.1 frag@70.03 loss@212.13 frag@137.03 loss@291.08 loss@271.1 frag@136.07 loss@247.1 loss@211.08 loss@272.13 frag@114.05 loss@274.06 loss@219.06 loss@219.07 loss@264.18 loss@202.0 loss@198.1 frag@128.08 frag@141.05,0.224292025 0.1400018334 0.09750994295 0.05854557455 0.05848412961 0.03112506494 0.02515217848 0.01702283882 0.01318042539 0.01260084938 0.01133741811 0.01132240891 0.01090431493 0.008427713066 0.008246755227 0.00741234934 0.007361528929 0.006063345354 0.0053780335 0.004936436657
90,frag@91.05 loss@212.98 loss@297.09 loss@273.16 frag@202.12 frag@119.05 frag@109.06 frag@91.06 loss@301.14 loss@326.11 loss@257.07 loss@238.05 loss@263.04 loss@247.11 frag@121.06 loss@324.08 frag@116.06 loss@302.15 loss@303.13 loss@231.06,0.2538405657 0.1128153354 0.06020697951 0.05592022836 0.05521832034 0.03971260786 0.03487474844 0.03057873063 0.02812961489 0.02115726285 0.01683011837 0.01434420049 0.01298850123 0.01127821486 0.01070592832 0.01041944884 0.01014876179 0.009883184917 0.009459370747 0.00903163664
91,loss@103.06 loss@119.06 frag@134.03 frag@242.07 frag@163.07 frag@67.04 frag@220.07 frag@249.04 loss@117.03 loss@97.05 frag@222.06 loss@128.05 frag@130.05 loss@105.04 frag@220.03 frag@174.99 frag@122.05 frag@76.93 frag@190.07 loss@89.05,0.2510609925 0.1774931997 0.1170414537 0.08606079966 0.08408676833 0.0596171245 0.01263340283 0.01192199159 0.01183089893 0.0096712308 0.009493028745 0.008196321316 0.006573703606 0.005935519002 0.004949444439 0.004895071965 0.004656393081 0.004342152737 0.004020340741 0.003741425462
92,frag@91.05 loss@290.13 loss@256.09 loss@326.14 loss@257.07 frag@91.06 loss@295.12 loss@247.11 loss@296.12 loss@289.09 loss@254.12 loss@263.04 loss@225.1 loss@311.13 loss@213.03 loss@332.17 loss@298.12 loss@249.17 frag@121.06 loss@238.02,0.4630068839 0.08826373518 0.08383367211 0.07570058852 0.02085925639 0.01737315021 0.01684073918 0.01499741618 0.01187991817 0.01053444482 0.01028976683 0.008378311992 0.006992841605 0.006498927716 0.00622667186 0.005889269989 0.005719476379 0.00536926277 0.004812466446 0.004730438348
93,frag@220.14 frag@238.07 loss@184.99 frag@164.06 frag@225.04 frag@203.15 frag@327.11 loss@232.17 loss@239.02 loss@346.08 frag@222.04 frag@285.12 frag@319.17 loss@325.1 loss@153.1 frag@155.0 loss@185.97 loss@259.06 loss@218.0 loss@286.06,0.03972249478 0.03082356043 0.0276392363 0.02367838658 0.01857130975 0.01789796352 0.01610935852 0.01360058412 0.01268688682 0.01224353258 0.0121215526 0.01181836333 0.01168421749 0.01152061578 0.01061498933 0.01050376426 0.01042461861 0.01016297191 0.009842571802 0.00912415795
94,loss@68.03 frag@69.03 frag@273.09 frag@322.08 frag@173.54 frag@173.55 frag@97.03 frag@97.06 frag@87.04 frag@71.05 frag@127.04 frag@83.05 loss@229.0 frag@113.06 frag@85.03 frag@245.13 frag@99.04 frag@200.93 frag@287.06 frag@141.0,0.4917310476 0.3135749102 0.0227745492 0.02096099965 0.01769151352 0.01606683433 0.0138418423 0.007601808291 0.006382540334 0.006147606764 0.006127612665 0.005886643659 0.005732652731 0.005567762535 0.005435596686 0.005111996084 0.004898341838 0.004237184767 0.002700703219 0.002351265633
95,frag@59.99 loss@237.07 loss@212.05 frag@241.07 loss@177.97 frag@305.14 frag@197.05 frag@255.09 loss@234.16 frag@187.08 frag@101.04 frag@209.11 frag@258.17 frag@317.11 frag@194.09 loss@93.09 loss@187.03 frag@282.14 frag@336.19 frag@84.05,0.2708389759 0.2450101376 0.2123927623 0.1363103539 0.01305265352 0.006624512374 0.00560073927 0.004038726445 0.003872726578 0.003524659667 0.002846630523 0.00274427468 0.002327004215 0.002091370989 0.001802803949 0.001689659897 0.001660066308 0.001654647174 0.001646370976 0.001559194177
96,frag@97.06 loss@213.14 loss@202.13 loss@209.18 loss@163.14 loss@254.17 loss@199.13 loss@230.16 frag@113.06 loss@327.14 loss@212.19 loss@361.13 loss@280.18 loss@247.0 frag@43.02 loss@261.08 frag@67.05 loss@105.08 frag@127.04 loss@244.03,0.4469475746 0.1064881757 0.09779427946 0.04548276961 0.0337513499 0.02967064083 0.0237974152 0.0183261577 0.01362684742 0.01279471908 0.01066193078 0.009355034679 0.009075705893 0.008367042057 0.007359908894 0.006878728047 0.006697356701 0.004499034025 0.004491969012 0.003942244221
97,frag@190.06 loss@157.13 loss@204.16 frag@172.05 loss@226.15 loss@197.02 loss@325.02 loss@46.02 loss@192.96 loss@146.18 frag@342.03 loss@147.1 frag@275.12 loss@265.05 loss@182.04 loss@165.07 loss@345.12 loss@111.14 loss@403.12 loss@242.06,0.4016311467 0.103689231 0.08953286707 0.05201616138 0.04895625636 0.03090224788 0.02411804534 0.02223804593 0.02205095626 0.01404227689 0.01248590276 0.01145732123 0.01024259906 0.009320388548 0.003311309265 0.003115063068 0.003075663466 0.002410934074 0.002146786544 0.002010670025
98,loss@170.05 frag@129.04 loss@169.06 frag@216.1 frag@182.95 frag@128.05 frag@142.05 frag@134.06 frag@104.05 frag@130.03 frag@83.03 frag@255.06 frag@89.04 loss@134.06 frag@172.05 frag@121.01 frag@116.05 frag@147.06 loss@185.04 loss@106.98,0.2713039815 0.2346515507 0.1930825263 0.1084777191 0.02392124385 0.02299242094 0.01918166876 0.00789342355 0.007699432783 0.006546237506 0.006444581319 0.005234373268 0.005217612255 0.004217756446 0.003843804589 0.003418633016 0.003386912169 0.0028791402 0.002116521355 0.00159227394
99,loss@197.07 frag@230.07 frag@308.1 frag@183.1 frag@293.14 frag@142.05 frag@125.02 loss@330.12 frag@148.02 frag@172.96 loss@150.03 frag@297.15 loss@311.06 frag@143.12 frag@285.1 frag@309.11 frag@153.0 frag@178.07 frag@241.09 frag@219.11,0.4743227363 0.2751168609 0.09185218066 0.03594212234 0.02679298632 0.01464431733 0.005223190878 0.002626976464 0.002491520485 0.002359259408 0.002293512924 0.001934972708 0.001906884019 0.001691612764 0.001667840639 0.001519817743 0.001369958045 0.001367377467 0.00123267353 0.001215648837
100,loss@237.1 frag@114.0 loss@264.11 loss@280.07 frag@141.03 frag@178.09 frag@256.1 loss@261.14 loss@325.11 frag@146.08 frag@242.11 frag@110.05 frag@93.03 loss@237.11 frag@152.07 frag@103.02 frag@125.08 frag@228.11 frag@120.04 frag@66.05,0.2367329597 0.1564121395 0.07275616378 0.07075764984 0.06126694754 0.02287248708 0.01499435026 0.01461622491 0.01226023957 0.0121469181 0.01214508712 0.01139316242 0.008761521429 0.00832951162 0.008126926608 0.007462923415 0.007155768573 0.007086289115 0.006921481341 0.006104307715
101,frag@173.54 loss@340.1 loss@77.98 loss@108.09 loss@303.19 loss@167.08 loss@339.07 loss@126.07 loss@258.18 loss@242.07 loss@306.07 frag@246.11 loss@264.17 loss@327.13 frag@370.17 loss@275.01 loss@168.19 loss@298.17 loss@354.12 loss@239.17,0.4506616592 0.14409253 0.05878066272 0.04413919896 0.01638445258 0.0125743337 0.01249552052 0.008718795143 0.008045969531 0.008035685867 0.007939749397 0.007934659719 0.006853309926 0.006190421991 0.005353469867 0.005313290283 0.005004153121 0.004437333439 0.004327178933 0.004280776717
102,frag@58.06 frag@72.08 loss@142.11 frag@112.11 frag@100.08 frag@86.1 frag@58.07 loss@155.11 frag@100.11 loss@316.15 loss@270.1 loss@157.15 loss@185.15 loss@267.06 loss@297.04 loss@304.13 loss@270.07 frag@101.11 loss@234.05 loss@300.16,0.102040112 0.09592109174 0.0594756119 0.05777788535 0.0511062257 0.04957099631 0.04064856097 0.02702105418 0.02403928153 0.02314073965 0.02263434604 0.0182836391 0.01722804084 0.01563860103 0.01508842688 0.01438036561 0.01405066252 0.01280125417 0.01227668207 0.01224647742
103,frag@131.06 frag@145.08 frag@132.07 frag@161.07 loss@176.06 loss@217.12 loss@160.06 loss@189.09 loss@187.07 loss@189.05 frag@146.08 loss@132.07 loss@197.05 frag@133.08 frag@147.09 loss@185.04 loss@308.07 loss@194.01 loss@177.09 loss@188.01,0.1594747752 0.123726204 0.07198751718 0.07071428746 0.07070342451 0.06084980443 0.05971578509 0.05838088691 0.04952369258 0.03663570806 0.02840396203 0.02535566688 0.01967539266 0.01923881471 0.01211023144 0.01099263038 0.009377563372 0.009008772671 0.006712473463 0.006037680898
104,loss@256.11 loss@272.11 loss@285.12 frag@177.08 frag@120.07 loss@274.11 loss@250.08 frag@159.05 frag@162.09 frag@216.09 loss@264.11 loss@215.09 frag@118.07 frag@257.13 frag@132.06 loss@221.08 frag@138.06 frag@128.09 loss@237.11 frag@171.05,0.0626469329 0.06165222079 0.05778873339 0.05505197123 0.04091708362 0.02640729584 0.01889340393 0.01778012142 0.0162128564 0.01441878919 0.01270235982 0.01220318768 0.01200880669 0.01039003115 0.01012582425 0.008965011686 0.008304592222 0.008179920726 0.008156526834 0.007528555579
105,loss@92.06 loss@83.06 frag@126.02 frag@263.09 frag@325.13 frag@75.02 frag@326.14 frag@252.06 frag@239.02 frag@78.49 frag@378.1 frag@233.12 frag@91.04 frag@161.02 frag@274.06 frag@348.99 frag@88.0 frag@171.98 frag@366.16 frag@171.12,0.3982201219 0.07565481216 0.06322018057 0.03604452312 0.03361263871 0.01963931322 0.01711540855 0.009363589808 0.008052573539 0.008015667088 0.006572106853 0.005461119115 0.00505340239 0.004695081152 0.004667459987 0.003982577939 0.003509176895 0.003317849711 0.002944314154 0.002894553589
106,loss@228.1 frag@116.06 frag@144.96 frag@145.07 loss@204.1 loss@182.04 frag@121.01 loss@313.07 loss@277.16 frag@243.08 loss@186.06 loss@171.96 loss@209.09 frag@103.05 loss@124.0 loss@230.09 frag@117.07 loss@279.11 loss@221.05 frag@135.08,0.4629679918 0.3838201761 0.07350570709 0.0251328852 0.003934407607 0.00164198468 0.001588274492 0.001316403039 0.001241311198 0.001240448561 0.001236443408 0.001144734444 0.001060912618 0.001019155257 0.0009937642608 0.0009874204407 0.0009419175913 0.0009380386909 0.000865771086 0.0008328040713
107,frag@187.07 loss@119.03 loss@76.04 loss@99.0 loss@143.08 loss@145.1 frag@216.09 frag@227.13 loss@329.14 frag@192.12 loss@135.06 loss@212.11 loss@174.04 loss@321.15 loss@272.11 loss@310.11 loss@83.04 loss@225.97 frag@165.06 frag@156.05,0.3227719367 0.06811611354 0.06043737754 0.05811751261 0.04761610553 0.02675705031 0.02104546688 0.01558823045 0.01297461055 0.01226623263 0.006601419766 0.006553721614 0.005210561678 0.005081400741 0.004829434678 0.003666115925 0.003652896034 0.003578735981 0.003572619753 0.0035510296
108,loss@248.1 frag@158.07 loss@255.11 frag@126.06 loss@188.12 frag@172.09 frag@151.05 loss@265.12 loss@202.1 loss@171.13 frag@215.09 frag@186.07 frag@258.12 frag@186.06 loss@158.08 loss@115.11 frag@231.11 frag@186.1 loss@176.09 frag@144.07,0.2252243757 0.1971790493 0.09264431894 0.0725871101 0.04222250357 0.03719115257 0.02449272014 0.02028380707 0.009767601267 0.009543992579 0.009241565131 0.008470126428 0.008246596903 0.008200928569 0.00670371158 0.006548020989 0.005337941926 0.005188133568 0.004637820646 0.004549662583
109,frag@41.04 frag@68.01 loss@88.02 loss@114.03 loss@102.03 loss@63.03 frag@54.03 loss@117.04 loss@105.04 frag@53.0 loss@113.01 loss@101.02 loss@64.02 loss@128.05 frag@42.03 loss@92.01 loss@127.03 loss@113.02 frag@58.99 loss@259.0,0.2141219527 0.1135723442 0.08077237755 0.05562697351 0.0495945178 0.0393134281 0.03815937415 0.03440941125 0.0325717777 0.02912662365 0.02893553674 0.02765119448 0.02658207901 0.02470490523 0.0219103042 0.01504971739 0.01245626342 0.01181415655 0.006492703222 0.005420858972
110,loss@159.11 frag@266.13 frag@239.13 loss@171.14 loss@140.09 frag@265.13 frag@259.11 loss@78.98 frag@282.16 frag@283.11 frag@282.07 frag@251.1 frag@100.05 frag@330.15 frag@314.1 frag@224.09 frag@192.15 frag@117.0 frag@284.1 loss@269.04,0.2742576599 0.150621891 0.1080660224 0.02135369927 0.01311790943 0.008305008523 0.006857871544 0.006715446711 0.005025486462 0.004616992082 0.003745310009 0.003439818043 0.00339729269 0.003084547818 0.002614263911 0.002280325396 0.002274185885 0.002254532883 0.00215703412 0.001934170257
111,frag@213.13 loss@223.98 loss@161.98 frag@100.05 frag@272.15 frag@285.14 frag@234.05 frag@231.08 frag@102.07 frag@302.15 frag@294.09 loss@103.02 loss@170.96 frag@295.16 loss@32.06 frag@330.02 frag@59.93 frag@174.08 frag@259.99 loss@135.99,0.02124690637 0.0143017387 0.01249291282 0.01197393984 0.01048791222 0.006512427703 0.006173138972 0.00501184864 0.004974524956 0.004144069739 0.003762510605 0.003536891658 0.003152954625 0.00302775763 0.00291000586 0.002880335785 0.002864983398 0.002824361203 0.002667729277 0.002567801625
112,frag@146.1 frag@174.09 loss@263.07 loss@251.1 loss@275.05 frag@145.09 loss@242.01 loss@279.15 loss@258.17 loss@182.02 loss@226.12 loss@264.11 loss@267.11 loss@308.99 loss@309.05 loss@217.98 loss@266.07 frag@356.18 loss@147.11 loss@319.06,0.290151 0.1455038488 0.1141230464 0.09998305142 0.05961311236 0.03899360821 0.03596589714 0.03073001094 0.01555630378 0.008689300157 0.006658830214 0.006562650669 0.006305897143 0.005855631083 0.005440643989 0.004227716476 0.003762253327 0.003383114235 0.003059399314 0.00274642976
113,frag@143.06 frag@171.06 frag@186.07 loss@159.08 loss@147.08 loss@155.05 loss@145.05 loss@135.1 loss@269.06 loss@296.05 loss@157.06 loss@172.06 loss@177.09 loss@216.08 loss@132.07 loss@160.07 loss@189.09 loss@126.02 loss@139.11 frag@158.07,0.1895660013 0.1800408065 0.1246518791 0.1063976288 0.07858411223 0.07291591913 0.05901696533 0.05812238529 0.03268782794 0.02584148571 0.0144589087 0.006707205437 0.004614246078 0.002323288471 0.002281696303 0.002171894535 0.001211509807 0.001175169833 0.001012934023 0.0009348753374
114,loss@156.09 loss@128.1 frag@237.04 frag@119.02 frag@227.11 frag@191.09 frag@297.12 frag@255.1 frag@157.09 frag@142.95 frag@224.97 frag@210.05 frag@74.01 frag@219.09 frag@182.04 frag@349.13 frag@155.0 frag@241.06 frag@215.11 frag@169.98,0.3064947426 0.163958624 0.07985890657 0.07663611323 0.0589591153 0.03996155038 0.03245849907 0.01645010896 0.0157493446 0.01469859295 0.008764283732 0.008234861307 0.007331777364 0.006571323611 0.004217571579 0.004068830051 0.003948499914 0.003594067181 0.003089283593 0.002766048536
115,loss@240.09 frag@95.05 loss@278.1 frag@77.04 frag@228.99 frag@105.03 frag@79.05 frag@111.04 loss@243.15 frag@109.06 frag@125.06 loss@302.15 loss@223.08 frag@107.05 frag@91.06 frag@91.05 frag@253.13 frag@220.06 loss@317.09 frag@106.04,0.3902433813 0.38786304 0.0955812782 0.03561701626 0.02854106762 0.02058584616 0.005546674598 0.005013402551 0.001717957668 0.001667441567 0.001391728176 0.001138248015 0.001079566428 0.0009418215486 0.0008633973775 0.0008137458353 0.0007889863336 0.0007614014321 0.0006843202864 0.0006076051504
116,loss@134.04 loss@165.05 frag@277.11 frag@239.12 frag@291.15 frag@157.06 frag@89.04 frag@180.08 frag@159.08 frag@188.07 frag@335.17 frag@326.13 frag@148.05 frag@107.01 frag@167.03 frag@190.06 frag@344.11 frag@131.05 frag@103.05 frag@287.1,0.2472544611 0.2339320183 0.1643253118 0.05076172575 0.02583308332 0.02075804025 0.01195778791 0.009567580186 0.008903247304 0.007731013 0.007664568722 0.006095488556 0.004690326285 0.004196685739 0.003892598441 0.003880026983 0.003802669467 0.003592321184 0.003242106177 0.003027323401
117,frag@67.05 loss@233.11 loss@276.15 frag@43.02 loss@264.12 loss@252.11 loss@241.14 loss@281.13 loss@293.15 loss@288.13 loss@266.14 frag@57.03 loss@302.13 frag@79.05 loss@238.1 loss@265.14 loss@223.09 frag@81.07 loss@223.12 loss@284.08,0.3862034678 0.05591253191 0.04264999181 0.03453073651 0.03042075224 0.02606733888 0.02038132399 0.01967555285 0.01671451516 0.01530449651 0.01409082767 0.01283706166 0.01166906953 0.01149266772 0.00980569981 0.009301840328 0.008696852252 0.008378822356 0.007986778393 0.007739412598
118,frag@70.06 loss@271.13 loss@293.12 frag@114.09 frag@72.08 loss@275.1 loss@304.07 loss@283.14 loss@266.12 frag@116.07 frag@98.08 frag@100.08 loss@282.15 frag@156.14 frag@85.08 frag@171.15 frag@115.09 loss@249.1 loss@249.15 frag@44.05,0.2245961279 0.1672827005 0.1053765714 0.08546311408 0.0553207621 0.05292798579 0.04475827143 0.02684870176 0.02318395302 0.01416355278 0.0132109262 0.01286596525 0.008824544027 0.008082919754 0.008082018234 0.006145121995 0.005103821866 0.004641506355 0.004467977677 0.004371921066
119,loss@166.08 frag@266.12 loss@298.15 loss@359.11 frag@203.11 frag@170.09 frag@173.99 frag@293.04 frag@306.14 loss@150.13 frag@320.99 loss@356.09 loss@245.17 frag@272.08 loss@301.19 frag@172.98 frag@234.95 loss@352.15 frag@224.1 frag@210.98,0.02073360234 0.01726707071 0.01447822526 0.01432585251 0.01390688401 0.0137765957 0.009686742909 0.009070463479 0.008846921846 0.007154702209 0.007004032843 0.006824500393 0.006553588435 0.00578088779 0.005683179945 0.005682466552 0.005629294086 0.005184324924 0.004895986058 0.004769816995
120,frag@171.97 frag@173.96 frag@181.96 loss@203.95 frag@285.07 loss@171.15 loss@109.01 loss@228.99 loss@263.01 frag@162.02 loss@406.06 loss@80.96 frag@254.08 frag@40.02 loss@164.01 loss@277.02 loss@256.01 loss@146.02 loss@127.14 loss@106.0,0.1248560697 0.08026807755 0.07117056102 0.02029184438 0.01857055537 0.008750465699 0.007465991657 0.006360413041 0.005950381048 0.005678534508 0.005317766219 0.005069401581 0.004111114889 0.003933038563 0.003929381724 0.003748637857 0.003690925194 0.002990787383 0.002816444496 0.002804575954
121,frag@209.11 loss@88.99 frag@153.98 frag@313.12 frag@315.12 loss@322.01 loss@242.95 frag@222.08 loss@196.96 frag@282.11 frag@330.17 frag@237.99 frag@210.98 frag@223.12 frag@221.02 frag@289.08 loss@351.06 frag@232.06 frag@169.03 frag@178.02,0.136613667 0.0797720775 0.03504870459 0.01209686697 0.01073430199 0.009937793948 0.009709130973 0.006629332434 0.005971157458 0.005567299668 0.005011136178 0.004678069614 0.004562347662 0.004468824714 0.004192670807 0.004058258142 0.003874513088 0.003569023218 0.003323045792 0.00306692929
122,frag@134.06 loss@222.1 loss@215.06 loss@193.1 loss@232.05 loss@203.1 loss@193.08 loss@234.07 loss@215.14 loss@162.06 loss@229.07 loss@176.02 frag@199.12 loss@226.11 loss@228.06 frag@144.04 loss@183.08 loss@217.06 frag@106.06 loss@242.08,0.4779085815 0.1007747799 0.06204564497 0.05084546283 0.03775142506 0.03389241546 0.03000531718 0.02868412994 0.02849175781 0.0275321696 0.02647207491 0.01115570311 0.006599340588 0.004579321947 0.003476018319 0.003461111337 0.003038245486 0.002886781702 0.00272094598 0.002547192154
123,loss@260.07 frag@116.02 frag@179.08 frag@182.09 frag@115.02 frag@239.1 frag@183.02 loss@312.07 frag@245.09 loss@200.0 loss@318.07 loss@300.14 frag@259.05 frag@274.12 loss@274.06 frag@196.14 loss@294.12 loss@199.13 frag@185.04 loss@215.03,0.1815535277 0.07833557576 0.0761930272 0.058384303 0.03045319766 0.02586805262 0.01986065879 0.01737663336 0.01569433138 0.0096478872 0.009288950823 0.008261173032 0.008230376989 0.008149507456 0.007335667033 0.006811779458 0.006579845678 0.006525983103 0.006496034097 0.005886660889
124,frag@79.05 loss@292.1 loss@274.17 loss@225.14 loss@324.15 loss@244.12 frag@125.06 loss@268.1 loss@265.17 loss@309.11 loss@266.14 loss@233.11 loss@284.15 loss@349.11 loss@310.12 loss@198.14 loss@307.1 loss@245.11 loss@293.15 frag@135.08,0.4518063366 0.04580511898 0.0457973443 0.01904356666 0.01820372604 0.01809244044 0.01351900399 0.01279883739 0.01251578424 0.01242632326 0.01226738747 0.007579849567 0.007230728865 0.006971785333 0.006614756305 0.006516154855 0.006185106002 0.006121968385 0.005495054647 0.005220193416
125,frag@177.13 frag@320.14 loss@115.09 frag@269.11 frag@266.12 frag@235.98 loss@100.11 frag@192.09 frag@253.12 loss@342.19 frag@263.13 frag@314.22 frag@437.34 frag@273.16 frag@345.13 frag@375.12 loss@158.13 loss@214.16 frag@272.11 frag@313.15,0.0772285834 0.05500791594 0.01660230011 0.01392113045 0.009817800485 0.007306205574 0.006041821558 0.004605541006 0.004235780332 0.003277334152 0.003192484146 0.003086422104 0.003085303819 0.003002644284 0.00291938032 0.002673884388 0.002594202058 0.002580419183 0.002464651363 0.002405102132
126,frag@219.03 loss@309.12 loss@295.14 loss@344.11 loss@318.15 frag@248.11 frag@352.18 loss@270.09 frag@259.06 frag@286.12 loss@303.14 loss@250.07 loss@323.16 frag@187.04 frag@273.03 frag@300.06 frag@366.16 frag@193.05 frag@173.06 frag@307.06,0.3958812058 0.2253104746 0.1387736201 0.06678833067 0.01029565558 0.008478001691 0.005745262839 0.004050142132 0.003665040247 0.003609626787 0.003230145201 0.002385096624 0.002358989324 0.002147165127 0.002046907786 0.001928184414 0.001902663964 0.001871102024 0.001801454229 0.001722893678
127,frag@150.04 loss@251.07 loss@228.01 loss@164.01 loss@330.07 loss@340.05 loss@267.98 loss@105.02 loss@281.07 loss@281.05 loss@245.0 loss@114.02 loss@258.17 loss@319.98 frag@185.04 loss@147.0 loss@231.04 loss@119.11 loss@78.01 loss@265.07,0.4906300306 0.2516074777 0.07509143651 0.0699031353 0.0243634209 0.009566965513 0.006005473435 0.004001648631 0.002657813719 0.002199109644 0.002152102301 0.002016991144 0.001850743196 0.001628237893 0.001568194013 0.001457241247 0.001382489689 0.001304742415 0.001020171796 0.0009498414584
128,loss@151.07 frag@164.12 loss@123.08 frag@196.06 frag@152.08 frag@328.18 frag@108.07 frag@136.09 frag@433.19 frag@109.08 frag@235.16 frag@172.07 frag@98.07 frag@134.07 frag@185.09 frag@142.1 frag@157.02 frag@125.07 frag@107.06 frag@190.13,0.2562920749 0.2486342043 0.215849191 0.0786973387 0.01998530328 0.01945205592 0.01770091616 0.01701564714 0.01112263743 0.01107950695 0.006613900885 0.003519151127 0.003502153326 0.003178557614 0.003038272727 0.002641288564 0.001942805713 0.001800333266 0.001743731787 0.001534421113
129,loss@215.09 frag@142.06 frag@144.08 frag@118.07 frag@132.08 frag@142.07 frag@160.08 frag@132.04 frag@117.06 frag@118.06 frag@143.07 loss@231.09 loss@301.12 loss@234.07 loss@131.07 loss@240.13 loss@244.05 loss@287.1 loss@253.06 loss@262.06,0.0941799134 0.05657634512 0.05279609188 0.05015786365 0.04080353305 0.03447628021 0.02557238564 0.02108095773 0.01617724262 0.01521564554 0.01415813528 0.0136265019 0.01353530958 0.0115254214 0.01123496797 0.01097104792 0.01079543773 0.009545565583 0.009305503219 0.009192022495
130,loss@191.07 frag@130.03 frag@130.04 loss@267.02 frag@272.12 loss@179.08 loss@177.11 loss@195.04 loss@234.16 loss@176.08 loss@165.0 loss@217.03 loss@216.08 loss@171.05 loss@163.11 loss@184.15 loss@202.09 loss@177.06 loss@185.04 loss@186.07,0.3316363692 0.2803966999 0.1814844012 0.04998263344 0.0315282084 0.01675975136 0.01429281197 0.005717547145 0.004688902292 0.004252994433 0.003673506435 0.00322219613 0.003181775101 0.002887933748 0.002126952633 0.002061707899 0.002014274942 0.00191998831 0.001701187226 0.001661825227
131,loss@197.14 frag@128.07 frag@97.1 frag@102.09 loss@146.11 loss@211.16 loss@246.12 frag@83.09 frag@55.05 loss@317.15 loss@283.03 frag@162.13 frag@60.04 frag@71.09 frag@43.05 frag@155.15 loss@261.18 frag@259.15 loss@240.16 frag@183.15,0.05609364435 0.05056453496 0.04954323173 0.04650633037 0.04389926791 0.0335489437 0.02477946877 0.02421004884 0.02344058082 0.02334935032 0.02316547744 0.02227647416 0.01866295561 0.0162420515 0.01464391779 0.01433402486 0.01411315426 0.01368062105 0.01173221692 0.01003477257
132,loss@87.07 loss@127.1 loss@113.08 loss@101.08 loss@115.1 loss@85.09 frag@211.09 frag@216.11 frag@354.13 frag@248.09 frag@243.11 frag@231.0 frag@198.04 loss@144.13 frag@236.07 frag@247.09 frag@237.1 frag@219.08 loss@59.07 frag@86.1,0.07914663851 0.06372372806 0.05506903306 0.0526615195 0.05078424886 0.04154197127 0.04025421664 0.03197078034 0.02799321339 0.02509084903 0.02266596258 0.02135700732 0.01877029054 0.01638159528 0.01499601081 0.01499160565 0.01277651731 0.01202694699 0.01187739149 0.01121287048
133,frag@180.04 loss@277.09 frag@141.04 loss@234.11 loss@293.06 frag@257.13 frag@195.99 loss@204.06 frag@180.05 frag@228.03 loss@240.06 loss@263.09 loss@77.98 loss@223.08 frag@367.21 loss@235.1 frag@385.13 loss@229.07 loss@228.06 frag@195.05,0.2733225226 0.1457563937 0.03236414865 0.01438819151 0.01322079822 0.01310283784 0.01174025703 0.009781744331 0.009579760954 0.009499184787 0.009388468228 0.009356013499 0.008471661247 0.007759419736 0.006519877352 0.005953746848 0.005928382277 0.005424919538 0.005011372734 0.004636505153
134,loss@74.05 frag@239.09 frag@240.07 frag@222.99 frag@62.01 frag@153.96 loss@102.08 loss@61.09 loss@101.07 frag@259.1 frag@322.11 loss@50.05 loss@76.06 frag@307.11 loss@101.06 loss@76.0 frag@211.06 loss@265.01 frag@235.11 frag@268.12,0.1484250128 0.08705515414 0.0809493959 0.02849156596 0.02491528168 0.01354987454 0.01269185077 0.007417012006 0.006554060616 0.005727067124 0.005321480799 0.004835399333 0.004561512265 0.00386043964 0.003820857266 0.003569741035 0.003306937637 0.003276997479 0.003189879935 0.003158350242
135,loss@185.98 frag@211.07 frag@275.11 frag@289.11 frag@158.96 loss@145.01 frag@283.08 frag@256.04 loss@231.98 loss@190.98 loss@287.02 loss@160.98 loss@126.05 frag@262.13 frag@188.98 frag@336.19 loss@93.09 loss@145.95 loss@191.96 frag@202.93,0.1059751734 0.05820637569 0.05721364915 0.04803668335 0.04054966569 0.03298939019 0.02339103445 0.02162380703 0.01924397051 0.01665299945 0.01454852987 0.0141165806 0.01330258045 0.01187760476 0.01054422092 0.01045245118 0.0102114426 0.009734733962 0.009129529819 0.00897903461
136,frag@95.02 loss@169.07 frag@113.03 loss@213.02 loss@184.98 loss@213.99 loss@183.99 loss@212.02 loss@231.03 loss@274.2 loss@195.0 loss@247.14 loss@182.13 loss@181.11 loss@187.99 loss@229.03 loss@185.07 loss@175.04 loss@396.29 loss@159.06,0.3170251548 0.295548588 0.180284068 0.06776296347 0.01987962984 0.01271796506 0.00910448283 0.008189632557 0.005986887962 0.005203036126 0.005022059195 0.004802664742 0.003177469131 0.001878610346 0.001838637749 0.001765407156 0.001317635528 0.001186380396 0.001065875986 0.001028425992
137,frag@160.02 frag@157.03 loss@154.06 loss@79.99 frag@267.09 frag@139.02 loss@219.0 frag@173.02 loss@321.11 frag@238.08 frag@111.03 frag@445.14 loss@269.1 loss@198.99 frag@224.14 loss@98.0 loss@315.11 loss@170.04 loss@199.13 loss@196.11,0.1453592777 0.1088936701 0.04994523898 0.02948261984 0.02476612851 0.01952253655 0.01717820764 0.01327149384 0.01201016642 0.0106787635 0.01033906452 0.008583696559 0.008572823368 0.007520580664 0.006607447285 0.006456977222 0.006005188916 0.005981537048 0.005817725789 0.00580821326
138,frag@247.11 frag@207.12 loss@338.1 loss@125.09 frag@268.11 loss@177.13 frag@329.19 loss@159.14 loss@234.03 loss@159.15 loss@215.99 loss@132.01 frag@156.06 loss@340.14 loss@64.05 frag@251.13 frag@246.04 loss@255.18 loss@118.99 loss@100.12,0.2103509605 0.1744997054 0.105104804 0.03889015317 0.01048829965 0.009063128382 0.008022982627 0.004780726973 0.004579118453 0.003932203632 0.003808907699 0.003449673299 0.003444924019 0.002865716815 0.00240453775 0.002145693172 0.002075201599 0.001948011806 0.001859149779 0.00173961767
139,frag@192.08 loss@20.01 loss@95.07 frag@139.0 loss@40.01 loss@107.02 frag@233.05 loss@170.0 frag@211.03 loss@123.02 frag@150.01 frag@207.03 frag@139.01 frag@150.02 frag@129.01 frag@78.49 frag@256.04 loss@206.18 frag@271.14 frag@184.05,0.186846748 0.1403278559 0.09538504481 0.07670559734 0.07521932572 0.0615497455 0.05746243522 0.04404222965 0.03876307234 0.03719846904 0.02378677018 0.006582596339 0.005176736508 0.004994920921 0.004720660858 0.004487797618 0.004313506652 0.004248187877 0.002810741775 0.002341742162
140,frag@139.12 loss@327.09 loss@297.13 frag@336.13 loss@377.15 frag@225.13 frag@365.08 frag@303.11 loss@352.15 frag@226.16 frag@182.12 loss@63.02 frag@335.14 frag@218.96 frag@234.99 loss@223.96 frag@233.02 frag@134.98 frag@368.12 frag@184.12,0.0748013556 0.03041097894 0.02260210738 0.0140645206 0.01142270863 0.01046109665 0.007494169287 0.006029446144 0.005924474914 0.005634390749 0.004727676511 0.004647947848 0.004628662951 0.004468704108 0.00421663234 0.004105258733 0.003967912402 0.003389775287 0.00337786763 0.003347383346
141,frag@183.06 loss@175.97 loss@305.11 frag@87.07 loss@243.03 frag@231.06 loss@271.17 loss@234.19 loss@258.08 frag@220.13 loss@271.04 loss@218.13 frag@179.12 loss@170.13 loss@155.08 loss@315.19 loss@282.17 loss@259.02 loss@257.0 loss@317.14,0.3193886578 0.05905625969 0.05693495646 0.04305710271 0.02644241601 0.01433012355 0.01363498252 0.01308801025 0.01058741659 0.009611774236 0.008005585521 0.007493289188 0.007323418744 0.006890874822 0.006829403341 0.006677763071 0.00648659002 0.006124558393 0.006106734741 0.005911415443
142,frag@201.1 loss@270.12 loss@303.1 loss@252.13 loss@268.13 frag@242.11 loss@259.07 frag@156.14 loss@304.07 frag@196.11 loss@316.11 loss@283.15 loss@204.03 loss@271.08 loss@278.15 loss@216.16 loss@328.13 loss@181.05 loss@171.1 loss@266.12,0.4442591667 0.1656619012 0.1005867869 0.07408766448 0.03589680418 0.01728591323 0.008752321824 0.00666712923 0.005443262868 0.004995054565 0.00493938243 0.004451058805 0.0028605361 0.00274193543 0.002636438236 0.002601864049 0.002416509436 0.00198948849 0.001974043902 0.001925283228
143,loss@264.14 loss@307.18 loss@347.15 frag@315.06 frag@336.21 loss@299.16 frag@349.15 loss@354.13 frag@337.13 frag@198.13 frag@237.14 frag@69.99 loss@383.16 frag@212.13 loss@277.17 frag@102.13 loss@352.14 loss@251.14 frag@99.98 loss@363.13,0.02609898336 0.02153122053 0.01698623784 0.00989989657 0.009492459707 0.009189922363 0.008603327908 0.008227884769 0.007109063212 0.006075127982 0.006044163834 0.005295647774 0.005100631155 0.005058783572 0.004877659958 0.004690967966 0.004442905076 0.004336881917 0.004164235666 0.003994286992
144,frag@96.04 loss@136.06 frag@78.03 frag@106.03 loss@108.07 loss@137.05 frag@79.04 loss@152.06 loss@134.05 loss@187.02 loss@182.03 frag@124.04 loss@80.03 loss@224.03 frag@80.05 loss@251.18 loss@93.04 loss@162.08 loss@228.94 loss@153.98,0.2238256186 0.1212698221 0.1049726084 0.0713147223 0.071278207 0.06074299663 0.05816842243 0.04465413466 0.04113543406 0.01566252299 0.0156293381 0.01228832174 0.009878606535 0.008316018619 0.006883020978 0.006032822654 0.005865195766 0.005575300194 0.004873680882 0.003798487363
145,frag@107.06 frag@80.05 loss@187.04 loss@201.07 loss@258.07 loss@90.06 loss@117.07 loss@119.02 loss@230.98 loss@232.01 loss@212.06 loss@277.96 frag@109.08 frag@66.03 loss@127.03 loss@134.05 loss@164.06 loss@155.0 loss@183.0 loss@211.09,0.364667803 0.09452968836 0.07947458327 0.05036971718 0.04816361144 0.04290514439 0.0336419642 0.02752058581 0.02511428483 0.01842984557 0.01400192734 0.01211779658 0.01111810748 0.01072420459 0.008947484195 0.008794060908 0.008125625551 0.00718764076 0.006146062631 0.006100595463
146,frag@269.04 loss@298.08 frag@284.05 loss@234.05 frag@140.01 loss@60.08 loss@265.07 loss@242.04 loss@115.12 frag@182.09 frag@163.0 loss@291.15 frag@147.02 loss@244.06 loss@277.04 frag@298.13 frag@122.04 frag@99.09 frag@150.06 loss@222.08,0.1416045278 0.140538469 0.06407371163 0.0515162535 0.03824684396 0.02503118105 0.02258897945 0.01714739762 0.01527061127 0.01360191125 0.009997639805 0.008264466189 0.007832739502 0.007674306631 0.007104806136 0.00653805444 0.00651577767 0.006273761857 0.005966693163 0.005775390193
147,frag@252.11 frag@233.11 loss@361.14 frag@205.09 loss@177.13 loss@159.02 frag@228.12 loss@156.06 frag@182.06 loss@197.18 loss@56.05 loss@148.07 frag@206.09 loss@290.15 loss@342.17 frag@43.04 loss@341.12 frag@277.08 loss@345.11 loss@218.18,0.2140721828 0.08761875331 0.04025650024 0.02878699079 0.007907185704 0.007281502709 0.006902417634 0.005753894802 0.005631531589 0.003580297809 0.003198959399 0.00316623156 0.003156988183 0.003135859501 0.002971017268 0.00296117994 0.00295039406 0.002831811784 0.002709580353 0.002471622312
148,frag@53.04 loss@125.05 loss@138.04 loss@153.04 loss@139.04 loss@137.05 loss@55.01 loss@9.98 frag@54.03 loss@82.02 loss@162.06 loss@83.0 loss@114.03 frag@84.96 loss@254.04 frag@109.01 loss@271.05 loss@237.97 loss@121.05 loss@69.02,0.4918295741 0.1972499341 0.1370190978 0.07961262017 0.06169883162 0.00396218989 0.001664526411 0.001619639574 0.001529359841 0.001369638252 0.001334302127 0.001191424904 0.0009652788285 0.0007887356915 0.0007450401899 0.0006661122898 0.0006275220076 0.0006100776372 0.0005237309961 0.000480880437
149,frag@98.1 frag@114.09 loss@208.09 loss@223.13 loss@250.08 loss@247.13 frag@70.06 loss@223.06 loss@249.11 loss@247.09 loss@249.07 loss@264.16 loss@298.13 frag@44.05 loss@265.11 loss@233.06 loss@289.12 loss@265.14 loss@236.09 loss@264.15,0.3605002761 0.06148100272 0.03854658455 0.03780189157 0.03541979566 0.03433082998 0.02612067945 0.02302832715 0.02143755369 0.02121752128 0.01860694587 0.0183068756 0.01734143123 0.01546309702 0.01342738606 0.01222379226 0.01222323254 0.01211347617 0.01180257369 0.009925692342
150,frag@384.17 frag@314.12 frag@266.02 frag@342.13 loss@146.01 loss@161.04 frag@324.1 frag@53.03 frag@89.02 frag@359.14 frag@241.07 frag@287.08 loss@73.98 frag@367.15 frag@146.98 loss@170.99 frag@187.14 frag@247.97 frag@112.01 loss@270.01,0.01449743751 0.0118019674 0.007882646285 0.006970649119 0.005972033832 0.005742427427 0.005258120131 0.004755474161 0.003690577811 0.003218236379 0.002937321784 0.00245641591 0.002352640731 0.00227904832 0.002202883363 0.002146463841 0.002131998772 0.002076827222 0.001974237384 0.001921887975
151,frag@165.05 loss@252.1 loss@238.12 loss@208.11 loss@236.1 loss@299.05 loss@297.05 frag@150.03 loss@299.04 frag@122.04 loss@539.22 frag@155.07 loss@419.16 loss@208.02 loss@324.18 loss@353.16 loss@252.13 frag@151.04 loss@278.04 loss@312.14,0.4645712674 0.135625273 0.1073439941 0.09432012588 0.02424906753 0.02362633497 0.01249046065 0.01189809386 0.00980231259 0.008873132989 0.007336658891 0.005191764329 0.004234603141 0.003339891089 0.003272353671 0.00284467591 0.002474305918 0.002473192289 0.001860740245 0.001827336266
152,frag@197.06 loss@208.06 loss@296.04 loss@288.05 loss@180.06 loss@82.01 loss@213.08 loss@278.06 loss@117.06 loss@272.08 loss@171.11 loss@308.16 loss@210.12 loss@156.09 loss@114.05 loss@119.05 loss@169.09 loss@124.04 loss@274.12 loss@252.03,0.4934582114 0.2110783458 0.0771067813 0.06450818479 0.01789480262 0.006938836072 0.004422491416 0.00420564739 0.004007572774 0.003843782237 0.002996662399 0.002691344824 0.002529415768 0.002348993672 0.002109879628 0.002053699689 0.001888594823 0.001763066393 0.001712191966 0.001689387602
153,frag@227.08 loss@215.97 loss@276.05 loss@299.16 frag@295.09 loss@306.1 frag@198.13 loss@37.03 frag@258.14 frag@305.12 frag@174.12 frag@210.98 loss@354.16 loss@317.1 frag@196.97 loss@369.14 frag@68.03 frag@315.12 frag@210.06 frag@330.17,0.0331408456 0.03311707824 0.01412917115 0.01366265863 0.01342759188 0.00749567803 0.006518461276 0.006221832242 0.005870210938 0.005302449223 0.005142060574 0.005093886051 0.004772783257 0.004011588637 0.003751335433 0.003620772623 0.003528472269 0.003527183784 0.00343109807 0.003430456854
154,frag@147.09 loss@235.13 frag@161.11 loss@233.15 loss@237.11 frag@175.12 loss@265.09 frag@153.03 loss@250.14 loss@291.07 loss@286.14 frag@148.1 loss@190.11 loss@218.14 loss@241.01 frag@146.08 loss@316.12 loss@173.02 loss@237.1 loss@200.13,0.261515677 0.08643332124 0.07635825127 0.07635472715 0.06136514619 0.06056909636 0.0439982973 0.04330544546 0.04074387997 0.02303480916 0.01817108504 0.01607991569 0.01391098462 0.01079201885 0.008570406586 0.007497863844 0.007235806435 0.005209271796 0.004905329552 0.004684020765
155,frag@229.11 frag@206.03 loss@212.13 loss@240.01 loss@203.14 frag@300.17 frag@288.12 loss@164.12 loss@274.03 loss@271.17 loss@269.1 loss@302.06 frag@203.13 loss@241.17 frag@95.01 loss@133.1 loss@321.12 loss@275.04 loss@282.17 loss@312.07,0.1410714835 0.1376225948 0.05544786528 0.04554601386 0.04143130034 0.03930316493 0.03148702905 0.02781634592 0.02419493534 0.02030113339 0.01952981576 0.01934469119 0.0178419929 0.01685935631 0.01432010252 0.01370135788 0.01362747047 0.01215388253 0.007493117824 0.007416754495
156,frag@91.05 loss@169.09 loss@246.14 loss@236.13 loss@218.14 loss@243.1 loss@219.13 loss@218.07 loss@217.11 loss@247.08 loss@203.13 loss@247.11 loss@236.1 loss@221.14 loss@220.16 loss@225.1 loss@213.03 loss@298.12 frag@91.06 loss@231.13,0.4788800478 0.03310056031 0.03236142546 0.03096843511 0.02726176381 0.0264569968 0.02437267639 0.02389041893 0.02098564804 0.02043159679 0.01813352853 0.01672305167 0.0141170742 0.01363740209 0.01257655025 0.01216698624 0.009779991582 0.00939489156 0.008699733764 0.008534166031
157,frag@240.08 frag@222.08 loss@114.09 frag@229.14 loss@95.06 loss@243.17 frag@200.09 frag@284.1 loss@410.18 loss@45.03 loss@44.05 loss@292.95 loss@433.13 loss@95.05 loss@85.06 frag@257.08 frag@251.09 loss@106.0 loss@101.06 loss@152.12,0.1970445961 0.1760373563 0.07170491666 0.04718690366 0.04023094475 0.01642100327 0.008430040441 0.005681113806 0.004672270734 0.004329658113 0.004307705909 0.004293732345 0.003909278661 0.003531335155 0.00346955494 0.003074883949 0.002998070791 0.002915381687 0.002706218278 0.00236461428
158,frag@148.05 loss@188.07 loss@129.09 loss@267.03 frag@312.09 frag@147.09 frag@130.04 loss@196.04 frag@158.07 frag@186.07 loss@190.05 frag@212.08 frag@125.05 loss@45.02 loss@134.06 frag@189.08 frag@159.04 loss@292.06 frag@252.07 frag@213.07,0.4431344271 0.2377224267 0.2050808668 0.04096718878 0.03428252041 0.002912738826 0.00284278905 0.002262568567 0.001881597564 0.001231918228 0.001047574333 0.000934401527 0.0009218954365 0.0008029809687 0.0006622638321 0.0006216043839 0.0005385210388 0.0005380779621 0.0005023077829 0.0004903976806
159,frag@147.07 loss@147.07 loss@148.08 loss@175.07 loss@190.09 loss@163.07 frag@162.04 loss@168.07 loss@250.17 loss@164.11 loss@145.09 loss@223.06 frag@202.11 loss@302.14 loss@316.09 loss@275.16 loss@218.12 frag@141.08 frag@239.15 frag@288.11,0.4960629344 0.3297363818 0.1497389525 0.008954593912 0.003419493791 0.00120899477 0.0006582136266 0.0003928109072 0.0003867209598 0.0003070057428 0.0002634779376 0.000254931394 0.0002509958285 0.0002312217839 0.0002110971691 0.0001898133341 0.0001787844521 0.0001683572336 0.000160522628 0.0001464478701
160,frag@142.05 frag@114.03 loss@150.03 loss@122.04 loss@94.04 frag@225.05 loss@128.0 loss@138.03 loss@110.02 frag@241.05 loss@111.05 loss@58.01 frag@133.01 frag@271.07 loss@139.03 loss@91.01 loss@124.04 frag@223.04 loss@27.99 loss@100.01,0.1411493719 0.08615288138 0.06437347084 0.0641958639 0.06353406608 0.05513710901 0.0479246974 0.03582229465 0.03217723593 0.03130853176 0.0291271545 0.02780082822 0.02188818716 0.02003021911 0.01619359292 0.01531280391 0.01403211895 0.01388479862 0.01296554133 0.01257155929
161,frag@79.05 loss@231.11 frag@105.07 loss@233.11 loss@263.1 loss@219.11 loss@192.06 loss@223.12 frag@135.08 frag@118.08 loss@325.14 loss@240.15 loss@255.13 frag@147.08 loss@301.15 loss@219.16 loss@207.09 loss@230.02 loss@288.13 loss@254.13,0.2988953888 0.1623145491 0.1537566483 0.09401573241 0.07130491734 0.0203836225 0.01092376933 0.01074889489 0.009398699738 0.009303334169 0.007728904486 0.007296270225 0.007099208422 0.005378085189 0.004864537157 0.00449921051 0.004330257885 0.003729499876 0.003728247946 0.0036813349
162,frag@123.06 loss@208.08 loss@192.11 loss@181.04 frag@179.12 loss@213.05 loss@314.14 loss@272.1 loss@122.05 loss@190.07 loss@193.09 loss@255.08 loss@175.01 frag@93.04 loss@222.14 loss@179.06 frag@120.06 frag@120.04 loss@291.16 loss@217.13,0.4376812577 0.2515864968 0.09877764434 0.09247850627 0.0504347533 0.008177009411 0.004600419663 0.004396974109 0.00375798787 0.003745679511 0.002230408369 0.002097654156 0.002015726874 0.001796384109 0.001451969147 0.001134239952 0.001087268 0.001041595591 0.0009333332418 0.0009090550011
163,frag@148.11 loss@271.09 loss@247.16 frag@120.08 loss@275.15 loss@312.09 loss@306.12 loss@368.16 frag@121.09 loss@236.12 loss@213.15 loss@320.12 frag@118.08 loss@294.12 frag@134.1 loss@256.12 loss@303.09 loss@281.08 loss@237.17 frag@131.03,0.3617824912 0.07344136387 0.07263422012 0.06490647048 0.05177179724 0.03982844204 0.01659511216 0.01452238299 0.01196240727 0.01176289469 0.007224937435 0.007104139309 0.006876236293 0.006743610837 0.00566162914 0.005643882323 0.00514031807 0.004180384334 0.004114443436 0.003927104175
164,frag@85.08 loss@174.09 loss@201.14 frag@86.08 loss@202.1 loss@203.12 frag@130.1 loss@239.97 loss@188.12 frag@97.05 frag@55.03 loss@373.13 frag@154.99 frag@349.13 frag@103.03 frag@234.98 loss@243.16 frag@240.1 loss@200.03 loss@107.0,0.4382755458 0.3952723444 0.04010348767 0.02194629796 0.01999629848 0.01151124015 0.007027662825 0.003916479647 0.00358790555 0.002885877388 0.002647937043 0.00243569212 0.001703674672 0.0009722895338 0.0009464526083 0.0009431035141 0.0009322917322 0.0008976382087 0.0008509216132 0.0008260789327
165,frag@159.02 loss@170.03 loss@113.06 frag@84.96 loss@273.05 loss@198.0 loss@191.01 frag@256.96 frag@225.02 loss@171.04 loss@94.03 frag@128.09 loss@207.01 frag@156.05 loss@131.05 frag@166.13 frag@445.2 frag@147.1 frag@90.05 frag@41.03,0.2206569612 0.1325743198 0.09618449956 0.06827633083 0.03798593208 0.03593980893 0.03395503387 0.02362791449 0.0233459156 0.01488984004 0.01335411798 0.008211717941 0.006401097402 0.005203617271 0.005071746185 0.004679703619 0.004614235368 0.004499719013 0.004287720192 0.004281219561
166,frag@144.06 loss@204.06 loss@253.1 loss@234.11 loss@364.08 loss@220.05 loss@263.09 loss@336.05 loss@292.1 loss@221.08 loss@239.09 loss@222.13 loss@124.0 loss@232.05 loss@257.02 loss@257.13 loss@312.16 loss@166.02 loss@350.15 loss@180.06,0.4967571497 0.2131250799 0.1752888411 0.04443935305 0.01676962897 0.006023161113 0.005794290453 0.003203682136 0.002345153829 0.001777367317 0.001370382728 0.001031543594 0.0009126305813 0.0007878126344 0.0007462652866 0.0007079034112 0.0005881561665 0.0005192227545 0.0004528278951 0.0004256631073
167,frag@67.05 frag@81.07 loss@244.15 loss@293.03 loss@221.11 loss@269.05 loss@254.14 frag@43.02 loss@265.17 loss@185.11 loss@316.19 loss@306.07 loss@181.11 loss@258.18 frag@97.06 frag@99.08 loss@212.14 loss@305.19 loss@253.15 loss@300.2,0.2741690278 0.111318633 0.07314618677 0.04499140009 0.03273671865 0.02384931035 0.02290925011 0.02251014486 0.01290396694 0.01030686218 0.009552538395 0.009338741191 0.009245376103 0.008796627633 0.008539260365 0.008517901413 0.008346577175 0.007930707186 0.007631455082 0.007495535072
168,loss@15.02 loss@16.03 loss@44.03 loss@43.02 loss@58.04 loss@30.05 frag@300.06 frag@313.07 frag@270.05 frag@226.06 frag@237.05 frag@242.06 frag@269.08 frag@294.08 frag@254.06 frag@216.04 frag@316.06 frag@284.07 frag@301.14 frag@238.06,0.08343239129 0.08050241321 0.07814148813 0.06832679361 0.05149374157 0.05020183325 0.02925973199 0.0280153174 0.02581288107 0.02236056514 0.02099409141 0.01915351301 0.01431330014 0.01420548931 0.01402038801 0.01324549317 0.01228995807 0.01095639076 0.01085840352 0.01066959836
169,frag@217.09 loss@159.13 frag@233.08 frag@191.11 loss@252.15 loss@242.13 loss@271.08 frag@304.12 loss@192.15 frag@184.96 frag@269.13 loss@356.07 loss@252.02 loss@235.19 frag@138.08 frag@180.07 loss@272.02 frag@240.14 loss@288.07 frag@173.03,0.1635836512 0.1399751902 0.08919192106 0.07624901831 0.0716502741 0.07090337574 0.03810870275 0.03155526146 0.02903074957 0.01742856577 0.01519200113 0.01358376164 0.01290529873 0.01287208684 0.01144536585 0.01138616353 0.01067713741 0.01018503122 0.009299966507 0.009047582746
170,frag@138.99 frag@139.01 frag@158.98 frag@129.01 loss@170.06 loss@184.09 loss@147.1 loss@204.14 frag@70.04 frag@169.01 loss@244.04 loss@143.02 loss@325.15 loss@189.01 loss@308.13 loss@213.18 loss@290.15 loss@193.01 loss@241.16 loss@231.01,0.1369405389 0.1048590541 0.08419461548 0.06054636836 0.05921238288 0.05054874346 0.04706518725 0.0416588895 0.04084806889 0.03920146823 0.02122073993 0.01976089925 0.01879080012 0.01396806724 0.01339089032 0.01192904264 0.01185683906 0.01163379662 0.01068122033 0.00983629562
171,frag@114.01 loss@184.05 frag@176.13 loss@151.09 loss@46.03 frag@134.05 loss@0.02 loss@169.02 frag@283.08 frag@53.0 frag@189.11 loss@136.04 loss@279.02 loss@192.01 loss@141.07 loss@152.07 loss@224.99 frag@305.14 loss@186.02 frag@106.05,0.2453612089 0.2071085721 0.1415093839 0.1338918656 0.05749069527 0.03558140621 0.01780713722 0.01343225501 0.005520169158 0.00446370244 0.003118196735 0.003021189477 0.002580587054 0.00196846202 0.001918644062 0.001906421967 0.001883571851 0.001863001147 0.001860445482 0.001702878741
172,frag@67.05 loss@179.13 frag@95.09 frag@81.07 loss@248.18 loss@202.17 loss@253.15 loss@281.15 frag@57.03 loss@228.15 loss@236.15 loss@278.12 frag@109.1 frag@83.05 frag@71.05 frag@97.06 loss@244.15 frag@93.07 frag@175.11 frag@144.09,0.2932365239 0.2328441888 0.04955091327 0.04382078722 0.04327449948 0.03100118786 0.02444820292 0.01947933622 0.0193406567 0.01267985906 0.009441833943 0.007304688916 0.00616557803 0.006157146301 0.005185242277 0.004934593569 0.004880327731 0.004740626551 0.004637775011 0.004527831916
173,frag@121.06 loss@298.14 loss@268.14 loss@312.16 loss@306.11 loss@299.16 frag@244.1 frag@149.06 frag@204.14 frag@161.1 frag@157.98 loss@264.12 frag@256.14 loss@268.07 frag@121.07 loss@242.13 loss@276.11 frag@147.04 frag@184.11 frag@110.02,0.3526476026 0.1724747419 0.1042353809 0.08385698497 0.04386069626 0.02509233169 0.01219913457 0.008180353791 0.008101575077 0.006714276969 0.006002926733 0.005422375165 0.00518784672 0.004737036303 0.004635486752 0.004357291851 0.00425594952 0.003988950048 0.003895591013 0.003859194461
174,frag@177.04 loss@233.04 loss@223.0 loss@211.0 loss@182.02 loss@287.03 loss@154.09 loss@263.06 loss@139.02 loss@197.01 loss@128.03 loss@256.02 loss@330.04 loss@295.01 loss@144.03 frag@121.01 loss@240.0 frag@188.98 loss@143.04 frag@182.02,0.4410721362 0.1373005956 0.07033504546 0.02695527673 0.01862916909 0.01668019965 0.0140626505 0.006503635552 0.005428552162 0.00502841454 0.004764654674 0.004617246799 0.004476900678 0.004195503891 0.004131144378 0.003633063054 0.003605829785 0.003595496295 0.002967981854 0.002424560953
175,loss@233.08 frag@93.03 frag@65.04 frag@51.02 frag@53.04 frag@105.04 frag@121.04 frag@77.04 frag@92.06 frag@67.02 frag@162.07 frag@95.05 loss@154.09 frag@253.1 loss@321.17 loss@201.05 frag@119.06 frag@178.06 frag@134.01 frag@92.05,0.4888608754 0.2378053367 0.1327532679 0.04660922289 0.0191714149 0.01163743623 0.008788302541 0.008615362458 0.004845111631 0.003608129453 0.003446209244 0.003415733576 0.002179054311 0.001539977966 0.001272195252 0.001132243546 0.001054254826 0.0009057442076 0.0008951185737 0.0008224690682
176,frag@53.04 loss@272.05 loss@279.08 loss@273.06 frag@176.98 frag@53.0 loss@254.04 frag@93.03 frag@122.06 frag@81.03 frag@68.05 frag@142.01 frag@65.04 loss@156.01 loss@176.01 frag@67.02 frag@211.12 frag@82.03 frag@347.02 frag@80.05,0.2056536674 0.1345658302 0.1344416589 0.1172227412 0.05646712705 0.05039135367 0.04220481589 0.01575840078 0.01566043496 0.01243145578 0.009698067792 0.008711591363 0.008580693975 0.008053079247 0.007230749354 0.006766598206 0.005681897979 0.005672423169 0.005490220152 0.004063268658
177,frag@105.07 loss@267.13 loss@187.14 loss@229.14 loss@239.04 loss@207.09 loss@254.13 loss@239.13 loss@306.11 frag@133.07 frag@147.08 loss@233.02 loss@285.1 loss@252.12 loss@279.07 frag@79.05 loss@223.12 loss@292.03 frag@135.08 loss@321.08,0.4158700407 0.09243345261 0.08045383543 0.02841675282 0.02581951767 0.02446488105 0.01897073351 0.01842835546 0.01538337674 0.01435451582 0.01247103885 0.01233696099 0.01197793521 0.009809034877 0.00882158801 0.008348532952 0.008024368435 0.007281340659 0.00716677634 0.006887105759
178,frag@73.04 frag@168.04 loss@299.04 frag@195.99 loss@265.02 frag@385.13 loss@122.1 frag@188.02 frag@376.12 loss@237.18 frag@196.01 loss@281.17 frag@158.12 loss@151.05 loss@283.14 frag@212.09 frag@266.08 frag@122.04 loss@282.17 frag@243.05,0.07152730972 0.02902839333 0.02818554454 0.02624158002 0.02452677675 0.01169501245 0.01072618086 0.01001045015 0.009889240377 0.00927256979 0.009114027023 0.008068727329 0.008035718463 0.007987258956 0.007764860522 0.006532699335 0.006078661419 0.006003994029 0.005856943782 0.005755512509
179,frag@196.97 loss@248.03 frag@47.0 loss@184.01 loss@230.18 frag@212.03 loss@222.97 frag@245.03 frag@126.03 loss@325.07 loss@147.13 frag@227.08 loss@98.1 frag@282.16 frag@139.97 frag@204.15 loss@223.95 frag@304.12 loss@150.14 frag@312.2,0.03448320925 0.01626453362 0.01206300501 0.01001083292 0.009819658473 0.009467205033 0.009171225131 0.00819040183 0.007185297087 0.006761005614 0.005355224945 0.004615822341 0.004437283613 0.004374717828 0.00430560438 0.003627917031 0.003510046517 0.002819207031 0.002677212702 0.002672309522
180,frag@132.08 frag@160.08 loss@193.04 loss@185.05 loss@286.13 loss@225.14 loss@251.04 loss@253.06 loss@326.09 loss@262.06 frag@142.07 loss@267.11 loss@250.14 loss@176.1 loss@234.07 loss@186.03 loss@302.16 loss@131.0 loss@344.17 loss@175.13,0.2387874573 0.2041763961 0.08572430164 0.07454990596 0.04427504912 0.03034994937 0.02946115471 0.02875388972 0.02873924747 0.02456763946 0.02453683876 0.02162374929 0.01234469377 0.00860533677 0.007447014563 0.007441392168 0.007356310729 0.006871144753 0.006582153961 0.005693164188
181,frag@142.04 loss@149.03 loss@181.08 loss@73.0 frag@282.07 loss@343.11 frag@364.1 loss@246.18 loss@171.03 loss@135.09 loss@175.99 loss@98.0 loss@216.12 loss@166.06 loss@306.1 loss@257.08 frag@172.1 loss@292.06 loss@301.07 loss@232.15,0.4747316539 0.1669588536 0.1579987109 0.07782247663 0.004198515322 0.003953127656 0.003445784329 0.003291757312 0.003013995942 0.002990897745 0.002363405656 0.00208555907 0.001999497646 0.001661402173 0.001628793892 0.001549483393 0.001543406281 0.001449352247 0.001381738344 0.001332347747
182,frag@187.09 frag@185.11 loss@120.02 frag@129.06 loss@79.99 loss@156.0 loss@141.0 loss@134.03 loss@197.02 loss@136.02 frag@186.05 loss@169.03 loss@177.05 frag@157.08 loss@177.07 frag@143.12 loss@174.03 loss@145.05 loss@161.07 loss@174.08,0.2152812928 0.1448244303 0.1121678576 0.08533379436 0.05981943011 0.05746209621 0.052442424 0.04364745691 0.0427537933 0.03892257437 0.0074986564 0.007032279857 0.005795274861 0.00545244012 0.00540031679 0.004946365021 0.00445252005 0.004423333798 0.004302339628 0.004010381643
183,loss@205.05 frag@189.04 loss@217.98 loss@258.17 frag@108.06 frag@189.03 frag@103.06 frag@152.09 frag@150.04 frag@413.16 frag@178.02 frag@170.13 frag@157.11 frag@254.11 loss@254.17 frag@129.03 frag@128.97 frag@224.98 frag@186.99 frag@261.97,0.3530880809 0.2024772912 0.05337679759 0.05058860406 0.03250591829 0.01453541219 0.007782445755 0.00707121985 0.006388851441 0.006366356276 0.006260931492 0.005589430686 0.005101531278 0.004521741066 0.004269734491 0.0039949934 0.003981407732 0.003663509618 0.00335390144 0.003320885124
184,frag@154.03 loss@202.08 loss@201.05 loss@217.04 loss@197.04 frag@118.05 frag@106.05 loss@189.07 frag@160.09 loss@95.0 frag@92.05 loss@187.03 frag@85.01 frag@361.16 loss@281.95 frag@156.95 frag@107.06 loss@167.05 frag@105.06 frag@133.04,0.4213091135 0.1597641706 0.1561877131 0.1221829951 0.01145012211 0.00938196294 0.006578379776 0.00648753345 0.005853343289 0.005484019406 0.005387196783 0.004390412942 0.003294358728 0.002287181793 0.001801502309 0.001775958459 0.001729715383 0.001708768774 0.001651272527 0.001508586691
185,loss@179.04 frag@259.11 frag@268.09 loss@152.03 frag@184.14 loss@267.02 loss@201.04 frag@239.1 loss@173.06 frag@83.03 frag@332.08 frag@161.03 loss@254.99 frag@188.08 frag@228.05 frag@377.07 loss@175.04 frag@187.06 loss@191.07 loss@195.04,0.2633326352 0.1506169885 0.1401285678 0.09203618765 0.007201566361 0.00613363646 0.00578891905 0.005642492324 0.00539901061 0.005350478925 0.005125845782 0.004726705607 0.004292099271 0.004267507233 0.004242377356 0.003613530425 0.003342990065 0.003148499876 0.003117049811 0.002943838015
186,frag@41.04 loss@235.16 loss@170.13 loss@202.13 loss@332.09 loss@96.06 loss@252.05 frag@69.07 loss@244.03 loss@230.04 loss@188.15 frag@83.09 loss@294.07 frag@44.01 loss@63.03 loss@271.04 frag@55.05 loss@105.08 loss@326.15 loss@325.09,0.450889945 0.2095317394 0.1547768563 0.01349631697 0.008098365739 0.007216779515 0.007197411265 0.006641034037 0.006165813655 0.00590137532 0.005638821982 0.0048550996 0.004739528522 0.0046270811 0.003939311486 0.003921573982 0.003438987536 0.003179912223 0.002977574943 0.002902481006
187,frag@95.05 loss@240.1 frag@77.04 loss@277.11 loss@257.13 frag@105.04 frag@105.03 frag@125.06 loss@290.09 loss@211.06 loss@274.17 loss@321.17 frag@135.04 loss@328.14 loss@292.13 loss@171.06 frag@105.05 loss@197.11 loss@320.15 loss@286.11,0.2837559879 0.2054404765 0.09916301072 0.07128735632 0.06944683939 0.04774073884 0.02164584026 0.01324678771 0.01100900117 0.0100880051 0.005820332561 0.005169014912 0.005137181841 0.004922703374 0.004913623445 0.004881340079 0.004842550959 0.004670136608 0.004230414517 0.004200112075
188,frag@213.96 loss@155.1 frag@122.05 loss@229.06 frag@81.08 frag@170.04 loss@273.1 frag@325.13 frag@127.1 frag@270.12 frag@160.0 frag@222.0 frag@300.08 frag@318.17 frag@209.99 frag@269.07 frag@297.18 frag@66.05 loss@64.99 frag@250.09,0.05463100225 0.03878822178 0.01275776885 0.007916219532 0.005101723131 0.00477092294 0.00405002851 0.004029584117 0.003281841753 0.002696160227 0.0026484509 0.002617645543 0.002586162416 0.002524943789 0.00227177632 0.002089466201 0.001948863966 0.001899179653 0.00184420892 0.001802964951
189,frag@97.01 frag@111.03 loss@225.08 frag@151.06 loss@181.06 loss@221.09 loss@209.09 frag@139.02 loss@193.06 loss@182.05 loss@237.08 loss@230.03 loss@239.11 loss@229.08 loss@257.04 loss@140.03 loss@155.04 loss@141.02 loss@169.02 loss@124.0,0.3212009072 0.09087838233 0.05255756527 0.04895746708 0.04855711386 0.04019020125 0.03279985115 0.0254939273 0.02359791473 0.02191079967 0.01980389655 0.01885812357 0.01780257002 0.01383613702 0.01358395535 0.01348643377 0.01120525133 0.01017720159 0.009015005082 0.007768427022
190,loss@149.12 frag@268.08 frag@323.13 frag@255.11 loss@260.18 frag@236.13 frag@310.1 frag@248.11 frag@216.07 frag@253.12 loss@342.17 loss@252.08 loss@74.08 loss@60.04 frag@281.09 frag@267.14 frag@203.05 frag@400.18 frag@265.09 loss@387.14,0.2214718759 0.06360059232 0.04691434279 0.04375454783 0.04173534736 0.03018235974 0.02435179427 0.02047972754 0.01618927531 0.01452112477 0.01285798382 0.01232128311 0.01139083691 0.01109960303 0.01071627717 0.01049441379 0.009849341586 0.009338215925 0.008354317397 0.00792502705
191,frag@95.05 loss@186.06 frag@77.04 loss@257.11 loss@274.14 loss@221.05 loss@188.05 loss@240.15 frag@79.05 loss@231.07 loss@308.06 loss@231.06 loss@195.06 loss@352.11 loss@315.12 loss@310.13 loss@228.06 loss@188.06 loss@245.08 loss@203.03,0.3870781362 0.07309542596 0.05897462368 0.03919963539 0.02667422406 0.02603619732 0.02426321991 0.02043736912 0.01978087053 0.01661926694 0.01474462263 0.0116867153 0.01109478995 0.009749672376 0.009525674395 0.007359130308 0.006770916283 0.006714099552 0.006448652595 0.006422151811
192,frag@134.1 loss@232.13 loss@182.02 loss@286.17 loss@260.14 loss@308.15 loss@733.31 loss@323.19 loss@372.09 frag@341.17 loss@138.11 loss@187.03 loss@380.17 loss@272.14 loss@266.16 loss@133.09 loss@169.1 loss@224.14 loss@311.13 loss@211.0,0.476791352 0.1229601502 0.08290681243 0.04113518447 0.03114486486 0.01952026039 0.01604322903 0.01569714956 0.01246007904 0.01194111072 0.009615078568 0.005395535845 0.004414190073 0.00421813596 0.003155170009 0.003086333629 0.002757954877 0.002692487091 0.002688489622 0.002511467319
193,frag@182.06 loss@160.04 loss@84.04 frag@214.06 frag@230.93 loss@102.05 loss@98.06 loss@168.02 frag@206.12 frag@201.06 loss@269.04 frag@233.06 frag@284.12 loss@45.03 frag@192.15 loss@127.07 loss@71.06 frag@212.05 frag@229.04 loss@81.04,0.07592388242 0.06622119248 0.06122613698 0.04547851533 0.03647644073 0.03449680284 0.03057582304 0.02992255986 0.02880800143 0.02588309161 0.02545401268 0.02521474101 0.01962067373 0.01805779338 0.01747130416 0.01580502652 0.01231512055 0.01132581104 0.009121659212 0.009010139853
194,frag@107.05 loss@242.11 loss@217.13 loss@327.15 loss@341.15 loss@355.15 loss@330.1 loss@359.12 loss@277.11 loss@335.12 loss@637.26 loss@328.14 loss@266.14 loss@273.18 loss@201.12 loss@621.23 loss@197.11 loss@310.13 loss@240.1 loss@320.11,0.4781441689 0.1211634055 0.1037801579 0.04245074466 0.0220304653 0.02073458582 0.01930454373 0.01748543419 0.01560829859 0.01366312057 0.01311305631 0.01164107956 0.009099326096 0.009028187953 0.005194310565 0.004972476512 0.00451947609 0.003816043958 0.00284782215 0.002818033565
195,frag@70.06 loss@260.13 loss@284.12 loss@282.15 loss@208.09 loss@280.05 frag@98.08 loss@247.12 frag@116.07 loss@232.1 frag@114.09 loss@236.09 frag@115.09 loss@278.13 loss@266.11 loss@250.03 frag@98.1 loss@366.16 loss@253.99 loss@303.12,0.4793460071 0.2303039581 0.1270009726 0.09551347047 0.009629137814 0.006506036967 0.006115681026 0.004249820951 0.002757005859 0.002607051283 0.001708595315 0.001707262825 0.001443743357 0.001192732481 0.001160892658 0.001120312489 0.001112516853 0.0009960123571 0.0009753477643 0.0008816021145
196,frag@162.09 loss@119.07 loss@268.17 frag@199.02 frag@229.12 loss@150.06 frag@206.07 loss@275.1 frag@147.07 loss@202.1 loss@310.07 loss@226.12 frag@219.12 loss@187.14 frag@171.08 loss@343.09 frag@188.07 loss@344.17 loss@290.1 frag@160.1,0.4262274206 0.3737072349 0.1051104292 0.05361848697 0.007369846571 0.002222814364 0.001410782221 0.001340455026 0.001212858711 0.0008797636256 0.0006675785407 0.0006232238375 0.0005890101893 0.0005777410697 0.0005416424247 0.0004155364295 0.0003625673417 0.0003585104132 0.0003304980346 0.000303538749
197,loss@284.16 frag@207.07 frag@224.07 loss@298.06 frag@198.02 loss@346.07 loss@262.08 loss@349.1 loss@87.06 loss@113.12 loss@185.15 loss@434.14 loss@392.11 frag@197.08 loss@196.05 loss@270.05 loss@116.09 loss@365.13 loss@279.17 loss@410.06,0.2755785286 0.2339106351 0.1674056202 0.1483370364 0.08757272363 0.01286181808 0.009064068086 0.006857562345 0.002724786056 0.001695309649 0.001219461206 0.001197288511 0.001151741715 0.001119976048 0.0009391156491 0.000864864327 0.0007655976806 0.0007004679646 0.0006378216203 0.0005556732067
198,loss@277.06 frag@208.07 frag@323.09 frag@246.12 loss@337.15 frag@332.13 loss@248.0 loss@249.13 frag@294.09 loss@338.14 loss@234.16 frag@291.06 loss@306.05 frag@266.11 loss@201.17 frag@278.08 frag@304.06 loss@188.14 frag@68.98 frag@215.11,0.1291665733 0.05576711893 0.05532326922 0.02470552549 0.01257180609 0.008564620279 0.00786320772 0.00764836045 0.007595825475 0.006878717802 0.006686878856 0.006386275403 0.005090705119 0.004585784394 0.004423134495 0.003296228824 0.003256115364 0.002971152309 0.002950873924 0.00285673188
199,frag@198.1 loss@197.1 loss@171.08 frag@130.97 loss@216.01 loss@170.09 frag@172.09 frag@151.05 frag@219.1 frag@171.08 frag@189.08 frag@158.98 frag@174.04 frag@134.99 loss@172.05 loss@265.12 frag@324.12 frag@156.07 frag@155.05 frag@130.03,0.4312271476 0.2435931563 0.2103431821 0.05210501701 0.03773202375 0.001986371586 0.001515907934 0.001271954505 0.0006827163161 0.0006192127476 0.0005508058821 0.0004966364941 0.0004469640553 0.0004349921655 0.0003322289849 0.0003320009564 0.0003243924293 0.0002953976218 0.0002892733028 0.0002646197972
200,frag@100.04 loss@314.11 frag@43.04 loss@361.12 frag@197.98 loss@332.16 loss@290.15 frag@164.01 loss@333.09 loss@290.03 loss@251.16 loss@267.04 frag@341.14 frag@60.08 frag@111.06 loss@338.15 frag@59.06 frag@97.05 loss@253.18 loss@197.18,0.1764395535 0.03262153268 0.0326060541 0.02446529828 0.02087844349 0.01973835379 0.01717878506 0.01627673395 0.01441357657 0.01363239903 0.01066495292 0.008729886264 0.006767645478 0.00607256731 0.005863162689 0.005326482002 0.005305160768 0.005122116767 0.004887616728 0.0048228628
201,frag@90.95 frag@150.95 frag@72.94 frag@134.96 frag@55.93 loss@142.05 frag@76.93 frag@116.97 frag@45.99 frag@71.93 loss@255.0 frag@317.11 loss@78.23 frag@303.09 loss@65.06 loss@104.09 loss@423.03 frag@180.03 loss@156.99 loss@146.0,0.06971351057 0.0603841655 0.05735384673 0.05165305734 0.0399627611 0.02884796821 0.02352603339 0.01971888356 0.0152358003 0.01306741405 0.01084192935 0.008983011357 0.007962744683 0.007197843399 0.006870425772 0.006864034105 0.006820393261 0.006364638451 0.006364384666 0.006226720288
202,frag@184.97 loss@189.97 loss@180.0 frag@240.0 loss@294.98 loss@62.05 loss@205.01 frag@192.13 frag@271.08 frag@302.96 loss@293.04 frag@298.11 frag@211.11 frag@300.12 loss@383.2 loss@170.0 frag@106.08 frag@87.0 frag@259.12 frag@80.01,0.09932851046 0.07652319223 0.04879134893 0.01248118747 0.007978615351 0.007729939185 0.005752368364 0.005630037747 0.004658651073 0.004609266296 0.004422185943 0.004028217401 0.003436722094 0.003279661993 0.003274576506 0.003217948135 0.003192614298 0.002787647536 0.002723630285 0.002638181904
203,loss@146.07 frag@191.03 frag@164.02 frag@132.1 frag@201.95 frag@163.03 frag@308.12 frag@165.05 frag@151.04 frag@177.05 frag@133.03 loss@254.17 frag@269.1 frag@139.04 frag@176.11 frag@275.12 loss@160.02 loss@291.21 loss@136.09 frag@173.02,0.4913498759 0.3478768468 0.08651696146 0.01866862923 0.01440494973 0.005833117757 0.004319499247 0.002477734815 0.002466627862 0.002445073798 0.002008203883 0.00186838943 0.0010394071 0.0009303307161 0.0009177145548 0.000671818445 0.0006105527864 0.0005982367438 0.0004283102171 0.0004240271228
204,frag@107.05 loss@310.13 loss@320.11 loss@300.08 loss@287.2 loss@327.15 loss@282.1 frag@181.12 frag@79.05 frag@95.05 loss@306.1 frag@111.04 frag@78.05 loss@232.15 loss@281.11 loss@210.03 frag@161.1 frag@119.08 loss@314.09 loss@239.04,0.3858527839 0.1243178695 0.1139250174 0.03878514469 0.03187398612 0.01916963048 0.01460954454 0.01214847807 0.0113807898 0.01104112249 0.01060668752 0.01038514078 0.009827785194 0.008562763222 0.005509797018 0.004886374809 0.004640997853 0.004507716745 0.004470266867 0.004380118102
205,frag@42.03 loss@214.12 loss@230.15 frag@68.05 loss@246.04 loss@295.07 frag@54.03 frag@96.07 frag@69.06 frag@82.06 frag@56.05 frag@130.09 frag@45.03 frag@126.07 loss@289.12 loss@230.0 loss@209.13 loss@223.04 frag@60.04 loss@224.06,0.3090473115 0.2414572686 0.1169402972 0.08080655336 0.05269705877 0.02499289997 0.02180090919 0.01570006087 0.01161897089 0.009246699512 0.009061368182 0.007582487538 0.005209851544 0.004847583827 0.004252503626 0.003162121866 0.002725430764 0.002490205225 0.002396690659 0.001968787517
206,frag@206.08 loss@134.06 loss@160.12 frag@231.11 loss@188.12 loss@229.0 loss@110.07 loss@153.13 loss@556.18 frag@308.06 loss@204.16 loss@45.02 frag@180.08 loss@135.1 frag@208.1 frag@185.09 loss@132.06 loss@196.04 loss@98.04 frag@159.04,0.3421388268 0.2150208354 0.1435230076 0.1111581326 0.03663476557 0.02006774582 0.01081138477 0.00869877357 0.008007475175 0.007350120693 0.004986513406 0.004408332054 0.0033858323 0.003172669094 0.00264264131 0.002082913416 0.002050270094 0.001992807491 0.001857111114 0.001470067538
207,loss@70.05 frag@170.98 frag@297.15 loss@19.04 frag@264.05 frag@223.11 frag@297.07 frag@171.08 frag@248.07 frag@325.12 frag@141.08 frag@230.06 frag@158.98 frag@287.06 loss@286.09 frag@323.2 frag@189.06 frag@295.12 frag@153.09 loss@319.12,0.416526407 0.1093651056 0.07151657343 0.04464562982 0.03932797909 0.02893600613 0.02677897178 0.01025061216 0.008506967686 0.008238664828 0.006803562399 0.006794050802 0.006750436034 0.006362432148 0.004854681436 0.004611517768 0.00458627753 0.004051635042 0.004048402421 0.003710634308
208,frag@184.06 frag@156.04 loss@179.08 loss@227.09 loss@405.12 loss@231.1 loss@191.1 loss@211.06 loss@298.09 loss@277.11 loss@280.12 loss@175.03 loss@216.08 loss@242.09 loss@249.08 loss@229.07 loss@300.11 loss@301.11 loss@199.09 loss@218.11,0.2712308466 0.2122359425 0.06675885618 0.02009873837 0.01773700677 0.01505033113 0.01266373042 0.01186013315 0.009924048558 0.009762655944 0.008669094183 0.008660681546 0.007955283858 0.00785044115 0.007186355535 0.005681985989 0.005381957162 0.005310405046 0.005228473805 0.004848791752
209,loss@152.13 loss@263.08 frag@88.04 frag@44.05 frag@70.07 frag@57.06 frag@96.08 frag@60.04 frag@98.08 frag@70.06 loss@294.16 loss@105.05 frag@43.05 loss@209.98 loss@247.06 loss@285.0 frag@113.11 loss@284.11 frag@228.09 loss@339.09,0.22058779 0.1918848157 0.1643998474 0.1290832311 0.04178985581 0.03345302865 0.03241290152 0.01451667119 0.01368232723 0.007649251726 0.007361078635 0.006857381202 0.006494361907 0.005756327417 0.004992187489 0.003573407652 0.003530142363 0.002802559175 0.002677351004 0.00254450785
210,frag@233.07 frag@188.06 loss@50.04 frag@248.08 loss@73.07 frag@251.08 loss@337.02 frag@231.09 loss@146.01 loss@33.06 loss@104.05 loss@123.05 frag@233.02 loss@277.18 loss@143.03 loss@254.02 loss@46.03 loss@276.99 loss@110.09 loss@301.19,0.1553127319 0.1402836591 0.1312610656 0.128900066 0.1037044302 0.01416147314 0.009948084131 0.005253836047 0.004085470457 0.004065457731 0.003391110804 0.002596702194 0.002359788632 0.002190171508 0.002003564266 0.002001032233 0.001949452679 0.001917864312 0.001887995517 0.001641005743
211,frag@128.03 frag@155.04 loss@171.05 loss@184.04 loss@210.06 loss@223.05 loss@223.04 frag@168.02 loss@197.04 frag@115.01 loss@279.02 loss@224.04 frag@256.16 frag@96.06 loss@145.95 frag@139.03 loss@232.01 frag@109.08 frag@86.01 frag@122.08,0.2475426644 0.1108676717 0.1003282964 0.0970197618 0.07715772092 0.056016054 0.04474575073 0.04473226517 0.03713545576 0.01930194162 0.01329485793 0.007625294849 0.006760269869 0.006337653846 0.005830463488 0.005231374875 0.004760764539 0.00416578725 0.003852407448 0.003580620512
212,loss@226.08 frag@216.09 loss@294.14 frag@182.01 frag@177.08 loss@254.11 frag@303.18 frag@74.93 frag@169.01 frag@138.1 frag@395.08 frag@136.08 frag@150.09 frag@169.0 loss@242.11 frag@239.15 frag@162.09 frag@205.03 frag@211.12 frag@330.08,0.3274190724 0.1976214349 0.1231829152 0.1083174646 0.02089665458 0.01904653758 0.01074431092 0.01059912331 0.009584810585 0.009198794141 0.008870023303 0.005464230198 0.005075911526 0.003823366715 0.003404577263 0.00315549178 0.002919307444 0.00273508043 0.002689966699 0.002562716603
213,loss@78.03 frag@197.04 frag@45.03 frag@197.0 loss@118.07 frag@237.08 loss@77.06 frag@259.04 frag@244.99 loss@156.01 frag@219.04 frag@198.0 loss@134.09 loss@298.04 loss@206.18 loss@247.06 loss@182.0 frag@69.0 frag@222.03 loss@120.04,0.342111975 0.251217097 0.09244942665 0.0397964865 0.01885819621 0.01218722295 0.01198138669 0.01080745924 0.008777088486 0.007484272122 0.007426434197 0.006381826941 0.006300280336 0.006189591251 0.005476848688 0.00461338507 0.003870924702 0.003814075375 0.003413747763 0.002963319886
214,frag@168.08 frag@196.08 loss@123.05 loss@227.14 loss@127.05 loss@146.03 loss@151.06 loss@270.05 loss@88.1 loss@244.98 loss@309.18 loss@181.04 loss@301.11 loss@287.97 loss@225.17 loss@129.07 loss@116.02 loss@129.08 loss@287.05 loss@164.05,0.3444607258 0.1439695358 0.09976822138 0.08581992239 0.07509893924 0.05077563226 0.04111446068 0.03761321306 0.03036717512 0.004769781139 0.00418670522 0.003960000817 0.00291730254 0.002006526571 0.001980513334 0.001906965626 0.001732780249 0.001487723435 0.001437135041 0.001382081886
215,loss@150.1 frag@186.08 frag@157.07 frag@325.12 frag@185.1 frag@274.09 frag@195.96 frag@341.17 frag@304.08 frag@289.15 loss@280.94 frag@310.12 frag@340.14 frag@168.09 frag@278.12 frag@155.09 frag@226.14 frag@243.95 loss@282.16 frag@130.08,0.4982126653 0.3171742558 0.08754067123 0.05694033951 0.00934781041 0.001767564216 0.001539222896 0.001495107776 0.000780227012 0.0005872098263 0.0005088087055 0.0004294247192 0.0004016593448 0.0003984222712 0.0003758136008 0.0003137355088 0.0002691772534 0.0002630752278 0.0002625529887 0.0002592204837
216,frag@201.05 loss@157.09 frag@193.08 frag@202.04 loss@126.9 loss@62.96 loss@127.91 loss@56.04 loss@63.97 frag@236.03 frag@209.02 loss@170.01 frag@144.05 loss@257.03 loss@132.03 loss@206.18 loss@97.1 loss@247.98 frag@243.95 loss@188.97,0.1844913363 0.1542780697 0.1264808029 0.08154657483 0.04856737331 0.04468543082 0.04084653035 0.04015896097 0.02869040892 0.02669980749 0.02534605004 0.01956493594 0.01442019083 0.01391197275 0.01193569507 0.01066715736 0.009927165695 0.007245594636 0.004381562117 0.00413543731
217,frag@56.05 loss@171.13 loss@199.12 frag@55.05 loss@187.12 loss@253.14 loss@216.15 frag@84.08 frag@82.07 loss@289.17 loss@281.17 frag@41.04 frag@83.09 frag@84.04 frag@72.04 loss@226.14 frag@55.06 frag@112.08 frag@150.13 loss@285.07,0.2954510748 0.1867408454 0.116833806 0.06685818732 0.04766773432 0.04578184336 0.03352500871 0.02148862928 0.016644191 0.01367888041 0.01042969152 0.01029459666 0.009560616687 0.007554506883 0.007499792613 0.006661685649 0.006524302997 0.005532775074 0.005124921445 0.003959019668
218,frag@232.1 frag@245.04 frag@247.06 frag@205.07 loss@200.23 loss@96.99 loss@350.11 loss@62.07 loss@294.03 loss@70.0 loss@291.05 loss@395.2 loss@231.17 loss@359.08 loss@286.03 frag@257.08 frag@186.02 loss@351.18 loss@270.06 loss@344.04,0.1686700583 0.1503135562 0.0253954269 0.01953974739 0.01903312095 0.01269856375 0.01254584733 0.01166366413 0.009256384335 0.008904137649 0.006469730288 0.005670046899 0.005240391474 0.004718919285 0.004462988116 0.004450085107 0.004212528933 0.00419844687 0.00383657869 0.003563719103
219,frag@160.04 loss@227.13 loss@119.05 loss@187.03 loss@188.03 loss@234.21 loss@217.01 loss@145.97 loss@176.08 loss@146.06 loss@163.06 loss@321.1 loss@167.05 loss@388.12 loss@167.07 loss@228.04 loss@120.06 loss@293.07 loss@216.99 frag@118.04,0.4951482713 0.1457828879 0.1188354045 0.07185871899 0.05029600486 0.04636190087 0.01709051616 0.01247637626 0.003940415569 0.001744944137 0.001531728893 0.00152276142 0.001411342528 0.001275382238 0.001270177425 0.001254055882 0.001208464964 0.001151490025 0.001127343858 0.001092256512
220,frag@291.12 frag@227.04 frag@208.04 loss@224.01 frag@348.15 loss@231.02 frag@185.04 loss@274.04 loss@306.07 loss@309.13 loss@205.0 loss@156.11 loss@281.07 frag@183.02 loss@304.08 frag@195.95 loss@193.15 frag@179.08 loss@182.06 loss@272.02,0.08402118832 0.08015423268 0.03763275966 0.02801976912 0.0260740146 0.02418626845 0.0122981118 0.01157947071 0.0112916166 0.01095743198 0.01063161623 0.01056051627 0.01026403811 0.01021942031 0.009263991378 0.007190349977 0.007092893589 0.006675249431 0.006309656892 0.005631050561
221,frag@105.04 loss@208.07 loss@147.04 loss@234.09 loss@219.05 loss@219.02 loss@166.03 loss@188.94 frag@51.02 loss@235.04 loss@299.08 loss@352.1 loss@190.03 loss@161.05 loss@185.04 loss@292.01 loss@314.14 loss@144.01 loss@125.02 frag@77.04,0.4718553722 0.09779558331 0.09756139666 0.08285963535 0.06893757731 0.02361873165 0.02145356126 0.01876387931 0.01594119519 0.0135088535 0.01264393236 0.005800153129 0.004053989425 0.003918282222 0.003064697143 0.002340882784 0.002120004967 0.002064242261 0.001762463828 0.0015832223
222,frag@224.11 frag@254.08 loss@142.12 loss@85.08 loss@276.17 loss@248.03 loss@93.01 frag@260.11 frag@285.07 frag@162.02 frag@244.09 loss@318.06 frag@276.1 frag@194.11 loss@260.95 loss@472.24 frag@244.03 frag@269.13 loss@75.08 loss@475.15,0.2234941572 0.1246243045 0.08897274733 0.08324328065 0.03677455708 0.021573212 0.01170497108 0.005811017007 0.005051040091 0.004136290401 0.003966096789 0.00387317175 0.003562435508 0.003261084668 0.00322360103 0.003211841919 0.003185201436 0.003121455899 0.002897426486 0.002870522672
223,frag@159.04 loss@182.08 loss@260.09 loss@147.11 loss@224.05 loss@116.11 loss@135.05 loss@272.11 loss@168.07 loss@187.09 loss@170.05 loss@188.1 loss@197.02 loss@188.07 loss@234.07 loss@185.07 loss@132.06 loss@46.07 loss@301.12 loss@277.09,0.4980026782 0.1767168939 0.1013230234 0.04508272931 0.04413235188 0.02884546295 0.006494559813 0.005245994776 0.004024365451 0.00365785812 0.002912621479 0.002844648669 0.002836908679 0.002260480542 0.002161541255 0.001616646885 0.001547600143 0.00144925795 0.001343276235 0.001175541314
224,frag@166.13 frag@203.13 loss@250.02 loss@217.16 frag@111.99 loss@273.02 frag@164.06 frag@101.06 frag@230.17 loss@291.1 frag@220.14 frag@135.09 frag@87.05 loss@209.13 frag@245.18 frag@149.09 frag@315.1 frag@192.05 frag@148.09 loss@266.05,0.02802308276 0.02787799574 0.02119903825 0.02114417963 0.01910672896 0.0184485428 0.01421220507 0.01397370268 0.01281223446 0.01226785686 0.01223684568 0.01195052918 0.01165188476 0.01130245626 0.01111901645 0.01015239581 0.009317534044 0.008881201968 0.008463703096 0.007520304061
225,frag@99.06 loss@235.12 frag@99.07 frag@125.08 loss@261.12 loss@252.12 loss@284.08 frag@214.11 loss@261.14 loss@266.16 loss@245.14 frag@208.13 loss@264.13 loss@266.04 loss@237.1 loss@224.09 frag@114.0 loss@285.17 frag@327.08 frag@263.09,0.1764708906 0.176146403 0.1200797036 0.09254471958 0.0804399997 0.07043010741 0.06776066124 0.05048661679 0.0232988596 0.01307595894 0.01165275835 0.01057063695 0.005447004456 0.003507408313 0.003221102757 0.002932492178 0.002747917548 0.002328542992 0.002168272389 0.002155444352
226,frag@79.05 loss@276.12 loss@315.2 loss@292.1 loss@284.15 loss@190.14 loss@324.15 loss@337.14 frag@125.06 loss@263.1 loss@307.1 loss@237.17 loss@339.15 loss@250.13 loss@301.15 loss@197.11 loss@257.11 loss@192.06 loss@186.06 loss@260.14,0.4720823467 0.06206658483 0.06148628145 0.04110151529 0.03595394269 0.03132204711 0.01850821078 0.0109485304 0.01036815159 0.008526041172 0.008443425409 0.008424524218 0.008416284807 0.008014578372 0.00767172873 0.00597660616 0.005887449719 0.00492069684 0.004711455666 0.00470496295
227,loss@104.05 loss@96.04 frag@266.08 frag@236.07 frag@188.03 frag@195.07 frag@270.07 frag@180.08 frag@216.11 frag@234.06 frag@270.09 loss@102.09 frag@243.02 frag@196.08 frag@437.15 frag@282.08 loss@75.0 loss@87.07 frag@181.07 loss@358.13,0.2552097738 0.2038899511 0.1629826576 0.148425281 0.06537638605 0.01513067354 0.0119716078 0.01168983709 0.01123921946 0.005467563868 0.005467256065 0.004377692472 0.004189608619 0.004101769999 0.003855542513 0.002643419197 0.002359921811 0.002250801073 0.001745022018 0.001595139387
228,frag@213.08 loss@110.04 frag@120.02 loss@68.01 loss@174.03 loss@158.03 loss@113.06 loss@30.01 loss@161.05 frag@265.12 loss@141.0 frag@177.07 frag@80.04 frag@307.1 frag@223.05 loss@96.03 frag@160.06 frag@225.05 frag@316.11 frag@185.05,0.2097051293 0.1428086162 0.06895853579 0.06432353705 0.05751442909 0.03703348711 0.02141401172 0.01669903658 0.01336336974 0.01251388062 0.01064867061 0.01019569393 0.009583467618 0.009122666903 0.008853298612 0.008517798968 0.007854801603 0.007313420065 0.006672084332 0.006624607835
229,frag@206.1 loss@226.18 loss@201.15 loss@297.13 loss@347.03 loss@260.2 loss@412.17 loss@250.12 loss@364.93 loss@166.08 loss@289.08 loss@411.15 loss@184.98 loss@281.21 loss@251.16 loss@281.02 loss@311.11 loss@241.13 frag@191.14 loss@211.21,0.4208907187 0.03052057512 0.01901651919 0.01418110076 0.008186425082 0.006005320232 0.005180268083 0.004030020442 0.00387088256 0.003835181007 0.003566649975 0.003313468304 0.002762925113 0.002653377131 0.002534097526 0.00236961036 0.002292617224 0.002263838192 0.00214028731 0.00160685787
230,loss@202.09 frag@180.1 frag@139.07 loss@188.08 frag@110.05 loss@178.11 frag@141.03 frag@141.01 loss@178.1 frag@98.02 loss@193.1 frag@106.06 loss@296.15 frag@162.97 frag@122.1 frag@204.11 frag@103.02 loss@285.12 loss@213.09 frag@223.0,0.2972071767 0.2778972387 0.1708027422 0.1516706496 0.006958480924 0.004305922892 0.004122272134 0.003796651727 0.003495636396 0.002653861651 0.002264420735 0.0020937589 0.002008978045 0.001983316382 0.001916720183 0.001723642927 0.001639559399 0.001565569779 0.001351482118 0.001318785478
231,frag@240.1 loss@276.09 loss@186.11 loss@299.09 loss@269.03 frag@193.07 frag@167.98 frag@194.09 frag@220.02 frag@239.05 frag@219.0 loss@235.16 frag@262.04 frag@130.12 frag@259.04 frag@336.19 frag@179.12 frag@213.96 loss@319.05 frag@216.01,0.2465616763 0.1477412134 0.1126206964 0.09956139326 0.08653972298 0.02384554408 0.0225339178 0.01402370166 0.01236431301 0.01173222438 0.008651889861 0.007292724214 0.006443908438 0.005260664504 0.004756586161 0.004020069726 0.003992488142 0.00365232653 0.003183920635 0.00313987839
232,frag@145.05 loss@269.09 loss@218.18 loss@319.16 frag@325.11 frag@163.06 loss@347.16 loss@373.12 loss@257.08 loss@402.14 loss@197.99 loss@230.1 loss@1122.58 loss@618.2 loss@294.1 loss@314.16 frag@325.07 loss@278.07 frag@332.05 frag@283.17,0.3704868257 0.1776065379 0.07367805392 0.06979444623 0.05972754583 0.05027846247 0.03508223593 0.0203947071 0.01770655997 0.004540231545 0.004392388277 0.003371594707 0.003338246606 0.002827135846 0.002645110944 0.002124291845 0.002002358204 0.001977907959 0.001668186276 0.001458855579
233,loss@251.08 frag@238.07 frag@246.15 loss@321.18 frag@144.09 frag@168.0 frag@239.08 frag@168.11 loss@331.09 frag@112.11 frag@184.1 frag@286.14 frag@322.19 frag@285.12 loss@321.11 loss@260.03 loss@283.13 loss@107.06 frag@87.05 loss@332.05,0.1252679527 0.1188328937 0.0363884829 0.02743172273 0.0250775516 0.02033014223 0.01908389293 0.01709193178 0.01439634431 0.01359740831 0.01290097833 0.01264923066 0.01085327473 0.01040083636 0.009542692453 0.008453800343 0.008291720413 0.007831061259 0.007480275817 0.00728779193
234,loss@315.13 frag@122.05 frag@179.08 loss@103.08 frag@85.04 loss@287.97 frag@170.03 loss@235.15 loss@297.08 frag@66.05 loss@273.13 frag@135.01 loss@273.1 loss@229.06 loss@346.1 frag@92.04 frag@246.04 loss@181.05 frag@291.12 frag@254.07,0.08947891742 0.06432782114 0.06014395878 0.02303975075 0.01775117777 0.01507484913 0.0126854796 0.01215168368 0.01186854951 0.01095127407 0.01076356694 0.01000112388 0.009919835255 0.009902208112 0.008804274723 0.008762490004 0.00868004933 0.008522693068 0.007873341441 0.007074404042
235,frag@105.04 loss@202.12 loss@213.05 frag@117.04 frag@51.02 frag@104.05 loss@234.09 frag@131.06 frag@77.04 loss@140.07 frag@105.05 loss@201.05 frag@135.05 frag@121.04 frag@90.03 loss@142.04 loss@299.08 frag@105.06 loss@125.02 loss@208.08,0.3489377499 0.3347005248 0.1078509167 0.06075622141 0.02879911847 0.01881522685 0.01206785347 0.007669938728 0.004668034147 0.004620223772 0.003299013013 0.002905624686 0.002161202952 0.002145309001 0.002081848448 0.002050024224 0.001806326443 0.001799917314 0.001702979091 0.001634527696
236,frag@81.03 loss@227.07 loss@228.07 loss@248.06 loss@236.04 loss@264.08 frag@53.04 loss@271.05 loss@225.03 loss@267.99 loss@283.06 loss@313.1 loss@287.06 loss@367.12 loss@320.09 loss@255.02 loss@263.15 loss@319.98 loss@257.04 loss@266.12,0.4574613571 0.09528077394 0.04651672021 0.03977234289 0.03788128495 0.03502089903 0.03423857316 0.02929254808 0.02099970728 0.01708410867 0.01554480102 0.01456117351 0.01267064642 0.009997339919 0.008458739147 0.006932937074 0.006732160691 0.005866482388 0.005559673999 0.005016169511
237,frag@198.09 loss@180.16 loss@47.04 loss@234.03 frag@170.1 loss@317.11 loss@183.17 loss@381.12 loss@143.0 loss@316.14 loss@172.16 loss@410.06 loss@181.18 loss@346.12 loss@143.11 loss@308.99 loss@339.04 loss@60.03 frag@233.09 loss@275.07,0.428193897 0.1038711891 0.102705121 0.09627517313 0.04231655225 0.01552978717 0.01357757766 0.01200472564 0.01162701473 0.006664860528 0.005311029963 0.004776497837 0.003967427183 0.003860942787 0.003847390646 0.003526533023 0.003481610445 0.003058267757 0.002332709963 0.002302760491
238,loss@78.99 frag@280.08 frag@294.1 frag@284.02 loss@135.03 frag@202.02 frag@266.13 frag@281.1 frag@236.05 frag@310.09 frag@168.03 frag@116.0 loss@95.05 frag@274.1 frag@236.1 loss@105.02 loss@234.16 frag@227.0 frag@283.11 frag@194.97,0.1493026614 0.04802882299 0.04023109004 0.02491861768 0.008231286891 0.007290632464 0.00725545967 0.00719061261 0.006773146335 0.006613268517 0.00629930757 0.006282527 0.005379472394 0.005324111786 0.005049529485 0.004892038647 0.004883653019 0.00459667109 0.004406332504 0.004265801981
239,frag@79.05 loss@190.14 loss@231.11 loss@285.1 loss@269.11 loss@242.1 loss@276.13 frag@125.06 loss@277.11 loss@265.15 loss@284.15 loss@233.11 loss@244.12 loss@324.15 loss@237.17 loss@339.15 loss@301.15 loss@242.11 loss@290.09 loss@292.1,0.4744688869 0.05668368191 0.02544293553 0.02443800867 0.02366476879 0.01936083846 0.01334324665 0.0116519751 0.01137869712 0.01106010471 0.01086985413 0.01077457331 0.01040769927 0.01032323949 0.009922783822 0.009607389569 0.009198752232 0.007650436368 0.007577606477 0.007243301254
240,frag@176.11 loss@274.13 loss@192.12 frag@218.12 loss@291.11 loss@299.15 loss@302.14 loss@162.1 frag@169.01 frag@167.13 loss@269.05 loss@291.13 frag@138.09 loss@298.13 loss@247.13 loss@227.08 frag@400.18 frag@227.09 frag@298.07 loss@223.06,0.3523323834 0.1812839061 0.1487451047 0.1114470065 0.06899441779 0.01977371797 0.01746186428 0.005794626195 0.004967465065 0.004094843753 0.003176135011 0.002818419831 0.002640171675 0.001906020101 0.001834204653 0.001715613529 0.00144784851 0.001410811907 0.001145096729 0.001099975547
241,loss@253.12 frag@170.12 loss@279.13 frag@203.11 loss@266.12 frag@246.04 frag@162.06 frag@155.98 frag@214.11 frag@136.11 loss@261.12 loss@245.05 frag@221.02 frag@122.03 loss@280.15 frag@281.04 frag@220.02 frag@171.95 loss@229.06 frag@84.06,0.2027702779 0.1915080994 0.1777335405 0.08538576961 0.05278839916 0.0240607895 0.0122974664 0.01135211345 0.007526285946 0.007234832272 0.006446379703 0.006235889625 0.005828544963 0.005434122402 0.004567093216 0.003542832565 0.002734893933 0.002443714067 0.002335723955 0.002231169958
242,frag@91.05 loss@272.14 loss@224.14 frag@131.09 loss@270.13 loss@304.14 frag@91.06 frag@147.08 loss@239.15 frag@109.06 loss@271.11 loss@275.1 loss@238.14 loss@249.14 loss@247.11 frag@149.1 frag@119.09 loss@213.03 frag@119.05 frag@117.07,0.3205790818 0.1421182901 0.1387813836 0.06486082822 0.0547597222 0.02604821324 0.02348113619 0.02340837941 0.02126175538 0.01500329562 0.008511294611 0.007581286132 0.006126095541 0.006030878052 0.005913835485 0.005873716436 0.005006302148 0.00493958313 0.00473068608 0.004430332221
243,frag@91.05 loss@191.13 loss@249.14 frag@133.07 frag@91.06 frag@147.08 frag@119.05 frag@117.07 frag@109.06 frag@131.09 frag@190.12 frag@120.08 frag@188.14 loss@213.15 loss@306.17 frag@138.09 loss@275.1 loss@247.11 frag@254.12 loss@272.14,0.4156067073 0.2462837845 0.2375577539 0.02279286832 0.01428666525 0.005831371527 0.005192141514 0.0050414172 0.004687972367 0.004372196272 0.003928978927 0.003558281111 0.002019281266 0.0018400806 0.001270799665 0.001222368563 0.001112717553 0.0009648042032 0.0009149932303 0.0009080610471
244,frag@149.08 loss@204.13 loss@178.09 frag@205.13 frag@166.1 loss@176.11 loss@204.11 loss@165.1 loss@194.12 frag@139.03 frag@167.05 frag@224.03 loss@191.08 frag@123.05 loss@207.04 frag@231.12 loss@193.06 loss@244.1 frag@285.12 frag@110.99,0.4387680888 0.2966523468 0.1791784018 0.03499784321 0.003923519515 0.003021391341 0.001586492523 0.001543364022 0.001412574435 0.001403836184 0.001373795443 0.001373075065 0.001360619674 0.00125192909 0.001247924869 0.001044345321 0.001026789076 0.0009777247906 0.0009522594628 0.000795016007
245,frag@165.02 loss@190.05 loss@350.1 loss@298.07 loss@166.01 loss@274.19 loss@394.16 loss@235.05 loss@233.1 loss@318.11 frag@141.08 loss@300.16 loss@364.1 loss@249.07 loss@267.03 loss@164.08 loss@218.07 loss@333.12 loss@167.17 loss@225.08,0.4849016666 0.2114928216 0.03832166642 0.02918351628 0.02162050083 0.01790967211 0.01592893526 0.01286697388 0.007105940487 0.005596756469 0.005150185898 0.004424579442 0.004349777009 0.004167899489 0.00385856838 0.003606971586 0.003261820646 0.003132667858 0.002420424484 0.00231727818
246,frag@109.05 loss@241.08 loss@230.06 loss@265.04 loss@289.05 loss@216.0 loss@302.08 loss@295.05 loss@165.14 loss@210.99 loss@277.04 loss@280.06 frag@116.98 loss@235.09 frag@201.1 loss@244.06 loss@101.03 loss@217.99 frag@182.09 loss@233.01,0.4770928323 0.1467067301 0.09377865493 0.05166961253 0.02772853151 0.02733552828 0.02233140729 0.01815575548 0.01808843948 0.01717356406 0.01003739983 0.004965055268 0.003922119737 0.003235836979 0.002888910705 0.002706761938 0.002693400253 0.0023090709 0.001345567289 0.00134313514
247,loss@183.13 frag@82.07 loss@288.15 frag@140.07 loss@182.12 frag@82.06 frag@55.05 frag@56.05 frag@84.08 frag@102.09 frag@96.08 frag@100.04 frag@84.04 frag@83.09 frag@154.1 loss@278.17 loss@196.12 frag@126.09 loss@187.12 frag@249.04,0.287540555 0.2214148194 0.129619509 0.1112282425 0.04950592294 0.03212532774 0.0311606992 0.02607092075 0.01629626192 0.007256180979 0.005395782646 0.003937344532 0.003561418736 0.003559225006 0.00348125468 0.003326928709 0.003032660345 0.002859481378 0.002449971857 0.002362658037
248,loss@246.1 loss@228.09 frag@203.08 frag@170.06 frag@159.1 frag@172.08 frag@160.08 frag@158.06 frag@132.08 frag@142.07 frag@199.09 frag@118.07 frag@202.09 frag@144.08 frag@159.07 frag@174.09 frag@159.09 frag@130.07 frag@142.06 frag@216.14,0.2569708228 0.2221603543 0.1153269559 0.07420957834 0.05831168592 0.02677485347 0.02280763164 0.02172155678 0.02098752186 0.01628261618 0.01336996537 0.01329840999 0.01325967163 0.009363749996 0.008850611746 0.007980047725 0.007054102607 0.006293669343 0.005785819609 0.00556121394
249,loss@246.08 frag@173.04 frag@54.03 loss@139.01 frag@125.0 loss@156.04 frag@81.04 frag@44.98 frag@66.03 loss@145.03 loss@206.02 frag@67.04 loss@175.05 loss@167.04 frag@148.06 frag@128.02 loss@210.04 frag@82.05 loss@200.06 frag@98.01,0.2663335204 0.1556806266 0.112686567 0.06856691092 0.0598683916 0.04617892206 0.03588800877 0.03072346933 0.01169189159 0.01056587975 0.009025796317 0.008481318131 0.007626592647 0.005554377567 0.005513222888 0.004860555753 0.003871428315 0.003807167057 0.003278073855 0.002983603859
250,loss@17.03 frag@219.09 frag@218.08 frag@235.12 frag@226.04 frag@237.06 loss@114.05 frag@305.09 loss@58.03 frag@183.08 frag@178.08 loss@104.07 loss@129.05 frag@382.13 frag@243.07 frag@208.09 frag@191.09 frag@247.09 frag@419.14 frag@319.21,0.4340747297 0.1581041366 0.1271641254 0.06982627511 0.04168237001 0.02694189735 0.02429023013 0.009387477301 0.009367505088 0.007085674442 0.006068460178 0.004065511283 0.003448992735 0.003163221059 0.002780983923 0.002578660147 0.002448916435 0.002256000182 0.002174126916 0.002083870117
251,frag@135.04 frag@163.04 loss@250.07 loss@195.11 loss@220.11 loss@274.05 loss@275.14 loss@272.06 loss@302.12 frag@117.03 loss@222.03 loss@346.01 loss@237.16 loss@307.1 loss@286.14 loss@312.18 loss@187.0 loss@292.18 loss@312.15 loss@336.08,0.320050329 0.1128223762 0.02863289788 0.02854543179 0.02545186505 0.020972142 0.0198279433 0.01966688782 0.01956594177 0.01928669028 0.01747161895 0.01598440297 0.01590966806 0.0157943517 0.01468378771 0.01407788228 0.01364954095 0.01233356725 0.01137930434 0.01116261538
252,frag@147.04 frag@175.04 frag@203.03 loss@359.14 loss@414.12 loss@423.14 loss@390.12 loss@391.17 loss@530.18 loss@295.16 loss@422.14 loss@343.13 loss@406.15 frag@119.05 loss@550.19 loss@398.18 loss@567.22 loss@379.15 loss@447.16 loss@610.15,0.2271992713 0.1325067282 0.05135435611 0.03843344748 0.02443488874 0.01986434311 0.01791170798 0.01788540371 0.01715083979 0.0170419272 0.016879756 0.01676528901 0.01666443422 0.01541944686 0.0147105325 0.01396250911 0.01348376833 0.01196925435 0.009881036356 0.009731528349
253,loss@98.07 frag@267.07 frag@252.11 frag@283.06 frag@287.11 frag@238.1 frag@209.96 frag@313.07 loss@73.05 frag@255.07 frag@299.06 loss@44.03 frag@325.11 loss@58.04 frag@238.06 frag@311.05 frag@239.07 loss@30.05 loss@92.07 frag@284.07,0.4175853133 0.2031061649 0.05649496615 0.02776003815 0.0225943327 0.02251869813 0.02065549232 0.013452827 0.0120500084 0.01097202674 0.008942170069 0.007235740777 0.007125397213 0.006926188245 0.006578248926 0.006231630687 0.006064109504 0.005790187512 0.004783303477 0.004231824074
254,frag@179.08 frag@172.95 frag@155.94 frag@165.06 loss@253.03 loss@204.97 loss@179.0 loss@273.06 loss@254.04 loss@303.07 frag@345.17 loss@227.0 loss@182.06 loss@235.07 frag@351.18 loss@303.08 loss@190.01 loss@225.97 loss@283.04 loss@301.06,0.1338597536 0.09475915134 0.06325855851 0.037667647 0.03483919799 0.02750805579 0.02733154595 0.02308784053 0.01735836454 0.01669853553 0.0130577758 0.01285711024 0.01045143045 0.009648752399 0.008387820795 0.008305021562 0.007972022519 0.007780046668 0.007478780113 0.005336842034
255,frag@137.08 frag@138.1 loss@214.08 loss@268.12 loss@250.12 loss@273.13 frag@97.09 loss@249.12 frag@206.1 loss@280.15 frag@84.06 frag@126.1 frag@83.07 frag@311.11 loss@226.08 frag@169.13 loss@223.17 loss@152.1 loss@263.12 loss@241.04,0.2786373496 0.1942073405 0.1810178906 0.1381341666 0.1114351302 0.02831604145 0.003584331134 0.003391315695 0.002923541237 0.002834269311 0.002787800739 0.002060867613 0.001650555176 0.001570766326 0.001355264802 0.001259294222 0.001227212255 0.00119868794 0.001119323191 0.000954831019
256,frag@138.04 loss@336.11 frag@150.06 loss@138.15 loss@205.03 frag@106.04 frag@94.03 loss@226.05 loss@258.04 loss@60.08 frag@259.05 frag@318.16 loss@302.06 frag@151.09 loss@228.07 frag@164.08 loss@319.14 frag@182.09 loss@207.12 loss@297.08,0.07839313895 0.06931440532 0.05779972672 0.03671405092 0.02793094702 0.02782164514 0.02707791887 0.01930403896 0.01250899211 0.01235228591 0.01234295592 0.01190984808 0.01166154351 0.0109670544 0.009637389332 0.008409164846 0.008267151192 0.008054879494 0.007992138155 0.007770677563
257,loss@241.12 loss@199.06 frag@103.05 frag@131.05 frag@131.08 frag@133.06 frag@105.03 frag@77.04 frag@336.17 frag@149.06 frag@104.05 frag@184.02 frag@105.05 frag@253.1 frag@121.03 frag@119.06 frag@123.06 frag@161.06 frag@175.12 frag@202.12,0.3028640747 0.1510434002 0.08638465405 0.07413879037 0.06122120097 0.03586287051 0.02847539261 0.01882564276 0.01432137098 0.011926773 0.01059658732 0.01047439221 0.01039787661 0.009411659092 0.009338790551 0.008554748259 0.006735408213 0.006631041877 0.004654041957 0.004602603149
258,loss@72.06 loss@44.06 frag@130.05 frag@214.05 loss@54.05 loss@47.05 frag@242.04 frag@262.1 frag@297.11 frag@333.11 frag@269.05 frag@282.14 frag@375.11 frag@170.96 loss@100.09 frag@275.08 frag@319.21 frag@311.11 loss@82.08 frag@276.18,0.1954178065 0.1212518513 0.1026359051 0.05739459023 0.05541232601 0.03731791303 0.03549106419 0.02566453069 0.02559780143 0.01754858717 0.01753339916 0.009172883816 0.008899401873 0.008853030391 0.007977376692 0.00789058581 0.007731093559 0.007310778834 0.005548347253 0.004304060247
259,frag@119.08 loss@224.18 frag@251.11 loss@226.97 loss@331.05 frag@289.15 loss@649.16 loss@504.18 loss@348.11 loss@220.18 frag@424.11 loss@339.17 loss@296.99 loss@350.17 frag@136.94 loss@452.13 loss@430.26 frag@363.17 loss@344.15 loss@128.61,0.2190980017 0.036642652 0.02662379667 0.02017279528 0.009411131963 0.009267390706 0.008017788641 0.006699291524 0.005644598044 0.005002076738 0.004818296526 0.004620468244 0.004465517122 0.004145380575 0.004127341323 0.003812019015 0.003739692969 0.003367584199 0.003238886362 0.003200938459
260,frag@67.03 loss@126.04 frag@160.06 loss@140.06 frag@170.03 frag@66.03 loss@135.05 loss@123.03 loss@85.03 loss@100.04 loss@154.04 frag@198.99 frag@164.03 loss@89.98 loss@66.01 frag@152.03 frag@83.04 loss@33.99 frag@76.02 loss@128.99,0.08871540427 0.0728174597 0.06877554208 0.06460258365 0.03729923069 0.03397591412 0.03142197058 0.02635739744 0.02081481554 0.02080243267 0.02029598691 0.01772968471 0.01728459075 0.01599453017 0.01424125116 0.01402463857 0.01380973496 0.01268848311 0.01209160779 0.01208530832
261,frag@95.05 frag@107.05 frag@79.05 loss@262.16 loss@286.11 frag@105.03 loss@257.07 frag@125.06 loss@306.09 loss@242.06 loss@282.1 loss@272.15 loss@278.1 loss@310.17 loss@316.12 frag@77.04 loss@309.11 loss@280.18 frag@135.04 loss@334.12,0.1397949308 0.1349123716 0.08420712501 0.05488628522 0.03624490649 0.02969940938 0.02651258558 0.02362303995 0.02325636707 0.02139916271 0.01998421736 0.01926943474 0.01653942838 0.0154953301 0.01245814096 0.01245221868 0.009540844709 0.00861524418 0.008587234654 0.007119031157
262,frag@152.97 loss@226.03 loss@246.01 loss@241.03 frag@159.97 loss@137.02 loss@316.11 loss@323.06 frag@208.96 loss@315.13 frag@125.08 frag@194.03 frag@218.0 frag@103.02 frag@278.11 loss@175.99 frag@211.02 frag@66.05 frag@326.05 loss@209.0,0.1578237116 0.1397296935 0.0648143515 0.05653326586 0.04331316054 0.03758213669 0.02539195307 0.01878204755 0.01679466292 0.01172012836 0.009120325558 0.008651329204 0.008022955619 0.007829268463 0.007683461532 0.006561993156 0.00631218357 0.005968235899 0.004601601511 0.004589602351
263,frag@192.05 frag@151.96 loss@225.18 frag@162.12 frag@209.11 loss@237.07 loss@250.12 loss@178.99 loss@137.11 loss@110.12 loss@143.03 loss@153.11 loss@200.03 loss@172.03 loss@377.1 loss@201.04 loss@187.13 loss@248.04 loss@160.03 loss@151.09,0.2063195109 0.0895774886 0.08602174371 0.08171834797 0.04958860576 0.0236716643 0.01712118462 0.01505631488 0.01378343161 0.01097139064 0.009658314288 0.007883608341 0.006799900439 0.004401606508 0.004212063737 0.004186641425 0.004157167394 0.003811635077 0.003699821187 0.003632830456
264,frag@110.06 frag@94.06 loss@194.11 loss@219.14 loss@235.1 loss@254.07 loss@237.06 loss@235.11 loss@214.05 loss@263.11 frag@68.05 loss@276.11 loss@212.1 loss@250.05 frag@92.05 loss@234.14 loss@245.06 loss@210.1 loss@267.12 loss@238.03,0.2842794657 0.1694821715 0.07682900876 0.06185064092 0.05897755921 0.04700773954 0.04080349952 0.02508959174 0.02124794386 0.01764593273 0.01695946231 0.01441510767 0.0133668296 0.01129826624 0.01090893056 0.006862213835 0.006292114966 0.004603348207 0.00405842904 0.003743545152
265,frag@95.05 loss@223.08 frag@77.04 loss@201.06 loss@221.1 loss@168.04 loss@203.03 loss@243.15 loss@221.03 loss@396.09 loss@124.03 loss@208.07 loss@39.01 frag@53.04 frag@105.04 loss@110.01 frag@79.05 loss@125.02 loss@171.06 loss@321.17,0.3808893263 0.111731194 0.08438701183 0.08021398634 0.06126733124 0.04190151393 0.02894665487 0.02719245106 0.02404857241 0.0113854669 0.01086203754 0.009630559012 0.008437512442 0.007353009656 0.0070423414 0.005780305248 0.005775396712 0.005624584388 0.004822906107 0.004444764461
266,frag@138.09 loss@179.09 loss@208.1 loss@214.11 frag@120.07 frag@220.05 frag@207.98 frag@309.16 frag@210.12 loss@207.16 loss@350.15 loss@260.12 frag@133.06 frag@187.12 frag@120.08 loss@149.08 frag@172.11 frag@153.03 frag@161.11 loss@218.09,0.3002039194 0.2132314742 0.1502137631 0.09283094853 0.06368673593 0.05016939715 0.02241609618 0.02189453132 0.01829475164 0.012132328 0.002221995965 0.002221512841 0.001948264078 0.001864294638 0.001622807235 0.001541346661 0.001147295348 0.001143714297 0.001122418907 0.001085271593
267,frag@99.01 loss@156.12 loss@174.13 frag@81.06 frag@101.01 loss@257.16 loss@162.13 frag@196.12 loss@171.0 loss@289.19 loss@275.17 loss@271.08 frag@83.02 frag@269.02 loss@121.96 frag@295.09 frag@82.03 frag@218.1 loss@383.17 loss@274.1,0.1873355657 0.1430740654 0.1187766939 0.05279670283 0.04894159734 0.04684898257 0.02061666921 0.005480104126 0.0053305123 0.004862015601 0.004729039501 0.004655540455 0.004638395272 0.004351293668 0.004213674925 0.003197510261 0.003163662739 0.003143332666 0.002593230689 0.002587857423
268,loss@261.1 frag@233.12 frag@83.01 frag@173.95 loss@318.16 loss@234.2 loss@358.2 loss@134.0 loss@239.09 loss@328.2 loss@168.12 frag@252.06 frag@261.09 loss@283.09 frag@101.01 loss@265.13 loss@116.1 loss@186.04 loss@231.12 loss@225.16,0.2468853742 0.18804124 0.1772626787 0.02969812974 0.0206683632 0.01922929473 0.008956757374 0.007685613353 0.005800100043 0.005570135079 0.004164297599 0.003933584318 0.003828687593 0.002883900423 0.002737257397 0.002656322671 0.00230320706 0.002265115269 0.001940525253 0.001905512996
269,frag@111.06 frag@165.08 loss@261.13 frag@179.11 loss@269.05 loss@181.1 frag@139.05 loss@318.11 frag@108.06 frag@43.04 frag@207.11 loss@219.08 loss@291.15 loss@146.14 loss@254.11 loss@244.14 loss@300.14 loss@337.11 loss@278.16 frag@243.12,0.1705510914 0.1216510385 0.07840072364 0.06529476494 0.02892280184 0.02860089578 0.02776165679 0.01688927412 0.01259881072 0.01021314692 0.009891230613 0.009485460818 0.009338901378 0.009130573831 0.008531182073 0.008141092025 0.007852436975 0.007744688075 0.00732713379 0.007278737146
270,frag@169.05 frag@243.1 loss@369.13 frag@130.99 loss@215.97 frag@74.04 loss@343.1 frag@348.06 loss@126.0 loss@275.23 loss@374.07 loss@226.07 loss@251.03 loss@101.0 loss@306.1 loss@269.11 loss@274.1 frag@230.11 frag@413.16 loss@282.16,0.1883126348 0.06980451196 0.02948912047 0.01820231974 0.01796714403 0.01490281522 0.01391579863 0.0117998058 0.01076262258 0.007532950491 0.007507296745 0.007377147209 0.007234094199 0.006778268609 0.005528137088 0.005434263032 0.005152903497 0.005138970912 0.004988329485 0.004564035218
271,frag@57.03 loss@229.15 frag@83.05 loss@296.12 frag@71.05 frag@73.05 frag@173.54 loss@264.18 loss@322.11 frag@145.1 loss@335.14 frag@95.09 frag@81.07 loss@256.09 loss@268.18 loss@315.16 loss@293.12 loss@253.15 frag@67.05 frag@69.03,0.1517554224 0.04743188992 0.04647891596 0.04376040399 0.03776831925 0.02745660394 0.02462626249 0.02284833975 0.02177039534 0.01893612556 0.01730302721 0.01721139066 0.01707531884 0.01648627594 0.01368240453 0.01218006574 0.01104047801 0.009951447137 0.008882185444 0.0082496861
272,loss@188.12 frag@279.16 loss@353.1 loss@336.14 loss@148.11 frag@409.2 frag@215.11 frag@227.09 loss@220.05 frag@302.07 frag@297.13 frag@306.11 frag@246.15 loss@247.13 loss@47.0 loss@268.0 loss@242.08 loss@202.14 loss@251.08 frag@177.08,0.1108962819 0.09805572778 0.04931074008 0.04791962355 0.02990048937 0.02394618094 0.02077023871 0.01162714977 0.01007551514 0.009269159287 0.008141837083 0.007550289389 0.006824729033 0.006158783566 0.005540167913 0.005488436669 0.005475837272 0.005345017184 0.005002652761 0.004599712789
273,frag@163.08 loss@236.11 loss@325.15 loss@162.07 loss@169.09 loss@237.16 loss@292.18 loss@258.06 loss@318.15 loss@342.18 loss@180.11 loss@236.13 loss@174.1 loss@205.15 loss@311.09 loss@266.19 loss@260.14 loss@235.06 frag@169.01 loss@172.09,0.4821968675 0.3106324077 0.01050445996 0.00709333783 0.004727219231 0.004485665821 0.004400025122 0.004142880905 0.004093529657 0.003865469713 0.003354348475 0.003296041861 0.003036045004 0.002547923708 0.002281134017 0.002204264281 0.002112516668 0.002027170965 0.001982611604 0.001974381041
274,frag@142.08 loss@296.16 loss@308.16 frag@185.1 frag@143.09 frag@159.12 frag@183.12 frag@133.1 frag@173.1 frag@157.1 frag@159.08 frag@161.13 frag@145.1 frag@175.08 loss@130.08 loss@82.01 loss@185.03 loss@356.11 loss@293.08 loss@215.1,0.3654467463 0.270838052 0.1990273595 0.07825684547 0.008866228163 0.005481230561 0.003914801404 0.003819726873 0.003367677331 0.003343873657 0.00258688163 0.002346193185 0.001640772563 0.001611704705 0.001577884075 0.001503971405 0.001242379076 0.001125350944 0.001112028142 0.001010037493
275,frag@125.07 frag@139.05 loss@178.11 frag@122.02 loss@205.12 loss@166.11 frag@94.03 loss@180.13 loss@231.14 loss@261.09 frag@71.06 loss@176.13 loss@244.06 frag@190.13 loss@152.1 loss@221.15 frag@267.16 loss@220.13 frag@126.05 loss@151.11,0.1511939913 0.1151208654 0.07750798762 0.07000502944 0.05740240216 0.05600555241 0.04660619423 0.0441284515 0.03888792172 0.03207062185 0.03101759218 0.02525822446 0.02354199626 0.01845022663 0.01792545803 0.01369368657 0.01021486893 0.007270900533 0.007044123486 0.007006467786
276,frag@243.1 loss@118.1 loss@266.99 frag@270.09 frag@298.08 loss@307.09 frag@241.08 frag@195.03 loss@341.13 frag@291.09 loss@304.12 loss@356.2 frag@335.13 frag@275.09 frag@259.01 frag@185.0 frag@318.1 loss@101.99 loss@269.09 loss@333.16,0.1294689626 0.02865714021 0.02727336995 0.02285568044 0.02199544199 0.01488338597 0.01377001684 0.01357052755 0.01218543015 0.008356334642 0.008098611608 0.007719852496 0.006858031731 0.006394138094 0.005837858189 0.005457572173 0.005174147431 0.004684373271 0.003861187259 0.003574319417
277,frag@82.06 loss@196.12 loss@186.14 loss@126.12 frag@83.07 loss@278.14 frag@82.07 loss@119.09 loss@204.15 loss@274.15 frag@69.06 loss@287.11 loss@317.17 frag@56.05 loss@301.08 loss@312.17 loss@322.15 frag@84.08 loss@278.17 loss@227.95,0.3710166514 0.1011707783 0.09286928177 0.06728458405 0.04802253097 0.04628862441 0.03365088627 0.02539616823 0.02243064158 0.01770670526 0.01544580702 0.01448161993 0.01265670545 0.009095114656 0.008808494546 0.007822133601 0.005515569821 0.00485612452 0.004160671495 0.004078741651
278,frag@84.08 loss@244.09 frag@127.12 loss@276.07 loss@310.1 frag@85.09 frag@129.1 loss@260.15 loss@289.11 loss@234.12 loss@290.12 frag@112.08 loss@268.14 frag@193.07 frag@58.06 loss@276.15 frag@95.07 frag@84.09 frag@70.06 frag@86.06,0.214953348 0.2118943781 0.1647337526 0.09627388418 0.07579517365 0.02794224583 0.02631116658 0.02284551598 0.01797949523 0.01079481374 0.01042812504 0.009894192219 0.006428553257 0.004786814563 0.004780979361 0.00333385542 0.003224527463 0.002873418853 0.0027467974 0.0024914674
279,frag@58.06 loss@265.12 frag@208.12 loss@290.12 loss@167.17 loss@303.14 loss@288.18 loss@324.17 loss@206.13 frag@58.07 loss@316.15 frag@112.11 loss@276.14 loss@213.94 loss@236.14 frag@127.12 loss@284.13 loss@289.11 loss@266.9 frag@232.13,0.3452270031 0.1407417804 0.07947485894 0.06698025763 0.05778488517 0.04220896587 0.03810201213 0.0314989388 0.02590058558 0.02089133486 0.01895737089 0.01443274412 0.01286781579 0.007244181819 0.006544266827 0.003959579859 0.003884100588 0.00354604423 0.003455213038 0.003321994795
280,frag@196.04 frag@265.11 loss@199.95 loss@330.12 loss@233.99 frag@312.12 loss@185.99 loss@185.0 frag@157.98 loss@298.09 loss@374.13 loss@243.06 loss@256.07 loss@317.08 loss@354.06 frag@152.98 loss@336.13 loss@202.02 loss@300.1 loss@185.98,0.1892691702 0.1700942814 0.08233834058 0.08054526895 0.06577719748 0.0551289767 0.02984754555 0.01945418306 0.01009789295 0.006750677247 0.006139408797 0.006041373592 0.004577705637 0.004280981608 0.003815202508 0.003091733903 0.002930385293 0.002888320712 0.002740549389 0.002733055968
281,loss@201.08 frag@104.03 loss@204.07 loss@229.04 frag@103.02 frag@104.02 frag@156.95 frag@123.06 frag@246.06 frag@105.06 frag@199.12 frag@134.06 loss@213.05 frag@158.02 frag@172.05 frag@92.03 frag@113.01 frag@187.09 loss@405.12 frag@207.98,0.1955322325 0.1495439857 0.1354177147 0.1134151742 0.1013429686 0.03441831097 0.02958344482 0.02731894143 0.01973159052 0.01891356893 0.01324675977 0.01203397755 0.01133597456 0.007876930758 0.005590499379 0.005445763003 0.004244344775 0.004177275114 0.00404988369 0.003842576174
282,frag@113.07 loss@227.06 loss@227.08 frag@179.0 loss@218.01 loss@282.12 loss@282.07 loss@232.07 loss@277.07 frag@340.13 loss@227.07 frag@102.04 loss@211.03 frag@138.07 loss@298.03 frag@159.11 loss@239.08 loss@266.06 frag@166.05 frag@125.01,0.3433704674 0.2294219732 0.1694878042 0.1282537282 0.05065597966 0.01279372536 0.002153165406 0.00142416975 0.001213535084 0.001089254045 0.0009754190687 0.0009611807764 0.0008796072216 0.0007798866136 0.0007713271189 0.0007590597379 0.000719780568 0.0006624229136 0.0006502502365 0.0006339810789
283,frag@79.02 frag@62.02 frag@61.01 loss@84.02 loss@98.04 loss@142.06 frag@64.0 frag@46.99 loss@94.08 loss@78.09 frag@81.02 loss@93.03 loss@78.04 loss@79.1 loss@78.06 loss@108.03 loss@90.03 frag@65.0 loss@100.01 loss@392.11,0.1302097887 0.1256600916 0.1072075963 0.08421277255 0.08401231468 0.06921771914 0.04732876271 0.03880935907 0.0294512976 0.0153718954 0.0145082511 0.0137355756 0.01183733996 0.01162390597 0.008415637538 0.006831087172 0.00668083597 0.006264295429 0.006128371228 0.006041760091
284,frag@59.05 loss@277.15 loss@188.15 loss@281.03 loss@292.07 loss@193.15 loss@362.1 loss@354.16 loss@359.13 loss@226.07 loss@268.15 frag@208.04 frag@182.01 loss@270.17 loss@232.0 loss@235.12 loss@257.05 loss@253.07 loss@171.0 loss@343.12,0.4787486494 0.09561324865 0.0652429387 0.05047390237 0.04177929834 0.03870979697 0.01603781246 0.01589245535 0.01457268279 0.006415421143 0.005940213334 0.005517288111 0.004280185793 0.003557368414 0.003238205565 0.002880394226 0.002691423986 0.00259838067 0.002456278307 0.002299863147
285,frag@161.06 loss@176.08 loss@298.11 loss@251.09 loss@186.06 loss@131.07 frag@133.06 loss@184.93 loss@200.05 loss@204.1 loss@202.09 loss@233.02 loss@175.1 loss@201.09 loss@231.12 loss@187.14 loss@229.14 loss@202.05 loss@197.03 loss@157.16,0.4896235168 0.2593485713 0.1134084538 0.06604542583 0.01335615013 0.008797292598 0.008316798136 0.004544010386 0.004003521521 0.002232209081 0.002168652136 0.001319602015 0.001018336159 0.001000226825 0.0009480683366 0.0006821207935 0.0006443609018 0.0005986438482 0.0005812584423 0.0005395443295
286,frag@213.09 frag@192.03 loss@130.03 loss@103.05 loss@112.01 loss@133.03 frag@243.09 loss@65.06 frag@167.97 loss@363.06 frag@210.04 frag@214.05 frag@322.15 loss@109.01 loss@150.05 loss@116.05 loss@123.94 frag@232.04 loss@128.03 loss@423.03,0.2177462727 0.1874864548 0.1631119102 0.1049816534 0.07475830615 0.05342612788 0.02520634606 0.01816550642 0.006956227589 0.006760858465 0.005316411145 0.004059211817 0.003811240429 0.003267554333 0.003066084348 0.003049735678 0.002835410181 0.002603262197 0.002493683714 0.002491971944
287,frag@173.95 loss@262.09 frag@45.03 loss@248.14 loss@252.03 loss@367.18 frag@246.07 loss@283.07 frag@70.04 loss@263.17 frag@213.96 loss@288.14 frag@207.11 frag@214.12 frag@68.04 frag@129.01 loss@458.14 frag@203.07 frag@187.11 loss@283.11,0.1771176159 0.1393293887 0.09625227749 0.0651312694 0.05127900839 0.034366671 0.02344924957 0.02181878127 0.009166766889 0.0069604991 0.0068690232 0.004359900486 0.003947946709 0.003902520984 0.003892986337 0.003667670069 0.003072283464 0.003057715483 0.002996512689 0.002916034311
288,loss@300.12 frag@291.17 loss@307.13 loss@195.15 frag@295.03 frag@292.14 loss@360.08 frag@230.13 frag@212.04 frag@83.02 frag@185.02 frag@315.12 loss@311.18 frag@221.01 loss@324.07 frag@232.16 frag@61.04 frag@221.94 frag@108.08 loss@281.07,0.06474456191 0.02567014843 0.01703781635 0.004746080376 0.003734494792 0.003568172688 0.003278559307 0.003260289552 0.002845123643 0.00277604023 0.002561718924 0.002032936085 0.0020275102 0.001999815693 0.00177368708 0.001745495014 0.001734175603 0.00172568264 0.001647364581 0.001450424432
289,frag@236.11 loss@199.1 loss@191.14 loss@170.09 frag@141.07 frag@169.98 frag@220.01 frag@304.17 frag@228.96 frag@285.12 frag@381.17 frag@151.12 frag@126.08 frag@155.05 frag@171.02 frag@150.13 frag@73.01 frag@277.19 loss@195.99 frag@169.11,0.2681368887 0.2361304313 0.1266626418 0.08753523231 0.03417402133 0.01957109198 0.01927457936 0.0134991277 0.01231864933 0.006072621327 0.005316558294 0.00505561661 0.004736294504 0.00437204726 0.003646428231 0.003305479884 0.003014462069 0.002892581047 0.002833564999 0.002817034721
290,frag@154.07 frag@183.07 loss@114.02 loss@301.12 loss@149.01 loss@66.02 loss@46.07 frag@220.1 loss@78.01 frag@322.16 frag@157.05 loss@126.01 loss@102.01 loss@60.03 frag@184.08 loss@62.02 loss@29.0 frag@317.13 loss@309.18 loss@182.08,0.1885792911 0.1684938371 0.08622237295 0.06416840851 0.05869943649 0.03642733023 0.03581599146 0.03508899361 0.02578171901 0.02560441755 0.02115623467 0.01869661175 0.01176931243 0.01135079097 0.007346590981 0.007273989264 0.006214550231 0.006132361945 0.004750002176 0.004713257309
291,frag@81.07 loss@181.11 loss@198.14 loss@224.15 frag@99.08 loss@239.16 frag@142.12 loss@209.14 loss@236.15 frag@79.05 loss@278.16 loss@220.15 loss@210.13 loss@237.14 loss@266.15 loss@281.14 loss@199.17 frag@67.05 loss@136.13 loss@180.12,0.4012210369 0.07043105364 0.05768316612 0.02973230742 0.02414207347 0.02287992463 0.02287553065 0.0222284086 0.02171796374 0.01624942012 0.0140117174 0.01191838365 0.01173040643 0.01102821343 0.01093033422 0.0108960513 0.01082124282 0.01008428074 0.009795178659 0.00978937
292,frag@167.04 loss@162.03 loss@130.02 frag@192.04 frag@252.95 frag@80.04 frag@235.06 loss@121.07 frag@204.96 frag@185.04 frag@162.02 loss@138.02 loss@95.11 frag@196.08 loss@203.01 loss@115.01 frag@234.94 frag@196.02 frag@232.08 loss@108.08,0.05988346413 0.0438417457 0.04324226081 0.03403561562 0.03208988905 0.0302798152 0.02844327316 0.02759937383 0.0255483035 0.02494507842 0.02182725258 0.02045526169 0.02024948411 0.01928777806 0.01750262082 0.01644007489 0.0157726258 0.01448037382 0.01240087207 0.01220415998
293,frag@255.06 loss@126.02 frag@129.06 loss@301.07 loss@138.02 loss@158.05 loss@160.01 loss@234.16 frag@198.13 loss@145.05 frag@122.94 frag@222.08 frag@233.1 frag@211.07 frag@177.04 loss@64.0 frag@309.11 loss@311.06 frag@173.09 frag@157.17,0.1336362809 0.05313503742 0.03330453858 0.01254945714 0.01179748122 0.008990307339 0.007884941064 0.006810708903 0.00623995997 0.00614174176 0.005945933051 0.005865714513 0.005669175647 0.005374023691 0.004725786857 0.004634345416 0.004369804636 0.004248814657 0.004218920134 0.00381916156
294,loss@84.06 loss@102.07 frag@205.04 loss@114.07 loss@130.06 frag@224.08 loss@116.08 frag@257.08 frag@218.05 frag@205.07 loss@96.09 frag@223.98 frag@307.07 frag@98.98 loss@252.05 frag@318.07 frag@76.04 frag@247.06 frag@247.13 frag@255.1,0.1133184507 0.09534310549 0.0917724371 0.07546793669 0.06346619129 0.06093652919 0.05734118819 0.04861148074 0.04391957819 0.03594237193 0.03215941414 0.02102651075 0.01667390205 0.01636531763 0.01468005031 0.01404466387 0.0139101129 0.01085906662 0.009255031124 0.007149878889
295,loss@258.12 frag@69.03 loss@288.08 frag@245.13 frag@99.04 frag@83.05 loss@362.1 frag@71.05 frag@87.04 frag@71.01 frag@97.06 frag@191.14 loss@332.13 frag@78.05 frag@204.14 frag@61.03 frag@97.03 frag@85.06 frag@322.08 loss@318.12,0.2640230954 0.2452440709 0.1904816329 0.1430711597 0.01978365518 0.01283203904 0.01274189446 0.007404133212 0.007117844652 0.003713804763 0.003519360209 0.003380941926 0.003356937785 0.003108544741 0.002943203552 0.002847535536 0.002465796424 0.002221915871 0.002094559139 0.00196176488
296,frag@143.09 frag@169.1 frag@157.1 frag@155.09 frag@173.1 frag@195.12 frag@168.09 loss@274.18 frag@209.13 frag@159.12 frag@185.1 loss@189.0 loss@280.17 loss@288.21 frag@187.11 frag@181.1 loss@323.15 frag@197.1 loss@252.14 frag@334.1,0.054001607 0.04994451255 0.04637553543 0.039525114 0.03165974095 0.02652249858 0.02155850455 0.02141933888 0.01699668728 0.0148395421 0.0142557174 0.01417202875 0.01252151094 0.01087707188 0.01019951422 0.009070329368 0.009025677107 0.008337679319 0.008151625283 0.008046610281
297,frag@140.03 frag@112.04 loss@93.06 loss@148.06 frag@138.01 loss@121.05 loss@181.12 frag@150.01 loss@163.09 loss@155.01 frag@178.01 loss@131.04 loss@61.05 frag@139.99 loss@255.04 loss@138.06 loss@183.04 loss@145.03 loss@139.01 frag@132.96,0.1933470368 0.1069551334 0.08590427786 0.07349968702 0.06921392679 0.06781098992 0.06044524536 0.05354480073 0.0369707942 0.03298275918 0.03297289833 0.02689562179 0.02141491696 0.01467898674 0.01261849701 0.005552787334 0.005405670498 0.005034805741 0.004548992496 0.004503163509
298,frag@193.06 frag@190.03 loss@104.04 loss@138.01 frag@194.99 loss@61.07 loss@170.97 frag@165.04 loss@112.04 frag@201.02 loss@123.1 loss@114.05 loss@138.08 loss@123.07 loss@132.03 loss@97.06 loss@137.03 loss@166.09 loss@104.07 frag@114.06,0.1660417616 0.1330011189 0.12054874 0.07840307057 0.06132909283 0.02843858488 0.02217011712 0.02140035108 0.01722799428 0.01499293558 0.01305600535 0.0116257919 0.009637071751 0.007320709992 0.006926959381 0.006381414365 0.005952410866 0.005897724535 0.005864163395 0.005564410705
299,frag@190.04 loss@94.05 frag@176.03 frag@192.06 loss@121.06 loss@151.02 loss@130.05 loss@166.09 frag@241.04 frag@148.03 frag@211.98 loss@179.04 loss@146.05 loss@137.1 frag@131.0 frag@198.11 loss@129.01 frag@177.07 frag@136.02 frag@151.03,0.1448100805 0.1441049576 0.120419398 0.1117585078 0.1094900966 0.1094084755 0.02925894596 0.02375226468 0.02098102495 0.01885669306 0.009895585477 0.009270913899 0.009168952703 0.008784675971 0.004822235554 0.004342697095 0.004306789022 0.004118937533 0.004050704185 0.003758255159
300,frag@301.07 loss@454.17 loss@308.11 loss@270.09 frag@287.05 frag@309.12 loss@324.11 frag@271.06 frag@287.06 frag@317.07 frag@153.02 loss@312.11 frag@303.05 frag@286.05 frag@279.11 loss@342.12 frag@307.06 loss@294.09 loss@600.23 loss@470.16,0.05529295281 0.05407101288 0.05317913741 0.04830328375 0.03495573625 0.02760270424 0.02730921656 0.02433659136 0.01928273402 0.01820549741 0.0176944267 0.01764480583 0.0167437233 0.01536808442 0.01523662638 0.01434218418 0.0141784139 0.0134596983 0.0132736396 0.01036118902
301,frag@228.1 frag@267.14 frag@229.03 loss@278.04 loss@361.15 loss@401.19 frag@208.05 loss@416.17 frag@168.1 loss@377.1 loss@102.09 loss@283.06 loss@280.06 loss@366.12 frag@241.06 loss@117.1 loss@234.01 loss@187.13 frag@239.11 frag@455.35,0.1936060935 0.03289249539 0.02766151354 0.01581064425 0.01570398174 0.01008292846 0.008412552066 0.00775479665 0.007618924603 0.006722286344 0.006704532076 0.006532217842 0.005845360458 0.00531494664 0.005270624533 0.005240521859 0.00469709374 0.003693974344 0.003660972929 0.002995059825
302,frag@179.09 loss@268.08 frag@212.04 frag@210.05 loss@243.0 loss@313.14 loss@374.14 loss@307.13 loss@330.13 loss@328.11 loss@356.15 loss@330.05 loss@223.15 frag@285.13 loss@268.07 loss@172.0 loss@267.07 loss@201.15 loss@450.2 loss@282.15,0.3610008061 0.06086338684 0.05156164244 0.04983599484 0.03889224306 0.03573840857 0.03380264342 0.03203142434 0.03023767844 0.02896755189 0.02456229553 0.02060733177 0.01878666133 0.01812950149 0.01649651118 0.007482816 0.005863429047 0.004990985151 0.003761006985 0.003446886316
303,loss@129.99 frag@223.06 loss@115.0 frag@198.04 frag@224.05 frag@364.16 loss@149.04 loss@308.0 frag@173.05 frag@275.13 frag@128.06 loss@263.98 frag@193.09 loss@47.04 loss@77.05 frag@185.06 frag@205.09 frag@225.05 frag@213.1 frag@143.05,0.2376850992 0.2287687361 0.07053221017 0.05164863169 0.02111448348 0.01839584112 0.01282204501 0.01197963487 0.01068570558 0.009646424092 0.009191085584 0.00904965587 0.007974075153 0.007496448699 0.006782852113 0.006717977114 0.00671323156 0.00613727374 0.005014928523 0.004923102446
304,frag@95.05 loss@240.1 frag@77.04 loss@286.11 loss@257.13 frag@125.06 frag@79.05 frag@107.05 loss@237.13 loss@277.11 frag@105.03 loss@352.11 frag@135.04 loss@274.17 loss@250.07 loss@309.11 loss@243.15 loss@124.03 loss@396.09 loss@195.11,0.2632168829 0.1416402608 0.1114757881 0.086899288 0.05281757936 0.02482536063 0.02382455207 0.02336503379 0.02247923985 0.02161143534 0.01798048988 0.01219504233 0.01172360592 0.009321469814 0.007913684472 0.007028863765 0.007000111975 0.005968597252 0.005014246795 0.004632301629
305,loss@137.03 frag@245.05 frag@243.04 frag@100.06 frag@44.98 frag@298.13 frag@160.03 frag@206.17 frag@248.06 frag@276.11 frag@221.07 loss@0.04 loss@231.0 loss@163.97 loss@112.04 loss@237.97 frag@198.11 frag@359.12 frag@238.08 frag@284.16,0.199349463 0.04020756483 0.03678947315 0.03006233647 0.02290068939 0.02154860646 0.01677855104 0.01642404869 0.01330446918 0.01313199848 0.01269157045 0.01242416073 0.01029272377 0.01020111982 0.009724039584 0.009252870455 0.008987054229 0.008764581755 0.008324660361 0.008267979138
306,loss@229.09 loss@217.09 loss@231.1 frag@171.05 frag@142.06 loss@256.1 loss@259.1 frag@281.14 frag@132.08 frag@115.05 frag@241.99 frag@241.11 frag@173.07 frag@142.07 frag@146.06 frag@117.02 frag@190.05 frag@308.14 frag@133.07 frag@160.08,0.1448286474 0.1341424882 0.09766791761 0.07158172876 0.05900372937 0.04561975598 0.03876930103 0.03528404608 0.03483428434 0.03295918182 0.02659704164 0.02487467416 0.01747896709 0.01353501529 0.01204784866 0.009773070924 0.009771077894 0.009689159691 0.009163665585 0.007056863047
307,frag@150.05 loss@238.04 loss@130.04 loss@314.14 loss@312.1 loss@251.14 loss@79.04 loss@225.13 loss@329.1 loss@315.15 frag@162.05 loss@195.04 frag@218.1 loss@236.08 loss@281.05 frag@120.04 loss@181.07 frag@179.97 loss@293.16 loss@264.11,0.4743621647 0.1233652756 0.08526084572 0.07355904579 0.05833334848 0.05188601837 0.03431406245 0.008146139793 0.007099018432 0.003977406304 0.003182664048 0.00268170936 0.002677930985 0.002289023716 0.002016205108 0.001769992406 0.001750062918 0.001461012173 0.001304656849 0.001240153448
308,frag@101.02 loss@211.03 loss@266.1 loss@336.16 loss@265.08 loss@317.08 loss@327.17 loss@279.0 loss@262.18 loss@252.14 loss@240.11 loss@299.09 loss@166.06 loss@383.14 loss@345.16 loss@160.13 loss@299.06 loss@106.03 loss@191.96 loss@63.02,0.486812681 0.1012357697 0.09037587047 0.07872986794 0.0700789094 0.01818859018 0.00505760964 0.004157801159 0.003897717455 0.002666815417 0.00248281681 0.002445856575 0.001798197627 0.001663436764 0.001633322565 0.001612895052 0.001454872778 0.001451669843 0.001367339282 0.001308153034
309,frag@43.03 loss@294.16 loss@213.97 loss@212.99 loss@285.0 loss@217.97 loss@193.0 loss@104.0 loss@444.15 loss@124.12 loss@140.11 loss@125.12 frag@169.96 loss@118.03 loss@348.12 loss@68.06 loss@182.0 loss@54.05 loss@86.08 loss@101.1,0.4714886844 0.1119544506 0.07239346206 0.07050180435 0.05613077804 0.02854523808 0.00713762315 0.007031999528 0.00518448744 0.00499655446 0.004434011411 0.004030865617 0.003747556359 0.003112866543 0.002661298728 0.002633890603 0.002624948509 0.002338064369 0.002252293285 0.002122219652
310,loss@125.1 frag@180.01 loss@111.08 loss@136.1 loss@139.11 frag@211.01 frag@208.02 frag@303.1 frag@247.07 frag@298.16 frag@137.02 frag@143.02 loss@139.07 frag@187.05 frag@169.96 frag@70.04 loss@64.03 loss@45.02 frag@43.03 frag@141.04,0.1348517388 0.1241354346 0.1182374358 0.1037375331 0.09771101177 0.09393730015 0.05013464019 0.04662240669 0.04085537419 0.01561433263 0.01025079843 0.008197009563 0.007722176146 0.00692353351 0.006048974581 0.005796596874 0.004658305086 0.004298378713 0.004230176564 0.004116177093
311,frag@197.07 loss@279.14 loss@243.12 loss@308.08 loss@309.18 frag@238.05 frag@226.02 loss@316.14 loss@376.11 loss@304.16 loss@290.11 loss@120.05 loss@321.11 loss@127.99 loss@221.98 frag@180.05 frag@162.04 loss@238.15 frag@207.06 frag@261.03,0.332672596 0.08827189356 0.06585101783 0.05527729169 0.05131099746 0.0284157414 0.02598360181 0.02469507232 0.02331558429 0.01309735607 0.007295256015 0.006829875056 0.006546495017 0.006013924722 0.005651849788 0.004743102938 0.004577320535 0.0045108716 0.004367372021 0.004168810323
312,frag@84.08 frag@112.08 loss@184.12 loss@182.11 loss@251.13 loss@210.1 loss@257.12 loss@212.15 loss@248.12 loss@250.1 loss@211.13 loss@211.12 loss@224.1 loss@220.05 loss@259.1 frag@84.09 loss@263.15 frag@56.05 loss@209.13 loss@283.1,0.3845107853 0.08011229336 0.04376824573 0.04370959848 0.03286209702 0.03180192783 0.030267803 0.02860084549 0.02719706297 0.02549072169 0.02503389865 0.02502898313 0.02480996586 0.01553397439 0.01290865894 0.01172360033 0.009251693264 0.008966074325 0.008566836827 0.006520090625
313,loss@136.05 frag@171.04 frag@143.05 frag@324.12 frag@173.06 loss@259.08 frag@187.06 loss@187.0 frag@159.08 frag@222.1 loss@140.13 loss@295.14 frag@195.09 frag@145.06 loss@136.09 loss@266.19 frag@175.06 frag@183.1 frag@163.08 loss@164.08,0.4812332094 0.2803450525 0.1590912044 0.03584366664 0.00860554073 0.006487778854 0.001868608641 0.001490405644 0.001038921066 0.0009439631249 0.0008580205613 0.000742949429 0.0006943852059 0.000683001359 0.0006699039368 0.0006401528371 0.0005728823016 0.0005635886919 0.0004726646584 0.0004708924098
314,frag@145.06 loss@204.1 loss@169.1 frag@145.07 frag@159.08 frag@129.07 frag@117.07 loss@364.12 loss@306.13 loss@293.13 loss@171.07 frag@116.06 loss@230.09 loss@162.07 frag@133.06 loss@149.12 frag@141.07 loss@160.1 frag@115.05 frag@172.08,0.2151919603 0.1108850688 0.07758186758 0.07155816257 0.05963595584 0.03372833133 0.03020563535 0.02903355286 0.02103363164 0.02062163129 0.01294532605 0.01176394336 0.01010740828 0.008463027887 0.007601017598 0.006594860461 0.005901736207 0.005765875336 0.005513728131 0.005139884073
315,loss@218.09 frag@227.09 frag@290.13 loss@208.11 frag@145.03 frag@117.03 frag@176.11 loss@322.14 frag@135.08 frag@163.04 frag@127.01 frag@314.13 frag@241.99 loss@190.1 frag@218.06 loss@210.09 frag@180.1 frag@107.01 frag@336.17 loss@223.14,0.4538097084 0.3251196742 0.1285810024 0.02792753279 0.00727936672 0.00440698117 0.003775009187 0.003665790195 0.003103828523 0.00214356347 0.001504289568 0.00138999254 0.001211912953 0.001177333528 0.001064572949 0.0009499956504 0.0008003084804 0.0007972081657 0.0007841835031 0.00074888987
316,frag@182.1 frag@208.11 loss@272.12 frag@238.09 loss@133.11 loss@333.12 frag@241.08 frag@172.11 loss@134.11 frag@184.11 frag@247.05 loss@252.97 loss@277.17 loss@385.14 frag@226.12 loss@345.13 loss@302.16 loss@297.02 loss@130.07 loss@273.15,0.105417788 0.07602015883 0.06056542695 0.05671681836 0.05115566775 0.0479127951 0.04492265359 0.04138966277 0.03942157328 0.03360020369 0.02662899345 0.02251348644 0.02195863985 0.01861335523 0.01738248579 0.01703416556 0.01401431393 0.01214153692 0.01189101487 0.01088205632
317,frag@120.04 loss@216.09 loss@166.07 loss@192.13 loss@245.12 loss@180.08 loss@198.08 loss@196.09 loss@211.11 loss@227.11 loss@135.06 loss@225.13 loss@104.06 loss@179.06 loss@244.1 loss@190.11 loss@213.01 loss@189.08 loss@191.08 loss@160.05,0.495957762 0.07495173812 0.06959749758 0.06360270828 0.04500629008 0.04225200787 0.03920116276 0.03883819655 0.03117078356 0.02670331113 0.007856233977 0.006636946462 0.004507860634 0.00345264608 0.00304114935 0.002672270872 0.002671221504 0.001741306158 0.001472414006 0.001353035332
318,frag@249.13 loss@326.17 loss@381.16 loss@318.13 loss@323.16 loss@314.07 frag@268.02 frag@248.11 frag@214.09 frag@149.13 frag@297.15 loss@380.17 loss@267.17 frag@181.0 frag@185.0 loss@310.18 loss@274.16 loss@282.1 frag@136.94 frag@174.13,0.2611098886 0.1412255168 0.0943595171 0.03580646589 0.0339900665 0.02669048309 0.01389698405 0.01253975369 0.009255824611 0.007912465371 0.007667613216 0.0063294149 0.005629073828 0.005445485469 0.004582267255 0.004390044138 0.004119005986 0.004001906607 0.003936277237 0.003700076137
319,frag@209.08 loss@129.11 loss@270.06 loss@117.03 loss@90.0 frag@235.06 loss@209.01 loss@297.18 loss@170.18 loss@344.04 loss@172.15 loss@181.05 loss@122.06 frag@260.1 frag@319.15 loss@44.04 loss@37.03 loss@258.03 loss@377.17 loss@236.02,0.4662931263 0.1082751006 0.08366028965 0.02779522911 0.007715292275 0.003903704695 0.003654761938 0.002853016835 0.002675158903 0.002661798382 0.002242076909 0.002112728311 0.00194908923 0.001600295189 0.001432655146 0.001406968455 0.001325005898 0.001280845609 0.001255391515 0.001231019618
320,loss@289.1 loss@350.11 loss@297.21 loss@421.19 loss@330.18 frag@236.0 loss@297.17 frag@372.12 frag@194.15 frag@371.13 frag@209.13 frag@323.16 frag@230.11 frag@249.03 frag@360.11 loss@275.17 loss@424.12 frag@218.17 frag@69.49 loss@317.22,0.01936085708 0.008715668693 0.008571523242 0.007809575647 0.00722394418 0.006901544053 0.006876694504 0.006229391322 0.003890777007 0.003601896111 0.003452317556 0.003173724748 0.00290235877 0.002862816909 0.002684698673 0.002508626319 0.002490390791 0.002478918293 0.002450650092 0.00243586069
321,frag@42.03 loss@187.11 loss@127.04 loss@259.11 loss@163.05 loss@179.02 loss@157.04 loss@204.01 loss@222.02 loss@113.01 loss@206.05 loss@201.04 loss@328.15 loss@258.11 loss@170.08 loss@261.06 loss@328.18 loss@244.05 loss@219.04 loss@187.09,0.4908944666 0.1062264889 0.09949520975 0.08185313642 0.06279131025 0.03946565092 0.02776458859 0.01420049462 0.005779728759 0.004708988592 0.004131531343 0.003412385471 0.003179941094 0.002099684905 0.001887267921 0.001857254072 0.001625403762 0.001431003446 0.001264618244 0.001251874724
322,loss@161.07 frag@188.09 loss@133.07 frag@230.09 frag@274.1 frag@95.03 loss@220.02 loss@212.11 frag@162.08 frag@233.11 frag@114.01 loss@204.11 frag@163.99 frag@145.01 frag@224.09 loss@395.14 frag@193.01 frag@263.18 frag@144.05 frag@94.04,0.2715648413 0.2519981861 0.1644479334 0.1260365248 0.01719410159 0.01216142718 0.01207099203 0.0119624557 0.009997583926 0.009144835174 0.005769819953 0.005751522724 0.004189881962 0.002551058307 0.002521541901 0.001982661663 0.001914398861 0.001597151509 0.001535460353 0.001441053813
323,frag@85.04 frag@204.1 loss@261.14 loss@264.11 loss@260.15 loss@279.15 loss@237.11 frag@160.1 frag@146.1 loss@267.11 loss@267.13 loss@252.12 loss@344.17 frag@132.08 frag@99.05 frag@144.08 loss@372.12 frag@130.02 loss@250.14 frag@171.02,0.2051217109 0.1165054813 0.04647325352 0.03568699956 0.03184992447 0.02944108844 0.02618377283 0.02127184533 0.01754096709 0.01602639258 0.01505382359 0.01217982452 0.01119992603 0.0101397112 0.009402675554 0.008849590085 0.008261388168 0.008218486793 0.007615719922 0.00740388222
324,loss@144.09 frag@170.1 frag@213.1 loss@118.09 frag@181.03 frag@158.1 frag@222.13 frag@355.2 loss@297.02 loss@113.13 frag@155.07 loss@303.06 frag@172.08 frag@204.07 loss@272.12 loss@131.09 loss@343.19 frag@158.06 frag@188.9 frag@195.08,0.408244133 0.2445615232 0.09590959549 0.06253955513 0.05912752822 0.03618946299 0.01676635444 0.005958538968 0.004977979232 0.003805594752 0.002018359024 0.001919974689 0.001902013086 0.001834849012 0.00170551578 0.001577816671 0.001549901208 0.001288049505 0.00123074255 0.001220119651
325,frag@166.05 loss@194.15 loss@273.07 frag@174.96 loss@265.06 loss@237.12 loss@207.12 loss@163.97 loss@299.03 loss@211.07 loss@319.14 frag@277.19 frag@46.35 loss@315.1 loss@281.12 loss@258.04 frag@417.15 loss@193.06 loss@221.02 frag@391.18,0.3712804019 0.1100437865 0.08539444953 0.05721071362 0.03714681044 0.02044352144 0.0169184655 0.01686523855 0.01206177101 0.01054700371 0.007784330286 0.007140084635 0.006987214554 0.006777962204 0.00619716011 0.005955955014 0.005620073993 0.005311110523 0.005160268396 0.004678970668
326,frag@163.05 frag@145.04 loss@206.07 loss@139.06 loss@161.06 frag@190.05 loss@183.98 loss@129.08 loss@129.07 loss@172.14 loss@190.07 loss@213.14 loss@107.06 frag@144.04 loss@178.06 loss@211.98 loss@220.04 loss@280.03 loss@120.06 frag@162.05,0.2421444952 0.1965979189 0.1740242988 0.1680933237 0.09299883991 0.05398935825 0.01252020523 0.01134626102 0.008161532693 0.006105009932 0.004775448702 0.003418742679 0.00258693262 0.00101749599 0.001000085846 0.0008314471925 0.000691483845 0.0006651037838 0.0005636513233 0.0004887696705
327,frag@121.1 frag@147.12 frag@107.09 frag@95.09 frag@109.1 frag@123.12 frag@135.12 frag@161.13 frag@133.1 frag@93.07 frag@157.1 frag@159.12 frag@187.15 frag@81.07 frag@145.1 frag@189.16 frag@125.1 frag@175.15 frag@111.08 frag@149.13,0.02470378764 0.02386271581 0.02367080562 0.02281965688 0.02037713863 0.02015333995 0.02002872154 0.01888474077 0.01801482402 0.01643926837 0.01416285988 0.0124228159 0.01086773351 0.01045634225 0.009502384812 0.009162351489 0.008144192398 0.0081157526 0.008104954846 0.006913224235
328,frag@44.05 loss@243.08 loss@271.14 loss@301.1 loss@154.01 loss@209.98 loss@81.97 loss@231.15 loss@291.05 frag@101.07 loss@284.11 loss@98.04 loss@234.05 frag@60.04 loss@263.13 loss@267.04 loss@157.12 loss@288.04 loss@201.14 frag@98.08,0.4553157389 0.09465090185 0.07622215897 0.07069311291 0.03569334373 0.03092243522 0.02346754447 0.0212299712 0.01500079036 0.01129668579 0.01124467701 0.01094671525 0.0102341976 0.007660460658 0.007127036806 0.00705051003 0.004517372232 0.004093735479 0.003934932873 0.003800936043
329,frag@141.01 frag@109.03 frag@163.06 loss@253.13 loss@287.16 loss@265.1 loss@305.12 frag@141.03 loss@304.12 loss@207.02 loss@298.09 loss@304.18 loss@238.2 frag@169.05 loss@237.01 loss@359.17 frag@127.04 loss@224.01 loss@276.12 loss@297.11,0.1607632041 0.1347503215 0.1011558473 0.07195710391 0.05720835924 0.05557540432 0.04173634946 0.03987430781 0.0364821218 0.03279240057 0.02618545294 0.0229155235 0.021144256 0.01696643792 0.01495963056 0.01320986263 0.01170625538 0.01017732639 0.008408302441 0.006483659614
330,loss@232.09 frag@146.06 frag@130.06 frag@172.08 frag@130.07 frag@223.01 frag@159.09 frag@158.06 frag@132.08 frag@171.09 loss@200.1 frag@160.08 frag@173.07 frag@199.09 frag@147.07 frag@189.05 frag@174.09 frag@185.11 frag@174.06 frag@145.09,0.4637714028 0.3010160029 0.02390263975 0.02222406864 0.01835036464 0.01605589315 0.0145918401 0.01026628911 0.008461441845 0.00726743089 0.006939846091 0.006801631302 0.00593650667 0.005753771868 0.005583505146 0.004001196474 0.003894221503 0.003433480626 0.003333141562 0.002844203031
331,loss@190.06 frag@174.04 frag@147.03 frag@173.03 loss@152.06 loss@218.05 loss@199.13 loss@210.12 loss@194.04 loss@141.02 frag@241.02 loss@292.04 frag@148.02 loss@271.05 loss@287.05 loss@175.03 loss@201.11 loss@279.05 loss@196.1 loss@263.11,0.2483789921 0.2236054838 0.1911986321 0.06080305576 0.05045153201 0.02543160506 0.02322533913 0.02271280624 0.0149323158 0.01472293679 0.01163142268 0.004099156242 0.003847506363 0.003524787957 0.003388931043 0.002344758948 0.002284812042 0.00209699315 0.002021137159 0.001971207559
332,frag@79.05 loss@267.1 loss@325.14 loss@213.1 loss@249.09 loss@207.09 loss@233.11 loss@225.11 loss@244.12 loss@231.11 loss@192.06 loss@268.1 frag@105.07 loss@237.02 loss@228.06 loss@221.1 frag@120.08 loss@223.12 loss@257.11 loss@230.02,0.4851549268 0.3486243486 0.03062949143 0.01235804893 0.01156032551 0.01014234964 0.006737806834 0.005325400271 0.003297867719 0.003245401662 0.003159946995 0.002959777601 0.002727112966 0.002489726758 0.002322030952 0.002310059499 0.002205700614 0.002069302602 0.001918111462 0.001823817496
333,frag@102.05 frag@311.14 loss@363.12 frag@288.13 frag@228.12 loss@175.12 loss@129.05 frag@227.08 loss@248.1 loss@269.04 loss@246.12 loss@267.04 loss@249.13 loss@231.15 loss@275.11 loss@153.07 loss@156.06 loss@171.14 loss@304.13 loss@72.04,0.2261456847 0.05664381757 0.0429815948 0.03988972306 0.0310889706 0.02997618541 0.0272796005 0.0209677089 0.01528308727 0.01249464694 0.01156532764 0.01023382228 0.01008994039 0.008874102496 0.008688944392 0.007656406146 0.007547351066 0.00631045131 0.006152869668 0.005780825391
334,frag@85.05 loss@224.07 loss@276.08 loss@242.15 loss@284.11 loss@284.05 frag@157.13 frag@166.05 loss@256.99 loss@318.07 loss@185.09 frag@87.08 frag@124.08 loss@277.1 frag@194.13 frag@183.11 loss@239.11 frag@243.05 frag@115.02 loss@301.1,0.3315396905 0.1844385862 0.06746132672 0.06450626254 0.04095921293 0.02640866116 0.01983734779 0.01767537929 0.01224134024 0.01219994389 0.01028057747 0.009892793372 0.009529752657 0.008868871257 0.006114602555 0.005702943541 0.004513079766 0.003484849818 0.003418303793 0.003207726637
335,frag@121.08 loss@194.07 loss@205.04 loss@206.06 loss@175.08 frag@149.11 loss@199.05 frag@177.1 loss@201.04 frag@134.08 frag@122.08 frag@191.12 loss@325.09 loss@266.06 loss@151.01 loss@207.05 frag@136.1 loss@268.16 loss@193.05 loss@249.02,0.2913655341 0.07177001983 0.05861766636 0.05806075037 0.05568279698 0.05017059296 0.03817781433 0.03754845262 0.03574113548 0.03230347484 0.02414522693 0.0217724517 0.01577378251 0.0129491007 0.01199889276 0.008587874472 0.00843636971 0.008337159641 0.007612818852 0.005152004771
336,frag@207.03 loss@199.99 frag@329.1 frag@236.04 frag@287.08 loss@254.02 frag@248.05 loss@462.2 frag@80.03 loss@71.06 frag@229.08 loss@64.99 frag@208.06 frag@218.99 loss@105.0 frag@265.07 frag@304.11 loss@203.97 frag@347.18 loss@295.02,0.09756996483 0.01662080362 0.01507910062 0.01373960543 0.01158494689 0.01019801106 0.008359153755 0.006254487205 0.004861300346 0.004742063116 0.004343600944 0.004310423508 0.004185677972 0.003785377834 0.003610765561 0.003605177393 0.00357540953 0.003556549083 0.003344805213 0.00310234935
337,frag@138.13 loss@181.15 loss@198.17 frag@156.1 loss@240.12 loss@144.11 frag@69.07 frag@180.14 frag@274.05 loss@254.2 frag@288.1 loss@173.94 loss@342.21 frag@110.1 loss@333.13 frag@158.12 frag@225.16 frag@140.14 frag@223.16 loss@199.16,0.1443388462 0.1051396132 0.104126595 0.08724871278 0.08502797037 0.03520103917 0.03372596577 0.03347921371 0.02702730894 0.02358818799 0.01844625175 0.01495101396 0.01248270273 0.01044967026 0.009786037728 0.009327240288 0.007732177619 0.007581062149 0.007288759109 0.006617126986
338,loss@140.05 frag@231.07 frag@213.02 frag@147.04 frag@245.13 frag@203.03 frag@121.06 frag@175.04 frag@287.09 frag@153.02 frag@56.96 frag@256.14 frag@173.1 frag@189.13 frag@366.15 frag@340.14 frag@78.05 frag@217.15 frag@249.0 frag@119.05,0.4952708781 0.34864676 0.03774822876 0.03419680521 0.008767695166 0.007897373289 0.004348415416 0.003789392998 0.002946758177 0.002912208205 0.002677364275 0.002093743533 0.002012118697 0.001999066677 0.001394377556 0.001385271666 0.001160488348 0.001128129195 0.00111676869 0.001055956702
339,frag@172.02 loss@151.03 frag@256.05 frag@160.07 loss@252.01 loss@157.08 loss@85.04 loss@192.03 loss@131.05 loss@170.07 loss@170.09 frag@272.04 loss@191.04 frag@156.05 loss@223.02 loss@314.1 loss@251.02 loss@167.12 frag@111.98 loss@92.03,0.0708438009 0.04352891445 0.04112860188 0.03655378893 0.03178966045 0.02491356432 0.02392324992 0.02099625766 0.02000259981 0.01241002232 0.009115806781 0.009112755768 0.008854827844 0.008211533539 0.007966393605 0.00790616218 0.007901933976 0.007870436646 0.007531447336 0.007519576233
340,frag@118.07 loss@211.1 loss@234.08 frag@115.05 frag@156.08 frag@132.08 frag@144.08 loss@143.06 loss@293.02 frag@160.08 loss@94.03 frag@131.07 frag@158.06 frag@132.04 frag@159.07 frag@145.09 frag@146.1 frag@142.06 frag@158.1 frag@130.07,0.4664999545 0.300583452 0.1848953962 0.006299349479 0.002467209008 0.002455243142 0.002381932689 0.002065265086 0.001993026119 0.001520557213 0.001413016347 0.00134510803 0.001223000465 0.001185935806 0.0009923957987 0.0009094169363 0.0008910535835 0.0007150795427 0.0006541981129 0.0006524697528
341,frag@110.1 loss@262.14 loss@251.12 frag@150.13 loss@247.17 loss@276.16 frag@153.1 loss@302.17 loss@300.13 loss@267.16 frag@156.14 frag@124.11 loss@337.18 loss@208.09 frag@96.08 loss@264.16 loss@281.14 loss@236.15 loss@276.11 loss@237.15,0.3289290071 0.06149762869 0.05372785777 0.03973530978 0.03888132423 0.03877992555 0.03696652502 0.03249951079 0.02791748755 0.01888217218 0.01648894697 0.01346939057 0.01337755658 0.01255605463 0.01172924787 0.009158153087 0.008800341748 0.008677829988 0.008119548671 0.007470590062
342,frag@88.08 loss@158.11 loss@131.09 loss@145.11 frag@202.1 loss@173.11 frag@215.05 frag@168.11 frag@256.12 frag@224.99 frag@195.01 frag@213.14 frag@181.06 frag@170.07 loss@192.03 loss@328.03 frag@126.08 frag@199.05 loss@35.04 frag@157.09,0.2688923478 0.151739195 0.1155470088 0.1102191359 0.0947996527 0.06943576783 0.01937648468 0.01434526686 0.01240066532 0.01061905734 0.009952048771 0.007327683736 0.006356349681 0.005568295717 0.004409795627 0.003703789553 0.003539683996 0.003440382658 0.003238396021 0.002875646576
343,loss@143.13 loss@154.15 frag@277.1 loss@174.14 frag@206.05 loss@232.03 frag@217.13 loss@124.13 loss@99.11 frag@111.07 loss@140.09 frag@265.06 frag@278.13 loss@277.18 frag@341.06 loss@186.17 loss@173.14 loss@399.18 frag@217.11 frag@122.02,0.06892935932 0.04140787199 0.03317466751 0.0295121558 0.0281271711 0.02553996071 0.02327620797 0.022618521 0.02141662315 0.02073635161 0.02057119645 0.01902575232 0.01892371289 0.01709528454 0.01651093736 0.01497501414 0.01495988388 0.01397753693 0.01368406881 0.01319568139
344,loss@83.04 frag@129.04 frag@142.05 frag@129.06 frag@171.07 loss@145.05 frag@64.02 frag@122.94 frag@171.06 frag@223.05 frag@229.06 loss@27.99 loss@71.0 loss@285.04 loss@79.01 frag@253.1 frag@145.05 loss@28.0 loss@43.99 frag@128.05,0.3806354403 0.142800644 0.1016848683 0.07513720542 0.05900472775 0.02061734162 0.01443454437 0.008868735284 0.008502691053 0.007337457035 0.00674861297 0.005592833739 0.005450874101 0.005392684601 0.005035723094 0.004830095451 0.004649493843 0.003594468115 0.003524988657 0.002596839331
345,loss@102.08 loss@321.13 frag@273.05 frag@200.09 frag@264.1 loss@95.06 loss@111.99 frag@305.08 loss@65.98 frag@236.12 frag@150.98 frag@251.09 frag@330.09 frag@307.11 frag@249.11 frag@125.49 loss@59.06 loss@132.01 loss@326.01 frag@96.01,0.07160060108 0.02835992351 0.01289422065 0.01170548517 0.008551641367 0.007515505888 0.007145063486 0.005628975574 0.005372852553 0.005267579108 0.004623994231 0.004552496597 0.004131905269 0.004011982121 0.003807070432 0.003764733905 0.003657864174 0.003647858975 0.003642498516 0.003564752173
346,loss@184.11 frag@145.06 frag@171.08 frag@128.06 loss@169.1 frag@117.07 loss@147.1 frag@129.07 frag@159.08 frag@155.05 loss@329.13 loss@230.05 loss@149.12 loss@136.07 loss@306.13 frag@143.05 loss@119.07 loss@226.15 frag@116.06 loss@376.13,0.2717979252 0.1427741796 0.1326396167 0.122685276 0.1079766974 0.0185923297 0.01201781724 0.01060910989 0.008498270065 0.00776363397 0.006265291013 0.005609998479 0.005158275831 0.004208596423 0.003835209878 0.003627591999 0.003497277619 0.002863102593 0.002664077794 0.002630469622
347,frag@133.1 loss@318.15 loss@323.16 frag@107.09 loss@307.15 loss@266.19 loss@282.1 frag@149.1 frag@145.1 frag@93.07 frag@157.1 loss@303.15 loss@655.25 loss@329.13 loss@306.18 frag@109.1 frag@147.12 loss@258.16 loss@295.16 frag@121.1,0.2528487742 0.08653911948 0.05947377905 0.0466677025 0.04568692297 0.04057423025 0.03009635769 0.02593171969 0.02564168349 0.02128983848 0.02107196487 0.01884819381 0.01780920476 0.0134532759 0.01245271694 0.01157947909 0.01110586245 0.010773886 0.008777135983 0.007807841059
348,frag@69.07 frag@41.04 loss@266.13 loss@249.11 loss@334.1 loss@264.15 frag@112.11 loss@247.06 frag@55.05 frag@43.05 frag@110.1 frag@84.08 frag@112.08 loss@251.08 frag@83.09 frag@44.05 loss@246.06 frag@98.1 loss@105.08 frag@86.06,0.1796085387 0.1682118326 0.1357337832 0.1317962855 0.05228823423 0.04182719439 0.01718500443 0.0166398976 0.01532576047 0.0146083869 0.01311787218 0.01210791431 0.00987230055 0.008490306325 0.007985840552 0.007734151091 0.007165062241 0.006092074793 0.00529773673 0.004835230298
349,loss@59.04 loss@70.04 frag@196.09 frag@232.09 frag@197.11 loss@97.05 frag@187.05 frag@200.07 loss@56.03 loss@57.02 loss@95.04 frag@213.11 loss@31.04 frag@225.07 loss@29.03 frag@297.13 frag@258.16 frag@154.07 frag@163.07 loss@53.06,0.09128534794 0.08153305203 0.07879880071 0.07059370726 0.06897853315 0.06895049661 0.06259709597 0.05985864252 0.05128756911 0.04734096676 0.04640485719 0.04049636051 0.03283092752 0.02526475489 0.02393853106 0.009539980441 0.009176242165 0.008528583683 0.006120453123 0.00521283038
350,frag@70.07 frag@98.06 frag@99.09 loss@196.16 frag@111.09 loss@260.04 loss@242.04 frag@113.11 frag@57.06 loss@199.0 loss@287.14 frag@84.07 loss@249.03 loss@280.05 loss@470.2 frag@98.08 loss@241.02 loss@350.14 loss@233.0 loss@311.1,0.1240831092 0.1009437144 0.08780921251 0.05176041275 0.04803680256 0.03654456884 0.02705653757 0.0258374121 0.02394150384 0.02196327224 0.02177203633 0.0195952747 0.01807342283 0.01714378409 0.01656215452 0.01581091247 0.01503302995 0.0136994049 0.01332518365 0.009965473786
351,frag@175.11 frag@231.1 loss@247.13 loss@267.15 loss@255.11 loss@199.14 frag@219.14 loss@230.0 loss@232.13 loss@316.19 loss@317.17 frag@270.16 loss@205.13 loss@278.12 loss@202.13 loss@377.19 loss@268.17 loss@188.12 frag@233.14 loss@224.14,0.1835053861 0.1551368535 0.07565850019 0.04164193198 0.03635463119 0.03187546507 0.01576192118 0.01501752436 0.01393318363 0.01292368583 0.009778810665 0.00857589487 0.008335163817 0.007180325221 0.006133451127 0.005970864557 0.005919998977 0.005016113166 0.004878435284 0.004709672648
352,frag@79.02 loss@228.04 loss@214.03 frag@61.01 loss@95.08 loss@138.03 loss@162.05 loss@46.04 loss@148.01 loss@28.03 loss@148.0 loss@326.06 loss@324.11 loss@167.01 loss@279.01 loss@174.11 loss@120.03 loss@237.01 loss@112.05 loss@18.0,0.4619636834 0.2406534106 0.08631392568 0.02120419219 0.01615415514 0.01451479364 0.01165808272 0.01020915154 0.00783498399 0.006772516295 0.006056953222 0.005515797064 0.005466738716 0.005093840417 0.00434478512 0.003568551969 0.002586309332 0.002559183165 0.00249993545 0.002193716587
353,frag@93.06 loss@172.08 loss@210.05 loss@158.07 loss@218.96 loss@77.04 loss@212.97 loss@233.93 loss@189.02 frag@80.05 loss@170.08 frag@65.04 loss@186.04 frag@92.05 loss@208.05 loss@204.99 loss@183.0 frag@99.03 loss@198.06 loss@152.07,0.4842107296 0.1878834665 0.1723832786 0.05108017847 0.02885163389 0.01437801216 0.01053944323 0.009115631692 0.006290807854 0.004060260952 0.002454857342 0.002079867059 0.001614593435 0.001425251714 0.001248526503 0.0011050998 0.00109563861 0.0009274184122 0.0009002452134 0.0008772618603
354,frag@169.07 frag@167.05 frag@240.05 loss@224.16 frag@293.15 loss@231.16 frag@255.1 frag@61.04 loss@416.17 loss@229.17 loss@120.1 loss@314.2 loss@307.13 loss@286.16 frag@251.1 loss@80.05 loss@169.0 frag@212.01 loss@337.02 loss@233.04,0.2436365187 0.05806881562 0.0416931808 0.02700288966 0.01210093591 0.01139585953 0.009971582331 0.007143161725 0.006593078375 0.005202186294 0.004989090841 0.004169062246 0.003893456887 0.00298637012 0.002820156049 0.002715645824 0.002583354479 0.00248322892 0.002458879026 0.00238991878
355,loss@197.12 frag@181.1 frag@178.08 loss@323.13 loss@284.14 loss@270.16 frag@171.15 loss@332.15 loss@293.19 loss@457.15 frag@216.95 frag@114.09 frag@140.06 loss@328.13 frag@215.1 frag@166.08 frag@179.09 loss@310.14 loss@128.1 loss@238.99,0.2179899067 0.2021947503 0.2002561539 0.08289254457 0.05382420495 0.04616710544 0.02942321822 0.01766995899 0.01519448869 0.00791761931 0.0067559327 0.006427145097 0.006154620554 0.005590699147 0.004420131445 0.003853513161 0.003343698569 0.003006235464 0.002513442887 0.002394027309
356,frag@141.02 loss@242.07 loss@304.09 frag@185.97 frag@195.07 loss@154.06 loss@278.1 loss@270.05 frag@173.02 loss@169.11 frag@211.05 frag@224.99 loss@231.04 frag@325.06 loss@126.07 loss@204.0 loss@253.11 frag@109.03 frag@216.02 loss@342.11,0.3151690066 0.271076858 0.1696530432 0.1244586706 0.02253544703 0.005171695724 0.002703926293 0.002047964139 0.001803477877 0.001627329155 0.001620671595 0.001440828317 0.001384565956 0.001345507335 0.001291113789 0.001216501114 0.001131880214 0.001119286055 0.001051739673 0.001004144317
357,loss@89.06 frag@217.05 frag@215.07 frag@241.05 loss@91.04 loss@70.03 frag@253.05 frag@249.05 loss@33.03 frag@311.09 loss@44.03 loss@70.02 frag@255.07 loss@60.06 loss@43.02 frag@213.05 loss@96.03 loss@121.07 frag@277.11 frag@80.04,0.2425553799 0.1225239336 0.1043379456 0.09960498661 0.06923608482 0.06758271158 0.02638282813 0.02636818774 0.0245268885 0.01915819943 0.009132362902 0.007139876019 0.006333448924 0.006253667176 0.006032065954 0.005566152278 0.005447189789 0.004571556114 0.004294438753 0.003942704294
358,frag@173.05 loss@162.1 loss@161.09 frag@194.11 loss@193.13 frag@362.15 loss@145.07 frag@125.11 frag@298.06 frag@184.04 frag@138.04 loss@125.08 loss@303.1 frag@199.05 frag@162.04 loss@270.12 frag@315.05 frag@190.07 loss@314.12 frag@134.99,0.3389056325 0.276373893 0.1450090408 0.08597312123 0.02945172228 0.01383996662 0.01014028303 0.005544384941 0.005315345246 0.004303722177 0.004156181589 0.00370745128 0.003431000747 0.002932561096 0.002763322322 0.002648916328 0.002496382222 0.002399934689 0.0018802915 0.001578614698
359,loss@132.08 loss@275.09 frag@205.09 frag@278.07 frag@143.05 frag@171.08 frag@237.16 frag@246.09 frag@333.1 frag@128.06 frag@270.09 frag@296.1 frag@202.09 loss@122.0 frag@235.99 frag@248.03 loss@288.96 frag@169.03 frag@159.07 frag@252.09,0.2979274392 0.1667982787 0.09658385813 0.08464556187 0.03373891488 0.02576624602 0.02469036914 0.01514267363 0.007318553049 0.005158972926 0.004811814986 0.004763581324 0.004611151759 0.0045866617 0.004410784692 0.003902469063 0.003882265184 0.003402852453 0.003372400301 0.003218178637
360,loss@173.09 loss@131.03 frag@144.07 loss@261.03 frag@292.07 frag@282.07 frag@172.1 frag@260.09 frag@217.06 frag@187.09 frag@80.03 frag@332.14 frag@289.05 loss@104.99 loss@255.15 frag@106.05 frag@231.08 frag@186.13 loss@146.12 frag@361.16,0.1531915516 0.1147716194 0.09299670905 0.06212289259 0.02104052901 0.01443520561 0.01183190104 0.01058407035 0.008982464671 0.007723470684 0.007301271427 0.005996522028 0.005852397531 0.005456264596 0.004991883412 0.004956388846 0.004537485074 0.004536524415 0.004020573571 0.003888597013
361,loss@83.07 frag@114.02 loss@104.07 loss@129.05 frag@237.1 frag@247.09 frag@193.06 frag@290.1 frag@102.05 loss@43.04 frag@226.0 loss@127.07 loss@84.06 frag@186.04 loss@17.03 frag@43.03 frag@94.05 frag@169.98 frag@200.03 frag@382.13,0.1515805274 0.1026028842 0.06535719335 0.05306311697 0.04680098966 0.02648177743 0.0163372159 0.01624039002 0.0136378007 0.01281973999 0.01267503947 0.01213113219 0.0121046789 0.01197973266 0.01113285311 0.008336628787 0.007984866388 0.007931950502 0.007829057984 0.007357933093
362,frag@69.03 frag@83.05 loss@264.12 frag@67.05 loss@252.11 loss@224.08 loss@240.11 frag@71.05 loss@233.11 frag@81.07 loss@268.11 loss@238.14 frag@93.07 loss@281.13 loss@236.15 frag@85.06 loss@273.15 loss@302.13 loss@261.12 loss@284.08,0.1585064828 0.1089545563 0.09660746157 0.09377004206 0.04457404464 0.04455950856 0.02674053796 0.02621471137 0.02501126193 0.02263429947 0.0212370269 0.01810653321 0.01307932939 0.01064381469 0.009715400636 0.00914033968 0.008981301449 0.008896565065 0.007424488198 0.007353528403
363,frag@155.02 loss@173.06 loss@146.05 frag@198.16 frag@168.05 loss@160.01 frag@147.06 frag@273.11 loss@78.14 frag@154.01 loss@151.01 loss@189.04 frag@173.02 loss@141.02 frag@149.11 frag@188.11 loss@172.06 frag@323.15 loss@114.02 loss@84.0,0.4109196365 0.3941619396 0.02862005867 0.01463368628 0.009270669892 0.009142209776 0.006352174561 0.002996825613 0.00275415089 0.002714800881 0.002685836749 0.002381081227 0.00221244921 0.002204840537 0.002108330838 0.002054452198 0.002008686773 0.00187207933 0.001565592131 0.00155898591
364,loss@72.08 frag@140.06 frag@226.1 frag@221.08 frag@251.12 frag@230.06 loss@410.15 frag@313.2 frag@237.11 frag@289.2 frag@272.11 frag@210.97 frag@269.11 frag@227.07 frag@284.03 frag@203.09 frag@283.12 frag@306.12 frag@177.13 frag@296.12,0.02369015291 0.01890484057 0.01210773177 0.01206445042 0.01133969799 0.007488858886 0.005777788814 0.005675287917 0.005229671486 0.00454963604 0.00454149954 0.004529595841 0.004341628402 0.004302434158 0.003933756147 0.003899092088 0.003299517557 0.003261674428 0.003148647025 0.003116303124
365,loss@253.11 frag@167.12 loss@228.15 frag@168.1 frag@181.13 loss@155.14 frag@228.09 loss@206.13 loss@214.14 frag@232.13 loss@197.12 loss@234.01 frag@58.06 frag@112.11 loss@236.14 loss@267.14 loss@246.13 frag@156.14 frag@323.18 loss@299.14,0.1407783478 0.1389517188 0.1064720079 0.0671088919 0.0662792474 0.04528846592 0.04520214349 0.03684638068 0.02624757402 0.01702818647 0.01160481386 0.01085743122 0.01013319381 0.008722281083 0.008014659397 0.007720541209 0.007575914264 0.007337399293 0.007271437906 0.006143095437
366,loss@118.03 frag@142.03 loss@61.05 loss@191.99 frag@71.99 frag@255.04 frag@192.08 loss@283.11 loss@120.04 loss@88.01 frag@57.06 loss@239.2 frag@259.12 frag@276.15 frag@257.05 loss@56.07 loss@183.97 loss@312.17 frag@264.15 frag@307.06,0.3003786206 0.2736561894 0.0521797128 0.05152214691 0.05143946782 0.04445236549 0.01131071616 0.007050740067 0.006826372817 0.006751039997 0.004121635575 0.003843920073 0.003522222396 0.003280280856 0.002977126278 0.002749778563 0.002604046371 0.002562562004 0.002545570256 0.00253829034
367,frag@207.06 loss@212.03 frag@179.06 frag@245.09 loss@120.05 loss@205.03 frag@256.15 frag@259.03 loss@313.04 loss@62.02 loss@163.08 loss@146.05 loss@245.96 frag@108.01 frag@209.07 loss@189.99 loss@243.14 loss@78.14 loss@156.05 frag@224.03,0.1913775206 0.07973145694 0.06416056305 0.04461172968 0.04032544047 0.02588634752 0.01958235167 0.01916480996 0.01790557243 0.01775053144 0.01553917862 0.01494379714 0.01390934456 0.01220524497 0.01163808722 0.01082790922 0.01004496869 0.01001394074 0.009669267572 0.008548331447
368,loss@127.02 frag@127.02 frag@217.04 loss@142.02 loss@154.03 frag@183.0 loss@354.17 frag@165.98 frag@312.08 loss@175.0 frag@250.02 frag@208.98 loss@308.04 frag@249.08 frag@234.08 frag@203.02 loss@34.97 loss@165.98 loss@297.03 frag@198.07,0.1785369515 0.1628230065 0.1169333756 0.1156399921 0.08776401728 0.04220385849 0.02143231034 0.01857902668 0.01454036497 0.01292157173 0.01197310816 0.01111641061 0.008448956534 0.007568886969 0.006740258075 0.006263318472 0.005578441545 0.005261754617 0.004854077008 0.004467274528
369,frag@119.09 frag@131.09 loss@296.13 loss@181.1 frag@145.1 loss@287.12 loss@294.17 loss@308.13 loss@328.07 loss@258.16 loss@320.2 loss@258.18 loss@292.15 loss@130.08 loss@324.16 loss@295.12 loss@305.05 loss@313.12 frag@107.09 loss@401.16,0.2598754764 0.1499143392 0.06302631646 0.06098952144 0.04440580681 0.0361379236 0.03047922254 0.02926856279 0.02772752009 0.02337154746 0.01633895189 0.0138484519 0.01332958974 0.01252101175 0.01124988962 0.01046630833 0.007922821678 0.007826143876 0.007180258632 0.006555960048
370,frag@252.09 frag@255.1 frag@239.09 frag@181.01 frag@195.03 loss@172.91 loss@220.94 loss@33.06 loss@61.06 loss@118.99 frag@326.14 frag@298.08 loss@670.21 loss@491.31 loss@145.97 loss@102.99 frag@187.0 loss@107.03 loss@91.01 loss@79.06,0.1673195511 0.1113719344 0.06678235531 0.01106787659 0.008100707084 0.008047620766 0.007213386707 0.005856136326 0.004844954703 0.004560790025 0.004439490382 0.004066134803 0.003265747102 0.003112315899 0.002845459618 0.002479039133 0.002329188632 0.002146630781 0.002127647866 0.002124215243
371,frag@115.05 loss@214.09 frag@103.05 loss@146.04 loss@231.09 loss@165.07 loss@245.08 loss@217.09 loss@348.05 loss@200.09 loss@204.1 frag@131.05 frag@104.06 loss@279.07 loss@205.06 frag@131.07 frag@133.06 loss@201.09 frag@209.03 loss@273.08,0.3424111605 0.2456002682 0.1141651943 0.05662964657 0.03515738621 0.02152171545 0.01979899593 0.00681791082 0.006175008137 0.005423026625 0.004493060987 0.004073332064 0.003762196517 0.003601032775 0.003295844654 0.003284082282 0.003209751099 0.003112151287 0.00291162869 0.002803668845
372,loss@114.1 frag@256.07 frag@281.08 loss@140.12 loss@356.2 frag@257.1 frag@179.03 loss@260.18 frag@272.07 frag@240.08 frag@257.08 frag@301.04 frag@302.13 loss@266.99 frag@227.15 frag@252.1 loss@396.19 loss@396.13 frag@322.08 loss@178.15,0.1952279359 0.1201897636 0.1176842526 0.1174013093 0.06737200916 0.05404002219 0.02889581956 0.02402200177 0.01511041541 0.01472895592 0.0106608374 0.01040565874 0.007898222655 0.007772050798 0.007068216801 0.00637807278 0.006283976138 0.00442664139 0.004161725752 0.004003472161
373,frag@102.01 loss@115.02 loss@338.14 loss@214.0 frag@297.18 loss@306.16 loss@285.03 loss@239.07 frag@217.02 frag@313.12 frag@323.16 loss@313.07 loss@246.16 frag@85.04 frag@267.04 frag@83.01 loss@121.1 loss@293.06 frag@215.11 frag@211.02,0.1735309958 0.1506595761 0.08011586219 0.05840717256 0.05208909512 0.02600220032 0.02132818662 0.02076406218 0.0180236008 0.01587649249 0.01514058653 0.01228637714 0.01077506877 0.01020539366 0.007815178484 0.007666600402 0.006009275094 0.005953997839 0.00514218118 0.004909919109
374,frag@119.07 loss@190.11 loss@218.11 loss@161.08 frag@133.09 frag@189.14 loss@212.07 frag@190.02 frag@152.98 frag@146.1 frag@223.01 frag@329.08 frag@153.0 frag@171.05 frag@134.1 frag@309.16 frag@146.06 frag@177.04 loss@203.11 loss@216.09,0.2141481936 0.1681467295 0.128045246 0.1162891462 0.07790463418 0.06032348052 0.05690552294 0.02871559933 0.02639593557 0.02450405806 0.01665018499 0.01013926417 0.004748489708 0.003998728469 0.003120420035 0.002764971228 0.00221857056 0.001909243525 0.001850787434 0.001734920428
375,frag@186.05 loss@109.02 loss@92.08 loss@116.02 frag@171.1 frag@158.04 frag@95.04 frag@102.03 frag@98.04 frag@227.0 frag@288.07 loss@123.03 loss@74.02 loss@88.1 loss@83.05 loss@144.98 loss@149.02 frag@220.1 frag@304.08 loss@85.03,0.2992216945 0.1596560329 0.1305378079 0.1038570777 0.0625224188 0.03810913116 0.01231377851 0.006708498579 0.006686857902 0.005600132514 0.00452903565 0.004208988044 0.004083150066 0.003064660355 0.002994718263 0.002897174098 0.002822653856 0.002816071035 0.002805132419 0.002674505347
376,frag@113.08 loss@142.15 frag@68.02 frag@200.09 frag@233.04 loss@248.03 loss@313.09 loss@130.12 loss@359.11 loss@115.09 loss@255.98 frag@199.05 loss@187.16 loss@252.02 loss@457.19 loss@338.21 frag@227.08 loss@289.19 loss@395.2 frag@235.98,0.1783328652 0.1545995325 0.1126154512 0.06018071622 0.02850434557 0.01961471699 0.01320557017 0.01129696053 0.01082306355 0.01076827105 0.007766375784 0.007561217062 0.005950071383 0.005928011145 0.005694125313 0.005539934151 0.005093643907 0.004814706743 0.004583613016 0.004582249094
377,frag@91.05 loss@257.07 loss@257.11 frag@91.06 loss@231.06 loss@227.05 loss@256.05 frag@109.06 loss@247.11 frag@121.06 loss@300.08 loss@236.05 loss@263.04 loss@222.05 loss@238.02 loss@255.13 frag@105.07 loss@273.16 loss@240.15 loss@238.05,0.3636440635 0.08376766741 0.04382818937 0.03455364332 0.03450463712 0.03114013374 0.03093382716 0.02860710211 0.02387633361 0.02088271081 0.02087446116 0.01390149072 0.0138777541 0.01381352823 0.01340250671 0.01273110602 0.01220924687 0.01191029977 0.01157245133 0.009337879717
378,loss@156.1 frag@154.02 loss@241.99 frag@157.96 frag@83.02 frag@81.06 loss@244.02 loss@178.13 loss@135.02 loss@197.13 frag@99.01 frag@116.97 frag@239.06 frag@200.97 frag@183.98 loss@292.16 loss@212.02 loss@231.08 loss@137.11 loss@172.08,0.1626966596 0.1560382992 0.09990697354 0.08235447854 0.05420397222 0.05418949947 0.0501303263 0.03042893112 0.02159416117 0.01432549302 0.0118399756 0.009463510476 0.007214463316 0.006079591811 0.00545492582 0.005431265105 0.005170217715 0.005165811162 0.004571717232 0.004495536909
379,frag@55.05 frag@140.11 frag@98.06 loss@168.13 loss@167.13 loss@226.17 loss@208.16 loss@139.14 loss@262.17 loss@210.17 loss@214.17 loss@240.18 frag@83.09 frag@96.08 loss@286.15 loss@195.16 frag@126.09 frag@153.1 loss@252.18 frag@69.07,0.1973173618 0.08216865361 0.08215454966 0.07444570959 0.05179187655 0.03825338185 0.03781651333 0.03370026499 0.03239303827 0.03179947659 0.02323953807 0.01807571761 0.01747903973 0.0153380353 0.01388765872 0.01343598776 0.01063848007 0.009135381319 0.008901266381 0.008589674719
380,frag@269.11 frag@105.01 frag@313.15 frag@199.0 frag@253.07 frag@212.01 frag@337.21 frag@247.18 frag@139.97 frag@186.12 frag@300.0 loss@189.96 loss@19.04 loss@168.15 frag@251.08 loss@169.16 frag@197.98 loss@130.14 loss@96.99 frag@284.15,0.005932949483 0.005735481624 0.005447392818 0.005331759341 0.005275606643 0.005085000768 0.004658806603 0.004649911076 0.004453951493 0.004425540566 0.004257673863 0.003861901583 0.00382292713 0.003773073899 0.003717116779 0.003163960762 0.003162218491 0.003106844379 0.003050334286 0.003027134575
381,frag@173.54 loss@257.01 loss@322.11 loss@120.09 loss@327.13 loss@273.12 loss@309.14 loss@255.03 loss@336.15 loss@335.14 loss@239.17 loss@264.17 loss@293.05 loss@298.17 loss@189.15 loss@351.16 frag@196.13 loss@158.01 loss@335.16 loss@355.12,0.4642435908 0.03288215771 0.02883940749 0.02349009365 0.01878467388 0.01811137982 0.01795525663 0.01784079336 0.01726862229 0.01580076292 0.01541517302 0.01522271335 0.01432484854 0.01413098071 0.01389861293 0.01290934812 0.01196722779 0.01194299851 0.01182465721 0.01170666236
382,loss@180.14 frag@159.01 loss@111.11 frag@138.02 frag@212.06 loss@144.02 frag@147.0 loss@183.03 loss@167.14 frag@52.03 frag@151.03 frag@193.13 frag@209.05 loss@294.0 frag@46.06 loss@205.08 frag@231.15 frag@149.02 frag@180.03 loss@225.07,0.2482247949 0.1600103229 0.1256553531 0.1108223796 0.0714533627 0.02165031433 0.02002912946 0.008911042474 0.008334411308 0.006459266413 0.00584171433 0.004733634647 0.004195363726 0.00413149083 0.004119836725 0.003935489338 0.003817125689 0.002963803941 0.002947697416 0.002725009806
383,loss@75.07 frag@220.08 loss@86.08 frag@212.05 loss@97.06 loss@89.08 frag@247.12 frag@184.05 frag@228.07 loss@74.06 frag@235.07 frag@258.05 loss@88.08 frag@260.1 loss@111.09 frag@249.1 frag@311.16 frag@257.07 loss@87.08 loss@98.08,0.04917847738 0.0467601493 0.04503927752 0.04201998934 0.03635091707 0.03213830665 0.0267829895 0.02635986544 0.02627257444 0.02498040348 0.02282148227 0.02029602602 0.02007335238 0.01953984238 0.0174228102 0.01715854742 0.01683604531 0.01383511908 0.01315945573 0.01301078312
384,frag@117.06 loss@115.03 loss@87.03 loss@91.03 loss@87.01 loss@88.04 loss@74.02 loss@74.0 frag@131.07 loss@89.01 loss@89.02 loss@245.04 loss@102.02 frag@132.08 frag@104.05 loss@131.0 frag@118.06 loss@72.99 loss@116.04 loss@90.04,0.362054348 0.05777429044 0.05737018958 0.04195195436 0.0389469862 0.027620079 0.02477241307 0.02286441997 0.01996141672 0.01970502362 0.01747637428 0.01674197987 0.01667801291 0.01594680734 0.01497632451 0.01177970134 0.0106267957 0.01044661179 0.01035652217 0.008937352337
385,frag@146.02 loss@275.13 loss@278.11 loss@205.13 loss@259.17 loss@229.02 loss@261.18 loss@266.13 loss@247.13 loss@184.19 loss@182.18 loss@232.08 loss@167.09 loss@243.14 loss@268.19 loss@290.06 loss@246.0 loss@176.13 loss@278.16 loss@170.13,0.4924623072 0.1450010538 0.08878134936 0.06120911613 0.05985698849 0.01676654816 0.01046172343 0.007542478852 0.005595673341 0.004852665123 0.004732375499 0.0042586606 0.003619738854 0.003585088532 0.003267103573 0.003034988651 0.002244623145 0.002181147458 0.00209729909 0.002059068996
386,frag@140.06 frag@226.1 loss@166.08 loss@313.09 frag@296.11 frag@296.12 loss@290.15 frag@187.08 frag@228.12 loss@345.14 frag@281.09 loss@304.17 loss@255.11 frag@127.01 frag@230.06 frag@237.11 loss@687.36 frag@197.98 frag@288.06 loss@303.05,0.2113500983 0.066881679 0.05234373733 0.02285488136 0.01685252413 0.01435090508 0.01288736891 0.01209801529 0.01128376555 0.01044737361 0.008672677912 0.008230055682 0.007954213768 0.005216114689 0.004343024921 0.004219037481 0.004206284415 0.003335423768 0.00290159951 0.002604140667
387,loss@90.03 frag@226.1 frag@235.11 loss@90.07 loss@34.04 frag@251.09 loss@76.05 loss@48.06 frag@244.09 frag@282.09 loss@29.04 loss@62.04 loss@33.03 loss@104.01 loss@76.0 frag@226.06 loss@75.04 loss@104.05 frag@357.12 frag@305.07,0.06319052726 0.05343654007 0.05108616874 0.05035586283 0.05026451126 0.04916105047 0.03598428145 0.03535410017 0.03129011765 0.02764109522 0.02337525599 0.02116544917 0.01913372055 0.01749414019 0.01664377935 0.01633715443 0.01521416847 0.01115276944 0.01011616644 0.009487899952
388,frag@217.07 loss@312.04 loss@328.16 frag@250.08 loss@313.02 loss@254.0 loss@124.14 loss@202.98 loss@317.19 frag@322.18 frag@210.06 frag@168.12 frag@235.13 frag@278.08 loss@376.16 frag@172.01 frag@234.16 frag@161.94 frag@78.98 frag@300.09,0.0552848205 0.02169297636 0.01979157701 0.01164982654 0.009291158989 0.00796034839 0.007948999293 0.00730482582 0.006572529208 0.006411717273 0.006297893357 0.006261529401 0.005931214895 0.005908677354 0.004711764399 0.003723138943 0.003604098223 0.003363691038 0.003319959622 0.003092843108
389,frag@173.54 loss@256.09 frag@57.03 loss@227.15 loss@304.11 frag@71.05 loss@296.09 frag@81.07 loss@298.17 frag@83.05 loss@322.11 frag@67.05 loss@295.12 loss@286.08 frag@69.03 loss@185.11 frag@95.09 loss@269.14 loss@339.07 loss@326.14,0.3518671989 0.2430293709 0.03169820458 0.02320142649 0.02061740309 0.01322340779 0.009118465707 0.008671725169 0.008585192263 0.007264039945 0.007100276183 0.006853386294 0.006556919776 0.00631052861 0.006217719987 0.005314819515 0.005066505633 0.004953540396 0.004818199202 0.004688656889
390,frag@173.11 loss@202.11 loss@243.14 frag@160.1 loss@202.1 loss@188.09 loss@193.13 loss@171.14 frag@225.07 frag@159.06 frag@191.08 loss@160.1 frag@158.08 loss@173.09 frag@159.09 loss@174.07 frag@161.11 frag@239.08 frag@218.15 frag@147.07,0.3090794086 0.1540260166 0.09137669951 0.07639920712 0.07147984952 0.06548672169 0.03764069825 0.0235887114 0.02070292272 0.01425334346 0.01272356324 0.008913079277 0.005566029809 0.004753034562 0.003953328822 0.003943328746 0.003754025791 0.003283944912 0.003048458137 0.002908642637
391,frag@144.08 loss@174.08 loss@188.1 loss@186.08 frag@170.06 frag@143.07 loss@172.1 loss@177.05 loss@244.05 frag@172.08 frag@174.09 loss@303.96 frag@142.07 frag@132.08 loss@307.04 frag@158.06 frag@158.1 loss@319.06 loss@333.11 loss@253.06,0.2018414885 0.07448972017 0.05977202952 0.05741722137 0.05517134443 0.05350093171 0.05293478444 0.05059625581 0.03124138713 0.03028559312 0.02261827327 0.02190054394 0.0162196178 0.01621664874 0.01491252799 0.01390980557 0.01318954956 0.01106089074 0.01058455463 0.009807613678
392,frag@151.02 frag@161.01 loss@167.08 loss@245.13 loss@259.08 frag@143.0 loss@273.1 loss@154.9 frag@116.96 loss@182.06 loss@198.07 loss@151.05 loss@341.03 loss@122.07 loss@284.98 loss@197.08 loss@92.06 loss@168.08 loss@183.0 frag@133.01,0.2171608806 0.1815461367 0.1518505514 0.146214962 0.1033026427 0.09322353452 0.01778033003 0.006412772462 0.004583903588 0.004457648378 0.004223230761 0.003500186838 0.003457198385 0.002719313838 0.002267286181 0.002065015491 0.00184194278 0.001731003635 0.001645458862 0.001526554232
393,loss@152.12 frag@249.07 loss@110.11 frag@256.13 frag@328.14 frag@71.07 loss@142.14 frag@271.02 loss@169.16 loss@212.16 loss@355.14 frag@163.1 loss@235.19 frag@291.05 loss@323.11 frag@238.11 frag@224.16 loss@124.12 frag@127.07 loss@124.13,0.2040019631 0.1176258922 0.07664430141 0.05743528903 0.04504271224 0.03935324773 0.03841288015 0.02599920332 0.009951448999 0.009795250371 0.008075978607 0.007741041016 0.00723745767 0.006896215491 0.006716157775 0.006613910664 0.00639899401 0.005962393247 0.005021330435 0.004446626175
394,loss@196.1 loss@219.04 loss@274.08 frag@254.12 frag@98.02 frag@174.97 frag@59.0 frag@151.12 frag@162.03 frag@123.03 frag@135.03 frag@182.13 loss@256.1 frag@236.11 frag@281.14 frag@264.14 loss@235.07 frag@326.13 frag@131.08 frag@174.98,0.2479882091 0.1092208549 0.08526302874 0.07926742733 0.06970579177 0.05912977085 0.05569846183 0.04960495234 0.0329195261 0.01349147689 0.01014683023 0.009786881506 0.007475851104 0.005787562579 0.00481955288 0.004735832103 0.004264342133 0.004050474148 0.003853539703 0.003813638585
395,frag@181.02 frag@174.08 loss@230.04 frag@169.02 frag@154.01 loss@300.1 frag@55.04 loss@258.01 loss@174.02 frag@186.98 loss@235.02 loss@216.98 loss@264.03 frag@273.13 loss@211.98 frag@56.01 loss@94.1 loss@242.02 loss@247.0 loss@292.14,0.1073168442 0.09231302142 0.08586575836 0.07152634859 0.06881482154 0.05395787582 0.04774507135 0.0377965197 0.03381044045 0.03243898973 0.03101345524 0.02964711376 0.02535777166 0.02292385139 0.01309244521 0.01209002454 0.01083455514 0.01058318 0.007244339213 0.006239332259
396,frag@106.06 loss@198.06 loss@215.11 loss@249.09 loss@229.12 loss@247.05 frag@121.09 loss@313.15 loss@256.04 loss@199.09 loss@193.02 loss@215.09 loss@217.06 loss@293.15 loss@225.18 loss@241.11 loss@391.12 loss@228.06 loss@195.02 frag@183.98,0.4599763453 0.09462097287 0.07645574212 0.07035268843 0.06631993502 0.04255061597 0.03621891513 0.02134565637 0.02078582533 0.0163502451 0.009594047442 0.006557413377 0.006128524896 0.003316458547 0.002893397585 0.002812980441 0.002218961017 0.002059139544 0.001988527132 0.001977181062
397,frag@147.06 loss@219.1 loss@190.07 loss@176.09 frag@119.06 loss@245.12 loss@196.09 loss@243.14 frag@145.04 loss@229.12 loss@187.07 frag@148.1 loss@174.04 frag@117.02 loss@225.13 loss@180.08 loss@205.09 loss@215.11 frag@229.13 frag@121.04,0.4403784871 0.2075482756 0.187781617 0.06790500134 0.04908119515 0.004965078086 0.002370336792 0.002062698128 0.001664071577 0.001433016849 0.00137186388 0.001272655325 0.001140138716 0.001036759466 0.001005694852 0.0009379776893 0.0009267458227 0.0008813082241 0.0007392939879 0.0007152974722
398,loss@200.1 frag@132.08 loss@188.04 frag@130.06 frag@158.06 frag@146.06 loss@188.1 frag@160.08 frag@174.09 frag@131.07 frag@144.08 frag@145.09 frag@130.07 loss@131.07 loss@201.1 loss@160.05 loss@243.1 frag@172.08 loss@203.09 frag@118.06,0.1857187748 0.1107009277 0.08240748942 0.07710442692 0.06576952338 0.05765643343 0.05481831729 0.03353480995 0.0275519602 0.01692793891 0.01349885855 0.01058929414 0.009767957963 0.008299407549 0.007552792318 0.007131947204 0.006700636353 0.005778543185 0.005697439425 0.005637797061
399,frag@164.05 frag@205.08 loss@42.05 loss@73.05 loss@71.04 loss@68.06 loss@118.01 frag@278.1 loss@104.07 frag@285.17 frag@169.96 frag@276.09 loss@213.97 frag@318.14 frag@267.1 frag@336.07 loss@140.11 frag@356.09 loss@110.08 frag@191.04,0.2169212848 0.1917557716 0.1865690351 0.09760887921 0.07462920994 0.07198833674 0.02227764763 0.01158798859 0.008886503987 0.007026901934 0.004701739177 0.004438731354 0.004417451099 0.003777910024 0.003196506994 0.002949555172 0.002931055846 0.002827587305 0.002659417456 0.002494133078
400,loss@258.15 loss@232.13 frag@107.09 frag@93.07 frag@81.07 frag@95.09 loss@253.15 frag@145.1 frag@109.1 frag@119.09 frag@133.1 frag@149.1 frag@147.12 loss@266.15 frag@157.1 frag@131.09 frag@123.08 frag@121.1 loss@278.15 loss@296.09,0.2576613128 0.1044659987 0.09054947644 0.08339804411 0.06321227551 0.0619424805 0.03466218337 0.02530837245 0.02376784943 0.02318208851 0.01912523434 0.0146310823 0.01436764561 0.01385546755 0.01261047274 0.01059569418 0.007382257842 0.007312427275 0.0053758258 0.004282868467
401,loss@162.14 loss@322.09 frag@279.1 frag@171.94 frag@207.05 loss@71.99 loss@105.03 frag@58.96 frag@289.11 frag@246.07 frag@212.14 frag@323.2 frag@188.98 loss@176.14 loss@374.28 loss@172.96 loss@121.11 frag@439.36 frag@131.5 frag@100.5,0.05747063085 0.04255754128 0.02346029691 0.01421695109 0.01364302821 0.01190283801 0.01063556131 0.005462561268 0.005394278094 0.005309928674 0.005124050658 0.004739509895 0.004560146946 0.004228395876 0.00405392563 0.004027620889 0.003996917978 0.003784473287 0.003292921465 0.002900289604
402,frag@222.02 frag@298.11 loss@266.01 loss@288.01 frag@292.12 frag@250.08 frag@186.13 loss@337.13 frag@335.14 frag@262.08 frag@185.99 loss@226.0 loss@304.15 loss@79.02 frag@266.06 frag@291.06 loss@241.96 frag@302.96 loss@192.0 loss@315.06,0.03389915824 0.02920741029 0.01546616573 0.01475274004 0.01379412971 0.01344119385 0.01139436848 0.01049275231 0.01021912601 0.007135351654 0.005873893388 0.005083263386 0.004723999649 0.004502156284 0.004424681421 0.004351540469 0.003860141616 0.00373370247 0.003362197196 0.003271919442
403,frag@189.06 loss@185.02 loss@250.09 frag@144.1 frag@126.09 frag@256.15 frag@82.07 frag@96.08 frag@140.11 frag@141.1 frag@183.11 frag@155.12 loss@155.13 frag@195.11 frag@138.01 loss@306.07 frag@124.11 frag@349.04 loss@205.08 frag@135.0,0.3041374683 0.2394317985 0.2182918191 0.1025386229 0.01976923831 0.008567631245 0.005755706225 0.003952987958 0.002474495443 0.002465055091 0.002357791178 0.001950281207 0.00186299195 0.001534435665 0.001525887172 0.001482194988 0.001426363713 0.001314339926 0.001263541169 0.001218517195
404,frag@93.07 loss@229.11 loss@273.14 loss@290.17 loss@243.13 loss@363.15 loss@254.1 frag@204.14 loss@331.12 loss@281.14 loss@282.13 loss@178.14 loss@287.04 loss@274.12 loss@283.09 loss@329.13 loss@313.17 loss@407.14 loss@322.1 loss@237.14,0.4613891244 0.1596288681 0.05421638861 0.03287449479 0.0223226659 0.02162139118 0.01778516918 0.01658415236 0.01287982985 0.0121542532 0.0119962804 0.01142766792 0.01066853292 0.00919048395 0.008994400501 0.006899311673 0.006627692375 0.006145053543 0.004976226483 0.004748656414
405,frag@124.06 loss@205.08 loss@292.09 loss@291.06 frag@208.01 loss@292.08 frag@195.11 loss@281.12 frag@183.11 frag@162.06 frag@127.06 frag@240.1 frag@96.06 loss@268.08 loss@234.11 loss@301.03 frag@122.03 loss@123.14 loss@356.15 loss@314.06,0.4567908049 0.2927556634 0.110179849 0.05861604959 0.01633891091 0.01452035271 0.003911590204 0.002336383332 0.001561789308 0.001396658365 0.0008736906457 0.0008432270843 0.0006813582149 0.0006655409234 0.0006464740727 0.000521805021 0.0004695564567 0.0004560140369 0.0004454878799 0.0004251040809
406,loss@118.06 loss@130.1 loss@101.06 loss@146.09 frag@251.1 frag@214.04 frag@303.15 frag@304.13 frag@307.11 frag@250.09 frag@341.12 frag@289.1 frag@76.04 frag@257.04 frag@221.13 frag@236.12 frag@319.06 frag@331.12 frag@222.06 loss@103.06,0.1745342761 0.1069000587 0.07618310302 0.07320968062 0.06331028044 0.06273210794 0.03982440755 0.03331289068 0.03101048805 0.02188708633 0.01849153265 0.01840627007 0.01319273654 0.008063796908 0.007462922484 0.007332793903 0.006605020724 0.005574208684 0.005474793725 0.00463166507
407,frag@248.14 loss@71.98 frag@241.03 loss@336.09 frag@179.02 loss@90.0 loss@251.03 frag@319.15 loss@184.01 frag@152.94 frag@264.13 loss@105.07 frag@196.99 frag@282.16 loss@238.97 frag@350.08 frag@322.18 frag@292.09 frag@80.03 loss@201.98,0.01827311888 0.01134150848 0.01081893034 0.009882583283 0.009512009099 0.008731386624 0.008062669076 0.007717324886 0.007184447721 0.007058997639 0.006610502955 0.006082899868 0.005441438407 0.004982613027 0.004958132282 0.004788269289 0.004578411579 0.004443468526 0.004398415331 0.004331286997
408,frag@197.13 loss@203.99 loss@132.01 frag@285.05 frag@249.11 frag@227.18 frag@232.05 frag@221.04 loss@107.03 frag@304.03 loss@66.03 frag@273.05 frag@239.01 frag@218.99 frag@266.1 loss@65.98 loss@449.22 frag@200.09 loss@195.96 frag@212.07,0.1277039349 0.07178130746 0.05765524134 0.04377991334 0.03362245858 0.02253012173 0.01366831269 0.01078776456 0.008969347924 0.007883244194 0.007630648557 0.006701802369 0.00656583719 0.005924221128 0.005921577569 0.005853255745 0.004126464948 0.004074100871 0.004052823409 0.003790561343
409,frag@62.02 frag@246.11 loss@80.06 frag@302.17 loss@73.09 loss@54.05 loss@101.1 loss@73.05 loss@193.0 loss@82.08 frag@216.02 loss@108.05 loss@153.13 loss@141.15 loss@96.06 loss@342.21 loss@100.05 loss@185.14 frag@240.07 loss@91.06,0.212545827 0.08016053587 0.07057058066 0.06136446074 0.05563851446 0.02655080333 0.02018259093 0.01416497957 0.01369458064 0.01100873295 0.01067622378 0.009688913822 0.009656415321 0.009460373782 0.008322294801 0.008043584414 0.006838202942 0.006790419109 0.006615755148 0.006514631677
410,frag@228.08 frag@248.06 loss@138.14 loss@178.01 frag@230.04 loss@221.01 loss@301.13 frag@288.06 loss@188.0 loss@275.04 loss@206.01 frag@233.05 loss@129.13 frag@349.12 frag@291.08 frag@192.14 loss@305.05 loss@292.08 loss@186.15 loss@209.02,0.08760926127 0.07032227516 0.06677736342 0.04146961495 0.02842287906 0.02072585933 0.01843779348 0.0158129558 0.01333050616 0.01208840031 0.01069771405 0.01005193032 0.008875670843 0.008712396957 0.008301013149 0.007855224423 0.007726554759 0.007482002024 0.006930208299 0.006888399832
411,frag@133.04 loss@215.04 loss@272.1 loss@284.09 loss@282.02 loss@234.2 loss@329.07 loss@195.07 loss@251.09 loss@220.11 loss@187.14 loss@200.05 loss@241.04 loss@171.05 loss@227.03 loss@178.97 loss@197.09 loss@151.01 loss@137.0 loss@205.09,0.4892392755 0.1229746416 0.1133701801 0.1115525216 0.02571027912 0.01445963327 0.01094761491 0.01059711911 0.009000788443 0.00463940762 0.003759773681 0.003492103657 0.002724291757 0.002702099038 0.002555248095 0.002291979967 0.002122117672 0.00208224752 0.001909375074 0.001640446135
412,loss@135.04 frag@144.01 frag@200.06 loss@115.07 frag@160.06 frag@161.05 frag@290.14 frag@159.03 loss@122.01 loss@139.04 loss@61.05 loss@95.0 loss@148.06 loss@113.04 loss@112.04 frag@132.96 loss@176.06 frag@134.04 frag@121.05 frag@316.12,0.0843468532 0.08368956298 0.07727362961 0.06367259473 0.04071506113 0.03866101429 0.02441269904 0.02398489416 0.02394949459 0.02174014784 0.01827409118 0.01620970666 0.01509915385 0.01487689093 0.01173137501 0.00917389337 0.009069593623 0.008848365396 0.008804930374 0.0086949002
413,frag@79.05 loss@276.12 loss@220.11 loss@255.08 loss@292.1 loss@276.13 loss@211.06 loss@284.15 frag@125.06 loss@242.11 loss@324.15 loss@197.11 loss@307.1 loss@284.09 loss@206.09 loss@211.03 frag@135.08 loss@290.09 frag@107.05 loss@378.12,0.4553640783 0.09041503817 0.0776168555 0.03695933893 0.0314277038 0.02384513244 0.02036126889 0.01909061149 0.01592537202 0.01565058343 0.008629796095 0.00849532336 0.007993093692 0.006044815294 0.005618140101 0.005565463565 0.003582574893 0.003522991901 0.003430502489 0.003403884359
414,frag@150.09 loss@206.14 loss@189.1 loss@192.13 loss@285.07 loss@323.99 loss@347.13 loss@163.09 loss@262.13 loss@271.09 loss@188.13 loss@268.02 loss@78.21 loss@277.07 loss@221.11 loss@285.05 loss@310.05 loss@287.09 loss@185.08 loss@205.13,0.4988843203 0.2105776817 0.1669668257 0.05275684968 0.0285007637 0.00959636271 0.001440487802 0.001382604474 0.001261111931 0.00117700675 0.001023598248 0.0009345192229 0.0009135050932 0.000712074514 0.000665562693 0.0005881321849 0.0005520645645 0.0005174675025 0.0004842445487 0.0004593987833
415,frag@56.05 frag@84.04 frag@68.05 frag@86.06 loss@196.08 loss@224.06 loss@222.06 loss@255.07 loss@280.09 loss@239.09 loss@210.15 loss@240.06 loss@229.05 loss@266.11 loss@242.05 loss@251.2 loss@216.02 loss@261.06 loss@156.01 loss@238.06,0.2196502388 0.1037285104 0.08393257111 0.0740069598 0.0574574843 0.04008387402 0.03593122587 0.03524008393 0.02937794104 0.02658742294 0.02570971474 0.02507241443 0.02317033149 0.02087392285 0.01499345526 0.01280563883 0.01114374213 0.01007264014 0.009399502538 0.007674093824
416,frag@108.02 loss@159.03 frag@69.01 loss@72.02 loss@139.04 loss@58.01 loss@69.02 loss@112.04 loss@147.04 loss@71.01 frag@68.01 frag@216.04 loss@173.98 loss@86.04 loss@132.03 frag@160.02 frag@150.02 loss@121.05 loss@101.03 loss@0.04,0.2967048883 0.08334661275 0.07724966109 0.0721045509 0.06459177285 0.03694327548 0.02234261483 0.02084957436 0.02052302286 0.01417263318 0.01364245079 0.01276381407 0.01203338895 0.0101227751 0.008565351367 0.008292442188 0.005898565054 0.005570598878 0.00535484869 0.005112420302
417,loss@162.05 frag@193.05 frag@271.06 loss@180.06 loss@68.04 frag@285.08 frag@369.13 frag@305.1 frag@303.05 loss@294.09 loss@324.11 loss@190.05 frag@335.17 frag@79.02 frag@287.06 frag@142.05 loss@308.11 frag@229.09 frag@319.04 frag@133.03,0.238980189 0.1665439159 0.1166211888 0.100788191 0.07893245667 0.05637797713 0.03683424741 0.03656457737 0.02328796312 0.02220425382 0.01640274003 0.01435835194 0.01180224959 0.009055910632 0.004710845649 0.004620073829 0.003169196192 0.002988906577 0.002781353425 0.002761951881
418,frag@67.05 loss@212.12 loss@279.16 loss@185.11 frag@85.06 frag@43.02 loss@236.15 frag@112.08 frag@97.06 loss@187.12 frag@69.07 frag@110.1 loss@224.15 frag@67.06 loss@199.12 frag@81.07 frag@95.09 frag@83.09 loss@105.08 loss@261.11,0.4828296006 0.404420197 0.0620026961 0.02069621347 0.003378143534 0.002781701507 0.002578741638 0.001840927871 0.001445751986 0.001424983144 0.001145484974 0.001118532731 0.0006891734083 0.0006829580525 0.0006626534159 0.0006061565946 0.0004659008991 0.0004408272798 0.0004399081809 0.0004298152635
419,loss@129.02 loss@196.02 frag@280.09 loss@152.01 loss@64.0 loss@297.03 frag@59.99 frag@106.05 frag@180.98 frag@271.11 frag@317.11 frag@95.99 frag@202.02 frag@288.07 frag@263.06 frag@186.11 frag@168.06 frag@289.08 frag@298.99 frag@305.14,0.1182864755 0.07416579127 0.07198548317 0.07141779363 0.06101619825 0.02455572225 0.02394077182 0.01464324351 0.01005675644 0.0100228237 0.007571456488 0.006583856884 0.005703555886 0.005540346727 0.005492305849 0.004908077884 0.004788693041 0.004700260703 0.004220613744 0.003966817167
420,frag@261.09 loss@297.07 loss@232.04 loss@156.98 frag@179.98 loss@251.19 frag@217.15 loss@219.99 loss@0.08 loss@283.09 loss@261.1 loss@211.21 frag@58.96 frag@60.0 frag@152.04 frag@255.05 frag@294.17 frag@254.02 frag@249.0 frag@66.05,0.3001303077 0.03417788818 0.02800216712 0.01591685601 0.01221959759 0.01110029593 0.009944529273 0.004410207737 0.004139839672 0.003922231961 0.003905022517 0.003662060481 0.003214846831 0.003174457699 0.003169460455 0.002953321207 0.002943550004 0.002877134597 0.002653552918 0.002546601929
421,loss@241.18 frag@246.09 frag@117.07 frag@186.13 loss@277.08 frag@143.09 frag@129.07 loss@274.13 frag@128.06 loss@217.15 frag@116.06 loss@328.2 loss@319.09 frag@147.08 frag@289.15 frag@298.11 frag@174.13 loss@320.19 frag@167.13 frag@205.12,0.3529376388 0.1347005367 0.09245242178 0.05813549459 0.05278378353 0.04516496509 0.03780496493 0.0206511952 0.0205700472 0.007459984161 0.006390134338 0.004855730571 0.004799351562 0.004329537041 0.004121891223 0.003431216115 0.003382523544 0.003283074126 0.003225657158 0.003158929059
422,frag@137.07 loss@252.07 loss@172.03 loss@222.12 loss@280.1 loss@294.08 loss@165.12 loss@191.05 loss@194.07 loss@262.22 loss@192.14 loss@267.12 frag@125.01 frag@116.03 frag@99.06 loss@270.03 frag@155.08 loss@180.13 loss@180.07 loss@225.07,0.4876464903 0.1334669888 0.1295742393 0.1033026353 0.06616010517 0.01198687591 0.007825617678 0.006915382575 0.006096126046 0.00445853686 0.003582398407 0.002071253955 0.001673116116 0.001431968529 0.001414984697 0.001207732363 0.001182769192 0.0009498685831 0.0009235840407 0.0009149906109
423,frag@251.11 frag@241.12 frag@242.05 frag@296.1 loss@362.14 loss@197.99 loss@352.09 loss@311.16 loss@349.15 loss@291.0 loss@379.12 frag@136.94 loss@344.12 loss@450.21 loss@180.98 frag@348.06 loss@337.07 loss@348.11 loss@339.17 loss@357.02,0.1289443076 0.1241872534 0.1113135219 0.06465487182 0.03997785598 0.0389271304 0.02902263962 0.0279101599 0.02786622196 0.02031171508 0.01455855276 0.0102856271 0.007555125281 0.00636425009 0.006343308836 0.006204739679 0.005887260195 0.005651128478 0.005555806216 0.005121266004
424,frag@191.06 loss@290.11 loss@218.02 loss@305.08 loss@251.02 loss@90.05 loss@282.05 loss@347.09 loss@218.05 loss@279.05 loss@280.03 loss@220.07 loss@211.01 loss@150.08 loss@207.03 loss@184.08 loss@241.08 loss@347.13 loss@292.04 loss@285.05,0.4938301742 0.07739637792 0.04618482292 0.03658031672 0.02179223113 0.02047643624 0.01864813268 0.01456006989 0.01161252987 0.007967607118 0.006582193542 0.006013376638 0.005676565226 0.00450221356 0.004045317881 0.003906267229 0.003901550546 0.003893644083 0.003859823104 0.003774108365
425,frag@137.02 loss@45.02 frag@169.06 loss@153.0 loss@139.02 frag@202.03 loss@81.09 loss@145.02 loss@278.07 loss@355.07 loss@142.97 frag@238.04 loss@110.0 loss@188.0 frag@254.11 loss@175.0 loss@129.03 frag@298.16 loss@154.11 frag@276.01,0.2909824252 0.1908411235 0.1062735915 0.06834456325 0.05522468686 0.05298162997 0.04046694562 0.03458619118 0.02656986751 0.01205767598 0.009301256388 0.008038956672 0.007836926728 0.004827062599 0.003940484952 0.003438247135 0.003087152028 0.00211038487 0.002094920492 0.002026135568
426,frag@121.05 loss@168.09 loss@237.09 loss@184.1 frag@230.12 frag@136.08 frag@59.02 frag@108.08 loss@152.1 loss@194.11 frag@190.13 frag@126.05 loss@299.1 frag@151.06 loss@257.02 loss@213.11 loss@207.11 frag@159.03 frag@122.06 frag@137.08,0.3473008573 0.2145016342 0.1285167038 0.107730113 0.04152872786 0.03117645904 0.02625426278 0.01531879511 0.007049831096 0.004645402078 0.004074582364 0.00364706479 0.003315318841 0.002718194621 0.002661515959 0.002501240699 0.00182589551 0.00181865145 0.001704666298 0.001679445035
427,loss@315.09 frag@239.03 loss@195.15 loss@315.08 frag@243.14 loss@293.04 frag@73.08 loss@430.26 frag@294.05 frag@41.57 frag@214.0 loss@317.07 loss@354.06 frag@89.02 frag@244.06 loss@357.16 frag@191.14 frag@146.11 frag@60.08 frag@373.18,0.06630267203 0.05197808146 0.03139530122 0.02228282578 0.01397280488 0.01077446807 0.00927632954 0.006391312461 0.005430199206 0.005050330423 0.004672587384 0.004306576215 0.004216236994 0.003863981692 0.003493507393 0.003463078989 0.003377763787 0.00310222432 0.003056897083 0.002749412088
428,frag@133.06 loss@149.08 loss@177.08 loss@163.1 loss@177.12 loss@175.1 loss@189.12 loss@204.1 frag@135.08 frag@122.1 frag@329.12 frag@308.14 frag@172.1 frag@332.06 loss@228.13 frag@240.12 loss@231.1 loss@160.05 frag@130.03 loss@203.09,0.446647644 0.1189029142 0.09025200456 0.08716728538 0.06361331791 0.05997213721 0.02959896997 0.01878574118 0.007120459341 0.006361311767 0.005869879387 0.005768347997 0.003926617559 0.003881633747 0.003122929018 0.003014187096 0.00268063019 0.002494469751 0.001755753765 0.001170116011
429,frag@270.06 frag@294.09 frag@336.23 frag@218.17 frag@228.15 frag@320.03 loss@370.14 frag@256.08 frag@243.14 loss@144.14 loss@304.19 frag@284.13 frag@214.02 frag@200.14 loss@193.98 frag@199.95 frag@262.14 loss@68.05 frag@214.0 frag@252.14,0.004241568968 0.003070820589 0.002673507202 0.00254030386 0.002489683218 0.002037570113 0.002012989018 0.001885871752 0.001851976034 0.001826293883 0.001647418947 0.00155988906 0.001411800855 0.001269410248 0.001228498761 0.00113993173 0.001137829036 0.001123862225 0.001122468617 0.001098823966
430,frag@193.04 loss@277.05 loss@233.01 loss@353.12 frag@269.04 loss@146.14 loss@256.03 loss@227.07 loss@295.05 frag@245.04 loss@313.1 loss@175.0 frag@320.06 loss@220.07 loss@277.04 loss@285.13 loss@337.11 loss@101.03 loss@236.04 loss@157.02,0.3870241642 0.0665262118 0.04045217484 0.03381882235 0.02266492695 0.0191800613 0.01631775685 0.01544792764 0.01164595969 0.0106111737 0.01036970597 0.01023361925 0.00928163249 0.0091990605 0.00893237628 0.008914742619 0.008351074532 0.007199584506 0.006489369087 0.005924668163
431,frag@203.07 loss@232.08 loss@230.13 loss@238.17 loss@232.14 loss@297.11 frag@175.11 loss@302.17 loss@224.15 loss@275.19 loss@292.15 loss@236.15 loss@265.1 loss@264.13 loss@198.13 loss@333.07 loss@313.12 loss@318.15 loss@298.18 loss@213.18,0.4960750341 0.1996474266 0.111317493 0.07608886063 0.04765580222 0.03888677806 0.002282975707 0.001100379042 0.001087484648 0.001051917439 0.001011220738 0.0007604380371 0.0005645483034 0.0005389382713 0.0004802970798 0.0004739745054 0.0004177241062 0.0004070929426 0.0003855686518 0.0003717721847
432,frag@160.0 frag@144.03 frag@69.99 frag@150.98 frag@117.0 loss@329.96 frag@232.06 loss@89.12 frag@251.09 frag@201.0 frag@285.07 loss@173.97 loss@329.04 loss@158.99 loss@125.99 frag@282.1 frag@132.05 frag@197.99 loss@75.08 frag@339.14,0.01057193428 0.00878899917 0.007146550808 0.005661793053 0.005641904194 0.005501493346 0.004038829356 0.004013685975 0.003348320024 0.003171819262 0.003030793741 0.002852455713 0.002851095749 0.002728646621 0.002643534914 0.002428826177 0.002394178184 0.00214876933 0.002146290848 0.002066920511
433,frag@169.06 frag@160.02 frag@306.1 loss@151.03 loss@219.0 loss@252.01 loss@198.99 frag@183.02 frag@152.03 frag@346.04 loss@180.06 loss@182.05 loss@79.99 frag@142.97 loss@191.02 loss@170.04 loss@180.01 frag@148.03 loss@193.02 frag@142.05,0.1288308054 0.09870003909 0.05265071243 0.04703532532 0.04530565813 0.03057277575 0.02332242019 0.01940829493 0.01656508446 0.01285820547 0.01251287851 0.01243734267 0.01194705814 0.01030533854 0.009055921808 0.008421051316 0.008275462314 0.007595622446 0.007429411169 0.006693786476
434,frag@163.03 frag@136.02 frag@110.01 loss@164.04 loss@192.04 loss@204.04 loss@206.05 loss@220.04 loss@191.05 frag@164.04 loss@154.02 loss@84.0 loss@142.01 loss@126.01 loss@161.06 loss@137.05 loss@194.05 loss@249.06 frag@109.01 loss@301.07,0.2021847814 0.1733396947 0.07295824587 0.07225574553 0.06890951097 0.06743131578 0.06002632529 0.03993524238 0.03679655492 0.0337132141 0.01942484826 0.01292039268 0.009098966606 0.006552108098 0.0048075472 0.004523216747 0.004049901385 0.003808065783 0.003756086109 0.003562832484
435,loss@144.05 frag@138.08 frag@140.05 frag@179.1 loss@143.06 frag@156.01 frag@125.0 loss@212.11 frag@173.04 frag@140.08 frag@169.06 frag@128.04 frag@176.06 frag@137.05 frag@152.05 frag@187.07 frag@129.02 frag@107.03 frag@224.06 frag@110.01,0.3706438243 0.05689625442 0.04231062531 0.03944254667 0.03910169005 0.03190787137 0.01809491776 0.01808489487 0.01354395226 0.008948617615 0.007649334613 0.006583418697 0.006481933407 0.006433330942 0.006067255046 0.005605554674 0.005567424465 0.00450549135 0.004386213142 0.004332310054
436,loss@208.03 frag@53.04 frag@81.03 loss@217.02 loss@222.05 frag@56.96 loss@257.11 frag@109.03 loss@287.06 loss@254.04 frag@65.04 loss@168.04 loss@204.12 loss@245.11 loss@267.99 loss@308.06 frag@58.03 frag@111.04 loss@332.12 frag@93.03,0.2780743241 0.2620418072 0.1493291408 0.03144431114 0.0294957906 0.01596006751 0.01422173716 0.01196786482 0.008527985774 0.006497390568 0.006046497263 0.005774931982 0.005276057404 0.004707220942 0.004403008614 0.004346722737 0.004101793747 0.003898874624 0.003890027758 0.003752161749
437,loss@99.08 frag@200.09 frag@277.08 frag@227.08 frag@271.12 loss@142.1 loss@99.06 frag@269.02 loss@308.04 frag@216.07 loss@361.15 loss@336.03 frag@266.11 loss@189.96 frag@177.02 loss@161.0 frag@249.1 frag@71.03 frag@113.08 loss@269.15,0.2019226253 0.04854809865 0.03770480305 0.03148455918 0.02476335503 0.0214572046 0.01635572501 0.01370285638 0.009489984252 0.007587395608 0.006948080845 0.00552792009 0.005511982832 0.005457143765 0.005246791057 0.004942810629 0.004866943695 0.004819421098 0.004668043461 0.004558201414
438,frag@263.06 frag@192.13 loss@103.01 loss@294.98 frag@258.99 loss@142.08 loss@133.04 frag@207.05 loss@293.08 loss@102.99 frag@225.09 frag@317.12 loss@152.01 frag@274.09 loss@176.05 loss@313.96 frag@146.0 loss@342.04 frag@242.05 frag@249.14,0.09077328444 0.05471602082 0.05154499784 0.03200611472 0.02177839912 0.01621217839 0.01545307692 0.01267945673 0.009686403908 0.008547683246 0.006616394036 0.006111634895 0.006029839627 0.005490202457 0.005372858606 0.004361027386 0.004112453666 0.003510960843 0.003422292881 0.003216344863
439,frag@269.18 frag@251.08 loss@95.06 loss@126.14 loss@325.07 frag@255.1 frag@212.0 frag@139.97 frag@258.12 loss@186.96 frag@180.99 loss@274.1 loss@248.03 frag@245.03 loss@363.17 loss@317.1 loss@80.15 frag@348.17 loss@72.03 loss@351.06,0.1247309595 0.1154567748 0.03931313753 0.03879066557 0.02239166386 0.02081676386 0.01170777716 0.00854538288 0.006786858197 0.005730448291 0.004784459248 0.00435580872 0.004200301133 0.004055363126 0.002868861891 0.002866788767 0.002697092947 0.002624972258 0.002591904718 0.002505895449
440,frag@250.1 loss@151.04 loss@99.04 frag@267.06 frag@291.11 loss@42.03 loss@108.04 frag@260.07 loss@249.04 frag@155.0 frag@154.07 loss@148.04 frag@156.01 frag@263.08 loss@135.05 frag@200.07 frag@284.14 frag@46.07 frag@186.95 frag@140.04,0.2060575485 0.1693471223 0.1286969334 0.05966610834 0.05806912482 0.05724709108 0.03507911414 0.02950083278 0.01486869529 0.01480910089 0.0123371752 0.01210253686 0.006822806317 0.005428338889 0.004862653092 0.004378735088 0.004342576023 0.00428671483 0.003440860426 0.003130125813
441,loss@93.08 frag@272.08 frag@262.09 loss@292.2 frag@318.17 frag@62.01 frag@240.07 loss@76.06 loss@98.08 frag@222.99 frag@211.06 loss@101.07 loss@350.02 frag@269.07 loss@74.05 frag@293.04 frag@307.11 frag@274.13 frag@250.09 loss@61.09,0.1029591784 0.06384727359 0.05359728634 0.0321323052 0.02586264536 0.02532969043 0.02343413234 0.02012495697 0.01301766187 0.01105281245 0.008176146075 0.007880505174 0.00754098827 0.005527236033 0.005293607712 0.005193873309 0.005119166337 0.005050501321 0.004810873419 0.004598052241
442,frag@86.01 loss@198.04 frag@103.03 loss@168.0 loss@249.04 loss@165.01 loss@277.06 loss@362.09 loss@59.02 loss@54.01 loss@154.04 loss@178.0 loss@33.99 frag@234.0 loss@162.04 loss@215.07 loss@297.03 loss@223.05 loss@208.92 loss@107.0,0.3657955229 0.17911686 0.08840272576 0.07681996375 0.01077689789 0.01067806222 0.007550377399 0.006749453489 0.006119772792 0.005647124257 0.005479506683 0.00435905531 0.004351271316 0.003901079996 0.003863599617 0.003742954927 0.003450099146 0.003325191326 0.003183682915 0.002936307341
443,frag@173.08 frag@171.07 loss@241.07 frag@98.04 frag@196.05 loss@317.14 loss@95.02 loss@174.04 loss@253.03 frag@292.13 loss@191.12 loss@142.04 loss@144.06 loss@206.06 loss@177.04 loss@170.01 loss@134.05 loss@149.05 loss@205.06 loss@177.05,0.1769574732 0.07988141477 0.06728644669 0.05197685212 0.04648864269 0.03072459064 0.02419730835 0.02011064999 0.01585520059 0.01353642624 0.01048998721 0.009479516186 0.009471762925 0.009035597555 0.007156135514 0.006981282961 0.006802802905 0.006682043429 0.006645241752 0.006586344913
444,frag@94.06 loss@245.14 loss@244.16 frag@108.08 loss@233.14 frag@122.06 loss@254.14 frag@94.07 frag@87.06 loss@195.13 frag@82.06 frag@166.09 frag@174.03 frag@80.05 loss@224.14 frag@99.06 frag@122.1 frag@193.1 frag@82.07 loss@260.05,0.2312541604 0.1691424549 0.1571947932 0.06118644029 0.04230509698 0.0301709678 0.02487586066 0.02258903719 0.01442790776 0.01353652682 0.009190171026 0.009087763727 0.006308576092 0.006103564054 0.005965260789 0.005480322521 0.004936890211 0.004466941115 0.004133373033 0.004094326869
445,frag@207.08 loss@233.1 loss@130.09 frag@231.05 frag@238.13 loss@153.07 loss@300.14 frag@292.11 frag@175.1 loss@145.09 frag@256.13 loss@202.11 loss@149.07 loss@191.12 loss@198.04 loss@110.05 loss@248.1 loss@131.1 loss@219.08 frag@177.11,0.2837202847 0.1534307599 0.09804203361 0.07054399699 0.065117158 0.06175294891 0.03079832345 0.01647595875 0.007315633353 0.006578029133 0.004699899815 0.004534027074 0.004449478351 0.004093293566 0.003822303377 0.003323374549 0.003282019403 0.003143112641 0.003111315193 0.002737085335
446,frag@125.01 frag@125.02 frag@124.02 frag@151.03 loss@262.04 loss@141.03 loss@181.03 frag@152.02 loss@157.03 frag@175.03 loss@226.09 loss@153.03 frag@153.01 loss@152.0 loss@167.04 loss@141.02 loss@178.02 frag@148.02 loss@337.08 loss@144.01,0.1339302361 0.1255035102 0.05401417986 0.04583883658 0.04071339592 0.04068983346 0.03392792866 0.03343150765 0.03233771771 0.02883317694 0.02737299353 0.02527684718 0.02367700264 0.0233806707 0.02096809447 0.01916626282 0.01903663389 0.01831582747 0.01374625694 0.009874748066
447,loss@110.07 frag@219.08 frag@222.07 loss@122.06 loss@95.05 frag@247.08 frag@297.09 loss@109.07 loss@121.07 frag@316.11 frag@254.09 loss@92.07 loss@78.05 frag@196.07 frag@265.12 loss@77.08 loss@44.04 loss@57.02 loss@72.04 frag@333.13,0.209660396 0.17992948 0.1203500256 0.08015377074 0.05965703726 0.0518277958 0.04868505895 0.04822004959 0.01833493635 0.01323034242 0.009385100566 0.008499817923 0.006422684528 0.005702647846 0.005232449621 0.004666568246 0.004120254889 0.003842577105 0.00376594835 0.003473477671
448,loss@165.03 frag@60.06 frag@214.12 loss@248.14 loss@303.17 frag@257.05 frag@268.02 frag@151.11 loss@292.09 frag@183.03 frag@216.07 loss@327.1 loss@249.18 frag@341.14 frag@383.18 frag@224.07 loss@283.07 loss@283.06 frag@252.12 frag@178.11,0.2991758883 0.1477835625 0.09874097258 0.02223083936 0.01192664541 0.01029146928 0.0101226531 0.01011675503 0.009787816554 0.00612184871 0.005860782694 0.005544956308 0.004893028643 0.004795307294 0.00402857922 0.004027534276 0.003928371705 0.003708865726 0.003601548262 0.003477356397
449,loss@225.07 frag@61.01 loss@183.03 frag@138.01 frag@115.06 frag@151.03 frag@195.04 loss@239.08 loss@226.09 frag@129.01 loss@298.03 frag@159.01 frag@139.01 frag@140.03 frag@127.0 frag@132.96 loss@152.0 loss@165.02 frag@138.02 frag@125.02,0.2568377852 0.1033608839 0.07485255599 0.06243278086 0.06033675 0.03980727494 0.0367394276 0.03617979959 0.03506529331 0.01496397518 0.01171037182 0.008231211454 0.007868536748 0.007730796468 0.007181717549 0.00540460879 0.005388386548 0.005201205611 0.00491464464 0.004520175513
450,loss@108.98 frag@225.06 frag@278.12 frag@265.14 frag@185.99 loss@220.99 frag@261.08 loss@180.03 loss@121.1 frag@289.15 frag@255.05 frag@264.11 frag@262.08 frag@409.09 frag@134.98 frag@232.02 frag@339.05 frag@321.06 frag@68.99 frag@230.04,0.08806733042 0.03151232377 0.02543975599 0.01487049833 0.01391985547 0.0128753297 0.01211566851 0.0117283538 0.009822760709 0.005117225926 0.004632861819 0.004418465775 0.003682876239 0.003349781036 0.003144668182 0.003054370871 0.003024740145 0.002976448974 0.002933255862 0.002800961724
451,loss@178.08 frag@179.99 frag@167.99 frag@241.14 frag@75.03 frag@292.12 frag@162.03 frag@196.03 frag@331.17 frag@61.01 frag@222.02 frag@217.12 frag@317.09 frag@212.0 frag@222.95 frag@144.96 frag@75.0 frag@113.04 frag@186.06 frag@172.05,0.4941500425 0.07673742622 0.06872417033 0.06726367772 0.06416306645 0.05234545097 0.04990076646 0.02207236178 0.00812501926 0.008069605567 0.005158221815 0.003080026712 0.002437812742 0.001865374739 0.001532733557 0.001404091017 0.001364425058 0.001311534201 0.001273534144 0.001235238393
452,frag@122.07 frag@136.09 frag@150.1 loss@178.12 frag@96.06 frag@124.09 loss@141.09 frag@108.06 loss@192.1 loss@166.12 frag@134.07 loss@228.14 loss@177.13 loss@192.14 loss@209.06 frag@110.07 loss@154.12 loss@115.11 loss@233.14 loss@150.12,0.1059400067 0.05610281974 0.05288013443 0.05107540265 0.04681356624 0.04562205821 0.04347638413 0.03784308583 0.03256814554 0.0288918335 0.02838433161 0.02754811943 0.02451358549 0.02173312381 0.02138402499 0.01993525028 0.01749873161 0.01675633341 0.01384192239 0.01332680043
453,frag@152.11 loss@241.13 loss@251.16 loss@264.13 loss@227.16 frag@162.97 frag@195.11 frag@206.1 loss@225.15 frag@59.06 loss@315.14 loss@201.15 frag@138.1 frag@319.19 frag@169.13 loss@156.1 loss@241.1 loss@234.14 frag@367.19 frag@218.03,0.2723905444 0.08932301402 0.08116913587 0.08098217845 0.0636042729 0.05140342936 0.02863056958 0.02138094231 0.02028723247 0.01888143271 0.01712037437 0.01524865534 0.01204251591 0.009813416749 0.007862609811 0.005567036103 0.004477204289 0.00415279856 0.00364251365 0.003512009513
454,frag@133.03 loss@111.03 loss@141.04 frag@161.02 loss@143.05 loss@112.02 frag@228.03 frag@129.09 frag@79.02 frag@156.01 frag@195.99 frag@63.02 frag@133.01 frag@43.02 frag@142.05 frag@123.04 loss@101.01 frag@173.95 loss@129.04 loss@139.03,0.283451885 0.1752329171 0.1591626406 0.08642535657 0.07620672137 0.07027431577 0.02610966004 0.01926335134 0.01805506088 0.00976954028 0.009088261984 0.004732741043 0.004491376691 0.003801236162 0.003800590988 0.002974240808 0.001958243549 0.001955611631 0.001899742289 0.001885236939
455,frag@97.03 frag@71.05 frag@85.03 frag@127.04 loss@833.44 frag@99.04 frag@73.03 loss@805.41 frag@69.03 loss@720.36 frag@61.03 loss@294.1 loss@445.16 frag@83.05 frag@57.03 loss@772.46 loss@791.43 frag@111.04 loss@370.03 frag@129.05,0.06444303691 0.05774714425 0.04705419391 0.03722992167 0.03687628731 0.0275781285 0.02229386754 0.02095002867 0.01974920183 0.01819994673 0.0164079424 0.01626700349 0.01552368328 0.01407179423 0.01076227427 0.01015129406 0.009576933458 0.009121697396 0.008192726411 0.007478057873
456,frag@188.07 loss@138.07 loss@340.08 loss@74.04 loss@316.09 loss@59.01 loss@110.06 loss@103.04 loss@145.15 loss@198.96 loss@303.96 loss@46.01 loss@331.06 loss@185.13 loss@45.0 loss@228.11 loss@130.15 frag@160.08 loss@119.07 loss@60.02,0.493781507 0.4411492348 0.01916942932 0.008645037189 0.006416945253 0.001888650353 0.001151597942 0.00111441745 0.001032601926 0.0009836622048 0.0009724006522 0.0009252830059 0.0009166519158 0.0008073440404 0.0006986953667 0.0006901978049 0.0006182368961 0.0005553654046 0.0005199978477 0.0005113539519
457,loss@118.05 frag@226.09 frag@200.05 frag@279.08 frag@284.1 frag@236.1 loss@153.01 loss@109.06 loss@347.18 loss@388.12 loss@179.14 loss@284.1 loss@144.1 loss@82.03 loss@150.06 loss@110.05 frag@163.12 frag@163.07 loss@251.0 loss@183.14,0.291479528 0.1273288727 0.1253775358 0.07559744269 0.04932955652 0.03547751904 0.02846420184 0.01923904382 0.0117778983 0.01004733425 0.006552819163 0.006295429077 0.006066548172 0.005920249503 0.005228908733 0.004646821413 0.004367787857 0.003598787123 0.003311919747 0.00328206527
458,frag@212.95 loss@113.03 frag@188.04 loss@156.04 loss@292.08 frag@124.05 loss@99.05 loss@174.05 loss@231.05 loss@338.99 frag@201.02 loss@246.08 frag@169.94 frag@156.02 frag@152.08 loss@272.08 frag@207.04 loss@148.01 loss@128.06 frag@127.06,0.2478412986 0.2002879232 0.1131624579 0.03644214198 0.01768678799 0.01147898752 0.0104913041 0.00843451079 0.007647223771 0.007421937771 0.006691746414 0.005842938554 0.005514516495 0.005476143677 0.005108681042 0.004557868931 0.004378659185 0.004250187892 0.00384064042 0.003801053856
459,loss@260.11 frag@111.02 frag@71.06 loss@324.09 frag@213.04 frag@230.14 frag@138.04 frag@113.05 frag@242.11 frag@109.05 frag@183.06 loss@302.08 loss@204.03 loss@303.1 loss@347.09 frag@134.99 frag@165.03 frag@176.09 frag@165.07 frag@146.03,0.3175234497 0.1247083992 0.04762257636 0.0431397818 0.03057396226 0.02643254772 0.01968086138 0.01284127682 0.01202179212 0.01039199438 0.009902785532 0.009513895959 0.007528214715 0.006005268078 0.005737687461 0.005690033082 0.005640645511 0.004692104179 0.004691205453 0.00449131988
460,loss@179.12 frag@118.92 frag@296.09 frag@263.09 loss@323.12 frag@162.97 frag@183.03 loss@208.02 loss@241.13 frag@232.17 frag@206.1 loss@246.01 loss@268.08 frag@329.21 frag@60.08 frag@79.06 frag@298.11 frag@273.16 loss@242.96 loss@304.17,0.2676340938 0.1488860548 0.06799165159 0.02620119601 0.0243523661 0.008827295154 0.006057291292 0.005889429711 0.00571556855 0.005559675395 0.005480594933 0.003898474621 0.003258052282 0.002702294849 0.002688375767 0.002619468607 0.002214335138 0.002030469477 0.001978035551 0.001932758139
461,frag@169.0 loss@160.08 loss@307.11 frag@205.03 loss@277.07 frag@169.01 frag@121.01 loss@285.12 frag@149.04 frag@125.99 frag@119.07 loss@263.07 frag@139.01 frag@162.07 frag@138.07 frag@189.14 frag@245.08 loss@141.1 frag@103.02 loss@318.1,0.351134181 0.2458972037 0.1518379748 0.08404930681 0.06269232929 0.007197566796 0.005150667857 0.004650346469 0.004330535419 0.003852311522 0.003471178003 0.003301192308 0.003169184783 0.002363974694 0.002128101885 0.001682902221 0.001625200966 0.001544971485 0.001537096105 0.001522397506
462,frag@283.14 frag@286.03 frag@226.1 frag@278.12 loss@344.2 frag@220.1 frag@289.15 frag@264.11 loss@227.98 loss@197.99 frag@267.15 loss@310.07 frag@260.12 frag@189.93 frag@149.01 loss@169.14 loss@338.16 loss@47.04 frag@262.08 frag@185.99,0.04799605533 0.0400710851 0.03214948252 0.01933417469 0.01495081838 0.006724170875 0.006504734047 0.005177812651 0.00442189863 0.003572833724 0.003495577257 0.003372232663 0.002964655403 0.002739628544 0.002695256844 0.002519675763 0.002186668105 0.00217451714 0.002162414137 0.002088688314
463,frag@194.1 loss@144.1 loss@123.09 loss@107.09 loss@132.1 frag@236.07 loss@119.09 loss@131.13 loss@246.12 loss@81.08 loss@114.08 loss@103.06 loss@117.12 frag@325.03 loss@146.09 loss@61.09 loss@292.95 frag@237.1 loss@64.03 frag@235.07,0.4111495316 0.07597869635 0.05926341563 0.05200048164 0.0459780544 0.02794425003 0.02680643462 0.02160557546 0.01784658432 0.01740572602 0.01650803722 0.008857225068 0.008125800639 0.007115288638 0.006723752245 0.006567758974 0.005507280584 0.005178314168 0.004534332082 0.004317345098
464,frag@115.05 loss@205.1 loss@200.09 loss@177.03 loss@230.08 frag@117.07 loss@256.1 loss@239.13 loss@188.06 loss@259.08 loss@328.06 frag@128.06 loss@202.05 frag@103.05 loss@214.07 loss@232.05 frag@129.07 loss@170.09 loss@348.05 frag@104.06,0.4615252018 0.3417668045 0.03198071197 0.01091926731 0.0106728971 0.007281300612 0.006444279104 0.005198331084 0.004739195574 0.004585078917 0.003904986661 0.003463477828 0.003421166912 0.00325730606 0.003031639382 0.002706112806 0.002380256774 0.002351600444 0.002132617868 0.002007307718
465,frag@99.05 loss@267.07 loss@337.15 frag@86.06 loss@254.16 frag@109.04 frag@111.06 frag@193.01 loss@281.12 frag@84.04 frag@100.08 loss@189.14 loss@302.07 frag@123.05 loss@277.06 frag@128.11 loss@314.12 frag@122.03 loss@287.13 loss@268.19,0.1635478884 0.1573894173 0.09384860098 0.07402184606 0.05600654334 0.04899409041 0.03785471618 0.02176640928 0.01597483829 0.0158619117 0.01474108361 0.01242776867 0.01200272609 0.01037763432 0.007878120989 0.007197301369 0.006413142662 0.005300351419 0.004368947819 0.003297826741
466,frag@56.05 loss@255.12 loss@183.11 loss@246.07 loss@209.13 loss@298.1 loss@288.2 loss@184.1 frag@84.08 loss@251.12 loss@163.05 frag@82.06 loss@196.12 loss@244.01 loss@266.11 loss@262.15 loss@122.1 loss@238.06 loss@259.0 loss@211.12,0.4523493052 0.09834840894 0.08279508352 0.03549119458 0.03149873763 0.02109383605 0.01846115105 0.016281005 0.0133482758 0.01256376877 0.008256652392 0.008010137826 0.007900086232 0.007671615575 0.006793383043 0.006452661008 0.005927701481 0.005721660331 0.005075766239 0.005069545005
467,frag@200.11 frag@212.11 loss@170.12 loss@177.15 loss@198.11 loss@173.12 loss@219.17 loss@243.16 loss@195.14 loss@270.1 loss@247.13 loss@184.1 loss@356.12 loss@348.13 loss@271.07 loss@117.05 loss@377.15 loss@229.06 loss@224.13 loss@251.15,0.2712162435 0.2059190124 0.1714137346 0.07596535236 0.02331307717 0.01182196476 0.008676595986 0.008211749606 0.007759002969 0.007617527153 0.006761522964 0.006430801935 0.005156990606 0.004758773372 0.004614010919 0.004297774751 0.004277938511 0.004146118183 0.003571672831 0.003267595544
468,frag@67.05 frag@43.02 loss@231.11 loss@160.09 loss@277.13 loss@254.14 loss@223.09 loss@280.14 loss@293.03 loss@212.15 loss@315.11 loss@266.17 frag@209.14 frag@85.06 loss@223.1 loss@224.15 frag@97.06 loss@255.13 loss@179.13 loss@213.15,0.333714962 0.1392004043 0.1250514388 0.09343812615 0.08933767676 0.03822942451 0.01018469315 0.006768492982 0.004891910125 0.004758788273 0.00457526464 0.004280547146 0.004265564959 0.004229150247 0.0039012013 0.003893815679 0.003302286612 0.00330055668 0.003015592694 0.003006438026
469,frag@125.06 loss@239.06 loss@221.05 frag@92.03 loss@254.05 loss@239.05 loss@227.04 loss@294.02 loss@228.06 frag@111.04 loss@210.07 loss@229.07 loss@274.14 loss@238.05 loss@210.09 loss@182.04 loss@405.12 loss@227.09 loss@221.1 frag@319.19,0.352619648 0.1695202738 0.1118329763 0.1073381975 0.04985118285 0.01627805084 0.01272287499 0.008547714911 0.008048266172 0.007988644764 0.006399086211 0.00617878139 0.005069611128 0.004890307784 0.004189569503 0.003951298539 0.003356930101 0.003285910003 0.003278085263 0.002278666478
470,frag@234.1 frag@206.04 loss@335.22 loss@395.2 loss@106.0 frag@250.11 loss@155.96 loss@72.08 loss@214.16 loss@280.02 loss@396.13 loss@270.06 loss@78.98 loss@400.27 frag@256.07 frag@210.08 loss@225.01 loss@408.21 frag@227.15 loss@373.23,0.1672188342 0.1659469604 0.02264528908 0.01858470775 0.01682344824 0.01618756354 0.01399375778 0.0134153543 0.008955629542 0.006520499941 0.0054468452 0.0052376003 0.005160983652 0.005123634357 0.004479110707 0.004456434865 0.004313216545 0.004253795836 0.004103307612 0.003737650812
471,loss@272.16 frag@123.08 frag@207.1 frag@147.08 frag@105.07 frag@159.08 frag@117.07 frag@141.07 frag@135.08 frag@131.09 frag@133.06 frag@129.07 frag@116.06 frag@161.06 frag@149.1 frag@168.09 frag@145.07 frag@79.05 frag@376.15 frag@143.09,0.4363606572 0.1643985659 0.1292538196 0.02513554506 0.01874576882 0.01482088119 0.01376872975 0.01251319516 0.01120364945 0.01077047829 0.007481703069 0.006189880893 0.00504750153 0.0047479067 0.004654262215 0.003786144545 0.003512357362 0.003480861662 0.003294982016 0.003173010889
472,frag@166.04 loss@129.1 loss@130.05 loss@122.03 frag@321.09 frag@207.16 frag@319.17 loss@58.02 loss@18.01 loss@142.11 loss@232.99 frag@213.03 loss@282.05 frag@274.12 loss@120.05 frag@287.15 loss@205.13 frag@202.03 loss@128.09 loss@325.16,0.3259775937 0.08708097786 0.06101628393 0.05431172252 0.05285649002 0.02524162084 0.01122738235 0.00869219657 0.007325065322 0.007122789044 0.006238856353 0.006046007387 0.005739303771 0.005603557453 0.005401102826 0.004936071113 0.004707826767 0.004485176411 0.003960536793 0.003804400098
473,frag@193.09 loss@136.09 frag@208.11 frag@215.07 loss@347.14 loss@246.09 loss@118.04 loss@330.02 loss@557.1 loss@136.05 loss@677.25 loss@180.11 loss@162.07 loss@326.11 loss@356.14 loss@245.04 loss@224.11 loss@137.08 loss@321.16 loss@94.04,0.4432952404 0.3276312351 0.01918847859 0.01770918071 0.01591650024 0.01478375029 0.008818659 0.006514917128 0.00454224553 0.004180870485 0.003553514602 0.003429811448 0.003333697561 0.003148143413 0.002525369171 0.002461170778 0.002272638492 0.002195874928 0.001592781977 0.001525515225
474,frag@74.01 loss@196.05 loss@216.99 loss@157.09 frag@218.98 frag@140.08 frag@168.96 frag@141.07 loss@143.08 loss@246.04 frag@144.05 loss@198.07 loss@198.05 frag@233.14 frag@96.07 frag@447.13 frag@225.16 frag@90.05 frag@85.08 frag@194.04,0.4468176067 0.2806542516 0.188280791 0.01251314394 0.007507203147 0.005096596666 0.003448621836 0.003234130098 0.002024928574 0.001867974177 0.001495313249 0.001363045303 0.001286536222 0.001258192002 0.001004991005 0.0009289924637 0.0008822163218 0.0008737936732 0.0008575453539 0.0008131171926
475,frag@148.08 loss@232.12 loss@220.12 loss@234.14 loss@189.08 loss@262.13 loss@259.13 loss@260.12 loss@230.14 loss@260.15 loss@270.14 loss@241.01 frag@173.01 frag@190.09 loss@288.11 frag@138.09 loss@228.13 loss@193.1 loss@222.13 frag@161.11,0.4872543514 0.08412369341 0.07967785746 0.0657004267 0.0481322296 0.04541596398 0.0377461426 0.03463146836 0.03242960572 0.01919167116 0.01693558879 0.006379412953 0.002688408829 0.00234322669 0.001707537798 0.001659559901 0.001588385552 0.001430739649 0.001251438633 0.001082940726
476,frag@79.05 loss@213.1 loss@245.08 frag@105.07 loss@186.06 loss@279.07 loss@207.09 loss@240.15 loss@228.06 loss@192.06 loss@254.13 frag@135.08 loss@225.11 loss@227.12 loss@231.07 loss@257.11 loss@204.12 loss@266.14 loss@223.12 loss@267.1,0.4201660156 0.1077901199 0.0488589555 0.04477933794 0.02020100318 0.0176251065 0.01723153889 0.01637725346 0.01571887918 0.01491786074 0.01138487831 0.009963816963 0.009214428253 0.009029640816 0.00825198181 0.007582459599 0.007409934886 0.007240451872 0.006730678957 0.006513489876
477,frag@130.06 frag@158.06 loss@201.1 loss@203.08 loss@184.06 loss@184.08 loss@161.11 loss@169.05 loss@399.2 loss@174.08 loss@185.01 loss@296.06 loss@165.07 loss@173.11 frag@132.08 loss@203.09 frag@146.06 frag@160.08 loss@219.0 frag@130.07,0.3218899965 0.1475021839 0.105440855 0.08501467109 0.07536797225 0.06170991436 0.04364343733 0.01876769401 0.01374950353 0.01308280881 0.01284286287 0.01139834709 0.01129860524 0.01009196322 0.004480209667 0.00440512877 0.003634667723 0.002730727196 0.002721587662 0.002371840877
478,frag@237.13 frag@239.11 frag@151.11 frag@253.12 loss@383.14 loss@344.18 loss@313.09 loss@362.17 loss@478.29 loss@345.16 loss@330.11 loss@396.16 frag@273.03 loss@303.17 loss@358.16 loss@283.06 loss@172.59 frag@183.03 frag@263.14 loss@390.13,0.1181958765 0.1031776518 0.07185794413 0.06867963821 0.04418605566 0.02804653905 0.01851642691 0.0121806236 0.01149384398 0.01083520055 0.009694380686 0.008675992489 0.00806962233 0.007382216863 0.005610569846 0.004978403449 0.004795927554 0.00444408413 0.004396717995 0.004198213108
479,loss@115.09 loss@341.19 frag@223.07 loss@363.13 frag@256.13 frag@252.14 frag@199.0 loss@315.17 frag@270.06 frag@247.18 frag@317.12 frag@340.11 frag@197.98 frag@272.16 loss@168.01 frag@410.19 frag@308.07 frag@194.0 loss@329.04 loss@201.93,0.0100621935 0.008345455863 0.006093808915 0.00461496925 0.004592024721 0.004039286636 0.003254699288 0.003215947654 0.002391479909 0.002125669736 0.002043254208 0.001952475985 0.001839112141 0.001822266262 0.001748528797 0.001747764647 0.001612781081 0.00157005433 0.001528339228 0.001463244203
480,frag@156.07 frag@155.06 loss@111.04 loss@104.03 loss@159.02 frag@141.06 loss@284.1 loss@168.02 loss@144.06 frag@274.1 loss@145.08 loss@143.07 frag@246.1 loss@165.0 frag@155.05 loss@95.05 loss@98.05 loss@195.08 loss@114.06 loss@330.07,0.2321592867 0.1624846458 0.1093090326 0.06767361611 0.05081752315 0.0342441462 0.03186490759 0.03014441393 0.01905128174 0.01699329354 0.01579146273 0.01546545513 0.01093309 0.009628524072 0.006878993474 0.006829371676 0.006550896447 0.004746049177 0.004180161282 0.004165743012
481,frag@343.13 loss@137.02 frag@293.14 frag@267.03 loss@198.02 frag@241.01 frag@307.12 loss@111.04 frag@69.99 loss@162.14 loss@188.14 frag@216.06 loss@196.02 loss@148.07 loss@233.04 loss@354.17 frag@233.06 loss@117.02 loss@140.01 frag@308.1,0.05714574829 0.04988326505 0.0438600257 0.03097274713 0.02092901058 0.01267248113 0.009102419019 0.008793406188 0.008057984523 0.007731654216 0.006942424458 0.00522092171 0.00442756433 0.004359208513 0.004217714537 0.003697146429 0.003442298854 0.002668850822 0.002462490229 0.002441935707
482,loss@224.13 frag@203.12 loss@195.14 loss@263.14 frag@207.12 frag@143.12 frag@259.04 frag@320.15 frag@181.14 frag@242.12 frag@353.16 loss@97.1 frag@138.03 loss@316.09 frag@447.13 frag@265.11 frag@218.14 frag@153.11 frag@130.1 frag@203.05,0.2297690809 0.1644778699 0.1353484243 0.08582429588 0.05653350428 0.0541203618 0.03253103048 0.0287626572 0.0237998236 0.01794150658 0.009077688679 0.0080625806 0.00508417841 0.004632963333 0.003924150486 0.00335316034 0.003000034252 0.002814420033 0.002807005774 0.002369416412
483,loss@164.08 frag@178.09 frag@127.01 frag@163.06 frag@314.13 frag@319.16 frag@192.1 frag@220.13 frag@99.08 frag@325.07 frag@162.97 frag@165.09 frag@303.03 frag@190.09 frag@131.03 frag@120.08 frag@170.98 frag@137.06 frag@141.08 frag@202.12,0.4981926084 0.3396042585 0.04266728833 0.03582575172 0.02673931606 0.01417824719 0.01003860123 0.00209323084 0.001062088413 0.0008645140915 0.0008639420848 0.0008601997979 0.0008407775313 0.00081781263 0.0007742857561 0.0007607942098 0.0007336931303 0.0006591657875 0.0006463343743 0.0006232879823
484,frag@146.07 frag@134.07 frag@207.11 loss@148.09 loss@206.12 frag@161.08 loss@220.1 frag@120.06 loss@277.12 loss@234.14 frag@109.08 loss@287.13 frag@97.04 loss@245.09 frag@202.11 loss@192.04 frag@148.09 loss@178.11 loss@305.16 loss@206.15,0.1287825257 0.1156861186 0.05899941176 0.05384108424 0.05245130137 0.03905477375 0.02289656177 0.02008759417 0.01743534021 0.01463660505 0.01416539587 0.01168913394 0.01146444399 0.009272334166 0.008445719257 0.007982608862 0.007806202862 0.007450337987 0.006987879984 0.006408477668
485,frag@125.04 loss@222.09 loss@141.06 frag@217.12 frag@203.11 loss@245.07 frag@196.03 frag@154.97 frag@122.03 frag@349.07 loss@186.15 loss@217.15 frag@130.0 loss@191.04 loss@179.08 loss@290.07 frag@95.02 frag@194.09 frag@111.02 loss@165.1,0.3712350428 0.2984262705 0.1624528319 0.07854890823 0.01562817767 0.01518661529 0.003437493928 0.003109814366 0.002980980789 0.002005845075 0.001581796678 0.001521596452 0.001354737324 0.001344387885 0.001320116222 0.001210342045 0.001069954364 0.0009881485021 0.0008985165041 0.0008766681422
486,frag@111.04 loss@268.1 loss@247.02 loss@283.08 loss@318.1 frag@93.03 loss@348.08 frag@81.03 loss@238.05 loss@284.09 loss@295.1 loss@248.06 loss@257.11 loss@181.13 loss@288.13 loss@282.1 loss@313.1 loss@239.06 loss@281.11 loss@293.03,0.4382249415 0.1005800292 0.08233094215 0.07811486721 0.06851626933 0.03406933323 0.03129185736 0.01624806039 0.01408318896 0.01203032956 0.007894094102 0.006304365117 0.005522713996 0.004721192643 0.004355746321 0.003585065482 0.003437427804 0.002978922566 0.00297506433 0.002885875059
487,loss@58.08 frag@227.07 frag@252.08 frag@321.08 loss@64.05 loss@118.1 frag@297.08 frag@221.06 frag@238.1 frag@284.03 frag@295.1 frag@285.04 frag@255.07 frag@272.07 frag@234.06 frag@299.06 loss@618.2 frag@295.06 loss@226.01 frag@279.07,0.02885172144 0.0242807623 0.02408606373 0.02216822654 0.0217971243 0.01752667688 0.01743927971 0.01610797457 0.01537919417 0.01418271195 0.01307215728 0.01306834351 0.0126881795 0.01267199963 0.01251514815 0.01224292442 0.01220161375 0.01184239425 0.01106834691 0.01102094818
488,frag@143.09 frag@185.1 frag@137.1 loss@277.08 frag@147.08 frag@129.07 loss@371.13 frag@225.09 frag@117.07 frag@130.08 loss@334.09 loss@318.19 loss@318.16 frag@119.09 loss@319.09 frag@128.06 frag@175.08 frag@159.12 loss@323.15 loss@343.11,0.06822081655 0.0613851808 0.03994322196 0.02959602326 0.02484006062 0.01285729278 0.01273646206 0.01091566309 0.01081494614 0.009659938514 0.009622296318 0.008941363543 0.008260242641 0.007488500793 0.007468950935 0.00722970441 0.007194241509 0.007125298958 0.006703391671 0.006477748044
489,frag@135.03 frag@163.02 frag@134.02 loss@237.05 loss@249.05 loss@235.03 loss@226.06 loss@198.03 loss@217.03 loss@184.98 loss@215.02 loss@179.98 loss@210.06 loss@78.57 frag@121.01 loss@192.08 loss@165.08 loss@228.06 loss@225.05 loss@120.06,0.2308643162 0.1627033949 0.0945962891 0.07079809904 0.05975652114 0.0567391403 0.05022903532 0.04623244703 0.01987911388 0.009287194349 0.006392565556 0.005099723581 0.004712166265 0.004452756606 0.003972008824 0.003898551222 0.00347822695 0.003105378477 0.002910052892 0.002677445067
490,frag@91.05 loss@257.07 loss@239.04 loss@231.06 loss@227.05 loss@303.13 frag@109.06 loss@235.06 loss@247.11 loss@255.09 loss@247.08 loss@263.04 frag@91.06 loss@259.04 loss@257.11 loss@238.05 loss@222.05 frag@121.06 loss@286.08 loss@238.02,0.4437501132 0.1128627509 0.07559015602 0.03284180164 0.02824285254 0.01761835627 0.01753815822 0.01425257511 0.01353626605 0.01328572258 0.01131571364 0.01097729709 0.01004062779 0.00911484845 0.008578201756 0.008019864559 0.007567421533 0.007297366392 0.007237747777 0.006417709403
491,loss@60.02 frag@221.07 loss@74.04 loss@61.03 loss@86.04 frag@156.07 loss@88.05 frag@260.08 frag@156.01 frag@78.01 frag@80.02 frag@220.07 loss@101.05 frag@195.04 loss@89.02 loss@103.04 frag@204.01 frag@257.09 frag@56.98 loss@62.04,0.1030032337 0.0792895928 0.0733962059 0.05010535195 0.04067461193 0.03440796584 0.03434861079 0.03260754794 0.02329300903 0.02212698385 0.02182527632 0.02138981409 0.02108770795 0.0195967108 0.01685556397 0.01661817357 0.01604799926 0.01545589231 0.01368059125 0.0131305065
492,frag@80.05 frag@94.06 loss@213.11 loss@267.08 loss@262.05 loss@235.11 loss@291.08 loss@209.1 loss@222.07 loss@210.02 loss@272.13 loss@261.15 loss@250.05 loss@264.06 loss@183.06 loss@104.06 loss@247.1 loss@194.08 loss@225.11 loss@234.14,0.2375269979 0.209239766 0.02906671725 0.02728160284 0.02091078833 0.01809757203 0.01488501206 0.01476644166 0.01406312082 0.01304509211 0.0128602013 0.01218229812 0.01193293836 0.01106269844 0.01017657574 0.009780315682 0.00810447149 0.007297325879 0.007279129233 0.00677351607
493,frag@55.05 frag@69.07 frag@83.09 loss@143.09 loss@141.08 loss@125.08 loss@157.11 loss@159.09 loss@129.12 loss@139.1 loss@153.12 loss@170.11 loss@155.09 frag@126.09 loss@172.12 loss@96.06 loss@185.11 loss@185.14 frag@72.04 loss@291.2,0.2393006235 0.1314898282 0.05673219636 0.05645084381 0.0560634844 0.04058463126 0.03884522617 0.03778771311 0.03234855458 0.03224771097 0.03156962246 0.0302479621 0.02990793996 0.02853936516 0.02224295214 0.01844635233 0.01598937251 0.01181508135 0.009900844656 0.005814563483
494,loss@297.12 frag@133.1 frag@145.1 frag@107.09 loss@348.16 frag@157.1 loss@312.12 frag@149.1 loss@307.15 frag@93.07 frag@119.09 loss@374.15 loss@371.14 loss@229.15 loss@306.17 loss@283.12 loss@351.17 frag@173.13 frag@147.12 frag@109.1,0.1185413897 0.1178195104 0.1101418585 0.06724969298 0.05600588024 0.02532443777 0.02265649475 0.01964104362 0.01577502489 0.0145580871 0.01435878873 0.01311087236 0.01306356862 0.01289441809 0.01262482256 0.01196822617 0.01138562243 0.01054116245 0.01016613934 0.00987496879
495,loss@310.18 frag@298.14 loss@351.15 frag@227.11 loss@260.19 frag@273.03 loss@297.14 frag@248.11 loss@227.17 loss@379.13 loss@327.11 frag@295.13 loss@363.15 frag@325.19 frag@268.1 frag@293.15 loss@420.13 frag@184.96 frag@244.04 loss@387.14,0.05684810504 0.0564356707 0.05584684759 0.05314838141 0.0455233939 0.03970987722 0.03784170747 0.03066677973 0.02837572061 0.01880008355 0.0177583769 0.01758819446 0.01578739844 0.01220732834 0.01019140799 0.009382212535 0.00937877968 0.009185130708 0.008888476528 0.008746244945
496,loss@190.1 frag@107.05 frag@236.15 frag@135.08 frag@163.04 frag@135.04 frag@325.09 frag@125.06 frag@79.05 frag@117.03 frag@56.96 frag@328.15 frag@273.09 frag@178.05 loss@217.13 frag@104.06 loss@327.15 frag@165.05 frag@169.01 frag@139.04,0.4943013787 0.428278625 0.0152303623 0.009111584164 0.005423990078 0.005161687732 0.004049751442 0.003824403975 0.003197521437 0.003171890974 0.002776357112 0.002472694265 0.002289914759 0.002201809548 0.001516316435 0.001455462654 0.0009676514892 0.0008205291815 0.0007869758992 0.0006946673966
497,frag@61.01 loss@216.04 loss@88.11 loss@131.05 loss@257.03 frag@115.06 loss@151.03 loss@121.05 loss@182.05 loss@260.1 loss@298.03 loss@150.02 loss@207.04 loss@168.03 loss@306.14 loss@232.17 frag@272.04 loss@316.09 loss@239.02 loss@168.05,0.406475544 0.0959752351 0.05618317425 0.02637515031 0.02371569723 0.01638724655 0.0148125533 0.01475994289 0.00976257585 0.009730888531 0.009730378166 0.009251610376 0.008733041584 0.007837361656 0.007315095514 0.006546125282 0.006452900823 0.006002320908 0.005827893969 0.005468110554
498,loss@178.03 loss@82.04 frag@55.03 frag@157.02 frag@82.04 loss@97.03 frag@170.96 frag@46.07 frag@144.0 frag@145.01 frag@116.98 frag@71.06 frag@88.04 loss@137.06 loss@61.05 frag@180.02 frag@109.0 frag@209.01 frag@97.08 frag@347.02,0.2080507129 0.1583950222 0.1167003363 0.1112999693 0.09855742007 0.08885561675 0.03115757927 0.02170361206 0.01428687107 0.007920514792 0.005914510693 0.005352419335 0.003943318967 0.003861265723 0.003549035639 0.003378182417 0.003289670916 0.002660050523 0.002575280145 0.002053560456
499,frag@226.07 loss@178.0 frag@280.06 loss@52.98 frag@273.93 loss@333.08 frag@271.04 frag@234.99 frag@350.14 frag@260.02 loss@76.0 frag@100.05 frag@295.16 frag@352.15 frag@153.96 loss@119.0 frag@218.96 frag@359.14 loss@381.18 frag@102.0,0.02764796279 0.01279820874 0.009131984785 0.007426202763 0.005083606578 0.004895284306 0.004701747093 0.004454880022 0.004165366292 0.003654656233 0.003469363321 0.003234938486 0.003091991181 0.003011609893 0.003004449653 0.002610653639 0.002449126914 0.002399540273 0.002398811979 0.002335333265
500,loss@46.01 frag@90.03 loss@73.02 loss@43.99 frag@104.05 frag@171.07 frag@131.06 loss@87.03 frag@117.04 loss@45.0 frag@129.04 frag@128.05 loss@28.0 loss@85.02 loss@59.01 loss@114.04 loss@112.03 frag@78.01 loss@100.03 loss@27.99,0.1393354684 0.0689952746 0.05205096304 0.04487458616 0.04157946631 0.04105212167 0.0344106108 0.0341646485 0.03384547681 0.02702073939 0.02530590445 0.02271623537 0.02259468101 0.01596224308 0.01532104891 0.01503402926 0.01473919582 0.01453994308 0.01438159682 0.01392331254
501,frag@95.05 loss@257.13 loss@274.14 frag@77.04 frag@105.03 loss@305.15 loss@286.11 loss@277.11 loss@274.17 loss@302.15 loss@320.15 loss@244.12 loss@301.14 frag@125.06 frag@107.05 loss@240.09 loss@243.15 loss@292.13 loss@278.1 loss@396.09,0.3651643693 0.1186432317 0.08711571246 0.05375244841 0.04535700381 0.03171600029 0.02534012869 0.01945817471 0.01481655706 0.01174140256 0.008747714572 0.00860766042 0.008560261689 0.008059118874 0.007795464247 0.006474430207 0.005484087393 0.005452089477 0.005443559028 0.005226548761
502,frag@146.07 frag@162.07 loss@216.1 loss@145.06 loss@188.11 loss@189.07 loss@473.29 loss@229.1 loss@186.09 loss@234.11 loss@165.12 loss@177.09 loss@213.1 frag@153.05 loss@292.1 frag@120.06 loss@189.1 loss@218.03 loss@202.08 loss@193.11,0.2967330217 0.1978976876 0.1719473451 0.1159358025 0.1056167409 0.05411719158 0.009119135328 0.004688719288 0.004298742861 0.003861987963 0.003249078989 0.002947790083 0.002419959987 0.001264242455 0.00111575739 0.001098496607 0.001080535236 0.001029382809 0.0008683926426 0.00084613933
503,frag@157.06 loss@196.11 loss@314.08 loss@154.06 loss@333.14 loss@188.08 loss@295.13 loss@248.07 loss@204.08 loss@200.13 loss@222.1 loss@269.05 loss@221.12 loss@183.08 loss@289.07 loss@228.15 loss@170.05 loss@175.11 loss@350.15 loss@230.05,0.4964335561 0.2212121785 0.02906311117 0.02496564761 0.01946829632 0.01371625811 0.01109799091 0.008799199946 0.007424452808 0.006084968336 0.005963383242 0.005874317605 0.005599184893 0.005391800776 0.0051335264 0.003416578751 0.002942624502 0.002516278764 0.00239023217 0.002292920602
504,frag@204.08 loss@96.07 loss@68.04 loss@107.08 loss@0.06 frag@335.17 loss@96.03 loss@133.06 loss@121.05 loss@127.02 loss@149.04 loss@127.1 loss@178.03 loss@108.03 frag@219.08 loss@306.01 loss@32.03 loss@34.97 loss@397.08 loss@110.07,0.4964802563 0.4177684188 0.06301695853 0.005808160175 0.002236223314 0.001731271506 0.001696150401 0.001196724479 0.001138151973 0.001005661674 0.0004594008496 0.0003716851934 0.000369647285 0.0003299694217 0.0003111823462 0.0002721322526 0.0002521838469 0.0002291841229 0.0001964847033 0.0001857608149
505,loss@130.07 frag@226.11 frag@227.08 loss@344.2 loss@298.15 frag@157.09 loss@317.1 loss@327.11 frag@180.99 loss@328.1 loss@106.06 frag@222.08 frag@177.02 loss@363.13 frag@345.06 frag@182.98 frag@92.02 loss@169.18 frag@237.99 frag@281.04,0.1814195514 0.1213752553 0.030938752 0.02035181783 0.02005615458 0.01678913273 0.01343323104 0.01072904281 0.009069236927 0.008565971628 0.007123545278 0.006576098967 0.005591184832 0.005360836629 0.005061625503 0.003901865333 0.003817899618 0.003488373011 0.003385169432 0.003323204117
506,frag@167.06 frag@205.1 loss@84.03 loss@126.09 loss@70.02 loss@265.01 loss@198.98 loss@73.05 loss@207.15 loss@123.98 loss@18.03 loss@109.05 loss@98.06 loss@138.12 frag@238.03 loss@43.01 loss@144.1 loss@127.11 loss@109.04 loss@177.07,0.2871282101 0.1900862902 0.146326527 0.1160495952 0.03984779119 0.01741206273 0.01030234434 0.009544681758 0.009403698146 0.008350926451 0.007807173301 0.007363315206 0.005497592036 0.005226444453 0.005185419228 0.004236881156 0.004227420781 0.004176257644 0.003792258911 0.003576689633
507,loss@69.03 frag@207.09 frag@235.09 frag@199.08 loss@222.04 loss@128.01 loss@280.06 frag@264.09 loss@238.01 frag@255.09 frag@46.07 loss@156.16 frag@283.09 frag@324.13 loss@123.98 frag@232.14 frag@254.15 loss@138.0 loss@97.03 loss@345.98,0.123445116 0.1100149229 0.0899758637 0.06892257184 0.06359866261 0.06163406 0.05417082831 0.04295921698 0.03520373628 0.03338865191 0.03080403805 0.02801028453 0.02418071963 0.0176242739 0.01726565883 0.01669730991 0.01661410928 0.01213857345 0.008258555084 0.007189877797
508,frag@158.07 loss@165.09 frag@188.08 loss@137.1 loss@122.05 loss@243.01 loss@425.08 frag@189.08 frag@155.94 frag@174.07 loss@149.1 loss@95.04 frag@190.1 loss@190.01 loss@94.05 loss@148.06 frag@93.04 frag@177.07 frag@132.06 loss@200.02,0.3357222676 0.2105699033 0.1370799989 0.1268308014 0.1096553504 0.01339678839 0.006825373508 0.002756621223 0.002506827237 0.002478732495 0.002204267541 0.001959123649 0.00164173299 0.001585230697 0.001398882596 0.001314441906 0.00116845977 0.001151266275 0.001118686283 0.001103699207
509,loss@270.11 frag@239.1 frag@239.15 frag@273.11 loss@279.1 loss@315.19 frag@254.11 frag@224.14 frag@86.07 frag@172.11 frag@286.12 frag@227.04 frag@173.02 frag@348.15 loss@347.13 frag@154.01 loss@339.14 frag@312.09 frag@312.16 frag@232.13,0.2807814479 0.1445834041 0.05772868916 0.03045002371 0.01901338436 0.01830925047 0.01335734408 0.01331251673 0.0116955461 0.0113591738 0.01082309242 0.01080583688 0.008622504771 0.007648526691 0.006655385252 0.005800669082 0.005550286733 0.005121293943 0.004926002584 0.004836237989
510,frag@234.09 frag@323.11 loss@305.07 loss@277.08 loss@341.21 frag@215.11 loss@223.01 loss@61.0 loss@298.15 loss@157.16 frag@92.02 loss@154.17 loss@328.2 loss@100.0 frag@260.07 frag@212.96 loss@132.08 loss@198.09 loss@78.01 loss@127.05,0.2509199381 0.08581264317 0.07339555025 0.03266993165 0.01716878824 0.01284137368 0.01052338257 0.009170407429 0.008710273542 0.007105228025 0.006714324933 0.005993606988 0.005623014178 0.005398948211 0.005090069491 0.005088793114 0.003547280096 0.003511099145 0.003163657384 0.003033892019
511,frag@55.03 frag@98.03 loss@128.04 frag@204.04 loss@282.03 loss@289.15 frag@218.98 loss@180.99 loss@252.03 loss@76.03 loss@62.05 loss@301.16 frag@102.0 loss@229.05 loss@356.1 loss@201.15 frag@277.99 loss@170.0 loss@135.02 loss@326.07,0.2319323272 0.1501262635 0.142717883 0.05976116285 0.02756362408 0.01129619777 0.01049836352 0.009178270586 0.008633930236 0.007877673954 0.006844920106 0.006265989039 0.00442847563 0.003887581173 0.003683528863 0.003571202978 0.003051229054 0.002910387004 0.002899413696 0.002886608941
512,loss@126.07 frag@212.09 loss@253.01 frag@315.13 frag@255.03 frag@286.09 loss@281.16 loss@211.98 frag@192.07 loss@172.12 frag@259.05 frag@228.93 loss@85.07 frag@184.0 loss@96.06 loss@242.07 frag@307.14 frag@421.16 loss@204.97 frag@166.97,0.3129652143 0.2101424634 0.09235736728 0.07827567309 0.06281785667 0.05049916357 0.03351840377 0.009667073376 0.007073651068 0.00667506922 0.00460120989 0.004105641041 0.003741772147 0.0026970529 0.00263456651 0.002617322374 0.002483800519 0.002367336769 0.002360547427 0.002195314271
513,loss@220.07 frag@137.01 frag@125.03 loss@202.04 loss@248.05 frag@262.07 loss@181.05 loss@282.12 loss@301.03 loss@272.08 loss@232.03 loss@104.04 frag@138.08 frag@76.02 loss@153.06 loss@183.1 loss@324.1 loss@84.0 loss@248.04 loss@180.14,0.2721550465 0.2504959702 0.1923706234 0.1001683772 0.05058705062 0.03648588061 0.008563652635 0.007034413517 0.004811935127 0.004437750671 0.003974928986 0.002913127653 0.002574416809 0.002283168258 0.002011761768 0.001628678991 0.001576298033 0.001363424351 0.001180333784 0.001078401227
514,loss@232.02 loss@297.16 loss@285.03 loss@209.04 frag@212.04 frag@73.08 loss@226.0 frag@162.97 frag@60.08 loss@211.21 loss@250.12 loss@347.03 frag@323.09 frag@296.11 loss@311.11 frag@187.14 loss@356.09 loss@280.01 loss@143.01 frag@303.11,0.03093074448 0.01437994838 0.008249200881 0.007772076875 0.007607387379 0.005588463508 0.005544323474 0.005484791007 0.005283371545 0.004938179161 0.004870970733 0.004627934191 0.004473777488 0.003147410462 0.003082010197 0.002974910894 0.002898206469 0.002800264629 0.00278460863 0.002530692145
515,frag@159.07 loss@159.07 loss@57.07 loss@113.13 loss@203.96 loss@100.13 loss@187.01 loss@174.08 loss@160.06 frag@174.09 frag@155.06 loss@176.11 frag@172.08 loss@194.02 loss@158.1 loss@134.06 loss@129.99 loss@60.02 loss@115.08 frag@145.06,0.4864945412 0.3873982131 0.04021024704 0.03000473976 0.009317773394 0.004764797166 0.001855887356 0.001743401517 0.001626377692 0.001558411052 0.001423001406 0.001139416825 0.001118918066 0.001031826483 0.0009908237262 0.0009340196848 0.0008600138244 0.0008036256768 0.0007703910233 0.0007701903232
516,loss@181.05 frag@177.02 frag@251.07 loss@49.05 frag@256.09 loss@284.1 frag@264.11 frag@237.1 frag@262.12 frag@249.1 frag@227.08 frag@237.06 frag@311.12 loss@234.04 frag@252.08 loss@270.06 frag@263.1 frag@207.13 frag@265.13 frag@249.15,0.3123315275 0.1413432807 0.09064484388 0.04294380173 0.02732692286 0.0133420201 0.01291222777 0.01099229418 0.009566340595 0.009509273805 0.009153905325 0.007177380379 0.007110965904 0.007006246131 0.005597815849 0.004592140671 0.004499859177 0.003974464722 0.003881593235 0.003866781015
517,frag@93.07 loss@294.13 frag@67.05 loss@266.14 frag@81.07 loss@221.11 loss@367.15 frag@79.05 loss@296.09 loss@237.14 frag@95.09 frag@107.09 loss@224.15 loss@314.13 loss@212.14 frag@57.03 loss@257.09 loss@281.13 loss@209.14 loss@269.14,0.2072543502 0.09989646077 0.08240943402 0.07903621346 0.05596761405 0.04007446393 0.03962412849 0.02692117169 0.020275658 0.01410070341 0.01380900666 0.01005773153 0.009898921475 0.008351634257 0.00735899061 0.007331522647 0.006614529062 0.006449907552 0.006365554407 0.006252138875
518,loss@133.04 frag@293.08 frag@396.21 frag@280.1 frag@303.07 loss@360.19 loss@102.99 frag@409.09 loss@68.08 frag@292.07 frag@307.13 frag@222.02 frag@246.09 frag@265.14 frag@290.12 frag@278.12 frag@220.95 loss@77.99 frag@289.12 frag@327.12,0.1011938751 0.07593710721 0.03099049255 0.02788230963 0.02349762619 0.02272089012 0.02196286619 0.02057650499 0.018424768 0.01827624999 0.01603530161 0.01339171082 0.01248651929 0.009742407128 0.009497431107 0.006433482282 0.006414037663 0.00545645738 0.005115853157 0.004990334157
519,frag@183.05 loss@263.09 frag@269.09 frag@196.01 loss@169.08 loss@293.06 loss@309.16 frag@310.11 loss@131.08 frag@184.02 loss@256.1 loss@326.08 loss@236.13 frag@121.07 loss@288.06 loss@243.02 loss@223.13 frag@326.13 frag@322.19 loss@289.09,0.1324502677 0.1181652546 0.1013165265 0.09270057827 0.02819674648 0.02515907399 0.01991429366 0.01762159355 0.01676505618 0.01029725466 0.01016459335 0.01000775024 0.009172240272 0.008797761053 0.008568945341 0.008076322265 0.007142605726 0.00691450946 0.00688788062 0.005793140735
520,loss@148.05 frag@157.01 frag@181.04 frag@123.01 loss@166.03 frag@273.09 frag@139.04 loss@149.06 loss@230.99 loss@147.04 frag@243.04 loss@264.99 frag@118.04 loss@189.02 loss@157.02 frag@253.05 loss@216.04 loss@180.06 loss@286.04 loss@144.0,0.4339292347 0.2495032251 0.1299751997 0.1034260243 0.04573973268 0.002860838315 0.001290392363 0.001175771118 0.001133795711 0.0008391413139 0.0007626461447 0.0007386514335 0.0007264156593 0.000628737791 0.000624408538 0.0005926384474 0.000556527928 0.0005324042286 0.0005143317976 0.0005091032945
521,frag@174.98 frag@222.12 loss@316.09 frag@189.1 loss@326.08 frag@307.1 frag@161.11 loss@294.06 loss@319.14 loss@202.14 frag@374.15 frag@323.08 frag@336.17 loss@309.16 frag@128.98 loss@60.14 loss@195.14 loss@77.08 loss@288.06 frag@326.13,0.06690818071 0.0538380146 0.05206868425 0.04483284801 0.03341490775 0.03249693289 0.0229983516 0.02237789519 0.02104778402 0.01525879744 0.01512950659 0.01488046348 0.01427164208 0.01172187459 0.01083786413 0.01038250979 0.009202570654 0.008411124349 0.008156742901 0.007959774695
522,frag@123.07 loss@233.03 loss@201.02 loss@171.01 loss@176.01 loss@172.02 loss@330.08 loss@327.1 loss@412.12 loss@157.02 frag@188.06 loss@191.05 loss@319.98 loss@309.14 loss@209.03 loss@236.04 loss@180.16 loss@194.12 loss@187.99 loss@299.19,0.4880699217 0.09675016254 0.08779604733 0.07769995183 0.04297182336 0.04080400243 0.03737425432 0.03196121752 0.01797105558 0.003748557065 0.003301951801 0.00240671658 0.002165446756 0.001886975602 0.001798157115 0.00152286177 0.001225026906 0.001146144816 0.001132903039 0.00108452735
523,loss@235.08 loss@195.09 loss@209.07 frag@106.06 frag@152.07 frag@138.06 frag@178.09 frag@110.05 frag@106.07 frag@65.04 frag@119.06 frag@150.09 frag@164.14 frag@324.17 frag@134.06 frag@187.12 loss@276.11 loss@237.06 frag@190.09 frag@118.06,0.1688220352 0.1533031315 0.1468391567 0.1052700281 0.08010201901 0.06543137878 0.030020101 0.02903909795 0.0265368484 0.01914193854 0.01584239863 0.01214766968 0.008997951634 0.00858053565 0.006332540419 0.006295232102 0.006042181514 0.005872188136 0.005866346415 0.005221997388
524,frag@189.08 loss@241.09 loss@354.1 loss@145.15 loss@311.05 frag@259.05 frag@171.99 loss@299.07 loss@170.1 loss@267.01 frag@153.03 frag@395.21 loss@217.12 loss@362.02 loss@188.01 loss@195.12 frag@208.03 frag@125.02 frag@327.11 loss@110.0,0.415754348 0.2926733494 0.04595788568 0.03257963434 0.02282238379 0.0220274087 0.01434994768 0.00929017365 0.008239055984 0.007167601492 0.006859960034 0.003899223171 0.003184777452 0.002899319399 0.002805548487 0.002769860439 0.002664801897 0.002406410407 0.002336553764 0.002216146095
525,loss@234.15 frag@110.03 frag@206.13 frag@177.14 loss@202.99 frag@154.09 frag@193.14 loss@123.14 frag@195.11 loss@169.13 loss@159.99 frag@163.01 loss@324.13 frag@82.04 frag@194.13 frag@60.04 loss@283.07 frag@126.09 frag@198.99 loss@195.16,0.2714157403 0.1044255272 0.07110073417 0.07029356807 0.04674308002 0.04411521181 0.0397563763 0.02016800828 0.01936189272 0.01898150332 0.01528089307 0.01367343683 0.01264076587 0.01056359615 0.01045551151 0.00623205211 0.005799718201 0.004752208479 0.004333682824 0.004110612441
526,frag@65.04 loss@228.06 loss@238.05 loss@232.04 loss@188.05 loss@227.05 frag@67.02 loss@263.04 loss@225.06 loss@247.08 loss@236.05 loss@315.12 loss@110.01 loss@257.11 loss@213.03 loss@238.02 frag@91.06 loss@220.03 loss@128.04 loss@227.15,0.4479036927 0.08939678222 0.06161830947 0.05837933719 0.04950131848 0.04100047797 0.0191908516 0.01649314538 0.01440268196 0.01121743955 0.009722894989 0.009620458819 0.009433356114 0.007514905185 0.007226902992 0.007174301893 0.007003189065 0.005902545527 0.005872943904 0.005326183047
527,frag@95.05 loss@257.11 loss@222.05 loss@274.14 frag@77.04 loss@225.06 loss@231.07 loss@243.09 loss@227.05 frag@79.05 loss@240.15 loss@195.06 loss@228.06 loss@254.05 loss@268.1 loss@243.15 loss@257.07 loss@308.06 loss@256.05 loss@239.04,0.4134361446 0.06835386157 0.05024212599 0.04876856133 0.03224752843 0.0284016151 0.02297722176 0.02224451862 0.0171509143 0.01551248413 0.01514059491 0.01081958786 0.01049170457 0.008801952004 0.008666663431 0.007386132143 0.007066296879 0.006602247711 0.006570677739 0.006063140929
528,frag@170.11 frag@111.1 loss@323.14 loss@338.16 frag@315.06 loss@255.19 loss@266.01 frag@257.12 frag@302.12 frag@184.98 frag@237.14 loss@301.16 frag@349.15 frag@334.12 loss@217.14 frag@225.12 loss@227.2 frag@285.16 loss@372.12 frag@194.0,0.05647052079 0.02944160439 0.01835769974 0.01579984091 0.01446451154 0.007880818099 0.00758767454 0.007437673863 0.006681574509 0.005185790826 0.00473871408 0.00432699779 0.003545708954 0.003393667284 0.003386409022 0.003329303814 0.003201219952 0.003188183066 0.003179684049 0.003167429706
529,loss@163.11 frag@187.06 frag@159.05 loss@200.11 loss@133.06 frag@268.14 frag@234.13 frag@200.99 frag@175.06 frag@135.05 frag@258.1 frag@268.09 frag@187.07 frag@204.08 frag@188.08 frag@159.07 frag@345.1 frag@130.04 loss@173.1 frag@177.07,0.252420783 0.150687933 0.1425710768 0.1369618773 0.09627707303 0.05668284744 0.02792469971 0.009343296289 0.006581006106 0.006240845658 0.005098980386 0.005027574953 0.004950720351 0.004723681137 0.00386370765 0.003533992451 0.00348739489 0.003022368765 0.002924116561 0.002744829049
530,frag@117.07 frag@129.07 loss@149.12 loss@118.08 loss@236.07 frag@145.06 frag@116.06 loss@200.09 loss@169.09 loss@200.1 loss@205.15 frag@147.08 loss@328.12 loss@247.11 frag@145.07 loss@239.13 loss@147.1 loss@376.13 frag@128.06 loss@288.09,0.2910388112 0.1080797613 0.09921682626 0.08636087179 0.03092363849 0.02316687629 0.01850790717 0.01788088493 0.01729828492 0.01676028594 0.01212942693 0.01093810331 0.01062104292 0.009996786714 0.009809491225 0.009125540033 0.009043099359 0.007283512969 0.006195069756 0.006068471354
531,frag@246.1 frag@80.01 loss@171.12 loss@171.95 loss@101.09 loss@291.09 frag@71.03 frag@228.12 frag@138.03 loss@208.18 frag@215.04 frag@171.08 frag@282.16 frag@199.11 loss@116.07 frag@310.12 loss@255.11 loss@297.15 loss@68.08 loss@161.11,0.1625564396 0.1212971658 0.07210472226 0.03289921209 0.01677850075 0.0164945256 0.01186451036 0.0108820796 0.01033565775 0.01002598368 0.009356395341 0.008226092905 0.005628055427 0.005430653226 0.0047464245 0.004615938291 0.00453615468 0.004245491233 0.00421620626 0.004056639038
532,frag@131.07 loss@121.09 loss@264.06 frag@174.09 frag@158.06 frag@115.05 frag@132.08 frag@160.08 loss@316.1 frag@131.05 frag@103.05 loss@331.06 frag@144.08 loss@247.96 frag@117.06 frag@143.07 loss@328.06 loss@348.05 frag@130.07 loss@280.99,0.4076182842 0.3628512323 0.112705119 0.03243293986 0.01664201729 0.01413440611 0.004936138634 0.004584535956 0.003446277697 0.002599510597 0.002043682151 0.001741432585 0.001570356311 0.001194229582 0.001193513861 0.001184354769 0.001039382885 0.0009958938463 0.0009835138917 0.0009230631404
533,frag@149.02 loss@181.07 loss@165.04 frag@149.03 loss@289.13 loss@167.14 loss@148.02 loss@350.13 loss@166.03 loss@258.05 loss@180.14 loss@204.04 loss@79.04 loss@294.0 loss@263.11 loss@161.06 loss@153.04 loss@314.14 loss@184.18 loss@219.05,0.3700118363 0.2177847773 0.1358638257 0.1266142875 0.03829219565 0.02845050767 0.02752077021 0.01234155986 0.005571765359 0.002306323731 0.002028432908 0.001292207511 0.001259031123 0.001176772523 0.001051577623 0.0008730473346 0.0008471045294 0.0005318246549 0.0005223151529 0.0004486127873
534,frag@122.04 loss@165.06 loss@244.07 loss@232.06 loss@234.2 loss@192.04 loss@192.08 loss@196.07 frag@155.07 loss@301.07 frag@165.05 loss@299.04 loss@227.01 loss@238.12 frag@180.05 frag@314.13 loss@249.05 loss@305.1 loss@172.03 loss@185.09,0.4877726138 0.172971189 0.1367880255 0.0936672315 0.03149306402 0.005487024784 0.005060513038 0.004218880087 0.003039163304 0.002905146219 0.002768881852 0.00254370016 0.001876352937 0.00177303399 0.001272472087 0.00123156968 0.001182564883 0.0009602960199 0.0008342313231 0.0007971336017
535,loss@158.02 loss@148.03 frag@231.08 loss@149.02 frag@334.17 frag@220.95 frag@303.07 frag@341.04 frag@246.1 frag@138.03 loss@106.01 frag@174.08 frag@280.1 frag@184.97 frag@292.08 frag@80.03 frag@282.07 loss@184.93 frag@322.09 frag@80.01,0.1657499522 0.1556862891 0.1121305227 0.04787786677 0.01882603392 0.01407856215 0.01250072103 0.0109765213 0.008474163711 0.008152524009 0.007207990624 0.006138619501 0.005855015479 0.00477140164 0.004156272858 0.004147608764 0.004098689649 0.003927754238 0.003683897201 0.003503014799
536,loss@41.03 frag@157.05 frag@185.05 loss@161.02 frag@258.1 loss@1.01 loss@95.99 frag@176.06 frag@180.08 frag@308.06 loss@101.05 frag@170.07 loss@158.04 loss@159.07 frag@154.07 frag@185.03 frag@439.18 frag@309.14 frag@182.96 frag@213.14,0.2192649096 0.1211620942 0.1126018837 0.08805053681 0.082626082 0.07228307426 0.04119382426 0.02361267805 0.007289191242 0.006805401295 0.004982953425 0.004100553691 0.003959431313 0.003927937243 0.003816661658 0.003810093738 0.003518099198 0.003117318032 0.002807364799 0.002755311318
537,loss@260.03 frag@147.1 frag@257.13 loss@329.14 frag@208.03 loss@308.09 frag@270.13 loss@116.11 frag@231.06 loss@192.03 loss@317.12 frag@286.14 frag@126.08 loss@330.15 frag@255.08 loss@325.08 frag@312.17 frag@341.16 frag@191.1 loss@277.13,0.05742564052 0.04260528833 0.03195888922 0.02764777653 0.0241342131 0.02108935826 0.02034802362 0.01961667463 0.01312224474 0.0129908435 0.01233159471 0.01182512753 0.0113370195 0.01116100047 0.009992279112 0.009781233966 0.009571249597 0.009564771317 0.009086844511 0.008653297089
538,loss@217.0 frag@245.1 loss@153.13 loss@140.09 frag@146.05 frag@263.11 frag@230.08 frag@312.15 frag@102.05 loss@297.16 loss@150.06 frag@201.06 frag@224.97 frag@136.01 frag@199.07 frag@205.1 loss@165.13 loss@182.0 frag@253.09 frag@224.09,0.1494719386 0.1101769805 0.09432283789 0.05006682873 0.04848986864 0.02845908515 0.02473988011 0.02473480999 0.01679704338 0.01638306864 0.01502444688 0.01378582139 0.01253442932 0.01226303633 0.01003429666 0.009765725583 0.008472103626 0.008471457288 0.005860186182 0.005476325285
539,frag@111.05 loss@267.09 loss@255.09 loss@243.09 loss@211.05 loss@248.07 frag@314.11 frag@326.13 frag@312.09 loss@214.1 frag@316.13 frag@259.14 loss@259.04 loss@290.06 loss@217.1 frag@118.08 frag@84.99 loss@211.07 loss@222.01 loss@264.09,0.4556034505 0.1162475869 0.1049362496 0.09979168326 0.06465144455 0.05381858349 0.009947071783 0.006208272185 0.003493802389 0.002642269013 0.002589686774 0.002455015434 0.002432575682 0.002404079307 0.002380171325 0.002215617104 0.002194730332 0.002019836335 0.001854842994 0.001445005066
540,loss@199.11 frag@249.08 frag@237.0 frag@203.09 frag@188.95 frag@221.08 frag@223.1 frag@208.1 frag@237.11 frag@223.09 frag@218.08 frag@173.06 frag@278.03 frag@186.07 frag@199.11 frag@211.1 frag@230.05 frag@217.04 frag@280.14 frag@247.07,0.4873625636 0.08665451407 0.05406028032 0.03907375038 0.03006506711 0.02827677503 0.01768692024 0.01672722027 0.01459725574 0.01143999398 0.006413064431 0.005587570835 0.004408285953 0.004366857465 0.004121454433 0.004109718837 0.003471194999 0.003385159886 0.003234991338 0.003222569823
541,frag@135.07 loss@236.06 loss@260.1 frag@148.06 loss@218.1 frag@256.06 frag@116.03 frag@245.16 frag@111.01 loss@247.03 frag@162.07 loss@152.04 frag@256.05 frag@156.05 frag@139.1 loss@190.01 frag@308.18 frag@358.19 frag@335.11 loss@264.08,0.2469061315 0.1962204576 0.1637273878 0.09606812894 0.07116047293 0.05874745175 0.009023727849 0.005648024846 0.005571458954 0.00530003896 0.00473209843 0.004615851212 0.004471109249 0.003744112095 0.003330377629 0.003212159965 0.003112978069 0.003045155434 0.003015081864 0.002949252259
542,frag@136.11 loss@229.06 loss@198.11 loss@186.13 loss@155.1 loss@248.13 frag@183.11 loss@183.11 loss@266.12 loss@207.13 loss@251.15 frag@213.96 loss@184.1 loss@271.07 frag@212.11 loss@122.07 loss@245.05 loss@348.08 frag@209.03 loss@235.12,0.4643124044 0.1453711987 0.1272757351 0.08309838921 0.05322543532 0.00815718621 0.006421427242 0.005616295151 0.005238733254 0.003611647058 0.003153350903 0.003004302736 0.002884719754 0.002787965117 0.002714922652 0.002602421446 0.002414515708 0.001985520357 0.001956998371 0.001927093603
543,frag@97.08 loss@182.13 loss@182.12 frag@177.03 loss@282.12 loss@229.01 loss@245.03 loss@234.0 loss@285.13 loss@192.16 frag@224.01 loss@97.98 frag@124.1 loss@301.03 frag@224.02 loss@247.06 loss@161.96 loss@242.05 frag@88.04 loss@219.03,0.3646027446 0.09202948958 0.07917331904 0.07335893065 0.05304309353 0.03479407355 0.02551378123 0.02336097322 0.02003052272 0.01973653585 0.0170482751 0.01231001597 0.01079957746 0.006023414899 0.005994903389 0.004211221822 0.004185624421 0.004078368191 0.003726838622 0.003048035549
544,frag@185.13 frag@213.16 frag@221.13 loss@276.17 frag@274.13 loss@314.21 frag@317.1 frag@239.09 loss@79.06 frag@130.05 frag@283.16 loss@316.17 loss@102.08 frag@222.99 frag@379.12 frag@215.14 loss@121.96 loss@377.17 loss@101.07 frag@355.15,0.2550214827 0.06563850492 0.04047960415 0.01992721483 0.009368139319 0.009024486877 0.008567975834 0.008054058999 0.007793375757 0.005452321377 0.005372983869 0.004763368051 0.004695435055 0.004692142364 0.004508655053 0.004392542876 0.004231765401 0.003444747766 0.003371117404 0.003287660889
545,frag@123.04 loss@197.09 loss@239.1 frag@158.99 loss@224.02 loss@330.09 loss@274.14 loss@295.1 loss@377.13 loss@297.06 loss@227.07 loss@264.09 loss@309.18 frag@113.04 frag@113.01 loss@191.02 loss@320.05 loss@273.14 loss@189.06 loss@197.08,0.459071815 0.2045966387 0.1811063737 0.03443084657 0.03071068041 0.02773195691 0.01021215972 0.005649400875 0.002952415729 0.002875701291 0.002124869032 0.002069728216 0.001531275455 0.001494076569 0.001087237499 0.001082339324 0.0008339131018 0.0008272681152 0.0008188131033 0.0007784230402
546,frag@108.04 loss@180.09 loss@236.08 frag@126.05 loss@247.1 frag@124.04 loss@259.09 frag@80.05 frag@136.04 loss@213.11 frag@193.13 loss@194.11 loss@231.08 frag@108.08 loss@237.06 frag@179.08 loss@192.09 loss@221.07 loss@200.06 frag@163.09,0.2636936307 0.2004884928 0.09452323616 0.08617118746 0.08151381463 0.05998600274 0.04015823826 0.03502544761 0.03299864382 0.0299994424 0.008164171129 0.007739222609 0.003188425675 0.002824601019 0.001785964123 0.001694578794 0.001657082699 0.001387153403 0.001358119771 0.001341663068
547,frag@177.07 loss@147.05 loss@229.1 loss@158.12 loss@253.03 loss@208.18 loss@214.03 loss@92.99 loss@190.01 loss@203.06 loss@213.14 loss@188.01 loss@172.14 loss@198.97 loss@148.06 loss@425.08 loss@129.01 loss@265.16 loss@308.07 loss@80.03,0.4951450527 0.1794406176 0.117606543 0.1087916121 0.010988947 0.008974785917 0.005313881673 0.003250650596 0.003235332202 0.001904324046 0.001775455195 0.001658807509 0.001635086373 0.001559261349 0.001534986077 0.001424433663 0.001309333253 0.001210819813 0.001066673547 0.001043634722
548,frag@249.11 frag@271.1 loss@59.05 loss@220.99 frag@230.05 loss@65.98 frag@249.05 loss@132.01 frag@232.05 frag@156.06 frag@335.13 frag@221.06 frag@305.08 loss@118.99 frag@221.04 frag@225.06 frag@335.09 frag@277.04 frag@304.03 frag@369.23,0.07643640041 0.06156063825 0.02765610442 0.01885137334 0.01487203687 0.01300708111 0.01107006241 0.009791442193 0.009350150824 0.008858962916 0.008149266243 0.006312934682 0.005658662412 0.005139229354 0.004433393013 0.00428221561 0.003998603672 0.003308459185 0.003252875991 0.003188828239
549,loss@237.13 frag@128.09 loss@285.04 loss@175.01 loss@259.02 frag@176.02 frag@76.02 frag@209.04 frag@185.04 loss@116.11 loss@243.03 frag@208.03 frag@155.94 frag@231.06 loss@204.97 loss@179.01 frag@259.05 loss@179.0 loss@272.11 loss@155.04,0.09107721597 0.04307228699 0.0344446525 0.02982454561 0.02919660695 0.02812559158 0.02758811601 0.02712082677 0.02427513525 0.02299667336 0.01846168377 0.01652726158 0.01460875478 0.01233421545 0.01067404822 0.009869668633 0.009303086437 0.009248399176 0.009212800302 0.009211139753
550,frag@222.11 loss@243.02 loss@185.13 loss@284.06 frag@199.06 loss@308.09 frag@239.12 loss@305.06 loss@306.09 loss@151.03 frag@142.97 loss@262.16 loss@153.99 frag@327.18 loss@223.02 frag@107.01 frag@307.16 frag@159.1 loss@219.0 loss@110.0,0.1830973178 0.0430614613 0.03612752631 0.03294820711 0.02808796056 0.02672520839 0.02663512714 0.01805839688 0.01530709118 0.01517537422 0.01412676089 0.01397917047 0.01277325582 0.01229879353 0.01206514891 0.01161407493 0.01070979983 0.009814891964 0.008996961638 0.008797536604
551,frag@162.05 loss@203.06 loss@195.04 loss@177.06 loss@175.03 loss@202.01 loss@226.06 loss@276.06 loss@238.04 loss@211.05 loss@185.04 loss@193.04 frag@84.99 loss@189.04 loss@203.05 loss@191.07 loss@175.06 loss@220.08 loss@113.06 loss@204.09,0.4888168871 0.2614432871 0.08433180302 0.02207180858 0.0217515938 0.02130018547 0.008799257688 0.004434869159 0.003633732209 0.003410458332 0.002680092352 0.002634498291 0.002582640853 0.002222116105 0.00205922965 0.002037297469 0.001953689614 0.001893017441 0.001752900076 0.001577824587
552,loss@174.06 frag@235.05 frag@240.06 frag@218.14 loss@150.02 loss@264.08 loss@295.1 loss@336.14 loss@124.0 loss@247.03 loss@263.09 loss@178.09 loss@144.05 loss@207.04 loss@208.05 loss@242.08 loss@168.03 loss@183.06 loss@226.04 loss@202.05,0.2609914541 0.1913332194 0.160752058 0.1090662181 0.06446765363 0.01158703212 0.009610476904 0.008082805201 0.005987311713 0.005694236606 0.005385814235 0.005178651772 0.004130431917 0.003577769035 0.003523033578 0.003146599978 0.003078109119 0.00301669375 0.002981676022 0.002616613405
553,loss@238.11 loss@238.13 frag@128.11 loss@210.14 frag@127.09 frag@142.09 loss@194.14 frag@194.13 frag@155.12 frag@82.07 loss@237.15 frag@100.08 frag@96.08 frag@100.04 frag@98.06 frag@70.07 frag@126.09 frag@210.15 frag@98.08 frag@114.09,0.1325203031 0.122341238 0.1221886724 0.1178491339 0.1009636894 0.09363421053 0.07830943912 0.03111655079 0.02872146107 0.01871388033 0.01670691185 0.0164728798 0.007142726332 0.006294440944 0.005532588344 0.004962246865 0.004153537098 0.003152617253 0.002833484672 0.002807214623
554,frag@68.05 loss@215.01 loss@243.05 loss@223.09 loss@263.11 loss@270.04 loss@229.08 loss@287.11 loss@271.04 loss@278.13 loss@208.14 loss@246.02 frag@110.06 loss@234.14 loss@219.14 loss@200.12 loss@254.07 loss@279.16 loss@223.13 loss@235.07,0.4739653766 0.1116034091 0.09768612683 0.09138788283 0.02598332241 0.0227718167 0.01209773496 0.0103113912 0.008491420187 0.006908863317 0.006557307206 0.005975292064 0.005790206604 0.00496046152 0.004837379791 0.004826136399 0.004060573876 0.003606242361 0.003195386147 0.003108300734
555,frag@170.07 loss@194.02 loss@136.08 loss@131.11 loss@67.04 loss@101.05 loss@92.03 loss@128.06 loss@124.06 loss@60.04 loss@139.05 loss@100.13 loss@299.11 loss@217.01 loss@133.06 loss@241.07 frag@236.08 loss@170.07 loss@34.97 loss@117.12,0.4873249531 0.1162855402 0.08258549869 0.06754782796 0.06276462227 0.02738068439 0.02547353134 0.01911279373 0.01018678397 0.005760145839 0.005363099743 0.004447310697 0.003885826096 0.003724108217 0.003590355394 0.003202785971 0.002913168166 0.002471350366 0.002408017404 0.002283453243
556,frag@210.09 loss@93.02 loss@91.05 loss@96.02 loss@203.0 loss@103.01 loss@67.04 frag@329.11 loss@341.13 loss@111.05 frag@225.08 frag@167.07 frag@222.11 loss@123.05 frag@254.09 loss@299.11 frag@195.07 frag@270.07 loss@112.01 frag@304.09,0.4396633506 0.1850871295 0.1446555406 0.0556852296 0.03739627451 0.01158804167 0.01076029148 0.007735672873 0.004449550994 0.00304370583 0.002796213608 0.00237275823 0.002337043872 0.002281964291 0.00220198324 0.002125558443 0.002119089244 0.001580795157 0.001526809414 0.001446865266
557,loss@200.08 frag@174.08 loss@293.1 frag@190.11 frag@234.05 frag@164.09 frag@194.03 loss@202.96 frag@244.11 frag@273.13 frag@181.14 frag@341.15 frag@256.1 loss@261.2 frag@56.01 loss@271.06 frag@111.0 loss@221.98 frag@110.99 loss@300.1,0.2827880085 0.1808144599 0.09658031166 0.0438016504 0.04189986736 0.0184662696 0.01479083393 0.01470851246 0.01420995593 0.01356073469 0.01116895583 0.009403204545 0.009187866934 0.006628033705 0.006109714508 0.005724958144 0.00526456302 0.005151865538 0.00512459781 0.005051251035
558,frag@224.09 loss@311.14 loss@133.08 loss@255.11 loss@231.16 loss@171.14 frag@258.12 frag@335.16 frag@198.05 frag@258.08 frag@277.1 frag@200.11 frag@100.05 loss@345.11 loss@170.96 frag@230.13 frag@322.15 loss@94.1 frag@284.14 loss@81.04,0.3583391905 0.1360499412 0.1135412604 0.06730491668 0.0468858704 0.01073336136 0.007576821372 0.005651230458 0.003891356289 0.003338839859 0.003244572319 0.003074352629 0.003010700224 0.002607381204 0.002376348944 0.002114304109 0.002045296133 0.001811736845 0.001807551365 0.00178717298
559,loss@160.11 frag@264.07 frag@169.09 loss@166.08 loss@168.01 frag@290.12 frag@290.09 loss@130.07 frag@231.09 frag@225.08 loss@343.11 frag@182.06 frag@170.07 frag@214.04 frag@223.07 frag@228.12 loss@115.0 frag@335.09 loss@363.13 loss@44.05,0.2134437263 0.1162725911 0.06618306041 0.04841135815 0.04011774063 0.02455257811 0.02122416347 0.01702543907 0.01104033925 0.009293706156 0.008237063885 0.007535854355 0.006969346199 0.006345492788 0.005897509865 0.005634994246 0.005071074702 0.00439237291 0.004341687541 0.004167884588
560,frag@194.07 loss@138.05 loss@44.04 frag@237.09 frag@262.06 frag@260.12 loss@32.05 loss@59.05 loss@72.09 loss@149.04 frag@226.06 loss@85.06 loss@44.05 frag@277.05 frag@253.09 loss@92.07 frag@234.07 frag@221.08 loss@87.04 loss@116.07,0.133627519 0.1092470139 0.1054392308 0.074611485 0.0510638766 0.04990715161 0.04040602222 0.03477315232 0.03029944561 0.02897912078 0.02392895892 0.0216868557 0.01924983971 0.01552120224 0.01473829523 0.01470706705 0.01418119762 0.009609159082 0.009598844685 0.007124200463
561,frag@118.06 loss@184.07 loss@175.03 frag@146.06 frag@145.08 frag@128.05 loss@278.08 loss@195.02 frag@243.08 loss@212.07 frag@119.07 loss@184.08 frag@145.09 loss@160.05 frag@117.06 frag@132.08 frag@104.05 loss@193.04 frag@110.05 loss@229.12,0.2841078639 0.2359962165 0.08572963625 0.03607963771 0.03408018127 0.02884854563 0.02562666312 0.02273824625 0.0202365648 0.0118753463 0.01100448612 0.00943945162 0.009439081885 0.009239060804 0.008488018997 0.006528553553 0.006099609192 0.006096207537 0.005706439726 0.00462154625
562,frag@80.05 loss@200.06 loss@212.06 loss@226.05 frag@94.06 loss@267.08 loss@288.16 loss@262.05 frag@107.06 loss@213.11 loss@219.05 loss@240.06 loss@187.04 loss@155.02 frag@108.04 loss@196.06 loss@194.11 loss@250.05 loss@170.08 loss@163.14,0.4645990431 0.1641831249 0.1187269837 0.07732257992 0.01518955827 0.0132293934 0.01026183646 0.009512031451 0.006813199725 0.006113858428 0.005942744203 0.005380006041 0.004331399221 0.004249923863 0.004079559818 0.003528542817 0.002930290531 0.002577546751 0.002535210457 0.002499106573
563,loss@155.13 frag@197.08 frag@210.07 frag@252.1 loss@166.15 loss@141.15 loss@279.17 frag@223.1 frag@153.08 loss@221.16 loss@349.1 frag@150.03 loss@127.1 loss@80.06 frag@304.2 frag@230.1 loss@128.08 frag@193.11 frag@362.15 loss@178.15,0.2296010703 0.166796267 0.1357469857 0.07167499512 0.05672347173 0.05275191739 0.04537812993 0.01188956108 0.01179738436 0.009808048606 0.009727935307 0.007853276096 0.006970678456 0.006582877599 0.006287793163 0.006211107597 0.004257933702 0.004214441404 0.003828604007 0.003798047313
564,loss@222.07 frag@298.11 frag@266.06 frag@124.0 frag@278.11 frag@215.11 loss@306.16 loss@116.03 loss@161.0 frag@248.14 loss@167.98 frag@262.0 loss@169.0 loss@264.07 frag@54.05 frag@252.06 frag@182.02 loss@115.02 frag@267.04 loss@318.16,0.03796666488 0.02523601986 0.0230778642 0.009235306643 0.007870545611 0.007226504385 0.006665286142 0.006038047839 0.005674612243 0.005328144412 0.00471706083 0.00462903548 0.004093999509 0.003684590571 0.003479199484 0.003345023142 0.003331594635 0.003223438282 0.002999443328 0.002963114996
565,frag@45.03 loss@205.02 loss@134.09 loss@229.99 loss@340.14 loss@127.08 loss@161.96 loss@229.01 loss@230.0 loss@247.06 loss@128.05 loss@143.1 loss@100.06 loss@143.09 loss@183.03 loss@155.09 loss@111.07 loss@92.01 loss@80.06 loss@380.11,0.491307497 0.109704867 0.06512064487 0.04849611968 0.03826394677 0.03434537351 0.02194463462 0.009984964505 0.008911090903 0.005612725392 0.005341463722 0.004200979602 0.004068092443 0.003660649527 0.003277844284 0.003150838427 0.002960540121 0.00276102731 0.002616302809 0.002484079916
566,frag@67.05 loss@226.1 frag@43.02 loss@241.14 loss@274.12 loss@314.13 frag@97.06 loss@307.06 frag@93.07 loss@229.11 loss@252.11 loss@232.16 loss@233.11 loss@185.11 frag@85.06 loss@223.12 frag@110.1 loss@271.12 loss@239.04 loss@298.1,0.3705498576 0.3330668807 0.09393194318 0.06790310889 0.01978171058 0.007625954226 0.006434307434 0.004013635684 0.003905229736 0.003372343956 0.003286889987 0.003027172992 0.002986973384 0.002875929233 0.002421050332 0.002211329294 0.002108154353 0.002097417368 0.001723433612 0.001594180008
567,frag@126.01 loss@167.03 frag@182.07 loss@317.16 loss@142.03 loss@223.16 loss@113.1 loss@97.06 loss@115.09 loss@263.99 loss@189.98 loss@85.06 loss@84.03 loss@97.98 loss@369.17 loss@129.05 loss@98.11 loss@42.02 loss@119.09 loss@153.13,0.2642680407 0.246122852 0.2082862705 0.07318816334 0.01948765106 0.008813695051 0.00872508809 0.005267326254 0.005008261185 0.004289638717 0.004201337695 0.004070891533 0.002920699539 0.002850664547 0.002814818639 0.002800341463 0.002754907589 0.002646977082 0.002630115254 0.002606456634
568,frag@218.1 loss@197.13 loss@135.11 frag@232.11 frag@230.13 loss@252.13 loss@130.12 loss@189.14 loss@225.15 frag@154.12 loss@285.16 frag@258.08 loss@289.19 loss@288.1 loss@292.16 loss@406.1 loss@347.08 loss@281.02 loss@321.06 frag@206.09,0.2129437178 0.1277710199 0.1240037158 0.122331351 0.1129241362 0.03915507719 0.03700349852 0.03454526886 0.0105113145 0.008035813458 0.006058678962 0.005644741934 0.004691684153 0.003709891811 0.003175067017 0.002548230113 0.002535447944 0.002510597464 0.002439951757 0.002353365766
569,loss@268.13 frag@93.07 loss@286.18 frag@111.08 loss@332.13 loss@322.18 frag@173.13 frag@147.12 frag@81.07 frag@161.13 frag@175.15 frag@121.1 frag@133.1 frag@107.09 frag@149.13 frag@155.09 frag@181.12 frag@196.12 frag@231.07 frag@123.12,0.1620406955 0.1334132403 0.09607939422 0.06008991599 0.04468746111 0.04458138347 0.0291144494 0.02534568496 0.01664545573 0.01261445228 0.0117957443 0.01139601134 0.01134798955 0.01110413764 0.01038440317 0.01001322921 0.009429299273 0.008618074469 0.007903082296 0.007494071033
570,frag@139.04 loss@168.04 loss@320.05 loss@270.03 loss@334.08 loss@382.11 loss@364.14 loss@242.07 loss@306.07 frag@153.05 loss@198.99 loss@229.1 loss@314.1 loss@203.04 loss@136.09 frag@267.05 loss@285.05 loss@208.03 loss@345.08 loss@404.13,0.4728112519 0.0922613889 0.07342010736 0.05803739652 0.04748439416 0.04231368005 0.02737965062 0.007697388064 0.006136173848 0.004320167005 0.004245784599 0.003997685388 0.003943671938 0.003797760932 0.003787181806 0.00354702957 0.003543448634 0.003376661101 0.003321778961 0.003260233905
571,frag@117.07 frag@129.07 loss@271.11 loss@169.1 loss@293.13 loss@149.12 loss@267.11 frag@147.08 loss@286.1 frag@128.06 frag@91.05 loss@247.11 loss@344.17 loss@160.1 frag@145.06 loss@242.14 loss@376.13 loss@243.1 loss@328.12 loss@236.07,0.2844516337 0.1052454114 0.09511613846 0.07395539433 0.0558373481 0.03577654809 0.02420106716 0.02398730256 0.01974996179 0.01910226978 0.009631779976 0.008488278836 0.007490687072 0.007134030107 0.006801899988 0.006767672487 0.005901264492 0.005671819672 0.004841875285 0.004829244222
572,frag@143.01 loss@194.12 loss@260.16 loss@272.08 loss@182.01 loss@166.09 loss@169.99 loss@167.03 frag@181.11 loss@181.18 loss@200.03 loss@183.1 loss@187.02 loss@253.02 loss@162.12 loss@291.05 frag@291.12 loss@279.05 loss@262.17 frag@242.13,0.4874808788 0.2205809802 0.1033254862 0.0733409524 0.02219349146 0.0148374429 0.00694007054 0.00543640973 0.004667981528 0.003618485061 0.003133040154 0.002107992303 0.0019025933 0.001865756465 0.001865674625 0.001654638909 0.001455630059 0.001359798713 0.001239082892 0.001014584093
573,loss@86.07 frag@214.1 loss@139.08 frag@216.08 loss@106.05 frag@240.11 frag@224.12 frag@280.11 loss@88.09 frag@196.1 frag@183.94 frag@271.11 frag@295.12 frag@320.11 loss@131.13 loss@103.1 loss@224.99 loss@128.09 loss@86.05 loss@139.11,0.1917909086 0.1241438165 0.08461078256 0.07461123914 0.06329866499 0.05444045365 0.04860188067 0.04759778827 0.04138409346 0.03485611081 0.02875055 0.02401511185 0.01898903958 0.01132011693 0.006867837626 0.006629263982 0.005831704941 0.00428874651 0.003027405357 0.00288202893
574,frag@282.11 frag@310.09 loss@308.0 loss@308.04 frag@210.14 frag@246.12 frag@237.99 frag@219.05 loss@356.09 frag@269.07 frag@170.99 loss@337.09 frag@331.18 loss@49.05 loss@325.21 frag@168.99 frag@221.15 frag@283.15 frag@197.02 frag@300.07,0.06944463402 0.01610876247 0.01472922508 0.007455586456 0.007366033737 0.006831966341 0.005854981486 0.005782030057 0.005677051842 0.005198849365 0.00477532018 0.00440124236 0.004378387704 0.004279815592 0.004124849103 0.004057816695 0.00358046405 0.003377317451 0.003298937576 0.002852880396
575,frag@62.99 frag@86.0 loss@55.01 frag@46.99 frag@77.0 frag@57.93 frag@102.0 loss@61.02 frag@107.03 loss@70.01 loss@89.04 frag@78.49 frag@100.0 frag@63.02 frag@116.04 loss@97.02 loss@72.03 frag@123.99 frag@100.5 loss@81.02,0.06700081378 0.054093685 0.04153818637 0.03083882295 0.03056401014 0.02533280104 0.02063249797 0.01991230436 0.01703484356 0.01591786183 0.01577147096 0.01549957693 0.01542446297 0.0145073086 0.01402301434 0.01323155593 0.0124965515 0.01081364136 0.01043305174 0.01037487481
576,frag@211.11 frag@156.09 frag@225.13 loss@440.2 frag@182.12 loss@340.19 loss@503.26 loss@352.15 frag@232.17 loss@377.21 loss@256.22 loss@382.18 frag@184.11 frag@392.12 loss@284.2 loss@279.2 loss@435.21 frag@243.14 frag@283.02 loss@644.38,0.1255449206 0.0794659853 0.04639455676 0.01233771443 0.0119710993 0.009358829819 0.008602146059 0.007141161244 0.005727026612 0.00553754624 0.005289146211 0.005118981004 0.004742206074 0.004554362968 0.004349671304 0.00426165387 0.003676733235 0.003611907596 0.003496289952 0.003457510844
577,loss@156.02 frag@218.06 loss@292.06 frag@312.16 frag@147.01 frag@331.13 loss@255.02 loss@186.07 frag@190.02 loss@194.04 frag@84.07 loss@188.0 loss@140.03 loss@257.04 loss@216.08 frag@312.09 frag@161.03 loss@256.08 loss@272.08 frag@267.09,0.2456796318 0.2293886989 0.1105271578 0.0696715042 0.02837653831 0.0205136463 0.01955168881 0.01683823764 0.01447512675 0.008898227476 0.007911272347 0.00646540476 0.006356365979 0.005717847031 0.004785670433 0.004658485297 0.004167226143 0.004094310571 0.003490636125 0.003372428706
578,frag@96.08 loss@246.17 loss@281.08 loss@277.1 frag@141.1 loss@289.18 loss@291.13 loss@290.16 loss@303.08 loss@249.02 frag@97.09 loss@275.11 frag@126.09 loss@239.16 loss@342.08 loss@221.04 loss@237.15 frag@124.08 frag@70.07 loss@185.09,0.3806983531 0.08410902321 0.06022924557 0.04558489844 0.04547105357 0.04147489369 0.03132403642 0.02501469851 0.02111287601 0.01679801382 0.01525112893 0.01206801832 0.0112105906 0.01024369337 0.009333199821 0.008964068256 0.008947686292 0.008553949185 0.007281164173 0.007181691006
579,frag@223.11 loss@454.15 loss@494.21 loss@145.13 loss@341.17 loss@475.24 loss@370.13 loss@357.02 loss@297.21 loss@311.16 loss@489.2 loss@349.15 frag@209.13 loss@419.23 loss@329.22 loss@369.16 loss@117.01 loss@180.98 loss@395.01 loss@331.18,0.4379730523 0.004720061086 0.004282134585 0.004200896714 0.004088075832 0.004077516031 0.003699063789 0.003609173233 0.003309027757 0.003225907218 0.003088125959 0.003078316804 0.002978072967 0.002929741051 0.002376081655 0.002129727276 0.002120331861 0.002117268508 0.002115149517 0.001956014428
580,loss@150.05 frag@69.0 loss@120.04 frag@192.07 loss@124.04 frag@210.04 frag@182.05 loss@123.94 frag@264.04 frag@293.12 frag@222.98 frag@79.02 frag@447.13 frag@162.13 loss@314.17 frag@61.01 loss@121.05 frag@183.03 loss@167.01 loss@270.03,0.2324633449 0.1981552541 0.1933558583 0.1759138107 0.02613896132 0.02600468323 0.01990791224 0.01878676191 0.010366139 0.009474125691 0.009458841756 0.008934244514 0.005901088007 0.004498778377 0.002442622557 0.002004736336 0.001771975658 0.001713019097 0.001397179672 0.001391338417
581,frag@83.06 frag@95.06 loss@241.06 frag@94.05 loss@272.09 loss@206.02 frag@137.11 loss@180.02 loss@224.98 loss@123.1 loss@271.15 loss@354.05 loss@256.03 loss@239.99 loss@118.02 loss@188.99 loss@253.02 loss@296.02 loss@388.12 frag@42.03,0.2688118815 0.07135383785 0.06566949934 0.06439264864 0.05451185629 0.04702273384 0.03326727822 0.02543022484 0.02276222594 0.0177893918 0.01414002106 0.01335215848 0.0114426408 0.009998740628 0.009137827903 0.008683776483 0.007919542491 0.007854001597 0.007499802858 0.006632207893
582,frag@91.05 frag@91.06 loss@272.15 frag@176.14 frag@188.14 loss@264.97 loss@324.08 frag@109.06 loss@313.18 loss@242.16 loss@305.02 loss@239.03 loss@353.15 loss@341.08 frag@134.1 loss@327.16 frag@120.08 loss@256.05 loss@273.16 loss@410.01,0.1799156666 0.138463065 0.0543183051 0.04064316675 0.02364291623 0.01726053469 0.01690858416 0.01679632254 0.01502441242 0.01480548084 0.0146690961 0.01245826576 0.0122089386 0.01206403039 0.01022552326 0.01014760323 0.009900468402 0.009335367009 0.008959396742 0.008718879893
583,frag@82.03 loss@264.07 frag@83.02 frag@107.04 loss@286.02 frag@87.0 loss@355.16 frag@220.02 loss@294.01 frag@149.0 frag@99.06 loss@482.12 frag@169.17 loss@251.05 frag@132.03 frag@110.08 loss@55.02 loss@170.99 loss@110.98 loss@172.04,0.2427552044 0.07573592663 0.0416735895 0.03621761873 0.0268288441 0.02108022943 0.01819132641 0.01489947364 0.01397578884 0.01390358061 0.01244261488 0.01148900297 0.009959684685 0.009626703337 0.009384031408 0.008783441037 0.008407650515 0.007684657816 0.007504466455 0.00749973068
584,frag@74.93 loss@239.14 loss@177.02 loss@245.09 loss@250.08 loss@272.11 loss@259.07 loss@169.04 loss@259.1 loss@170.15 loss@271.12 loss@242.11 loss@216.13 loss@298.13 loss@152.09 loss@307.17 loss@266.13 loss@272.06 loss@235.13 loss@233.15,0.4796386659 0.1323953569 0.03861749545 0.02928685956 0.02743673511 0.02575909346 0.01948552951 0.007681261748 0.007138540037 0.007131381892 0.007097979076 0.006933799013 0.004796224181 0.004175046925 0.003702906659 0.003652238753 0.00364946411 0.003594165901 0.003499357961 0.003052342683
585,frag@130.07 loss@146.08 loss@319.11 loss@303.09 loss@309.15 loss@203.09 loss@241.05 loss@202.07 loss@157.08 loss@322.13 loss@174.08 loss@254.09 loss@135.07 frag@199.09 loss@64.04 loss@296.06 loss@134.04 loss@201.1 loss@233.07 loss@200.1,0.4735376239 0.180946663 0.1160260662 0.03683798388 0.0204593204 0.01265033428 0.01066920161 0.01007317193 0.006889644545 0.006872412283 0.006116800476 0.005769363139 0.005477994215 0.005177074578 0.005153918639 0.004127773456 0.003646188183 0.002954288386 0.002346320078 0.002200211398
586,frag@191.07 loss@248.11 loss@286.09 frag@259.06 loss@302.19 loss@133.09 loss@106.04 loss@159.1 loss@323.16 frag@297.15 frag@267.07 frag@213.05 frag@172.96 frag@419.1 frag@207.07 loss@149.04 loss@149.12 loss@32.03 loss@58.03 loss@340.1,0.3886815608 0.2679550052 0.1760532558 0.09198161215 0.01996438019 0.009152448736 0.003949293867 0.003088914556 0.002742968034 0.002194869798 0.002091475297 0.002066089772 0.001442327397 0.001285808976 0.001259789919 0.00116575032 0.000869505282 0.0008303978248 0.0008199152653 0.0007677910035
587,frag@212.08 loss@196.04 loss@167.02 loss@235.05 loss@170.02 loss@305.16 loss@120.05 loss@188.07 loss@127.01 loss@316.09 loss@204.13 loss@160.07 loss@232.02 loss@197.03 loss@177.07 loss@205.07 loss@187.09 loss@148.09 loss@163.07 loss@225.09,0.4958279729 0.3038372099 0.1412621289 0.01532240398 0.001980123576 0.001612743945 0.001435388112 0.001192742842 0.000935598393 0.0008085462614 0.0007433129358 0.0007071776781 0.0006509367377 0.000535566709 0.0005144657916 0.0004890177515 0.0004853531136 0.0004604816495 0.0004392815172 0.0004207220627
588,frag@141.14 loss@269.12 loss@259.12 frag@243.16 frag@238.03 loss@240.14 frag@239.08 loss@259.13 frag@188.11 frag@230.12 loss@171.14 loss@329.1 frag@180.1 frag@155.02 frag@133.09 frag@190.09 loss@226.07 loss@315.15 frag@189.11 loss@148.08,0.2510892153 0.2429492474 0.1879886985 0.1084018722 0.08257301897 0.009140241891 0.006603406277 0.005128482822 0.004547500983 0.003429930657 0.003398786765 0.003189711832 0.002495261142 0.001649982762 0.001643473282 0.001635561697 0.001618968206 0.001443949994 0.001217779471 0.001198287355
589,frag@173.54 loss@305.13 loss@337.1 loss@338.12 loss@185.11 loss@238.18 frag@128.98 loss@167.08 loss@182.06 loss@202.14 loss@335.16 loss@189.15 loss@325.13 loss@120.09 loss@395.07 loss@353.12 loss@183.12 loss@365.14 loss@70.07 loss@290.04,0.4472429156 0.08734703809 0.03773532435 0.03622006997 0.02155008353 0.02099137753 0.01469142083 0.01461727079 0.01447361708 0.01204704773 0.01125341747 0.009948452935 0.009924517013 0.00895967707 0.008301327936 0.008192214184 0.008027129807 0.007773515768 0.007074073888 0.007019398268
590,frag@91.05 loss@148.09 loss@248.07 loss@218.07 loss@230.09 loss@225.1 loss@180.11 loss@217.11 loss@247.11 frag@91.06 loss@219.09 loss@247.08 loss@254.12 loss@243.1 loss@217.1 loss@213.03 loss@328.12 loss@256.09 frag@121.06 loss@238.1,0.4639468491 0.06008352339 0.03677430749 0.0341822952 0.03172568977 0.03095484525 0.02516289614 0.02239016257 0.02150458284 0.01323691104 0.01253958885 0.01240582019 0.01147746947 0.01102571841 0.01002345607 0.009848670103 0.009349020198 0.008129094727 0.005726536736 0.005702311173
591,frag@139.08 loss@322.1 frag@149.06 loss@327.17 loss@343.15 loss@319.15 loss@273.14 loss@318.12 loss@302.15 loss@201.12 frag@137.06 loss@280.16 frag@109.06 loss@313.17 loss@272.14 loss@326.11 loss@238.05 loss@307.14 frag@174.13 frag@119.05,0.3386191428 0.1487591416 0.09796919674 0.0730882436 0.02348948643 0.02058103122 0.01509233937 0.01506498735 0.01249863207 0.01214147732 0.01058598235 0.01032511331 0.009261522442 0.00795836933 0.006308582146 0.005724975839 0.005153026432 0.004973727278 0.004589702934 0.00454151677
592,frag@110.06 frag@68.05 loss@256.07 frag@92.05 loss@228.07 loss@249.06 loss@235.1 frag@163.09 frag@201.14 frag@94.06 frag@108.04 loss@254.07 frag@80.05 frag@107.06 loss@250.03 loss@211.09 loss@119.02 loss@245.02 loss@194.11 loss@274.02,0.1219314262 0.1045974717 0.09913957864 0.06566631794 0.05938385054 0.02931952477 0.02559529431 0.01883656904 0.01698977314 0.01677496731 0.0161635913 0.01605442539 0.01557405014 0.01120415982 0.0103237452 0.01022872329 0.009915002622 0.007991956547 0.007942803204 0.007755768485
593,frag@204.05 loss@195.08 frag@158.05 loss@140.07 frag@173.03 loss@145.04 loss@353.09 loss@121.1 frag@184.98 frag@174.04 loss@228.12 loss@180.98 frag@329.12 frag@336.21 loss@142.02 loss@234.09 frag@424.11 loss@108.0 loss@301.16 loss@111.04,0.1878603995 0.1823446453 0.1458224654 0.1417830735 0.09373239428 0.06001492962 0.02505911142 0.02066356689 0.00860594213 0.00660741562 0.005836842582 0.004533939529 0.003930682316 0.00291517959 0.002808525926 0.00201209425 0.001940821181 0.001889210893 0.001850777189 0.001702502137
594,frag@182.08 loss@168.08 loss@176.12 frag@210.08 frag@263.14 loss@119.05 frag@208.1 frag@188.03 frag@194.08 frag@235.11 frag@250.11 frag@179.03 frag@212.97 frag@284.02 frag@252.1 loss@123.04 loss@138.1 loss@324.18 frag@150.03 loss@211.16,0.3275929689 0.3181898892 0.1608755291 0.1179735139 0.00790052209 0.003205977147 0.002631527837 0.002573997946 0.002474768786 0.002220845083 0.002208449645 0.001878244919 0.001777026802 0.001645050826 0.001391927362 0.001336028217 0.001231991802 0.001121140318 0.001105280942 0.001086353208
595,loss@178.07 frag@140.05 frag@185.03 loss@184.15 frag@251.04 frag@283.05 frag@212.96 frag@155.06 frag@130.04 loss@186.07 frag@228.07 frag@143.01 frag@147.03 frag@155.05 frag@157.04 frag@185.09 frag@182.96 frag@189.1 frag@179.05 frag@198.09,0.462376684 0.3618661761 0.06367459893 0.02897915803 0.02864086628 0.009282087907 0.004488507286 0.002440228825 0.002091075759 0.001456422266 0.001425354625 0.001389990677 0.00137292454 0.001260365127 0.001173471566 0.001144092879 0.001051286235 0.0007383762277 0.0007175299106 0.0006708587753
596,loss@201.0 frag@270.07 frag@282.08 frag@188.03 loss@376.16 frag@66.01 loss@62.07 frag@338.11 frag@152.14 loss@377.17 loss@382.1 loss@307.18 loss@235.09 frag@262.12 frag@112.01 frag@217.07 frag@206.04 frag@345.06 loss@216.0 frag@287.08,0.07785626501 0.05328515545 0.04294541851 0.03228987381 0.0170459561 0.01190861221 0.007053412031 0.006644570734 0.004623227287 0.004147792235 0.004091610201 0.003891821951 0.003147761337 0.003077240661 0.003026534803 0.002907654736 0.002871330595 0.002813287079 0.002579734428 0.002474104054
597,frag@95.05 loss@266.09 loss@239.04 loss@222.05 frag@77.04 frag@105.03 loss@257.07 loss@257.11 loss@225.06 loss@237.08 loss@227.05 loss@171.06 loss@274.14 loss@240.15 loss@310.13 loss@227.09 frag@91.05 loss@302.15 loss@197.08 frag@180.04,0.3955944479 0.1528392583 0.07664439082 0.05305266753 0.0326313749 0.03155408427 0.01837673411 0.01772566512 0.01769654639 0.008273237385 0.007401301526 0.005536524579 0.005087320227 0.004743902944 0.004386497661 0.004384030588 0.004305039998 0.003968831152 0.003535018303 0.003524975153
598,frag@106.04 loss@209.08 loss@268.06 loss@271.09 loss@286.09 loss@318.11 loss@208.04 loss@249.05 frag@95.01 loss@173.08 loss@247.16 loss@256.12 loss@300.11 loss@214.1 loss@239.03 loss@228.08 loss@170.03 loss@394.16 loss@183.12 loss@196.03,0.4952023029 0.3118115366 0.09295696765 0.04706563801 0.008804157376 0.002087934408 0.001239781384 0.001158153056 0.001010613865 0.0008713356801 0.0007967394777 0.000786177814 0.0006772456691 0.0006641953369 0.0005961296847 0.0005326561513 0.0004985740525 0.0004774366098 0.0004706096661 0.0004665743036
599,loss@125.06 loss@203.12 frag@146.04 frag@216.05 loss@141.07 frag@245.11 frag@156.01 frag@136.01 frag@202.97 frag@205.08 frag@55.03 frag@191.0 frag@344.21 frag@305.14 frag@170.08 frag@216.08 frag@127.05 frag@204.01 frag@59.99 frag@192.11,0.2525383234 0.1441645175 0.09866563231 0.08386862278 0.06946638972 0.05800452456 0.04676373303 0.04200926051 0.02551708743 0.01113924757 0.009854239412 0.007529396564 0.006597073749 0.005515226629 0.004236457404 0.00422808202 0.004166244995 0.00303705805 0.00297842687 0.002829575446
600,frag@57.07 loss@275.11 loss@144.08 loss@262.1 loss@274.1 loss@246.06 loss@274.09 loss@186.01 frag@71.09 loss@292.14 loss@171.16 loss@305.17 loss@247.06 loss@259.01 loss@200.15 loss@300.04 loss@349.12 loss@237.18 loss@393.15 loss@331.19,0.4594643116 0.0484264344 0.04816078022 0.04724287242 0.04542158917 0.04058167711 0.03863183036 0.02169211954 0.02097530104 0.01957157254 0.01659160666 0.01380550861 0.01324522588 0.01313026156 0.01222540438 0.01153870765 0.01103535201 0.010322419 0.008006697521 0.006526623387
601,frag@70.99 frag@44.98 frag@112.02 loss@143.06 frag@58.99 loss@170.07 loss@156.05 frag@73.01 frag@140.02 loss@225.05 loss@223.03 frag@126.0 loss@175.05 loss@263.06 loss@115.99 loss@224.04 loss@183.01 frag@72.0 loss@159.05 loss@141.02,0.109055087 0.0960053727 0.08503041416 0.07746068388 0.06481369585 0.05985714868 0.04633843899 0.04041531682 0.03305050731 0.03075152263 0.02702219225 0.01976174675 0.0184409488 0.01668715104 0.01570381038 0.0154830534 0.01401560009 0.01052483264 0.007714997046 0.007032386959
602,frag@67.05 frag@95.09 frag@85.06 loss@154.1 loss@142.1 loss@265.13 loss@199.16 loss@318.17 loss@187.12 loss@269.17 loss@256.15 loss@314.13 loss@161.14 loss@224.16 loss@224.15 loss@246.16 loss@65.05 loss@315.17 loss@281.15 loss@243.13,0.2745181322 0.1162957251 0.06754846126 0.05906715617 0.04246227071 0.02159988321 0.02069574222 0.02048484795 0.01873434894 0.01409851294 0.01206558477 0.01177911926 0.01144632325 0.01081551984 0.0102926027 0.009937333874 0.009668221697 0.009233569726 0.009185002185 0.009041558951
603,loss@294.15 frag@229.12 frag@323.16 loss@292.17 frag@306.16 loss@302.03 frag@209.13 frag@389.22 frag@184.12 loss@353.17 frag@337.05 frag@146.11 frag@305.12 frag@102.13 frag@136.94 frag@412.22 frag@343.1 frag@272.05 loss@375.16 frag@363.18,0.2285127044 0.1393235922 0.03784710914 0.006665130612 0.005692976527 0.004251412116 0.004151662346 0.003895598231 0.003841172671 0.003655019216 0.003608829575 0.003457287792 0.003291283967 0.003127542324 0.00298068393 0.002952550771 0.002831098856 0.002809696365 0.002786198398 0.002356208861
604,loss@140.02 frag@288.07 loss@121.07 loss@90.0 loss@201.0 loss@149.09 frag@47.0 frag@202.02 frag@299.1 loss@109.02 frag@251.05 frag@185.01 frag@322.18 loss@138.02 frag@170.01 frag@180.03 frag@251.1 frag@323.15 frag@332.19 frag@337.05,0.04333058 0.01083776634 0.01077890303 0.007301450707 0.007169500459 0.005540329963 0.005412729457 0.003009759821 0.002981864149 0.002834647195 0.002806360135 0.00266990182 0.002557655564 0.002426702762 0.002385304775 0.002376161516 0.002220369177 0.002204948338 0.002016106853 0.002011693316
605,loss@168.05 frag@161.04 loss@212.1 frag@131.04 frag@172.03 frag@306.11 frag@151.99 frag@144.05 frag@142.07 frag@128.06 loss@226.04 loss@174.06 frag@155.06 loss@170.02 frag@144.08 frag@115.05 frag@140.08 loss@136.07 frag@199.02 frag@137.05,0.2793748975 0.1623123437 0.1270507872 0.08648621291 0.04284065217 0.04093337432 0.03665134683 0.02501049824 0.01141311508 0.01134322397 0.01064024679 0.008420580067 0.007683418691 0.00609679753 0.00500916969 0.003903292585 0.002824510215 0.00267976406 0.002510976279 0.00247953902
606,frag@176.04 loss@171.1 loss@175.12 loss@204.03 frag@59.03 loss@307.03 frag@165.14 frag@250.15 frag@227.08 frag@111.02 loss@316.11 frag@237.02 frag@128.01 loss@125.07 frag@150.95 loss@124.13 loss@262.1 loss@130.07 loss@149.11 frag@125.11,0.3074846268 0.2306652516 0.08243861794 0.07979373634 0.05536531657 0.01674150676 0.01655318774 0.01453816053 0.01120904926 0.008164202794 0.007571131457 0.00718615111 0.006303106435 0.005507001653 0.004775973037 0.004465898499 0.00446117809 0.004017286934 0.003679413581 0.00363537576
607,frag@260.11 frag@126.03 loss@142.09 frag@197.99 frag@319.06 loss@205.98 loss@196.96 frag@153.96 frag@254.14 frag@208.14 frag@246.04 frag@300.08 loss@23.04 frag@371.22 loss@88.08 frag@232.06 frag@212.03 frag@323.19 loss@248.03 loss@301.04,0.03232193738 0.02694219351 0.02206582204 0.01881528459 0.01085728407 0.01068707742 0.01066274568 0.007246580906 0.005131621845 0.004587662872 0.004357469268 0.004295824561 0.004076056182 0.003988922574 0.003749828553 0.00367346406 0.003623987082 0.003568986431 0.003455057275 0.003141128924
608,loss@163.06 frag@195.09 frag@194.08 loss@120.06 frag@204.07 frag@448.16 frag@208.11 frag@183.09 loss@230.95 loss@137.08 frag@144.06 loss@122.0 frag@193.09 frag@204.05 frag@167.03 frag@316.11 frag@189.02 frag@182.08 frag@225.1 frag@220.09,0.377638936 0.2652769983 0.1746564806 0.1092935055 0.01838109829 0.01139555126 0.005988688208 0.003108381294 0.002839517081 0.001886697835 0.001507502166 0.001495937933 0.00131496822 0.001300484058 0.001214672578 0.0009784697322 0.0006857489352 0.0006228239508 0.0005260567414 0.0004971849266
609,frag@152.05 loss@224.09 loss@273.1 loss@354.07 loss@281.07 loss@236.1 loss@181.12 loss@168.08 loss@245.05 loss@281.05 loss@285.12 loss@185.07 loss@252.1 loss@250.1 loss@353.16 loss@212.12 loss@341.21 loss@278.04 loss@318.02 loss@322.1,0.4976033866 0.1937951893 0.04239847139 0.03899807483 0.03737736121 0.02415598556 0.01964738779 0.00893673487 0.008510098793 0.007756658364 0.005761032924 0.004976362456 0.0046751583 0.002820585389 0.002712744987 0.002583887661 0.001757483347 0.001668396289 0.001663496369 0.00157084316
610,loss@162.09 frag@219.1 loss@250.06 frag@206.07 frag@325.11 frag@171.08 frag@273.1 frag@163.06 frag@101.03 frag@309.12 frag@215.06 frag@295.1 frag@265.09 frag@302.11 frag@321.08 frag@204.06 frag@275.09 frag@503.34 frag@253.12 frag@295.17,0.346781671 0.2673651278 0.1453070492 0.07552362978 0.03036752529 0.01629468612 0.01420530863 0.01283380669 0.00846261438 0.006090964191 0.00585101312 0.003965462092 0.002874940634 0.002518544439 0.002302607754 0.001969988924 0.001858475385 0.001733264537 0.001602672972 0.001263894024
611,frag@115.05 loss@219.06 loss@118.04 frag@202.09 loss@273.08 loss@55.04 loss@81.06 loss@115.04 loss@231.12 loss@86.01 loss@114.04 loss@108.99 loss@116.03 frag@142.07 frag@142.06 loss@46.02 loss@232.05 loss@74.01 loss@178.04 frag@128.06,0.3958225846 0.1012231782 0.09761404246 0.07778852433 0.06596524268 0.04942623153 0.03117564693 0.02392162383 0.016576441 0.01484021917 0.01195129659 0.007686342113 0.006842681207 0.006519746501 0.006166464649 0.005058924202 0.003920123912 0.003664936405 0.003549550427 0.002778150141
612,frag@126.13 loss@209.15 loss@299.06 frag@180.11 loss@281.09 frag@140.14 loss@537.29 loss@267.14 loss@379.03 loss@156.16 frag@98.1 loss@224.19 frag@97.09 frag@192.02 frag@83.07 frag@204.95 loss@137.12 frag@112.11 loss@148.04 frag@353.16,0.3108747303 0.2107690871 0.1031994224 0.09198443592 0.09033996612 0.04777968675 0.03578595445 0.008418020792 0.005862792488 0.004360856488 0.003385986201 0.003263577586 0.002588217147 0.002281605499 0.001866482315 0.001750500756 0.00149662036 0.001413699705 0.001387069351 0.001118490589
613,frag@163.12 loss@286.12 loss@249.13 loss@313.19 loss@170.15 loss@326.07 loss@232.02 frag@218.11 frag@323.14 frag@120.07 loss@302.05 frag@130.1 frag@84.07 frag@128.0 loss@278.02 frag@223.97 loss@289.11 loss@241.16 loss@263.14 frag@206.05,0.2638788521 0.1253279001 0.05204264447 0.05097121 0.05047534034 0.03953211755 0.03821862489 0.0302772522 0.02297617309 0.01939520799 0.01694755815 0.01336035784 0.01192699932 0.01177123934 0.007025167346 0.006690669805 0.006410808768 0.005622288678 0.004145734478 0.00364922476
614,loss@263.12 frag@125.11 loss@234.12 frag@100.04 frag@82.06 frag@112.08 loss@278.17 frag@83.07 loss@271.12 frag@86.06 frag@84.08 loss@242.05 loss@204.15 loss@231.15 loss@171.1 loss@211.13 frag@191.05 frag@56.05 loss@195.16 frag@100.08,0.1967592388 0.1845701039 0.06377033144 0.05901746824 0.03330866992 0.03260802478 0.02385487966 0.02371755056 0.0202369187 0.01486806013 0.01246862672 0.01194814313 0.009495478123 0.008293809369 0.006307810545 0.005794662982 0.005336003378 0.005104222801 0.00475371303 0.004587975331
615,frag@95.05 loss@257.11 loss@222.05 frag@77.04 loss@227.05 loss@240.15 loss@274.14 loss@225.06 loss@308.06 loss@256.05 loss@195.06 frag@79.05 loss@315.12 loss@231.06 loss@231.07 loss@257.07 loss@188.05 loss@238.05 loss@228.06 frag@111.04,0.4082261324 0.09855224937 0.04911002517 0.04630899429 0.03513861448 0.02890048549 0.02873794734 0.01945593767 0.01713904738 0.01560251229 0.01360914297 0.01083770581 0.01038935222 0.008186112158 0.007672530599 0.006738633383 0.006495255511 0.006030479912 0.005219283514 0.005198431201
616,frag@121.04 frag@132.06 frag@120.06 loss@203.11 loss@191.11 loss@177.09 loss@176.07 loss@244.13 loss@206.08 loss@221.08 loss@203.05 loss@219.07 loss@235.04 frag@134.07 loss@293.07 frag@135.05 loss@187.07 frag@105.04 frag@150.07 loss@347.14,0.168889612 0.1551915556 0.1550758481 0.0831117332 0.08228081465 0.06735742837 0.05312944949 0.05122006685 0.03620716929 0.03615251556 0.02302960493 0.02129151113 0.006689506583 0.003482315224 0.002173509449 0.001885007368 0.001868931693 0.001830164692 0.001770486357 0.00172904972
617,loss@137.06 frag@52.02 loss@187.05 loss@248.04 frag@95.04 frag@150.06 frag@52.03 frag@125.03 frag@94.03 loss@172.13 frag@301.11 frag@220.07 frag@152.98 frag@108.04 frag@111.07 frag@293.19 frag@328.08 frag@134.04 frag@95.99 loss@154.02,0.2220062912 0.1194546446 0.1146587208 0.09088834375 0.07171555609 0.04908420146 0.02618230879 0.01617366076 0.0132953506 0.01133573335 0.009472327307 0.009431556799 0.009340123273 0.00813694112 0.00701063592 0.005859298166 0.005618690979 0.005035937764 0.003988540731 0.003964837175
618,frag@136.05 loss@154.11 loss@182.14 frag@166.06 loss@169.12 frag@112.09 loss@288.07 loss@236.19 loss@140.12 frag@171.11 frag@350.13 frag@108.06 loss@247.18 loss@159.15 loss@293.14 loss@143.15 loss@242.13 loss@192.15 loss@406.06 loss@129.03,0.2995700836 0.2030108869 0.1010146365 0.09308354557 0.07568670064 0.06435532868 0.03244174272 0.02233299799 0.01717334613 0.009886044078 0.009866048582 0.006603303831 0.00508095976 0.003873368725 0.002223376418 0.001916196896 0.001880624215 0.001426923438 0.001407620031 0.001211188734
619,loss@190.04 loss@179.03 frag@232.04 frag@238.05 frag@261.05 loss@162.02 frag@142.1 frag@248.15 frag@331.1 frag@114.06 frag@262.1 frag@219.13 frag@304.16 frag@286.09 frag@225.11 frag@170.96 frag@157.05 loss@127.05 frag@56.98 frag@83.99,0.2478261888 0.1703157723 0.1230743229 0.1161818802 0.05959556252 0.05041073263 0.01571135223 0.007412194274 0.006829260383 0.006737227552 0.006221778225 0.005403147079 0.005192084238 0.00512492843 0.005000493489 0.003155483399 0.003032073379 0.003024069825 0.002916417085 0.002899176674
620,frag@143.09 frag@117.07 loss@229.15 loss@246.16 frag@129.07 loss@365.15 loss@329.13 loss@169.1 frag@128.06 frag@147.08 loss@296.12 loss@308.15 loss@328.07 frag@131.09 loss@261.17 loss@223.14 loss@275.12 loss@184.11 loss@189.0 frag@215.12,0.2039024383 0.1054948643 0.08616895229 0.04560774565 0.02965901606 0.02709100209 0.02426227182 0.01973953843 0.01753762923 0.01742963307 0.01660602354 0.01426097285 0.01347379573 0.01236025151 0.01200437453 0.01106989104 0.007308995817 0.006963333115 0.006343332119 0.005721017718
621,loss@256.13 loss@243.11 frag@181.0 frag@104.07 frag@274.18 frag@43.04 frag@184.12 frag@301.13 frag@295.11 frag@274.08 frag@102.13 frag@272.16 frag@209.13 frag@185.99 loss@206.1 frag@237.14 frag@69.99 frag@124.0 frag@307.09 frag@267.04,0.2631116211 0.2096428722 0.09727910161 0.05709501356 0.03775553405 0.01745174825 0.007509117946 0.007304348983 0.003849308938 0.003681853181 0.003354053944 0.003245606786 0.003237720346 0.0032164359 0.002724167425 0.002607390983 0.002560754074 0.002442030469 0.00236921641 0.002208582126
622,loss@195.01 loss@230.1 loss@245.16 frag@234.11 frag@267.09 frag@275.12 frag@120.09 frag@281.15 frag@288.04 frag@183.02 frag@227.04 frag@147.01 loss@396.19 frag@195.95 loss@315.16 loss@323.19 frag@183.1 frag@211.05 loss@133.1 frag@199.01,0.1346506029 0.05590570718 0.05182300135 0.04949149862 0.04877985641 0.04636601359 0.04150712863 0.02755165659 0.02586686797 0.01965444908 0.0194244124 0.01311086584 0.01073073223 0.01058646198 0.009306036867 0.008063764311 0.007555326913 0.006475158967 0.005839608144 0.005700916983
623,frag@154.06 loss@178.05 frag@201.04 loss@154.08 loss@205.06 loss@185.07 loss@183.06 loss@160.05 loss@249.08 loss@155.07 loss@215.06 loss@207.16 loss@191.04 loss@204.06 loss@257.02 loss@181.06 loss@272.11 loss@211.1 loss@202.05 loss@307.11,0.4244046807 0.2746477723 0.06444548815 0.03963523358 0.02398799732 0.02162164077 0.009348363616 0.008261468261 0.005044415593 0.004331241362 0.004233184271 0.003428627504 0.00282010762 0.002818018897 0.002743506571 0.002690454945 0.002532539656 0.002388983965 0.001814300078 0.001747894799
624,frag@270.08 loss@244.17 loss@353.17 frag@186.94 frag@174.12 loss@265.03 loss@347.15 frag@190.16 frag@356.2 frag@73.08 frag@146.11 frag@65.99 frag@87.1 loss@306.1 loss@137.09 frag@337.05 frag@356.18 frag@250.98 frag@274.19 loss@302.03,0.1859093308 0.1620689183 0.07237713039 0.03843428567 0.01971338317 0.01584042236 0.01373601519 0.01044383086 0.008912268095 0.008518561721 0.008064688183 0.006972939707 0.006701719016 0.00507171778 0.003981497604 0.003872422036 0.0038347675 0.003810826223 0.003673188156 0.002889739117
625,frag@208.08 loss@253.08 loss@258.13 loss@276.06 loss@205.09 loss@287.07 loss@248.06 loss@285.05 frag@202.16 loss@240.05 frag@116.02 loss@268.02 loss@333.14 loss@208.01 frag@205.13 loss@168.11 loss@260.06 frag@140.02 loss@324.06 frag@127.99,0.4730588496 0.1951221377 0.1360658258 0.07944706827 0.008265321143 0.006460925564 0.004913427401 0.003606800456 0.003045060206 0.002841106383 0.002714214846 0.002700992394 0.002322422341 0.002195696579 0.002111600246 0.001543924445 0.001284837956 0.001203435822 0.001089008292 0.001073019463
626,loss@132.09 frag@238.12 loss@220.14 loss@278.06 frag@267.11 frag@241.1 frag@230.98 frag@156.02 frag@135.0 frag@304.1 frag@319.12 frag@188.05 frag@356.08 frag@245.05 frag@124.02 frag@208.02 frag@321.09 frag@311.13 frag@206.07 loss@140.0,0.3416462839 0.07495820522 0.05197135359 0.04318399727 0.03385781869 0.03081417084 0.02423945256 0.01490414143 0.01471745782 0.01395222638 0.01108261105 0.009143752046 0.007509905379 0.006535124499 0.006484206766 0.005796622951 0.005789772142 0.00561479805 0.005575749092 0.005246663
627,loss@167.11 frag@175.1 frag@154.08 loss@250.17 frag@146.03 frag@154.12 frag@167.05 loss@243.16 loss@147.06 frag@201.11 frag@310.17 loss@207.15 loss@337.17 loss@140.09 frag@113.08 frag@163.1 loss@139.1 frag@197.17 loss@47.0 frag@256.13,0.2781471312 0.1208586469 0.1133029833 0.08395756036 0.08252162486 0.04639473557 0.04628990963 0.03374638781 0.02167078666 0.0160468556 0.01373675931 0.006921770982 0.00690813968 0.005642993376 0.004741057754 0.004438369069 0.004375392571 0.004022723995 0.003454348072 0.003112073988
628,frag@155.03 loss@219.08 loss@270.15 loss@280.13 loss@195.12 loss@170.1 frag@165.11 frag@239.1 frag@180.1 frag@220.11 frag@316.01 loss@151.02 frag@240.14 loss@167.09 loss@178.11 frag@202.11 loss@319.17 frag@302.09 loss@320.13 frag@170.13,0.4782918692 0.1448227316 0.1398106962 0.1126964539 0.0461293906 0.03360317647 0.001577759627 0.001379290479 0.001231745118 0.0011958346 0.001122605056 0.0010172599 0.0009673731984 0.0008735931478 0.0006662044907 0.0006046824274 0.0005969887716 0.0005940452684 0.0005725137889 0.0005669419188
629,frag@141.07 frag@123.05 loss@206.12 frag@186.09 loss@150.09 loss@173.12 loss@148.07 loss@174.04 loss@230.05 loss@142.01 loss@151.14 loss@195.99 loss@345.11 loss@168.03 loss@222.07 loss@182.12 loss@171.07 loss@187.06 loss@243.03 loss@160.1,0.3062154353 0.1085387319 0.1024290249 0.07892076671 0.06634521484 0.06227481738 0.05545422807 0.04729537666 0.03578035533 0.01889427006 0.01474641077 0.0135198636 0.007302731741 0.006083440036 0.004593033344 0.004522251431 0.003788007656 0.003717902349 0.002290319186 0.001802785904
630,frag@174.07 loss@179.11 loss@213.09 loss@161.1 frag@146.07 frag@121.04 loss@178.12 frag@190.1 frag@180.1 frag@160.09 frag@162.07 loss@183.99 frag@139.99 frag@155.03 frag@120.06 loss@165.09 frag@135.05 frag@180.12 frag@161.09 frag@159.06,0.4449123442 0.2746333182 0.129362151 0.07457476109 0.007946773432 0.007639612537 0.004798788577 0.004655669443 0.003770092735 0.003334403969 0.002374692587 0.002176563954 0.001979370834 0.001924842363 0.001715145772 0.001584958518 0.001469388721 0.0009824759327 0.0009764194256 0.0008847297868
631,loss@187.98 loss@235.0 frag@170.04 frag@284.19 frag@206.06 loss@265.99 frag@44.01 frag@195.15 frag@266.06 loss@168.11 loss@229.06 frag@252.14 frag@47.01 loss@272.07 frag@58.96 frag@211.16 frag@179.98 frag@94.99 loss@332.19 loss@211.98,0.09071885049 0.02155540511 0.01763259433 0.007122697309 0.006826718803 0.006164964754 0.005218710285 0.00462154625 0.004453021567 0.004139466677 0.004022349138 0.00369000528 0.003628489794 0.00357121462 0.003133507213 0.002896779682 0.00257140235 0.002531806938 0.002434694674 0.002364885295
632,frag@168.06 loss@256.08 loss@238.07 loss@313.11 frag@260.14 frag@147.09 loss@238.09 frag@211.02 loss@156.02 frag@153.01 loss@258.13 frag@178.01 frag@286.12 loss@329.12 frag@125.02 loss@205.09 loss@178.02 frag@217.1 loss@324.05 loss@354.1,0.41792503 0.216338113 0.1436914951 0.1008144096 0.04000928625 0.01826670021 0.003891995642 0.003751264187 0.002032223158 0.001768949558 0.001684331917 0.001673078863 0.001572439214 0.001487906906 0.001480221516 0.0009577303426 0.0009246045956 0.000905240071 0.0008471169858 0.0007742530433
633,loss@250.11 frag@96.02 frag@237.03 frag@56.01 frag@205.13 frag@156.02 frag@44.01 frag@137.11 frag@163.01 frag@85.01 frag@135.09 frag@167.08 frag@83.09 frag@101.02 frag@82.03 frag@138.02 frag@112.04 frag@138.05 frag@174.03 frag@124.03,0.4866249859 0.1380986273 0.0943736881 0.0500141494 0.02400348336 0.01036250498 0.00989565067 0.008030014113 0.0048365728 0.004514729604 0.004320760723 0.004292941652 0.004024408292 0.003690944985 0.00326827215 0.003146974603 0.002828874625 0.002555901883 0.002455339301 0.00238947547
634,frag@169.08 frag@168.07 loss@162.04 loss@146.05 loss@177.07 loss@121.02 loss@135.03 loss@106.01 frag@196.09 loss@344.09 loss@100.04 loss@131.03 loss@140.06 loss@140.09 loss@138.09 frag@202.04 frag@150.05 loss@112.0 loss@297.03 frag@152.03,0.2961959243 0.1662748009 0.1167248785 0.1034407169 0.07074052095 0.06149056554 0.04059807956 0.02074730024 0.01169833075 0.01147489343 0.006451322697 0.005654594395 0.002929530572 0.002860620152 0.00262443698 0.002435165923 0.002226605313 0.002218905138 0.002218467183 0.002126100939
635,loss@131.02 loss@240.0 frag@282.11 frag@255.05 frag@138.03 frag@285.14 frag@266.06 loss@356.1 loss@91.02 loss@328.1 frag@240.05 loss@327.06 loss@167.0 loss@291.09 frag@182.02 frag@134.98 frag@152.04 frag@330.19 frag@219.01 frag@85.04,0.0320016928 0.02870183997 0.02729135007 0.01879182272 0.01642616466 0.01541671529 0.01326790359 0.01051327866 0.01017187722 0.009743484668 0.009080011398 0.008500802331 0.007235787343 0.006862737238 0.006638682447 0.006635948084 0.006577892695 0.004723234102 0.004677779507 0.004574589897
636,frag@43.02 loss@112.05 loss@129.04 loss@182.06 loss@349.09 loss@107.11 loss@148.01 loss@138.03 loss@185.11 loss@421.16 frag@79.02 loss@128.05 loss@105.04 loss@218.04 loss@46.0 frag@97.06 loss@174.11 loss@147.03 loss@231.0 frag@57.03,0.4946087599 0.1829182357 0.1712644696 0.08258242905 0.01333935652 0.01256591827 0.01144345105 0.007163860835 0.002930745715 0.002130158944 0.001864510356 0.001693612081 0.001586640486 0.001386742224 0.001178749371 0.001153407386 0.0005428473814 0.0004116003402 0.0003406164469 0.0003369978804
637,frag@67.05 loss@276.13 loss@264.15 loss@276.15 loss@241.14 loss@236.17 loss@284.08 frag@43.02 loss@264.12 loss@252.11 frag@97.06 loss@314.13 loss@198.14 loss@265.14 loss@266.14 frag@85.06 loss@293.15 loss@243.13 loss@220.15 loss@243.15,0.4301501811 0.1255687624 0.03566518426 0.0320048742 0.02470559068 0.02350182272 0.01885083131 0.01600982621 0.01450430322 0.01103011519 0.009631696157 0.00761821121 0.007593940478 0.00709754182 0.007067990024 0.006970483344 0.006789121777 0.006369528361 0.005966797005 0.005270252004
638,loss@153.08 frag@166.01 frag@319.07 frag@291.08 frag@263.05 frag@231.0 frag@257.1 frag@229.14 frag@113.06 frag@203.02 frag@330.12 frag@154.02 frag@240.08 frag@198.07 frag@174.01 frag@180.99 frag@295.09 frag@202.92 frag@196.08 frag@230.07,0.491125077 0.2194610238 0.04711147025 0.03685105592 0.03670987487 0.01490299683 0.008606531657 0.008537804708 0.005968214478 0.004850009922 0.003525114385 0.003426695243 0.003362779738 0.002959786681 0.002481322968 0.002372590825 0.001839305856 0.001710324199 0.001600051532 0.001405049465
639,frag@149.05 loss@105.06 loss@180.95 loss@86.06 loss@158.1 frag@310.13 loss@138.12 frag@299.15 loss@243.16 loss@146.06 loss@282.0 loss@246.0 loss@28.03 loss@108.09 loss@112.06 loss@265.07 loss@196.98 loss@88.11 loss@28.01 loss@149.07,0.4335559607 0.2215864807 0.07911276817 0.06068262458 0.04552206397 0.0449754782 0.004993665963 0.004531942774 0.004493976012 0.003267719643 0.003133350983 0.002827778691 0.002769535175 0.002683079103 0.002523552394 0.00172724505 0.001658488996 0.001634773915 0.001611012383 0.001271731337
640,frag@135.0 frag@174.95 loss@205.0 frag@186.99 loss@227.0 loss@198.97 loss@227.02 frag@209.03 loss@186.13 loss@204.99 loss@291.21 frag@53.04 frag@210.04 frag@160.02 loss@313.06 loss@254.17 loss@210.02 loss@125.05 frag@179.08 frag@308.12,0.1123799086 0.09419927746 0.07932607085 0.05039326474 0.04189313576 0.03444832563 0.0242089387 0.01683296077 0.0146424789 0.01389384735 0.01318365429 0.01286054868 0.01272154786 0.009936714545 0.009135570377 0.007936855778 0.007656012196 0.007444596384 0.007124065887 0.006773479283
641,frag@95.05 loss@240.1 loss@211.06 frag@77.04 loss@286.11 loss@277.11 frag@125.06 frag@105.03 loss@352.11 frag@79.05 loss@257.13 loss@274.14 loss@243.15 loss@192.06 loss@328.14 loss@171.06 loss@243.09 loss@309.08 loss@195.11 loss@154.09,0.3700227737 0.1453990042 0.08909312636 0.06928852201 0.04814361036 0.03123760782 0.01328603737 0.01223565545 0.01106180996 0.008613655344 0.006827590987 0.006329610478 0.006110333372 0.005421266891 0.005381788127 0.005159292836 0.005132165272 0.004441671539 0.004381909966 0.004260886461
642,frag@67.05 loss@254.14 loss@199.13 loss@179.13 loss@272.15 loss@274.06 loss@296.12 frag@43.02 frag@85.06 loss@253.15 loss@304.11 frag@97.06 loss@333.15 loss@285.15 loss@238.14 loss@223.1 loss@326.13 loss@195.13 loss@295.12 loss@263.15,0.4389800727 0.0576694794 0.04300190508 0.03564105928 0.02559155412 0.02559014037 0.01744666696 0.0122454688 0.01191803254 0.01030281372 0.009988877922 0.009411248378 0.008693596348 0.008284751326 0.007675511297 0.007352690212 0.006780078169 0.006543585565 0.006228339393 0.005985521246
643,frag@139.1 frag@166.08 loss@291.08 frag@151.06 loss@183.11 frag@196.14 frag@86.07 frag@108.08 loss@291.03 loss@221.13 frag@191.01 frag@164.07 loss@213.15 loss@254.14 loss@257.12 loss@189.11 frag@77.02 loss@182.11 frag@226.05 loss@195.13,0.08713806421 0.0436027199 0.03128846735 0.03089075536 0.02036299929 0.01538618095 0.01374291256 0.01286116615 0.01178099588 0.01155554503 0.01120567974 0.01083967276 0.01079897955 0.009476611391 0.008735251613 0.007700119168 0.007699024398 0.007573145442 0.007493385579 0.007383427117
644,frag@287.09 loss@234.04 loss@265.08 frag@213.04 loss@134.02 loss@183.03 loss@263.14 frag@195.04 loss@220.05 loss@255.05 frag@248.12 loss@209.04 frag@172.04 loss@199.04 frag@310.11 frag@171.01 frag@122.94 loss@281.1 loss@207.04 loss@195.07,0.198639214 0.0453261137 0.02674210072 0.01715145633 0.01057372056 0.0101495469 0.01004204061 0.009772307239 0.008841509931 0.008547154255 0.007754410151 0.007695759181 0.007462942507 0.007367616054 0.0068278783 0.006724268664 0.006080081221 0.005591492634 0.005555434152 0.004774984438
645,frag@122.01 loss@235.09 loss@314.17 loss@177.97 loss@156.11 loss@240.04 loss@259.05 loss@176.14 loss@254.17 loss@223.15 loss@242.07 loss@300.04 loss@321.06 frag@194.09 loss@237.05 frag@255.03 loss@306.07 loss@283.06 loss@253.01 loss@253.04,0.4657724202 0.1141016632 0.08865702897 0.03426547721 0.01006251015 0.007918057963 0.005711365025 0.004708489869 0.004326927941 0.003888748121 0.003734188154 0.003708721837 0.003397728316 0.003371272935 0.003333283123 0.003137260675 0.002715152455 0.002692589769 0.002664489904 0.002658452839
646,loss@123.04 frag@209.06 frag@220.09 frag@192.02 loss@210.01 loss@395.14 frag@179.01 loss@103.04 loss@127.08 loss@133.07 loss@174.05 loss@188.03 loss@200.94 loss@87.04 frag@163.07 loss@146.06 frag@197.11 loss@455.15 loss@286.05 frag@60.48,0.3103474081 0.1783823669 0.1727650613 0.0970679 0.08157003671 0.02927101776 0.02392862551 0.007341142744 0.006601206027 0.005505806766 0.005264616571 0.002929259092 0.00287260185 0.002723787213 0.002407992957 0.002336647594 0.001769548398 0.001706844661 0.001437683124 0.001403395785
647,loss@246.13 loss@248.14 frag@57.03 frag@81.07 frag@187.11 frag@149.1 frag@67.05 loss@367.18 frag@107.09 frag@109.1 frag@93.07 frag@95.09 frag@147.12 frag@135.12 frag@123.12 loss@308.13 frag@73.03 frag@121.1 loss@260.14 frag@83.05,0.1966757476 0.1635632366 0.09380367398 0.06280233711 0.05314753205 0.04071256891 0.02730886824 0.02705433033 0.02506781556 0.01836104318 0.01625175588 0.01278557349 0.009901138954 0.009215384722 0.007855433971 0.00768158026 0.007189354859 0.007114486303 0.006394117605 0.00625569839
648,frag@65.04 loss@269.07 frag@67.02 loss@120.03 frag@53.04 loss@309.13 loss@240.06 loss@229.08 loss@239.05 loss@222.05 frag@81.03 frag@119.06 frag@92.06 loss@235.1 loss@257.11 loss@213.03 loss@145.1 loss@228.06 frag@345.17 loss@188.05,0.2659949064 0.2278345078 0.1345794946 0.08346959949 0.04155863076 0.03395017236 0.01718172617 0.01419651043 0.01033867709 0.008944222704 0.008207038045 0.007427675184 0.005702175666 0.005598773714 0.003590956796 0.003564367536 0.002742982237 0.002604215639 0.00252215052 0.002151347464
649,frag@131.05 loss@158.09 loss@451.17 frag@187.04 loss@525.21 loss@350.12 loss@423.17 loss@342.13 loss@609.23 loss@343.13 loss@401.15 frag@103.05 loss@376.14 loss@553.2 loss@140.08 loss@425.22 loss@567.22 loss@191.0 loss@336.08 loss@228.05,0.4343042672 0.1381868571 0.05312301591 0.04138534144 0.04033342376 0.037950214 0.03344957903 0.02458207682 0.02022695355 0.01664333232 0.01517683454 0.01040360332 0.009080315009 0.008233179338 0.007543354295 0.007501951884 0.005722968373 0.004418792203 0.003387863282 0.002850315766
650,frag@103.05 loss@268.05 loss@225.06 loss@131.08 frag@119.05 frag@131.05 loss@232.04 loss@199.06 loss@218.06 frag@119.06 frag@202.12 frag@104.06 loss@247.08 frag@184.02 loss@213.03 frag@109.07 frag@90.05 loss@231.09 frag@199.02 frag@133.07,0.2647383809 0.1333658844 0.09558300674 0.06809688359 0.04735700414 0.03941189125 0.03895013779 0.02887156606 0.02732842974 0.0253448002 0.01998532005 0.01111472677 0.01006832346 0.007774996106 0.007076415233 0.007014235947 0.006454592571 0.004904579371 0.004823734518 0.004047259223
651,frag@218.98 loss@326.07 frag@55.03 frag@244.06 loss@117.0 loss@62.05 frag@291.06 frag@257.12 loss@198.02 frag@171.03 loss@277.06 loss@306.05 frag@102.0 frag@214.03 loss@170.0 frag@80.01 frag@369.23 loss@446.19 frag@291.16 frag@246.02,0.04417120293 0.01125031337 0.009132323787 0.008016106673 0.004900351632 0.004467471037 0.00408090651 0.003605851671 0.002806418575 0.00259030587 0.002506597899 0.002420906676 0.002125779167 0.001833202317 0.001799981343 0.001613962813 0.001566616003 0.001528253779 0.00143466983 0.001406594762
652,frag@228.05 frag@186.02 frag@207.13 loss@82.03 loss@336.13 frag@230.08 frag@319.12 frag@234.05 frag@278.14 loss@62.07 frag@218.11 loss@336.09 frag@202.13 frag@211.02 loss@302.14 frag@239.21 loss@276.14 frag@150.03 frag@247.06 frag@261.08,0.1046468616 0.08325323462 0.02491708845 0.02382657677 0.02139239386 0.02040214278 0.01046928298 0.007336349227 0.006383134052 0.006218196359 0.006042185239 0.005996290594 0.005967914592 0.00573827466 0.00551142823 0.005293267779 0.004998967983 0.004683523905 0.004352524877 0.004347799812
653,frag@159.08 loss@204.1 loss@220.11 loss@308.14 loss@364.12 loss@297.09 loss@356.1 loss@321.16 loss@279.11 loss@306.13 loss@290.1 loss@219.09 loss@170.15 loss@171.96 loss@351.02 loss@310.16 loss@284.09 loss@188.07 loss@169.1 loss@216.14,0.4918625653 0.07859623432 0.07353918254 0.06816164404 0.02466342784 0.01780259237 0.01340017188 0.01280231029 0.006758172531 0.005450729281 0.004774257075 0.004541815724 0.004099468701 0.003598928219 0.003362413729 0.003340797033 0.003337414935 0.003285961458 0.00276001473 0.002712957561
654,frag@323.13 frag@271.12 frag@219.13 frag@249.08 frag@216.07 loss@129.13 loss@235.98 loss@260.18 frag@281.09 loss@265.12 frag@400.18 frag@113.08 frag@236.13 loss@215.16 loss@359.05 loss@230.05 loss@144.11 loss@304.13 loss@177.15 loss@281.15,0.1046619639 0.05154617876 0.02299341932 0.02222697996 0.01603187434 0.01259496436 0.01221747417 0.01208412182 0.01034239214 0.009781224653 0.008204171434 0.008084421977 0.007674548309 0.00743510481 0.007264402229 0.007206880022 0.006219251547 0.005997428671 0.005914004985 0.005908429623
655,loss@164.05 frag@227.06 frag@268.05 loss@188.02 frag@162.98 loss@175.02 loss@177.06 frag@242.12 frag@186.06 loss@386.12 frag@199.05 frag@184.1 frag@189.01 frag@89.04 frag@182.1 frag@90.05 frag@202.12 frag@244.1 frag@225.1 frag@145.03,0.3285344839 0.1794933826 0.1198990494 0.0856622383 0.0391930528 0.03412374109 0.01446619164 0.01272971556 0.01173142623 0.009097100236 0.006161720958 0.004030678421 0.003917741124 0.003587829182 0.002999101765 0.002541283146 0.002531380393 0.002529638121 0.002326865215 0.002295967424
656,frag@150.03 loss@240.03 loss@202.03 loss@62.07 frag@243.06 loss@152.03 frag@94.04 loss@175.04 frag@122.04 frag@179.03 frag@146.04 loss@118.01 frag@245.11 frag@140.01 loss@210.96 loss@179.04 frag@168.01 frag@159.02 frag@210.07 frag@180.08,0.2282892764 0.1144187748 0.1019818485 0.08780474961 0.03490072116 0.02583361231 0.01981395297 0.01774497516 0.01649996266 0.01017512847 0.009637413546 0.009299328551 0.007726285607 0.007583004422 0.007175110281 0.006262307987 0.005582693499 0.005358905066 0.00531096803 0.005038884468
657,loss@188.98 loss@296.07 frag@261.03 frag@196.01 frag@229.03 frag@215.08 frag@374.15 frag@167.07 loss@149.04 frag@200.93 frag@112.11 frag@211.09 loss@312.08 frag@419.1 frag@322.19 frag@318.08 frag@235.09 loss@243.02 frag@268.08 frag@148.02,0.1929125935 0.1770540625 0.08605573326 0.03443770856 0.0295579154 0.02805102989 0.02602952719 0.02532211132 0.01705259457 0.0138634285 0.01288129948 0.01179393753 0.009833058342 0.009709701873 0.009604555555 0.008691470139 0.008618134074 0.008318844251 0.007940359414 0.007848517969
658,frag@124.11 loss@137.12 frag@168.14 loss@153.15 loss@285.16 loss@335.18 loss@223.17 loss@297.16 loss@234.22 loss@192.01 loss@187.13 loss@468.23 loss@250.12 loss@363.16 loss@225.15 frag@196.17 loss@217.17 frag@96.08 loss@200.14 frag@57.06,0.3341545463 0.04905033112 0.03975158185 0.0280717127 0.02567803301 0.02309719659 0.02004833147 0.01782404445 0.01615165174 0.01431546826 0.01298173238 0.01276490279 0.01240217313 0.01215449069 0.01160253119 0.009019032121 0.008387626149 0.008074106649 0.00792206917 0.00776371127
659,frag@178.07 loss@227.1 frag@110.02 loss@228.12 loss@266.09 loss@308.12 loss@169.09 loss@341.15 loss@223.11 loss@200.13 loss@211.05 loss@203.08 loss@196.03 loss@277.14 loss@300.17 loss@201.11 loss@270.13 loss@306.19 loss@217.09 loss@267.13,0.295691818 0.2898266912 0.1952909231 0.105768241 0.003428136464 0.003194621997 0.002480698051 0.002469182247 0.002305555623 0.002222356154 0.002128233202 0.001895890571 0.001862598001 0.001779441955 0.001704703551 0.001550307032 0.001541068894 0.001368903206 0.001340121264 0.001254570903
660,frag@209.1 frag@155.09 loss@373.16 loss@437.15 loss@344.2 frag@149.01 loss@370.13 loss@130.01 loss@379.15 loss@342.19 loss@365.13 frag@278.07 loss@360.16 loss@276.21 loss@252.08 loss@169.14 loss@267.56 loss@376.14 loss@391.15 frag@204.98,0.2652650177 0.1467189193 0.03840234876 0.02582079917 0.004371886607 0.004369024187 0.004302973859 0.003958109301 0.003779008519 0.003668033052 0.003062360454 0.003009009873 0.002947409172 0.002917925594 0.002631504321 0.002510601422 0.002437971532 0.002429055283 0.002318740357 0.002296279417
661,frag@228.02 loss@374.28 frag@76.03 loss@180.98 frag@171.94 loss@329.22 loss@357.02 loss@160.14 frag@227.05 frag@277.13 frag@189.93 loss@475.24 frag@258.99 loss@172.96 frag@363.17 frag@305.12 frag@212.0 frag@44.46 frag@298.08 loss@439.18,0.03618631139 0.0116627384 0.01058539096 0.008645167574 0.008151238784 0.006339651532 0.005400554277 0.005194365513 0.004538085777 0.004318789579 0.003780966392 0.003731490579 0.003540667472 0.003260081634 0.003130605677 0.002803816926 0.002803538926 0.002648198279 0.00247140741 0.002306824084
662,frag@261.1 loss@96.0 frag@175.01 frag@280.1 loss@68.08 loss@108.0 loss@249.97 frag@326.17 loss@308.0 loss@95.95 frag@302.96 loss@338.16 frag@246.1 frag@96.01 loss@148.03 frag@383.12 frag@108.49 frag@137.0 frag@194.96 frag@326.12,0.2031091154 0.1347076297 0.02885159105 0.01422732603 0.009188780561 0.008209619671 0.00714527769 0.006410459056 0.005801694933 0.005793003831 0.005324989557 0.005320412107 0.004947537556 0.004598718137 0.004518338479 0.003898246214 0.003427942051 0.003351450665 0.003130796831 0.002396389144
663,loss@283.09 frag@79.05 frag@81.07 frag@93.07 frag@43.02 loss@243.13 frag@67.05 loss@288.08 loss@318.12 loss@314.13 loss@292.11 loss@276.13 frag@95.09 frag@69.03 frag@123.12 loss@288.13 loss@311.12 frag@107.09 frag@111.04 frag@191.14,0.3111451268 0.1246123761 0.09203056246 0.08522481471 0.07601059228 0.06415321678 0.04268861189 0.01976995915 0.01095411554 0.008553313091 0.007852599956 0.007451316342 0.007155452855 0.006988850422 0.005306229927 0.005179482047 0.004700275138 0.004625647329 0.004377900623 0.003471405478
664,frag@165.09 frag@192.1 loss@289.08 loss@290.2 loss@305.22 loss@302.02 loss@430.26 loss@370.11 loss@320.21 loss@318.13 loss@386.17 loss@326.19 loss@274.16 loss@226.97 loss@224.18 loss@329.11 loss@180.12 loss@292.19 loss@353.19 loss@315.09,0.3031359315 0.1857123077 0.04099500179 0.02911211737 0.02802730352 0.01482811943 0.0124850627 0.01033908594 0.009156717919 0.009018393233 0.006167047657 0.004718875978 0.002922565443 0.002584791044 0.002513524378 0.002426642692 0.002153567504 0.002118837321 0.002057809848 0.002028082963
665,frag@182.94 loss@133.09 frag@172.96 loss@198.96 loss@240.14 loss@253.04 loss@115.08 frag@295.17 loss@302.0 loss@347.09 loss@276.21 frag@297.15 frag@225.94 frag@275.15 loss@272.04 loss@211.98 frag@223.07 loss@133.08 frag@94.04 loss@227.17,0.2763381004 0.1746658981 0.1554584205 0.05583152547 0.05380085856 0.04514950141 0.03366097435 0.01283652894 0.01125844475 0.007873420604 0.006050368771 0.004458001815 0.003295979463 0.002934500575 0.002823125105 0.002634118544 0.002299950924 0.002103959443 0.002008646959 0.001986539224
666,frag@202.05 loss@245.1 frag@278.07 loss@356.09 frag@161.12 loss@225.12 frag@294.16 frag@225.09 frag@267.14 frag@220.1 frag@237.99 loss@32.04 frag@260.09 loss@303.05 loss@159.04 loss@345.13 frag@186.13 loss@218.18 loss@149.01 loss@308.0,0.4412918985 0.4281983674 0.008115322329 0.00385206705 0.002674549585 0.001437283587 0.001254711882 0.001244487008 0.00111340615 0.001041018404 0.0008611131925 0.0007489654236 0.0007421327755 0.0006658044877 0.0006328026066 0.0005821539089 0.0005388112622 0.0005378978094 0.0005348016857 0.0005298095639
667,frag@295.11 frag@206.09 loss@172.13 loss@322.08 frag@296.12 loss@125.0 loss@388.18 loss@247.15 loss@78.17 frag@237.14 frag@330.19 loss@206.1 loss@357.15 frag@299.19 frag@69.99 frag@152.04 loss@143.01 frag@96.05 frag@312.11 loss@251.14,0.1207659692 0.06926413625 0.02837979235 0.02216557227 0.01857893355 0.01267369743 0.01204820164 0.009000257589 0.006509975996 0.006186876912 0.006169801578 0.005930001847 0.005686881486 0.005358310882 0.005066580605 0.005035683978 0.004964606371 0.004574603401 0.004463104531 0.004331742879
668,frag@87.5 frag@69.49 loss@134.1 frag@221.99 loss@209.0 frag@252.06 frag@249.14 loss@358.14 frag@266.06 loss@368.14 frag@260.09 loss@319.09 loss@387.17 frag@237.14 frag@278.11 frag@267.17 loss@394.15 loss@354.08 frag@326.17 frag@267.04,0.06265629083 0.04526066035 0.01394881587 0.01015782356 0.008401721716 0.007819263265 0.006428308319 0.006242831238 0.006210312713 0.005994735751 0.0053568515 0.005325902719 0.005045493599 0.004670840688 0.004625052214 0.004462366458 0.004332158715 0.004107672721 0.00407802267 0.003887804458
669,frag@185.07 loss@150.07 frag@189.05 loss@203.09 frag@199.09 frag@203.08 loss@242.06 frag@213.07 loss@218.13 loss@288.09 loss@345.12 loss@145.12 loss@246.18 loss@160.1 frag@130.07 loss@330.02 loss@299.11 loss@149.12 loss@175.13 loss@302.16,0.1836678982 0.146689564 0.1350271404 0.1348864585 0.06869310141 0.05066203699 0.0461352095 0.04577186704 0.04531006142 0.03626032174 0.02796993218 0.007331156172 0.00532772392 0.003999687731 0.003830702975 0.003443171736 0.002062703017 0.001767415437 0.001453080797 0.001362934359
670,frag@105.07 loss@230.12 loss@199.04 loss@221.11 loss@232.16 loss@104.06 loss@192.06 loss@212.04 loss@242.08 loss@219.11 loss@288.11 loss@167.1 loss@231.07 loss@239.13 loss@280.14 loss@225.11 loss@200.05 loss@238.0 loss@434.22 loss@298.1,0.4776453972 0.04371239245 0.02809656784 0.02736296877 0.02550844848 0.02283729613 0.0207161624 0.02045794763 0.01990479976 0.01964582875 0.01740139164 0.0173301436 0.0155601725 0.01534759533 0.01490237843 0.009642439894 0.009099169634 0.008439354599 0.007741093636 0.007519357838
671,frag@242.09 loss@262.08 frag@263.1 frag@331.13 loss@270.09 loss@250.04 frag@186.07 loss@159.15 loss@126.02 loss@74.08 loss@244.04 loss@233.1 loss@361.13 loss@356.07 loss@227.1 loss@72.09 frag@169.04 loss@110.02 loss@143.11 loss@139.11,0.2037936449 0.1657930911 0.07929010689 0.03350116685 0.02986631542 0.02219376527 0.00910541974 0.008942991495 0.006598118227 0.006324975751 0.005388366058 0.004565259907 0.004553198349 0.004461705219 0.004300238565 0.003812926356 0.003604642116 0.003586609149 0.003538724035 0.003452662611
672,frag@201.08 loss@182.1 loss@242.03 loss@299.14 frag@183.11 loss@292.12 loss@234.11 frag@232.13 frag@351.09 frag@328.14 loss@304.08 frag@208.04 loss@285.03 loss@262.11 loss@342.06 loss@281.15 frag@115.02 loss@314.16 frag@203.1 frag@349.07,0.3955744803 0.1698502153 0.14788118 0.1406634003 0.07578525692 0.002596539212 0.002365675755 0.002207295969 0.002120962832 0.002051704563 0.001771474606 0.001713872538 0.001593861263 0.001243306207 0.0009578141035 0.0009522619075 0.0007140692906 0.0005860636593 0.0005681097973 0.0005253166892
673,frag@84.96 loss@221.07 loss@252.09 loss@209.05 loss@278.09 frag@198.94 loss@234.24 frag@193.13 frag@93.03 loss@151.06 frag@179.08 loss@265.02 loss@253.14 loss@157.04 frag@151.98 frag@165.06 frag@53.04 frag@124.04 frag@114.0 loss@204.0,0.4619074464 0.2043161392 0.1298818886 0.08628021926 0.04433200136 0.01221702527 0.009075708687 0.006438534241 0.002096083015 0.002092062263 0.001781880273 0.001511291368 0.001299662632 0.001184011111 0.001014456269 0.001002757112 0.0009619850316 0.0009518862353 0.0009483171743 0.0008470141911
674,frag@107.07 loss@189.03 loss@260.06 loss@228.0 loss@171.02 loss@224.05 loss@184.08 loss@234.07 loss@253.0 loss@345.97 loss@226.06 loss@219.04 loss@325.02 loss@148.08 loss@205.07 loss@368.16 loss@199.04 loss@369.04 loss@184.06 loss@221.03,0.4919802248 0.1038276106 0.09124387056 0.04871177673 0.03591349348 0.02496262826 0.02236180753 0.01599315368 0.01047030743 0.007440274581 0.007177008782 0.005938481539 0.005506042391 0.004313445184 0.00406568544 0.003853923874 0.003704077564 0.003650662955 0.003449880751 0.00297384127
675,loss@173.08 frag@110.04 frag@83.03 frag@112.06 loss@216.07 loss@181.08 loss@140.03 loss@208.06 loss@237.07 loss@205.07 loss@189.05 loss@100.99 loss@202.09 loss@177.08 loss@211.05 loss@171.03 loss@196.03 loss@147.1 loss@127.04 loss@203.08,0.3289501667 0.2373583317 0.1873784363 0.06382913888 0.02465964109 0.01304458268 0.009992952459 0.007959952578 0.006556851789 0.006309121381 0.005181003362 0.004726156127 0.004395219963 0.003994077444 0.003242454957 0.003145864699 0.002750907093 0.00255737477 0.001898173825 0.001871522167
676,loss@169.15 loss@211.17 frag@116.11 frag@71.07 frag@127.07 frag@188.0 loss@323.11 frag@276.12 frag@247.03 frag@58.07 frag@223.09 loss@116.13 loss@400.26 loss@42.02 frag@86.1 loss@342.06 frag@167.12 frag@349.13 frag@114.1 loss@642.33,0.1648948938 0.1451117992 0.07408288121 0.0633218661 0.05997858569 0.04083480313 0.03957824409 0.0247494746 0.02349025942 0.02030205727 0.01689307019 0.01672827266 0.01560519822 0.01298514847 0.01186408382 0.01026400924 0.007087854668 0.006819515955 0.006807572674 0.005465035792
677,frag@85.04 loss@325.04 frag@102.01 frag@102.13 loss@341.21 loss@306.16 frag@267.04 frag@87.5 loss@121.1 loss@323.14 frag@182.02 frag@146.0 loss@272.19 loss@114.01 frag@348.06 loss@134.1 loss@372.12 loss@233.98 loss@146.12 frag@154.97,0.1222104281 0.01898867823 0.01863595843 0.01333768573 0.01160617359 0.01109656133 0.009954402223 0.007410122547 0.0059444746 0.005872340407 0.005483948626 0.00501235202 0.004646652844 0.00461793365 0.004600351676 0.004225482699 0.003952425905 0.003825262887 0.003729423741 0.003468873678
678,frag@175.06 frag@214.07 loss@302.09 frag@213.03 loss@214.15 loss@183.12 loss@313.13 loss@177.01 loss@167.09 loss@164.12 loss@309.07 frag@137.03 frag@274.12 loss@78.21 loss@322.17 loss@125.04 loss@195.12 loss@270.15 loss@262.13 loss@264.01,0.2850982845 0.0737638697 0.06863821298 0.06543198973 0.04562255368 0.04197907075 0.04170962796 0.04164793715 0.02364128269 0.02041246369 0.01744432934 0.01435303502 0.01056291629 0.01044334006 0.009198355488 0.007568222471 0.005900064949 0.005435492843 0.004896300845 0.004666873254
679,loss@315.15 frag@237.14 loss@201.15 frag@260.16 loss@293.17 loss@267.13 frag@221.99 frag@296.1 frag@311.04 frag@151.0 frag@184.12 frag@270.03 frag@190.95 frag@184.11 frag@180.17 loss@270.12 loss@166.08 frag@249.14 loss@304.15 loss@144.14,0.0213979762 0.01768210717 0.01754110307 0.007817884907 0.006658118218 0.005577116273 0.005464262329 0.00489252666 0.004759787116 0.004729308188 0.004195152782 0.003879323602 0.003861053614 0.003635667963 0.003544021165 0.003262031358 0.003243453335 0.003174856538 0.003170413664 0.00314991991
680,loss@156.11 loss@129.03 frag@150.02 frag@229.11 loss@193.0 frag@174.01 loss@176.14 frag@383.18 frag@196.06 frag@301.04 frag@253.06 frag@294.14 frag@174.95 loss@272.04 loss@293.03 loss@173.03 frag@210.15 frag@322.08 loss@208.02 frag@156.02,0.1305120289 0.06159744784 0.04038680345 0.02595859207 0.0198296532 0.01679244637 0.01604155265 0.01392663084 0.0134636471 0.01217237301 0.008869807236 0.007949759252 0.007734059356 0.006783526856 0.005923189688 0.005745081697 0.005547286477 0.005513321143 0.005280759186 0.00496392278
681,loss@28.03 loss@46.04 frag@229.09 frag@241.1 frag@272.13 frag@297.16 frag@293.13 frag@72.98 frag@298.06 frag@238.12 frag@370.2 frag@288.04 frag@317.18 frag@239.02 frag@267.11 frag@244.05 frag@329.11 frag@345.1 frag@282.14 frag@237.0,0.2567126155 0.2189652324 0.0969908908 0.05930330604 0.03233253211 0.03141724318 0.02769852988 0.01947913319 0.01800833084 0.01630920358 0.01433620416 0.01073577441 0.007252234034 0.00698275771 0.006086648442 0.005999987014 0.004939206876 0.004353052471 0.004139278084 0.003979319707
682,frag@109.01 loss@183.07 frag@149.04 loss@222.08 loss@218.05 loss@233.05 loss@287.07 frag@93.03 loss@264.04 frag@111.03 frag@152.02 frag@53.04 frag@65.04 frag@105.05 frag@125.01 loss@222.14 loss@264.09 frag@124.02 loss@248.06 frag@225.02,0.3098588586 0.1389504075 0.1256509721 0.1062167957 0.08434763551 0.08389452845 0.02366277017 0.009564233012 0.00638574129 0.003854255425 0.003773184959 0.00355843897 0.003349705134 0.003043421311 0.00303329993 0.002809148747 0.002783871489 0.002689800924 0.002515757224 0.002488330705
683,frag@95.05 loss@231.06 loss@195.06 frag@78.05 frag@107.05 frag@91.05 frag@77.04 frag@91.06 loss@240.15 loss@308.06 frag@105.07 frag@79.05 frag@109.06 loss@227.05 frag@188.14 loss@257.11 loss@310.13 frag@202.12 frag@153.0 loss@236.05,0.3275113106 0.2162528634 0.1983301342 0.05114122108 0.02498654835 0.01733159274 0.01722810417 0.01143747196 0.01117439009 0.009276307188 0.008590748534 0.007019727491 0.0055967425 0.004774068017 0.003791831434 0.003466401715 0.003408509772 0.003129766556 0.003042141674 0.002976302523
684,loss@224.11 frag@215.12 loss@197.97 frag@104.06 frag@267.05 frag@130.06 frag@160.08 frag@158.06 frag@188.07 frag@213.1 loss@189.0 frag@132.08 frag@172.08 frag@130.07 frag@185.07 frag@204.07 frag@142.07 frag@218.15 frag@131.07 frag@239.12,0.4188741446 0.2195591182 0.05485155806 0.04895509034 0.03864332661 0.01842706092 0.01756413281 0.01368684229 0.01161832083 0.01158014685 0.009428884834 0.005812737625 0.005326970946 0.004672456998 0.004155745264 0.004126603715 0.004118088167 0.004111342598 0.003657784779 0.003573795315
685,frag@94.07 loss@187.08 loss@221.04 frag@150.06 loss@219.12 loss@108.08 loss@205.12 loss@161.09 loss@313.15 loss@219.03 frag@207.15 loss@146.1 loss@161.1 loss@230.01 loss@162.08 loss@384.19 loss@155.06 loss@267.12 loss@250.03 loss@202.02,0.4213550985 0.2503068745 0.1382816285 0.06306757778 0.02812637761 0.01546737552 0.006130118389 0.005833027419 0.003718122374 0.003029712709 0.002467797138 0.002234605141 0.00216830452 0.001833337243 0.001645480283 0.001581186429 0.001274966169 0.001146052731 0.001121069654 0.001090974314
686,frag@172.06 loss@242.09 frag@144.07 loss@255.15 loss@346.14 frag@219.02 frag@250.98 frag@172.1 frag@292.07 loss@358.04 loss@146.12 loss@181.08 loss@169.18 loss@115.02 loss@79.08 loss@511.17 loss@220.06 frag@83.01 loss@218.99 loss@359.1,0.2939884365 0.2405909598 0.08300347626 0.06185808405 0.05097195134 0.0479350239 0.01106069237 0.00937449187 0.00686061196 0.005026459228 0.004871100187 0.003616616363 0.003128705779 0.002682358492 0.002668096684 0.001933176653 0.001676372602 0.001652907697 0.001571006724 0.001565683517
687,frag@68.05 loss@209.06 frag@80.05 frag@54.03 loss@288.16 frag@69.06 frag@94.06 frag@42.03 loss@211.14 loss@232.0 loss@219.14 loss@262.05 frag@107.06 loss@202.0 loss@226.05 loss@260.07 loss@194.11 loss@224.06 loss@170.08 loss@219.12,0.2263380587 0.1315029413 0.0579486452 0.04338547215 0.04149335995 0.03601134196 0.03592352942 0.03109011427 0.02927178517 0.0157040488 0.01356210746 0.0134270573 0.01150302496 0.01122450456 0.01038849633 0.009423772804 0.008893552236 0.007843533531 0.007820229977 0.007189769298
688,loss@124.05 frag@174.05 frag@194.05 frag@129.03 loss@152.05 loss@396.19 loss@309.21 frag@286.03 frag@185.97 loss@240.08 loss@396.13 loss@298.05 loss@347.17 frag@267.09 frag@254.11 frag@222.11 loss@144.0 loss@144.04 loss@356.2 loss@269.1,0.4299958646 0.3102442622 0.09256729484 0.07276327163 0.0127818305 0.01183419954 0.004364674911 0.003938837908 0.003245594213 0.002705174265 0.001692622434 0.001266271691 0.001241671969 0.001232157694 0.00113929878 0.001037456212 0.0009825178422 0.0009072716348 0.0008822592208 0.0008583692834
689,frag@106.07 loss@164.07 loss@170.04 loss@164.03 loss@192.06 loss@200.02 loss@217.06 loss@201.06 loss@195.09 loss@180.06 loss@231.07 loss@337.12 loss@169.06 loss@176.02 loss@180.01 loss@198.06 loss@228.06 loss@210.06 loss@152.07 loss@198.01,0.4976780415 0.1946966201 0.128394112 0.03915851563 0.03588182107 0.02112101205 0.004434472416 0.003400465474 0.003346651327 0.002948034788 0.002615403151 0.002419180237 0.002288409742 0.001694642357 0.001532373717 0.00142923696 0.001417554682 0.001383601688 0.001253380789 0.001216048142
690,frag@229.07 frag@260.05 loss@143.08 loss@148.12 loss@100.08 frag@284.14 loss@118.07 loss@117.05 frag@303.11 loss@157.09 loss@84.07 frag@293.09 loss@115.08 frag@311.11 frag@226.07 loss@81.06 frag@246.12 loss@225.12 frag@234.98 loss@39.05,0.1414857805 0.105114527 0.05569727346 0.04344128817 0.0397814028 0.03973328322 0.03691039234 0.03298060223 0.02999474481 0.02420232072 0.01561028324 0.01479363348 0.01455635298 0.01269182004 0.009933472611 0.009482963011 0.008762505837 0.008073099889 0.007492760196 0.006010167301
691,frag@232.05 loss@62.05 loss@35.98 frag@181.01 frag@250.08 loss@446.19 loss@90.09 frag@271.1 frag@288.09 frag@369.23 frag@184.97 frag@221.04 loss@123.01 frag@300.12 frag@326.14 loss@80.99 frag@282.01 frag@249.05 frag@271.04 loss@91.99,0.136834085 0.02779876813 0.02202564478 0.01561859157 0.01450438611 0.01179449353 0.01075050514 0.008869676851 0.007247163448 0.006161689293 0.00532565685 0.00447934866 0.004464359488 0.00413478259 0.002878038911 0.002595934551 0.002293577185 0.002204216551 0.002005861839 0.001818056917
692,loss@192.09 frag@176.07 frag@190.09 loss@241.1 frag@190.12 frag@204.07 loss@174.07 loss@350.15 loss@244.09 frag@184.11 loss@175.13 loss@250.1 loss@250.08 loss@272.12 loss@171.09 loss@260.12 frag@172.11 frag@148.08 loss@322.13 loss@222.13,0.369388938 0.246426627 0.1162492707 0.08976408094 0.0864860639 0.03963115066 0.005791651085 0.002652802505 0.002605537185 0.001967564458 0.001605521888 0.001516877208 0.001455857768 0.001443403075 0.001052465173 0.00100077386 0.0008098095423 0.0007790685631 0.0007517928607 0.0007250525523
693,frag@119.05 loss@273.15 loss@262.08 loss@218.06 loss@326.16 loss@326.1 loss@268.07 loss@317.09 loss@285.11 frag@109.06 loss@261.05 loss@246.14 loss@284.98 loss@215.14 loss@249.05 loss@264.05 loss@319.15 loss@136.05 loss@226.11 loss@610.15,0.4727618694 0.08342751116 0.07308794558 0.07290708274 0.02503629774 0.02386024967 0.02109144628 0.01512209978 0.0148163233 0.01437908784 0.01414255518 0.01342900842 0.01249934174 0.01096850913 0.00937816035 0.008841141127 0.006972992793 0.005655277055 0.005623041652 0.005386420526
694,loss@241.11 frag@114.07 loss@296.15 frag@171.01 frag@106.06 frag@69.04 frag@164.11 frag@121.09 frag@110.05 frag@56.01 frag@189.11 loss@146.1 frag@174.03 frag@169.17 frag@152.07 frag@94.07 loss@215.11 frag@99.07 frag@152.98 frag@106.08,0.2931129932 0.1827825904 0.1278420687 0.08405317366 0.03105829656 0.02460508235 0.01786140725 0.01161501743 0.01061113365 0.00968122948 0.009270318784 0.007621952333 0.007441000547 0.00715303421 0.006626411341 0.006460293196 0.004882363603 0.004811080173 0.004701384343 0.004451359622
695,loss@201.13 loss@110.06 frag@241.13 frag@231.15 frag@241.04 frag@176.03 frag@190.05 loss@92.99 frag@134.08 frag@150.05 frag@185.11 frag@47.9 loss@120.02 frag@293.11 frag@132.04 frag@211.12 frag@207.13 frag@172.09 frag@132.07 loss@86.04,0.266517967 0.1452521086 0.1441643536 0.1199822798 0.03073953278 0.02662759647 0.01740338467 0.01392913517 0.01068290416 0.005723821465 0.004659379367 0.004408220295 0.003504485125 0.003340372583 0.002918406622 0.002780241426 0.002700807527 0.002664636821 0.002648426453 0.002592272125
696,frag@97.04 loss@215.07 loss@230.08 loss@244.1 loss@261.07 frag@107.02 loss@178.09 loss@233.09 loss@167.07 frag@83.03 loss@340.11 loss@175.09 loss@171.05 loss@287.13 frag@109.08 frag@95.03 frag@223.0 loss@172.1 loss@229.05 loss@146.1,0.421666801 0.1794348657 0.09980942309 0.08991765976 0.05817125365 0.05746901035 0.01080842409 0.005516477395 0.003858562559 0.003781264182 0.003627536586 0.003492416115 0.003181779757 0.002663008403 0.002530083992 0.002280136105 0.002276598942 0.002197289141 0.001950351056 0.00173500902
697,frag@65.99 loss@199.96 frag@182.02 loss@132.0 loss@114.01 frag@75.02 frag@159.97 frag@195.96 loss@167.98 loss@82.01 loss@92.0 frag@123.99 loss@132.02 frag@326.05 frag@277.07 loss@72.99 loss@352.1 loss@106.13 frag@207.05 frag@103.04,0.09528406709 0.03599505499 0.03329223394 0.02925875038 0.0262677744 0.02536665276 0.02184645273 0.02027662657 0.01960626245 0.01719941199 0.01475220826 0.01465250272 0.01203119569 0.009053405374 0.009034965187 0.008809299208 0.008731896058 0.008683664724 0.006743220147 0.006362726446
698,loss@99.07 frag@215.08 loss@71.07 loss@45.06 loss@99.1 loss@114.08 loss@113.12 frag@187.05 loss@43.04 loss@128.13 frag@102.05 loss@114.12 frag@245.07 frag@270.1 frag@264.06 frag@263.12 loss@28.01 frag@296.14 frag@208.97 frag@182.04,0.07274155319 0.07065173239 0.06937434524 0.05160215124 0.04105396941 0.03484676778 0.03483208269 0.0314637199 0.02760284021 0.02504935302 0.02422079816 0.02337766252 0.02086128108 0.0207173042 0.0203512311 0.01800599694 0.01728953421 0.01607441716 0.01424763817 0.01296928152
699,frag@173.07 loss@172.06 frag@201.07 loss@174.07 loss@133.02 loss@116.12 loss@152.06 loss@330.04 loss@175.13 loss@145.05 loss@168.06 loss@146.05 loss@173.09 loss@145.09 loss@182.08 loss@202.1 loss@158.06 loss@187.93 loss@218.18 loss@184.02,0.3387120664 0.1760998219 0.1524605602 0.07823099196 0.05733449757 0.04199993238 0.01429773215 0.01180479582 0.008423611522 0.005920587573 0.005801235326 0.005213407334 0.003745152149 0.002989397151 0.002828612458 0.002331882482 0.00229864358 0.002182924189 0.002115242183 0.002097178716
700,frag@141.05 loss@209.11 loss@256.12 loss@222.13 loss@285.09 loss@288.12 loss@259.13 loss@257.12 frag@138.09 loss@314.05 loss@211.08 loss@312.13 loss@78.21 loss@210.11 loss@210.13 loss@245.12 loss@212.13 loss@229.09 loss@246.1 loss@220.12,0.4906830788 0.1425943524 0.0970030427 0.04879973829 0.04647338018 0.03852440044 0.009284168482 0.007339760661 0.005870506633 0.005337666254 0.00411410816 0.003682548646 0.003534885822 0.002948942827 0.002417401876 0.002389680361 0.00214492064 0.001783731976 0.001728024799 0.0016137067
701,frag@135.06 loss@164.06 loss@173.07 loss@170.08 loss@109.09 loss@215.05 loss@295.13 loss@250.15 loss@175.08 loss@198.08 loss@262.05 loss@215.11 loss@258.07 loss@175.05 loss@192.07 loss@223.04 frag@123.06 loss@195.03 loss@295.07 loss@210.06,0.4897373915 0.1597309411 0.09122571349 0.07280587405 0.0444156155 0.03884313256 0.02039554901 0.01215448789 0.007458514068 0.005856074858 0.003786602523 0.003322896548 0.00323298946 0.00292522274 0.002316351281 0.002301558154 0.001693337923 0.001566123217 0.001563299913 0.001321441727
702,loss@111.01 frag@258.08 loss@111.04 frag@279.1 loss@135.02 frag@332.13 frag@88.0 frag@308.07 frag@282.1 frag@75.02 frag@312.1 loss@136.04 frag@338.19 loss@258.95 frag@218.99 frag@241.01 frag@171.98 loss@172.96 frag@283.08 frag@59.99,0.197699964 0.0763310045 0.01494222227 0.008052505553 0.006001658272 0.005208035465 0.004927357659 0.004679824226 0.004635233898 0.004367278889 0.00433490891 0.003601525445 0.003295674222 0.003235392505 0.002793702064 0.002659702441 0.0024982139 0.002383157145 0.00235089357 0.002339797327
703,frag@167.07 loss@338.06 loss@85.09 loss@188.98 loss@113.08 loss@365.15 loss@128.09 loss@233.96 loss@60.04 frag@153.08 frag@198.04 frag@258.1 frag@197.08 loss@170.14 loss@145.11 loss@144.13 frag@217.04 loss@100.1 loss@122.03 frag@324.12,0.2610781193 0.04760731757 0.02682668529 0.02550185844 0.02213601768 0.01993067376 0.01927608252 0.01728037 0.01401407644 0.01263844687 0.01154641714 0.01110839192 0.01015676837 0.008348132484 0.008187679574 0.007890506648 0.006908845622 0.006213491317 0.006109983195 0.005539360922
704,frag@225.11 frag@187.03 loss@85.07 loss@135.01 loss@113.05 frag@218.04 loss@103.99 loss@147.0 loss@32.98 loss@128.06 loss@209.01 loss@167.12 loss@57.02 frag@204.02 frag@99.01 loss@131.06 frag@140.04 loss@115.11 loss@100.01 frag@176.03,0.2130002826 0.1583344191 0.110718973 0.09926848114 0.0459712185 0.03779259324 0.03365052491 0.02540203184 0.02087156102 0.01330244727 0.008444308303 0.006952288561 0.006402476691 0.0061091315 0.005435206462 0.005085573997 0.004969237838 0.004901702516 0.004237226211 0.004120338243
705,loss@133.05 loss@152.05 loss@144.04 frag@278.09 frag@180.07 frag@237.07 frag@211.05 frag@232.07 frag@208.0 frag@276.08 loss@357.13 frag@291.09 frag@321.12 frag@313.13 frag@236.08 loss@130.07 loss@241.97 frag@270.07 frag@224.99 frag@214.98,0.2036569715 0.1425719559 0.1005047485 0.06554457545 0.05689926445 0.05024753511 0.04793468863 0.04428378865 0.03133678064 0.03033782542 0.01747607067 0.01745813712 0.01185162831 0.01062959898 0.00727693364 0.007128380239 0.007042510435 0.004030148964 0.00353704649 0.003449267242
706,frag@123.09 loss@157.07 loss@155.06 loss@185.07 loss@158.07 loss@211.14 frag@136.07 frag@188.9 loss@313.06 loss@128.05 loss@171.0 loss@291.21 loss@331.19 frag@58.03 frag@100.02 loss@231.05 frag@55.02 frag@67.04 loss@230.95 loss@172.08,0.4527569711 0.240282163 0.09171227366 0.06360071152 0.03491165116 0.01711750589 0.01424939558 0.01193837821 0.009513490833 0.008304479532 0.006405202206 0.005552154966 0.004020658322 0.00269045122 0.002323797205 0.0019516272 0.001624470344 0.001015075715 0.0007877785247 0.000760627503
707,frag@217.1 loss@244.11 loss@305.1 loss@329.09 frag@56.01 loss@363.14 loss@209.04 loss@147.11 frag@110.02 loss@289.11 loss@255.15 frag@273.11 loss@109.07 loss@183.05 loss@202.1 loss@270.11 frag@172.06 loss@216.16 frag@286.12 loss@145.06,0.471832186 0.21828866 0.1728685498 0.03979599476 0.004338641651 0.004038729239 0.003129686462 0.003029112006 0.002376705874 0.002161093755 0.002111187205 0.002025542781 0.001999974018 0.001471315394 0.001438681968 0.001213825541 0.001155395876 0.00101536978 0.0008242474287 0.0008153584204
708,frag@91.05 loss@318.11 loss@271.11 loss@273.16 frag@91.06 loss@247.11 frag@121.06 loss@285.15 loss@275.1 frag@109.06 loss@236.13 loss@303.13 loss@331.15 loss@243.1 loss@272.14 loss@296.12 loss@286.1 loss@213.03 frag@119.05 loss@232.04,0.3929754496 0.04202656075 0.03853338957 0.03326173127 0.02869174071 0.02667379007 0.02108662948 0.01827012561 0.01574974321 0.01498995256 0.01383284945 0.01347378176 0.01228935458 0.01168697234 0.01099402364 0.01066594012 0.01021317486 0.01016274933 0.009904277511 0.0097982632
709,frag@79.05 loss@276.13 loss@211.06 loss@339.15 loss@242.11 loss@269.11 loss@213.0 loss@324.15 loss@192.06 frag@125.06 loss@276.12 loss@232.15 loss@207.09 loss@292.1 loss@231.11 loss@284.15 loss@282.13 loss@198.14 loss@197.11 loss@307.1,0.4685639739 0.06622929126 0.0298008509 0.02640043013 0.01630421542 0.01524836104 0.01206585206 0.01086992398 0.01041585766 0.01032087579 0.008029629476 0.007918172516 0.007461710833 0.007409597281 0.006504137069 0.006333432626 0.006299416069 0.00620333245 0.005755359773 0.005690440536
710,loss@180.01 frag@121.01 frag@95.05 loss@182.04 frag@77.04 loss@183.02 frag@104.05 loss@210.03 frag@243.08 frag@142.05 frag@105.04 loss@221.05 frag@105.03 frag@256.14 frag@89.04 loss@194.04 loss@203.03 frag@161.06 frag@207.1 frag@177.04,0.2099130005 0.1517811418 0.1267163455 0.1126443669 0.09042131156 0.06851801276 0.05022223294 0.04535515234 0.01004906464 0.00996842701 0.009964493103 0.006114723627 0.004548453726 0.003912950866 0.003558524186 0.003428315977 0.003187609836 0.002944858046 0.002823235001 0.002734145848
711,loss@43.01 frag@202.07 frag@195.02 frag@223.03 loss@110.07 loss@130.11 loss@28.01 loss@337.1 loss@45.02 loss@58.03 loss@59.07 loss@162.02 loss@104.11 loss@41.03 loss@94.05 loss@123.08 loss@243.16 loss@158.05 loss@101.08 loss@34.97,0.2199522555 0.2046831697 0.1903998107 0.07723332196 0.02330771647 0.0108298678 0.01048619207 0.01036773156 0.008665720001 0.008068754338 0.006127038505 0.005760641769 0.005380108487 0.005364814773 0.005000376143 0.004317513667 0.004071014933 0.004002449103 0.003924447112 0.003831932787
712,loss@162.07 loss@236.07 frag@117.07 frag@167.13 frag@129.07 frag@145.06 frag@147.08 frag@259.14 frag@91.05 frag@163.08 loss@376.13 loss@247.11 frag@159.08 loss@118.08 frag@247.07 loss@230.09 frag@131.09 frag@145.07 frag@116.06 frag@376.15,0.2758923471 0.1734702587 0.1436630189 0.07881774753 0.07369019836 0.06557317823 0.04749391973 0.0196121037 0.01425123308 0.007054117974 0.006374725606 0.005321073346 0.00410390459 0.003606198588 0.00348210847 0.003260807134 0.00313611445 0.003076404333 0.002719929209 0.002508324804
713,frag@218.07 loss@108.02 frag@198.05 frag@71.99 loss@94.01 loss@118.07 loss@112.07 loss@80.99 frag@233.09 frag@222.03 frag@220.04 loss@183.97 loss@112.11 loss@200.94 frag@304.08 loss@123.01 frag@257.02 frag@364.16 loss@123.94 loss@90.03,0.131240204 0.104763478 0.09447578341 0.08070714027 0.0798002407 0.05901218951 0.05666428432 0.04159897193 0.04017008841 0.03860482946 0.03789202496 0.02669572458 0.02127098478 0.02043070272 0.01361857634 0.0133139994 0.009044388309 0.007609328721 0.005711156409 0.005040828139
714,loss@148.04 frag@111.0 loss@172.04 loss@169.01 frag@129.01 frag@139.01 frag@259.12 frag@127.0 frag@139.0 loss@231.01 frag@151.1 loss@362.03 loss@138.06 frag@101.07 frag@108.02 loss@81.04 frag@230.93 frag@198.0 frag@195.11 loss@157.02,0.1941808015 0.1372682899 0.1114967465 0.05555362254 0.05000381172 0.04862345755 0.04688896984 0.04464501515 0.03327609599 0.02996538579 0.02660592645 0.01170894783 0.008790999651 0.006677839439 0.005275109783 0.004493905697 0.00431075599 0.003968369681 0.003773857607 0.003572512418
715,frag@173.06 loss@226.09 frag@130.02 loss@222.07 loss@170.06 frag@169.05 loss@237.07 frag@156.04 frag@115.07 loss@330.12 frag@263.09 frag@273.06 loss@272.19 loss@144.02 loss@218.98 loss@189.06 loss@165.03 frag@296.09 frag@228.06 loss@246.13,0.08460291475 0.06853593886 0.05645871907 0.03993108869 0.02215313539 0.01412719022 0.009318508208 0.009131043218 0.00906366203 0.008401592262 0.008273270912 0.008074587211 0.007794887759 0.007352218963 0.006860908121 0.006317431573 0.005694807507 0.00505483197 0.004340820014 0.004110419191
716,loss@147.09 loss@165.1 frag@215.13 frag@267.12 frag@257.14 frag@299.15 frag@244.08 frag@127.05 frag@300.15 frag@119.03 frag@309.13 frag@297.17 frag@111.99 loss@145.09 frag@190.07 frag@282.12 frag@217.11 loss@177.07 loss@219.17 loss@204.11,0.2484028786 0.1894744486 0.106650874 0.08157997578 0.03888062015 0.02598632686 0.01996564493 0.0197168421 0.01936428994 0.0142472107 0.0109524224 0.007642975543 0.007238321472 0.006862764712 0.0067859306 0.006074723322 0.004559691995 0.004485790152 0.004316185135 0.003672140418
717,loss@239.08 frag@173.55 frag@127.04 loss@215.08 frag@97.03 frag@83.05 loss@360.13 loss@316.19 frag@69.03 frag@71.05 frag@85.03 frag@173.54 loss@469.19 frag@97.06 loss@445.16 frag@57.03 loss@395.07 loss@402.14 frag@83.08 loss@350.16,0.4824133217 0.4568522573 0.03270583972 0.0109558329 0.001901142532 0.0007453762228 0.000715063652 0.0006298768567 0.0005115060485 0.0004739183059 0.0004699181882 0.0004382379993 0.0004286388576 0.0004025365342 0.0003950463433 0.0003938896407 0.0003584869555 0.0003313158231 0.0003216897312 0.0003005592152
718,frag@244.06 frag@214.03 frag@222.95 loss@180.03 loss@76.03 frag@80.03 frag@257.12 loss@309.05 frag@302.96 loss@327.06 loss@340.09 frag@54.05 frag@291.06 loss@293.04 frag@102.0 loss@77.96 loss@89.03 frag@304.08 frag@187.14 frag@185.99,0.04345100001 0.0351726599 0.02954252064 0.02487440966 0.02118824981 0.01491763443 0.01312937029 0.008775340393 0.007972652093 0.007648456842 0.007232800126 0.00701230159 0.006362434942 0.005790065508 0.005707183853 0.005318535492 0.005190270022 0.005175055936 0.004795985762 0.004684949759
719,frag@199.1 loss@158.06 frag@199.07 loss@138.1 loss@131.1 loss@282.06 loss@117.03 frag@288.13 loss@125.07 frag@204.15 frag@232.09 loss@118.06 frag@214.04 loss@88.05 frag@278.09 frag@360.08 frag@201.11 loss@136.08 frag@154.16 loss@98.07,0.2721787989 0.1950855106 0.1820024401 0.1357610971 0.09250725061 0.04555987567 0.005151144229 0.005025933497 0.004095878918 0.002311458578 0.001306420192 0.001261314377 0.001238223864 0.001081327442 0.001034270856 0.0009092820692 0.0008634407423 0.0008381477674 0.0007125985576 0.0006925598718
720,loss@117.09 frag@268.1 frag@227.05 frag@208.02 loss@135.09 loss@489.2 loss@341.17 loss@314.07 loss@316.05 loss@306.17 loss@356.14 frag@183.1 loss@475.24 loss@288.98 loss@334.09 frag@298.16 loss@374.28 loss@438.03 loss@375.13 loss@332.11,0.260687381 0.2092461735 0.1462708563 0.08467615396 0.0185888242 0.01401392836 0.01310196612 0.0121814236 0.00899339281 0.008964612149 0.007235537749 0.006864164025 0.005289888009 0.005051012151 0.004692631774 0.004098935518 0.003619513474 0.003351064166 0.002977977972 0.002848340431
721,loss@140.08 frag@79.02 frag@182.05 frag@61.01 frag@228.06 frag@303.05 frag@319.04 frag@264.04 frag@64.0 frag@222.98 frag@115.06 loss@142.07 frag@190.06 frag@271.06 frag@139.01 loss@167.01 frag@260.18 frag@366.16 loss@121.05 loss@150.05,0.49776721 0.3619020879 0.09006118774 0.04137537256 0.0009698259528 0.0004662960127 0.0003447063209 0.0003428591881 0.0003387578181 0.0003068806836 0.0002769640123 0.0002708638203 0.000245648087 0.0001846801752 0.0001661749848 0.0001581949036 0.0001406454103 0.0001371699036 0.00013422755 0.0001313533285
722,loss@257.14 frag@135.08 loss@279.11 loss@322.13 frag@133.06 frag@131.05 frag@161.06 frag@172.11 frag@195.05 frag@133.07 frag@103.05 loss@324.15 frag@116.06 frag@176.07 loss@306.13 frag@159.09 frag@165.09 frag@328.15 loss@204.1 loss@285.14,0.1374228448 0.1082432121 0.09550245106 0.09419055283 0.05832459778 0.04257054999 0.0417275764 0.02644904517 0.0185752362 0.01840776019 0.01812747307 0.01660426147 0.01379786432 0.01286145207 0.01260785758 0.01208583545 0.01185743231 0.01163755171 0.01016228087 0.007480144501
723,frag@127.03 loss@156.07 loss@263.05 loss@215.04 loss@160.98 loss@112.04 loss@193.12 loss@152.07 frag@155.03 loss@233.04 loss@212.09 loss@160.03 loss@126.02 loss@258.14 loss@78.1 loss@118.05 loss@151.09 loss@101.09 loss@153.03 loss@178.13,0.492580235 0.2215954214 0.1204599217 0.03525253013 0.01161102392 0.01006009523 0.004074208438 0.003527834313 0.003054209519 0.003037174698 0.00235826592 0.002237584908 0.002122430131 0.001577122253 0.001564317849 0.001474950346 0.001140624285 0.001126145013 0.001055643661 0.001012457768
724,frag@43.02 loss@160.09 frag@57.03 loss@174.11 frag@67.05 loss@286.07 loss@285.15 loss@233.11 loss@223.09 loss@238.1 frag@85.06 loss@223.1 loss@268.1 loss@223.12 frag@97.06 loss@227.15 loss@288.13 loss@253.05 frag@79.05 loss@231.11,0.2983216047 0.1249234527 0.1035257801 0.04072134569 0.03603151813 0.03052698821 0.01072759647 0.01066760812 0.01065030787 0.01063108724 0.01009187661 0.01001784112 0.009822186083 0.007338938303 0.006712216884 0.005797948223 0.005498178303 0.005494152661 0.005169248674 0.005109527148
725,frag@188.11 loss@187.06 loss@217.08 loss@189.99 frag@311.18 frag@144.14 frag@225.14 frag@367.21 frag@216.1 loss@277.09 frag@119.06 frag@247.14 frag@156.03 loss@171.02 loss@221.08 loss@168.07 loss@224.05 frag@123.06 frag@225.02 loss@180.05,0.418761313 0.2361547351 0.1700290442 0.04809428751 0.01710488647 0.01564988494 0.005854144692 0.005461312365 0.003667642595 0.003136775456 0.003087816993 0.003064769087 0.003047276754 0.002667211462 0.002566480776 0.001282045851 0.001153389574 0.001067429315 0.001005743281 0.0009838574333
726,frag@95.05 loss@274.17 loss@257.13 frag@105.03 loss@274.14 frag@77.04 loss@240.15 loss@305.15 loss@286.11 loss@244.12 loss@301.14 loss@302.15 loss@231.06 loss@223.02 frag@79.05 loss@240.09 frag@107.05 loss@320.15 loss@277.11 frag@125.06,0.3809427619 0.07129964232 0.05157617107 0.04360169917 0.03849725425 0.03781770915 0.03151134774 0.02993837558 0.01751781069 0.01343111508 0.01328276843 0.01280904654 0.0111216465 0.00979284849 0.009565060958 0.008696161211 0.0077843084 0.007691876497 0.006831243634 0.006343946792
727,loss@86.0 frag@265.1 frag@253.08 frag@97.05 loss@77.06 frag@184.07 loss@389.14 loss@20.01 frag@255.09 loss@100.11 frag@283.09 loss@238.01 loss@284.04 loss@346.15 frag@152.95 loss@99.05 loss@311.01 loss@106.91 frag@244.99 loss@123.04,0.2724905014 0.1694343984 0.1539607793 0.1305218339 0.04212913662 0.004604522604 0.00397449173 0.003396675456 0.003386211814 0.003014693502 0.002847003285 0.002610777039 0.002539357636 0.002464193851 0.002027345821 0.001985816285 0.001953663072 0.001946220873 0.001790242735 0.001679629902
728,loss@100.02 frag@154.04 frag@194.04 loss@128.03 frag@151.01 loss@172.01 loss@129.04 loss@114.03 loss@128.04 loss@113.01 loss@81.02 frag@228.03 loss@172.07 frag@204.04 frag@140.03 loss@111.03 loss@108.03 loss@235.09 loss@100.01 frag@53.0,0.3091959655 0.2725844085 0.1132908687 0.09630580246 0.08515200764 0.02883657627 0.01632173173 0.003394075902 0.002951986622 0.002066640649 0.002054660814 0.001907315338 0.001899337396 0.001897747978 0.001661314862 0.001553617301 0.00142529048 0.001326003112 0.001207848545 0.001112308586
729,frag@83.05 loss@224.08 frag@71.05 frag@69.03 frag@57.03 loss@252.11 loss@240.11 frag@67.05 loss@264.12 loss@238.14 loss@236.17 loss@233.11 loss@288.13 loss@261.12 loss@264.15 loss@227.15 loss@238.1 loss@261.11 frag@85.06 frag@111.04,0.144598648 0.1219441742 0.1084231809 0.07392563671 0.06088523939 0.04885888472 0.0394214429 0.03731742129 0.02809355222 0.02651203237 0.02077998221 0.02071215957 0.01173499227 0.01056905556 0.009437229484 0.009095225483 0.007271483541 0.006563257892 0.006304008886 0.006120879203
730,frag@103.05 loss@206.09 loss@207.09 loss@213.06 loss@196.07 loss@217.07 loss@223.07 loss@239.07 frag@104.06 loss@169.05 loss@210.07 loss@202.05 loss@220.03 loss@225.04 frag@240.12 frag@80.06 loss@267.1 frag@133.06 loss@191.06 loss@214.02,0.456079632 0.06891646236 0.06332711875 0.06074112654 0.05290583894 0.04418129846 0.03652858734 0.03264517337 0.03146385029 0.03093714081 0.02596526779 0.019960884 0.01594927162 0.005414163694 0.003053158754 0.002234893618 0.002042850479 0.00203335355 0.001846473548 0.00159200863
731,frag@327.12 loss@251.14 frag@69.99 frag@319.15 frag@198.13 frag@234.04 frag@228.12 frag@337.13 frag@281.13 loss@383.16 frag@305.12 frag@215.12 loss@255.11 loss@160.11 frag@249.97 frag@181.99 loss@329.04 loss@374.11 frag@218.17 frag@102.13,0.05662548542 0.02109321579 0.01683685929 0.01432374772 0.007674220484 0.005034657661 0.004622481298 0.004494864494 0.00416004099 0.004149513319 0.004097561352 0.003198243212 0.003132949118 0.002648167079 0.002481209114 0.002452395624 0.002394551411 0.002122043865 0.001996317878 0.001926336088
732,frag@138.03 loss@234.16 loss@206.1 frag@245.14 frag@124.0 frag@244.06 frag@318.06 frag@184.98 loss@261.07 frag@269.15 frag@296.12 frag@225.94 frag@244.12 loss@167.0 frag@257.12 loss@247.15 loss@251.05 frag@194.0 frag@206.11 loss@283.05,0.2077527642 0.2026502043 0.1414092481 0.03113488667 0.01622933894 0.008236723952 0.005743840709 0.004046734422 0.003025353188 0.00268824352 0.002603627276 0.002601296874 0.002210639417 0.00216794922 0.002057153499 0.001920161652 0.001855656039 0.00180900062 0.001702394919 0.001598867238
733,frag@119.04 loss@182.09 loss@172.07 frag@228.06 frag@83.01 frag@137.05 frag@136.06 frag@255.09 frag@318.17 frag@173.95 frag@57.03 frag@317.09 frag@187.11 frag@239.02 frag@171.03 loss@183.01 frag@98.01 frag@252.06 frag@293.13 frag@222.99,0.2886713743 0.2590439618 0.235719189 0.1400174052 0.02765456587 0.005574914627 0.003611411201 0.002312032739 0.001772722462 0.001560674282 0.00131043978 0.001243867446 0.001237408607 0.001198840211 0.001060849056 0.001053162268 0.000896555779 0.0007900676574 0.0007542286767 0.0006595969899
734,frag@133.08 loss@221.06 loss@184.03 loss@199.03 loss@295.1 loss@250.05 loss@213.05 loss@227.04 frag@132.07 loss@201.03 loss@266.08 loss@225.05 loss@183.07 loss@142.01 loss@197.05 loss@222.14 loss@201.11 loss@203.03 frag@120.06 loss@251.09,0.4757070243 0.1241885573 0.1205882728 0.1064025462 0.02602264844 0.01830105111 0.01360438857 0.008527840488 0.007911270484 0.004018543754 0.003828185145 0.003386664903 0.003042667639 0.002627775539 0.002498380374 0.002491019201 0.002446620027 0.002360443352 0.002342888853 0.002181741642
735,frag@235.1 frag@184.07 loss@441.18 loss@77.06 loss@84.05 frag@341.21 frag@198.05 frag@204.09 frag@263.14 loss@328.04 loss@226.01 loss@257.95 frag@254.08 frag@313.2 loss@76.01 loss@122.02 frag@243.09 loss@145.99 loss@63.07 loss@61.09,0.2319920808 0.08527270705 0.0223979 0.01134410221 0.0100432653 0.009050983936 0.008168761618 0.007189531345 0.006881450769 0.006062871311 0.005929342005 0.005032714922 0.004864856601 0.00451308582 0.004461596254 0.00414492609 0.003552754875 0.003441203153 0.003433774691 0.003330560634
736,frag@203.05 frag@233.11 frag@219.04 loss@214.01 loss@140.07 loss@297.03 loss@191.12 loss@354.17 loss@223.0 loss@116.07 loss@106.01 loss@314.12 loss@174.03 loss@308.0 loss@160.04 loss@285.03 loss@216.01 loss@295.02 loss@107.02 loss@177.07,0.1678688526 0.1457620263 0.08640801907 0.06246420741 0.01693418063 0.01199023426 0.01120103057 0.01030226517 0.00878592208 0.008668719791 0.006883711088 0.006545047276 0.00619672006 0.005665908568 0.004896836355 0.004582991358 0.004302067216 0.003730383003 0.003631465835 0.003513445845
737,frag@108.06 loss@243.04 loss@342.09 loss@150.09 loss@204.14 frag@148.07 loss@235.14 loss@219.08 loss@193.01 loss@196.11 loss@262.12 loss@221.06 loss@269.05 loss@323.14 loss@225.13 loss@159.02 loss@188.08 loss@336.06 loss@330.17 loss@189.1,0.468018502 0.1403200626 0.0241054967 0.02247353084 0.02244369499 0.01905223168 0.01144098025 0.008759889752 0.007791831624 0.006830815226 0.006587154698 0.005894667003 0.005207514856 0.00506165158 0.004838805646 0.004361955915 0.004088852089 0.003756345017 0.003710872494 0.003571840236
738,frag@145.06 frag@155.06 frag@155.05 loss@171.07 loss@176.11 loss@136.07 loss@172.05 loss@158.04 loss@144.06 loss@316.1 loss@165.0 loss@158.03 loss@171.96 loss@314.12 loss@170.09 loss@127.09 loss@170.02 loss@176.07 loss@274.13 loss@200.11,0.2298207432 0.1684498936 0.1008688286 0.08839706331 0.07518304884 0.05748914927 0.04972396418 0.04136702791 0.03212187812 0.0215199776 0.02136970125 0.02026112005 0.01218358055 0.007914680988 0.006044156384 0.00188309548 0.001861296943 0.001817836775 0.001765615074 0.001735553495
739,frag@178.11 frag@272.16 loss@315.17 loss@273.17 frag@244.12 loss@223.16 loss@314.11 loss@200.99 frag@266.11 frag@332.13 frag@318.06 loss@288.01 frag@194.0 loss@371.15 loss@196.19 frag@283.13 frag@206.09 loss@139.12 frag@410.19 frag@308.13,0.07646776736 0.04247686639 0.02759108134 0.02034415491 0.01683838293 0.01410806738 0.009445908479 0.008697830141 0.008067456074 0.00721883215 0.006088311318 0.005367538892 0.004438199569 0.004173750058 0.00416882569 0.004086696077 0.004044319037 0.003921653144 0.003718567081 0.003501054598
740,frag@203.06 loss@103.03 loss@75.03 loss@76.02 frag@231.06 frag@138.0 loss@137.01 frag@231.1 frag@174.99 frag@217.08 frag@182.08 frag@76.04 frag@156.07 frag@176.03 frag@298.16 loss@61.02 loss@59.04 loss@144.1 frag@181.08 loss@165.98,0.3204214275 0.1709807366 0.1589320153 0.1067033336 0.05228501558 0.03970486298 0.02438415028 0.01655795425 0.009383588098 0.007286852226 0.006267668214 0.005900925957 0.003460001899 0.002255598782 0.002223634161 0.002152264118 0.00214453158 0.002128177788 0.002068222035 0.001943759853
741,frag@151.04 loss@240.08 loss@312.11 frag@199.04 loss@294.1 loss@295.16 loss@377.13 loss@410.09 loss@376.14 loss@114.1 loss@60.05 loss@323.16 loss@294.09 loss@260.18 loss@539.22 loss@371.18 loss@359.14 loss@282.1 loss@224.02 loss@525.22,0.4551311135 0.322973609 0.04754520208 0.03966686875 0.02445095964 0.01734624803 0.01705242135 0.005078325979 0.004771611188 0.003036861075 0.002760553733 0.002704174258 0.002612999175 0.00210639881 0.001939763548 0.001901744399 0.001752401819 0.001314470079 0.001232494949 0.001142905094
742,loss@92.05 loss@71.05 frag@231.09 frag@229.08 loss@33.06 frag@275.09 frag@272.1 frag@247.1 frag@287.08 frag@259.09 frag@152.14 frag@306.18 frag@302.04 loss@45.07 frag@331.08 frag@270.09 frag@276.1 loss@104.05 frag@95.99 frag@279.06,0.1841102242 0.1625662893 0.08772837371 0.06613110751 0.06019388512 0.0296869427 0.02943176962 0.02036362886 0.01958246343 0.01415627915 0.01305389311 0.008216342889 0.006910136901 0.006680094637 0.005748439115 0.005410510115 0.005393972155 0.005317593459 0.005255541299 0.004795275163
743,frag@129.07 frag@117.07 loss@269.14 frag@141.07 loss@242.14 loss@169.1 loss@293.13 frag@147.08 loss@169.09 frag@123.08 loss@231.11 frag@145.07 loss@271.11 frag@91.05 loss@291.17 loss@267.11 frag@116.06 loss@286.1 loss@376.13 frag@145.06,0.1634883732 0.1577244252 0.1075645164 0.04518419504 0.0350090526 0.03286958486 0.03133346513 0.02216164768 0.01965032518 0.01689303853 0.01553757209 0.01546077523 0.01323392242 0.01068874542 0.01000089012 0.008578984998 0.008281849325 0.008124340326 0.007391457446 0.007235154044
744,frag@148.04 loss@187.1 loss@274.11 loss@249.08 loss@287.1 loss@215.09 frag@143.08 loss@256.11 loss@175.03 loss@262.06 loss@250.08 loss@195.02 frag@109.07 loss@234.07 loss@272.11 loss@363.14 loss@229.07 frag@145.09 loss@215.14 loss@203.09,0.4712774754 0.2167312205 0.09840071201 0.06671854854 0.02783201262 0.01881491765 0.01464332733 0.01078039408 0.004655304831 0.003736791899 0.002208276186 0.002067349851 0.001938515576 0.001753371092 0.001415147097 0.001266260864 0.001218563295 0.001211889437 0.001167937997 0.001150955213
745,frag@81.04 frag@54.03 frag@93.04 loss@42.01 loss@72.02 loss@99.03 loss@101.05 loss@128.06 frag@66.03 loss@108.03 frag@67.04 frag@82.05 loss@98.05 loss@69.02 loss@81.02 loss@126.04 loss@139.04 loss@55.01 loss@101.02 loss@122.05,0.1926803887 0.09760190547 0.0875659138 0.08592431992 0.0821705386 0.06143581122 0.04634005204 0.03651048616 0.03534522653 0.03408224508 0.03176742792 0.02683594637 0.02558467351 0.02531956322 0.01180115435 0.011451561 0.007865508087 0.005419641268 0.004216323141 0.003653822932
746,frag@183.01 loss@258.09 loss@269.11 loss@242.1 loss@276.11 frag@136.94 frag@348.06 frag@177.09 frag@177.04 frag@276.08 frag@133.07 frag@229.12 frag@154.97 frag@172.11 frag@164.14 frag@275.18 frag@256.14 frag@241.12 loss@269.07 frag@74.04,0.1877104342 0.1818658262 0.1034287363 0.07894163579 0.04992089793 0.01569095254 0.01549822744 0.01232502796 0.01152436808 0.01007199846 0.008856625296 0.008189132437 0.00813950412 0.008078265935 0.007541327272 0.007521739695 0.007091349456 0.006362794898 0.006058512256 0.005926830694
747,frag@174.06 loss@112.09 loss@226.07 loss@111.1 frag@262.12 loss@279.15 frag@225.1 frag@157.09 loss@130.07 frag@217.09 frag@71.09 loss@114.07 frag@213.14 loss@130.1 frag@163.05 frag@136.07 loss@211.98 frag@76.04 frag@196.0 frag@247.05,0.421616137 0.2513594031 0.1742527634 0.03603726253 0.02782809734 0.008517200127 0.004288543481 0.003695750143 0.002549017081 0.002252450213 0.002126239007 0.001583567588 0.001451557386 0.001365145319 0.001304119243 0.001280042343 0.001197996316 0.001197706792 0.001133623184 0.001042025746
748,frag@53.04 loss@222.05 frag@65.04 loss@253.05 frag@81.03 loss@145.1 loss@204.99 loss@240.06 frag@67.02 loss@315.11 loss@308.06 loss@254.04 loss@257.11 loss@223.08 loss@120.03 frag@119.06 loss@174.11 loss@225.97 loss@271.05 loss@204.12,0.3046832383 0.1313637495 0.1135460287 0.06692979485 0.03008802235 0.02692401968 0.02625173703 0.02228325605 0.01141231973 0.009662384167 0.009528781287 0.006971491501 0.006723626517 0.006325111724 0.005483849905 0.004872372374 0.004792190157 0.004294568673 0.004278286826 0.004249630962
749,loss@18.01 frag@162.04 frag@178.03 frag@412.32 frag@314.15 frag@263.08 frag@331.1 frag@307.1 frag@216.14 frag@321.14 frag@174.02 frag@345.1 frag@292.11 frag@260.08 frag@239.15 frag@133.0 frag@288.08 frag@209.07 frag@109.0 frag@421.16,0.4920293391 0.1913958937 0.1636555791 0.02215179615 0.01948716678 0.01470758207 0.009826875292 0.009216892533 0.00779079739 0.007670963183 0.006655490026 0.005317911506 0.004238596186 0.002592519158 0.002374269534 0.002197675873 0.001816376811 0.001705848146 0.00160488952 0.001493540942
750,frag@70.03 frag@114.05 loss@224.12 loss@223.11 loss@214.13 loss@244.14 loss@339.12 loss@287.15 frag@277.08 loss@257.0 loss@293.14 loss@264.18 loss@263.13 loss@252.15 loss@278.13 loss@313.12 loss@274.06 frag@43.04 loss@228.15 frag@188.13,0.3097710907 0.1636245847 0.1183837503 0.1110623255 0.08047035336 0.05622307956 0.02734857239 0.02712854929 0.009253508411 0.005974664818 0.004942412954 0.004870137665 0.003904028796 0.002883037785 0.002843802795 0.002799590817 0.002687643049 0.002362678759 0.002319415566 0.0021568269
751,frag@273.11 loss@306.1 loss@272.04 frag@321.1 loss@265.03 loss@252.05 loss@269.11 loss@302.03 frag@87.07 frag@254.11 loss@156.08 frag@222.08 frag@270.11 frag@227.08 loss@209.04 frag@161.94 loss@304.12 loss@32.04 loss@294.15 loss@300.06,0.2555853426 0.1160465032 0.05288639665 0.04748327285 0.04490910843 0.02310323343 0.0185061153 0.01617222838 0.01597836427 0.01381765492 0.01094677951 0.009832257405 0.008212096058 0.007904721424 0.007554865908 0.00704211276 0.006920672487 0.006396005396 0.006262104958 0.005273004994
752,frag@196.97 loss@272.07 frag@304.05 loss@256.14 frag@284.19 frag@260.02 loss@155.99 frag@211.16 frag@182.12 loss@324.07 frag@265.02 frag@201.03 frag@245.13 frag@120.05 loss@291.04 frag@281.11 frag@195.15 frag@105.0 loss@331.14 loss@286.05,0.01027474273 0.00601603603 0.005570581183 0.003935349174 0.003323096083 0.003303142963 0.00295033725 0.002792702056 0.002650393872 0.002223824617 0.002213986591 0.002037182217 0.002034925856 0.00197658292 0.00181568705 0.001779841725 0.001675770734 0.001509416034 0.00146690628 0.001456727972
753,frag@217.15 loss@299.16 frag@214.09 loss@383.16 frag@136.94 loss@335.07 frag@42.57 frag@232.08 frag@294.05 frag@337.13 loss@353.17 loss@413.05 loss@258.12 loss@354.13 frag@140.99 loss@454.15 frag@363.18 frag@211.14 loss@264.14 frag@47.01,0.02979024127 0.0179483369 0.01260342449 0.01075542904 0.01013761107 0.008836549707 0.007244097535 0.006723133847 0.006284963805 0.004581745714 0.004569998011 0.004555829335 0.004496992566 0.003269252134 0.003092132742 0.00280933571 0.002736678347 0.002338665305 0.00218909001 0.002185721183
754,frag@69.03 loss@268.11 loss@365.17 loss@349.17 loss@311.12 loss@448.16 loss@284.05 loss@278.1 loss@201.12 loss@180.12 loss@362.1 loss@343.12 loss@318.12 frag@87.04 loss@244.09 loss@833.44 loss@316.08 loss@281.13 loss@360.13 loss@194.13,0.4689921141 0.06395661086 0.0453440696 0.0374750793 0.02915229648 0.02285180427 0.01891127229 0.01861971244 0.01839178801 0.01224185433 0.0114805419 0.01093211118 0.01050698478 0.009132717736 0.008990425617 0.008881617337 0.007317707874 0.006739357486 0.006695902441 0.006463208701
755,frag@109.06 loss@201.12 loss@279.12 loss@285.11 loss@279.09 loss@299.12 loss@281.11 loss@254.1 loss@238.14 loss@229.11 frag@137.06 loss@285.1 loss@319.15 loss@266.14 loss@301.14 loss@343.12 loss@233.11 frag@119.05 loss@246.14 loss@242.1,0.4832342267 0.1005136594 0.06502325088 0.05553390458 0.05227505788 0.03901378065 0.03795124218 0.03170739487 0.02958375402 0.006752284709 0.006100821774 0.005748576019 0.005218138918 0.005041135009 0.004418730736 0.00316682132 0.00315567269 0.002983870218 0.002945418702 0.001646319288
756,frag@138.07 frag@164.08 loss@186.05 loss@154.09 loss@264.09 loss@280.11 loss@286.04 loss@210.0 loss@231.02 loss@325.16 loss@277.07 loss@295.01 loss@137.06 loss@221.08 loss@229.1 loss@260.07 loss@179.13 loss@218.1 loss@312.06 loss@312.16,0.3637138307 0.1318478137 0.09755320847 0.07528276742 0.07031601667 0.05418227613 0.05085669458 0.0362438038 0.02806586586 0.01464838907 0.0139794033 0.003641758114 0.002980946098 0.002720590914 0.001839173259 0.001637753681 0.001573153888 0.001328007085 0.001107092714 0.001095893793
757,loss@220.08 frag@200.12 frag@214.13 loss@213.13 loss@274.2 frag@163.0 frag@186.07 frag@198.1 frag@211.98 frag@125.05 frag@169.98 frag@172.09 frag@220.13 frag@182.98 frag@256.12 loss@269.1 frag@186.1 frag@263.12 loss@291.14 frag@201.02,0.3299884498 0.2764920294 0.1369529963 0.121875748 0.01314689871 0.007094915025 0.006675335579 0.005704247393 0.005494784564 0.005374930799 0.003217141842 0.002496373141 0.002481289208 0.002362013329 0.002216803608 0.001843903447 0.001836454612 0.001814697403 0.001688588527 0.001664240845
758,loss@216.08 frag@248.07 loss@106.04 frag@231.02 frag@286.12 frag@364.13 frag@120.02 loss@286.09 frag@218.06 frag@186.07 frag@173.06 frag@291.08 frag@130.03 frag@156.04 frag@184.06 frag@261.08 frag@268.02 frag@221.08 frag@130.04 frag@252.07,0.2748875916 0.1982969493 0.1981045902 0.07049683481 0.01944796182 0.01910234801 0.01343579683 0.009711125866 0.007809977513 0.007191883866 0.007169469725 0.005835857242 0.005575686693 0.005069695879 0.003910487518 0.003825960448 0.003465124639 0.003241629805 0.003041009651 0.002768052509
759,frag@93.07 loss@168.12 loss@217.02 loss@204.12 loss@296.09 frag@107.09 frag@119.09 frag@79.05 frag@145.1 frag@123.08 frag@81.07 frag@105.07 loss@239.15 loss@237.14 frag@147.12 frag@133.1 loss@296.13 frag@131.09 frag@149.1 frag@95.09,0.2817210555 0.1643885076 0.1536260992 0.04083595425 0.03478052467 0.0342920199 0.02951745503 0.02532294951 0.02171194181 0.01349735726 0.01113411412 0.008220515214 0.007812192198 0.00756320497 0.007223663386 0.007017204072 0.005727373064 0.005662493873 0.005658661015 0.005513837095
760,loss@88.06 frag@221.04 frag@248.12 frag@236.09 loss@267.0 frag@251.06 loss@106.07 frag@302.08 loss@60.05 frag@323.06 frag@235.08 loss@296.04 frag@196.07 frag@222.98 frag@279.04 frag@232.14 frag@237.1 frag@245.06 frag@264.09 frag@197.13,0.3324060738 0.1297037452 0.07932140678 0.06939893961 0.05826910585 0.04720245674 0.03772979975 0.03479010612 0.03421852738 0.02683575824 0.005086564459 0.003838286269 0.003667542711 0.002901719185 0.00253604888 0.00238175923 0.001995530212 0.001945520868 0.001928934245 0.001901814481
761,frag@218.04 frag@164.06 loss@315.07 loss@342.1 frag@45.04 frag@222.04 frag@252.15 frag@87.05 frag@144.02 loss@153.1 frag@203.15 loss@303.16 loss@294.07 frag@259.05 loss@334.1 frag@188.02 loss@326.15 loss@306.12 frag@276.11 loss@331.13,0.09942865372 0.02599979937 0.0196807906 0.01755641773 0.01583133638 0.01473441999 0.01395422034 0.01328917965 0.01139745861 0.01084302738 0.0104757864 0.009780848399 0.009350411594 0.009252389893 0.008681505919 0.008606864139 0.008282686584 0.007682392839 0.007564735133 0.006645805668
762,frag@193.07 loss@99.06 loss@250.04 loss@332.08 frag@237.08 loss@210.12 frag@344.17 loss@116.09 loss@255.02 frag@193.01 loss@270.09 loss@206.01 loss@185.0 loss@262.08 frag@224.07 frag@228.08 loss@268.07 frag@231.02 loss@162.12 frag@202.03,0.2062896788 0.06617629528 0.05679765716 0.04924863577 0.0251969099 0.02167848311 0.01294185128 0.01225217618 0.01200072188 0.009979926981 0.009676207788 0.008076235652 0.00763907982 0.007312864531 0.007254813798 0.007153797429 0.0064498703 0.005505675916 0.005430905148 0.005319760181
763,frag@227.13 frag@244.11 loss@310.11 frag@222.04 frag@191.01 loss@198.0 loss@307.17 loss@207.03 frag@179.11 frag@170.06 frag@144.02 loss@245.09 loss@272.06 loss@273.05 loss@120.05 frag@312.17 frag@242.13 loss@299.07 loss@300.09 loss@232.17,0.08697977662 0.08492730558 0.03721676022 0.03006264567 0.02432351932 0.01753757149 0.0141135538 0.01408670098 0.01322234888 0.01234099176 0.01219787821 0.01178160403 0.01174022723 0.01145129278 0.01051139459 0.01011583023 0.009871427901 0.00928261783 0.009175932966 0.008434921503
764,loss@303.17 frag@68.04 loss@329.15 frag@341.14 frag@283.17 frag@246.07 loss@283.11 frag@307.12 loss@231.17 loss@241.2 frag@239.01 frag@227.18 frag@273.16 frag@116.99 frag@362.14 frag@300.13 loss@263.17 frag@68.03 loss@248.14 frag@269.03,0.09723459929 0.06137601659 0.05472007766 0.02718950622 0.01839772612 0.01471912116 0.01292433124 0.01101784781 0.009702946059 0.008863376454 0.008396145888 0.007671976462 0.006854447071 0.006447083782 0.006022917572 0.005944103003 0.005718087312 0.005665210076 0.005574867129 0.005153777543
765,frag@197.09 loss@143.03 loss@48.0 frag@193.02 loss@134.02 frag@152.01 frag@264.12 frag@278.14 loss@105.02 frag@212.04 loss@291.04 loss@98.02 frag@247.97 frag@158.0 loss@202.04 loss@231.02 loss@57.03 loss@185.06 loss@264.99 frag@198.09,0.1400764138 0.1346256733 0.1265538186 0.1096039563 0.09950464964 0.09067468345 0.0472391285 0.03110842966 0.01957080513 0.01576585695 0.00689049717 0.006296670996 0.005130984355 0.004770518746 0.004352775402 0.004143161234 0.003948225174 0.002961884718 0.002730735112 0.002489719773
766,loss@236.16 loss@248.16 loss@262.18 frag@55.05 frag@174.03 frag@84.08 frag@83.09 frag@98.06 frag@126.09 frag@60.04 frag@110.1 frag@96.08 frag@44.05 frag@140.11 frag@86.06 frag@82.06 frag@130.09 frag@102.09 frag@140.07 frag@155.12,0.1661308706 0.1563658565 0.1048619971 0.08117153496 0.06847620755 0.06149088591 0.03594617918 0.03464395553 0.01761824079 0.01613098383 0.01097792666 0.01020045765 0.008332544006 0.007154060993 0.006391964387 0.006258739624 0.005694692023 0.005386189092 0.005381167401 0.004697451368
767,loss@107.07 frag@219.06 frag@198.06 frag@223.94 loss@164.02 frag@302.13 loss@78.19 frag@302.09 frag@223.09 loss@229.0 frag@287.11 frag@217.04 frag@303.12 frag@203.99 frag@376.12 frag@236.08 frag@209.96 frag@309.14 frag@252.11 frag@278.1,0.4016009569 0.1922139078 0.1109817624 0.07036557049 0.04867374524 0.03301514685 0.03263521567 0.02086363547 0.008317649364 0.006813296583 0.005795623176 0.003890793305 0.002515851287 0.001768010319 0.001759291161 0.001728931442 0.001569670509 0.001551162917 0.00146747753 0.001317800255
768,loss@155.02 frag@141.04 frag@116.03 loss@282.04 loss@255.01 frag@168.05 frag@117.05 frag@146.01 loss@221.02 frag@134.02 frag@127.99 frag@70.99 loss@152.04 loss@218.0 loss@245.01 loss@269.02 loss@267.05 loss@58.02 loss@190.01 frag@44.98,0.1218289137 0.1101912037 0.08842230588 0.0639385432 0.04175944626 0.04099114239 0.03633914143 0.03222861141 0.02778880671 0.01484805997 0.01237118896 0.011744719 0.01111662015 0.01110880822 0.009570648894 0.008696184494 0.008236625232 0.008043331094 0.007641331758 0.006817102432
769,frag@120.08 loss@236.12 loss@248.15 loss@191.1 loss@240.11 loss@269.08 loss@289.14 loss@312.06 loss@282.14 loss@355.02 loss@237.17 loss@239.05 loss@169.1 loss@186.05 loss@187.06 loss@195.02 loss@328.06 loss@309.11 loss@275.05 loss@305.14,0.4928453863 0.1007375643 0.06491340697 0.0531019792 0.03615132719 0.03393694013 0.0318682231 0.01554650534 0.01448516175 0.01293100603 0.01165172551 0.006178702693 0.00462274719 0.004222591873 0.003983575385 0.003646050114 0.003538341029 0.003033166751 0.002971154638 0.002919954481
770,frag@123.02 loss@181.09 loss@226.11 loss@200.13 loss@322.14 frag@123.03 loss@345.15 loss@205.16 frag@113.04 loss@249.16 loss@314.08 loss@252.18 loss@196.1 loss@191.17 loss@261.13 loss@328.15 loss@223.11 loss@254.11 loss@302.12 loss@236.13,0.4495804906 0.1987682581 0.09728167206 0.05478480086 0.0409841314 0.03482910991 0.01483985782 0.01368741225 0.0133268293 0.009255336598 0.007345464546 0.004425859544 0.003507613204 0.003054106608 0.002735874616 0.002390590962 0.002196769696 0.002039899817 0.001539328834 0.001408859738
771,loss@276.1 loss@116.1 frag@187.0 loss@87.06 frag@241.06 frag@310.11 frag@215.11 frag@235.09 frag@227.11 frag@306.09 frag@222.1 frag@255.1 frag@280.13 frag@85.04 frag@197.04 frag@203.1 frag@191.14 frag@327.14 frag@128.12 frag@157.09,0.2675994039 0.1415243745 0.08636374027 0.05955299735 0.03766132891 0.03570647165 0.03526834026 0.02373922616 0.01920282654 0.01556199044 0.01387847401 0.009177512489 0.007741813548 0.006950088777 0.005485334899 0.005436562933 0.004782117903 0.004290032666 0.004066282883 0.003892534645
772,loss@200.99 frag@218.0 frag@265.13 loss@234.18 frag@92.02 frag@266.11 frag@282.16 loss@175.09 loss@347.03 loss@167.0 frag@364.1 loss@171.03 frag@128.01 frag@218.17 frag@274.19 frag@59.06 frag@217.12 frag@365.08 loss@271.16 frag@172.1,0.06043677405 0.04392973706 0.02608371526 0.02317926288 0.01667273417 0.009655293077 0.008771154098 0.007395654451 0.006556868553 0.005929718725 0.005683751311 0.005290801637 0.005233380944 0.003853484057 0.00375100947 0.003705813549 0.003471466247 0.003078976413 0.003053781576 0.002890822943
773,frag@194.06 loss@236.14 frag@215.06 frag@250.07 loss@304.1 loss@292.17 loss@101.12 frag@233.15 loss@320.13 loss@328.19 loss@317.13 frag@210.11 loss@180.15 frag@224.16 frag@253.06 loss@234.13 loss@268.18 loss@302.17 frag@71.07 loss@328.23,0.1789017022 0.07865023613 0.07581564039 0.05973000452 0.05793599784 0.04376468062 0.04346511886 0.03876200318 0.03776891157 0.03018848598 0.0286229644 0.02037419565 0.01427477971 0.01388763543 0.01282088179 0.01041413285 0.01020844001 0.007809530944 0.006573945284 0.006135947537
774,frag@163.1 frag@177.11 frag@191.13 loss@271.07 loss@164.11 loss@233.16 frag@205.11 loss@259.15 loss@316.13 loss@200.98 frag@165.11 loss@235.98 loss@204.11 loss@190.09 loss@196.14 loss@223.16 loss@317.16 frag@201.11 loss@242.13 frag@153.11,0.1558839679 0.1143092439 0.1127321124 0.08855807036 0.08469827473 0.05471640825 0.05053851753 0.04547423869 0.03044462577 0.02546010353 0.01843244955 0.01661701873 0.006790969521 0.006457071286 0.005099704023 0.00492351409 0.004539540038 0.004474841524 0.004322193097 0.003826483386
775,loss@107.05 loss@211.02 frag@207.03 frag@246.12 frag@234.99 frag@311.11 frag@133.95 frag@322.15 frag@177.0 frag@108.96 loss@254.02 frag@229.08 loss@123.06 loss@158.99 frag@182.06 frag@234.95 loss@137.99 loss@381.18 frag@170.0 loss@114.11,0.03185188025 0.02713959105 0.0133957183 0.0120029673 0.0102562597 0.01009720284 0.009450483136 0.006580778398 0.005932522938 0.005575683899 0.005144251976 0.004653117154 0.004422062542 0.004297642037 0.004290017765 0.004070998635 0.00392526621 0.003757378552 0.003461806104 0.003338715294
776,frag@121.03 loss@205.11 loss@208.13 loss@185.12 loss@214.1 loss@186.12 loss@230.09 frag@121.04 loss@282.14 loss@220.17 loss@200.13 loss@225.13 loss@277.16 loss@183.15 loss@322.17 loss@162.07 loss@179.07 loss@219.1 loss@235.11 loss@204.07,0.4783914387 0.1273893714 0.08841793984 0.06060156599 0.04379252344 0.04314574599 0.02859057672 0.02017099969 0.01378686912 0.01316603925 0.01210372616 0.004970657639 0.00443600351 0.004243502859 0.003539727535 0.00272245938 0.001816650969 0.001753683086 0.001641251147 0.001458846033
777,loss@169.11 loss@271.1 frag@178.02 frag@109.09 frag@154.0 frag@188.03 frag@241.11 frag@196.0 frag@233.07 frag@318.13 frag@96.02 frag@183.09 frag@202.92 frag@353.09 frag@81.06 frag@181.06 frag@174.97 frag@123.03 frag@196.08 frag@70.03,0.3701269627 0.1231551766 0.07504484057 0.06104611978 0.05788103491 0.05374287441 0.03666113317 0.02998252958 0.01064200792 0.007912308909 0.007746701129 0.007655858062 0.00667741755 0.006070860196 0.005952576175 0.00436168164 0.002843233524 0.00239363662 0.002245031996 0.001955917571
778,loss@190.13 frag@269.1 loss@258.02 frag@227.04 frag@183.02 frag@164.02 frag@224.14 frag@115.02 loss@245.16 frag@132.1 frag@413.16 loss@239.03 frag@254.11 frag@173.02 frag@241.99 frag@131.03 loss@200.0 frag@58.03 frag@195.95 loss@295.09,0.04868179932 0.04618800059 0.04044397175 0.0397746861 0.0279677771 0.02158185467 0.02134674042 0.01961825788 0.0183212366 0.01709781028 0.01326582301 0.01312839426 0.01201444864 0.01183629595 0.01178074256 0.01099746954 0.01092882641 0.01020546071 0.01016291045 0.009824052453
779,frag@183.08 frag@195.08 loss@77.05 frag@156.06 loss@156.06 loss@116.07 loss@57.07 loss@75.04 frag@182.07 loss@85.1 loss@102.06 loss@89.05 frag@284.11 frag@223.07 frag@272.09 loss@78.06 loss@99.05 loss@76.05 loss@92.07 loss@119.09,0.1486134827 0.142515406 0.1182613298 0.09988061339 0.05884014815 0.0473944135 0.03203980625 0.02896543592 0.02726025693 0.02278176509 0.02173442766 0.01930342242 0.01699291356 0.01182429306 0.01130345371 0.01023048349 0.007396149449 0.005861038342 0.005653264467 0.005601476412
780,loss@159.04 frag@225.1 frag@292.08 loss@205.06 frag@161.12 frag@220.1 frag@326.11 loss@88.1 loss@308.14 loss@175.02 frag@264.11 frag@213.04 frag@242.12 frag@260.09 frag@326.17 frag@102.03 loss@178.05 frag@219.05 frag@80.03 frag@244.1,0.3989084363 0.2829076648 0.05076126382 0.04019035026 0.02845163271 0.01322215516 0.01182238199 0.004248257726 0.003606918035 0.003557729768 0.003058651695 0.00304566673 0.002881448949 0.002801967785 0.002500094241 0.001910225954 0.001698017586 0.001628798316 0.001539493795 0.00142982963
781,loss@86.05 frag@190.08 frag@213.06 loss@142.09 frag@116.0 frag@228.04 loss@215.99 frag@281.1 loss@43.05 loss@105.0 frag@170.0 frag@197.99 loss@18.03 frag@253.14 loss@178.0 frag@276.15 loss@98.06 loss@112.07 loss@112.0 frag@178.98,0.123870112 0.08414948732 0.07233180106 0.06224103272 0.04629800469 0.03587827832 0.03477070853 0.03104129806 0.03054454736 0.02220957726 0.02133597992 0.02064911276 0.01941766776 0.01677026413 0.01223655231 0.01099827047 0.01070148963 0.008080095984 0.007951457985 0.006542250048
782,loss@239.12 frag@245.08 frag@281.09 loss@184.09 frag@227.07 frag@199.04 frag@199.08 frag@267.07 frag@275.07 loss@106.04 frag@140.06 frag@242.06 frag@184.05 frag@228.08 frag@249.08 frag@221.08 loss@141.1 frag@337.07 frag@258.1 loss@69.03,0.3977841437 0.1970161647 0.05678753182 0.03059940413 0.02483105101 0.02330244519 0.02168524638 0.0139665613 0.01231954806 0.0112225581 0.008445230313 0.006309574936 0.005470411386 0.004980391357 0.003920787945 0.003732396988 0.003690923797 0.003468478331 0.003426323878 0.002724965569
783,frag@105.03 frag@177.05 frag@145.03 loss@117.06 frag@173.02 loss@154.06 loss@300.11 loss@292.13 loss@179.08 loss@227.09 loss@291.16 loss@171.06 loss@194.04 loss@340.18 loss@261.05 loss@310.97 loss@319.13 loss@268.15 loss@447.18 loss@273.18,0.2463283986 0.08759202808 0.06616763771 0.06344062835 0.0535281077 0.04684363306 0.03495294601 0.03348510712 0.03312012553 0.03117674403 0.0242459029 0.02223032899 0.02044597454 0.01792041399 0.01432781573 0.01367250551 0.01349667925 0.0119306948 0.01077560708 0.01035752427
784,loss@215.1 frag@252.06 frag@177.06 frag@182.05 frag@222.99 frag@142.08 frag@278.07 frag@196.12 frag@298.11 frag@225.09 frag@190.16 frag@249.14 frag@126.02 frag@229.2 frag@187.0 frag@234.09 frag@250.05 frag@255.09 frag@103.04 frag@95.08,0.4610950947 0.1055377945 0.02058806829 0.006377648562 0.005610216875 0.005002079997 0.004560417496 0.003713007085 0.003669678932 0.003639996517 0.002858717693 0.002749204403 0.002605226357 0.002598767169 0.002148118336 0.001973631792 0.001800262718 0.001671643695 0.001625857665 0.001614630222
785,frag@106.05 loss@220.06 loss@283.05 frag@208.96 frag@334.16 frag@260.16 loss@171.03 frag@292.09 frag@120.05 loss@168.98 loss@259.96 loss@178.97 loss@257.1 frag@282.07 frag@309.17 loss@97.0 loss@251.03 loss@196.99 frag@373.05 frag@194.03,0.2811516821 0.2007983327 0.05252784863 0.03242119774 0.008447917178 0.006076583639 0.003884559497 0.003480786923 0.003375161905 0.003350239014 0.003252679948 0.002826845506 0.002814401407 0.002509954153 0.002317576669 0.002143850317 0.001964675263 0.001909473096 0.001851786976 0.001845148043
786,loss@212.09 frag@144.06 loss@197.03 frag@256.05 loss@214.03 frag@172.05 frag@116.03 frag@275.12 frag@290.13 frag@127.06 frag@98.03 frag@58.99 frag@254.12 loss@183.01 frag@220.06 frag@134.02 frag@216.08 frag@167.99 loss@182.09 frag@163.03,0.3015591502 0.2525004745 0.09745070338 0.05768259615 0.05622854456 0.02367620915 0.008978114463 0.008755095303 0.007604911923 0.007363689598 0.006476797163 0.00609448133 0.005991983693 0.005024530925 0.004847627599 0.004588822834 0.004215617664 0.004001358524 0.003478492843 0.00233978196
787,frag@151.07 loss@258.08 frag@184.01 loss@283.12 loss@329.17 loss@335.13 loss@269.16 frag@239.04 loss@291.14 loss@350.09 frag@191.15 loss@115.12 loss@278.07 frag@284.16 loss@257.0 loss@200.0 frag@147.02 loss@282.11 loss@327.08 loss@330.14,0.3205633759 0.1435653418 0.09242672473 0.06666749716 0.06140433252 0.05756549165 0.04090375081 0.02521827817 0.01445767749 0.01088700164 0.007457047235 0.006636362057 0.00527240755 0.005239781924 0.004499414936 0.004243575037 0.003891833825 0.003795331577 0.00350994058 0.003453267273
788,frag@116.05 frag@144.04 loss@151.06 loss@161.05 loss@178.06 loss@195.07 loss@189.04 loss@173.05 loss@213.07 frag@172.04 frag@172.05 loss@177.06 frag@89.04 loss@205.06 frag@144.06 frag@134.06 frag@196.05 frag@162.05 loss@190.02 loss@206.06,0.2184504718 0.1665853709 0.108844094 0.0818554461 0.05874588713 0.04261957109 0.04254062846 0.0406608209 0.03273626044 0.03166459128 0.02705803514 0.02078760602 0.01609904133 0.01302965917 0.007977009751 0.007011505775 0.006217160262 0.004173972178 0.004088173155 0.003792454489
789,frag@55.02 loss@251.06 frag@84.04 loss@209.02 loss@320.06 frag@101.95 loss@264.09 loss@202.14 loss@243.09 loss@265.16 loss@267.09 loss@313.13 frag@247.14 loss@242.07 frag@171.02 loss@255.04 loss@218.1 frag@188.04 loss@240.06 frag@59.0,0.2356261015 0.1428557634 0.1237012669 0.05593255907 0.052085381 0.05172840506 0.02356251515 0.02052810602 0.00683199754 0.006432713475 0.006377749145 0.006131743081 0.005512767937 0.005496725906 0.005146041047 0.004756661598 0.004322839901 0.003363661701 0.00332305138 0.003262897488
790,frag@173.55 loss@148.09 loss@270.07 loss@229.08 loss@221.11 loss@265.08 loss@254.14 loss@223.09 loss@278.12 loss@223.13 loss@227.15 loss@266.17 loss@338.08 loss@316.19 loss@336.15 loss@213.02 frag@349.04 loss@263.19 loss@290.1 loss@395.07,0.4758904278 0.08115319163 0.05407566577 0.05309887603 0.02670956962 0.02100773342 0.01957280934 0.01588195562 0.01174117066 0.009295544587 0.008044516668 0.00697217416 0.006030024961 0.005957102403 0.004719170742 0.0046557514 0.004462785088 0.004277979955 0.004113100469 0.004044365603
791,frag@153.05 loss@199.08 loss@264.1 loss@225.02 loss@421.16 loss@310.05 loss@193.09 loss@160.96 loss@215.01 loss@201.06 loss@196.07 loss@207.1 loss@188.11 loss@189.1 loss@210.06 loss@215.03 loss@246.01 loss@284.05 loss@351.1 frag@122.04,0.4958275557 0.2382275313 0.1236945838 0.05021940544 0.01085756999 0.006868982222 0.006155407988 0.003696509404 0.00276406738 0.002727205632 0.002000763314 0.001799017773 0.001797918347 0.001625405857 0.001584674814 0.001537012751 0.001465095556 0.00127667794 0.001208003843 0.0009941377211
792,loss@280.12 frag@198.08 loss@254.09 frag@221.09 frag@184.1 frag@244.05 loss@281.1 loss@275.07 frag@257.11 loss@303.06 loss@233.02 frag@115.07 frag@227.12 loss@263.14 frag@158.1 frag@156.04 loss@32.02 loss@234.12 loss@251.08 frag@239.08,0.1543411165 0.1377227902 0.1117706895 0.1010586694 0.07254706323 0.0708571896 0.04939431325 0.03167464584 0.02841940336 0.02532362752 0.01562533155 0.007682636846 0.007158430759 0.006400544196 0.005305274855 0.00505707413 0.005051868968 0.005033181515 0.004255423322 0.004253381398
793,loss@180.06 frag@73.04 loss@208.06 frag@195.99 frag@98.05 frag@180.04 frag@228.03 frag@256.05 frag@111.01 loss@186.05 loss@156.04 loss@304.05 frag@43.02 frag@46.07 loss@315.11 frag@192.07 loss@253.11 frag@385.13 frag@234.11 loss@165.06,0.1095390618 0.08715408295 0.05368722603 0.04026158899 0.0298041366 0.02810540423 0.02080231532 0.01908653788 0.01379898097 0.01129374467 0.008527770638 0.008250986226 0.005480823573 0.005372116808 0.005291974172 0.005041710567 0.004976472817 0.004530203994 0.00448391214 0.004357630387
794,frag@160.05 loss@207.07 loss@134.07 loss@196.03 loss@204.08 loss@268.05 frag@188.04 frag@112.06 loss@248.07 frag@156.03 frag@209.14 loss@215.11 frag@256.05 loss@248.09 loss@231.1 loss@174.11 loss@221.06 loss@209.12 loss@127.04 frag@59.0,0.4894928932 0.1987056732 0.1272623688 0.1078137234 0.04124242812 0.006879475899 0.002627570648 0.001715414692 0.001451370656 0.0008256034344 0.0007650482003 0.0007266871398 0.0007149118464 0.0006515565328 0.0005645973142 0.0005090802442 0.0004923443776 0.0004524120013 0.0004217140668 0.0004112960887
795,frag@228.11 loss@242.12 loss@301.11 frag@161.07 frag@110.05 frag@141.03 frag@347.19 frag@210.12 frag@101.95 frag@190.05 frag@184.06 frag@308.14 frag@187.12 frag@146.08 frag@148.1 loss@270.11 frag@217.1 frag@156.04 frag@256.14 frag@330.12,0.3276227415 0.3235444427 0.1391138583 0.01621377654 0.01519723423 0.007882605307 0.007363206707 0.005912920926 0.005140292924 0.005101463292 0.004947889596 0.004163621459 0.004126026295 0.003864037106 0.003754866309 0.003568733111 0.003208612092 0.002453032183 0.002395647811 0.0022692075
796,frag@104.05 frag@132.04 loss@179.06 loss@180.05 loss@194.08 loss@147.03 loss@240.13 loss@278.08 loss@129.06 loss@90.04 frag@105.04 loss@237.08 loss@335.11 loss@175.06 frag@161.07 loss@202.07 frag@105.06 loss@234.08 loss@166.07 frag@252.15,0.2798381746 0.202350691 0.1588027179 0.07057319582 0.06058210507 0.04666534439 0.04259143397 0.02561008558 0.02074913494 0.004518344998 0.003387795761 0.003383954754 0.003005191451 0.002981429454 0.002913630335 0.002723194659 0.002405076288 0.002174895955 0.0019446878 0.001890399726
797,frag@118.05 loss@167.05 loss@150.04 frag@123.0 loss@159.0 loss@200.04 frag@75.03 frag@222.95 loss@152.01 loss@86.02 frag@121.01 loss@106.01 frag@156.95 loss@132.02 loss@125.02 loss@186.0 loss@196.02 loss@137.02 loss@234.09 loss@197.01,0.3248023391 0.2309207469 0.1484313905 0.1054309905 0.01478302199 0.0106370626 0.007971165702 0.006366978865 0.005949582905 0.00432184292 0.004277964123 0.00405605603 0.003743153764 0.003712371923 0.003642269876 0.003536726348 0.003433042439 0.003357567359 0.003020043019 0.002801892813
798,frag@109.04 frag@110.99 loss@205.07 frag@127.05 loss@192.07 loss@194.05 loss@180.07 loss@211.07 loss@237.12 loss@235.05 loss@290.07 loss@207.04 loss@216.07 loss@209.03 loss@202.97 loss@307.08 loss@206.05 loss@127.01 loss@208.06 loss@305.16,0.3012270331 0.1199529245 0.07040522248 0.06381961703 0.0439584069 0.0415100567 0.0357793346 0.02850656956 0.02093081176 0.01919774339 0.0179630667 0.01684589311 0.01474650949 0.01264879759 0.01148025692 0.0112476917 0.01000630856 0.009440681897 0.008344748057 0.00726594869
799,frag@47.0 frag@277.07 loss@328.1 frag@174.12 loss@134.1 frag@86.02 loss@82.06 frag@260.09 loss@100.07 loss@59.03 loss@140.02 loss@348.04 frag@179.02 loss@90.0 loss@72.03 frag@356.2 frag@170.01 loss@331.21 frag@322.18 frag@255.05,0.06083009392 0.01453936566 0.00764441723 0.007210946642 0.007162087597 0.006732362323 0.005446987227 0.004988849629 0.004744987935 0.00409751758 0.003862050362 0.00370565569 0.003507938934 0.003447817639 0.003146755276 0.003116224892 0.002997644711 0.002965562278 0.002941964893 0.002772442065
800,frag@192.01 loss@156.03 loss@151.03 loss@247.04 frag@182.03 loss@152.02 frag@156.05 loss@324.06 loss@171.04 loss@152.04 frag@117.05 frag@139.1 frag@318.05 loss@60.14 frag@252.15 frag@341.16 frag@166.13 frag@327.11 loss@279.03 frag@108.01,0.07253983617 0.04448657483 0.04445332661 0.04188583419 0.04105272144 0.04027329758 0.0252921395 0.02367007732 0.02240354195 0.02074424736 0.01700459793 0.01502599474 0.01373388898 0.01326588914 0.01071263477 0.01045680512 0.01029759273 0.0102089243 0.009255750105 0.009249110706
801,frag@228.09 loss@317.1 loss@272.04 loss@213.16 frag@292.15 frag@200.02 frag@356.2 frag@273.11 frag@364.1 loss@324.14 frag@306.16 frag@73.08 frag@197.98 loss@87.11 loss@334.15 loss@241.13 frag@60.08 frag@250.15 loss@302.03 frag@278.09,0.05851956457 0.03465633094 0.02092244849 0.01229532249 0.01061889622 0.009032454342 0.007579695433 0.007451878861 0.006410554983 0.006225566845 0.005698491354 0.00545980921 0.005099124275 0.004670504481 0.00460003363 0.004398484249 0.004195985384 0.004160069395 0.00414440129 0.004094601143
802,loss@175.14 loss@246.09 frag@197.03 loss@214.99 loss@118.11 frag@208.11 frag@244.08 frag@321.17 frag@215.05 frag@167.05 frag@257.13 frag@286.09 frag@205.06 frag@197.06 frag@172.03 frag@126.0 frag@184.96 frag@272.09 frag@128.06 frag@184.02,0.1619905233 0.1409642696 0.1011632606 0.07677203417 0.06586366147 0.0376486145 0.03226721659 0.02511921339 0.01039296854 0.009653640911 0.009485331364 0.008281991817 0.007694659755 0.007253399584 0.006815803703 0.006556157488 0.006095481571 0.005408090074 0.005382371135 0.005053177476
803,loss@283.11 frag@192.09 frag@267.1 frag@250.06 loss@295.15 loss@260.01 loss@283.07 frag@250.11 loss@126.06 loss@314.11 loss@357.14 loss@138.05 loss@288.14 frag@253.08 loss@231.01 loss@88.09 frag@224.12 frag@229.04 frag@171.95 frag@283.08,0.2152377218 0.1681927294 0.1625885218 0.06654216349 0.04359943792 0.02629727498 0.02588231489 0.01839173585 0.01368481852 0.01144056302 0.009522325359 0.005745088216 0.005137874745 0.004548979923 0.004154520575 0.004030718468 0.003845217871 0.003840505145 0.003573856549 0.00332956505
804,frag@41.04 frag@43.05 loss@97.09 loss@91.06 loss@89.05 loss@105.08 loss@88.05 frag@69.07 loss@63.03 frag@74.02 frag@213.0 frag@72.04 frag@56.05 frag@55.05 loss@117.08 loss@141.15 frag@84.08 loss@105.04 frag@80.02 loss@124.1,0.1895711422 0.1577597558 0.1079482213 0.1049343795 0.1039584279 0.0698581785 0.05083711073 0.03308881074 0.03227350488 0.0240725074 0.01431058254 0.01351979095 0.01302662957 0.01197478734 0.00411897013 0.003867577529 0.003821339458 0.003818736644 0.003713835729 0.003635186469
805,loss@183.08 loss@209.1 frag@148.07 frag@231.12 loss@165.07 frag@206.09 frag@161.99 frag@108.06 frag@106.08 frag@165.08 frag@157.06 frag@106.06 frag@123.01 frag@146.07 frag@139.07 frag@329.12 frag@179.97 loss@224.14 frag@361.16 frag@136.03,0.2423230112 0.1556331366 0.1464177966 0.08950792998 0.07071039081 0.03830944002 0.01259919535 0.0118584102 0.01016395167 0.009763788432 0.007548606023 0.007206853479 0.005487036891 0.004883633461 0.004565628711 0.004324027803 0.003874909598 0.003827287816 0.00302933692 0.002802597824
806,frag@147.08 loss@240.14 loss@330.17 loss@262.12 loss@223.14 loss@342.09 frag@129.07 loss@203.13 loss@177.11 frag@131.09 loss@331.15 loss@271.11 loss@275.06 loss@232.13 loss@306.15 loss@272.14 loss@232.14 loss@260.14 loss@293.14 loss@264.13,0.4116612077 0.09318016469 0.06851437688 0.02704997547 0.02668656036 0.0234584529 0.01528382674 0.01173678506 0.01151671447 0.009619791061 0.009070592001 0.008394160308 0.008367848583 0.008248068392 0.00815814361 0.008063936606 0.007668626029 0.006720305886 0.006639656145 0.00656828098
807,frag@189.07 loss@140.04 loss@127.09 frag@219.11 loss@229.16 loss@157.06 loss@93.04 loss@177.0 loss@148.06 loss@132.07 loss@190.01 loss@170.07 loss@124.08 loss@122.05 frag@396.17 loss@113.05 loss@178.02 loss@216.01 loss@176.06 frag@161.05,0.3993297815 0.1226978675 0.07722429931 0.05376463011 0.04727339372 0.03833050653 0.03559746593 0.01610290259 0.0159744937 0.01529766805 0.006982541643 0.00631692959 0.005422974471 0.004973336123 0.004770717118 0.004440981429 0.003946558572 0.003662767122 0.002960431157 0.00267892587
808,frag@95.01 loss@255.1 frag@137.03 loss@260.08 loss@251.11 loss@287.09 loss@96.02 loss@269.1 loss@312.12 loss@229.03 loss@246.95 loss@321.09 loss@310.15 loss@285.07 loss@111.06 loss@245.12 loss@208.04 loss@326.13 loss@207.99 loss@153.08,0.4128275812 0.1080390215 0.08460559696 0.08301313967 0.07483387738 0.04883983359 0.04241773114 0.02934989333 0.02343617752 0.02149898559 0.006408603862 0.005877266172 0.004945285153 0.00360792852 0.003259034595 0.001737863291 0.001200873754 0.001129420125 0.0009064696496 0.0008769439301
809,frag@199.06 loss@126.0 loss@293.08 loss@275.09 frag@145.05 frag@143.08 frag@278.07 loss@257.08 loss@198.09 frag@155.09 loss@178.04 frag@174.09 frag@65.99 frag@356.18 frag@202.09 loss@267.11 loss@148.11 frag@273.06 frag@183.01 frag@333.1,0.2239804268 0.0743015185 0.06316938996 0.02555905655 0.01990293525 0.01956760883 0.01623909734 0.01573942229 0.01467492431 0.01403881703 0.009332967922 0.007756225299 0.007693591062 0.006617449224 0.005946711637 0.005523191765 0.005230151117 0.005147736054 0.005076523405 0.004829564132
810,loss@180.1 frag@129.07 frag@128.06 loss@226.12 frag@117.07 frag@145.06 frag@147.08 frag@314.13 frag@171.08 frag@172.1 frag@160.11 frag@123.08 frag@199.02 loss@241.18 frag@158.1 loss@299.15 frag@376.15 frag@246.09 loss@275.06 frag@155.05,0.3378064334 0.2365655005 0.1647076756 0.1521129608 0.02519267797 0.02483429201 0.008361497894 0.008094462566 0.004633843433 0.004509924445 0.004506055266 0.002340164268 0.001896755537 0.001601832104 0.001542722108 0.00111883285 0.0007847663946 0.0007484380621 0.0006861906149 0.0006048101932
811,frag@137.04 loss@153.06 loss@210.08 frag@180.05 loss@155.07 loss@183.06 loss@191.04 frag@123.03 loss@249.01 frag@135.03 loss@279.05 loss@304.16 frag@153.06 frag@156.99 frag@243.12 loss@220.07 frag@343.19 frag@162.06 frag@355.2 loss@261.01,0.3202645481 0.1233198345 0.1192469671 0.1177107021 0.1095505878 0.05545445904 0.03569097444 0.0157932397 0.006795041263 0.005857196636 0.005439170171 0.004134155344 0.00400266517 0.003763079643 0.003285354469 0.003143000416 0.002139713848 0.002135558985 0.002021507593 0.00198407378
812,frag@65.04 loss@234.1 loss@204.05 frag@92.06 loss@217.07 frag@109.01 loss@225.06 loss@213.03 loss@188.06 frag@105.04 frag@77.04 frag@105.08 frag@160.11 loss@162.01 frag@91.06 loss@215.02 frag@104.06 frag@125.08 loss@202.07 frag@175.09,0.46963346 0.3248691857 0.1511568874 0.0130787082 0.005155973136 0.004225796089 0.003269793466 0.001663691713 0.001659198198 0.001511145849 0.00103608158 0.0009756877553 0.0009290706366 0.0009018598357 0.0008724332438 0.0008406178094 0.0007670496707 0.0006035404513 0.0005138025153 0.000475402514
813,frag@195.98 loss@234.01 frag@347.09 loss@377.15 frag@134.98 frag@293.04 loss@192.0 frag@184.96 loss@200.19 frag@318.06 loss@231.95 frag@262.08 frag@255.05 frag@238.01 loss@77.0 frag@231.13 loss@181.18 loss@148.12 frag@191.14 frag@185.99,0.1049750075 0.03816281632 0.02590124495 0.01775389165 0.01160830446 0.008121782914 0.007613886613 0.005650792737 0.004007211421 0.003876476316 0.002756467555 0.002751965309 0.002645524684 0.002636545571 0.00248120795 0.002207783051 0.002158277901 0.002104561077 0.002038007602 0.001960306661
814,loss@240.07 frag@189.11 frag@170.05 frag@220.13 frag@126.06 loss@277.12 loss@181.08 frag@186.1 frag@142.12 loss@178.1 loss@78.1 frag@202.16 frag@215.09 loss@242.09 frag@177.09 loss@346.14 loss@189.09 frag@161.99 loss@145.06 frag@311.14,0.3703582585 0.2159283161 0.09916815162 0.05521412939 0.04281458259 0.02879511565 0.005182930268 0.005166076589 0.004302076064 0.004167148378 0.004025180358 0.003018474206 0.002913349308 0.002754253568 0.002746219281 0.002734201495 0.002563982736 0.00248431717 0.002425317885 0.002377620665
815,frag@79.05 loss@226.16 loss@198.13 loss@180.12 loss@264.14 loss@232.15 loss@210.13 loss@266.15 frag@125.06 loss@339.15 loss@276.13 frag@181.12 loss@208.02 loss@248.14 loss@307.18 loss@213.0 loss@311.15 frag@149.1 loss@243.15 loss@349.17,0.4373211563 0.0726890564 0.05785116553 0.05539340153 0.04575408995 0.03492705151 0.02998595312 0.01639281958 0.01362305135 0.0109349573 0.00766116567 0.007448830176 0.006599363871 0.006298562512 0.006122453604 0.00561083667 0.005587214138 0.005524710286 0.004845551215 0.004599503707
816,loss@85.05 frag@212.12 frag@210.1 frag@253.11 frag@230.08 frag@266.1 frag@235.98 frag@263.11 loss@127.14 frag@182.07 loss@114.09 frag@198.1 frag@211.07 loss@100.09 frag@211.1 frag@208.09 frag@250.0 frag@234.1 frag@219.1 frag@261.11,0.4505373836 0.126538977 0.1249512583 0.07054207474 0.05192297325 0.01088186074 0.01070520841 0.009776173159 0.008883201517 0.006576231681 0.005840844009 0.005792279728 0.005512555595 0.005511456635 0.004381462466 0.004154216032 0.003915845416 0.003639392089 0.003385980614 0.003091146005
817,frag@147.08 loss@191.09 loss@219.09 frag@123.08 frag@129.07 frag@135.08 loss@257.11 frag@117.07 loss@162.07 frag@207.1 loss@230.12 frag@105.07 frag@91.05 loss@247.08 loss@287.04 loss@230.09 loss@275.12 loss@177.11 loss@186.04 loss@285.12,0.2774751484 0.263379246 0.2049256116 0.1990839988 0.006232131738 0.004106722306 0.003493499709 0.003044113284 0.002334485762 0.001774989069 0.001585683669 0.00158227107 0.001537578995 0.001346825622 0.001283609075 0.001199128223 0.001125881681 0.000942199782 0.0008496040246 0.0008220599266
818,frag@204.04 loss@289.15 frag@110.08 frag@218.03 loss@293.04 frag@106.05 loss@279.0 frag@124.01 loss@206.17 frag@245.14 frag@96.05 loss@194.99 loss@244.96 frag@149.0 loss@229.97 frag@233.16 frag@87.0 frag@305.03 frag@312.11 loss@159.01,0.1235183552 0.113951683 0.05231362954 0.04343384504 0.02309974283 0.01554953493 0.01376502402 0.01098521147 0.009283977561 0.008588202298 0.007697137073 0.00731184613 0.00569112692 0.005368397105 0.00420274213 0.00416373834 0.004163063131 0.004006343894 0.003949222621 0.003765646834
819,frag@69.04 loss@207.11 loss@153.05 frag@81.06 loss@196.06 loss@231.05 loss@253.07 loss@202.02 loss@228.14 loss@259.09 loss@386.01 loss@158.07 frag@142.02 loss@106.02 loss@273.03 loss@330.06 loss@191.07 loss@254.99 loss@283.02 loss@95.02,0.3845928609 0.1232656762 0.1224380583 0.1063430756 0.07931761444 0.06468778104 0.04099292308 0.03191314265 0.002908273833 0.00146667927 0.001197892008 0.00111412874 0.001113049919 0.001075297128 0.001073844964 0.0009977646405 0.0009973071283 0.0009714073967 0.0009166750242 0.0008598513668
820,loss@152.08 frag@219.12 loss@269.13 loss@296.14 frag@249.0 loss@325.11 frag@160.1 frag@231.08 frag@132.08 frag@187.12 frag@146.08 frag@160.08 frag@202.09 frag@184.11 frag@172.11 frag@158.06 frag@173.11 loss@261.14 frag@278.11 frag@186.1,0.2699379027 0.2650971711 0.09999988228 0.07220410556 0.02723652683 0.02092767693 0.02047882043 0.01773007587 0.01740458235 0.008903712034 0.006082972977 0.005335672293 0.005102596246 0.004760639742 0.004494577646 0.004043575376 0.003735454055 0.003541937564 0.003471772885 0.003079048591
821,frag@44.05 loss@283.1 loss@157.12 loss@214.14 loss@234.01 loss@263.13 loss@271.14 loss@290.12 loss@216.03 loss@81.97 loss@202.17 loss@201.14 loss@291.05 loss@154.1 loss@231.15 frag@84.08 frag@110.1 loss@124.01 loss@234.05 frag@58.06,0.4209311008 0.08130961657 0.06514684111 0.05551363528 0.04799441248 0.03457738832 0.01945510507 0.01193135977 0.01150142495 0.01137716882 0.01073788013 0.01054432057 0.007624237798 0.006612716708 0.006415930577 0.006163846236 0.00483281957 0.004588032141 0.004392576404 0.004337626044
822,frag@96.04 loss@222.07 loss@210.02 loss@261.15 loss@207.03 loss@262.05 frag@107.06 loss@137.05 loss@320.1 loss@255.04 frag@133.08 loss@246.07 loss@142.01 loss@215.05 loss@213.09 frag@120.04 frag@78.03 frag@99.06 frag@80.05 loss@219.07,0.4172928929 0.1964841932 0.04699037224 0.02066777088 0.02018151246 0.01746186242 0.009099011309 0.008094741963 0.007675262634 0.00694675697 0.006675230805 0.006515265442 0.006366057321 0.006148354616 0.006112417206 0.005649419501 0.005503482651 0.005223727785 0.004994999152 0.004894893151
823,frag@250.11 frag@256.07 frag@249.05 frag@251.12 loss@283.11 loss@72.08 frag@260.06 loss@195.96 frag@292.05 frag@184.07 frag@306.12 frag@236.09 frag@181.96 frag@313.2 frag@184.13 loss@280.02 loss@357.14 frag@289.2 loss@314.03 loss@507.27,0.05051315948 0.01017256919 0.009730794467 0.008818497881 0.008411516435 0.00730820559 0.005670663435 0.00531591475 0.005233613774 0.005074711982 0.003954667132 0.00387240015 0.003624734702 0.003436552593 0.003140460467 0.002964231418 0.002776078647 0.002737567993 0.002674978692 0.002460900461
824,frag@157.04 loss@202.15 frag@257.06 loss@285.06 loss@315.1 loss@250.16 frag@170.15 loss@279.14 loss@186.15 loss@301.05 loss@302.07 frag@109.04 loss@202.97 loss@268.19 loss@193.03 loss@184.16 frag@146.01 frag@128.0 loss@183.1 frag@165.04,0.2689339519 0.1018778533 0.0740705505 0.05872533843 0.03871548176 0.02856399678 0.02780473419 0.0227150321 0.02207821049 0.01749979705 0.01365078893 0.01117046736 0.01088517345 0.006754337344 0.00616582064 0.005388433579 0.005107749254 0.005047799088 0.004811035935 0.004708387889
825,loss@2.02 loss@140.11 frag@262.11 loss@138.12 frag@239.06 frag@276.09 loss@210.96 loss@126.09 frag@204.03 frag@244.14 frag@273.17 frag@112.1 frag@301.15 frag@102.05 frag@235.07 loss@227.99 frag@304.2 frag@234.12 frag@196.09 frag@149.05,0.1186531112 0.1174480468 0.1118261814 0.1010356918 0.08427264541 0.05724522844 0.03319630772 0.02135557309 0.01708608679 0.008549755439 0.00778930448 0.007382689044 0.00669667637 0.006395237986 0.00607947493 0.005469521973 0.005367221311 0.005039148498 0.004357236437 0.004301108886
826,frag@212.07 loss@126.03 loss@71.01 frag@239.07 loss@98.02 frag@129.03 loss@124.02 loss@160.02 frag@244.04 frag@241.01 frag@258.07 frag@186.03 frag@127.02 loss@146.02 loss@124.04 frag@275.11 frag@309.11 frag@239.01 frag@223.1 frag@228.12,0.1915862411 0.1869050115 0.11236348 0.1117311269 0.0739870742 0.07212562114 0.05299713835 0.04481584951 0.02445169352 0.01424382906 0.01170336455 0.005248999689 0.003433931852 0.002155276015 0.002097402932 0.001875115209 0.001863369369 0.001809477224 0.001691273064 0.001614423003
827,loss@157.02 frag@255.12 loss@286.05 loss@156.01 frag@69.06 frag@196.02 frag@68.05 frag@97.08 frag@45.03 frag@166.03 frag@275.05 frag@84.07 frag@204.95 loss@286.12 frag@171.95 frag@151.1 frag@55.03 frag@180.01 frag@67.02 frag@318.03,0.2676368356 0.1478291154 0.09685216844 0.04121083766 0.02990865894 0.0246371273 0.01248505991 0.009413708933 0.009223569185 0.008113220334 0.006749501452 0.006567382254 0.005971161649 0.005831821356 0.005491653457 0.004799098242 0.004432332236 0.004268188495 0.004075319506 0.004054643214
828,frag@79.05 loss@213.1 loss@245.08 loss@240.15 loss@186.06 loss@279.07 loss@266.14 loss@254.13 frag@105.07 loss@192.06 loss@268.1 loss@195.09 loss@207.09 frag@135.08 loss@244.12 loss@227.04 loss@309.08 loss@232.15 loss@211.06 loss@301.15,0.4645020068 0.1204269081 0.05519753695 0.04210017622 0.02928266674 0.02049682662 0.0145344818 0.01235845126 0.01205744874 0.01026932616 0.007544892374 0.006079014856 0.005897863768 0.005869890098 0.005639525596 0.005471189041 0.005204598419 0.004897518083 0.004511865787 0.00424913317
829,frag@56.05 loss@235.17 loss@200.03 loss@143.1 loss@121.04 frag@130.09 loss@187.01 loss@154.07 loss@141.95 loss@259.0 loss@281.1 loss@216.02 loss@238.06 loss@261.06 loss@157.07 frag@84.08 frag@82.06 loss@201.14 loss@211.13 loss@119.09,0.4202541411 0.09585663676 0.0846369192 0.0640187934 0.05838557705 0.05008681118 0.03628411144 0.03436359391 0.01606278867 0.01339924801 0.0100780027 0.008843516931 0.007652753498 0.006652734708 0.005525945686 0.003791342722 0.003632632084 0.003623720491 0.003575987183 0.003403962357
830,frag@56.96 loss@186.09 loss@227.12 loss@266.04 loss@265.11 loss@200.05 loss@267.12 frag@131.08 loss@294.13 frag@121.09 loss@232.04 loss@271.19 loss@246.07 loss@185.05 loss@235.08 loss@228.06 loss@186.03 loss@217.02 loss@188.03 loss@239.05,0.4988460541 0.4547185004 0.03002553433 0.001317106653 0.001094409381 0.0009848880582 0.0005107938778 0.0003833163355 0.0003520320752 0.0003143970098 0.0002719024778 0.00025461326 0.00024446717 0.0002366562112 0.0002356915211 0.0002282068453 0.0002181204327 0.0002176356793 0.0001964796829 0.0001716722909
831,frag@195.1 loss@300.12 frag@211.12 loss@297.15 frag@257.12 loss@251.05 frag@186.03 loss@270.08 frag@254.1 loss@111.99 loss@446.19 frag@243.03 frag@123.07 loss@301.07 frag@190.01 loss@170.99 loss@160.16 loss@232.95 loss@256.06 frag@193.99,0.1939341277 0.07389254868 0.05625695735 0.05447439849 0.0494999364 0.03765749931 0.0269515086 0.02623797394 0.007057013456 0.005115558859 0.004495467059 0.003498786595 0.003298043506 0.003243795829 0.003228616901 0.003029030748 0.002511674305 0.001758929808 0.001699307351 0.001640414353
832,frag@180.99 loss@130.07 frag@212.0 frag@270.11 loss@204.16 frag@195.05 frag@255.1 loss@296.05 loss@396.13 frag@222.08 loss@32.04 loss@246.18 loss@303.11 frag@318.1 frag@302.17 frag@295.09 loss@341.13 loss@356.2 loss@292.12 frag@222.1,0.1329543293 0.06836665422 0.03515354171 0.0324180536 0.02486993 0.01819450781 0.01775202714 0.01569557935 0.01440283936 0.01395193022 0.01312081516 0.01095270365 0.006980178412 0.006670883857 0.006501665805 0.006176647265 0.00593356695 0.005749902688 0.005748323631 0.005672227591
833,frag@72.04 loss@184.13 loss@253.17 loss@369.18 loss@226.14 frag@55.05 loss@154.07 loss@238.06 loss@82.09 loss@187.12 frag@46.06 loss@244.03 loss@194.14 loss@215.15 frag@56.05 loss@96.06 loss@185.14 loss@105.05 frag@150.13 loss@155.13,0.4056773782 0.1378794461 0.09163420647 0.0644595623 0.06127835065 0.06101376191 0.02069526352 0.01253157202 0.01049483381 0.008846119978 0.007663162891 0.007641046308 0.00679161679 0.00582529977 0.005694203544 0.005588379689 0.005475860089 0.005120483227 0.002441318473 0.002363143256
834,frag@194.09 loss@260.05 frag@182.09 frag@108.06 loss@293.14 frag@111.06 loss@233.14 frag@203.13 loss@254.14 loss@218.07 frag@166.06 loss@300.17 loss@249.15 loss@219.08 loss@306.07 loss@268.08 frag@122.03 loss@334.11 loss@337.11 loss@277.05,0.2593804598 0.1295820922 0.03499419242 0.0346994251 0.02187684551 0.01649029739 0.01322714426 0.01211996097 0.01193061098 0.01149700675 0.009746847674 0.009305748157 0.00794047676 0.007684798911 0.007161422167 0.006591580808 0.006545102689 0.005997829139 0.00580527354 0.005473704077
835,loss@32.03 frag@252.07 frag@234.07 frag@259.08 frag@302.11 frag@271.12 frag@270.09 frag@331.08 frag@285.09 loss@87.04 frag@320.02 frag@275.09 loss@63.97 frag@254.09 frag@194.07 frag@289.98 loss@46.04 frag@288.09 frag@226.14 loss@60.06,0.4409317374 0.1268687546 0.08417786658 0.07652153075 0.0397670567 0.02098246291 0.01957215555 0.01794776507 0.01270900574 0.008131349459 0.008083414286 0.006635292433 0.006253833883 0.005930008367 0.005803317297 0.005777842831 0.00564082386 0.005636043847 0.005599788856 0.004288321827
836,loss@201.09 frag@117.06 loss@160.05 frag@132.08 frag@118.06 loss@177.03 loss@131.07 frag@130.06 frag@131.07 frag@128.05 frag@146.06 frag@144.07 frag@103.05 frag@142.06 frag@160.08 loss@217.07 loss@214.09 frag@104.05 frag@116.05 frag@115.05,0.3242678046 0.304604888 0.0908844918 0.0402052924 0.03937609866 0.02641144209 0.02154479735 0.01906007901 0.01609808393 0.0112055894 0.0092534367 0.00682089664 0.006540190428 0.006284843199 0.006089944858 0.00515821157 0.004420012236 0.003859599587 0.003557325341 0.0034953875
837,frag@118.06 frag@146.06 frag@130.06 loss@189.08 frag@132.08 loss@243.1 loss@194.1 loss@217.07 loss@256.16 loss@214.09 loss@200.1 frag@160.08 loss@184.08 frag@115.05 loss@184.07 loss@348.05 frag@128.05 loss@195.02 loss@171.02 loss@166.07,0.1211090237 0.09232575446 0.07672388852 0.0532288067 0.05236697197 0.03957590833 0.03777382895 0.02432511002 0.02287544124 0.02218009904 0.01541877724 0.01490185782 0.01328233816 0.01266345568 0.01196115837 0.01152082812 0.0114996573 0.009579709731 0.009291457012 0.008290452883
838,frag@166.12 loss@250.18 frag@233.16 frag@144.99 frag@164.13 frag@246.04 loss@225.15 frag@153.14 loss@383.17 frag@311.11 loss@299.19 loss@240.16 frag@307.09 loss@225.01 loss@279.04 loss@281.02 frag@311.2 loss@267.19 loss@328.09 frag@234.0,0.1443275213 0.1112472564 0.02896433324 0.02480968833 0.02261228301 0.009692698717 0.007278381847 0.006744483951 0.006178461015 0.006119654048 0.005287248176 0.00520963734 0.00490218401 0.004833848681 0.004734968301 0.004729832523 0.004575180821 0.004282806069 0.004034720361 0.003912568558
839,loss@197.03 frag@107.01 frag@177.05 frag@169.06 loss@148.01 loss@187.03 loss@139.03 frag@89.04 frag@175.03 frag@161.06 loss@185.04 loss@95.08 frag@142.05 loss@185.03 frag@144.96 loss@183.01 frag@114.03 frag@116.01 loss@154.03 loss@186.07,0.1719807982 0.1713514328 0.06383296847 0.04687714204 0.03119295463 0.02380574122 0.02216052264 0.01853674278 0.01325286832 0.01231463905 0.01077112835 0.01022557728 0.009957303293 0.009497803636 0.009378907271 0.00850560423 0.008150082082 0.008103386499 0.007980603725 0.00792854093
840,frag@136.06 loss@132.04 frag@148.06 loss@167.07 frag@135.07 frag@112.05 loss@116.05 frag@137.05 loss@146.06 frag@126.07 loss@174.05 loss@131.06 loss@204.08 loss@149.07 frag@150.08 loss@156.04 frag@164.09 loss@159.05 loss@196.01 loss@115.04,0.1097352356 0.08974029124 0.07711426169 0.07504921407 0.06510401517 0.06086149067 0.05344372988 0.04689700156 0.04510441795 0.03844780102 0.03434421122 0.03362842277 0.02809928544 0.027076656 0.02048991434 0.02039056085 0.01994130202 0.01558023877 0.009086771868 0.008244960569
841,frag@225.08 frag@230.06 loss@176.99 frag@288.09 loss@143.01 frag@296.11 frag@274.09 frag@317.12 loss@143.02 frag@296.12 loss@163.0 frag@187.08 frag@320.02 loss@172.0 loss@126.05 loss@241.92 loss@290.15 loss@215.96 loss@266.01 loss@188.14,0.1727130264 0.1308796406 0.09110986441 0.05821867287 0.03873472661 0.02069059759 0.01713682152 0.008391195908 0.008265682496 0.00758574577 0.00740652578 0.006604754832 0.004859546199 0.003679253394 0.003476603422 0.003472931683 0.003292146837 0.00288877124 0.002730696928 0.002518948866
842,frag@91.05 loss@217.1 loss@257.08 loss@232.04 frag@147.08 frag@91.06 frag@121.06 frag@119.05 loss@217.11 loss@247.08 loss@303.13 frag@120.08 loss@263.04 frag@109.06 frag@131.09 loss@248.07 loss@211.05 frag@376.15 loss@332.17 loss@328.12,0.4369030595 0.2773088515 0.1535381675 0.00983650703 0.009579211473 0.008407522924 0.007759110071 0.00666491827 0.006530305371 0.005686378572 0.005431229714 0.005083145108 0.003966522869 0.003798012156 0.003537767334 0.003085733624 0.002684974112 0.002624185989 0.002408104017 0.002153334673
843,frag@148.09 frag@162.1 loss@193.12 loss@175.07 frag@176.09 loss@163.07 frag@162.08 loss@109.05 frag@134.07 loss@190.09 frag@188.12 loss@134.08 frag@202.11 loss@135.08 loss@135.04 loss@109.06 loss@191.12 loss@175.09 frag@202.13 loss@149.1,0.08401305228 0.07498059422 0.05716852844 0.0541260764 0.05270856991 0.05262615159 0.05073576421 0.04441381991 0.03030905686 0.03005372919 0.02865982987 0.02789340727 0.02339316718 0.02276923507 0.01904404908 0.01638693362 0.01637277938 0.01600848883 0.012066992 0.01184801757
844,frag@204.15 frag@240.09 loss@106.09 frag@221.02 frag@242.99 loss@258.03 frag@315.12 loss@53.05 loss@178.13 frag@211.07 loss@317.19 frag@258.06 loss@109.99 frag@254.1 frag@307.12 frag@330.15 frag@206.0 loss@306.03 loss@251.0 loss@393.06,0.1297181249 0.118105866 0.09734795243 0.03504439071 0.030160008 0.0199263934 0.01695964858 0.01391712856 0.01255445741 0.01028329227 0.008796143346 0.008522774093 0.008312595077 0.008222248405 0.006816990208 0.006051799282 0.005962033756 0.005640903022 0.005510841496 0.005464869551
845,frag@161.03 loss@180.04 frag@218.09 loss@186.07 loss@110.02 loss@126.05 loss@151.02 frag@123.0 loss@126.03 loss@150.03 frag@242.09 loss@156.02 loss@133.06 frag@331.13 frag@204.08 frag@168.06 frag@199.03 loss@162.03 frag@218.06 frag@120.02,0.2823452652 0.2786781788 0.1990096718 0.1777437627 0.01817729883 0.003083347809 0.001478114631 0.001429568511 0.001426965347 0.001284133526 0.001109280391 0.001109233708 0.001076173037 0.0009869551286 0.0009645750979 0.000906314177 0.0008774460293 0.0008166116895 0.0007317540585 0.0006799006369
846,frag@124.08 loss@233.13 loss@213.12 frag@165.1 loss@255.14 loss@259.16 frag@220.12 loss@160.97 loss@364.14 loss@251.08 loss@234.12 loss@268.12 loss@164.1 loss@153.09 loss@275.16 loss@270.17 loss@222.12 loss@168.09 loss@260.12 frag@183.11,0.3587302566 0.1390598416 0.1153416187 0.08729923517 0.07701910287 0.04987973347 0.03498684615 0.01245988905 0.00829529576 0.007760855369 0.004134621471 0.003754268168 0.003753151279 0.002739487449 0.002272007288 0.002202756004 0.002116207266 0.002095583826 0.001885715174 0.001833920833
847,loss@239.15 frag@149.1 loss@270.13 frag@119.09 loss@333.07 frag@123.08 loss@306.17 frag@107.09 frag@93.07 frag@145.1 frag@131.09 frag@133.1 frag@147.12 frag@111.08 loss@249.14 frag@137.1 frag@173.13 loss@290.13 loss@237.14 frag@121.1,0.127686739 0.1162452102 0.08219800889 0.05086617172 0.04624868929 0.04334025458 0.03969680518 0.0362178348 0.03446533158 0.03169927746 0.02334600128 0.02130207047 0.01643671282 0.01224422362 0.01193198282 0.0109335389 0.009599260986 0.00912929792 0.008312416263 0.007328686304
848,frag@263.07 loss@58.98 frag@271.08 loss@205.98 frag@144.03 frag@254.05 loss@215.99 loss@203.95 loss@159.14 loss@145.99 frag@219.16 frag@40.02 loss@234.03 loss@108.11 loss@270.08 frag@211.06 frag@251.13 frag@330.16 loss@106.03 loss@128.14,0.1909298301 0.05430560187 0.0437191762 0.01221866161 0.008243878372 0.007444371469 0.007273586001 0.007082916796 0.006325322203 0.004824927542 0.003734981408 0.003484298708 0.003258326789 0.003207914997 0.00293040718 0.00283622602 0.002714796225 0.002565441653 0.002492752858 0.002455557929
849,frag@270.11 loss@235.09 frag@267.13 frag@217.02 loss@253.12 loss@284.04 frag@168.03 loss@196.15 frag@226.11 loss@341.03 loss@0.03 frag@391.17 loss@255.03 loss@104.99 loss@216.0 frag@219.09 loss@266.1 loss@256.99 frag@262.12 frag@349.07,0.1211230308 0.08488824964 0.06166650355 0.02372026816 0.01670600474 0.01463902742 0.01366233267 0.01366073638 0.012974401 0.009877744131 0.009051827714 0.008408518508 0.008207639679 0.008148871362 0.007611906156 0.006848370656 0.006824069656 0.005205632187 0.005175459199 0.004923677072
850,frag@241.09 loss@173.01 loss@96.01 loss@132.02 loss@144.02 frag@121.01 loss@196.0 frag@207.1 frag@228.06 loss@122.0 frag@172.05 loss@293.08 loss@188.05 loss@178.04 loss@186.06 loss@210.07 loss@128.04 frag@342.03 loss@222.03 loss@161.03,0.3857382536 0.08274131268 0.07549915463 0.06306957453 0.05334157124 0.02656157129 0.02548148856 0.01743238419 0.01573674567 0.01197949238 0.0110161081 0.008280284703 0.00824713707 0.005607985891 0.005158308893 0.004925280809 0.004660396837 0.00440896349 0.004290080629 0.004086403642
851,frag@135.01 frag@120.05 frag@201.03 loss@381.18 loss@242.01 frag@278.08 frag@86.02 frag@56.01 loss@226.18 frag@304.05 frag@291.06 frag@260.02 frag@294.12 loss@292.0 frag@201.96 loss@324.07 loss@349.16 frag@315.12 loss@231.99 frag@192.96,0.05059562624 0.0186704956 0.01540274266 0.01185672637 0.009745472111 0.008897113614 0.008609967306 0.008578158915 0.008480831981 0.005537984427 0.005492839031 0.005190363154 0.005098012742 0.004896322731 0.004242529627 0.004194402136 0.002975442447 0.002868159907 0.002789337654 0.002519183327
852,loss@330.11 loss@344.07 loss@375.15 frag@204.09 frag@250.11 frag@102.97 frag@306.14 frag@263.14 frag@357.1 loss@304.17 loss@478.29 loss@312.04 frag@229.08 frag@170.04 frag@206.1 frag@244.95 loss@378.15 frag@192.96 frag@196.98 frag@183.03,0.06755448878 0.02031437494 0.01668599062 0.01234429237 0.00856108591 0.006733683869 0.005085386802 0.004422189202 0.004182538483 0.004124121275 0.003954495769 0.003819593927 0.003643857315 0.003500038525 0.003155830316 0.003101338167 0.003025293117 0.002996255178 0.002745229052 0.002715762472
853,frag@177.01 frag@142.01 frag@194.01 frag@150.0 frag@300.09 frag@200.97 frag@197.01 frag@185.01 loss@107.04 loss@219.01 frag@301.11 frag@210.06 frag@168.12 loss@174.99 loss@240.99 loss@304.97 loss@256.01 loss@209.99 loss@406.1 frag@96.05,0.02124756202 0.01737211272 0.01567928493 0.01523054577 0.01410529669 0.01377810072 0.01205691695 0.0116252508 0.01136168838 0.01079684589 0.009301948361 0.009014157578 0.008819800802 0.008475091308 0.008066653274 0.007195220329 0.006846438628 0.00585501967 0.00575711485 0.005293719936
854,frag@113.01 loss@194.06 frag@85.01 frag@141.0 loss@282.07 frag@102.04 loss@249.06 loss@271.03 loss@255.05 frag@279.09 loss@243.07 loss@277.09 frag@247.14 frag@160.97 loss@237.06 frag@149.06 loss@217.08 frag@111.03 loss@208.04 frag@171.01,0.1262039691 0.1199126616 0.1168135703 0.0820889771 0.0738575235 0.05561960861 0.05474823341 0.04959694669 0.03635476157 0.0353891924 0.02573399059 0.02175212465 0.01716834679 0.01593352109 0.01136664953 0.008071743883 0.006363040302 0.004724632949 0.004108565859 0.003429571865
855,loss@161.12 frag@208.09 frag@191.09 frag@236.08 frag@223.09 loss@128.1 frag@172.93 frag@203.09 loss@58.03 loss@164.16 loss@171.08 frag@241.1 loss@73.05 frag@119.02 frag@208.1 loss@42.02 loss@133.08 loss@336.12 loss@167.11 loss@243.16,0.4383567572 0.1655844301 0.1481056809 0.07776907831 0.05295405164 0.01958680153 0.01692393795 0.01280777063 0.01126613282 0.008496551774 0.003349203616 0.002581878332 0.002336582867 0.001982999733 0.001937580993 0.00157345715 0.001277060248 0.00114439358 0.001102018752 0.001023063902
856,frag@67.05 loss@252.11 frag@43.02 frag@85.06 loss@227.15 frag@57.03 loss@292.11 loss@265.13 loss@256.09 loss@264.12 loss@288.13 loss@233.11 loss@238.14 loss@314.13 loss@224.08 frag@71.05 loss@293.15 loss@238.1 frag@97.06 loss@225.14,0.2255993038 0.09953410178 0.09839644283 0.0751850307 0.05198308453 0.04165596887 0.03903331608 0.03016686812 0.02302945964 0.01815667935 0.01607799716 0.01440617722 0.01343359333 0.01087503694 0.01015930623 0.007473526057 0.007327857893 0.007308992557 0.007067922037 0.006908660289
857,loss@282.11 frag@173.55 loss@280.08 frag@83.05 frag@127.04 frag@69.03 loss@264.18 frag@173.54 frag@57.03 frag@97.03 loss@435.14 frag@101.11 frag@71.05 loss@229.0 loss@395.07 frag@151.07 frag@97.06 loss@264.17 frag@43.02 loss@228.15,0.2789458334 0.2722477615 0.131491527 0.05369728431 0.03833094612 0.02889715135 0.01904676668 0.01668316126 0.01592322253 0.01093841344 0.01024439465 0.009252358228 0.006957946811 0.006948170718 0.006702221464 0.005190791097 0.005182253662 0.003911705688 0.003182910848 0.003118041437
858,frag@167.03 loss@149.06 loss@176.03 frag@319.04 frag@335.11 frag@256.96 loss@230.99 frag@227.03 frag@65.04 frag@67.02 loss@147.05 frag@123.01 loss@214.04 loss@170.01 frag@256.06 loss@190.05 frag@162.07 frag@132.06 frag@265.05 loss@129.01,0.4355543554 0.3149891794 0.1451902688 0.007612541318 0.007090453058 0.004737886135 0.002598270308 0.002344348002 0.001729260315 0.001726997434 0.001607108163 0.001230989583 0.001228805864 0.001227087923 0.001211320283 0.001134990947 0.001057385118 0.001038171351 0.001017574919 0.0009874353418
859,frag@87.04 loss@278.12 loss@273.12 loss@350.15 loss@330.15 loss@251.15 loss@230.0 loss@316.19 loss@223.13 loss@252.04 loss@277.13 loss@421.16 frag@87.03 loss@270.07 loss@200.12 frag@196.13 loss@120.09 loss@260.03 loss@199.14 loss@148.09,0.4659489095 0.1761521846 0.05360326916 0.04039944336 0.0340859592 0.02118446678 0.01570521295 0.009688056074 0.008144129999 0.005414130632 0.00520008849 0.005154825747 0.004446216859 0.004234703723 0.004095266573 0.003981889226 0.003694377607 0.003375794273 0.002909009578 0.002600677777
860,loss@112.06 frag@195.06 loss@82.08 frag@180.06 loss@124.09 loss@70.08 frag@223.1 loss@110.08 frag@207.04 frag@209.05 frag@184.99 frag@235.14 loss@100.09 frag@160.03 frag@228.07 frag@69.01 frag@403.1 frag@43.03 frag@228.12 frag@275.08,0.1180581003 0.1102477089 0.1049133688 0.09331258386 0.09090307355 0.08211750537 0.07579476386 0.06326780468 0.05281193927 0.04307804257 0.01763369516 0.0167186521 0.01139998902 0.01135999616 0.007476594299 0.005498854443 0.004830346908 0.003312306479 0.003152313642 0.003055184381
861,loss@228.11 frag@166.0 frag@223.02 frag@238.02 frag@138.0 loss@210.15 loss@32.98 loss@227.13 frag@304.1 frag@186.05 loss@142.06 loss@268.17 loss@115.08 loss@173.14 loss@232.12 loss@287.97 loss@248.19 loss@276.18 loss@125.05 loss@291.11,0.3193369508 0.1505549848 0.1134604439 0.09364331514 0.06156888604 0.01927558891 0.017597517 0.01652247831 0.01149963681 0.008188675158 0.006465669721 0.005204649176 0.004668604583 0.003874892835 0.003593172878 0.003152793273 0.002876965096 0.002119941637 0.002065279288 0.00184551382
862,frag@137.06 frag@151.08 loss@277.14 loss@234.13 loss@303.12 loss@292.12 loss@275.12 loss@291.12 loss@263.19 loss@329.11 loss@307.14 loss@306.15 loss@170.06 loss@324.18 loss@266.12 loss@276.14 loss@351.13 loss@206.13 loss@285.14 loss@335.08,0.2364658266 0.2339093685 0.04390042648 0.04303165153 0.03275243193 0.03209744766 0.02656068467 0.02375021949 0.02066377364 0.02005607449 0.01549866609 0.01375300903 0.01290031429 0.01163266506 0.009299629368 0.007888534106 0.007761976682 0.007261218037 0.007076391019 0.006433125585
863,frag@322.17 frag@230.08 frag@211.07 loss@150.06 frag@269.15 loss@109.0 frag@173.97 frag@337.18 loss@201.93 frag@375.12 frag@100.05 loss@410.18 frag@263.11 frag@230.13 loss@172.0 loss@96.11 frag@245.1 frag@230.06 frag@284.1 frag@272.1,0.05029796064 0.009436918423 0.007834141143 0.00757565489 0.005445738323 0.004226947203 0.003463585861 0.003123936709 0.002896490274 0.002681735437 0.002676533302 0.002549188444 0.002262127353 0.002238785382 0.0022360601 0.002224052558 0.002212200779 0.002209659899 0.002200405113 0.002120707184
864,frag@91.04 frag@66.05 loss@245.04 loss@169.0 loss@419.12 loss@297.07 frag@128.97 loss@273.1 loss@156.98 loss@194.99 frag@65.04 frag@83.02 loss@245.02 loss@95.01 loss@279.13 loss@235.15 loss@212.23 loss@257.96 frag@170.01 loss@197.21,0.2312192321 0.1379801631 0.06593507528 0.02602571435 0.02179281972 0.01970641315 0.01701696217 0.01154617593 0.009033780545 0.008840501308 0.007605979685 0.007602600381 0.007293299306 0.006627793889 0.005810241215 0.005347904749 0.004392342176 0.004017005675 0.004013822414 0.003160594497
865,frag@222.09 loss@157.1 frag@251.13 loss@128.14 loss@58.98 loss@215.99 loss@106.07 loss@179.97 loss@112.13 loss@249.97 loss@358.16 loss@211.18 loss@339.2 loss@328.04 loss@102.05 loss@183.97 loss@64.05 loss@306.06 loss@84.09 loss@267.0,0.3810487092 0.1919555515 0.0965962857 0.04838040099 0.01840296015 0.01334378496 0.00849657692 0.008148176596 0.004395855125 0.002913332079 0.002776238369 0.002721710363 0.002337521641 0.002314701676 0.002305246424 0.002292580903 0.002194479108 0.001908854116 0.001806038315 0.001726027927
866,frag@178.06 loss@232.11 frag@206.06 loss@204.12 loss@194.06 loss@224.08 loss@268.09 loss@231.07 frag@115.03 loss@247.02 loss@228.06 loss@217.02 loss@235.14 frag@65.04 loss@183.01 loss@195.09 loss@268.1 loss@210.05 frag@79.05 loss@168.12,0.3289246857 0.260438472 0.1584015191 0.1359082311 0.02955780737 0.00953548681 0.005772219505 0.003971257713 0.003858210752 0.003040620591 0.002915201243 0.002820978407 0.002035821555 0.001725603826 0.001654123538 0.001609090366 0.00147941045 0.001438364154 0.001210480114 0.001190506155
867,frag@73.06 frag@201.13 loss@134.11 loss@311.15 loss@275.19 loss@343.1 loss@283.19 loss@347.17 loss@322.18 loss@299.16 loss@368.17 loss@432.15 loss@347.16 loss@362.2 loss@302.03 loss@310.1 loss@306.1 loss@283.15 loss@275.17 frag@215.12,0.2395638824 0.1776503921 0.03659944609 0.03541343659 0.03211350739 0.02149521559 0.01826242357 0.01756455936 0.01270852331 0.01123222988 0.007267477456 0.007218896411 0.007043752819 0.006400175858 0.006220579147 0.006056312472 0.005821615923 0.005705793854 0.005260756239 0.005064071156
868,frag@94.04 loss@173.04 frag@180.98 loss@192.01 loss@109.0 loss@234.94 loss@233.97 loss@174.05 loss@141.07 loss@120.0 loss@72.04 loss@157.05 loss@420.24 loss@71.05 loss@48.0 loss@258.95 loss@98.06 loss@301.07 loss@211.02 loss@253.98,0.4101973772 0.1932398379 0.07155486941 0.06715090573 0.03585191816 0.01471942198 0.008166803047 0.007200212218 0.005220635794 0.00410272507 0.003922800999 0.002949456917 0.002862307243 0.002723297104 0.002405399457 0.002321940614 0.002188057406 0.002175376052 0.002127185464 0.002052277559
869,frag@214.09 loss@323.12 loss@353.16 loss@344.13 frag@210.97 loss@176.14 frag@185.0 loss@265.99 loss@244.98 loss@326.17 loss@258.12 loss@335.07 frag@273.16 frag@181.0 frag@157.07 loss@121.11 loss@315.02 frag@252.14 loss@357.16 loss@350.11,0.2307391316 0.02633367851 0.01635853387 0.01419798937 0.01328238752 0.009378340095 0.006567813456 0.005341466982 0.00473157363 0.004647709429 0.004467289429 0.003810826689 0.00376600679 0.003653161926 0.003648879239 0.003642278956 0.003390609287 0.003366914345 0.003070027102 0.003051299602
870,loss@100.06 frag@146.05 frag@100.05 loss@220.0 frag@209.01 loss@109.04 loss@186.11 loss@18.03 frag@244.97 frag@201.06 frag@196.02 frag@171.95 loss@246.03 frag@323.19 loss@107.0 loss@144.1 loss@45.99 frag@136.01 frag@254.1 frag@239.05,0.2518436015 0.1221743301 0.1176886931 0.0320283398 0.01318968087 0.01271160506 0.0126586426 0.01214569248 0.00735946605 0.007221961394 0.007221961394 0.00716660032 0.006273885723 0.006254021544 0.006084838416 0.005641375668 0.00532287173 0.004369217902 0.004273381084 0.002976574237
871,frag@226.05 loss@189.11 frag@202.16 frag@196.14 frag@191.1 frag@116.02 loss@317.12 frag@91.07 loss@291.14 frag@108.01 frag@259.14 loss@291.03 loss@234.19 loss@294.12 loss@248.07 frag@264.14 loss@295.09 frag@345.17 loss@254.14 frag@100.06,0.07144466788 0.05548462644 0.05313429981 0.02759288065 0.01848312654 0.01765991375 0.01644515805 0.01545452978 0.01536878198 0.0136144422 0.01326606609 0.01270865649 0.01181558985 0.01061967481 0.009806441143 0.009475894272 0.007909963839 0.007696100511 0.007668705191 0.007394903805
872,loss@35.04 frag@103.96 frag@322.19 loss@155.12 frag@222.11 frag@267.09 loss@243.02 loss@267.06 frag@215.05 loss@94.03 loss@306.09 frag@229.03 frag@88.08 frag@142.97 frag@266.08 loss@288.06 loss@299.11 frag@195.01 frag@192.99 frag@274.01,0.1043266729 0.04918048903 0.03812745214 0.02910530567 0.02874026075 0.02858570591 0.02454056032 0.02135800198 0.02129703015 0.01674991287 0.01636311971 0.01441176329 0.01126187947 0.009879936464 0.009208321571 0.008895421401 0.008140647784 0.00812899787 0.007289824076 0.007094012573
873,frag@121.06 frag@149.06 loss@207.06 loss@222.11 loss@215.13 frag@121.07 loss@311.09 loss@191.03 loss@228.03 loss@301.17 loss@274.04 loss@266.14 loss@313.17 loss@208.09 loss@194.06 loss@346.06 loss@323.07 loss@224.08 loss@286.08 loss@246.14,0.365571171 0.1042760387 0.07839623839 0.06861658394 0.0620039925 0.0212680418 0.02017564327 0.01992663741 0.01693837717 0.01580173895 0.01443085074 0.01382746827 0.01317598019 0.01287977118 0.009943190962 0.008929438889 0.008726449683 0.007491440512 0.007134611718 0.006735024974
874,frag@159.06 loss@179.07 loss@218.08 frag@156.03 loss@206.08 loss@218.07 frag@152.08 loss@221.08 loss@213.09 loss@219.1 frag@121.04 frag@132.06 loss@220.1 loss@209.1 frag@162.07 frag@188.11 loss@199.13 loss@188.01 loss@152.08 loss@218.06,0.4158193767 0.2539507747 0.1854003519 0.06361441314 0.01916799508 0.006925418042 0.005935815163 0.003246899694 0.002664771629 0.001991735771 0.001911249128 0.001734535559 0.001332660904 0.001278894488 0.001262624981 0.001225887681 0.0009313397459 0.0006987790111 0.000675172254 0.0006053221296
875,frag@157.08 loss@169.03 frag@171.09 loss@168.07 loss@160.1 frag@158.08 loss@145.09 loss@168.06 loss@131.07 frag@144.07 frag@172.1 loss@319.11 frag@185.07 frag@142.07 loss@188.1 loss@182.08 loss@197.02 loss@202.1 loss@173.1 frag@145.09,0.2036339194 0.1283273995 0.1110869721 0.09987802058 0.07412910461 0.07138072699 0.05603258312 0.05420370772 0.04178507999 0.04066096246 0.03123714961 0.005019029137 0.003880767617 0.003682993585 0.00305726123 0.002955150791 0.002917823847 0.002557818312 0.002493068343 0.002319562947
876,loss@122.02 frag@161.02 frag@218.02 loss@130.01 frag@75.02 frag@279.11 frag@234.09 frag@383.12 loss@451.24 loss@113.99 frag@91.04 loss@199.99 loss@284.03 loss@161.04 frag@232.08 loss@391.15 loss@61.0 frag@216.03 loss@192.0 frag@247.97,0.08215909451 0.03549787402 0.02420186065 0.01980891638 0.01743151434 0.01688685827 0.01516704913 0.008454173803 0.007384579163 0.00704304222 0.006926084869 0.006823018193 0.00654237438 0.006283645052 0.006246631034 0.006039258558 0.004941090941 0.004664058331 0.004592751618 0.004188912921
877,frag@68.05 loss@225.11 loss@248.12 loss@267.12 loss@201.11 loss@251.09 loss@243.07 loss@238.1 loss@235.11 loss@239.07 loss@266.11 loss@239.09 loss@234.14 frag@110.06 loss@273.11 frag@112.99 loss@196.08 loss@271.12 frag@201.14 loss@208.05,0.4491880834 0.09229061007 0.06550053507 0.05144207552 0.05066888779 0.02343190275 0.01473348215 0.01412307471 0.01211631205 0.01146200113 0.01101285405 0.01055961289 0.01027560886 0.008951105177 0.007155260537 0.007026191801 0.006948462687 0.006918865256 0.00635778904 0.006000835449
878,loss@140.13 frag@246.02 frag@178.11 frag@205.11 frag@209.99 frag@263.19 frag@266.06 loss@155.99 frag@338.19 frag@165.08 frag@127.1 frag@194.0 frag@269.15 frag@138.08 frag@206.09 frag@246.12 loss@223.16 frag@221.18 frag@257.12 frag@184.96,0.1831102371 0.03075364418 0.02566443197 0.0103097409 0.00653163204 0.005396035034 0.005248739384 0.005036134273 0.004272940569 0.004106974695 0.004024543334 0.003868804779 0.003761234926 0.003704126691 0.003532999661 0.002547538374 0.002501438372 0.002183859935 0.002060255734 0.00204000622
879,frag@161.08 loss@160.07 frag@187.1 loss@175.11 loss@215.12 frag@201.11 frag@134.07 loss@135.08 frag@202.11 loss@393.13 frag@148.07 loss@267.15 frag@147.07 loss@147.1 loss@206.15 loss@177.11 loss@189.1 loss@178.12 loss@293.19 frag@231.12,0.2519071102 0.1695428342 0.1511609107 0.1385443956 0.1118034944 0.0429954417 0.01620808244 0.01176587772 0.008769919164 0.006224051118 0.006088410039 0.004484721925 0.002979114652 0.002826623153 0.002772691892 0.002526289085 0.002096111653 0.001925967284 0.00183349743 0.00180054782
880,frag@70.06 loss@232.1 loss@249.15 loss@262.11 loss@257.15 loss@247.12 loss@282.15 loss@302.14 loss@269.01 loss@253.99 frag@98.08 loss@302.1 loss@274.07 loss@260.13 frag@116.07 loss@239.11 loss@236.09 loss@218.08 loss@327.08 loss@276.08,0.464363873 0.0811098665 0.06472416967 0.06414201856 0.05001315475 0.02465712465 0.0169723928 0.01567834429 0.01435231138 0.01186890621 0.009373029694 0.009345072322 0.009321325459 0.009270244278 0.008797793649 0.007131996565 0.007064910606 0.006784234662 0.005927515216 0.005349418614
881,loss@79.93 loss@78.92 loss@107.92 frag@285.11 frag@152.95 frag@220.09 loss@106.91 frag@327.14 frag@245.1 frag@179.01 frag@275.13 frag@236.97 frag@340.23 frag@194.07 frag@182.1 frag@400.11 frag@223.97 loss@36.02 frag@264.1 frag@260.12,0.134175092 0.1003077105 0.07275345922 0.04900678247 0.04504179955 0.03722778708 0.02867698297 0.02583414316 0.0226390902 0.02114145271 0.01450268831 0.01015126053 0.006545438897 0.005439135712 0.004720504396 0.004039405845 0.003945411649 0.003720419947 0.003386298893 0.003081640461
882,frag@197.09 loss@304.17 loss@290.15 frag@187.08 frag@296.09 frag@60.08 frag@298.11 frag@263.09 frag@325.07 frag@180.96 frag@206.1 frag@225.08 frag@205.12 loss@321.07 loss@289.08 loss@177.14 frag@329.21 frag@276.07 loss@404.12 loss@193.98,0.03242353722 0.02771565691 0.01301653031 0.01240909565 0.01192042418 0.01187891141 0.007773415651 0.006831882522 0.006716515869 0.006359348539 0.005626644474 0.004481599201 0.004332011566 0.004298246 0.004284359515 0.003952018451 0.003823376726 0.003162682289 0.00313188415 0.002727039391
883,frag@216.07 loss@298.18 loss@342.17 frag@286.12 frag@261.08 loss@304.12 loss@344.18 loss@318.15 loss@170.14 loss@230.05 frag@143.12 loss@318.13 loss@343.98 loss@161.09 loss@149.04 loss@264.1 frag@203.05 loss@264.11 loss@295.14 loss@302.02,0.3283340931 0.2290785015 0.08474773169 0.07445085049 0.05454254523 0.01566944644 0.004907431081 0.004786774516 0.003931961954 0.003439245978 0.003402413102 0.003019634634 0.002603899688 0.002383216517 0.002086145338 0.002034031786 0.001847680775 0.001839728677 0.001638015267 0.001528171822
884,frag@179.04 loss@126.05 loss@140.01 loss@114.06 frag@218.05 loss@33.99 frag@216.06 loss@64.0 frag@289.11 loss@123.05 loss@247.94 loss@121.07 loss@86.07 loss@110.02 loss@98.02 loss@106.09 loss@48.0 frag@180.03 frag@79.03 loss@115.01,0.4283035994 0.1890618205 0.04185119644 0.0295816604 0.02182841487 0.00908794906 0.00890305452 0.008268930018 0.007265906315 0.006270089652 0.004832883365 0.00403501885 0.004018310457 0.00363121042 0.003538370132 0.002961114282 0.002434975002 0.002374003874 0.002106723841 0.001728886855
885,loss@238.08 frag@237.08 frag@149.01 frag@205.12 frag@234.03 frag@208.1 frag@209.1 frag@216.07 loss@196.04 frag@187.0 frag@199.11 frag@153.09 loss@127.01 frag@294.15 frag@151.11 loss@196.05 frag@182.07 frag@170.1 frag@312.08 frag@197.04,0.4887158275 0.2162023485 0.1255106479 0.08592245728 0.02922210284 0.002295876155 0.002041692846 0.001419205801 0.001398766064 0.001294466201 0.001293242211 0.001237380086 0.001072839485 0.001042149379 0.001035293448 0.0009268196882 0.0009258757927 0.0007991991006 0.0007232353091 0.0007170981262
886,frag@79.05 loss@244.12 loss@197.11 loss@250.13 loss@223.12 loss@245.11 loss@227.12 loss@207.09 loss@237.14 loss@266.14 loss@233.11 loss@263.1 loss@237.17 loss@257.11 frag@135.08 loss@231.11 loss@226.13 loss@233.12 loss@192.06 loss@231.07,0.4902730882 0.1078463569 0.08167888224 0.0747916624 0.06731689721 0.04969661683 0.01691490598 0.01190046407 0.007403358351 0.006272898521 0.005561340135 0.00537378015 0.003818147117 0.003581136698 0.003351873485 0.003135287436 0.003125030547 0.003105724463 0.002307005692 0.001803871128
887,frag@213.05 loss@124.07 loss@117.02 frag@185.06 loss@77.02 frag@183.04 frag@184.05 frag@199.04 loss@104.05 loss@358.13 frag@225.06 loss@36.02 frag@232.07 loss@309.12 loss@123.05 loss@156.17 loss@90.07 frag@337.07 loss@126.9 loss@93.0,0.1570625603 0.1518531591 0.1347712427 0.13313438 0.07299597561 0.06065149605 0.05240306631 0.03244230524 0.0247812625 0.02254410833 0.02038743906 0.006438835524 0.005403256975 0.004994925112 0.003763982793 0.003674669424 0.003458900144 0.003262466518 0.003262380371 0.002930691233
888,loss@162.08 frag@202.06 frag@203.04 loss@249.18 frag@254.07 frag@200.04 loss@270.06 frag@139.06 loss@244.99 frag@191.04 loss@190.98 frag@163.01 frag@233.08 loss@205.03 loss@287.17 loss@221.01 frag@252.12 loss@160.98 frag@138.04 frag@165.03,0.3841889799 0.2172700763 0.1104611382 0.07622689754 0.07374019176 0.07218109071 0.006043800618 0.002791820327 0.00258262828 0.002185952384 0.001647565863 0.001448085881 0.001282816753 0.001006999402 0.0009900579462 0.0009699580842 0.0009250503499 0.0009140808252 0.0008787499974 0.0008703687927
889,loss@341.12 frag@296.12 loss@313.09 frag@259.11 frag@138.03 frag@230.06 frag@321.16 loss@338.16 frag@164.01 frag@111.1 frag@331.16 loss@232.14 frag@289.2 frag@242.09 frag@284.09 frag@266.11 loss@171.12 loss@301.09 frag@237.11 loss@309.02,0.08728797734 0.0328973867 0.02571904287 0.0136193363 0.0136022279 0.008479082026 0.006792282686 0.006696371362 0.006188112777 0.006160732359 0.005259983707 0.004324248526 0.003770313924 0.00366278505 0.003269609995 0.00325397891 0.003247843124 0.002729012631 0.002516302979 0.002382437699
890,loss@231.04 loss@128.06 frag@114.02 frag@69.01 frag@134.04 frag@94.05 frag@200.03 frag@67.04 frag@68.01 loss@146.02 frag@280.14 frag@150.06 frag@53.04 frag@79.03 loss@171.01 loss@231.05 frag@82.05 frag@218.04 frag@54.03 frag@206.17,0.225036785 0.1093615666 0.08755648136 0.08512333035 0.0441304557 0.03571057692 0.01713443175 0.01224276423 0.01170940883 0.01012114715 0.007557099219 0.006487985142 0.006480965763 0.00610240642 0.0056133545 0.005434727762 0.00420836173 0.004180752672 0.003967470489 0.00384001364
891,frag@114.04 loss@216.06 frag@87.03 frag@88.02 loss@235.07 loss@210.12 loss@237.08 loss@229.08 loss@213.08 loss@289.09 loss@196.1 loss@183.01 loss@292.04 loss@274.08 loss@178.07 loss@251.06 loss@199.13 loss@255.02 loss@274.12 loss@275.13,0.2310795486 0.1756890416 0.1308450103 0.1202929541 0.09594336152 0.07838723809 0.01515764464 0.01243326254 0.005871439353 0.004651552998 0.003881454468 0.003630868159 0.003376336535 0.003278326942 0.003246836364 0.003222706262 0.003156078514 0.002913797507 0.002850868739 0.002219130518
892,loss@137.04 frag@206.05 frag@229.04 frag@226.07 frag@301.08 loss@125.07 loss@254.02 frag@144.03 frag@282.13 frag@236.06 loss@174.12 frag@207.03 loss@117.05 loss@196.19 loss@381.18 frag@263.07 frag@111.02 frag@150.95 frag@233.07 loss@178.99,0.1126494482 0.05540446192 0.04493615776 0.03693585098 0.03436363861 0.02344078571 0.01938252896 0.0141501911 0.01137701422 0.01133533102 0.009461906739 0.009381961077 0.006875265855 0.006843415089 0.006244092714 0.005472997669 0.005167128518 0.004817832261 0.004785730969 0.004624589812
893,frag@174.13 loss@289.1 loss@341.17 loss@334.09 loss@275.09 loss@318.13 loss@489.2 loss@350.11 frag@183.1 loss@380.17 loss@297.14 loss@251.19 loss@315.02 loss@297.21 loss@374.28 loss@129.98 frag@131.1 loss@349.15 loss@329.22 loss@343.15,0.4207421541 0.07104500383 0.05698248371 0.02276458964 0.01676411927 0.01389507949 0.01324032992 0.01237382367 0.01204184256 0.01032946352 0.008166268468 0.007314404007 0.006736963056 0.006151842885 0.005245906301 0.003656603862 0.003582286416 0.003279149765 0.003145483788 0.002998000011
894,frag@119.06 loss@165.08 loss@193.07 loss@137.08 loss@175.06 loss@231.09 frag@256.14 frag@229.13 frag@302.22 frag@145.04 frag@161.07 loss@224.11 loss@199.03 loss@163.1 loss@219.1 loss@152.04 loss@189.99 loss@203.09 frag@132.07 frag@147.06,0.4604233801 0.1707394868 0.1403182149 0.09045690298 0.05867245048 0.0271926932 0.01547501702 0.01253396273 0.003208909882 0.002375249052 0.001270792563 0.0009935154812 0.0009881615406 0.0009415030945 0.0007347833598 0.0006671177689 0.0004609308671 0.0004356612335 0.0004349958326 0.0004132361501
895,frag@163.11 frag@235.08 frag@245.06 loss@63.07 loss@76.01 loss@61.09 loss@47.07 loss@373.23 loss@367.16 loss@79.06 loss@314.21 loss@401.17 loss@108.05 loss@156.06 loss@95.06 loss@211.18 loss@104.01 loss@103.07 loss@214.16 loss@23.05,0.2053552568 0.1098594368 0.07354934514 0.05897371471 0.03655976057 0.03506822512 0.02679477073 0.01711274311 0.01594663225 0.01537529565 0.01381085068 0.009978443384 0.00914505776 0.006307000294 0.006304293871 0.005995382089 0.005587990861 0.005565355998 0.005401767325 0.005225894973
896,frag@218.13 loss@127.14 loss@163.12 loss@193.0 frag@114.1 frag@227.18 frag@291.05 loss@124.12 frag@171.97 loss@281.07 frag@325.14 frag@194.11 frag@503.34 frag@216.02 frag@235.07 loss@179.97 loss@146.09 loss@394.08 frag@208.06 loss@101.1,0.1622793227 0.1305879354 0.1004860625 0.07732830197 0.04015905783 0.03719685227 0.03463353589 0.03136640042 0.01959344 0.01720324345 0.01617665589 0.01206903812 0.01158175804 0.00826196745 0.00784568768 0.007205807138 0.007065221202 0.006350805517 0.005729335826 0.005575081334
897,frag@143.04 loss@241.05 loss@157.05 frag@130.07 frag@129.06 frag@204.07 frag@187.09 frag@162.04 frag@199.09 frag@107.07 frag@231.11 frag@144.04 frag@145.09 loss@149.01 frag@158.06 frag@173.07 frag@142.07 frag@239.08 frag@136.07 loss@165.07,0.3195253015 0.2978903055 0.1824638397 0.0763848424 0.009947494604 0.006268566474 0.004564338829 0.00452234922 0.003979948349 0.00338885677 0.002994531533 0.002928749891 0.002725683618 0.002653954318 0.002370195696 0.002295573009 0.002155598952 0.002146488754 0.002121770754 0.00203074771
898,frag@44.05 loss@249.12 loss@263.13 loss@265.11 loss@290.12 loss@208.09 loss@271.14 frag@70.06 frag@110.1 loss@266.11 frag@114.09 loss@291.12 frag@96.08 frag@98.1 frag@114.05 loss@234.05 frag@60.04 loss@81.97 loss@290.16 frag@100.08,0.4472552538 0.210875392 0.1320022196 0.06162617356 0.01867407188 0.0119221257 0.009288326837 0.006430293433 0.00631957408 0.005010781344 0.004642524756 0.004360788967 0.003818181576 0.003640187206 0.003637438873 0.003332982305 0.003170186887 0.002698977012 0.002548340941 0.002410651883
899,frag@215.09 frag@173.09 loss@216.11 loss@149.09 loss@149.11 loss@140.02 frag@158.07 loss@160.07 frag@172.09 loss@174.07 loss@247.01 loss@211.0 loss@169.18 loss@187.09 frag@258.16 loss@145.09 loss@118.06 loss@131.1 loss@178.1 loss@269.1,0.2870221138 0.1787433922 0.1696634591 0.09077897668 0.08696665615 0.06079704687 0.01231811941 0.009872481227 0.008749418892 0.007196411025 0.002709622029 0.00238023675 0.002015191596 0.001951944781 0.001942875911 0.001736367121 0.001730468939 0.001532033319 0.001459714258 0.001205974957
900,loss@57.06 frag@217.08 frag@234.08 loss@143.11 loss@116.09 frag@200.03 loss@112.1 frag@233.09 frag@234.03 frag@249.1 frag@215.1 frag@193.07 loss@100.1 frag@221.04 frag@372.18 frag@212.12 frag@419.14 frag@182.07 frag@227.11 frag@163.11,0.2729902565 0.1600445509 0.1151795015 0.07540073246 0.06937277317 0.06066073105 0.05420406535 0.03421841189 0.01547465939 0.01383701712 0.0136215575 0.008163715713 0.006220975425 0.004754832946 0.00438720081 0.00329040247 0.003150269622 0.002904960886 0.002810375066 0.002649700735
901,frag@55.02 loss@171.09 loss@211.08 loss@200.12 loss@183.09 frag@58.03 loss@198.1 loss@273.11 loss@278.13 loss@245.12 loss@182.11 loss@272.13 loss@157.07 loss@219.06 loss@246.11 loss@211.12 loss@244.09 loss@259.1 loss@184.12 loss@236.08,0.4341379404 0.1032002121 0.08578130603 0.07510932535 0.07352155447 0.06489913911 0.06391539425 0.03628767654 0.01123096049 0.005922862329 0.0042030802 0.002869260032 0.002548334189 0.002142452635 0.001483292202 0.001447846065 0.001392959035 0.001323410659 0.001215287251 0.001072337851
902,loss@152.11 frag@166.07 frag@153.04 loss@161.03 frag@134.05 frag@180.09 loss@194.03 frag@152.06 loss@212.01 loss@194.0 loss@131.04 frag@196.96 loss@162.04 frag@116.98 loss@257.17 frag@110.03 loss@104.11 loss@249.04 frag@160.99 loss@211.02,0.1559408605 0.1244366914 0.1001592875 0.08079618961 0.07223731279 0.06562169641 0.06533610076 0.06114911661 0.02867451496 0.02536997944 0.01811608672 0.01600265317 0.00947532244 0.008138540201 0.008043158799 0.007535279728 0.007509141229 0.006694481242 0.006425222382 0.005881420337
903,frag@122.06 loss@190.08 frag@191.05 loss@270.08 loss@256.17 loss@284.07 loss@246.07 loss@197.15 loss@318.05 loss@271.02 loss@219.03 loss@246.03 loss@256.06 loss@261.02 loss@281.05 loss@327.03 loss@280.15 loss@266.04 loss@317.06 loss@273.04,0.4042415023 0.08751766384 0.07989739627 0.04634099081 0.04303658009 0.03584285453 0.0336677134 0.03231650591 0.02131556533 0.01640262455 0.0163179487 0.01501710899 0.01410671696 0.01140402537 0.009606504813 0.009432295337 0.007683869917 0.006520600058 0.005554126576 0.004625897389
904,frag@205.06 loss@148.1 loss@116.06 frag@338.14 frag@300.1 frag@104.01 loss@119.04 frag@261.05 frag@216.03 frag@124.1 frag@229.07 loss@396.14 frag@244.08 frag@230.12 loss@100.08 frag@197.03 loss@102.06 loss@193.15 frag@143.0 frag@91.04,0.3277410269 0.2569067776 0.2249688208 0.04734308273 0.04156983644 0.03078825772 0.002149500418 0.002148232423 0.001936683897 0.001584700774 0.001312645967 0.001298458199 0.001197038218 0.001179843908 0.001106056618 0.001093401341 0.001071967534 0.001053951099 0.0009286304121 0.0008459695964
905,loss@167.09 loss@225.09 frag@297.17 frag@180.12 loss@178.06 frag@277.15 loss@207.16 frag@229.13 frag@204.07 loss@299.17 frag@137.03 loss@222.12 frag@272.18 frag@318.16 frag@172.11 loss@183.16 loss@243.01 loss@177.1 frag@191.1 frag@175.05,0.08169881254 0.06838662922 0.06161880866 0.01627664454 0.01502674632 0.0117436694 0.01166214328 0.008804153651 0.008771643974 0.008724467829 0.008638272062 0.007633696776 0.007352890912 0.007159849163 0.006973491516 0.006777000614 0.006726141088 0.006649110466 0.006502594333 0.006000253372
906,frag@139.06 loss@259.14 frag@125.05 loss@212.08 loss@198.12 loss@182.07 loss@261.16 frag@231.12 frag@98.02 loss@195.12 frag@311.14 loss@169.07 loss@162.08 frag@241.17 loss@229.13 loss@202.09 loss@290.07 frag@156.98 loss@213.13 loss@254.06,0.3072467744 0.1786968559 0.167834267 0.1521818042 0.08796065301 0.04069301859 0.006302167661 0.001716577564 0.001624471159 0.001612814143 0.001516598742 0.001456902013 0.001299239113 0.001221795916 0.0009482855094 0.0009370097541 0.0009216183098 0.000837909698 0.0008161871228 0.0008122657309
907,frag@198.07 frag@222.1 loss@106.06 loss@79.08 loss@223.99 loss@457.22 loss@61.98 loss@135.0 loss@299.11 loss@145.12 loss@166.99 loss@228.98 loss@67.04 loss@106.08 loss@356.11 loss@122.0 loss@157.16 loss@39.02 loss@102.99 frag@241.08,0.3003045321 0.1738433689 0.1301432252 0.05630670115 0.02158492617 0.01989552937 0.01552050654 0.009858342819 0.008329908364 0.007839424536 0.007607475389 0.007575721014 0.006804705597 0.00679480331 0.006018651184 0.005042654928 0.005019801203 0.004556076135 0.003325863276 0.003251785645
908,frag@177.06 loss@252.08 loss@280.16 frag@143.09 frag@302.14 loss@335.09 frag@199.11 frag@249.13 frag@352.18 frag@171.08 frag@173.06 loss@336.18 frag@117.08 frag@278.07 loss@310.07 frag@352.09 frag@297.07 frag@174.13 frag@188.95 frag@137.1,0.3007659018 0.2797253728 0.1428558379 0.04189768061 0.03030055948 0.02416262403 0.007976965979 0.005862273742 0.005618510768 0.005591559689 0.004129383247 0.003701206297 0.003117800923 0.0028473821 0.00266319816 0.002564327326 0.002547870623 0.002516225679 0.002509750193 0.002042661188
909,loss@166.06 frag@103.04 frag@247.01 frag@235.99 frag@302.14 frag@275.13 frag@145.05 frag@333.1 frag@340.23 frag@202.05 frag@220.04 frag@185.1 frag@171.07 frag@128.06 frag@284.11 frag@143.09 frag@140.05 frag@186.13 frag@310.98 frag@173.06,0.4951275885 0.203105405 0.06219279394 0.04667380825 0.03149442747 0.02272663638 0.02039478905 0.005764245521 0.003509828588 0.003071477171 0.002940185601 0.002939324826 0.002503311727 0.002412879607 0.002386627486 0.002265957883 0.002032493474 0.001997112762 0.001980654662 0.001935876673
910,loss@128.08 frag@202.08 loss@128.09 frag@254.13 frag@153.08 frag@260.06 frag@249.05 frag@283.05 frag@167.07 frag@169.09 frag@197.08 frag@181.07 frag@281.06 frag@308.1 loss@122.04 frag@190.08 frag@221.07 frag@198.04 frag@257.07 frag@254.09,0.2915176153 0.1916910261 0.1898030639 0.07500702888 0.06737868488 0.05751718208 0.01527787652 0.00826409366 0.006219407078 0.005281655584 0.004826709628 0.003047365928 0.002971892012 0.002467978047 0.002387044951 0.001935167937 0.00173251587 0.001608581981 0.001215334632 0.001154291444
911,frag@213.13 loss@270.2 frag@192.13 frag@100.05 frag@245.1 frag@231.08 loss@52.98 loss@161.98 frag@167.97 frag@272.15 frag@330.02 frag@336.14 loss@424.24 loss@76.0 frag@59.99 frag@266.13 frag@251.1 loss@32.06 loss@117.0 frag@80.01,0.1039080694 0.01255151816 0.01147201378 0.009737489745 0.007740426809 0.00691998424 0.004835756496 0.004623967223 0.004307251889 0.004177359864 0.003639939241 0.003534840653 0.00332291075 0.003317414084 0.003045811085 0.002832517494 0.002772184554 0.002579935826 0.002426937688 0.002304265974
912,frag@244.1 frag@247.04 frag@373.18 frag@278.11 loss@353.14 loss@261.14 loss@325.04 loss@346.1 loss@209.0 loss@168.59 loss@372.12 loss@368.14 frag@54.05 frag@299.21 frag@241.03 frag@184.11 loss@394.15 loss@289.08 loss@332.19 loss@154.17,0.1325816512 0.1016059965 0.01394464914 0.00864349585 0.007549220696 0.007453574333 0.006009431556 0.005392540712 0.00406365376 0.003760211868 0.003652849002 0.003424061229 0.002840028144 0.002818225184 0.002574386541 0.002515691333 0.002384803724 0.002147309249 0.002129298635 0.002082462423
913,loss@194.09 loss@232.07 frag@139.09 frag@84.06 frag@162.06 frag@122.03 loss@254.08 frag@181.11 loss@268.12 frag@83.07 loss@227.08 loss@185.12 loss@262.14 loss@242.05 loss@298.1 loss@249.1 loss@238.06 frag@171.02 loss@275.2 loss@262.15,0.2224562019 0.1577191949 0.1472752243 0.1080559269 0.1008051038 0.07782515138 0.06548719853 0.04861932248 0.003987767268 0.003341934644 0.003163474146 0.002897344297 0.001932946616 0.001787485555 0.001606499427 0.001374859014 0.001293722773 0.001262594713 0.001228061737 0.001168126939
914,frag@278.11 frag@347.09 frag@323.11 frag@134.98 frag@291.06 loss@322.09 frag@329.21 frag@170.09 loss@127.05 loss@284.04 loss@348.01 frag@262.0 loss@567.25 frag@300.12 frag@255.05 loss@224.16 frag@237.98 frag@102.97 frag@244.06 frag@173.99,0.02763915434 0.01772480831 0.01461810712 0.009469137527 0.006844178773 0.005247220397 0.005235162564 0.004968966357 0.004575742409 0.004306451883 0.003920246381 0.003691971069 0.003553590504 0.002974800766 0.002951214323 0.002865008079 0.002839549445 0.002570341807 0.002415450988 0.002280197572
915,loss@244.08 frag@169.04 loss@166.05 loss@154.05 frag@165.01 frag@258.07 frag@231.04 frag@167.02 frag@347.07 frag@222.09 loss@137.03 frag@166.01 frag@138.08 frag@216.06 frag@212.07 frag@216.04 frag@249.08 loss@154.03 frag@173.03 frag@249.05,0.1955969781 0.1576862931 0.1354602277 0.1258067936 0.1152951419 0.05128178373 0.03725190461 0.03475791216 0.00718588708 0.007048062049 0.006449147128 0.004532086663 0.004376596306 0.004287314136 0.004109906498 0.003538297955 0.00335092633 0.003110557096 0.002895767335 0.002716202755
916,frag@278.08 loss@313.05 frag@217.07 loss@312.04 frag@78.98 frag@225.12 frag@307.09 loss@328.16 loss@217.14 loss@312.0 frag@133.95 frag@201.12 loss@28.02 frag@259.17 frag@234.16 frag@393.12 frag@166.12 loss@376.16 loss@368.15 frag@223.97,0.03263091668 0.01605487242 0.01557968929 0.009499432519 0.009231575765 0.007899424061 0.007501911838 0.00737484917 0.005643869285 0.005067117978 0.005052083638 0.00443900004 0.004375382792 0.004226628225 0.003912736662 0.00383924623 0.003714317689 0.003471937496 0.003180934582 0.003080464201
917,frag@238.08 loss@120.03 loss@245.07 loss@190.13 loss@186.99 frag@185.04 frag@224.08 frag@321.1 frag@211.05 loss@214.03 frag@97.01 frag@174.95 loss@234.11 frag@229.11 loss@283.02 frag@236.05 frag@139.04 frag@348.15 loss@270.03 loss@144.0,0.1795910299 0.1196747199 0.06881313026 0.03209141642 0.01964247413 0.01920017973 0.01604538783 0.009654778987 0.008089519106 0.006816311274 0.006740667857 0.006429058965 0.005925729405 0.005374275148 0.005316348281 0.004830758087 0.004814525135 0.00441524107 0.004229281563 0.00405026786
918,loss@156.08 frag@220.06 frag@199.01 loss@144.03 loss@143.04 frag@275.18 frag@208.04 frag@183.01 frag@75.0 frag@174.95 loss@281.03 frag@172.05 frag@186.99 frag@90.04 frag@160.02 frag@186.06 frag@256.14 loss@237.05 frag@306.1 frag@185.04,0.288417697 0.218055293 0.1327297986 0.0946617797 0.07499039173 0.02894464694 0.02373621613 0.01777055301 0.006691895891 0.006399839651 0.003967070952 0.003787373891 0.00340545713 0.002891723299 0.002756458707 0.002517630346 0.002400672296 0.002267619129 0.001924270648 0.001804713509
919,frag@173.55 loss@290.05 loss@309.16 loss@354.12 loss@270.07 loss@90.05 loss@336.14 loss@63.96 loss@353.1 loss@202.14 loss@316.19 loss@239.02 loss@253.0 loss@395.07 loss@115.12 loss@339.14 loss@283.17 loss@350.16 loss@189.15 loss@307.16,0.4531611204 0.03906004131 0.02840120532 0.02575956099 0.02378973551 0.02336424403 0.01621874981 0.01529652625 0.01511863247 0.01504413132 0.01484586578 0.01453239191 0.01450612396 0.01082476787 0.01054582372 0.01024808735 0.009850556031 0.008170947433 0.007520088926 0.007418038789
920,frag@144.03 loss@61.06 frag@244.09 frag@213.04 loss@125.07 loss@60.0 frag@137.95 frag@263.13 frag@289.1 frag@284.1 frag@266.11 loss@286.01 frag@246.04 frag@290.05 frag@260.09 loss@288.03 frag@217.07 frag@194.11 frag@320.99 frag@170.0,0.06725538522 0.04471647367 0.04077409208 0.0254026819 0.02433414757 0.02125204541 0.01209648885 0.01182311587 0.01150260493 0.009488179348 0.008970249444 0.008397539146 0.008027134463 0.007924889214 0.005469667725 0.005305381026 0.004565164447 0.004499508999 0.004336508922 0.003651281819
921,frag@74.1 loss@223.16 loss@147.13 loss@166.14 frag@300.08 frag@195.15 loss@267.19 loss@218.17 frag@153.14 frag@85.09 loss@213.16 loss@285.17 loss@240.2 loss@225.15 loss@144.14 frag@320.15 loss@276.99 loss@341.21 frag@226.03 frag@184.11,0.123686932 0.03292427957 0.02806628682 0.02741670795 0.02585438825 0.02178586647 0.02097526193 0.01986848749 0.01914260723 0.01839659177 0.01535262074 0.01518041547 0.01429493912 0.009607424028 0.009392461739 0.007522032596 0.007258928847 0.006500621792 0.005894552451 0.00549288094
922,frag@158.1 loss@220.09 frag@160.11 loss@258.1 loss@174.07 loss@226.14 loss@272.12 loss@259.1 loss@225.14 loss@231.1 loss@273.11 loss@274.06 loss@257.09 loss@279.15 loss@267.11 loss@293.09 loss@213.14 frag@55.02 frag@189.14 loss@290.13,0.2717006207 0.2197723091 0.2178392261 0.1828748137 0.02352221496 0.007102364674 0.006291512866 0.003843570827 0.003227441106 0.002427184023 0.002397913719 0.001989668235 0.001749220537 0.001691963989 0.001301434939 0.001253930153 0.001208955771 0.001180443796 0.001032763976 0.0009181029163
923,loss@91.99 frag@181.01 loss@107.05 frag@206.96 loss@52.02 frag@160.01 loss@333.08 frag@331.16 frag@112.01 frag@233.02 loss@73.98 frag@190.01 frag@171.98 frag@229.07 frag@234.99 frag@326.14 loss@289.02 frag@239.09 frag@146.98 loss@223.96,0.08359225094 0.0772306174 0.06395757943 0.01246157289 0.0117636621 0.006411805749 0.0049651023 0.004956559278 0.004924519919 0.004689152353 0.004448364023 0.004295529332 0.004105528351 0.003814486554 0.003686944488 0.003537270008 0.003148940159 0.003128872253 0.002928279806 0.002867837204
924,frag@95.06 frag@109.08 frag@135.09 loss@193.11 frag@163.09 loss@207.1 loss@208.12 frag@110.07 loss@221.12 loss@193.09 loss@220.1 loss@246.11 loss@205.09 loss@165.12 loss@234.11 loss@210.11 loss@222.14 loss@263.16 frag@111.06 loss@220.13,0.1556049436 0.1053906381 0.07451808453 0.06732319295 0.04900399968 0.04787506536 0.04040622339 0.03759489581 0.03681443259 0.0337273255 0.03343825042 0.02680134028 0.02677048184 0.02003880963 0.0188155286 0.0185967125 0.01723382249 0.01281417627 0.01189945824 0.01082659326
925,frag@172.97 loss@146.02 frag@75.0 frag@166.02 frag@180.03 frag@170.02 loss@176.0 loss@204.0 loss@160.02 loss@144.0 loss@186.96 frag@269.1 loss@261.96 frag@158.02 loss@237.01 loss@301.24 loss@374.07 loss@186.01 loss@279.13 loss@291.06,0.115773499 0.09689815342 0.08851015568 0.07762212306 0.07328720391 0.0455250293 0.03998390958 0.02646321058 0.02538034506 0.02296476997 0.01925434172 0.01681194082 0.01205795631 0.01154735126 0.01098577585 0.009233850986 0.007969632745 0.007200313266 0.007188930176 0.007168207318
926,frag@172.92 loss@171.11 frag@116.93 loss@230.99 loss@191.02 loss@100.99 loss@216.97 frag@241.98 loss@225.97 loss@310.08 loss@228.97 loss@167.08 loss@170.93 loss@183.95 loss@176.03 loss@175.14 loss@214.1 loss@174.0 loss@409.09 loss@147.1,0.401840508 0.1129890829 0.05692509189 0.0442542918 0.0432395339 0.0375957936 0.033785671 0.0232603699 0.02276380546 0.01313106529 0.01189298183 0.01048598532 0.01033152081 0.009720265865 0.006529344711 0.005506240763 0.005415164866 0.00515251793 0.00477756327 0.004416172858
927,frag@55.02 loss@186.06 loss@294.08 frag@204.04 loss@227.04 loss@306.1 loss@251.09 loss@257.09 loss@268.09 loss@336.14 loss@209.09 loss@313.07 loss@187.03 loss@309.08 loss@283.08 loss@224.09 loss@219.06 loss@191.03 loss@245.08 loss@255.08,0.3981447816 0.1671068072 0.07052511722 0.06446034461 0.01528083812 0.01487653516 0.009574348107 0.008746264502 0.008377537131 0.00746158883 0.00605710689 0.005469281226 0.005467987619 0.005450650118 0.005317332223 0.005016142502 0.004916617647 0.004697011318 0.004445870407 0.003295416245
928,frag@44.01 loss@168.11 loss@272.07 loss@265.07 loss@262.1 loss@230.04 frag@157.03 loss@237.05 frag@182.09 frag@105.0 loss@242.04 frag@75.0 frag@154.01 frag@179.06 frag@84.04 frag@288.14 loss@235.09 loss@266.08 loss@170.13 frag@265.11,0.388199538 0.1989232898 0.1557620466 0.03250915557 0.01168493833 0.008405460045 0.007028861903 0.006423539016 0.005868551321 0.003670358798 0.003579348791 0.00345213851 0.00326399901 0.003218336264 0.003213999327 0.003160831984 0.003105352866 0.002820351627 0.002693236805 0.002621464198
929,loss@299.16 frag@42.57 frag@136.94 loss@325.19 loss@354.13 frag@214.09 loss@265.99 frag@237.14 frag@363.18 frag@306.16 frag@294.05 loss@312.2 frag@206.11 frag@381.18 loss@383.16 loss@262.98 frag@221.12 frag@96.09 frag@102.13 frag@252.14,0.009370645508 0.007218047045 0.006320296787 0.005334153771 0.004997496493 0.004754005931 0.004722040612 0.004368416034 0.004228284117 0.003985879943 0.003828631481 0.003776137717 0.003564717481 0.003554160241 0.003496448975 0.003391389968 0.003321503289 0.003266373882 0.003189710667 0.003167442512
930,frag@166.03 loss@163.02 frag@184.04 loss@209.04 loss@230.01 loss@267.98 loss@84.0 loss@138.06 loss@264.99 loss@153.03 frag@165.04 loss@88.01 loss@174.01 loss@141.1 loss@232.02 frag@156.02 loss@224.03 frag@124.02 loss@330.08 loss@215.99,0.338991195 0.1563395411 0.1327490807 0.1093695313 0.03363417462 0.02922006324 0.02330204472 0.02320699394 0.01651004516 0.007530105766 0.002925431821 0.002350852126 0.002348172478 0.002308790805 0.002240515547 0.001909282058 0.001873430097 0.001802524552 0.001784627908 0.001744767185
931,frag@181.05 loss@243.06 loss@311.08 frag@275.1 loss@297.1 frag@270.04 loss@173.02 loss@310.12 loss@301.06 loss@242.07 frag@310.18 frag@335.11 loss@285.05 loss@252.94 loss@194.1 frag@47.9 loss@253.08 frag@139.1 frag@101.95 frag@138.07,0.3082287908 0.1617065221 0.0655150339 0.06095057726 0.04375460744 0.0419636108 0.04103557765 0.02904956043 0.02401999384 0.01428898331 0.01249636896 0.01156961359 0.00540592894 0.005315188784 0.005259350874 0.00308382255 0.003054373199 0.002705123043 0.002395281103 0.002377223456
932,frag@67.05 frag@43.02 loss@221.11 loss@160.09 loss@254.14 frag@57.03 loss@233.11 loss@265.11 loss@266.17 frag@85.06 loss@293.03 loss@223.09 loss@280.14 loss@265.17 loss@279.16 loss@223.12 loss@232.16 loss@288.13 loss@285.15 loss@238.1,0.310307771 0.09952388704 0.05605291203 0.05222558603 0.03686709329 0.03510931507 0.03182421252 0.01870736666 0.01824461669 0.01760756411 0.01496627741 0.01144088525 0.01020482089 0.009648581035 0.009006658569 0.00791271124 0.007549130358 0.006901971065 0.006665445864 0.006453333423
933,loss@198.07 frag@169.03 frag@310.12 frag@155.09 frag@142.08 frag@186.08 frag@159.08 frag@278.07 frag@183.12 frag@71.93 frag@113.1 frag@143.0 frag@188.95 frag@117.08 frag@199.11 frag@248.03 frag@252.06 frag@296.1 frag@223.11 frag@87.5,0.4924643338 0.2819107175 0.1357568204 0.003964636009 0.003533508396 0.002038283274 0.001976648113 0.001816436183 0.001783096348 0.0009291925235 0.0006720455713 0.000641159073 0.0005976960529 0.0005658700247 0.0005492221098 0.000533141254 0.0004586660361 0.0004585182178 0.0004373363045 0.0004328178766
934,loss@215.09 frag@144.08 frag@132.08 frag@131.07 frag@118.06 loss@188.04 loss@131.07 frag@146.06 loss@264.11 frag@160.08 frag@118.07 loss@160.05 loss@185.05 frag@145.09 frag@117.06 frag@142.07 loss@234.07 loss@244.05 loss@188.1 frag@142.06,0.1116143316 0.09842039645 0.08223802596 0.0385582298 0.03810145333 0.03632056341 0.0343667008 0.02396570146 0.0231215246 0.0230732765 0.02304807492 0.02251915447 0.02208009921 0.01988430135 0.01897908933 0.01561698411 0.01512726955 0.01466165669 0.01459474955 0.01408473216
935,frag@230.04 frag@246.07 frag@153.09 loss@306.06 loss@377.15 loss@215.95 loss@158.13 loss@365.1 loss@62.05 frag@273.16 frag@189.09 loss@353.16 loss@100.11 loss@177.14 loss@250.0 frag@181.0 loss@203.0 loss@335.01 frag@240.05 loss@247.15,0.175936833 0.1450195611 0.07326182723 0.01172998827 0.0081945071 0.007268285844 0.005415815394 0.004025866743 0.003964298405 0.003442984307 0.003025982762 0.002875248203 0.002727170009 0.002523981268 0.002455245471 0.002281462774 0.002266847063 0.002044647001 0.00195262616 0.001928201295
936,loss@336.12 loss@155.11 frag@203.09 frag@221.08 frag@223.09 frag@227.07 frag@228.08 loss@184.09 frag@140.06 frag@208.1 frag@281.09 frag@267.07 loss@213.18 loss@290.15 loss@337.11 frag@275.07 frag@239.04 frag@199.08 frag@207.09 loss@450.2,0.117055878 0.09896333516 0.07030720264 0.05853142217 0.05075414106 0.04037637636 0.0311731454 0.02804498374 0.02517971583 0.02184789255 0.02103812061 0.01630393416 0.0162095502 0.01433750708 0.01245614327 0.01191858295 0.01096225157 0.01084828842 0.01061658189 0.009924540296
937,frag@176.05 loss@160.03 loss@203.04 loss@193.05 loss@205.06 loss@175.05 loss@200.02 loss@109.09 loss@151.08 loss@203.07 loss@165.06 loss@192.02 loss@190.01 loss@175.08 frag@106.07 frag@161.08 loss@186.03 loss@112.04 loss@167.07 frag@79.04,0.4718423188 0.1553599685 0.1332114935 0.09751484543 0.02082068101 0.01169635169 0.006109918933 0.005062500015 0.00391003117 0.003896262264 0.002854445716 0.002488106256 0.002133328933 0.002037565457 0.001965631964 0.001912617707 0.001842891332 0.001719789463 0.001669381163 0.001581207849
938,loss@214.06 loss@155.03 frag@258.09 frag@118.92 frag@148.06 frag@95.99 loss@172.04 frag@156.01 frag@209.11 frag@55.93 frag@183.98 loss@219.03 frag@118.05 frag@108.02 frag@297.09 frag@140.04 frag@305.14 loss@138.99 frag@273.06 frag@182.0,0.2299441397 0.1723102331 0.1190428808 0.05656718463 0.03915948048 0.03028871492 0.0253228303 0.02194497548 0.01530656777 0.009210591204 0.008527354337 0.006670929492 0.006406958215 0.005362508819 0.004914775491 0.004777849652 0.004344858229 0.004166872706 0.003944777884 0.003852144117
939,loss@176.04 loss@158.05 frag@177.05 frag@224.04 frag@199.03 frag@227.03 frag@265.05 loss@174.03 frag@299.07 frag@231.02 loss@150.03 loss@120.02 loss@173.1 frag@149.02 frag@274.1 loss@80.03 frag@175.03 frag@232.96 frag@98.04 loss@195.04,0.251660496 0.131393373 0.09257229418 0.0742540881 0.06849034131 0.05501548573 0.03846392035 0.02719735354 0.01399645302 0.01125189476 0.01111966651 0.008663449436 0.008614798076 0.007230796386 0.006449543871 0.006338175386 0.006214443594 0.006098821294 0.004905473441 0.004051452968
940,loss@209.12 frag@152.08 loss@222.15 frag@166.1 frag@98.07 loss@248.13 frag@244.13 frag@123.05 frag@109.08 loss@221.06 frag@97.04 frag@220.16 frag@353.09 loss@207.13 loss@181.09 frag@241.98 frag@110.07 frag@290.13 frag@126.0 frag@173.01,0.2824352384 0.1943121105 0.1730682552 0.1516352445 0.1097236499 0.01537835691 0.005631692242 0.004371092655 0.003400216112 0.00282245921 0.002349206479 0.002050996758 0.002001220593 0.0016742273 0.001633353764 0.001628798898 0.001623142045 0.001617159462 0.001520074788 0.001448379713
941,loss@216.14 frag@260.09 loss@291.09 frag@186.09 frag@321.17 frag@282.07 frag@329.14 frag@246.09 frag@248.13 frag@292.13 frag@142.07 frag@231.08 frag@199.02 frag@131.08 frag@278.11 frag@332.16 loss@231.12 frag@250.98 frag@376.15 frag@132.08,0.3072034419 0.1640610397 0.1399543583 0.03948580474 0.0251910761 0.02024414577 0.01880935766 0.01802039146 0.01552153192 0.0110069504 0.009611966088 0.009046259336 0.008900991641 0.008341636509 0.007926920429 0.006761534605 0.006587453652 0.004065109883 0.00402546674 0.003969200421
942,frag@161.1 loss@254.15 loss@288.17 loss@314.09 loss@320.16 loss@260.14 loss@342.16 loss@266.16 loss@351.14 loss@309.21 loss@425.06 loss@297.12 loss@300.08 loss@377.04 loss@265.09 loss@174.16 loss@189.12 loss@273.15 loss@298.14 loss@434.22,0.4954634309 0.08382107317 0.05880587921 0.05224590003 0.04855107144 0.03092835099 0.02112895064 0.0162260104 0.00854094699 0.008458010852 0.007756193634 0.007475130726 0.007448771968 0.00631764112 0.006160655059 0.006155839656 0.003882394871 0.003847702406 0.003653069492 0.003251171438
943,loss@113.99 frag@294.07 loss@100.0 frag@267.06 frag@326.11 frag@311.09 frag@251.08 frag@225.06 loss@143.05 loss@358.13 frag@259.01 frag@294.16 frag@310.1 loss@92.0 loss@155.97 loss@88.1 frag@339.11 frag@277.09 frag@264.11 frag@153.0,0.1158749163 0.08560535312 0.04497753456 0.01726712286 0.01648611762 0.01299685612 0.01145634893 0.01048941165 0.006160109304 0.005831996445 0.005736283958 0.005184826907 0.00450307969 0.003564001061 0.003521706676 0.003400112735 0.003172772005 0.003153270343 0.003099993104 0.003059389535
944,frag@103.05 loss@279.07 loss@225.06 loss@268.05 frag@131.05 loss@293.06 loss@226.04 loss@245.08 frag@104.06 loss@286.1 loss@204.1 loss@210.07 loss@169.08 loss@188.05 loss@247.08 loss@215.09 loss@227.09 loss@202.05 loss@220.03 loss@196.07,0.4261578619 0.09828010201 0.03324219584 0.02745010518 0.02408486605 0.01514175907 0.01407839824 0.01150657237 0.01022729464 0.01009513251 0.009338144213 0.00924011413 0.009207866155 0.0089149056 0.008127665147 0.007961875759 0.007715384476 0.007296605501 0.007288023364 0.006305790972
945,loss@122.08 frag@134.04 frag@191.04 frag@150.02 loss@137.07 frag@165.03 loss@173.03 loss@45.99 loss@174.01 loss@254.99 loss@174.96 loss@68.06 frag@195.0 frag@335.19 loss@88.01 loss@125.06 frag@180.02 loss@173.04 loss@210.96 loss@264.2,0.1617611349 0.1502683759 0.1424346864 0.0972386077 0.0966835916 0.04898481444 0.04781495035 0.02818825841 0.02539408579 0.01995235682 0.0118220346 0.01142448373 0.009585378692 0.008680206724 0.006559972186 0.00431293482 0.004236571956 0.003844577121 0.003661974333 0.003132449696
946,loss@140.0 frag@171.08 loss@136.01 frag@208.1 frag@279.12 frag@181.08 loss@176.11 loss@143.08 loss@278.06 frag@173.08 frag@227.13 frag@311.13 frag@206.07 frag@187.07 loss@166.97 frag@241.1 loss@100.13 frag@226.02 loss@158.1 frag@195.08,0.1943326741 0.07871431112 0.07511766255 0.07011887431 0.06994428486 0.04129264131 0.02615738846 0.02476850897 0.0200575944 0.0173291266 0.01646365784 0.01344541088 0.01136399247 0.009604302235 0.009484634735 0.008310768753 0.007379790302 0.006314731669 0.005049492233 0.004747985862
947,frag@155.07 loss@252.06 loss@163.04 loss@193.08 frag@122.04 loss@315.13 loss@314.09 loss@238.04 loss@236.03 loss@176.02 loss@217.03 loss@263.07 loss@146.1 loss@199.08 loss@354.16 loss@245.0 frag@66.05 loss@249.08 loss@185.09 loss@202.09,0.4650727212 0.1995377392 0.1487447321 0.02357704565 0.01928880997 0.01001524739 0.009965389967 0.005305662751 0.004429057706 0.004255375825 0.003564771963 0.003116959473 0.002781391144 0.002706739586 0.002454964444 0.00233177375 0.002103277482 0.001736100414 0.001682870905 0.001584376325
948,loss@210.09 frag@90.04 frag@170.04 loss@287.08 frag@185.99 frag@184.02 frag@262.08 frag@187.0 frag@305.03 frag@153.0 frag@121.01 frag@85.04 loss@240.0 frag@179.99 frag@241.14 frag@261.09 frag@441.16 frag@207.07 frag@110.04 frag@137.06,0.3695024848 0.1933242828 0.1330122203 0.1171445996 0.01579960622 0.01256409008 0.007106378675 0.004967902787 0.004510877188 0.00444440404 0.003912582528 0.003537752433 0.003413970815 0.003374974476 0.002388823312 0.002333644545 0.002153960522 0.002044050489 0.001993161393 0.001958513865
949,frag@233.1 loss@166.1 loss@135.09 frag@389.22 frag@323.14 frag@269.1 loss@491.31 frag@173.09 frag@208.02 loss@166.06 frag@229.12 frag@218.15 frag@275.13 frag@249.05 frag@217.1 frag@344.17 frag@174.08 frag@297.07 loss@252.05 loss@158.06,0.3904743195 0.3289031088 0.1409200579 0.02745175734 0.01407284196 0.003388822777 0.001722637913 0.001613312401 0.001469175797 0.001265685656 0.001108984579 0.0009716078057 0.0007520916988 0.0007475451566 0.0007250599447 0.0006858964334 0.0006750217872 0.000598196988 0.0005782216322 0.0005718019092
950,frag@189.02 loss@181.12 frag@94.04 loss@240.03 frag@113.05 frag@268.16 loss@241.07 loss@261.01 loss@185.07 loss@155.07 loss@151.11 loss@248.19 frag@146.04 loss@142.03 loss@117.12 loss@297.01 frag@240.01 frag@45.04 frag@172.13 frag@152.05,0.07780677825 0.06229056045 0.03984348476 0.03690037504 0.03531068563 0.03366073966 0.01816947199 0.01744121313 0.0146584278 0.01204206422 0.01003638376 0.009462920018 0.007995842956 0.007909717038 0.006577190012 0.0064679184 0.005697166082 0.005535126664 0.005494645331 0.005398367997
951,frag@42.03 loss@198.05 loss@245.09 loss@259.03 loss@222.02 loss@258.04 loss@282.08 loss@249.07 loss@346.08 loss@274.07 loss@235.07 loss@261.06 loss@331.1 frag@140.08 loss@236.09 loss@266.06 loss@233.06 loss@307.17 loss@238.03 loss@214.05,0.4759683013 0.1824972928 0.05324504524 0.05139635503 0.02912933752 0.01617322862 0.01087423414 0.01050751284 0.009405822493 0.008541456424 0.005890517496 0.004921626765 0.004486195277 0.004247280303 0.003964539152 0.003948826808 0.003846038831 0.003705916228 0.003485924099 0.00312447641
952,frag@165.07 frag@167.09 loss@141.12 loss@170.14 frag@180.08 loss@151.1 loss@167.09 frag@167.07 frag@195.07 frag@166.08 loss@254.11 frag@152.06 loss@185.09 loss@159.06 loss@267.14 loss@215.16 loss@156.14 loss@249.16 loss@330.23 loss@257.17,0.1339140385 0.1134778634 0.09100489318 0.08727633953 0.07403776795 0.06822428852 0.06246621534 0.05003467575 0.04771447182 0.03485888243 0.02431352623 0.02391166613 0.02252065018 0.01998761296 0.008994280361 0.007006656844 0.006364259869 0.006294458639 0.005391375627 0.004867237993
953,frag@115.03 loss@213.08 loss@179.1 frag@141.01 frag@88.02 frag@162.03 loss@235.14 loss@287.16 frag@97.01 frag@95.01 frag@98.02 frag@314.13 loss@251.11 loss@216.06 frag@220.11 loss@239.11 loss@205.09 frag@125.01 loss@359.17 loss@320.09,0.3334287405 0.2411420643 0.2219509929 0.1243809536 0.01507780049 0.003311590757 0.001975828316 0.001605560537 0.001561864046 0.001513542025 0.001438529929 0.001359333401 0.001334830653 0.001288044965 0.001186209614 0.001180955674 0.001077980967 0.001045692828 0.001012168243 0.0009459717548
954,frag@144.95 loss@184.16 loss@151.05 loss@117.96 loss@160.97 frag@127.01 loss@184.15 frag@241.14 loss@165.06 loss@56.01 loss@284.16 frag@167.07 loss@188.97 frag@290.13 frag@234.12 frag@123.03 loss@263.98 loss@232.03 frag@116.96 frag@150.03,0.410204947 0.2871177793 0.07507278025 0.02200017869 0.01117887348 0.008880949579 0.006730433088 0.005572283641 0.004010907374 0.003665944561 0.002603108995 0.002218675334 0.002203000244 0.002188878134 0.002104796702 0.002094017109 0.002040129155 0.001934779924 0.001853629365 0.001813303097
955,loss@102.04 frag@223.08 loss@108.0 loss@129.06 frag@246.1 frag@248.13 loss@343.09 frag@95.03 frag@272.12 frag@264.11 loss@59.02 frag@303.07 frag@47.0 frag@260.09 loss@171.95 loss@75.03 frag@251.1 loss@59.03 frag@292.07 loss@68.08,0.2534338832 0.2444828004 0.06865210086 0.04662702605 0.04221470654 0.02515443414 0.0242657084 0.009718544781 0.008355455473 0.007590010762 0.007305047475 0.006352968514 0.006070184056 0.005702715367 0.005213323515 0.005203101784 0.004797841888 0.004548941739 0.004309609532 0.003879378084
956,frag@140.08 loss@259.06 loss@291.1 loss@107.06 frag@189.1 frag@137.05 frag@276.11 frag@263.08 loss@196.08 loss@268.04 loss@294.06 loss@248.1 frag@248.15 frag@213.97 frag@233.14 frag@119.03 frag@151.09 frag@93.04 frag@151.99 frag@136.06,0.1154323742 0.1143699959 0.1085995883 0.1030575931 0.08422900736 0.05452504009 0.03365391865 0.01907263324 0.01870494522 0.01794342883 0.009825335816 0.008295876905 0.007895791903 0.007889295928 0.007758899126 0.007245564833 0.006504626945 0.005802098662 0.005213412456 0.005034003872
957,frag@145.08 loss@171.04 loss@197.05 frag@131.06 frag@132.07 frag@104.05 loss@189.05 frag@119.06 frag@133.08 frag@146.08 frag@132.06 frag@160.07 loss@190.02 loss@211.01 frag@128.05 frag@161.07 loss@236.06 loss@170.05 loss@175.06 loss@215.05,0.1676472127 0.1480488777 0.07031801343 0.06566048414 0.03895615786 0.03610960022 0.03471035883 0.02635709569 0.02100873925 0.01922248676 0.0160580501 0.01462062914 0.01310092025 0.01304623578 0.01085626427 0.01035907958 0.01006269548 0.009427711368 0.008853593841 0.007571998984
958,frag@92.06 frag@92.03 loss@231.03 loss@227.04 loss@221.05 loss@249.08 frag@119.06 frag@109.07 frag@65.04 loss@226.04 frag@121.01 loss@229.07 loss@295.1 loss@143.04 loss@235.1 loss@268.05 loss@228.06 loss@174.04 loss@213.05 frag@246.06,0.1300298125 0.1224012524 0.06635424495 0.05793849006 0.0399893932 0.03948059678 0.03802819178 0.03731984273 0.03265354782 0.02097468823 0.01934979856 0.01921293885 0.01678519137 0.009345359169 0.007553566247 0.007432347164 0.006235392764 0.006080671679 0.006051394157 0.006030756515
959,frag@225.09 loss@176.05 loss@104.08 frag@195.03 frag@287.07 loss@359.1 frag@249.14 loss@385.13 frag@318.1 loss@344.15 loss@146.12 frag@241.12 frag@277.13 loss@209.0 loss@143.05 loss@223.0 loss@279.15 frag@229.1 loss@371.13 loss@135.0,0.2051044554 0.1708322912 0.1567220688 0.1061823592 0.06446503848 0.01979508437 0.01687287167 0.01616561785 0.01364500448 0.008977156132 0.00832306128 0.006427580956 0.006283094641 0.003588645952 0.003097006585 0.003034505062 0.002819469431 0.002572181402 0.002510583261 0.002341585467
960,frag@105.07 frag@135.08 loss@235.06 frag@91.05 loss@289.09 loss@286.08 frag@147.08 loss@214.02 loss@293.11 loss@296.1 loss@239.13 frag@131.09 frag@116.06 loss@236.0 frag@121.06 loss@296.09 frag@120.08 frag@123.08 loss@295.12 frag@79.05,0.2023945302 0.04882753268 0.0357302241 0.02874378115 0.02844101377 0.02480929531 0.02130729891 0.01772702299 0.01761220023 0.01688777655 0.01444298029 0.01346089318 0.01276431978 0.01268861722 0.01249498967 0.0119368704 0.01110270154 0.01060278341 0.00994911883 0.00869637914
961,frag@149.07 loss@150.08 frag@154.05 frag@175.05 loss@164.09 frag@152.07 frag@136.04 loss@182.07 loss@163.08 frag@167.08 loss@163.03 loss@225.09 loss@164.13 loss@211.97 loss@240.05 loss@324.1 loss@176.13 loss@189.09 frag@272.14 loss@180.09,0.138741374 0.1290523261 0.08732185513 0.08421175182 0.07762048393 0.0625204891 0.05580897257 0.04931421578 0.04270451888 0.04097371548 0.03955764696 0.03601710126 0.01915654168 0.01003812812 0.008879593574 0.008404865861 0.005503504537 0.005177504849 0.005010014866 0.003881960642
962,loss@170.02 frag@120.07 frag@225.14 loss@212.1 loss@212.07 frag@135.1 frag@67.02 frag@105.06 frag@225.99 frag@146.08 frag@121.01 frag@119.07 frag@147.06 frag@110.99 frag@131.06 frag@243.08 frag@184.02 loss@184.07 frag@191.08 frag@104.05,0.3122891486 0.1097912565 0.09042006731 0.0558311455 0.04430123046 0.04171050712 0.03777855635 0.0208498165 0.01713605598 0.01175253093 0.009452099912 0.006677736528 0.005973862484 0.005917331669 0.005915892776 0.005852258764 0.005320920143 0.00508975843 0.004665614106 0.003681453411
963,frag@181.09 loss@228.05 loss@254.06 loss@106.08 loss@131.02 frag@179.98 loss@175.02 frag@182.02 frag@329.14 loss@266.02 loss@235.15 frag@172.06 loss@140.02 loss@325.11 loss@273.1 frag@249.0 frag@217.15 loss@216.14 loss@198.15 loss@345.13,0.4802156091 0.1973850429 0.132439971 0.1088515818 0.01168425847 0.003080424853 0.002606799593 0.002369896276 0.002258748049 0.002170341089 0.002033107448 0.001357414643 0.001346033649 0.00120135583 0.001073159627 0.001035752823 0.0009574032738 0.0009012562223 0.0008663578192 0.0007643225836
964,frag@108.07 loss@120.07 loss@166.04 frag@203.0 frag@225.03 loss@131.99 loss@212.96 loss@147.97 frag@243.03 loss@134.09 frag@264.15 loss@231.01 frag@190.03 loss@256.06 loss@394.08 frag@89.06 loss@120.04 frag@211.03 loss@41.04 loss@277.96,0.3271811903 0.1666873991 0.1500542164 0.04876210541 0.02637433633 0.025376454 0.02337556519 0.02133323811 0.0158968363 0.01294456981 0.007100411691 0.006495743059 0.005535319448 0.005437228829 0.004014759324 0.003817100078 0.003770071547 0.002905594651 0.002717330353 0.002666966291
965,frag@46.06 loss@216.03 frag@53.0 frag@84.96 loss@236.04 loss@213.99 loss@222.08 frag@159.01 frag@218.04 frag@193.13 frag@59.0 loss@302.2 loss@273.03 loss@138.04 frag@53.04 loss@256.03 loss@183.03 loss@330.06 frag@151.1 loss@323.17,0.1706911772 0.1183103919 0.08908068389 0.02463532239 0.0162260849 0.01287400443 0.01280847378 0.01151332352 0.01079997607 0.009999886155 0.009084106423 0.00893320702 0.0086434111 0.008545475081 0.008315907791 0.005666250363 0.005643933546 0.005494506098 0.005117657129 0.005011624657
966,frag@155.08 loss@164.1 frag@204.11 loss@177.1 loss@229.13 frag@205.02 frag@137.07 loss@178.97 loss@178.11 loss@167.09 frag@141.14 frag@166.08 frag@180.1 frag@160.13 frag@300.18 loss@241.01 frag@345.19 frag@126.1 loss@164.09 frag@176.09,0.2583182752 0.2419267297 0.1813600361 0.1526444405 0.07329452038 0.02091692761 0.009269047529 0.008919822983 0.004441556055 0.002420227043 0.002080977196 0.001653774525 0.001550519373 0.00149433862 0.001190939685 0.0009631287539 0.0009271430317 0.0008951733471 0.0008851737948 0.0008365948452
967,loss@139.07 frag@178.1 frag@168.96 loss@162.12 loss@183.14 frag@178.13 frag@163.07 frag@182.96 loss@111.08 loss@166.97 loss@443.21 frag@159.99 frag@278.03 loss@143.08 loss@275.2 loss@144.11 loss@298.04 loss@135.08 frag@169.98 loss@247.18,0.1834060401 0.1780662835 0.148477748 0.1269027591 0.08113183081 0.05358453467 0.042763751 0.03015421331 0.01210903563 0.009326899424 0.006793687586 0.006292194594 0.005743934307 0.004530157428 0.004031668883 0.003501929576 0.003371976549 0.002665860811 0.002241803799 0.002154133283
968,frag@123.03 loss@197.08 frag@113.04 loss@189.06 loss@165.02 loss@274.12 loss@150.01 loss@323.06 loss@222.08 loss@291.05 loss@179.08 loss@272.08 loss@268.07 loss@259.07 loss@197.09 loss@256.1 loss@227.1 loss@267.02 loss@226.04 loss@276.1,0.2952691317 0.20232144 0.1998363584 0.1252597272 0.04999446496 0.03123737872 0.02125232853 0.005940645467 0.005087141413 0.00495862728 0.004121535458 0.00293025584 0.002861544257 0.001459368039 0.001199761289 0.001171323005 0.001153543941 0.00114150811 0.001116974512 0.001096470864
969,loss@269.15 frag@239.08 loss@241.15 frag@220.1 frag@186.09 frag@161.11 frag@273.04 loss@300.07 frag@340.13 loss@206.06 loss@191.12 loss@170.09 frag@312.17 loss@171.07 loss@314.12 frag@198.08 loss@248.11 frag@134.99 frag@199.09 frag@162.04,0.1858464181 0.1363712847 0.1173874885 0.1010774821 0.07336241752 0.0211936608 0.0175921265 0.01521581318 0.0147252325 0.0131603172 0.01089955308 0.008177491836 0.006616270635 0.006083142012 0.005779717583 0.005427468568 0.005154013168 0.004505042452 0.004266240168 0.004214422777
970,frag@79.05 loss@290.08 loss@225.16 loss@339.13 frag@81.07 loss@208.02 loss@307.09 loss@344.15 frag@80.06 frag@97.06 loss@276.13 loss@282.96 loss@276.12 loss@190.14 frag@263.09 loss@168.12 loss@269.11 frag@168.09 frag@67.05 loss@284.09,0.3716506958 0.1924475729 0.06711070985 0.05540914834 0.02171333507 0.02034989558 0.01322544739 0.01205502823 0.01154992729 0.01114037447 0.007344177924 0.007061170414 0.006685955916 0.00588890072 0.005024138372 0.004954555538 0.004823177587 0.00459575979 0.004143125843 0.004023026675
971,frag@133.05 loss@152.07 loss@99.01 loss@200.04 loss@171.03 frag@105.06 loss@189.05 frag@134.06 loss@283.05 loss@144.01 loss@201.07 frag@118.03 loss@141.06 frag@131.04 frag@121.09 loss@299.08 loss@201.08 frag@112.06 loss@213.05 frag@92.03,0.4134255946 0.1748524606 0.09747814387 0.09131305665 0.0828647539 0.05555887148 0.009836918674 0.003888250794 0.003524670145 0.002187897451 0.002029740252 0.001937725348 0.001769797062 0.001559267752 0.001531906775 0.00141953805 0.001341256662 0.001278923824 0.00122329127 0.001184452442
972,frag@83.05 loss@284.13 loss@310.14 loss@283.16 loss@349.03 loss@435.14 loss@307.06 frag@69.03 frag@173.55 frag@71.05 loss@281.13 loss@444.16 loss@236.15 loss@264.17 loss@290.17 frag@81.07 frag@67.05 loss@448.1 loss@240.11 frag@57.03,0.4292192161 0.1817382723 0.09397953004 0.0595587492 0.03643858433 0.02727042697 0.02687166445 0.01467738394 0.01431028172 0.01320864446 0.01107898168 0.005795188714 0.005099644884 0.005070731509 0.003736890852 0.003294439055 0.003267398803 0.003215293866 0.003121413989 0.002503271913
973,frag@211.06 frag@239.05 frag@283.15 frag@175.01 loss@157.01 frag@212.03 frag@240.09 loss@203.01 loss@111.0 frag@322.09 loss@49.05 loss@232.92 frag@172.0 frag@303.13 frag@96.01 frag@107.0 frag@269.07 frag@337.0 frag@313.2 frag@234.02,0.08422220498 0.02134785987 0.01072784886 0.0104477061 0.009913956746 0.00685589062 0.006595509592 0.00593084516 0.005316040944 0.005243305583 0.00422372669 0.004023978952 0.003356887028 0.002870541997 0.002824362367 0.002157791518 0.002105576219 0.002008775482 0.001884300378 0.001872413093
974,frag@135.08 loss@226.13 loss@254.12 loss@268.09 loss@277.12 loss@311.13 loss@290.1 loss@306.13 loss@204.1 loss@221.14 loss@219.13 loss@292.1 frag@121.06 loss@205.11 loss@222.13 loss@298.11 loss@311.09 loss@233.12 loss@241.14 loss@172.09,0.4793969095 0.09737887233 0.08038835227 0.06949061155 0.04986982048 0.03450535983 0.02567744255 0.01031820476 0.00862037763 0.007655285764 0.006746069994 0.00668702554 0.006535796449 0.004445115104 0.004393428564 0.003536689095 0.003381820396 0.00330865779 0.003283015685 0.003205381101
975,frag@159.09 loss@289.11 loss@357.12 loss@279.11 loss@329.12 loss@293.09 loss@331.11 loss@142.11 loss@374.13 loss@186.08 loss@333.21 loss@170.11 loss@264.11 loss@347.17 loss@303.07 loss@283.01 loss@290.09 loss@244.09 loss@334.12 loss@216.16,0.4843474925 0.05605916306 0.044118613 0.02689683996 0.0255382061 0.02260140143 0.01625403017 0.01257906947 0.01254162565 0.0119346939 0.01060001552 0.009845254943 0.009699868038 0.009182398207 0.007812674157 0.007412102539 0.006830993108 0.006459557917 0.006349945907 0.006201607175
976,loss@214.04 frag@109.08 loss@186.04 frag@134.01 frag@110.08 frag@293.09 loss@208.05 frag@93.06 loss@380.11 frag@65.04 frag@81.04 frag@155.98 loss@406.08 frag@152.02 frag@92.05 frag@158.03 frag@80.05 frag@53.0 loss@261.1 frag@240.06,0.2329483032 0.2050611377 0.1638446003 0.06355085224 0.02717716061 0.02416702546 0.02185911685 0.01292045042 0.01281153318 0.01103357598 0.01065330952 0.009729531594 0.008817615919 0.007495453581 0.006560259964 0.006255923305 0.00563414162 0.005469214637 0.004467220977 0.004437124822
977,frag@126.04 frag@99.03 frag@85.01 loss@208.05 loss@266.08 loss@218.03 loss@153.02 loss@237.03 loss@247.03 loss@201.01 loss@125.03 loss@201.03 loss@197.01 loss@247.07 loss@234.17 loss@159.01 loss@161.01 loss@201.07 loss@227.04 loss@186.0,0.252206862 0.1238439381 0.1036020741 0.06226763502 0.05146723241 0.03713485599 0.0364767313 0.03571830317 0.03470551595 0.02982987277 0.0235921964 0.02328276448 0.01724650152 0.01604511775 0.01269169245 0.009587741457 0.008144587278 0.006681383587 0.004636571743 0.004103135318
978,frag@135.05 loss@207.08 loss@179.05 loss@216.05 loss@217.05 loss@166.02 loss@137.0 loss@294.04 loss@244.1 loss@240.1 loss@165.0 loss@305.01 loss@109.09 loss@275.14 loss@222.03 loss@272.1 loss@193.09 loss@299.08 loss@189.05 loss@213.05,0.4971612096 0.1006567478 0.09574663639 0.08390414715 0.05941632017 0.03983274847 0.02892998606 0.01243193261 0.007184039336 0.005860970821 0.004317201208 0.003422151087 0.003398227971 0.003136732616 0.0029235892 0.001897266484 0.001862689853 0.001766350004 0.001629054546 0.001476493897
979,frag@95.05 loss@225.06 frag@77.04 loss@274.14 loss@315.12 loss@227.05 loss@257.11 loss@240.15 loss@238.05 loss@222.05 frag@105.03 loss@308.06 frag@79.05 loss@302.15 loss@396.09 loss@352.11 loss@268.1 loss@188.06 loss@228.06 loss@196.07,0.3728598356 0.1037852466 0.06714488566 0.0483787246 0.03759992495 0.03214988112 0.03114195913 0.01805699244 0.01691896655 0.01092668623 0.009668564424 0.008155209944 0.007682661992 0.006842141505 0.006644710433 0.006516749039 0.006047089584 0.006011233665 0.005584063008 0.005259798374
980,frag@136.08 loss@164.11 frag@177.08 loss@246.15 frag@164.11 loss@150.06 frag@165.11 loss@218.15 loss@198.15 frag@108.08 loss@404.22 loss@363.14 loss@19.04 loss@366.92 loss@267.15 loss@236.03 loss@224.0 frag@191.13 loss@193.99 loss@409.1,0.25042364 0.09923160821 0.09687247872 0.09342746437 0.06237182766 0.05910106748 0.05311779678 0.03291494027 0.02065141872 0.01606278867 0.01597119682 0.01307792123 0.01206242014 0.008585564792 0.005143594462 0.00425554486 0.003257004078 0.002479046118 0.001944643795 0.001838902012
981,frag@105.07 loss@223.14 loss@239.13 loss@217.15 loss@245.08 loss@233.12 frag@79.05 frag@135.08 loss@242.08 loss@231.11 loss@231.07 loss@219.11 loss@236.1 loss@167.1 loss@192.06 loss@288.11 loss@214.02 loss@219.16 loss@279.07 loss@233.02,0.4468815327 0.1807877719 0.07274731994 0.01551040914 0.01527166087 0.0146894427 0.01351703797 0.01234014705 0.01074967068 0.01017925236 0.009828149341 0.009636199102 0.007293859962 0.007176383864 0.007145788521 0.006380556151 0.006227902602 0.006120294333 0.005915056448 0.005836328492
982,frag@227.12 loss@273.09 frag@101.04 frag@130.0 loss@257.1 loss@288.1 frag@168.03 loss@296.08 frag@232.03 loss@278.05 loss@218.99 frag@281.04 frag@298.12 frag@202.02 loss@226.0 loss@337.06 loss@338.07 loss@119.0 frag@311.04 frag@227.0,0.08739313483 0.05388729274 0.05293235555 0.05090076476 0.04386490956 0.04353625327 0.04317074642 0.03788075969 0.03618254885 0.03048528358 0.02259359136 0.01959971525 0.01737313159 0.01696560159 0.01487214118 0.01416880917 0.01402129699 0.01334073674 0.01058102027 0.01035935897
983,frag@81.07 frag@93.07 loss@212.14 loss@296.09 frag@79.05 loss@278.15 loss@265.17 frag@95.09 loss@332.13 frag@67.05 loss@268.11 loss@213.0 frag@107.09 loss@311.12 loss@302.13 loss@237.14 loss@230.13 loss@268.13 loss@264.12 loss@329.13,0.2105811536 0.09667348117 0.05417672545 0.04490885511 0.03288058192 0.0301809907 0.02973414026 0.02405633591 0.0232188236 0.02115250193 0.01878288761 0.01689943299 0.01631210931 0.01526289526 0.01441978291 0.01207888499 0.01194129325 0.01186946873 0.0109357927 0.009273831733
984,frag@146.06 frag@118.06 loss@204.09 frag@128.05 loss@230.11 loss@176.1 loss@202.07 loss@188.06 loss@214.07 frag@132.08 frag@130.06 loss@203.11 loss@175.03 loss@177.03 loss@328.12 loss@200.1 frag@119.07 loss@149.08 loss@201.09 loss@202.06,0.2300148308 0.1712222695 0.1268825382 0.07585836202 0.07103089988 0.07000119239 0.06592869759 0.06170294806 0.04800821841 0.005248732865 0.003446190618 0.002589181298 0.00244966289 0.002321976237 0.002267266624 0.002136882395 0.001985290553 0.001837503863 0.001722550602 0.001687626471
985,frag@233.13 loss@188.12 loss@202.1 loss@247.13 loss@173.13 frag@251.15 frag@190.1 frag@146.07 loss@325.11 loss@264.16 loss@247.09 loss@148.09 frag@43.04 loss@256.13 frag@161.09 loss@220.05 frag@130.0 loss@350.15 frag@169.17 loss@290.12,0.1665519625 0.08951577544 0.04336708039 0.0411504209 0.01621927135 0.01468321774 0.01363853645 0.01278313529 0.01211252809 0.01059501525 0.009248171002 0.008714190684 0.007938402705 0.00693359226 0.006565124728 0.006290558726 0.005785721354 0.005322419573 0.005188077688 0.005142510403
986,loss@178.1 frag@209.09 loss@151.08 frag@137.09 frag@136.09 loss@192.1 frag@122.07 frag@149.08 frag@122.08 frag@160.09 frag@209.11 frag@231.12 frag@155.04 frag@223.12 frag@96.06 frag@201.11 frag@329.12 frag@168.02 frag@134.07 frag@126.05,0.301466316 0.1543123275 0.1289613098 0.1088227332 0.06689365208 0.03291011974 0.0178898517 0.01296776533 0.009169496596 0.008244000375 0.005946606863 0.005906466395 0.005784182344 0.005402444396 0.004716348834 0.004710972775 0.004593661055 0.004311219789 0.004044365138 0.003875506343
987,frag@121.06 frag@120.08 loss@279.1 loss@269.08 loss@207.06 loss@274.11 loss@285.11 frag@109.06 loss@215.13 loss@311.09 frag@134.1 loss@258.15 loss@246.14 frag@138.09 frag@151.08 loss@299.12 loss@191.03 loss@289.14 loss@291.12 loss@222.11,0.2328745723 0.1147997528 0.1008045673 0.03177727386 0.02753605321 0.02434283495 0.01552033238 0.01485570241 0.01262761932 0.0124058146 0.01181883644 0.01034433302 0.009910587221 0.009895795025 0.008633439429 0.008502535522 0.008280305192 0.007779027801 0.007528547663 0.007383559365
988,loss@207.05 frag@146.96 frag@98.99 frag@142.02 loss@241.04 loss@200.01 loss@215.03 loss@227.03 frag@149.07 frag@182.0 frag@94.06 loss@199.01 loss@204.02 loss@240.04 loss@265.07 frag@107.06 frag@80.05 frag@160.07 frag@56.01 loss@266.06,0.1420701444 0.1202413514 0.1060842872 0.07595585287 0.05648412183 0.05334270373 0.05173180252 0.04007914662 0.02447757684 0.02293572947 0.02010966465 0.01914564334 0.01855882257 0.01806141622 0.01529753674 0.01207097154 0.01108858362 0.007485050708 0.00564140873 0.00560334092
989,frag@57.04 loss@136.03 frag@79.03 loss@175.04 loss@212.02 loss@43.03 frag@55.03 frag@134.05 loss@179.14 loss@124.01 loss@120.07 loss@195.0 loss@251.0 frag@165.03 frag@209.11 loss@125.06 frag@225.03 loss@167.03 loss@261.13 frag@127.03,0.2729757428 0.2412810624 0.1614710838 0.1262241304 0.04082909971 0.03177633509 0.01376645267 0.007872500457 0.00406887522 0.003830302274 0.002631910844 0.00242713769 0.002295113867 0.002143403981 0.001964318566 0.001842850237 0.001673208782 0.001638268004 0.001476387843 0.001456520404
990,frag@113.02 loss@234.06 loss@238.09 loss@200.07 frag@171.02 loss@340.16 loss@222.06 frag@139.03 loss@285.12 frag@70.03 loss@226.09 frag@141.05 loss@205.07 loss@170.06 frag@228.11 frag@128.08 loss@290.07 loss@253.11 loss@90.05 loss@298.13,0.4078881443 0.1555417776 0.1364548802 0.1236933544 0.05530198663 0.01598784886 0.01322564017 0.007609554566 0.006132652983 0.004431275651 0.004394012969 0.003524995176 0.003452662146 0.002590717981 0.002556467196 0.002101310529 0.001860306249 0.001813033712 0.001647279016 0.001519106794
991,frag@179.07 loss@236.05 loss@371.14 frag@78.05 loss@281.11 loss@297.12 loss@343.12 loss@343.15 loss@256.98 loss@195.01 loss@363.04 loss@395.02 loss@273.16 loss@256.05 loss@288.98 loss@475.24 loss@374.28 loss@407.14 loss@303.13 loss@335.14,0.4332657754 0.1358903795 0.07845658809 0.06017109752 0.03199997172 0.02817310765 0.02653806657 0.01454967819 0.01281919703 0.01118438784 0.007120580878 0.005911016371 0.005739357788 0.005540285725 0.005069246981 0.005012606736 0.004044177942 0.003805742599 0.003403714392 0.003395392094
992,frag@203.09 loss@125.04 frag@223.05 loss@218.13 loss@155.12 loss@114.07 loss@161.11 loss@295.14 loss@85.1 loss@158.12 loss@106.04 loss@166.1 loss@208.18 loss@43.02 loss@151.02 frag@255.06 frag@186.07 frag@175.06 loss@185.03 frag@174.05,0.2907626927 0.2285478711 0.1837397218 0.1191633046 0.05127897486 0.008840929717 0.00788907893 0.006597031374 0.006552856416 0.004715643357 0.003235609736 0.002927562688 0.002766719088 0.00260248268 0.002530455356 0.002215654124 0.001993909013 0.00177776441 0.001653607702 0.001557966461
993,loss@167.06 frag@100.02 loss@119.04 frag@129.02 frag@128.02 frag@67.04 frag@73.01 frag@44.98 frag@54.03 frag@42.03 frag@173.04 frag@56.05 frag@220.01 frag@128.03 frag@94.05 loss@187.01 loss@55.04 frag@114.06 frag@158.03 frag@197.07,0.2465180308 0.2371104956 0.2238163948 0.0628118515 0.0540949665 0.03690666333 0.01578873582 0.009373877198 0.009117789567 0.007036267314 0.006142704282 0.005079951603 0.004778707866 0.003044442739 0.00267774309 0.002068644855 0.001965521602 0.001855219831 0.001790821319 0.001625803765
994,frag@78.05 loss@236.03 frag@94.99 loss@245.07 frag@170.04 loss@256.07 frag@210.06 loss@101.0 loss@354.16 loss@143.04 loss@284.03 frag@66.05 loss@235.15 loss@185.99 loss@215.97 loss@279.13 frag@153.0 loss@335.04 loss@262.98 loss@193.93,0.266122967 0.1133700982 0.08117391169 0.08057487756 0.03908731788 0.03638336062 0.01866211183 0.01589525864 0.01327935141 0.01272877678 0.008733521216 0.008360416628 0.006173446774 0.006116024218 0.005870190449 0.005666077603 0.005386659876 0.005135925952 0.004445281811 0.004387777299
995,frag@58.96 loss@359.08 frag@245.13 loss@369.12 frag@228.1 loss@258.12 frag@292.05 loss@255.03 frag@96.09 frag@196.02 frag@184.07 frag@232.02 loss@169.13 frag@212.04 frag@214.09 loss@312.0 loss@391.17 loss@185.0 loss@262.98 frag@205.07,0.03188684955 0.0311160963 0.02709215321 0.01671412028 0.01564285904 0.01127709355 0.008519722149 0.007573595271 0.006790869869 0.006557289511 0.00602417998 0.006016147789 0.005848130677 0.00442178268 0.004402972758 0.004070608877 0.00386708905 0.002899577143 0.002763362369 0.002557272324
996,frag@139.03 loss@183.05 loss@195.05 frag@56.01 loss@211.04 loss@208.04 frag@86.99 frag@98.02 loss@251.09 frag@85.01 loss@222.06 loss@194.08 loss@187.11 frag@154.05 loss@211.06 frag@178.02 loss@262.05 loss@216.09 loss@205.07 loss@229.12,0.3185265064 0.1814620793 0.1297543645 0.121968396 0.08593827486 0.06794115901 0.03374932706 0.004219339695 0.002867990406 0.002836682834 0.001986316638 0.001774726552 0.001593657653 0.001586446771 0.001434956095 0.001383092836 0.001344458899 0.00110826781 0.001068401732 0.0009835906094
997,frag@83.05 loss@224.08 frag@57.03 frag@71.05 loss@252.11 loss@240.11 frag@69.03 loss@238.14 loss@227.15 frag@67.05 loss@233.11 loss@265.13 loss@264.12 loss@256.09 loss@288.13 frag@111.04 loss@445.16 loss@264.15 loss@316.08 frag@97.03,0.1317293793 0.1292563379 0.1287704259 0.1253625602 0.09210176021 0.03947158903 0.0355392471 0.02813959122 0.02643197589 0.0228783004 0.02043221705 0.01642820984 0.0138838999 0.009062575176 0.008948164992 0.005899237934 0.005887408741 0.005717308261 0.00514123356 0.00459813606
998,loss@185.08 frag@187.12 frag@161.07 loss@183.16 loss@255.08 frag@149.07 frag@120.04 frag@120.07 frag@133.08 frag@148.1 frag@89.07 frag@188.11 frag@161.11 frag@171.99 frag@146.08 loss@303.07 loss@241.12 frag@177.1 frag@210.12 frag@160.07,0.2131509781 0.1918566674 0.1586321294 0.09587221593 0.08498393744 0.01409009378 0.01208326779 0.007487246767 0.006739752833 0.006628413219 0.00656389771 0.005058988929 0.004831373226 0.004064228386 0.003935636953 0.003859448247 0.003640694777 0.003359689843 0.003289834596 0.003237394383
999,loss@103.08 frag@237.02 frag@162.97 frag@263.09 loss@293.17 frag@164.0 frag@206.1 loss@266.02 loss@231.03 loss@226.18 loss@234.2 loss@242.95 frag@325.07 loss@284.09 frag@108.05 loss@78.01 loss@329.07 loss@254.06 frag@81.06 frag@283.14,0.06438450515 0.05800831318 0.0523015447 0.0437534526 0.02305441536 0.01897735149 0.01405289397 0.01223510783 0.00977122318 0.009731857106 0.008470058441 0.00758246053 0.006580789108 0.006232892629 0.005499142222 0.005420144647 0.004943585955 0.004395604599 0.004279327113 0.004164197482
