topic_id,top_words,top_probabilities
0,loss@184.09 frag@140.06 frag@215.03 frag@98.05 loss@87.08 frag@171.04 frag@113.07 loss@186.15 frag@218.08 loss@201.14 loss@390.12 frag@179.09 loss@247.14 frag@254.15 loss@147.1 loss@146.18 frag@236.11 frag@151.05 frag@205.02 frag@169.06,0.2489948571 0.1970402449 0.07062082738 0.01910589263 0.01771033742 0.00789319817 0.0053295088 0.00515589444 0.004277568776 0.004242295865 0.003916902933 0.003291533794 0.003077493748 0.002905869856 0.002585441573 0.00254500634 0.002389248228 0.002336561447 0.002292986028 0.0021040719
1,frag@146.1 loss@251.1 loss@275.05 frag@174.09 loss@275.09 loss@343.11 frag@131.07 frag@129.07 frag@134.1 loss@230.14 frag@132.08 loss@211.1 loss@253.05 loss@182.02 loss@166.06 frag@145.09 loss@267.11 loss@340.12 loss@486.11 loss@308.15,0.2915053964 0.0668560788 0.04494733363 0.02024790272 0.01842628792 0.01307296101 0.01211444195 0.01096186787 0.007968273945 0.007169095334 0.006317833439 0.005316528957 0.004368432797 0.004238227382 0.003843317041 0.00378543674 0.003490279894 0.00337268156 0.003021850251 0.002937900834
2,frag@162.08 frag@176.09 frag@202.11 loss@175.09 loss@250.17 frag@188.09 frag@216.12 frag@148.09 frag@190.11 loss@164.09 loss@177.1 loss@267.15 loss@207.08 frag@147.07 frag@59.06 loss@189.1 loss@204.11 loss@212.11 loss@231.14 loss@164.11,0.1074676663 0.09088561684 0.05352350324 0.04447835311 0.02731168456 0.02689127065 0.02044131979 0.009041977115 0.007514600176 0.006990510039 0.005343715195 0.005247934721 0.004886146169 0.00433191983 0.004210718442 0.003909155726 0.00386466668 0.003695189254 0.003679391695 0.00366034871
3,frag@157.01 frag@150.0 loss@144.0 loss@189.97 loss@264.99 frag@127.0 loss@148.05 loss@43.01 loss@120.04 frag@97.01 loss@281.95 frag@194.09 loss@167.04 frag@139.0 loss@244.95 loss@98.02 frag@193.04 loss@138.04 loss@202.02 loss@245.07,0.200948149 0.03170683235 0.02139343508 0.0167063158 0.01626083814 0.009038989432 0.008724874817 0.007982303388 0.005866890308 0.005683642812 0.005456868093 0.005294265226 0.005254153628 0.005126032047 0.003750273725 0.003560647136 0.0035180056 0.003134239232 0.003010604763 0.002981207799
4,loss@260.15 loss@239.16 loss@288.15 loss@245.05 loss@215.97 frag@122.06 frag@189.14 frag@113.02 frag@124.11 frag@84.04 frag@208.04 frag@191.15 frag@210.15 frag@114.05 frag@138.05 frag@60.06 frag@239.04 frag@146.12 frag@58.03 frag@84.08,0.07775651664 0.0602218248 0.05036906898 0.04261668026 0.0150331445 0.01331062336 0.009176135063 0.00847985968 0.008336246945 0.007375218906 0.007084995043 0.00504991971 0.004483876284 0.004427163396 0.004268465564 0.003862698562 0.003710956778 0.003529851558 0.003268235829 0.003201286774
5,frag@177.05 loss@341.03 loss@239.1 loss@624.23 frag@139.02 frag@323.13 frag@162.03 frag@145.03 frag@176.04 loss@553.2 loss@253.12 loss@147.08 frag@339.09 frag@220.13 loss@567.22 loss@351.13 loss@462.17 loss@94.04 frag@310.1 loss@146.07,0.215175122 0.0495021902 0.005624910817 0.003878431628 0.00329357665 0.003212635871 0.002740557771 0.00269076298 0.00255375728 0.002527279314 0.002498922171 0.002495699795 0.002340491163 0.00216932781 0.002106140601 0.002045282396 0.001816508011 0.001771165524 0.001721062581 0.001695367391
6,frag@175.1 loss@214.13 frag@201.11 frag@163.1 loss@243.16 frag@299.15 frag@191.13 frag@177.11 frag@130.97 frag@162.08 loss@164.11 frag@165.11 loss@139.1 loss@227.13 frag@214.13 loss@175.09 frag@197.17 loss@447.16 loss@138.1 loss@118.06,0.1384318024 0.1029095724 0.04697492346 0.03823133931 0.0314899236 0.01464870851 0.007913396694 0.006102648098 0.005525257904 0.004887412302 0.0048275562 0.004415123258 0.003358926624 0.003146281233 0.003115349915 0.002480698749 0.002433278598 0.00237101363 0.002327925526 0.002242252463
7,frag@139.03 loss@183.05 loss@211.04 loss@223.04 loss@372.05 frag@154.05 frag@240.06 frag@125.02 frag@101.02 loss@195.05 frag@96.06 frag@104.02 frag@85.01 frag@168.02 loss@164.06 frag@126.05 frag@174.03 loss@257.02 loss@194.08 loss@160.03,0.2126472443 0.1580875218 0.08777148277 0.02624139562 0.01077713259 0.009484273382 0.00603531627 0.00529576093 0.005125008523 0.005121984053 0.00475909235 0.004728911445 0.004163962789 0.004082172643 0.003246796783 0.003150921315 0.002985180588 0.002803486073 0.002749015344 0.002715200651
8,loss@252.1 frag@195.05 frag@199.06 loss@357.12 frag@152.05 frag@223.06 frag@140.05 frag@255.08 frag@123.08 loss@303.11 frag@201.09 frag@134.1 frag@165.05 frag@141.08 frag@171.02 frag@73.06 loss@197.1 frag@298.07 frag@173.06 frag@122.04,0.2175804824 0.05668830499 0.05621789768 0.03007967025 0.009077271447 0.004413041286 0.003798109479 0.003645802848 0.003386640688 0.003363325493 0.003305560676 0.003154821461 0.003149648895 0.002624708693 0.002530421829 0.00237549888 0.002300429624 0.002232038649 0.002056663157 0.001988595817
9,loss@146.07 frag@132.1 loss@160.02 frag@201.95 loss@176.0 frag@176.11 frag@164.02 frag@269.1 frag@240.12 frag@40.9 frag@319.07 frag@177.05 frag@104.06 frag@224.04 frag@103.06 frag@57.03 frag@111.04 frag@159.08 frag@332.06 frag@130.08,0.278763622 0.07348389179 0.05323585123 0.05248012394 0.01786065847 0.01107238512 0.007959374227 0.005471621174 0.004727591295 0.004562759306 0.003632235574 0.003581566038 0.003565937979 0.003257633885 0.003202814842 0.003155039623 0.003032591427 0.002956580836 0.002886008704 0.002702391939
10,frag@149.02 loss@289.13 loss@167.14 frag@149.03 loss@154.12 loss@350.13 loss@148.02 frag@103.02 loss@294.0 loss@292.01 loss@263.11 loss@255.06 loss@166.03 loss@168.08 loss@252.06 loss@180.14 loss@200.13 loss@184.18 loss@354.09 loss@419.12,0.3146240413 0.04494704306 0.03530693799 0.03067061119 0.01671808213 0.01663764752 0.01175468322 0.007470424753 0.005979442969 0.005770744756 0.005229901057 0.00498954067 0.004673349205 0.003615398891 0.003184018657 0.003142473288 0.002999133896 0.002814333187 0.002700531157 0.002636136254
11,loss@136.05 frag@210.09 loss@168.08 frag@178.05 loss@163.04 frag@338.14 frag@150.07 frag@202.12 frag@277.11 frag@223.06 frag@176.07 frag@208.11 frag@175.06 frag@192.1 loss@152.05 frag@254.09 frag@190.09 frag@117.03 frag@136.03 loss@252.1,0.1837067306 0.09750512987 0.07726170123 0.05006130785 0.02431638911 0.02086872049 0.008421109058 0.008142136037 0.007926585153 0.006166969426 0.006092289463 0.005938105285 0.005268247798 0.004956285004 0.004203017801 0.003963394556 0.003926373553 0.00391389057 0.003896780778 0.003646685975
12,frag@138.09 loss@233.12 loss@236.12 loss@258.1 loss@257.12 loss@246.11 loss@226.13 frag@134.1 frag@84.09 frag@73.06 loss@259.1 frag@84.08 loss@241.1 frag@103.06 frag@164.07 frag@87.06 loss@247.09 loss@276.15 frag@120.07 frag@147.08,0.1915141046 0.04616634175 0.04507780448 0.02503365278 0.02472463623 0.02027940564 0.01735714637 0.01701080054 0.0159145873 0.01564074494 0.01404777542 0.01397660468 0.01244056132 0.009742263705 0.00873506628 0.00835412927 0.007616702002 0.007161612157 0.006942616776 0.006725344807
13,frag@152.03 loss@152.0 frag@141.04 loss@226.09 loss@184.02 loss@157.03 loss@141.03 frag@140.05 loss@237.07 frag@164.03 loss@107.02 frag@140.03 frag@148.03 loss@145.03 frag@169.08 loss@169.03 frag@150.04 loss@59.99 loss@111.11 frag@245.05,0.2490407377 0.06636917591 0.007575871423 0.00504148053 0.005021826364 0.005013820715 0.004577413667 0.0044616214 0.004199473653 0.003615481779 0.002894290956 0.002659105463 0.002579194028 0.002451568143 0.002425693907 0.002411594149 0.002227779943 0.002203608397 0.002096588491 0.002003873931
14,frag@99.09 loss@234.05 loss@165.03 frag@84.07 loss@298.08 frag@88.04 loss@277.05 loss@315.17 frag@98.08 loss@389.1 loss@218.01 frag@70.06 frag@407.14 loss@204.15 frag@97.08 loss@280.05 frag@99.1 loss@97.98 loss@253.99 loss@276.07,0.2018434107 0.06172898412 0.03967800364 0.03333408013 0.03132610768 0.03045441955 0.01961408928 0.01545637287 0.01088100486 0.0094184177 0.009191505611 0.007622696925 0.007482396904 0.007351458073 0.007285792381 0.007264502347 0.006464553997 0.006116282661 0.00561955804 0.005556676071
15,frag@134.02 frag@141.04 loss@176.05 frag@163.02 loss@145.03 frag@135.03 frag@114.04 loss@141.04 frag@151.02 frag@160.02 loss@86.02 loss@247.98 frag@70.99 frag@72.0 loss@135.09 frag@202.04 loss@353.09 loss@261.03 frag@220.05 loss@101.01,0.1553288847 0.1298030764 0.1179732904 0.007048630156 0.005653114989 0.005136499181 0.003757059807 0.00375335617 0.003392651211 0.00321947271 0.003159353044 0.003053622553 0.003050699364 0.003045144724 0.002955279779 0.002909447532 0.002767267637 0.002636174671 0.002521279734 0.002232982079
16,loss@124.09 frag@180.06 frag@228.07 frag@97.1 frag@283.12 frag@184.99 frag@163.05 frag@198.08 frag@195.06 frag@191.12 frag@46.06 frag@124.1 loss@259.01 frag@208.01 loss@245.16 loss@183.03 loss@121.04 frag@208.1 loss@129.15 frag@197.05,0.2762956321 0.1704556048 0.01401664875 0.007443891373 0.00688874675 0.006513611879 0.003915651236 0.002966027241 0.002736646915 0.002614890225 0.002357260324 0.002327476861 0.002301910194 0.002197955502 0.002117445227 0.002075523138 0.00206804066 0.002064564498 0.001846208936 0.001814203104
17,loss@129.12 frag@102.97 frag@74.02 frag@270.12 frag@191.11 loss@235.01 loss@262.09 frag@330.16 loss@163.12 loss@124.13 frag@213.99 frag@184.96 frag@83.09 frag@48.91 loss@187.12 frag@226.03 frag@126.03 frag@124.04 loss@233.96 frag@57.07,0.2273450643 0.06045043841 0.03353492543 0.02946667001 0.02894635126 0.02264603414 0.02192520909 0.0175516773 0.01555467211 0.01477912255 0.01290382445 0.01169722341 0.003829956753 0.003502448555 0.003488959046 0.003216983518 0.003166436916 0.002941482235 0.002932504518 0.002439637668
18,loss@144.09 loss@159.11 loss@148.11 frag@409.2 frag@201.07 frag@158.1 frag@172.97 frag@233.13 frag@128.04 frag@87.04 frag@197.07 frag@366.15 frag@141.02 frag@305.13 frag@104.02 frag@94.05 frag@262.16 frag@163.05 frag@76.04 frag@188.9,0.2288283408 0.06651052088 0.008759948425 0.007836016826 0.005939272698 0.00574979512 0.005646416452 0.004287637305 0.004184852354 0.003823908046 0.003781829495 0.003718483495 0.003688274417 0.003638233291 0.003629717045 0.003435450606 0.003398060333 0.003088674275 0.002993952483 0.002844795818
19,loss@128.09 frag@260.06 loss@183.01 frag@202.0 loss@193.13 frag@233.11 frag@241.1 frag@114.04 frag@249.05 frag@191.06 frag@153.08 frag@254.13 loss@280.09 frag@303.03 frag@200.03 frag@214.1 loss@208.06 frag@208.12 frag@281.06 frag@171.06,0.2768904269 0.07979920506 0.02709589154 0.02029156126 0.01957221702 0.005828842986 0.005773175508 0.004782735836 0.004685586318 0.004011291545 0.003837630618 0.003322125413 0.003031781409 0.003004117869 0.002994648414 0.002805261873 0.002734482754 0.002614303725 0.002505534561 0.002413019072
20,loss@334.08 frag@306.1 frag@307.1 loss@201.99 frag@348.15 frag@445.14 loss@302.19 frag@213.08 frag@145.03 loss@156.08 frag@323.18 frag@195.05 frag@267.05 frag@46.34 frag@89.04 frag@200.99 loss@182.1 frag@213.96 frag@240.14 frag@183.11,0.06264802068 0.05850306898 0.02371216752 0.0226225853 0.02227637917 0.01621348225 0.008548522368 0.005597523414 0.00532829389 0.004074656405 0.003443477675 0.003199813189 0.003044184064 0.002830873476 0.002796029672 0.002771597123 0.002704544459 0.002611872973 0.002486004494 0.002346736845
21,loss@164.07 loss@152.07 loss@195.04 frag@121.01 frag@106.07 frag@163.02 frag@139.03 frag@134.06 frag@314.13 frag@84.99 frag@231.12 frag@172.1 frag@105.06 frag@119.06 frag@199.12 frag@172.05 frag@123.03 frag@144.06 frag@156.95 frag@147.05,0.1444515139 0.04660357907 0.04655955732 0.03705539554 0.01501763705 0.01342468429 0.01334639452 0.00860767439 0.007799841464 0.006980972365 0.006309388205 0.00534421904 0.00531545002 0.004605748691 0.004477280658 0.004365415778 0.003710829886 0.003668325022 0.003588529304 0.003578562057
22,frag@179.06 loss@121.02 loss@177.07 loss@79.99 frag@368.13 frag@241.07 frag@152.03 frag@282.14 loss@320.14 frag@129.06 loss@56.03 loss@185.06 frag@205.1 loss@18.01 frag@196.09 frag@321.14 frag@260.08 frag@218.09 loss@164.04 frag@144.1,0.210865289 0.1039985418 0.0973623693 0.0602026619 0.01539229415 0.01417565159 0.007011874113 0.006681256928 0.004130757879 0.003709668294 0.003524569329 0.003355105873 0.003335106885 0.003092143219 0.002920800587 0.0028955983 0.002859976841 0.002759691561 0.00271913386 0.002662779065
23,frag@239.08 frag@217.12 loss@393.13 frag@134.99 loss@130.07 loss@147.1 loss@229.13 loss@285.14 loss@123.05 frag@274.18 frag@254.13 loss@271.06 frag@184.1 frag@176.09 frag@213.1 loss@174.04 loss@197.1 loss@191.12 frag@107.07 frag@170.98,0.1016647369 0.06502768397 0.02832103521 0.008328790776 0.003177188104 0.00251446059 0.002191068372 0.00201456435 0.001768912887 0.001556670177 0.00149753422 0.00148711272 0.001439409913 0.001399388071 0.001384344301 0.001339690993 0.001338358736 0.00128731085 0.001264895312 0.001235938282
24,loss@250.08 frag@247.04 loss@231.03 frag@218.12 frag@275.18 frag@89.07 frag@199.05 frag@182.01 frag@173.95 frag@256.1 frag@385.13 frag@326.13 frag@318.18 frag@176.07 frag@138.09 frag@118.08 frag@77.04 frag@198.15 frag@105.03 frag@314.11,0.2163137496 0.06903257221 0.05311694369 0.01052708831 0.009453940205 0.006636283826 0.004301524255 0.004181743599 0.004079848994 0.003751056502 0.003750289092 0.003384862794 0.003306000261 0.003131988458 0.00299472129 0.002841521986 0.00261199614 0.00259362557 0.002414575545 0.002289381577
25,frag@163.08 loss@215.1 frag@182.05 loss@321.16 frag@252.06 loss@171.96 frag@121.03 frag@159.08 frag@135.08 frag@141.03 frag@149.1 loss@326.11 frag@216.1 frag@105.07 frag@111.04 frag@131.05 loss@401.15 loss@329.07 frag@123.08 frag@116.06,0.1937512457 0.1388239861 0.0373439081 0.02195209824 0.01525531709 0.007205377799 0.006802994292 0.005285759922 0.005099747796 0.004875862505 0.004631008953 0.003946122713 0.00390783092 0.00387399015 0.00381418597 0.003513412317 0.003449385986 0.003320774529 0.003243399784 0.00284988503
26,frag@304.1 loss@132.09 loss@46.0 frag@223.02 loss@128.99 loss@75.03 loss@94.04 frag@218.07 frag@143.04 loss@133.02 frag@186.05 frag@220.13 frag@205.04 loss@64.02 frag@129.09 frag@187.07 loss@111.03 loss@86.06 loss@46.03 frag@98.01,0.1861713529 0.04416955262 0.008094983175 0.003233564319 0.00304586417 0.003020252101 0.002939684317 0.002893005731 0.002853032434 0.002541118069 0.002484836616 0.002199384617 0.002126034116 0.002026712522 0.001960357418 0.001893409411 0.001820054371 0.001782061066 0.001744431676 0.001711164252
27,loss@163.11 frag@159.05 frag@272.12 loss@219.01 loss@134.03 frag@130.04 frag@268.09 loss@174.03 frag@164.12 loss@173.1 loss@379.06 frag@148.09 loss@147.0 loss@206.15 frag@175.05 loss@204.04 loss@115.11 frag@130.03 frag@134.07 frag@211.98,0.2259794623 0.1239655837 0.04025010765 0.03313442692 0.02497844771 0.01661454141 0.01487782691 0.01307173539 0.00709136948 0.00665546814 0.00544918282 0.003989417106 0.003845847677 0.003394953907 0.003306518076 0.003303847043 0.003197427141 0.00317230192 0.003158093663 0.002739957999
28,loss@246.1 frag@146.1 frag@171.05 frag@132.08 frag@204.1 frag@138.09 frag@247.04 loss@218.11 frag@175.12 frag@174.09 frag@242.13 frag@120.07 frag@129.07 frag@173.01 frag@201.04 frag@141.05 frag@302.22 frag@203.08 frag@95.01 loss@343.11,0.2830579877 0.01413727365 0.01240894478 0.009546610527 0.008902217261 0.007843628526 0.007025732193 0.006185857579 0.004686709493 0.004575610626 0.004139551893 0.004064437002 0.004032530356 0.003963578027 0.003962996416 0.003797526006 0.003754253965 0.003602092154 0.003561956808 0.003515184624
29,frag@136.08 frag@191.05 loss@294.11 loss@404.22 loss@276.09 loss@299.09 loss@366.92 loss@201.15 loss@313.14 loss@317.11 frag@235.97 frag@211.11 loss@409.1 loss@336.16 frag@122.1 frag@108.08 frag@182.12 loss@210.11 loss@184.1 loss@299.1,0.220136255 0.0526496172 0.03111622483 0.02849226817 0.02057959698 0.01703114063 0.01535340212 0.01437742822 0.01311477553 0.01000036299 0.008085846901 0.007708125748 0.007663538214 0.007218312472 0.00720470259 0.00713853864 0.006581261754 0.005756060127 0.00486141257 0.004716828
30,loss@167.06 loss@163.03 frag@238.02 frag@166.01 loss@175.12 frag@174.95 frag@152.07 loss@182.07 frag@368.13 frag@244.05 frag@141.04 loss@120.02 frag@100.02 frag@84.04 frag@231.15 frag@209.05 frag@190.05 frag@47.9 frag@138.06 frag@180.07,0.15526025 0.1200506687 0.06888884306 0.04470106214 0.0208596997 0.004546791781 0.004499104805 0.004038283601 0.003888689214 0.00357566867 0.003440253204 0.003424264025 0.003339845221 0.003126402386 0.00312576443 0.00308120111 0.003073290689 0.002919707447 0.00280239014 0.002752983477
31,frag@110.1 loss@186.14 loss@249.12 loss@278.14 loss@262.14 loss@252.16 frag@67.05 loss@281.15 frag@124.11 loss@225.15 frag@74.06 loss@276.16 loss@236.15 frag@84.08 frag@83.07 frag@96.08 loss@281.14 frag@84.06 loss@300.13 frag@83.09,0.2444996983 0.07084409893 0.03971652314 0.02828465588 0.01837649755 0.01694801077 0.013902192 0.01144723129 0.01060333662 0.008728006855 0.00862623658 0.008405282162 0.007995967753 0.006943062879 0.006197034381 0.006175832823 0.005564958788 0.005461120978 0.00519890897 0.00495528942
32,frag@145.08 frag@133.08 frag@161.07 loss@176.06 frag@146.08 loss@189.05 loss@176.1 frag@132.07 loss@203.11 loss@187.07 loss@178.06 loss@234.07 loss@189.09 frag@120.04 loss@177.09 loss@150.08 loss@199.07 loss@177.08 frag@131.06 loss@199.03,0.1110619009 0.1067981198 0.07121749222 0.04478100687 0.02491163276 0.0232646279 0.02235074714 0.02208427154 0.02133432962 0.02063519321 0.0169736445 0.01679624245 0.01434851252 0.01228347514 0.009903434664 0.009837270714 0.009414454922 0.00907349214 0.007710076403 0.007392718457
33,frag@229.11 loss@113.03 loss@144.03 frag@304.16 frag@302.17 frag@263.1 frag@212.95 frag@197.05 frag@201.08 frag@237.07 loss@179.04 loss@175.11 frag@182.94 frag@321.14 frag@275.12 frag@143.04 frag@255.06 frag@160.13 frag@163.03 loss@142.03,0.1277240962 0.06609135121 0.03344313055 0.01486569084 0.01244015712 0.01125235949 0.01027148683 0.006738419179 0.006248974241 0.003860232886 0.003057253081 0.002701841295 0.002482235199 0.002464123536 0.002310064388 0.002301778179 0.002284455812 0.002217185916 0.002122984501 0.001946513541
34,loss@265.09 frag@138.06 loss@295.1 frag@161.1 frag@173.11 frag@150.07 frag@93.03 frag@286.12 loss@277.07 frag@180.1 frag@314.13 frag@165.09 frag@201.14 loss@189.1 frag@175.04 frag@132.07 frag@228.11 frag@121.06 frag@151.07 frag@133.08,0.1739149839 0.1402505785 0.08873319626 0.009660788812 0.004624340683 0.004171418957 0.003836013144 0.003456037259 0.00342013198 0.003308051731 0.003270648187 0.003041731659 0.00298958621 0.002864073496 0.0027581139 0.002657718956 0.002627041424 0.002497848822 0.002391355112 0.002356746234
35,loss@124.06 loss@138.08 loss@95.04 frag@189.1 frag@287.1 frag@260.1 loss@67.04 loss@138.01 frag@238.09 frag@226.13 loss@249.16 frag@167.07 frag@180.08 frag@229.06 frag@173.05 frag@145.0 frag@122.05 loss@344.09 frag@154.07 loss@128.09,0.1318264157 0.1146938801 0.06124752387 0.04909346998 0.02294767275 0.01883188449 0.0141839087 0.0137559874 0.01065564249 0.01018546429 0.00625511026 0.005702634342 0.005214226432 0.005063674878 0.00482489448 0.00429204572 0.003941984382 0.003925115801 0.003918244503 0.003869489767
36,loss@120.04 loss@106.03 loss@78.03 frag@204.95 loss@156.01 frag@222.98 frag@61.01 frag@69.0 frag@79.02 frag@195.1 frag@68.01 frag@155.98 frag@215.1 loss@88.02 loss@159.01 frag@74.01 frag@182.01 frag@60.48 frag@78.49 frag@303.05,0.1342738122 0.09208168834 0.07362174243 0.02760406025 0.01614256576 0.01353391912 0.01254129969 0.01078350004 0.01005886495 0.009645363316 0.006893726997 0.006449200679 0.00595723046 0.005850163288 0.005751353223 0.005733221304 0.005524143111 0.005086939316 0.004481388722 0.004073944874
37,loss@150.05 loss@20.01 loss@40.01 loss@124.07 frag@297.08 frag@185.06 frag@283.09 frag@228.1 frag@150.02 frag@207.03 frag@184.05 frag@218.05 frag@211.03 frag@183.04 loss@226.01 frag@69.01 frag@184.07 loss@112.01 frag@231.95 frag@279.04,0.04875681549 0.03212904185 0.02340457775 0.01580045559 0.01504585706 0.01381383557 0.01377035026 0.01311617345 0.01277676877 0.01184369065 0.0111538358 0.009495459497 0.00789191667 0.007521934807 0.006093227305 0.006008974742 0.00600754749 0.005872263573 0.005454099271 0.005415176041
38,loss@249.07 loss@265.07 loss@216.15 frag@326.18 frag@303.18 frag@113.07 frag@102.97 frag@112.09 loss@306.14 frag@98.05 frag@99.09 frag@86.07 frag@138.07 frag@169.0 frag@358.09 frag@99.06 loss@216.02 frag@56.05 frag@130.12 loss@259.0,0.1679601222 0.06918946654 0.02637468092 0.02597788349 0.01031786297 0.009096970782 0.008108193055 0.007396018598 0.007149740122 0.006864433177 0.006784758065 0.006367314141 0.005753310397 0.005464107264 0.005390987732 0.0047851298 0.004767504986 0.004484609235 0.004461271223 0.004441733472
39,frag@149.04 loss@273.06 loss@279.13 loss@197.98 loss@279.08 loss@294.08 frag@162.07 frag@177.09 frag@384.2 frag@136.05 frag@111.03 frag@347.02 loss@222.08 frag@59.0 frag@80.06 loss@286.04 frag@93.03 loss@254.04 frag@65.04 frag@241.11,0.174792707 0.09249124676 0.07306095958 0.02302385867 0.009964833967 0.008396810852 0.005328649655 0.005242728163 0.004884912632 0.004769627005 0.004557364155 0.00409908779 0.003629107261 0.00346636842 0.003370820777 0.002988163149 0.002935190918 0.00291217491 0.002838628134 0.002778932219
40,loss@148.1 frag@181.03 loss@142.1 frag@112.08 loss@396.14 frag@138.08 loss@182.06 frag@166.01 frag@67.06 frag@124.1 loss@349.09 frag@176.98 frag@344.11 frag@124.04 frag@235.14 frag@143.0 frag@205.06 frag@115.07 loss@187.01 frag@219.11,0.2196183056 0.1536126733 0.06996258348 0.007981295697 0.0069236774 0.004858491942 0.004708122462 0.003936833236 0.003848810215 0.003836039919 0.003567940323 0.003066510428 0.002789357444 0.002734582173 0.002663492458 0.002640142571 0.002335441299 0.002293101046 0.002253271639 0.002124784281
41,loss@140.1 frag@188.03 frag@196.0 loss@231.0 frag@269.02 frag@161.01 loss@169.11 frag@88.08 frag@195.99 frag@233.07 frag@262.12 frag@211.09 frag@174.97 frag@45.04 frag@155.98 frag@183.09 loss@249.01 frag@318.03 frag@298.06 loss@141.12,0.2797046006 0.1176426783 0.03968712315 0.02815521508 0.0178222321 0.005387661513 0.004303782713 0.003567731706 0.003295125207 0.002922449959 0.002645902801 0.002640943974 0.002417998388 0.001982699847 0.001956651453 0.001938636298 0.001857375959 0.00181297923 0.001752406824 0.00173691567
42,loss@199.11 frag@211.01 frag@259.04 frag@332.06 frag@133.06 frag@178.1 frag@110.02 frag@101.02 frag@166.09 frag@261.17 frag@179.12 frag@115.03 frag@162.03 frag@231.12 frag@211.02 frag@244.13 frag@281.14 frag@231.15 loss@209.18 frag@105.08,0.2393826395 0.003942292649 0.002928721486 0.002716962714 0.002449491527 0.002441445831 0.002376476536 0.002348868875 0.00196883129 0.001955935266 0.001852778252 0.001816794625 0.001802508719 0.001708275173 0.001613610308 0.001561381854 0.001546237385 0.001529706176 0.001525735948 0.001486907364
43,loss@84.03 loss@128.01 loss@42.05 loss@73.05 loss@126.09 frag@247.08 frag@339.12 loss@99.05 frag@190.08 frag@283.12 frag@222.09 loss@60.06 loss@167.03 loss@118.01 frag@276.09 loss@118.05 loss@127.07 frag@182.06 loss@72.04 frag@364.16,0.0140057886 0.008179943077 0.00762003893 0.00738564413 0.006475985982 0.005822958425 0.005506718531 0.004928987008 0.004866270814 0.004757412244 0.004714231007 0.0046772887 0.004528047517 0.004487431608 0.004163835198 0.004075326025 0.004067354836 0.004034996033 0.003998839296 0.003891261294
44,frag@180.01 loss@210.01 loss@138.15 frag@152.02 frag@134.01 frag@365.14 frag@182.03 frag@207.02 frag@159.02 loss@257.05 loss@173.1 frag@326.18 loss@261.01 frag@283.05 loss@281.06 loss@117.07 loss@122.03 loss@307.11 loss@185.07 loss@80.07,0.2756836712 0.1454973817 0.01613821648 0.0159774553 0.005081858486 0.003765399102 0.00362249068 0.003289519576 0.002745402744 0.00273587252 0.002573916456 0.002352913376 0.00214766711 0.002139257733 0.00204197038 0.002039371291 0.002015828853 0.002009811113 0.001915796311 0.001915441011
45,loss@185.11 loss@187.12 frag@100.04 frag@67.05 frag@112.08 frag@56.05 frag@102.09 loss@199.12 frag@84.08 frag@67.06 frag@55.05 loss@363.12 frag@43.02 frag@110.1 frag@55.02 frag@45.03 frag@69.07 frag@83.09 frag@129.1 frag@82.06,0.1925936937 0.09404680133 0.0610966906 0.02243138663 0.01447719336 0.01163363364 0.01068583876 0.01038393006 0.009483267553 0.007580216508 0.007148190867 0.006554933265 0.006297692191 0.006275496911 0.006114550866 0.005925046746 0.005599082913 0.005512379576 0.005361186806 0.005155254621
46,frag@205.04 loss@250.06 frag@319.07 loss@128.01 frag@204.06 loss@187.03 loss@266.09 loss@273.07 frag@130.97 loss@169.06 loss@119.05 loss@309.18 loss@191.05 loss@290.11 frag@175.03 loss@174.06 frag@170.08 loss@132.09 loss@173.05 loss@309.15,0.3178935945 0.1373102218 0.00235056458 0.002140508965 0.002120126272 0.00175773236 0.001690755947 0.001621467061 0.001388559001 0.001374705229 0.001300011994 0.001266983105 0.001233275398 0.001207807334 0.001179409213 0.001158563886 0.001120814937 0.001118489541 0.001095597283 0.001068640966
47,frag@105.03 frag@95.05 loss@227.09 frag@77.04 loss@292.13 loss@291.16 loss@245.15 loss@328.14 loss@310.97 loss@319.13 loss@273.18 loss@277.11 loss@276.04 loss@268.15 loss@243.15 loss@448.16 loss@280.18 loss@340.18 loss@305.15 loss@447.18,0.3222524524 0.04648698121 0.03526424244 0.03066825867 0.02997404896 0.02962664887 0.02674360387 0.02656827495 0.02146745846 0.01535064913 0.01372304093 0.01294098701 0.01287909504 0.01057815272 0.01052193996 0.01001735125 0.009741445072 0.009616822936 0.009159185924 0.008234895766
48,frag@120.04 loss@216.09 loss@190.11 loss@193.04 loss@221.07 loss@218.11 loss@245.12 frag@105.06 frag@133.08 loss@229.04 loss@237.11 loss@314.14 loss@264.11 loss@278.08 frag@256.1 loss@237.1 loss@235.13 loss@217.05 loss@262.12 frag@146.1,0.2776123881 0.04704067484 0.04452829808 0.02219775878 0.01989714429 0.01882247068 0.01832532138 0.01544972509 0.01499271952 0.013316934 0.01197880134 0.0112694744 0.01008591242 0.009417318739 0.007866639644 0.007234852295 0.006517651025 0.006157808006 0.006080996711 0.005938589107
49,loss@178.08 frag@162.03 frag@115.03 frag@178.06 frag@219.12 frag@123.05 frag@391.17 frag@171.05 frag@191.02 frag@190.05 loss@140.07 frag@123.0 frag@166.1 frag@163.03 frag@172.05 frag@83.03 frag@105.06 frag@281.14 frag@141.07 loss@205.06,0.2679100633 0.1308239102 0.01094495691 0.004818813875 0.003188340459 0.003110403894 0.003089843085 0.002625191817 0.002611625241 0.002572126687 0.002327888273 0.002285740804 0.002281713765 0.002248355886 0.002243685303 0.002204051008 0.002165400656 0.002015596954 0.001959909452 0.001843219623
50,loss@46.01 frag@78.01 frag@257.09 frag@245.1 frag@231.08 frag@154.07 frag@83.02 frag@220.04 frag@144.1 loss@66.01 frag@171.07 loss@45.0 frag@223.18 frag@49.68 loss@85.03 frag@216.14 frag@221.09 loss@80.97 loss@48.02 loss@74.04,0.288007915 0.0555020608 0.04462060332 0.03465643525 0.02655027807 0.02438010275 0.02158145607 0.01761986502 0.01527923159 0.01484650839 0.01425435394 0.0139682088 0.0139496848 0.01370929647 0.01284295879 0.01263417397 0.01169472281 0.0116741918 0.01031642966 0.007658786606
51,frag@206.1 loss@208.09 loss@247.13 loss@291.12 loss@307.14 frag@71.09 loss@348.13 frag@84.06 frag@204.14 frag@230.13 frag@105.0 frag@201.08 frag@191.14 frag@218.12 frag@237.04 frag@188.99 frag@99.07 frag@275.18 loss@271.12 frag@126.1,0.1281550676 0.1198327616 0.09967330098 0.03780138493 0.02232256532 0.009777419269 0.009183170274 0.007600488607 0.007450535893 0.006975658238 0.006081432104 0.005629516207 0.005422166549 0.005282483064 0.004839764908 0.004789451137 0.004621219821 0.004576772917 0.004519832321 0.00438591931
52,loss@170.03 frag@268.14 loss@260.1 frag@147.1 loss@234.0 frag@144.14 frag@247.01 frag@182.95 frag@307.16 frag@220.16 loss@181.12 loss@290.06 frag@319.04 frag@358.19 frag@139.1 frag@111.01 frag@43.46 loss@252.94 loss@168.03 loss@157.92,0.05869806558 0.04430153593 0.03631028906 0.02212983184 0.01761633903 0.01692879014 0.01549718995 0.01381818019 0.01058060955 0.009647941217 0.009367476217 0.009201241657 0.0088959774 0.008573530242 0.008464930579 0.008339100517 0.00800006371 0.007729800418 0.007232269272 0.006814548746
53,frag@177.03 loss@210.15 frag@84.04 frag@207.04 frag@86.06 loss@183.11 loss@112.06 frag@72.94 frag@175.11 frag@56.05 loss@257.09 frag@233.13 loss@255.05 frag@193.01 frag@188.05 frag@208.13 frag@166.06 frag@157.96 frag@102.09 loss@230.16,0.2183838934 0.171113193 0.006537467241 0.00366945751 0.002886774717 0.002748943167 0.002389881993 0.002038167557 0.0020099252 0.001988264732 0.001836522482 0.00180596346 0.001781529165 0.001774048549 0.001752353972 0.001630415092 0.001628309488 0.001627139864 0.001621154021 0.001519437297
54,frag@149.11 loss@258.13 frag@169.02 loss@94.1 loss@302.2 frag@177.1 loss@293.16 frag@298.06 loss@153.03 loss@240.05 frag@138.04 frag@159.02 loss@187.06 loss@202.01 loss@238.07 frag@168.06 frag@223.01 loss@138.04 frag@220.12 loss@195.07,0.2116538584 0.0955921039 0.05598821118 0.03147777915 0.02065795101 0.007186543196 0.006640610285 0.006297857035 0.005359554663 0.003849731991 0.003639452625 0.003534530057 0.003359112656 0.003026368562 0.002818002133 0.002730482491 0.002629765077 0.002602953231 0.002488026628 0.002445213031
55,frag@121.07 loss@223.09 loss@206.01 loss@332.08 frag@45.03 frag@183.05 frag@151.08 loss@275.1 frag@110.02 loss@169.1 loss@210.12 frag@381.17 frag@241.02 frag@174.97 frag@196.01 loss@386.17 loss@254.12 frag@59.0 frag@74.93 loss@253.1,0.2826110125 0.1501316279 0.02887738682 0.02886004373 0.00561541412 0.00457186019 0.003268357366 0.003096139058 0.003076431109 0.002855068538 0.002764099278 0.002714244649 0.002712695859 0.002561419038 0.002219486749 0.002170773922 0.002159155905 0.001934972825 0.001929259743 0.001887678285
56,frag@65.04 loss@112.03 frag@90.03 frag@51.02 loss@71.0 loss@85.02 loss@100.03 frag@92.05 loss@98.01 frag@63.02 frag@118.05 loss@109.03 loss@67.01 loss@99.03 loss@101.02 loss@124.03 loss@27.01 loss@139.04 loss@113.02 loss@84.01,0.1499656588 0.04302609712 0.02882461622 0.02555980533 0.02441815846 0.02434486896 0.02137436531 0.02111463994 0.01969573833 0.01958867535 0.01817415282 0.01795052551 0.01779539883 0.01694249362 0.01446067356 0.01352181938 0.01315593719 0.01110338233 0.009336664341 0.009198172949
57,frag@164.02 loss@242.07 frag@275.1 loss@219.0 loss@188.15 frag@72.98 frag@209.03 loss@108.99 frag@147.05 frag@141.04 frag@139.04 frag@173.02 loss@151.01 loss@184.08 loss@326.06 frag@127.06 frag@125.01 loss@130.15 loss@107.11 loss@141.02,0.1609449834 0.107882604 0.05758340284 0.0448292233 0.03991123661 0.0323317498 0.01256820932 0.01131628081 0.00624611089 0.006067778915 0.005701264832 0.005544153508 0.005407816265 0.004915661644 0.00396370329 0.003873256966 0.003380909329 0.00329347467 0.002864132868 0.002673252719
58,loss@222.05 loss@308.12 loss@339.12 frag@132.1 frag@81.03 frag@93.03 frag@130.99 frag@110.02 frag@59.03 frag@166.01 frag@224.04 frag@172.99 frag@124.06 frag@256.1 frag@53.04 frag@178.07 frag@112.06 frag@92.06 frag@160.99 frag@97.04,0.1213592812 0.1186578274 0.05518859252 0.01494712848 0.01308416855 0.01216469053 0.008143117651 0.007987836376 0.00753840711 0.007018960081 0.006927081849 0.006813576445 0.006700812373 0.006113600451 0.005795183592 0.005111281294 0.004640623461 0.00426971307 0.004182320088 0.00404353952
59,frag@110.99 loss@204.13 frag@154.03 loss@205.07 loss@202.11 loss@194.05 loss@212.07 frag@116.03 loss@207.08 loss@212.1 loss@196.1 loss@127.01 loss@200.08 frag@209.04 loss@237.12 loss@238.03 loss@215.07 loss@179.09 loss@193.12 loss@214.15,0.3232737184 0.0984569639 0.07093218714 0.06719338149 0.03174575046 0.02556828968 0.02505898103 0.01174795348 0.01111154445 0.01023448259 0.008914772421 0.008590087295 0.007676560432 0.007186751813 0.006696815602 0.004998850636 0.00499211438 0.004814720713 0.004338006023 0.0042364127
60,frag@164.07 loss@229.06 loss@263.16 loss@253.1 frag@138.05 loss@192.09 loss@281.05 loss@271.04 frag@139.05 frag@136.08 frag@124.11 loss@129.12 loss@152.09 frag@163.09 loss@210.17 frag@108.08 loss@166.15 loss@249.1 frag@136.04 loss@180.09,0.3271642029 0.09102585912 0.07353256643 0.007868943736 0.007089613006 0.004502467811 0.004449635278 0.004046382383 0.0038182016 0.003627045779 0.003611031221 0.003596288851 0.003383457894 0.003071894869 0.002976368414 0.002859309549 0.002756970469 0.002724885941 0.00261042593 0.002546509029
61,loss@222.15 frag@167.13 frag@190.02 frag@290.13 loss@252.03 frag@166.1 loss@220.17 frag@98.07 frag@173.01 frag@122.1 frag@204.95 frag@108.06 frag@164.11 frag@97.04 loss@248.15 frag@110.99 frag@139.99 loss@194.12 frag@99.05 frag@124.09,0.2443441898 0.04069343954 0.03689093143 0.02957613766 0.01758924313 0.01644622162 0.01197538432 0.008506205864 0.007859515026 0.005137477536 0.004492807668 0.004257412627 0.004062857945 0.003925757017 0.003834451549 0.0038017896 0.00363224023 0.00280586374 0.002801666735 0.002687256783
62,frag@166.1 loss@181.09 loss@194.12 frag@98.07 loss@207.11 frag@99.06 frag@109.08 frag@110.07 frag@124.09 frag@122.1 frag@123.05 frag@139.03 loss@205.16 frag@108.08 frag@123.03 loss@153.09 loss@257.02 frag@165.11 frag@171.04 frag@152.08,0.1377262175 0.1358636171 0.1058748886 0.09636567533 0.05909128487 0.0101486668 0.009995501488 0.009604321793 0.006485883612 0.005845099222 0.005733340513 0.005342102144 0.004469179083 0.004194797948 0.004155124072 0.003441256238 0.003195408965 0.003134197788 0.003064602846 0.003044756828
63,loss@214.99 loss@164.01 frag@275.05 frag@53.04 frag@133.01 frag@172.99 loss@147.0 frag@187.03 frag@81.03 frag@103.96 frag@177.01 frag@148.02 frag@171.97 frag@179.13 frag@203.06 frag@194.08 loss@175.0 loss@116.99 frag@127.09 frag@106.04,0.1421228647 0.06019319221 0.03571994975 0.007974927314 0.006889009383 0.006231555715 0.006158798933 0.005452329759 0.004861298017 0.004707557149 0.004498586524 0.004214184359 0.004195753485 0.004141524434 0.003647188889 0.003306989558 0.003130368423 0.00311058294 0.002710291184 0.002549241297
64,frag@126.0 loss@141.09 frag@258.12 frag@178.11 loss@257.16 loss@252.03 frag@244.13 frag@384.2 loss@289.15 loss@367.18 loss@186.96 loss@165.1 loss@278.18 frag@204.04 frag@98.01 frag@82.03 loss@196.12 frag@207.11 loss@202.1 loss@213.18,0.1799931824 0.1223189309 0.05196147412 0.04176627845 0.0273839049 0.01308096666 0.00871927198 0.006643825211 0.005990684964 0.00596386753 0.005506803747 0.004700194579 0.004230717663 0.004187627696 0.004153191112 0.003844522638 0.003731402336 0.003423733637 0.003247631248 0.003198759165
65,loss@266.08 loss@247.03 frag@173.03 loss@168.11 frag@188.04 frag@174.04 frag@151.06 frag@275.18 frag@368.13 frag@256.14 frag@111.03 frag@206.06 loss@267.09 frag@140.02 frag@81.03 loss@277.09 frag@70.99 frag@141.04 loss@236.06 frag@122.1,0.1102282405 0.08053594828 0.02444013022 0.02379158325 0.006988608744 0.006515416317 0.006261161063 0.004976005293 0.004510637373 0.004304712638 0.004100661725 0.004085469525 0.004081919789 0.004073473625 0.003933329135 0.003883130616 0.003851829562 0.003768442897 0.003123636357 0.003046219936
66,loss@195.1 loss@246.09 frag@209.03 frag@95.07 frag@122.1 frag@136.11 frag@151.05 frag@136.08 frag@177.11 frag@108.08 frag@201.04 frag@171.04 frag@128.04 frag@104.06 frag@176.05 frag@123.05 frag@141.07 frag@175.04 frag@244.13 frag@133.06,0.2664363086 0.03163168952 0.01522482559 0.00992984511 0.007688796148 0.007191064302 0.006543699186 0.005691554397 0.005300484598 0.005298106465 0.005267917644 0.004850421567 0.004723540973 0.004715192132 0.00465506129 0.004542337731 0.004340475891 0.004204869736 0.00393370958 0.003871087451
67,frag@165.02 loss@286.04 loss@185.98 loss@190.14 loss@310.05 loss@325.02 loss@186.05 loss@314.06 frag@144.96 frag@208.04 frag@150.01 loss@146.18 loss@128.04 loss@180.06 loss@166.03 loss@144.99 loss@294.14 loss@294.98 loss@162.05 loss@526.13,0.266893208 0.005446939263 0.004312285688 0.003460713895 0.00264010299 0.002438452095 0.002418872435 0.002356501296 0.002240254078 0.002146277577 0.002095425269 0.002085382584 0.001807426452 0.001802865649 0.001755228499 0.001738564228 0.001671038219 0.001648773556 0.001637331559 0.001593803521
68,frag@176.06 frag@221.07 frag@160.06 loss@151.04 loss@48.0 loss@158.02 loss@96.0 frag@220.07 loss@84.0 frag@193.08 frag@195.04 frag@264.08 loss@167.04 frag@200.06 loss@43.01 loss@108.07 loss@116.99 loss@171.01 frag@134.04 loss@147.05,0.08356249332 0.06790823489 0.06043374166 0.05084237456 0.03801531717 0.031486094 0.03093542531 0.02467997372 0.02457955293 0.009480025619 0.00889387913 0.007527088281 0.007224300411 0.006514251698 0.00590357231 0.005581293721 0.005455186125 0.005427873693 0.005082912743 0.00496882759
69,loss@177.12 loss@161.08 frag@329.08 loss@215.12 frag@133.06 frag@147.07 frag@146.06 frag@308.14 frag@150.09 frag@186.09 frag@145.06 frag@141.08 frag@105.08 frag@134.1 frag@135.08 frag@164.14 frag@136.03 frag@141.07 frag@122.1 frag@105.07,0.1823152751 0.1478690058 0.0325091891 0.03007902205 0.02892836928 0.01982807927 0.01879265718 0.01507089101 0.01232205797 0.01137576904 0.00992473308 0.009632269852 0.009411768056 0.009234500118 0.00886428263 0.008046597242 0.007972351275 0.007385331672 0.006441994105 0.005977055524
70,frag@147.03 loss@184.15 loss@320.1 frag@135.03 frag@163.02 loss@113.06 loss@251.2 loss@199.13 loss@237.08 frag@160.02 loss@160.02 frag@134.02 loss@194.04 loss@176.04 frag@220.01 frag@111.03 loss@178.07 frag@148.03 frag@123.03 frag@152.05,0.2171981931 0.01522255689 0.01515249815 0.009448976256 0.005772499833 0.00491599692 0.003758516163 0.002746942453 0.002667317865 0.002659819322 0.002575327642 0.002458826173 0.002166973893 0.002164012287 0.002137933159 0.001990006771 0.001834435388 0.00172999606 0.001708946074 0.001669213292
71,frag@124.04 frag@179.08 frag@170.03 loss@287.97 loss@338.02 frag@82.03 loss@211.98 loss@263.11 loss@252.07 loss@278.09 loss@152.06 loss@221.07 loss@146.03 loss@172.01 frag@152.07 loss@251.13 frag@108.04 loss@233.08 frag@93.03 frag@140.05,0.1362999678 0.09733602405 0.05371265486 0.02219490707 0.007666697726 0.006939597428 0.006002881099 0.005429464392 0.004929996096 0.004772579763 0.003737595864 0.003485706868 0.00287661911 0.002864735899 0.002582519781 0.002526874421 0.002282755915 0.002239716938 0.002148740692 0.002036786173
72,loss@188.11 frag@146.07 frag@157.06 loss@216.1 frag@162.07 frag@200.08 frag@210.12 frag@187.98 frag@148.05 loss@172.05 frag@159.04 frag@237.02 frag@135.08 frag@153.05 frag@123.08 frag@190.12 frag@219.02 frag@51.03 loss@177.09 frag@130.97,0.2720122337 0.0193563439 0.01856132224 0.01380397752 0.01083835121 0.0103963064 0.00722895842 0.00660251407 0.006449386012 0.006369829178 0.005375162698 0.005299648736 0.005188381299 0.004952639341 0.004947795998 0.004753871355 0.004647389986 0.004578527063 0.004291337449 0.004284821916
73,frag@159.06 loss@243.14 frag@187.05 loss@286.12 loss@262.99 loss@171.14 frag@177.07 loss@218.08 loss@282.12 loss@188.94 loss@62.09 loss@217.12 loss@243.16 frag@131.06 loss@308.07 frag@147.06 frag@174.07 frag@211.01 frag@166.06 loss@168.06,0.2234141529 0.1238682121 0.1110795066 0.03865049779 0.03388254717 0.02465125546 0.008827815764 0.007031002548 0.005973226856 0.004396236036 0.004136538599 0.002955492819 0.002929391572 0.00291098794 0.002874429803 0.002870351309 0.002498052316 0.002416659845 0.00238140393 0.00225325115
74,frag@148.05 loss@267.03 loss@188.07 frag@120.06 frag@132.06 loss@336.05 frag@158.07 frag@160.05 loss@176.07 frag@162.07 loss@165.09 loss@202.09 frag@146.07 loss@178.12 loss@203.05 loss@176.09 loss@200.02 loss@220.04 frag@316.11 loss@293.07,0.2556114495 0.04732040316 0.01298915036 0.01125111897 0.008464727551 0.007683694363 0.007050281856 0.006621399429 0.006006943993 0.004650011659 0.003617867129 0.00354873389 0.003405574011 0.002941526938 0.002397101372 0.002396512777 0.00238439953 0.002383049112 0.002371891635 0.002330140211
75,frag@150.09 loss@323.99 frag@136.08 loss@190.08 loss@184.12 frag@136.04 frag@58.03 frag@235.97 frag@56.96 frag@141.08 loss@285.07 loss@243.01 frag@108.08 frag@135.0 loss@287.09 frag@130.97 loss@129.03 loss@288.15 loss@287.11 loss@255.12,0.1892376095 0.03904140368 0.004434015602 0.003781078849 0.002423006576 0.00240945071 0.002376345918 0.002141385805 0.001986115472 0.001801628154 0.001710895333 0.00170986529 0.001645600074 0.00163070485 0.001609151252 0.001520665479 0.001507664216 0.001474765479 0.001470191753 0.001371195074
76,frag@95.02 frag@113.03 loss@247.14 loss@213.02 loss@212.02 loss@213.99 loss@183.99 loss@229.03 loss@195.0 loss@184.98 loss@274.2 loss@396.29 loss@173.13 loss@169.07 loss@244.13 loss@231.01 loss@178.99 loss@181.09 frag@123.05 loss@158.07,0.2671580613 0.1425907314 0.04694020003 0.0430441983 0.01085736137 0.006621529348 0.005776730832 0.004849452991 0.004567988217 0.004430626519 0.003963382915 0.00382097601 0.003169209929 0.002865122631 0.002435931703 0.002195782494 0.002134376206 0.002115644747 0.002093713498 0.002073729178
77,loss@216.08 loss@244.07 loss@125.04 frag@314.13 frag@186.07 frag@309.09 frag@125.02 frag@255.06 loss@192.08 frag@180.05 frag@168.11 frag@269.04 loss@100.99 frag@140.01 frag@231.02 frag@93.03 frag@243.06 loss@158.05 loss@311.06 frag@95.01,0.1397525817 0.03302076086 0.0277764257 0.02051142044 0.005917830858 0.00405641133 0.003887616564 0.003730945988 0.003530300455 0.003241786733 0.00312782079 0.003115773899 0.003039674601 0.002988016699 0.002895802958 0.002368205925 0.002215001034 0.002152190311 0.002123822691 0.002070874907
78,loss@60.02 loss@74.04 loss@61.03 loss@86.04 loss@103.04 frag@156.07 loss@59.01 frag@204.01 loss@90.03 loss@72.02 frag@342.1 loss@73.03 loss@87.04 loss@87.01 loss@62.04 frag@235.11 frag@156.01 loss@56.03 loss@76.02 loss@88.05,0.05657979473 0.04502823949 0.0272890348 0.01885931008 0.01721071638 0.01718823612 0.01576400548 0.01287142932 0.01125629712 0.01106142718 0.01005792897 0.009412104264 0.009347716346 0.008853108622 0.008169520646 0.008047233336 0.007837506011 0.007270912174 0.007096279413 0.0069742864
79,loss@96.06 loss@126.07 frag@256.11 loss@144.13 loss@111.1 frag@225.16 frag@180.07 frag@485.33 frag@235.14 frag@83.09 frag@69.07 frag@247.13 frag@263.15 frag@181.04 frag@183.06 frag@325.11 loss@726.37 frag@124.04 frag@172.96 loss@86.07,0.1370824128 0.09633534402 0.09113395959 0.0698030293 0.04880302027 0.01157519966 0.01099001244 0.009832160547 0.006892203353 0.00528039271 0.005130970851 0.004588384647 0.003866159124 0.003425096394 0.003253410105 0.003244198626 0.00318318815 0.00311695924 0.003023478901 0.002850903664
80,loss@125.05 frag@53.04 loss@9.98 loss@386.01 frag@152.05 frag@84.96 frag@150.04 frag@173.08 frag@69.04 frag@124.04 frag@54.03 frag@174.95 frag@159.02 frag@144.1 frag@164.03 frag@66.03 frag@53.0 frag@272.14 frag@233.07 frag@158.03,0.3222635686 0.01578975841 0.01494048908 0.01470974088 0.01079002675 0.007763412781 0.006791835185 0.006208435632 0.006109597627 0.006075488403 0.006056970451 0.005820755381 0.005691109691 0.005439261906 0.005293488503 0.005047083367 0.004951158538 0.004498551134 0.004440717399 0.004052930046
81,loss@172.12 frag@224.08 frag@162.13 frag@203.07 frag@87.04 frag@87.06 frag@126.09 frag@167.05 frag@353.09 frag@220.03 loss@197.12 frag@110.1 frag@112.09 frag@100.09 frag@155.12 frag@155.98 frag@150.13 frag@67.06 frag@59.05 frag@114.09,0.2888180017 0.08406731486 0.08065145463 0.004892982543 0.004051182885 0.003953340463 0.003337424248 0.003220804501 0.002815367887 0.002700403566 0.002658752725 0.002456947463 0.002418207703 0.002348999027 0.002286517294 0.002257306827 0.002198314294 0.002177146031 0.002041679807 0.001972879283
82,loss@323.13 frag@300.06 frag@286.05 loss@351.13 frag@329.07 frag@316.06 frag@315.05 frag@242.06 loss@15.02 frag@315.09 frag@314.08 frag@301.07 loss@286.05 frag@440.14 loss@43.02 loss@308.11 frag@333.06 loss@16.03 frag@286.1 frag@271.06,0.1322550327 0.1255958974 0.06915041059 0.02910873853 0.02791777439 0.01732288674 0.01708617993 0.01669851504 0.0158074107 0.01251034997 0.01144008618 0.008133849129 0.007034523413 0.006646031048 0.005600139964 0.005528006703 0.005504109897 0.004956159741 0.004764718935 0.004469943233
83,loss@27.99 loss@101.01 loss@74.0 frag@81.02 loss@55.99 frag@65.99 loss@139.03 loss@102.02 frag@286.03 loss@98.0 frag@263.06 frag@89.04 frag@167.04 loss@89.01 frag@223.06 frag@131.07 frag@102.03 frag@63.02 loss@115.03 frag@328.15,0.07759833336 0.06638374925 0.06136665866 0.04773871973 0.03197306767 0.02666884288 0.0204215683 0.01489867922 0.01354573295 0.01278682984 0.01230968162 0.009291308001 0.008688598871 0.008447203785 0.007284851279 0.006474793889 0.006307989825 0.005889156833 0.005760360509 0.005475236569
84,loss@193.07 frag@204.05 frag@302.22 frag@215.12 frag@196.12 frag@256.14 loss@64.04 frag@161.06 frag@104.05 frag@194.08 frag@142.06 loss@297.09 loss@203.09 frag@70.99 loss@263.06 loss@165.08 frag@276.08 frag@219.12 frag@253.1 frag@71.0,0.3223800957 0.1375916898 0.04041852057 0.02528969571 0.02214796655 0.01229436137 0.01036223862 0.00995328743 0.009455602616 0.008930966258 0.007300218567 0.006693338044 0.005496692844 0.005495309364 0.005340192001 0.004999466706 0.004956865683 0.0047019138 0.004646403715 0.004499128554
85,loss@305.13 loss@183.12 loss@182.06 frag@391.17 frag@113.02 frag@216.13 loss@169.11 loss@185.11 frag@109.03 frag@130.12 frag@206.08 frag@141.01 frag@303.03 frag@280.14 frag@101.95 frag@353.14 frag@190.06 frag@173.06 loss@153.08 frag@158.1,0.0545729138 0.01848636381 0.008980710991 0.008143131621 0.007112896536 0.006991040893 0.004864879418 0.004227394238 0.003821398597 0.003738634987 0.003698803717 0.003588543506 0.003519238904 0.003470122581 0.003436701372 0.00340799964 0.003125446616 0.002789344639 0.002556359163 0.002523419913
86,frag@70.99 frag@112.02 frag@44.98 frag@140.02 frag@73.01 frag@72.0 loss@115.99 frag@85.01 frag@114.04 loss@191.14 frag@71.0 loss@254.01 loss@141.02 loss@224.04 frag@158.03 loss@271.05 loss@152.06 loss@175.05 loss@183.01 loss@165.11,0.1111867651 0.08845429122 0.06378108263 0.04350819811 0.03734867647 0.0171257779 0.01321369596 0.01064823102 0.009241551161 0.007831226103 0.007177476771 0.007136386354 0.006495191716 0.006356428843 0.005163218826 0.004906646907 0.004840027541 0.004561692942 0.003675413551 0.00360139343
87,frag@178.06 frag@150.07 frag@132.06 frag@164.07 frag@80.06 loss@189.08 loss@232.16 frag@187.06 loss@179.0 loss@225.13 loss@185.04 loss@229.03 frag@93.03 loss@208.13 loss@211.04 frag@106.07 frag@160.05 loss@192.09 loss@191.09 loss@306.13,0.2391645461 0.06466542929 0.005708537064 0.002590026939 0.002356662182 0.00231507374 0.002272389829 0.002157286741 0.002145557432 0.001964861993 0.00195296458 0.001945564989 0.001848214539 0.00177023001 0.001768289716 0.001708217431 0.001693670871 0.001640703413 0.001639135531 0.001628094469
88,loss@165.08 loss@175.06 frag@256.14 frag@119.06 loss@231.09 frag@145.04 frag@295.14 loss@193.07 loss@137.08 frag@187.12 frag@282.12 frag@121.04 frag@199.12 frag@190.09 frag@86.99 frag@133.08 frag@163.02 frag@133.06 loss@309.15 loss@179.09,0.2554232776 0.06054644287 0.05805257708 0.03134974092 0.03088778257 0.01850112714 0.01216591615 0.0112474151 0.009013434872 0.008608214557 0.008305253461 0.00820813328 0.007717987522 0.007690449711 0.007629014552 0.007301530335 0.007187960669 0.00608636206 0.006084776018 0.005857087672
89,loss@240.12 frag@238.07 loss@214.14 frag@88.08 loss@192.03 frag@246.15 loss@330.15 loss@353.12 frag@188.9 frag@129.1 frag@126.08 frag@227.12 frag@208.13 loss@214.99 frag@230.02 loss@154.1 frag@249.07 frag@144.96 loss@330.23 frag@112.08,0.1174137369 0.05022241548 0.02557467669 0.01512800902 0.01481447928 0.01218825765 0.01186589431 0.008470361121 0.007310981397 0.007091808598 0.005764659494 0.005448325537 0.004775041714 0.004773892928 0.004674155731 0.004243899602 0.003974619787 0.0039030849 0.003809107468 0.003721963847
90,loss@143.09 loss@125.08 frag@126.09 frag@83.09 frag@45.03 frag@55.05 frag@155.12 frag@73.04 frag@62.02 frag@124.08 frag@260.14 frag@96.08 frag@112.08 frag@41.04 frag@69.07 frag@55.06 frag@277.15 frag@208.17 frag@59.05 frag@57.07,0.212807402 0.187356621 0.01972731575 0.01081455313 0.009062405676 0.008519259281 0.007853036746 0.007599235047 0.00756773958 0.007346665952 0.006467590574 0.006371854804 0.006189938169 0.005896367133 0.005611878354 0.005510082934 0.005331508815 0.0048057721 0.004769999068 0.004752821289
91,frag@175.08 frag@171.08 frag@143.09 frag@173.1 frag@185.1 frag@159.08 frag@199.11 frag@189.09 frag@129.07 frag@137.1 frag@128.06 loss@343.11 frag@147.08 frag@159.12 loss@294.98 frag@157.1 frag@149.1 loss@376.13 frag@320.16 frag@168.09,0.03450475633 0.02374861017 0.0230222214 0.02022797056 0.01696367376 0.01493371651 0.01342301443 0.0115092881 0.007881919853 0.006361988373 0.00510111684 0.005040293559 0.004283435643 0.004032575991 0.003634852823 0.003498671576 0.003286283696 0.003273644252 0.003212362295 0.003190769581
92,loss@182.05 frag@259.04 frag@139.02 frag@135.03 frag@56.96 frag@447.13 frag@97.01 frag@144.06 frag@205.13 loss@218.04 frag@109.01 frag@273.09 frag@124.02 frag@163.03 frag@171.01 frag@385.13 loss@240.04 frag@99.03 frag@111.03 frag@318.03,0.1943110973 0.02121850103 0.01599123888 0.006553421728 0.005452810787 0.005448325537 0.004799433053 0.004597491585 0.004274947103 0.003955026623 0.003869394073 0.003687250661 0.003642088734 0.003616686445 0.003518085461 0.003412574995 0.003360123374 0.003328882856 0.00319836475 0.003091242164
93,loss@181.11 frag@83.09 loss@153.12 frag@67.05 frag@178.06 loss@278.16 frag@113.03 frag@57.03 frag@124.08 loss@199.12 frag@237.03 frag@81.07 frag@115.03 frag@181.1 frag@208.04 frag@154.04 frag@178.12 frag@173.95 frag@129.1 frag@55.05,0.2566216588 0.01574276946 0.01011603698 0.00733758416 0.0058212406 0.005170830525 0.004950281698 0.004797257483 0.004534179345 0.004523002077 0.004413642455 0.004321541637 0.003999889828 0.003862478305 0.003703796305 0.003587460378 0.00354149309 0.003527048975 0.003466485767 0.003252689261
94,loss@190.1 loss@134.11 frag@236.15 frag@123.08 frag@135.08 frag@149.1 frag@190.09 frag@109.06 frag@167.13 frag@93.07 frag@121.06 frag@104.06 frag@165.09 frag@115.03 frag@218.15 frag@79.05 frag@133.1 frag@105.07 frag@131.09 frag@240.12,0.2313067764 0.1154474765 0.02942066826 0.01810731366 0.01527824905 0.01267367136 0.01244615484 0.01104142983 0.009663511999 0.009481077082 0.008937334642 0.007435475476 0.007303265389 0.007108390797 0.006351361983 0.006066563539 0.005628855433 0.005563597661 0.005541138817 0.005092327949
95,loss@163.09 frag@172.93 frag@243.16 frag@118.03 frag@178.07 frag@162.08 frag@161.05 frag@268.09 frag@190.02 frag@164.11 frag@345.19 loss@136.1 frag@161.03 frag@341.15 frag@164.09 frag@123.07 loss@130.09 loss@132.07 frag@176.09 frag@279.09,0.2271859646 0.06825593114 0.008632497862 0.007406014018 0.006850252859 0.006612166762 0.005989733152 0.005688617937 0.005242085084 0.004138849676 0.004110286944 0.003904846497 0.003728611628 0.003698085668 0.003665172961 0.003616188653 0.003581334138 0.003525526961 0.003465447808 0.003314299276
96,frag@118.04 loss@186.09 frag@90.05 loss@188.03 loss@227.01 frag@67.02 loss@228.08 frag@118.08 frag@168.96 frag@139.02 loss@165.06 loss@158.07 loss@190.1 loss@266.04 frag@160.05 loss@212.09 frag@178.06 loss@186.03 loss@193.05 loss@145.1,0.2296643555 0.1370824575 0.08896493912 0.01728199981 0.01003785431 0.003725581104 0.001943757874 0.001935536158 0.001746747643 0.001660381211 0.00154373236 0.001493191579 0.001455416554 0.001430807635 0.001424077665 0.001407840056 0.001395281404 0.001386722084 0.001299548778 0.001247074222
97,loss@236.1 loss@271.13 loss@293.12 frag@73.05 frag@240.03 loss@304.07 frag@165.05 loss@324.18 frag@122.04 frag@160.1 loss@340.11 frag@318.18 loss@283.13 loss@249.13 frag@129.07 frag@103.06 frag@205.06 frag@167.13 frag@400.15 frag@290.13,0.1112156361 0.07650353014 0.05673398077 0.02468091808 0.02339230664 0.01822944917 0.01822468825 0.01813629642 0.01375650056 0.009424012154 0.007797029335 0.007705144584 0.007425445598 0.007049815264 0.006866171956 0.005964471959 0.005889261141 0.005469375756 0.004949898925 0.004680574406
98,loss@258.14 loss@230.14 frag@349.04 frag@166.09 frag@108.08 loss@335.13 frag@122.1 frag@150.13 frag@164.07 frag@138.09 frag@166.06 loss@289.14 frag@127.03 frag@165.1 frag@191.02 frag@239.15 frag@71.0 frag@113.07 frag@87.06 frag@232.13,0.1289986074 0.0746236518 0.02212343179 0.02054322138 0.01288810186 0.01173029467 0.01112022344 0.01037891302 0.007618552074 0.007467594929 0.006627612282 0.004955973011 0.004948660266 0.004933816381 0.00480623683 0.004562017974 0.004559680354 0.004350640811 0.004220732953 0.004055082798
99,loss@125.1 frag@154.08 loss@142.03 loss@344.07 frag@165.07 frag@384.2 frag@212.08 frag@181.06 frag@138.0 frag@113.05 frag@176.05 frag@189.0 frag@187.1 frag@176.09 frag@250.06 frag@217.08 frag@220.09 frag@166.08 frag@165.11 frag@140.06,0.169358626 0.16846928 0.09344696999 0.007736994419 0.00520760892 0.004380201921 0.003687337274 0.003141316585 0.003102284856 0.003021125682 0.002738332376 0.002656728029 0.002634437289 0.002396286232 0.002333779354 0.002191399224 0.002163570141 0.002088462934 0.001955753425 0.001821394311
100,loss@260.19 loss@309.16 frag@310.11 frag@215.11 loss@172.09 frag@320.16 frag@227.09 frag@244.05 loss@361.14 frag@319.21 loss@297.15 frag@159.08 frag@308.0 frag@273.03 frag@146.12 frag@213.0 frag@227.11 frag@199.11 frag@262.12 frag@279.08,0.1103833467 0.06071729586 0.05006241053 0.04688021168 0.02233247086 0.006501901429 0.005976665299 0.005929314531 0.005345856771 0.005300632678 0.005286264699 0.00505902525 0.004316886421 0.004170099273 0.004115989432 0.004042972811 0.003964040894 0.003837663913 0.003706873162 0.003622120945
101,loss@226.09 frag@198.15 frag@189.14 frag@127.09 loss@288.15 frag@113.02 frag@201.14 frag@123.05 frag@84.04 frag@166.1 frag@97.01 frag@110.05 frag@139.03 frag@114.05 frag@138.99 frag@151.05 frag@125.99 frag@141.05 frag@171.02 frag@151.96,0.2461369634 0.005248427857 0.004009485245 0.003831851529 0.003629898885 0.003326694947 0.00320989266 0.003131750505 0.002890811535 0.00288225757 0.002675613156 0.002613269724 0.00257087755 0.002550286241 0.002388192108 0.002385992557 0.002336977515 0.002297757892 0.002277308144 0.002242719289
102,loss@200.03 frag@157.96 loss@156.1 loss@219.06 frag@102.01 frag@83.01 frag@140.05 frag@129.02 loss@247.1 loss@185.07 frag@55.02 frag@84.04 frag@245.11 frag@84.09 frag@130.99 loss@239.08 frag@83.04 frag@136.07 frag@318.13 frag@151.05,0.1252547503 0.08605599403 0.08328270167 0.08005440235 0.04427387938 0.01524827629 0.008975230157 0.00815750286 0.007025494706 0.006862156559 0.004684866872 0.004355633631 0.004053302109 0.003583246144 0.003550873138 0.003509415546 0.00343783712 0.003359914757 0.003338885726 0.003155276645
103,loss@140.06 frag@218.09 loss@185.06 loss@141.06 loss@89.06 loss@187.05 loss@195.08 frag@131.04 frag@232.03 frag@133.05 frag@144.05 frag@185.05 loss@108.04 loss@88.11 loss@205.06 frag@183.07 frag@187.09 loss@177.07 frag@152.03 frag@72.0,0.103718929 0.08939509839 0.04802475497 0.04478799552 0.04057715461 0.03687477857 0.03111737221 0.02970485948 0.02705850452 0.01194844674 0.01110360119 0.01092843246 0.0106445048 0.01060888171 0.006257086527 0.005450863857 0.005256617907 0.005039129872 0.004500788171 0.00438031368
104,frag@191.06 loss@235.08 frag@194.99 loss@169.11 loss@279.05 loss@119.05 loss@190.06 loss@131.1 frag@314.13 loss@120.06 loss@271.13 loss@229.03 loss@292.04 loss@347.09 loss@267.12 loss@228.09 loss@318.11 loss@273.06 loss@290.11 loss@208.06,0.3435993791 0.01163257472 0.004282599315 0.003749875352 0.003718745895 0.003577200463 0.003284511855 0.003189936047 0.003067463404 0.003041876247 0.002995841671 0.002980423626 0.002910846379 0.002886194969 0.002746011596 0.00249145925 0.002337542363 0.00229891669 0.002226022305 0.002116827527
105,frag@134.07 frag@161.08 frag@187.1 frag@120.06 loss@176.07 loss@305.16 loss@177.09 loss@135.08 loss@293.07 frag@148.09 frag@132.06 loss@149.1 loss@187.07 loss@215.12 frag@108.06 loss@119.05 loss@170.05 frag@231.12 loss@206.15 frag@202.11,0.119011052 0.1135392636 0.07211159915 0.01729505323 0.008644759655 0.008447428234 0.007569846697 0.007164591458 0.007070803083 0.006282294169 0.005221396219 0.004623163957 0.004543248098 0.004252324812 0.004229091108 0.003958193585 0.00367081631 0.003482653992 0.003418941284 0.003346301615
106,frag@175.05 loss@165.13 loss@137.02 frag@147.06 loss@164.09 frag@159.05 loss@203.96 loss@496.18 frag@82.98 loss@243.14 loss@393.13 loss@160.06 frag@199.05 loss@313.06 loss@310.11 loss@9.98 loss@177.1 frag@107.07 frag@176.09 loss@225.09,0.3297653496 0.187001884 0.01714141481 0.00579551002 0.004693799186 0.003412872786 0.00311401044 0.003007320222 0.002978281118 0.002823956311 0.002712656977 0.002556281863 0.002053858945 0.002029342111 0.001881980686 0.001879948075 0.00186812575 0.001857377356 0.001704895869 0.001685931697
107,frag@190.06 loss@293.06 loss@325.02 loss@146.18 loss@192.96 frag@219.09 loss@119.08 frag@144.04 frag@102.01 frag@172.04 frag@316.13 loss@298.18 loss@90.05 frag@173.06 frag@116.05 frag@344.17 loss@100.99 frag@215.08 frag@139.03 loss@98.04,0.2160018086 0.06139037758 0.04742738232 0.04723050073 0.01309902966 0.0106680477 0.004486165009 0.002479088726 0.002436465351 0.002358696423 0.002357415855 0.002292458666 0.002266207943 0.00216975878 0.002034167992 0.001941865077 0.001843033358 0.001822915045 0.00167758076 0.001636676956
108,loss@142.11 frag@115.12 frag@239.04 loss@170.11 frag@171.02 frag@203.99 frag@263.15 frag@231.0 frag@159.09 frag@202.0 frag@228.14 frag@127.09 frag@334.14 frag@143.12 loss@282.12 frag@86.1 frag@114.0 loss@182.12 loss@131.09 frag@291.18,0.3210583627 0.07761005312 0.05101070553 0.02149695903 0.009481069632 0.00679741241 0.005430384539 0.00529699726 0.004820811562 0.00465320237 0.004373516422 0.003532457631 0.003078863025 0.00296221138 0.002748689847 0.002606807044 0.002572367201 0.002501617884 0.002495006192 0.00242629624
109,loss@203.03 frag@182.0 loss@253.04 loss@150.04 loss@197.01 loss@186.0 frag@118.05 frag@65.04 frag@207.1 frag@368.13 frag@122.01 frag@107.06 frag@138.01 frag@187.98 frag@108.07 frag@319.19 loss@295.01 frag@186.08 frag@256.14 loss@337.08,0.07939835638 0.0621012263 0.06085518375 0.03063915297 0.03051885776 0.02941226587 0.01383145247 0.01167833339 0.009006214328 0.00871973671 0.008403164335 0.007967421785 0.006721480284 0.006652632263 0.006033102516 0.005650502164 0.005445552524 0.005244830623 0.005052955355 0.004960088059
110,loss@219.15 frag@200.04 frag@188.04 loss@138.0 frag@274.05 frag@208.96 loss@297.1 loss@208.17 loss@247.14 frag@233.05 loss@342.09 frag@75.0 loss@421.99 frag@304.09 frag@46.06 loss@246.09 loss@250.0 loss@168.1 frag@202.1 loss@188.13,0.07674850523 0.07585787773 0.06888223439 0.03997892141 0.0262139421 0.0234642569 0.01379844267 0.01215120871 0.008259909227 0.007898749784 0.005377538037 0.004891441204 0.004193604458 0.003635078436 0.003598298645 0.003355222521 0.00334674865 0.002780788112 0.002686298452 0.00259836344
111,frag@65.04 loss@92.06 frag@111.04 frag@93.03 loss@247.02 loss@238.05 frag@92.06 frag@161.02 loss@257.11 loss@326.06 loss@232.11 frag@56.96 frag@121.03 loss@227.15 loss@120.03 frag@53.04 loss@54.02 loss@215.1 frag@95.05 loss@225.06,0.2041888386 0.09379312396 0.06030954048 0.05424508452 0.05018172041 0.01117476169 0.01071957499 0.009482962079 0.008983585052 0.008781130426 0.007857269607 0.007517742924 0.005948975682 0.005672947504 0.005579305813 0.005387614947 0.004917272832 0.004788357299 0.004434119444 0.004314874299
112,loss@347.11 loss@333.07 frag@193.1 frag@67.06 frag@176.98 frag@190.12 frag@58.03 frag@211.01 frag@179.13 frag@291.18 frag@337.06 frag@203.06 frag@231.1 loss@270.07 frag@270.13 frag@196.12 frag@150.07 frag@166.09 frag@190.1 frag@115.12,0.118325375 0.0139510408 0.005884583574 0.005317160394 0.004752140492 0.004057016689 0.003697144799 0.003330657491 0.003243251704 0.003202794353 0.002950178692 0.002821427304 0.002758354647 0.002685583895 0.002419111785 0.002201816533 0.002131380606 0.002117936965 0.002094691154 0.002070650458
113,loss@131.09 frag@195.08 loss@198.1 frag@195.09 loss@158.12 frag@396.17 frag@180.08 frag@188.9 frag@331.12 frag@190.1 frag@199.05 loss@337.1 loss@158.11 loss@145.11 frag@181.06 frag@172.08 loss@191.17 loss@328.18 loss@130.11 frag@231.1,0.1953316927 0.1890242249 0.007495469879 0.004754323512 0.004506523255 0.003955310676 0.00376789039 0.00324058882 0.003201597836 0.002821730217 0.001867075916 0.001860844088 0.001739638741 0.001640324248 0.001627709833 0.001545739011 0.001539946767 0.001526804059 0.001521615428 0.001472518081
114,frag@157.06 loss@200.11 loss@172.05 frag@155.06 frag@136.06 frag@130.03 frag@130.04 frag@145.06 frag@233.11 frag@299.07 frag@71.03 frag@155.05 loss@174.09 frag@141.03 frag@128.06 frag@256.06 frag@187.98 loss@144.06 frag@112.06 loss@216.1,0.1898251772 0.1882244945 0.1283253878 0.008118868805 0.007751143537 0.007678668946 0.007630383596 0.005877193529 0.005079277791 0.004555465654 0.004279192537 0.004157994874 0.003265727079 0.002998076146 0.002608350711 0.002484379802 0.002288309857 0.002163524972 0.002024427988 0.002005101414
115,frag@154.05 frag@136.04 frag@96.06 loss@238.09 loss@244.06 frag@111.06 loss@280.13 loss@296.11 loss@251.16 loss@296.08 loss@214.08 loss@175.04 loss@175.11 frag@71.06 loss@178.11 loss@222.1 loss@186.99 loss@124.01 loss@208.12 frag@171.11,0.1419409811 0.1028431281 0.09714610875 0.05466644093 0.04397501051 0.04181757942 0.02438549697 0.01856240816 0.01550490316 0.01412385236 0.01154525392 0.009725936688 0.009224724956 0.008369588293 0.007973586209 0.006703824271 0.00604022108 0.005220809486 0.005128288642 0.0047756969
116,frag@179.09 frag@178.08 loss@268.07 loss@284.12 loss@226.11 loss@226.08 loss@259.11 loss@220.05 loss@185.12 frag@381.17 loss@299.13 loss@188.12 loss@254.11 loss@293.14 loss@243.14 loss@230.12 frag@164.07 loss@173.13 loss@328.15 loss@78.57,0.2243230194 0.1528178304 0.02026073262 0.002716230694 0.002629058203 0.002597700339 0.00247275061 0.001952261897 0.001911849715 0.001682932139 0.001661204733 0.001473148121 0.00143142126 0.00142300094 0.001372668776 0.001355274115 0.001338792033 0.00133835664 0.001338317757 0.001267579035
117,loss@175.07 frag@196.09 loss@138.09 frag@226.13 frag@134.08 frag@184.09 frag@239.13 loss@208.0 frag@198.1 frag@186.1 loss@137.04 loss@98.06 loss@106.01 frag@212.08 frag@281.1 frag@323.15 frag@194.12 frag@158.07 frag@212.12 frag@211.07,0.161933586 0.07243725657 0.06836334616 0.039746169 0.03152248263 0.02496741153 0.01972033828 0.01707889326 0.01205874514 0.009993429296 0.009905567393 0.009102812037 0.008814261295 0.007211457007 0.006729526911 0.006651937496 0.005858027376 0.005673994776 0.005629114341 0.005437562708
118,frag@58.99 loss@147.03 frag@44.98 frag@86.01 loss@81.02 frag@57.99 loss@115.99 loss@103.01 frag@73.01 frag@107.03 loss@112.03 loss@114.04 loss@165.02 frag@114.04 loss@183.01 loss@165.0 frag@45.99 frag@160.06 loss@99.03 loss@111.02,0.1498314142 0.04940107837 0.04668044671 0.03175383061 0.01682559028 0.01372997649 0.008504725061 0.008144972846 0.006520522758 0.005040478427 0.005018867552 0.004284612834 0.004020774271 0.003939583432 0.003809661604 0.003756490536 0.003519245889 0.00342587987 0.00329741207 0.003201905871
119,loss@181.07 loss@195.09 loss@209.07 frag@120.04 loss@237.06 frag@65.04 frag@106.07 frag@110.05 frag@92.06 frag@106.06 loss@294.08 frag@93.03 frag@269.04 frag@171.01 frag@109.06 loss@183.09 frag@47.9 frag@241.11 frag@177.09 frag@154.97,0.1418622583 0.06161390245 0.05367099494 0.03014848568 0.02962987684 0.01972082444 0.01597746462 0.01414457522 0.01322570164 0.01115670707 0.009397565387 0.009181886911 0.009106003679 0.008386666887 0.0077429628 0.007336924318 0.007208152674 0.006833769847 0.006760592107 0.006310639903
120,loss@209.12 frag@75.03 loss@189.06 frag@99.06 frag@98.07 frag@113.04 frag@109.04 frag@208.07 frag@123.05 frag@208.01 frag@191.12 frag@188.11 frag@235.05 frag@83.06 frag@166.1 frag@122.1 frag@433.19 frag@151.05 frag@157.96 frag@109.08,0.2923674583 0.0854383558 0.05554334819 0.009532600641 0.008579615504 0.007774411235 0.006404889282 0.005687685683 0.005558617413 0.005191355012 0.005084109027 0.004668476526 0.00419411622 0.004179893062 0.004175803158 0.004112119786 0.00406831922 0.004028442781 0.003639124334 0.003588370979
121,frag@162.04 frag@227.12 loss@254.09 frag@99.1 loss@151.1 loss@148.08 loss@276.11 frag@257.11 loss@242.06 loss@147.07 loss@157.05 frag@207.98 loss@150.07 frag@170.06 loss@168.05 frag@168.08 loss@200.03 loss@170.13 frag@213.07 frag@184.1,0.1261759251 0.0984511748 0.06981389225 0.003975623287 0.003689840203 0.003285685787 0.002384377643 0.002086548833 0.002059691586 0.002043927787 0.001946333912 0.001941988943 0.001936474 0.001862258767 0.001854081405 0.001777715166 0.001760916086 0.001746806083 0.00174467091 0.001681739232
122,loss@267.06 frag@215.05 frag@229.03 frag@261.03 frag@322.19 loss@255.03 frag@346.12 frag@178.95 frag@353.07 loss@306.09 frag@274.01 loss@244.98 loss@35.04 frag@195.01 loss@377.19 loss@69.06 loss@175.0 loss@84.09 frag@103.96 frag@217.04,0.08289909363 0.05003368855 0.04403791577 0.04253412783 0.0389899537 0.02792135067 0.01559847128 0.01502589602 0.008118577302 0.008081046864 0.007526114583 0.007495471276 0.007060722914 0.005365663208 0.005076579284 0.005053413101 0.005003346596 0.004550542682 0.00440374529 0.004134118091
123,loss@242.09 frag@220.13 loss@253.12 loss@346.14 frag@192.1 frag@165.09 frag@110.04 frag@281.04 frag@203.11 loss@177.08 frag@220.11 frag@256.1 frag@339.09 frag@184.06 frag@156.04 loss@255.1 frag@161.99 frag@172.06 loss@371.13 frag@98.02,0.1164450645 0.04517490417 0.03974002227 0.02506968193 0.006395890377 0.005834445357 0.005550871603 0.004853788763 0.004330903292 0.004136233591 0.004004456569 0.003998044413 0.003861043369 0.003723101923 0.003617914859 0.003556900192 0.003479736159 0.00339563028 0.003339980729 0.003149143653
124,frag@135.05 loss@129.01 loss@305.01 loss@173.01 loss@187.0 frag@83.03 loss@179.11 loss@112.02 loss@179.04 loss@147.05 loss@166.03 loss@167.02 loss@337.14 loss@311.07 loss@347.14 frag@113.04 loss@222.03 loss@200.11 frag@139.03 loss@257.05,0.2839903831 0.04835336655 0.0471377261 0.03472863883 0.02222421579 0.004960705992 0.004703433253 0.003902917961 0.00388250174 0.003707314143 0.003578575794 0.002993938047 0.002614400582 0.002384126186 0.002248112811 0.00219489052 0.002103747102 0.002035593381 0.001989239827 0.001885857899
125,loss@215.08 frag@254.13 frag@264.12 frag@99.07 loss@239.08 frag@198.06 frag@156.04 frag@259.03 frag@210.12 frag@88.02 frag@59.0 frag@161.06 loss@251.08 frag@101.11 loss@321.11 frag@256.05 loss@169.11 loss@171.05 frag@155.08 frag@131.03,0.1966661662 0.1475949287 0.008221862838 0.00590615673 0.0038965235 0.00334660802 0.003214146942 0.002708646236 0.002618497703 0.002590524498 0.002385158557 0.002363743726 0.002269843593 0.002169856569 0.002105330117 0.00198737625 0.001918078633 0.001866438892 0.001841919031 0.001841119025
126,frag@174.07 loss@176.09 loss@194.01 frag@162.07 loss@187.07 frag@159.06 frag@316.11 frag@121.04 loss@219.1 frag@188.08 loss@189.07 loss@165.09 frag@132.06 loss@161.07 loss@180.08 frag@180.1 loss@188.01 loss@302.1 loss@177.09 frag@147.06,0.269990772 0.008397582918 0.004518904723 0.00434479164 0.004286450334 0.004259596113 0.004175619222 0.004130334128 0.004053222481 0.003916928545 0.003442217596 0.002982498612 0.002882511122 0.002805354074 0.002753501991 0.002698361641 0.002484622877 0.00241862121 0.002401661826 0.002352243289
127,frag@123.01 loss@95.08 frag@365.14 frag@93.03 frag@118.04 loss@166.03 loss@185.04 frag@53.04 loss@100.99 loss@153.04 frag@164.02 frag@51.02 frag@65.04 frag@106.07 loss@139.03 frag@139.04 frag@123.04 frag@136.02 loss@113.06 loss@173.08,0.1711472124 0.009415847249 0.008458877914 0.005627421662 0.003744112328 0.003174112411 0.003002884332 0.002579455264 0.002577529522 0.002265786286 0.0022370019 0.002208298538 0.002191252541 0.002174402121 0.002097389195 0.002086681547 0.00208165287 0.00194570329 0.0018253444 0.001808318892
128,loss@226.03 frag@159.97 frag@115.03 frag@183.98 frag@111.03 frag@153.08 loss@279.01 frag@58.99 frag@174.95 frag@212.06 frag@125.08 frag@124.06 frag@293.14 frag@178.06 frag@101.02 loss@107.11 frag@123.0 frag@57.99 frag@306.1 frag@72.94,0.2005061358 0.04967845231 0.008861582726 0.005641653668 0.003684388939 0.003311901586 0.003160515334 0.002957502613 0.002786582336 0.002688693814 0.002432324458 0.002426007064 0.00237735454 0.002367670648 0.00222205813 0.002008255338 0.001951051061 0.001930915168 0.00191475451 0.001878490439
129,frag@135.04 loss@206.09 loss@240.1 frag@107.05 frag@125.06 loss@250.13 loss@204.07 loss@220.11 loss@257.13 loss@307.1 loss@201.06 loss@310.17 loss@275.14 loss@284.15 loss@290.09 loss@208.07 frag@105.08 frag@95.05 frag@163.04 loss@250.07,0.3239524066 0.03833881766 0.03721507639 0.03300110251 0.02593638003 0.02396172658 0.02330050804 0.02148816735 0.01811491512 0.01768010296 0.01639235951 0.01556185726 0.01201179251 0.01149582211 0.01144775003 0.01116227731 0.0100476006 0.009346717969 0.008579738438 0.008339534514
130,frag@166.03 loss@163.02 frag@184.04 loss@269.03 loss@241.02 frag@344.17 frag@180.01 loss@224.03 loss@55.02 loss@161.01 loss@153.04 loss@156.01 loss@106.07 loss@84.0 loss@153.0 frag@186.98 loss@158.05 loss@406.06 loss@135.09 loss@227.07,0.2580332756 0.1147709489 0.1048338339 0.06058175117 0.05277185142 0.01073672343 0.008809572086 0.004612316377 0.004364270251 0.002975308103 0.002810839796 0.00259873434 0.002596747363 0.002540276153 0.002446021652 0.002333452925 0.00199168385 0.001968979137 0.001950863167 0.001927942736
131,loss@182.06 loss@148.01 frag@353.14 loss@145.1 frag@158.1 frag@116.01 frag@107.01 frag@175.03 frag@161.01 frag@144.96 frag@104.06 frag@230.07 frag@343.19 frag@188.04 frag@163.99 frag@144.06 frag@164.02 frag@151.03 frag@109.01 frag@205.06,0.1938948035 0.03187337145 0.007548921742 0.006301146001 0.004306902178 0.004221426789 0.003982204013 0.003915591165 0.003607925959 0.00359717221 0.00297663128 0.002965584863 0.002650653711 0.002576634753 0.002492636675 0.002429947257 0.002415568335 0.002406036714 0.00233160425 0.002189456252
132,frag@172.09 frag@170.07 loss@212.08 loss@149.11 loss@153.07 loss@172.06 frag@143.06 loss@171.08 loss@213.13 loss@115.11 loss@176.08 frag@215.09 frag@173.09 loss@344.09 loss@123.1 loss@217.01 loss@157.08 frag@144.07 loss@170.09 loss@372.05,0.1745669246 0.1300054044 0.02468827739 0.0175466761 0.01646745391 0.01517514698 0.0146842096 0.0128453197 0.0074018538 0.00678996183 0.006197662093 0.006186921615 0.005592511036 0.005180886947 0.004864338785 0.004733086098 0.004090107977 0.0040727593 0.003980492242 0.00377724343
133,loss@168.04 loss@232.11 frag@53.04 frag@57.03 frag@139.02 frag@256.05 frag@166.09 frag@93.03 frag@150.09 frag@67.05 frag@111.03 frag@79.05 frag@56.96 frag@138.05 frag@59.0 frag@92.06 frag@65.04 frag@97.06 frag@81.03 frag@149.04,0.1776618958 0.1093684435 0.00582016306 0.005314935464 0.005289871711 0.00472018728 0.004687943496 0.004612378776 0.004503162112 0.004473904613 0.004166619387 0.004085556138 0.003865088336 0.003835863899 0.003590874141 0.003532823175 0.003342251293 0.003274854971 0.003260129597 0.003207378788
134,loss@218.12 loss@176.11 loss@190.12 loss@204.11 frag@191.13 loss@206.15 frag@148.09 frag@268.09 frag@120.06 frag@177.11 frag@187.1 frag@147.07 frag@145.06 frag@159.06 frag@209.09 frag@150.1 frag@161.08 frag@211.98 loss@164.11 frag@231.12,0.1293680072 0.07653209567 0.05851567909 0.02809219994 0.01852719113 0.01412393432 0.01179108024 0.01160792727 0.009846307337 0.009679308161 0.009296351112 0.008992951363 0.008173266426 0.007837257348 0.007345260587 0.007202970795 0.007080479991 0.00690145744 0.006862520706 0.006429544184
135,loss@242.13 loss@271.07 frag@323.08 frag@200.11 loss@191.0 frag@246.15 loss@287.05 frag@213.96 frag@173.03 frag@166.06 loss@342.1 frag@126.08 frag@221.15 frag@274.01 frag@87.04 frag@112.99 frag@344.11 frag@181.09 loss@175.02 loss@287.11,0.1364410818 0.06545092165 0.05156321824 0.03636165708 0.02325412072 0.01022214815 0.00585184386 0.004494488705 0.004388839938 0.00361426943 0.003597203875 0.003216176992 0.002941758605 0.0028743695 0.002576240106 0.002574131824 0.002400453202 0.002354054479 0.002228917321 0.002157060895
136,frag@84.04 loss@356.15 loss@92.01 frag@56.05 loss@255.04 loss@222.06 loss@259.0 loss@247.1 loss@216.02 loss@210.15 loss@288.15 loss@135.02 loss@281.15 loss@86.01 loss@78.21 loss@208.04 loss@271.1 loss@266.11 loss@262.15 loss@280.11,0.3421359062 0.01199212112 0.005978619214 0.004360290244 0.004175534472 0.004103857558 0.003748311661 0.003272809321 0.003025309648 0.003013913054 0.002818907844 0.002800667891 0.002751880791 0.002733446192 0.002576266648 0.002519040136 0.002518277615 0.002439954784 0.00231404067 0.002243570518
137,frag@205.08 frag@206.08 loss@556.18 frag@234.08 frag@207.09 loss@229.0 frag@223.09 frag@372.18 loss@228.98 loss@238.01 frag@215.06 frag@335.17 loss@134.06 frag@219.09 frag@64.01 loss@57.06 frag@259.09 loss@104.04 loss@90.02 frag@224.05,0.114821963 0.08909995854 0.03516065702 0.02215734683 0.01871634834 0.01182716154 0.007950614206 0.005490312818 0.005252301693 0.005076098721 0.005026085768 0.004872371443 0.004656213801 0.004558279645 0.003659695154 0.003487267764 0.003440274158 0.002983826678 0.002740754746 0.002682777122
138,frag@174.04 loss@156.05 frag@173.03 frag@147.03 loss@141.02 loss@263.06 frag@70.99 loss@152.06 loss@139.02 loss@191.12 loss@190.06 loss@204.0 loss@320.1 frag@163.02 loss@170.07 frag@125.02 loss@154.05 loss@172.06 frag@98.04 frag@44.98,0.265720576 0.1798979938 0.08167479187 0.02480590343 0.01141192112 0.006722140126 0.006015129387 0.00379072316 0.003319821786 0.003218889469 0.002703232458 0.002557962202 0.002413979499 0.002212478546 0.00208274438 0.002074648626 0.002017832827 0.002009547316 0.00190633547 0.001897819689
139,frag@186.08 loss@134.07 frag@159.07 frag@140.05 loss@199.01 frag@123.08 loss@141.0 loss@163.06 frag@132.06 frag@142.01 loss@215.12 frag@204.05 frag@178.06 loss@152.07 frag@150.07 frag@160.05 frag@128.05 loss@163.1 frag@231.12 frag@155.06,0.19549869 0.1131177247 0.01171401888 0.007671683095 0.004758010153 0.004588004202 0.003777666716 0.00371262175 0.003592614084 0.003487349954 0.003356194124 0.003208528273 0.003179997206 0.003136327025 0.003080397611 0.003069455037 0.003026027465 0.00286642625 0.002844255883 0.002756973263
140,frag@125.01 loss@369.04 loss@262.04 loss@367.19 loss@295.01 loss@228.0 loss@285.06 loss@297.97 frag@164.0 loss@310.08 frag@135.1 loss@180.07 loss@186.0 loss@221.03 loss@199.05 loss@256.02 frag@109.03 frag@194.09 loss@298.03 frag@314.13,0.1764764339 0.04755430296 0.03911785036 0.03453804553 0.03409346938 0.03349930793 0.03295451403 0.009826434776 0.006460483186 0.005903814454 0.004496390466 0.0043971017 0.004288505763 0.003730732948 0.003556244075 0.002999376738 0.00280743558 0.002626374597 0.002581220353 0.002544906922
141,frag@178.12 frag@183.01 loss@226.07 loss@258.09 loss@155.1 loss@276.11 frag@322.17 frag@309.16 frag@136.07 frag@133.07 loss@242.1 frag@141.05 frag@353.14 frag@241.12 frag@228.11 frag@131.03 loss@269.07 frag@82.03 frag@176.98 frag@158.1,0.1046413034 0.1044658199 0.08282648772 0.07158450037 0.02074769884 0.007188417483 0.00669536693 0.006008141674 0.005369655322 0.005315730814 0.005271674599 0.005247548688 0.004948940594 0.003665218828 0.003343374468 0.003256256226 0.003190639662 0.003154192818 0.002774538472 0.002588331467
142,frag@241.08 frag@268.1 loss@315.16 loss@186.13 loss@269.07 frag@237.04 frag@188.03 loss@326.1 loss@224.14 frag@223.16 frag@268.02 loss@305.02 loss@316.05 loss@230.13 frag@212.07 loss@335.14 loss@212.98 frag@213.96 loss@271.11 loss@375.13,0.1363441348 0.06889245659 0.06846366823 0.03867843375 0.01375132054 0.01034549531 0.007705732714 0.007061477751 0.005710205063 0.005346576683 0.004783991259 0.004485024605 0.004431552719 0.00439229887 0.004325125366 0.004288162105 0.004272921477 0.004265061114 0.004159322474 0.003839284414
143,loss@262.08 frag@138.08 loss@243.12 loss@321.11 frag@163.99 frag@180.05 frag@228.11 frag@207.98 frag@208.13 frag@171.02 frag@177.11 frag@274.01 loss@214.13 frag@189.06 frag@178.07 frag@70.03 loss@233.1 frag@344.11 frag@173.11 frag@110.02,0.1795778573 0.06849567592 0.02260121703 0.01646723785 0.005264615174 0.004859050736 0.004853590857 0.00432555005 0.003837386845 0.003785016248 0.003093016334 0.002911314601 0.00279515679 0.002743700985 0.002726650564 0.002716996707 0.002567067277 0.002428234322 0.002353463555 0.00234150188
144,loss@251.07 frag@241.02 loss@272.19 frag@318.03 frag@150.04 loss@243.03 frag@114.0 loss@267.98 frag@122.06 loss@243.07 frag@82.07 frag@99.1 frag@188.04 frag@167.02 frag@349.04 frag@189.06 frag@199.01 loss@78.1 frag@44.01 frag@179.1,0.2060948461 0.05768594891 0.01020565443 0.004059733357 0.003848194843 0.003604406724 0.00338154193 0.003254242707 0.003115770407 0.002744731726 0.002433439484 0.002230347134 0.001880598487 0.001701978035 0.001681610942 0.001631591702 0.001585218706 0.001577205141 0.001488231355 0.001462302171
145,loss@153.0 loss@144.04 frag@207.02 frag@154.01 loss@124.02 frag@254.11 loss@355.07 frag@276.01 frag@157.03 frag@203.02 frag@174.05 loss@239.08 frag@344.21 loss@194.04 loss@255.02 frag@198.16 loss@173.0 frag@212.12 frag@232.14 frag@216.08,0.1602190435 0.1178560033 0.1008834094 0.06850621104 0.04405721277 0.02667503431 0.01492448244 0.008555688895 0.004968473688 0.00487717241 0.003972053993 0.003804080887 0.003681770759 0.003317008493 0.003110446036 0.00302654109 0.003019414842 0.002912122058 0.002841384849 0.002783088945
146,loss@143.06 frag@336.08 frag@136.07 loss@339.11 frag@164.09 frag@126.07 frag@136.06 frag@261.97 frag@55.02 frag@134.05 frag@236.03 frag@137.05 frag@54.03 frag@137.03 frag@99.05 frag@158.03 frag@140.08 frag@58.99 frag@117.05 frag@100.02,0.2654714584 0.02166778035 0.01858355664 0.01358440146 0.005836706143 0.005334809888 0.005116157234 0.004560509231 0.004552522209 0.00423581386 0.00399691565 0.003346854355 0.003313723952 0.003256536787 0.003164843656 0.00307763787 0.002944470616 0.002815759974 0.002663689433 0.002617030172
147,loss@149.08 loss@177.08 frag@219.12 loss@121.09 frag@329.12 frag@207.98 frag@133.06 frag@122.1 frag@178.09 frag@147.07 frag@281.14 frag@318.05 frag@103.05 frag@308.14 frag@135.08 frag@150.09 loss@322.13 frag@148.11 frag@148.08 frag@210.12,0.1953418851 0.1438853294 0.04443620145 0.04057794809 0.03569190577 0.03168055788 0.03029355407 0.02733732015 0.02252142504 0.02030442841 0.01912801713 0.01843014359 0.01549901627 0.01360603143 0.01130336896 0.01099600457 0.01011400018 0.007061691955 0.006682363804 0.006290575489
148,loss@297.11 frag@152.09 loss@279.1 frag@218.06 frag@315.07 frag@142.02 frag@232.13 frag@332.08 frag@209.14 frag@151.08 frag@290.13 frag@127.09 frag@158.0 frag@243.12 frag@84.06 frag@168.09 frag@160.13 frag@189.14 frag@114.0 loss@306.15,0.1283932775 0.1263098568 0.1128601953 0.04773587361 0.0109531926 0.008002567105 0.004550874699 0.003764180234 0.003445256036 0.003414194565 0.00336344284 0.003245557658 0.002821184229 0.002793960506 0.002762051299 0.002481453586 0.002429019893 0.002334071789 0.002285044873 0.002205595141
149,loss@169.1 loss@183.14 frag@85.04 frag@122.1 frag@171.02 frag@106.07 frag@138.06 frag@141.07 frag@188.05 frag@86.99 frag@171.04 frag@150.13 frag@152.12 frag@199.02 loss@139.07 frag@121.07 frag@180.01 frag@82.98 frag@155.05 frag@84.07,0.1248552799 0.1190964952 0.08548460901 0.01275880355 0.006220682524 0.00460500503 0.004302974325 0.003814283991 0.003658112139 0.003580132499 0.003497724421 0.003427626099 0.003301700344 0.003230345203 0.003168834606 0.003107899567 0.002795100445 0.002722229576 0.002594279358 0.002511163475
150,loss@244.08 loss@94.05 frag@280.09 frag@258.1 loss@133.06 loss@186.07 loss@98.05 loss@121.06 frag@224.04 frag@143.12 frag@245.11 loss@137.1 frag@147.03 loss@320.1 frag@168.07 frag@153.01 frag@130.04 loss@196.04 loss@173.1 frag@170.07,0.08376280218 0.0808846876 0.06154790893 0.03477234766 0.03369978443 0.03335033357 0.03129808232 0.0205358658 0.009786156006 0.007847717032 0.00681788614 0.006306608673 0.005487287883 0.004572607111 0.004502545577 0.004093577154 0.003999247216 0.003958186135 0.003842695849 0.003803413128
151,loss@78.05 frag@169.04 frag@194.99 loss@158.03 frag@46.34 loss@218.13 loss@330.07 frag@141.0 frag@167.02 frag@174.04 loss@154.05 loss@203.0 frag@72.0 loss@175.97 frag@209.07 frag@173.03 loss@159.03 frag@186.07 frag@71.0 loss@292.04,0.2256485671 0.1604214758 0.05072555691 0.002895590849 0.002502580173 0.00220886874 0.002058795653 0.002024569549 0.001998652238 0.001922761439 0.001822394901 0.001821847749 0.001743459725 0.001564188628 0.001547670574 0.001542940736 0.001506592031 0.001506399596 0.001502830186 0.001464109402
152,loss@237.08 loss@197.03 frag@116.03 frag@84.99 frag@147.03 frag@161.06 frag@193.1 frag@170.04 frag@111.03 frag@105.06 frag@134.02 frag@184.02 frag@88.02 frag@212.95 frag@109.01 frag@71.0 frag@59.0 frag@237.0 frag@57.99 frag@186.07,0.1787975729 0.1012211144 0.01203560177 0.01105029415 0.0102664521 0.007511827163 0.006464287173 0.005699778441 0.004780273885 0.004731778055 0.004707955755 0.004480622243 0.004115859047 0.003771507647 0.003619483905 0.003542201128 0.003475375706 0.003414322156 0.003323486308 0.003206793685
153,frag@203.03 loss@140.05 loss@163.14 loss@319.16 frag@129.03 frag@181.05 loss@112.05 frag@157.03 frag@135.0 loss@259.05 frag@306.17 frag@276.01 frag@113.06 loss@78.99 loss@236.94 loss@86.06 loss@158.06 frag@247.13 loss@326.05 frag@179.07,0.2746415734 0.2065774351 0.03598991781 0.02056821063 0.01520236582 0.005061594769 0.004830660764 0.004314145073 0.004018572159 0.003863815451 0.003524166299 0.003210124327 0.003190211952 0.003101075301 0.002966386033 0.002693637973 0.002672372619 0.002545217983 0.002497029258 0.002366154455
154,frag@109.01 frag@152.02 loss@263.11 frag@134.01 frag@124.02 loss@354.16 frag@65.04 frag@97.01 loss@227.04 loss@215.02 loss@249.06 frag@175.03 loss@237.08 loss@226.04 loss@183.07 loss@209.09 loss@222.08 loss@263.07 frag@93.03 loss@201.07,0.1545737982 0.1176417768 0.09470617771 0.04525090754 0.04509659484 0.02753705345 0.009717134759 0.00835719239 0.005200478714 0.004922342952 0.004738568328 0.004343884066 0.004108455498 0.003856650321 0.003783156164 0.003509265371 0.00335889007 0.003162661102 0.003117905697 0.00310589117
155,loss@156.08 frag@256.14 frag@412.32 loss@302.19 frag@141.02 frag@267.05 frag@145.04 loss@139.1 loss@154.06 frag@208.0 frag@145.03 frag@170.98 loss@110.07 frag@115.03 frag@46.34 loss@312.12 frag@189.07 frag@160.11 frag@276.08 frag@172.05,0.2545349002 0.01008053869 0.007067160681 0.006833217107 0.006584058981 0.005790246185 0.004557926673 0.004470932297 0.00444198586 0.003931657877 0.003509134054 0.003482337575 0.00346918311 0.003443471156 0.003371418687 0.003351412015 0.003335539252 0.003206415568 0.003189641517 0.003183077788
156,loss@230.03 loss@194.04 frag@303.1 frag@103.96 frag@251.04 loss@202.0 loss@45.02 frag@233.13 frag@433.19 loss@175.01 frag@148.02 frag@263.1 frag@298.16 loss@304.09 frag@98.03 frag@111.03 loss@233.04 loss@236.94 frag@154.01 loss@65.03,0.1114294007 0.08386861533 0.05649572238 0.05002453923 0.0358482115 0.01497789286 0.01490220055 0.008637543768 0.007364339195 0.006365564186 0.004800033756 0.004549038596 0.004544676282 0.004036661703 0.003922885284 0.003208528506 0.003060425632 0.003058797447 0.003030262422 0.002906116191
157,frag@137.03 frag@139.06 loss@165.12 frag@98.02 loss@251.11 loss@157.04 loss@205.09 loss@143.06 frag@95.01 loss@224.09 loss@261.13 loss@211.04 loss@271.05 frag@281.14 loss@192.07 loss@245.05 loss@173.13 loss@229.03 frag@198.94 loss@136.03,0.2727365196 0.003772774711 0.003371699248 0.003341699485 0.003307329724 0.003071457613 0.0028854087 0.002764512319 0.002758006798 0.002676516538 0.002604319481 0.00259710825 0.002551141893 0.002481216798 0.002460442949 0.002441118937 0.002378367819 0.002355348784 0.002345328452 0.002292854711
158,loss@228.1 loss@234.09 frag@256.06 loss@246.09 loss@264.1 frag@145.07 loss@228.12 frag@127.99 frag@51.03 frag@219.12 loss@202.12 frag@228.06 frag@196.05 frag@197.05 loss@230.09 frag@149.04 frag@133.04 frag@146.07 frag@219.02 loss@248.09,0.1087858826 0.09205371141 0.05200015754 0.02732964046 0.01379078161 0.00599979423 0.005783632398 0.005749043077 0.005699230358 0.005602413788 0.005562161095 0.005480757914 0.005429464858 0.005414963234 0.005382577889 0.005047789309 0.004922784865 0.004919619765 0.004505997058 0.004402684048
159,loss@237.03 loss@264.08 frag@182.01 frag@81.03 loss@232.0 frag@99.03 frag@53.04 loss@227.07 frag@97.01 frag@109.03 frag@447.13 frag@133.0 frag@293.12 frag@111.01 frag@208.01 frag@365.14 frag@319.19 frag@134.01 frag@259.04 frag@225.14,0.1040845737 0.1001897007 0.09254339337 0.01736539602 0.01703532785 0.007634634152 0.006301784422 0.005890036467 0.005769687705 0.005696886685 0.005198184401 0.004487236496 0.004043172114 0.004017241765 0.003998196684 0.003643410746 0.003593493486 0.00355648878 0.003231204348 0.003211671486
160,loss@166.1 frag@208.02 frag@175.11 frag@236.15 frag@218.15 frag@136.05 frag@241.99 frag@172.02 frag@300.17 frag@202.1 frag@173.95 frag@161.1 loss@179.0 frag@150.09 frag@319.16 frag@229.13 frag@142.12 frag@58.03 loss@136.09 frag@173.1,0.2350895554 0.005448672455 0.004729019944 0.004479263909 0.004234409891 0.003223375417 0.003164981259 0.002842881484 0.002657372039 0.002611135365 0.002468539402 0.002426459687 0.00233958941 0.002297291998 0.002239800757 0.002167691942 0.002129335422 0.002093839226 0.002053948585 0.002053665696
161,loss@159.08 frag@216.1 loss@149.09 frag@201.95 frag@172.09 frag@143.06 frag@144.07 frag@158.07 frag@188.11 frag@171.06 frag@231.12 frag@204.01 loss@160.06 frag@268.09 frag@215.09 loss@310.05 loss@177.09 frag@171.05 frag@130.97 frag@186.1,0.2443976998 0.168554157 0.0385648869 0.007049252745 0.00691204099 0.006820635404 0.006707207765 0.006275508087 0.005480612628 0.005473141093 0.005240491126 0.005038820207 0.00487766508 0.004604340065 0.00389225455 0.003767713672 0.003470717464 0.00343690929 0.003383934963 0.00331359799
162,frag@149.05 loss@69.03 loss@105.06 frag@264.12 frag@232.14 loss@158.1 frag@315.14 loss@340.97 frag@254.15 loss@28.01 frag@282.14 loss@116.01 loss@343.14 frag@272.06 frag@256.04 frag@56.96 loss@246.0 frag@150.06 frag@212.04 frag@310.13,0.1872348338 0.1690897048 0.08609744906 0.03154556826 0.02966440469 0.01686972566 0.01268282067 0.01249036752 0.01239822432 0.009011828341 0.006249591243 0.005222923122 0.005092671607 0.004318912048 0.004083767533 0.00404917961 0.003706640797 0.003464485519 0.003404631512 0.003349380568
163,frag@203.1 loss@309.18 frag@199.01 frag@267.14 loss@293.12 loss@244.16 loss@168.13 loss@251.07 frag@210.13 loss@209.07 loss@290.03 loss@337.18 loss@182.14 loss@182.07 frag@99.07 frag@190.09 loss@340.08 frag@213.14 loss@151.1 frag@208.04,0.1888772696 0.09712236375 0.0570336841 0.008547387086 0.005288723856 0.004571911413 0.004152913578 0.004011965822 0.003594036447 0.003550919937 0.003092059167 0.003059184877 0.002761223353 0.002650844865 0.002487333026 0.002412698697 0.00218352722 0.002106075641 0.002055699937 0.001981723122
164,loss@250.11 frag@148.08 frag@138.05 frag@124.03 loss@277.12 frag@56.01 frag@111.06 frag@142.12 frag@166.09 frag@171.01 frag@157.11 frag@177.09 frag@231.12 frag@237.03 frag@164.07 frag@381.17 loss@290.12 frag@85.01 frag@159.11 frag@256.1,0.219945401 0.01144975238 0.006658773404 0.005861582235 0.005622078199 0.005546034314 0.004952178802 0.004939066712 0.004890625365 0.004825348035 0.00404396886 0.003933718894 0.003818326164 0.0035858599 0.003441778943 0.003395030508 0.003321941011 0.003103507683 0.002909549512 0.002682443475
165,frag@123.03 loss@216.06 frag@165.04 loss@241.15 loss@274.12 loss@150.01 frag@98.02 frag@113.04 loss@255.08 loss@95.02 frag@44.98 loss@239.09 loss@217.13 loss@181.06 frag@135.03 frag@123.02 frag@151.02 loss@235.05 loss@140.03 loss@196.1,0.2108910233 0.1138780415 0.08802747726 0.03382912278 0.009720169939 0.008563224226 0.006517336238 0.006408399902 0.004586411174 0.004408874549 0.003878920339 0.003803593107 0.003572208574 0.003201862564 0.003177899169 0.003127281787 0.003093311796 0.002915497404 0.002829500707 0.002718354808
166,loss@108.06 loss@180.01 frag@216.1 frag@136.03 frag@160.02 frag@142.05 frag@199.01 frag@116.01 frag@241.14 frag@187.06 frag@295.14 frag@98.04 frag@175.03 loss@257.05 frag@340.13 frag@64.02 frag@178.06 frag@121.01 frag@302.22 frag@412.32,0.147036463 0.09374889731 0.01302755717 0.0098529635 0.008693539537 0.006574634463 0.005613105372 0.005491992924 0.005475383718 0.005394077394 0.005273982417 0.005165046547 0.004320021253 0.004292603582 0.004245900549 0.004180636257 0.004007881973 0.003997258842 0.003940272145 0.003888045438
167,loss@144.05 loss@126.04 frag@195.04 loss@154.04 frag@83.03 loss@143.07 loss@338.99 frag@98.04 frag@82.05 frag@128.04 frag@221.05 loss@187.01 frag@236.03 frag@107.03 frag@245.11 frag@193.04 frag@128.02 frag@122.94 loss@182.08 frag@125.04,0.1217578351 0.100465022 0.08305247873 0.05065399408 0.01381157991 0.01010573376 0.007563476451 0.006768135354 0.005385170691 0.005248784553 0.005138414446 0.004925777204 0.004732487723 0.004711122718 0.004357685335 0.003770757001 0.003744787769 0.003569806926 0.003315029666 0.00329769263
168,frag@109.03 frag@169.05 frag@81.03 loss@231.04 loss@224.01 frag@99.04 frag@127.04 frag@53.04 frag@263.09 frag@124.06 loss@254.04 loss@287.06 loss@245.11 loss@267.99 loss@278.1 loss@368.17 frag@113.06 loss@367.12 loss@319.98 loss@248.06,0.2312254906 0.04506668821 0.02624277957 0.02465533279 0.01913842 0.01550822984 0.007532045711 0.006877135951 0.004847447854 0.004363356158 0.00424720021 0.00395729905 0.003549123649 0.002942524618 0.002794939792 0.00255348091 0.002535579028 0.002441575285 0.002441378543 0.002344521461
169,frag@56.01 loss@180.05 loss@195.07 loss@164.04 frag@149.11 loss@193.05 frag@293.1 loss@134.02 loss@202.01 frag@113.01 loss@181.06 frag@120.06 loss@316.11 frag@121.08 frag@248.1 frag@102.03 frag@135.06 frag@176.05 loss@255.08 frag@184.03,0.1467259675 0.09758598357 0.0919643566 0.05007377639 0.02952200361 0.02898929641 0.01874837093 0.01825704426 0.01069840696 0.007575864438 0.006761920638 0.006107107736 0.006071325857 0.005321560428 0.005171417259 0.004633219447 0.004543323535 0.004333479796 0.00427652942 0.004262783565
170,loss@238.05 loss@287.11 loss@227.15 frag@180.04 frag@138.05 frag@293.09 loss@257.09 frag@246.07 frag@114.04 frag@155.98 frag@67.05 frag@43.02 frag@93.03 frag@67.02 frag@167.03 loss@186.04 frag@91.05 frag@91.06 frag@45.03 frag@65.04,0.09936314821 0.07794240117 0.06950253248 0.02263681032 0.01131734811 0.009667924605 0.007066924125 0.006956408732 0.006593026221 0.005946813617 0.005729453638 0.005604117643 0.00543546211 0.005228444003 0.005057071336 0.004955083132 0.004835520405 0.00478049973 0.004755105358 0.004593218211
171,frag@220.11 loss@316.22 frag@210.13 loss@155.1 frag@208.11 frag@347.15 frag@168.08 frag@254.12 loss@253.11 frag@232.13 loss@280.03 loss@166.15 loss@190.15 frag@71.0 loss@203.13 frag@228.11 frag@184.11 frag@289.1 loss@275.1 loss@290.03,0.1628058851 0.03968930617 0.03727559373 0.02891161852 0.01042783726 0.009955854155 0.004599257838 0.004065484274 0.003998817876 0.003569855588 0.003543807194 0.003078861395 0.002839121502 0.002750563435 0.002458876232 0.002332181204 0.00221164641 0.002073784359 0.001958115958 0.00194893498
172,frag@265.11 loss@243.06 loss@300.1 loss@330.12 loss@272.04 loss@199.95 loss@270.11 frag@237.03 frag@115.02 frag@353.14 frag@172.96 frag@299.07 loss@227.14 frag@241.02 frag@227.04 frag@189.14 frag@293.14 loss@197.07 frag@167.08 frag@154.01,0.1038816422 0.08547911048 0.04275742918 0.02551805973 0.02259829268 0.01673975587 0.007698359899 0.004729799926 0.004698312376 0.004388514906 0.004354437813 0.004198826849 0.003404242452 0.003355721943 0.003250677371 0.003022140823 0.002775474917 0.002726817038 0.002680659527 0.002496014116
173,loss@155.06 loss@127.04 loss@170.08 frag@114.07 frag@67.04 frag@80.05 loss@128.05 frag@54.03 frag@72.94 frag@183.98 frag@150.06 loss@102.03 frag@55.02 frag@169.17 frag@42.03 frag@93.06 frag@140.08 loss@77.04 frag@56.05 frag@108.04,0.1122628525 0.07668764144 0.07655041665 0.04848611355 0.04784241691 0.01661070623 0.01642887667 0.01394961122 0.011480405 0.0107333241 0.009416005574 0.009175126441 0.007683958393 0.007370277774 0.00728543615 0.00680133421 0.006551305298 0.005794323515 0.005437540356 0.005024214741
174,loss@171.13 loss@199.12 frag@154.02 frag@191.11 frag@151.05 loss@226.14 loss@253.18 frag@83.09 frag@174.03 frag@227.08 frag@150.13 frag@137.03 frag@55.02 frag@230.1 frag@130.97 frag@129.1 frag@55.05 frag@154.12 frag@349.13 loss@187.12,0.1798879504 0.08877879381 0.05057673529 0.02831258066 0.01691887528 0.01529366616 0.01493036002 0.01325633656 0.01149433386 0.0102539314 0.008882657625 0.008162223734 0.007226558868 0.006447945721 0.005783844274 0.004923985805 0.004705823027 0.004460392054 0.004205000121 0.004036292899
175,loss@150.08 frag@151.09 frag@191.08 loss@152.09 loss@205.03 loss@226.05 loss@180.09 frag@163.09 loss@208.08 frag@282.12 frag@124.04 frag@334.14 loss@338.13 loss@154.08 loss@192.09 loss@173.13 loss@253.02 frag@135.06 loss@308.07 frag@188.08,0.1813310087 0.129067257 0.09869447351 0.0402784273 0.0218518544 0.01780911162 0.01406719629 0.009606683627 0.007610985078 0.005257335957 0.005161075853 0.005123315379 0.004978227429 0.004966548178 0.004864525981 0.004834907129 0.004785538185 0.003876178293 0.003687426448 0.003601795528
176,loss@259.08 loss@149.12 loss@288.09 frag@239.12 frag@142.97 loss@122.0 frag@324.12 frag@249.13 frag@171.04 frag@190.05 frag@213.1 frag@200.99 frag@175.04 frag@304.17 frag@201.07 frag@222.1 frag@195.09 frag@309.1 frag@186.08 frag@236.11,0.1105420217 0.09602271765 0.06693033874 0.03894449025 0.02492328547 0.0168163795 0.01427908894 0.008859900758 0.007370256353 0.006517525762 0.00524303643 0.00513813924 0.004877336789 0.00456579309 0.004534820095 0.004455354065 0.004453342874 0.003961166833 0.003954597283 0.003886357183
177,frag@201.05 loss@206.18 loss@151.05 loss@191.02 loss@230.99 loss@127.91 loss@188.97 loss@157.09 frag@448.16 frag@220.16 loss@234.21 frag@262.07 frag@328.11 frag@193.09 frag@224.06 frag@115.06 frag@189.02 frag@172.92 loss@159.03 frag@176.06,0.1910744309 0.08421543986 0.05123726651 0.03610059619 0.03442401439 0.02747890167 0.01613736711 0.009093888104 0.007628199179 0.006661248393 0.004341462161 0.004048509523 0.004037587903 0.004023395013 0.003827680135 0.003736354876 0.003266249318 0.003033856628 0.002766510472 0.002641698578
178,loss@152.11 frag@153.04 frag@166.07 frag@160.99 frag@110.03 frag@196.96 loss@212.01 loss@160.03 loss@139.1 loss@225.07 loss@165.06 frag@134.05 loss@132.04 frag@170.02 loss@246.08 loss@116.05 loss@175.08 loss@325.06 frag@166.02 loss@196.06,0.1502096355 0.1294870228 0.1114899963 0.027459668 0.01190469135 0.01055147871 0.01028255653 0.008273972198 0.007853507064 0.006980864797 0.005800681189 0.005656844936 0.00563404616 0.004956646822 0.004050797783 0.003916830756 0.003434093902 0.00337854377 0.00290314178 0.002882207045
179,loss@129.09 frag@220.99 frag@312.09 loss@172.07 frag@113.07 frag@113.04 frag@308.14 frag@329.11 frag@147.09 frag@259.14 frag@317.11 frag@250.07 frag@150.01 frag@148.04 frag@180.1 frag@227.09 frag@231.11 frag@142.04 frag@130.04 frag@353.07,0.2280774117 0.01031978615 0.005787218921 0.005435910076 0.00451538153 0.00385518861 0.003630213207 0.003303488949 0.003231641604 0.003216563258 0.002907063114 0.002861967543 0.002727770014 0.002548860852 0.00242322078 0.00227491674 0.0021750913 0.002154611051 0.00207958743 0.002039480256
180,loss@262.1 loss@274.1 frag@114.0 loss@281.05 frag@124.04 frag@57.07 frag@55.02 frag@41.04 frag@158.03 frag@165.14 frag@84.09 frag@176.98 frag@202.09 frag@275.18 frag@84.08 loss@144.08 frag@83.02 frag@141.02 frag@159.1 loss@260.15,0.1338663101 0.09697395563 0.08651548624 0.0265348535 0.01014330704 0.006749958266 0.006200777367 0.005535483826 0.005039941985 0.004614297301 0.004541494884 0.003988386132 0.003968461882 0.003404535819 0.003377049696 0.003376420354 0.00335877086 0.003284436651 0.003057390684 0.00297879125
181,loss@193.12 frag@203.12 frag@209.06 frag@187.02 frag@145.01 frag@192.02 loss@156.07 frag@154.99 frag@174.92 loss@124.08 loss@219.17 frag@248.1 frag@179.01 frag@207.16 frag@182.94 loss@261.09 frag@139.99 loss@167.11 frag@188.09 loss@247.01,0.2783052027 0.06048281118 0.05657719076 0.05621833354 0.05276491866 0.04916726053 0.04098500684 0.03430886194 0.01846168377 0.01749414206 0.01010211837 0.008382088505 0.005215031095 0.005180233624 0.005138377193 0.004368104041 0.004359179642 0.003681913251 0.00325446995 0.002953927265
182,loss@454.17 frag@303.05 loss@308.11 frag@271.06 loss@324.11 frag@301.07 frag@287.06 frag@317.07 loss@294.09 loss@312.11 loss@282.09 frag@287.05 frag@273.08 loss@360.13 frag@285.08 loss@470.16 frag@195.03 loss@600.23 loss@162.05 loss@510.14,0.05927135795 0.0540759638 0.05307079852 0.04975016788 0.04666299 0.04152824357 0.04028718546 0.03338998556 0.02817004733 0.02664887346 0.0260454081 0.0229704529 0.01687640138 0.01298873872 0.01269520726 0.009538372979 0.008393332362 0.0071310536 0.007005054504 0.005940303672
183,frag@95.05 frag@105.04 frag@77.04 loss@188.06 loss@239.1 loss@208.07 loss@214.04 loss@240.15 frag@125.06 loss@257.11 loss@110.01 frag@65.04 loss@227.04 frag@79.05 loss@171.06 loss@194.06 loss@186.06 frag@53.04 loss@321.17 loss@243.15,0.2001946718 0.07793131471 0.05900898576 0.02712552249 0.02699937113 0.02399155498 0.02262800559 0.02047083154 0.01817444153 0.01621391065 0.01510873158 0.01448194403 0.01167147234 0.0114970943 0.01097582001 0.01047162246 0.0101729827 0.01016979758 0.008965714835 0.007730352692
184,loss@112.05 loss@205.02 frag@156.1 frag@91.04 frag@46.06 frag@45.03 frag@43.02 frag@97.06 frag@181.04 frag@44.01 frag@109.03 frag@113.06 frag@101.02 frag@85.06 frag@53.0 frag@67.05 frag@205.06 frag@59.0 frag@138.01 frag@197.07,0.2570704222 0.04157707095 0.03686020523 0.03559489921 0.03045593575 0.02294035256 0.01613153704 0.008819421753 0.008563131094 0.008070511743 0.006161730271 0.00598140154 0.005608219188 0.00556378765 0.005158077925 0.005108518992 0.004609050695 0.004553985316 0.004297236446 0.004187519196
185,frag@144.95 loss@160.97 loss@117.96 frag@127.01 frag@116.96 loss@151.05 loss@165.06 loss@56.01 loss@167.08 loss@184.16 loss@175.02 loss@340.05 loss@172.12 loss@208.0 loss@148.01 loss@362.2 loss@129.99 loss@201.02 loss@130.99 loss@119.03,0.3491761684 0.05392137542 0.04424334317 0.02289164811 0.006438451353 0.00562628312 0.005479499232 0.003984981216 0.00276541058 0.002714317292 0.002568694297 0.002468038816 0.002192355692 0.002122008009 0.001903150114 0.001678557601 0.001430569915 0.001366967219 0.001332833781 0.001260769786
186,frag@159.07 loss@159.07 frag@185.05 loss@57.07 loss@185.06 loss@113.13 loss@174.08 frag@174.09 frag@155.06 loss@100.13 frag@247.01 loss@160.06 frag@172.08 loss@102.06 loss@144.06 loss@79.01 frag@156.08 frag@140.05 loss@187.01 frag@145.06,0.2679167986 0.175486967 0.03894481808 0.03721713275 0.01681489497 0.008074517362 0.006142580882 0.004914510995 0.004598048516 0.00435703015 0.004323650151 0.003736747894 0.003466796596 0.003316535149 0.003280781209 0.003187329276 0.003168645781 0.003035336034 0.002942846855 0.002908486407
187,frag@178.04 loss@139.05 loss@140.09 frag@206.05 frag@190.04 frag@192.06 frag@217.04 loss@191.07 loss@146.05 frag@175.05 loss@127.02 loss@157.03 loss@245.16 loss@129.06 loss@151.02 loss@175.07 frag@377.07 frag@151.03 loss@156.05 loss@233.16,0.2044060975 0.1443416774 0.07277140766 0.06294328719 0.03341366351 0.01000963431 0.008015287109 0.006490698084 0.005840382539 0.005298890173 0.005258753896 0.005197836552 0.005182255059 0.004997798242 0.004980108235 0.003331906628 0.003019543597 0.002802364528 0.00274396711 0.002707532141
188,frag@196.97 frag@200.97 loss@33.99 frag@279.17 frag@249.15 frag@263.07 loss@287.02 frag@205.1 frag@181.96 loss@110.98 frag@193.03 frag@180.98 frag@282.1 frag@392.11 frag@250.09 frag@236.06 frag@144.03 frag@210.03 frag@146.05 frag@170.11,0.00203113677 0.001944131334 0.001574169728 0.001321863034 0.001320788753 0.0009173850412 0.0008367966511 0.0008254165878 0.0007897274336 0.0007612645277 0.0007507248083 0.0007501726504 0.0007378007285 0.0007316654082 0.0006951875403 0.0006738090888 0.0006699265214 0.0006322927075 0.0006306237774 0.000628125621
189,frag@139.05 frag@71.06 frag@182.09 loss@291.15 loss@300.14 frag@239.1 loss@293.17 loss@258.13 loss@178.11 frag@91.02 loss@223.15 frag@200.02 loss@176.02 frag@99.06 loss@238.09 loss@181.09 loss@176.13 loss@196.11 loss@244.06 loss@186.12,0.2329966575 0.05328208953 0.031644281 0.02996007912 0.01743686944 0.0153913945 0.006287536584 0.005155924242 0.004588374868 0.003828538116 0.003717065789 0.003148756223 0.002813962987 0.002688707085 0.002358997939 0.002252737759 0.002142508514 0.002061892767 0.001934514614 0.001911501982
190,loss@224.11 loss@170.05 frag@161.09 frag@138.06 frag@180.1 frag@103.06 frag@146.07 frag@292.13 frag@187.1 frag@134.07 frag@185.07 frag@145.04 frag@152.08 frag@173.09 frag@161.08 frag@51.03 frag@211.01 frag@161.1 frag@148.05 loss@106.98,0.1698772162 0.1680778414 0.157306388 0.006552048493 0.005727795418 0.005159761757 0.004922594409 0.00488655502 0.004651721567 0.004401440732 0.004160898272 0.004118986893 0.003889744403 0.003770472249 0.003677413566 0.003524263855 0.003343405901 0.003267237917 0.00323688495 0.003216027282
191,frag@81.07 frag@79.05 loss@281.14 loss@283.09 loss@208.02 frag@93.07 loss@136.13 loss@265.15 loss@266.15 frag@67.05 loss@228.17 frag@95.09 loss@314.13 loss@407.14 loss@237.14 loss@181.11 loss@225.15 loss@224.15 loss@282.96 loss@302.03,0.3022915125 0.08227034658 0.02884902619 0.01918307878 0.01636924036 0.01526055764 0.01515954453 0.01301156171 0.01270292792 0.01201307494 0.01097661164 0.009534306824 0.009305819869 0.009254267439 0.008428854868 0.00834269356 0.007949819788 0.007819906808 0.007394233719 0.007345471065
192,frag@94.06 frag@122.06 loss@190.08 loss@214.05 loss@176.01 loss@272.05 loss@239.0 loss@274.15 loss@153.15 loss@221.04 frag@68.05 frag@110.06 loss@273.04 frag@94.07 frag@93.03 frag@80.05 frag@53.04 frag@93.06 loss@119.02 loss@195.13,0.1685414165 0.1597255766 0.07845524698 0.03558332473 0.02323688939 0.01945128851 0.01794589125 0.01136437524 0.01027078461 0.00903967768 0.008861663751 0.007976513356 0.006380711682 0.006367847789 0.006350278854 0.005374012049 0.004824184813 0.004565368872 0.004309063777 0.004233015236
193,frag@69.03 loss@294.15 loss@68.03 frag@41.04 loss@365.17 loss@833.44 loss@479.21 loss@343.12 loss@445.16 frag@87.04 loss@349.17 loss@362.1 frag@83.05 frag@97.03 frag@99.04 loss@448.16 loss@805.41 loss@288.08 frag@113.06 loss@282.11,0.3517177403 0.06856901199 0.03604945168 0.0195344612 0.01768888533 0.01194463484 0.01167096477 0.009144061245 0.007678057998 0.007485514507 0.007265752181 0.007027522661 0.006574712694 0.006527680438 0.006286115386 0.006075877231 0.006051503122 0.006016028114 0.005737750791 0.00567896571
194,loss@187.06 loss@289.14 loss@279.09 loss@302.16 frag@220.1 frag@275.18 frag@186.09 frag@120.08 frag@150.13 frag@188.11 loss@240.11 loss@259.12 frag@223.01 loss@264.12 frag@159.1 frag@163.06 frag@220.05 frag@247.14 frag@243.16 frag@196.11,0.1151091158 0.04652749747 0.04568927363 0.03399031609 0.02255796641 0.01533151045 0.01033516508 0.009282232262 0.00774238212 0.007309847046 0.006380485836 0.005951479543 0.005891411565 0.005507508293 0.005448898301 0.005403584801 0.004536361899 0.004476891365 0.004453908186 0.004194908775
195,loss@154.09 frag@208.02 loss@135.09 frag@211.01 frag@208.07 frag@173.95 frag@141.04 frag@148.05 frag@253.1 frag@196.1 frag@225.14 frag@170.03 frag@233.13 loss@166.1 frag@298.16 frag@175.11 frag@170.98 frag@164.14 frag@173.07 frag@342.03,0.1377719939 0.05483470857 0.02946404554 0.008139972575 0.005102524068 0.004252381157 0.003651210107 0.003201333573 0.00294064777 0.002932331758 0.002813895233 0.002768217586 0.00271806377 0.002694202587 0.002639804501 0.002552660182 0.002495778492 0.002271479229 0.002196805552 0.002156171016
196,loss@202.12 loss@264.1 frag@162.98 frag@169.0 loss@223.07 frag@116.03 frag@112.99 frag@51.03 frag@89.07 frag@173.95 frag@219.12 frag@85.09 frag@136.05 frag@161.07 frag@113.01 frag@84.99 frag@146.07 frag@381.17 frag@103.06 frag@185.09,0.2029098719 0.06844398379 0.03158130497 0.01195958629 0.007808463648 0.007162293885 0.006191420835 0.005810322706 0.005496241152 0.004850323312 0.004525187425 0.003820496378 0.003645494115 0.003598816227 0.003235893324 0.003213289427 0.003050265834 0.003049468854 0.002863970818 0.002805235796
197,loss@155.07 frag@193.04 frag@125.03 loss@171.01 frag@245.04 loss@172.02 loss@285.13 loss@108.08 loss@231.04 frag@348.11 frag@231.13 loss@236.04 loss@149.06 frag@137.01 frag@149.03 loss@248.04 loss@157.02 frag@98.99 frag@166.03 frag@124.02,0.1675180346 0.1594713032 0.1010400057 0.05564851686 0.03601317853 0.02152600139 0.01420245413 0.009691598825 0.004890407436 0.004603200126 0.004594224971 0.003453986952 0.003425853094 0.003327052342 0.003023465164 0.002996419091 0.002910388634 0.002786061261 0.002744177124 0.002707055071
198,loss@178.07 frag@185.03 loss@80.04 frag@51.02 frag@147.03 frag@115.03 frag@124.04 frag@162.05 loss@206.07 frag@93.04 frag@190.05 frag@119.06 frag@184.06 frag@178.06 frag@105.06 frag@191.08 frag@120.04 frag@206.06 frag@145.04 frag@253.1,0.3162994385 0.05632651225 0.02495629527 0.009120898321 0.008757101372 0.006436681375 0.006267885212 0.006161254831 0.005178817548 0.005138410721 0.004742030986 0.003522240557 0.003422255162 0.003382532857 0.003351795487 0.003303337144 0.003220546525 0.003157285741 0.002887657378 0.002878387691
199,frag@207.07 loss@284.16 loss@298.06 loss@296.16 loss@326.17 loss@280.16 loss@277.07 frag@151.04 frag@245.08 loss@312.16 loss@210.09 loss@199.11 frag@179.07 frag@108.03 frag@332.05 loss@286.09 frag@139.08 frag@297.15 loss@287.08 loss@154.06,0.2729283273 0.109680295 0.05940838158 0.03385652229 0.01458185539 0.006126285065 0.005298147444 0.004710005131 0.004053771961 0.003810979193 0.003620328149 0.003565665567 0.002863970818 0.00272142468 0.002653204836 0.00256850943 0.002456140472 0.002349748276 0.002287548268 0.002202730859
200,frag@231.11 frag@222.08 loss@204.16 loss@153.13 frag@288.13 frag@349.07 frag@211.98 frag@275.12 frag@203.1 loss@211.0 loss@57.02 frag@157.09 loss@174.96 loss@145.05 loss@198.03 frag@237.07 loss@388.12 frag@224.97 frag@227.08 frag@125.05,0.1616930217 0.0764837712 0.07453912497 0.05581412464 0.02258367091 0.01785225235 0.01034260634 0.006778639741 0.006166209001 0.003163666232 0.002995616058 0.002617163351 0.002503915923 0.002221891657 0.001994612394 0.001988829579 0.00198259647 0.001852867776 0.001847819192 0.001840645098
201,loss@188.07 frag@264.07 loss@223.0 frag@218.09 frag@148.05 frag@172.05 frag@125.05 frag@168.06 frag@213.07 frag@130.04 frag@190.06 frag@184.08 frag@342.03 frag@141.05 loss@155.03 frag@391.17 frag@200.06 frag@126.06 frag@135.1 frag@159.04,0.2804994583 0.04779966176 0.03220611811 0.006755279843 0.006197131239 0.005618172232 0.005358071066 0.003562964732 0.003458859865 0.003240529681 0.003223227803 0.003142046742 0.002791074337 0.002593517769 0.002564111724 0.002535268664 0.002479836112 0.0021974009 0.002146295505 0.002072827425
202,loss@112.06 frag@172.97 frag@225.16 frag@94.05 loss@189.97 loss@155.07 frag@68.01 frag@169.06 loss@148.05 loss@171.13 frag@142.01 frag@223.1 frag@151.05 frag@135.0 frag@171.01 frag@327.08 frag@162.13 frag@366.15 frag@95.02 frag@269.1,0.245205 0.1606612355 0.02100678533 0.01239692327 0.01028401311 0.009132678621 0.004143147729 0.003679136513 0.002828137483 0.002523977309 0.002320298227 0.00206634216 0.002052045893 0.001903984114 0.001870086417 0.001826872234 0.001822111662 0.001805571374 0.001710997429 0.001643018681
203,loss@182.09 frag@194.09 frag@189.04 frag@155.08 frag@127.06 frag@182.03 frag@116.01 frag@137.07 frag@70.04 frag@137.05 frag@157.03 frag@108.06 frag@118.04 frag@290.13 frag@290.16 frag@192.02 loss@156.04 loss@172.07 frag@97.01 loss@172.03,0.2281950712 0.1347422302 0.07056749612 0.004598856438 0.004266133066 0.002800239017 0.002354681492 0.002178315539 0.001859920565 0.001737999497 0.001655300963 0.001562955091 0.001518264064 0.001513650059 0.001471450902 0.001460235915 0.001396376523 0.001392765669 0.001337563852 0.00133445242
204,frag@188.12 frag@148.07 loss@138.1 loss@147.08 loss@119.05 loss@161.1 loss@309.06 frag@220.13 loss@185.1 loss@124.05 loss@148.05 frag@146.07 frag@202.11 loss@132.07 frag@190.1 loss@137.08 frag@248.07 frag@214.13 loss@269.05 loss@263.05,0.2448348403 0.04725176096 0.01610410213 0.01105023175 0.01039736159 0.007332587149 0.007005968597 0.006372542586 0.005480634514 0.004769186024 0.004692318849 0.00431700889 0.003487263108 0.003318764037 0.003252119059 0.003249544185 0.003201357322 0.003048849991 0.003007017309 0.002915761899
205,frag@56.96 loss@173.05 loss@254.06 frag@150.04 loss@191.08 frag@181.04 loss@169.06 loss@174.06 frag@98.04 frag@72.98 frag@256.96 frag@161.01 frag@109.01 loss@201.01 frag@176.07 frag@194.08 frag@147.05 frag@137.04 loss@177.03 frag@190.04,0.2218067199 0.1975178123 0.05162436515 0.008476086892 0.004055179656 0.003649424529 0.003056105692 0.002902858658 0.002806473058 0.002721205121 0.002692214446 0.00245482265 0.00238458626 0.002381051891 0.002363022184 0.002140114782 0.002124414081 0.002121809404 0.002093327232 0.002072873292
206,frag@228.99 loss@85.04 frag@165.02 frag@67.02 loss@212.11 loss@280.09 frag@241.02 frag@125.0 loss@140.08 loss@287.06 loss@274.08 frag@338.14 loss@312.1 frag@148.06 frag@223.01 frag@81.03 loss@254.04 frag@182.96 loss@321.17 frag@247.07,0.1486404687 0.1325024068 0.005589878187 0.003652240615 0.003398866626 0.002579080174 0.002157474635 0.002033702098 0.00188698282 0.00183643843 0.001797640347 0.001764741959 0.001747941365 0.001744185458 0.001708704513 0.001608647988 0.001542480662 0.001538585057 0.001400489011 0.001400197623
207,frag@108.02 loss@146.03 loss@155.03 loss@147.04 loss@149.05 frag@52.03 frag@125.05 loss@167.06 frag@113.01 loss@169.06 frag@102.03 frag@166.01 frag@139.01 loss@214.06 frag@107.03 loss@148.04 loss@155.07 loss@54.02 loss@81.02 loss@27.01,0.2043841928 0.08620145172 0.0744606927 0.008538913913 0.008509257808 0.006877062377 0.004427103791 0.003620344214 0.003363158088 0.003187350929 0.002853360958 0.002694170224 0.002546580276 0.002530049533 0.002482414246 0.002423999831 0.002250315621 0.002243601019 0.002218024805 0.002207921119
208,loss@170.11 frag@114.0 frag@246.08 frag@84.09 frag@84.08 frag@112.08 frag@73.06 frag@233.13 frag@355.2 frag@85.04 frag@239.21 loss@184.12 loss@250.1 frag@56.05 frag@155.98 loss@220.05 frag@337.06 frag@178.12 loss@153.12 frag@126.08,0.2736843824 0.01253052521 0.008874663152 0.008327701129 0.007399011869 0.006983368658 0.005737874191 0.005290350411 0.004235766828 0.003773738863 0.003595986869 0.00340980757 0.002836028347 0.002786132274 0.002669297392 0.002663552761 0.002656938974 0.002605569083 0.00255202502 0.002155843889
209,loss@178.12 frag@179.13 frag@153.11 frag@265.05 frag@205.14 frag@122.07 frag@193.11 frag@152.12 frag@110.07 frag@162.1 frag@134.07 loss@209.06 loss@297.15 frag@190.13 loss@311.07 frag@95.06 frag@124.09 frag@136.09 loss@220.13 frag@151.1,0.2157313228 0.1743943393 0.05105383694 0.01331026666 0.007391341962 0.006862647831 0.006573798601 0.004078423604 0.003759147832 0.003581745317 0.003438073443 0.003382173367 0.003218672471 0.003192066913 0.003080398776 0.002934677294 0.002925030654 0.002761937212 0.00270197168 0.002605136484
210,frag@197.06 loss@160.12 frag@308.06 frag@353.07 frag@169.06 loss@174.09 loss@117.06 loss@194.02 frag@346.12 loss@171.11 frag@171.08 frag@55.03 frag@172.92 frag@210.13 loss@188.12 loss@45.02 frag@206.08 frag@211.04 loss@280.16 frag@144.96,0.2341716737 0.2095236182 0.03289479762 0.01377086435 0.006584131625 0.003276989562 0.003195724916 0.003135109553 0.002812345512 0.002494222019 0.002435964765 0.002432067646 0.002118397038 0.002106187632 0.002095784526 0.00193874992 0.001907796017 0.001905177021 0.001895940397 0.001821595244
211,loss@218.01 frag@73.04 frag@212.09 frag@344.11 frag@114.04 frag@163.02 loss@113.01 loss@62.09 loss@291.13 frag@336.08 loss@365.14 frag@135.03 frag@88.04 loss@273.07 frag@131.0 frag@148.06 frag@255.03 frag@112.02 frag@227.05 frag@117.05,0.1053341702 0.06761664152 0.0595382899 0.0215812698 0.004284061491 0.004255218897 0.002990600653 0.00242908136 0.002249010839 0.002099320758 0.00204637344 0.001985003008 0.001723783556 0.001717032283 0.001618741662 0.001516667427 0.001506263157 0.001503901323 0.001492963987 0.001489575021
212,frag@138.05 frag@110.02 loss@304.05 loss@298.04 loss@265.14 frag@83.01 loss@245.05 frag@164.07 loss@249.1 loss@305.1 loss@185.12 loss@310.09 loss@295.11 loss@268.09 loss@267.13 loss@238.1 loss@127.08 frag@84.04 loss@209.14 loss@245.02,0.2303498536 0.05678704754 0.02445917577 0.02190774679 0.00628949469 0.003413268598 0.002828700701 0.002786416095 0.002392522991 0.002327076625 0.002302615205 0.002185467863 0.002170291496 0.002043887973 0.00198090123 0.00196918752 0.001956672408 0.001908225357 0.001875765854 0.001857372117
213,frag@220.05 frag@134.02 frag@116.03 frag@163.03 loss@252.07 loss@241.08 frag@51.03 frag@83.03 loss@151.08 loss@178.08 frag@127.06 frag@161.07 loss@199.03 loss@237.22 loss@225.09 loss@205.07 loss@202.12 loss@141.02 frag@144.07 frag@209.02,0.1142652258 0.06313852966 0.04380593076 0.004332110286 0.003571488429 0.003347941907 0.00310624647 0.00307060359 0.003013015259 0.002973224968 0.002829312114 0.00251438655 0.002484728117 0.002198996255 0.002169079147 0.001971323509 0.001964188414 0.001891362597 0.001836834708 0.00179786724
214,loss@186.08 frag@211.02 frag@71.03 frag@336.21 frag@159.09 frag@240.08 frag@172.04 frag@170.06 frag@185.07 frag@180.01 frag@173.95 frag@125.99 frag@281.14 frag@55.04 frag@125.02 frag@93.03 frag@189.08 frag@319.12 frag@246.06 loss@125.04,0.306357801 0.03920086473 0.03243218362 0.02948367409 0.009428462014 0.006359613035 0.005107861012 0.005106421653 0.004932764452 0.004011693876 0.003999916371 0.003966932651 0.003851760412 0.003747152863 0.003535356373 0.003150624223 0.003062852193 0.003012979636 0.002776758047 0.002710086526
215,loss@185.98 frag@198.99 loss@145.95 loss@270.03 frag@158.96 loss@169.01 frag@235.16 frag@164.08 frag@329.2 frag@134.96 frag@206.09 frag@155.04 frag@144.1 frag@135.09 frag@262.11 frag@189.06 frag@88.04 frag@206.13 frag@127.03 frag@189.03,0.16815795 0.06861287355 0.04168254882 0.04024744406 0.01942482032 0.01708647795 0.0137236882 0.00762593234 0.007026296109 0.006543272175 0.006486234721 0.00630651461 0.006002360489 0.005985622294 0.004370765761 0.004026997369 0.003820657497 0.003326213453 0.003299066564 0.003204722656
216,frag@101.03 loss@340.1 loss@187.98 frag@170.04 loss@146.14 loss@240.0 frag@283.14 frag@206.07 frag@189.06 loss@262.08 frag@85.04 frag@174.02 loss@212.12 frag@269.09 loss@291.13 frag@351.09 frag@235.97 frag@315.07 frag@218.14 frag@264.05,0.111102581 0.09254539013 0.0793428272 0.07383427024 0.01741575636 0.01177417208 0.009988566861 0.006212796085 0.00415793946 0.002796630841 0.002660436789 0.002587739378 0.002400168916 0.001963593066 0.001958013512 0.001839128789 0.001800949569 0.00175306818 0.001743723173 0.001684795367
217,loss@56.06 frag@205.05 loss@73.09 loss@74.07 frag@365.1 loss@86.07 loss@98.07 frag@130.05 loss@100.09 loss@72.06 frag@485.33 frag@229.05 loss@73.05 frag@215.14 frag@261.11 loss@42.05 loss@82.08 frag@379.12 frag@367.12 frag@311.05,0.04307019711 0.03199568391 0.02994604968 0.02382841706 0.02217424102 0.02214916609 0.02198264934 0.02162715793 0.01974072494 0.01729437895 0.01505211182 0.01392218936 0.01339272689 0.01239886414 0.01153846644 0.01070727687 0.00968051888 0.009061138146 0.009003734216 0.008296804503
218,frag@130.03 frag@130.04 loss@191.07 frag@224.04 frag@248.07 loss@216.08 loss@179.08 frag@112.06 loss@173.1 frag@184.06 loss@211.04 loss@200.11 loss@134.03 loss@186.07 loss@267.02 loss@185.04 frag@86.99 loss@183.0 loss@152.03 frag@147.06,0.1855662763 0.1057005152 0.09269911051 0.03610381857 0.01198568102 0.005433733575 0.004989820533 0.004912188742 0.004213364795 0.004053920507 0.003460297128 0.003053570632 0.002905484987 0.002745111939 0.002532843966 0.002447926207 0.00224580802 0.002135399496 0.002056647092 0.002032856923
219,frag@182.94 frag@172.96 loss@302.0 loss@240.14 frag@94.04 loss@253.04 loss@198.96 frag@223.07 loss@133.09 frag@258.08 loss@276.21 loss@138.12 loss@198.98 loss@263.07 loss@261.09 loss@126.09 loss@115.08 loss@176.13 loss@166.09 loss@226.99,0.2838907838 0.09108442813 0.05211681873 0.02526796237 0.01594021171 0.01288911887 0.007943421602 0.007075633388 0.005764504895 0.00499584619 0.004647728987 0.003872066038 0.003325850237 0.003295509843 0.003143468872 0.003088138532 0.003072065534 0.002582071815 0.002439647447 0.00238573947
220,frag@119.09 frag@147.08 loss@207.07 loss@248.13 frag@123.08 loss@296.09 loss@296.13 loss@328.07 loss@204.12 loss@271.19 loss@224.15 frag@131.09 loss@256.09 loss@339.07 loss@237.02 loss@209.02 loss@320.2 frag@149.1 frag@129.07 loss@308.13,0.1771018058 0.1484088153 0.06762333959 0.06458365172 0.04676419869 0.039388787 0.02945544012 0.02464929968 0.01382284891 0.01364847366 0.01059956942 0.01004283316 0.008050679229 0.007966833189 0.007344509475 0.006943132263 0.006672135554 0.006268967409 0.006036592182 0.005991853308
221,frag@164.04 loss@269.09 frag@212.04 loss@169.02 frag@180.98 frag@162.97 loss@141.07 frag@189.11 loss@209.04 loss@179.12 loss@241.13 frag@276.14 loss@294.01 loss@192.01 frag@305.14 frag@144.1 loss@175.09 loss@164.04 frag@133.09 loss@281.08,0.1185378805 0.070658952 0.06583296508 0.05688825622 0.05554318056 0.05253579095 0.04860488698 0.03043323196 0.02861945517 0.0210054405 0.01651331037 0.01369264349 0.007046349812 0.006799135823 0.004611992743 0.004307825118 0.003495615674 0.003282318125 0.003279762575 0.003275485244
222,frag@155.02 loss@173.06 loss@147.08 frag@198.16 frag@173.02 loss@132.06 frag@118.04 frag@174.07 frag@143.06 loss@308.07 loss@84.0 frag@174.92 loss@201.05 frag@139.02 loss@152.03 frag@297.09 frag@170.05 frag@187.98 loss@146.05 loss@182.08,0.2286952734 0.1889174283 0.07050326467 0.02123835497 0.006312713958 0.003688794095 0.003113943152 0.003006455256 0.002858885797 0.002822669223 0.00235676812 0.002352397656 0.002261771122 0.002257560147 0.002059116494 0.002031046432 0.001868216204 0.001739696483 0.001709274249 0.00164788554
223,loss@225.09 frag@206.03 frag@344.21 frag@259.03 loss@323.06 frag@270.11 frag@123.03 loss@277.07 frag@155.07 loss@169.06 frag@175.05 loss@320.1 frag@264.12 loss@175.11 frag@167.08 frag@165.03 frag@240.03 frag@273.11 loss@227.08 frag@180.08,0.2375610769 0.2031995952 0.02727628499 0.01285715494 0.01061733812 0.004779780749 0.004530252423 0.003939672839 0.003695769701 0.003580057528 0.003545849584 0.003095465247 0.003012226429 0.002858615248 0.002325731097 0.001965170028 0.001941324444 0.001935539069 0.001916120411 0.001888055471
224,frag@43.02 loss@349.09 loss@105.04 loss@80.05 frag@97.06 frag@67.05 loss@156.01 loss@112.05 loss@222.08 frag@57.03 loss@171.0 frag@79.02 loss@98.04 loss@421.16 frag@53.0 loss@243.15 loss@115.04 loss@248.02 frag@56.96 loss@128.05,0.347252667 0.01838032901 0.01489752624 0.01236848719 0.006872617174 0.005997101776 0.004611027893 0.004284795374 0.004246381577 0.004134200048 0.003596267663 0.003194535617 0.003191099269 0.003124041716 0.003123390721 0.003095432417 0.003073450178 0.002956508659 0.002845417941 0.00281387358
225,frag@125.02 frag@153.01 loss@264.07 loss@354.17 loss@311.06 loss@313.11 loss@362.09 loss@297.03 loss@152.0 loss@298.18 loss@214.01 loss@224.03 loss@178.02 frag@139.03 loss@226.09 loss@196.06 loss@144.02 loss@372.05 loss@216.08 loss@278.09,0.3421848714 0.04573547095 0.0270528011 0.02162353881 0.01393065508 0.01142681949 0.008729365654 0.007122551091 0.006563012954 0.003953961655 0.003882606979 0.003699399065 0.003631899832 0.003529153531 0.003453838872 0.003157884348 0.002912463387 0.002896338701 0.00238824822 0.002245692071
226,frag@173.11 frag@200.12 loss@270.1 loss@188.09 loss@202.1 frag@214.13 loss@269.15 frag@248.07 frag@159.06 loss@193.16 frag@225.07 frag@256.12 frag@286.12 frag@216.15 frag@198.06 loss@160.1 frag@198.1 loss@202.11 loss@242.13 frag@240.14,0.1099092737 0.06081987172 0.05827599019 0.03889369965 0.0345604606 0.03103526495 0.02867313847 0.02534626424 0.01117168181 0.009190537035 0.008208042942 0.00805043336 0.007884266786 0.005620067939 0.005308973603 0.005164453294 0.004802051466 0.00435184082 0.004147019703 0.00356699992
227,loss@153.08 frag@281.14 frag@178.06 frag@58.03 frag@241.11 frag@231.0 frag@202.1 loss@169.11 frag@209.14 frag@164.02 frag@84.96 frag@205.06 loss@236.11 loss@140.1 loss@287.09 frag@95.07 frag@214.07 loss@181.07 frag@71.0 frag@154.02,0.2013414055 0.01388835628 0.005878407042 0.005397416651 0.005321872421 0.00494133262 0.00487486925 0.004753551912 0.004539789166 0.004491327796 0.004395628814 0.004260493442 0.003696740372 0.00368107995 0.003579228185 0.003373067128 0.00282187108 0.002629416296 0.002554586157 0.002440086799
228,loss@266.12 loss@245.13 loss@238.12 loss@252.13 frag@165.05 loss@283.14 frag@151.02 frag@156.14 frag@136.11 loss@261.17 frag@318.18 frag@85.06 frag@198.94 frag@104.06 frag@336.08 frag@58.03 frag@168.04 loss@293.12 loss@299.04 loss@264.12,0.07912287861 0.07896118611 0.05915600434 0.04817928746 0.035569489 0.02367999777 0.01590734906 0.0134211285 0.01114910375 0.008661581203 0.008376502432 0.007941111922 0.00771898916 0.007252788637 0.006500517018 0.005703612231 0.005567618646 0.00506675709 0.004912080243 0.004016472958
229,frag@173.06 loss@170.06 loss@141.03 loss@237.07 loss@167.01 frag@218.06 frag@190.06 frag@157.06 frag@156.04 frag@338.08 frag@228.06 frag@138.99 loss@226.09 loss@197.07 loss@196.03 frag@111.05 loss@230.05 frag@172.1 frag@242.13 frag@212.08,0.2439178228 0.1524579674 0.139529407 0.006487680133 0.006055178121 0.006029362325 0.005697572604 0.005565243308 0.004850736819 0.004849159624 0.004157162737 0.003847996937 0.003162561916 0.003023824655 0.002939299215 0.002925655805 0.002580859698 0.002577012638 0.002497017616 0.002203605371
230,loss@272.16 loss@298.18 frag@175.11 frag@149.1 frag@138.99 frag@168.09 frag@147.08 frag@123.08 frag@218.15 frag@73.06 frag@286.12 frag@143.09 frag@165.09 loss@232.13 loss@281.15 frag@161.06 frag@93.07 frag@173.06 frag@135.08 frag@190.1,0.187482208 0.1015038341 0.01855239645 0.00900439918 0.008696826175 0.008005938493 0.006902803667 0.006686297245 0.006039902568 0.005802740343 0.005557505414 0.005093736574 0.005027956329 0.004824899603 0.004610419739 0.004553910811 0.004463333171 0.004450331442 0.004427047446 0.004393959884
231,loss@281.06 loss@110.0 loss@139.02 frag@245.05 frag@98.03 frag@153.01 frag@143.06 frag@169.06 loss@223.0 frag@52.03 frag@55.04 loss@226.09 frag@192.14 frag@287.07 frag@174.02 loss@271.06 frag@174.04 frag@299.07 frag@124.02 loss@329.12,0.08807525039 0.02694849297 0.01725551486 0.01364111714 0.006845830474 0.005579006858 0.004435939249 0.004029803909 0.003992702346 0.003721472342 0.003575056558 0.003539705649 0.003440262983 0.003413332859 0.003246366978 0.003129156539 0.003124481533 0.002990971319 0.002982452046 0.002741114004
232,frag@96.04 frag@78.03 frag@106.03 loss@89.98 loss@248.04 loss@80.03 loss@101.02 loss@251.18 loss@137.0 loss@182.03 loss@94.05 frag@152.98 loss@213.09 loss@93.04 loss@123.03 frag@194.01 frag@124.04 frag@51.02 loss@162.08 frag@79.04,0.1405790597 0.1074456871 0.09280461073 0.03261099011 0.02618872561 0.01790076494 0.01773952134 0.01319921017 0.01269236952 0.0121787386 0.01190770697 0.01149673574 0.008633507416 0.008538075723 0.008291020058 0.007474635262 0.007406260818 0.006241248921 0.00613903394 0.006031977944
233,frag@120.08 loss@240.11 frag@148.11 loss@186.05 loss@312.06 loss@199.17 frag@134.1 loss@207.09 loss@355.02 loss@187.06 frag@121.09 loss@119.07 frag@79.05 loss@237.17 loss@211.03 loss@169.05 frag@146.12 frag@105.07 frag@73.05 loss@307.15,0.3199578524 0.04946053401 0.02628621645 0.0175964348 0.01727133431 0.01029544696 0.008217256516 0.006051351316 0.005649960134 0.004544379655 0.00363753899 0.003423597664 0.003259925637 0.003153435187 0.00307840365 0.002970949281 0.002909036353 0.002793576336 0.002709107473 0.002684290055
234,loss@197.12 frag@181.1 loss@153.12 frag@171.15 frag@130.12 frag@85.05 frag@166.08 loss@167.11 frag@150.13 frag@99.05 frag@83.09 loss@228.15 frag@246.15 frag@171.02 frag@351.18 frag@124.11 frag@110.1 frag@225.16 frag@183.11 frag@141.07,0.2476140261 0.01678716391 0.005898705684 0.005138814915 0.00445945235 0.004392963368 0.004229945131 0.004207416903 0.004073305987 0.004006573465 0.003823647974 0.003777588019 0.003602240235 0.003588163992 0.003284376347 0.003280412173 0.002909843577 0.002876990708 0.002629620954 0.002592743607
235,frag@91.06 frag@91.05 loss@269.07 loss@290.13 frag@413.16 frag@147.08 loss@256.98 loss@316.05 frag@188.14 loss@212.98 frag@109.06 frag@183.1 loss@375.13 loss@371.14 frag@149.1 loss@273.16 loss@328.02 loss@264.97 loss@363.04 loss@236.07,0.02421169542 0.01212510746 0.01078910753 0.009746853262 0.009470275603 0.008127609268 0.007151704747 0.007132191211 0.006889068522 0.0059383763 0.005877578631 0.005501766223 0.005268169567 0.005264488049 0.005199133419 0.005014490336 0.0050059231 0.004960748367 0.004841015209 0.004835035652
236,frag@119.07 loss@179.05 loss@160.08 loss@154.04 loss@184.05 frag@323.16 frag@205.03 loss@293.08 loss@266.01 loss@304.22 frag@82.03 loss@275.14 loss@152.0 frag@128.05 frag@146.0 loss@182.02 loss@96.01 frag@193.02 loss@145.06 frag@133.09,0.3007148206 0.09084621072 0.0733217597 0.03328009695 0.02799737267 0.01888258196 0.0153406579 0.01447623875 0.007640382275 0.007519030478 0.007006552536 0.006321950816 0.005457747262 0.005113236606 0.004832163919 0.004634448793 0.004568515345 0.004183676559 0.003735301318 0.003690910758
237,frag@106.06 loss@249.09 loss@215.11 loss@229.12 loss@256.04 loss@241.11 loss@217.06 loss@225.18 frag@134.06 frag@148.08 frag@121.09 loss@313.15 loss@195.02 loss@325.14 loss@193.1 loss@387.06 loss@193.02 frag@107.07 frag@105.06 loss@247.05,0.3401970565 0.03624638543 0.0319619514 0.02540878765 0.01820673607 0.0164361205 0.01216295734 0.01105700154 0.009464881383 0.008690367453 0.008355069906 0.006997292396 0.006094254088 0.005582442507 0.005541329738 0.005086183548 0.005034777336 0.004374069162 0.004195851739 0.00387098128
238,loss@273.1 loss@270.13 frag@85.06 loss@193.15 loss@305.17 frag@59.05 loss@318.17 loss@275.17 loss@237.18 frag@84.08 loss@257.16 frag@57.07 loss@232.18 frag@112.08 frag@43.02 frag@113.1 loss@274.09 frag@84.09 frag@67.05 frag@43.05,0.04091801494 0.04083167017 0.03357765451 0.02911417186 0.01838257723 0.01771785505 0.01219949406 0.01127607096 0.009798236191 0.009182131849 0.008769210428 0.008515923284 0.006096135359 0.005478607956 0.005086431745 0.004881456029 0.004855884239 0.004502561409 0.00440355856 0.004339297302
239,frag@164.11 loss@189.1 loss@243.04 frag@191.13 loss@215.12 frag@146.07 frag@136.08 frag@150.09 frag@202.11 frag@276.07 frag@148.07 loss@212.11 frag@121.06 frag@243.16 loss@167.02 frag@204.11 frag@345.19 frag@148.09 frag@147.07 loss@174.99,0.1991308928 0.1932345033 0.03859426826 0.01097001228 0.01070812717 0.006924313959 0.005721290596 0.00522830151 0.004700927529 0.004590737168 0.003920814954 0.003652119078 0.003579415148 0.003257323056 0.003132873215 0.003092465224 0.00284942775 0.002743503544 0.002721947152 0.002576957457
240,loss@138.07 frag@295.14 frag@190.09 frag@165.09 frag@314.13 frag@256.14 frag@342.1 frag@180.1 frag@177.09 frag@340.13 frag@220.11 frag@161.06 frag@184.1 frag@267.05 frag@134.01 frag@170.98 loss@124.05 frag@150.09 frag@211.98 loss@165.08,0.2895434797 0.008008233272 0.006422038656 0.005654685665 0.005096067209 0.003630230669 0.003416959895 0.003337077331 0.003319092561 0.002869908698 0.002762527671 0.002610243391 0.00256558368 0.002466941718 0.002455226379 0.00245449529 0.002347605536 0.002281216439 0.00226320629 0.002263028407
241,loss@212.97 loss@218.96 frag@93.06 loss@233.93 loss@77.04 frag@318.05 frag@144.02 loss@279.03 frag@161.01 frag@295.14 frag@136.04 frag@311.99 frag@192.12 frag@328.11 frag@200.06 loss@183.0 loss@120.06 frag@151.98 loss@139.04 frag@56.96,0.007556362543 0.006915240549 0.005463059526 0.004681516439 0.004547443241 0.004183421377 0.003861638485 0.00271237269 0.002646046225 0.002201039344 0.001943523297 0.001897934359 0.001862229547 0.001752688317 0.001706824871 0.001669145422 0.00164558331 0.00156172947 0.001450998359 0.001408520504
242,frag@202.1 frag@190.1 loss@213.13 frag@186.07 loss@261.13 loss@115.11 frag@463.24 loss@206.12 frag@158.07 loss@212.08 loss@188.12 loss@265.12 loss@232.13 frag@125.05 loss@259.11 loss@196.04 loss@183.99 loss@173.13 frag@95.07 loss@184.12,0.1349783838 0.1212735176 0.08081527054 0.07738593221 0.03631516546 0.02600071765 0.01092591695 0.008663731627 0.005443087313 0.004364911001 0.004325390793 0.003893917892 0.003637013026 0.00340272137 0.00335028721 0.00255536125 0.002504354343 0.002441118471 0.002309985226 0.002274009166
243,loss@140.04 frag@264.11 loss@293.1 frag@213.04 loss@46.07 frag@213.14 frag@249.09 frag@311.12 frag@200.06 frag@225.1 frag@431.16 loss@118.06 loss@218.13 frag@285.13 loss@208.18 loss@135.07 frag@294.08 loss@136.08 frag@143.04 frag@237.05,0.1726351082 0.09892853349 0.06624218076 0.04694986343 0.02060918324 0.008645973168 0.007955072448 0.005290724803 0.004007675685 0.003878697753 0.003774801968 0.003593250876 0.002889140975 0.002678922843 0.002669658745 0.002625457477 0.00257977494 0.002486691345 0.002439732431 0.002293292899
244,frag@99.0 frag@126.01 loss@317.16 loss@397.09 loss@167.03 frag@259.11 loss@97.06 loss@156.07 loss@107.0 loss@152.11 loss@142.03 loss@108.04 frag@128.03 loss@223.04 loss@113.03 frag@179.99 frag@201.08 loss@78.05 loss@184.04 loss@223.16,0.1634207666 0.1469878852 0.025373362 0.009859600104 0.006028524134 0.005545686465 0.005311409011 0.005095221568 0.004960846622 0.004738261458 0.004734264221 0.003609889653 0.003604550147 0.003556564683 0.003434528597 0.003414423671 0.003336715978 0.00308925868 0.003074044362 0.00303585967
245,frag@203.07 loss@232.08 frag@217.09 loss@253.08 frag@183.06 loss@303.1 frag@242.11 loss@238.17 loss@272.02 loss@173.11 loss@275.19 frag@191.06 loss@280.07 loss@230.13 loss@338.08 frag@213.96 loss@377.19 frag@203.04 loss@107.11 loss@141.08,0.1909990162 0.1224299669 0.1105663106 0.048454348 0.03332170099 0.015529898 0.006988569163 0.00543458946 0.004753358662 0.002427848522 0.002070654882 0.002043683082 0.001732630539 0.001699908637 0.001629602746 0.001599700307 0.001522468636 0.0014818036 0.001435868558 0.001435732818
246,frag@193.1 loss@287.11 loss@208.99 frag@164.07 loss@192.09 loss@347.09 frag@201.14 loss@333.07 loss@281.05 loss@291.13 loss@246.1 loss@120.06 frag@146.03 loss@306.19 frag@257.13 loss@198.03 loss@78.57 frag@381.17 frag@142.12 frag@167.98,0.247784853 0.004441729747 0.003497488098 0.002300265478 0.002262088936 0.002242488088 0.001583086327 0.001428469899 0.001407251577 0.001396526699 0.001200856525 0.001189562958 0.001140114153 0.00112354802 0.001099781948 0.001085712458 0.001060334384 0.001046444057 0.001045625657 0.001023101504
247,loss@135.1 frag@160.05 loss@134.06 frag@312.09 frag@316.11 loss@163.1 frag@252.07 frag@145.08 frag@132.06 frag@206.08 loss@211.0 frag@147.09 frag@190.02 loss@152.07 frag@128.05 frag@148.05 frag@256.05 loss@159.1 frag@146.06 loss@553.2,0.1665945649 0.1456742436 0.1215376407 0.05119370297 0.03450359032 0.00561311841 0.005374699365 0.005070915911 0.004994803108 0.004362529609 0.004251510836 0.003922131844 0.003704076633 0.003312471323 0.003105287673 0.002950921655 0.002494619926 0.002463609912 0.002350647002 0.00233907369
248,frag@202.09 loss@209.07 loss@272.12 frag@181.03 frag@355.2 frag@190.09 frag@158.1 loss@250.1 frag@158.06 frag@159.1 frag@160.08 loss@242.14 frag@188.14 loss@296.14 loss@264.11 frag@186.08 loss@264.06 frag@142.07 loss@278.09 frag@143.08,0.2898919284 0.1433767378 0.0960348621 0.01139031909 0.008832940832 0.008227798156 0.004996116739 0.004721579142 0.003969879355 0.00341275637 0.003343106247 0.003185173031 0.003143039998 0.003111646511 0.003084647469 0.002932857256 0.002894957317 0.002885578899 0.002882767702 0.002784622833
249,loss@127.02 loss@154.03 frag@193.08 frag@202.04 loss@126.9 frag@232.05 loss@62.96 frag@201.05 frag@167.99 frag@225.05 loss@127.91 loss@354.17 loss@154.9 frag@250.02 frag@312.08 loss@63.97 frag@347.07 loss@34.97 frag@343.11 frag@212.07,0.07257442176 0.04170906544 0.03884965181 0.02402685583 0.02100033499 0.01970600151 0.01777786948 0.01591404527 0.01319498103 0.01013718545 0.01001456846 0.007806451991 0.007713812403 0.007005021442 0.006513210014 0.00622703461 0.006115175784 0.006047034636 0.005990975071 0.00484667765
250,loss@103.03 frag@203.06 frag@217.08 frag@231.1 frag@231.06 frag@214.04 frag@213.1 loss@75.03 loss@76.02 frag@156.07 frag@181.08 loss@59.04 loss@131.09 loss@259.07 loss@165.98 frag@260.08 loss@54.01 frag@304.13 loss@104.04 frag@264.15,0.1773871779 0.1449451596 0.08328852057 0.03226603568 0.01629251055 0.008471774869 0.00764648756 0.007436159067 0.005373080727 0.004731020425 0.003053202061 0.002855411498 0.00283141993 0.002685044194 0.002616509795 0.002275392413 0.002178764902 0.002025336958 0.001959435875 0.00194381352
251,loss@62.02 frag@199.01 loss@92.03 frag@256.15 frag@230.07 frag@192.99 frag@209.07 frag@184.08 loss@90.02 frag@180.05 loss@114.02 frag@183.95 loss@76.04 loss@197.97 frag@280.14 frag@213.08 loss@279.05 frag@260.18 loss@340.1 loss@110.06,0.08132556081 0.06562715769 0.02099259757 0.008550644852 0.007106396835 0.006084158551 0.004579991102 0.004344245419 0.00422102632 0.003639637027 0.003618314629 0.003387056291 0.003152722493 0.003047003411 0.002916392405 0.002685552463 0.00262135081 0.002541199792 0.002453512279 0.002380228601
252,loss@216.99 frag@156.03 frag@271.07 loss@77.98 frag@96.07 frag@140.08 frag@209.14 frag@79.04 frag@164.08 frag@166.97 loss@179.13 frag@111.03 frag@218.98 frag@173.04 frag@129.02 frag@210.04 loss@107.11 loss@155.02 frag@66.03 frag@135.0,0.1645315737 0.1387820542 0.03042167984 0.0177204255 0.006435710471 0.004609459545 0.003780432278 0.003658545902 0.003160567721 0.002883392619 0.002637322061 0.002622323576 0.002487903461 0.002392802387 0.002342342399 0.002232889878 0.002178981435 0.002166553866 0.002093635732 0.00206646556
253,frag@144.1 frag@235.05 frag@256.15 loss@246.17 frag@126.09 frag@189.06 loss@316.19 loss@246.0 frag@101.02 loss@230.0 frag@179.06 loss@204.15 frag@155.12 frag@99.07 frag@87.04 loss@143.09 frag@235.16 loss@125.08 frag@259.03 loss@276.08,0.1863804907 0.03826096281 0.01059997454 0.006555223837 0.006131343544 0.004834026564 0.004261658527 0.002479641233 0.002476315247 0.002383620245 0.002364132553 0.002174910624 0.002137592761 0.002067244845 0.002032910939 0.0020261514 0.001981480047 0.001969979843 0.001884653815 0.001836420735
254,frag@147.09 loss@256.08 loss@238.07 loss@313.11 frag@132.07 loss@177.01 frag@145.08 frag@146.08 loss@146.08 frag@133.08 loss@183.02 loss@197.05 loss@262.99 loss@189.09 loss@187.07 frag@312.09 frag@121.08 frag@168.06 frag@166.09 frag@159.06,0.3041997254 0.04717484862 0.04284440354 0.01693657227 0.01225281414 0.01018340327 0.006334871054 0.005252075847 0.00452485634 0.004261430819 0.003885145998 0.003752454184 0.003258779179 0.002860393142 0.002800261136 0.002514561405 0.002450097585 0.002438747324 0.002426639199 0.002285554772
255,frag@182.08 loss@119.05 frag@320.11 loss@120.06 frag@183.09 loss@77.04 frag@280.11 frag@164.05 frag@316.11 frag@236.08 frag@174.07 frag@201.07 frag@310.17 loss@227.13 frag@210.08 frag@195.09 loss@163.06 loss@205.05 loss@347.18 frag@448.16,0.2069867998 0.1794611067 0.04316779971 0.007165704854 0.00430720672 0.00330339442 0.003209465416 0.002788171405 0.002570142271 0.002486148616 0.002380300546 0.002196285641 0.002112890594 0.002089558402 0.001915763132 0.001887352089 0.001795158722 0.00172520976 0.001694532693 0.001568725565
256,frag@131.06 frag@132.07 loss@188.94 loss@308.07 loss@192.11 loss@194.01 frag@104.05 loss@183.02 loss@190.03 loss@188.01 frag@159.06 loss@126.01 loss@262.99 frag@146.08 frag@133.08 loss@211.01 loss@62.02 loss@182.08 frag@119.06 loss@242.12,0.2294069976 0.0755847767 0.03027473949 0.02706072479 0.02567593195 0.02047915012 0.01681580767 0.01650362834 0.01447346061 0.01316799782 0.01219419204 0.01212106273 0.01206623297 0.01188649889 0.01057589334 0.008622558787 0.008415358141 0.007854403928 0.007028970402 0.006760144141
257,frag@124.11 frag@85.05 loss@152.13 loss@277.1 frag@167.12 frag@122.03 frag@166.05 loss@242.15 frag@170.12 loss@324.16 loss@255.07 loss@287.15 loss@215.15 loss@153.11 frag@110.1 loss@330.13 loss@266.12 loss@256.99 frag@168.1 loss@263.97,0.1279722303 0.05265520141 0.04619464651 0.0439494513 0.03299487382 0.02754522674 0.02530629747 0.02367937379 0.01675378904 0.01422047988 0.01311980095 0.01284890994 0.01036067773 0.009483348578 0.008334115148 0.008150636218 0.006554525811 0.005861905403 0.005406783894 0.005320432596
258,frag@195.09 loss@136.09 frag@233.11 frag@194.08 frag@154.06 loss@122.0 frag@204.07 loss@330.02 loss@128.09 frag@208.11 frag@223.12 frag@193.09 frag@280.11 loss@173.12 frag@302.09 loss@179.0 loss@193.13 frag@181.08 frag@316.11 frag@155.94,0.1564006507 0.0970390439 0.05504008383 0.00442038523 0.003537031822 0.003135224804 0.002841389738 0.002124000341 0.002031341661 0.002018334577 0.002016135724 0.001978833228 0.001973800827 0.001865636907 0.00186276529 0.001857460826 0.001781121944 0.001756650396 0.001730662538 0.001692442107
259,frag@166.09 loss@267.03 loss@251.2 frag@179.12 loss@242.01 loss@202.17 loss@290.2 loss@333.07 frag@433.19 frag@231.12 loss@95.04 loss@178.07 loss@324.17 frag@100.09 loss@261.08 loss@226.03 loss@241.01 loss@239.07 loss@258.11 loss@202.14,0.270193696 0.03349492326 0.003655643435 0.003020180389 0.002811027924 0.002162006218 0.001686269185 0.00164130691 0.001569977961 0.001469094539 0.001404460985 0.001366771408 0.001264242805 0.001251262962 0.001229725895 0.001225903048 0.00122182176 0.001206520363 0.0011973863 0.001162009896
260,loss@200.07 frag@228.06 frag@157.06 loss@329.14 frag@179.11 loss@269.05 frag@141.03 frag@192.12 frag@228.11 frag@256.06 frag@156.04 loss@255.11 frag@70.04 frag@173.95 frag@292.11 frag@349.04 frag@173.06 frag@171.99 frag@178.12 loss@180.1,0.1966660321 0.08277571946 0.01615092158 0.01611313969 0.01390958019 0.007345400751 0.005407926161 0.004629700445 0.004311395809 0.004186179023 0.003807953326 0.003733813064 0.00349112507 0.00280449423 0.002784056123 0.002779237693 0.002715817653 0.002552463207 0.00255125016 0.002318306826
261,frag@127.03 frag@155.03 loss@215.04 loss@263.05 loss@160.98 loss@233.04 loss@224.03 loss@209.06 frag@113.02 loss@195.05 loss@169.04 frag@84.07 loss@299.13 loss@126.02 loss@156.02 loss@302.07 loss@210.14 loss@185.1 loss@311.05 loss@308.07,0.1982157081 0.1579564512 0.04852801189 0.04846566543 0.02236967348 0.01200337894 0.004050496966 0.003866128158 0.003576598829 0.003211555071 0.003122227034 0.002840120113 0.002800281392 0.002682804596 0.002443831647 0.002371191047 0.002359738108 0.002311399207 0.002269557677 0.002223281423
262,loss@227.06 loss@186.05 loss@211.03 frag@165.02 frag@79.05 frag@113.07 frag@120.08 frag@135.1 loss@240.04 frag@206.06 frag@207.1 frag@110.1 frag@80.06 frag@175.12 frag@151.06 frag@114.04 frag@111.03 frag@138.07 frag@67.05 loss@239.16,0.118868649 0.07248292863 0.05160767958 0.0100219287 0.009447352029 0.008331767283 0.008039470762 0.006034144666 0.005356307141 0.004999365192 0.004756297451 0.004694536328 0.004547958262 0.004440715071 0.004391491413 0.004224081989 0.004056036938 0.004043394234 0.003801863873 0.003800498787
263,frag@165.01 loss@158.05 frag@153.01 loss@152.0 frag@125.02 loss@59.99 loss@297.03 frag@166.03 loss@184.02 loss@224.03 loss@354.17 loss@313.11 frag@178.07 frag@148.03 loss@62.02 frag@325.06 frag@150.04 loss@139.07 frag@141.04 loss@145.01,0.1248172224 0.07533850521 0.04252795503 0.04058738425 0.03173553571 0.02624815516 0.01528417505 0.0120531898 0.009203623049 0.005319128279 0.005110311322 0.004506587982 0.00342538394 0.003011110006 0.002789978404 0.002664868021 0.002664160449 0.002647277201 0.002416758798 0.00229439442
264,loss@198.06 loss@172.08 loss@158.07 frag@258.09 frag@136.07 loss@199.01 frag@149.07 frag@158.03 frag@84.99 frag@72.94 frag@118.05 loss@300.05 frag@145.09 frag@58.99 frag@187.98 frag@135.07 frag@106.06 loss@227.03 frag@273.06 frag@141.03,0.1614512056 0.04158567637 0.03963980079 0.02699046396 0.01932163723 0.01690248214 0.006299831439 0.006209407933 0.006083537824 0.00570413284 0.005051000975 0.004847500939 0.004829213489 0.004695096519 0.004678021185 0.004271586891 0.004149821121 0.003968480974 0.003794726683 0.003768533468
265,loss@171.08 loss@187.03 frag@188.95 frag@237.0 frag@332.06 frag@170.08 loss@216.01 frag@169.06 frag@160.04 frag@190.04 frag@172.09 frag@100.02 frag@129.03 frag@160.05 frag@206.08 frag@185.08 loss@170.09 loss@236.11 frag@280.11 frag@183.08,0.1926831454 0.1226841286 0.01702459343 0.0112469634 0.008049291559 0.007884104736 0.006954301614 0.005322880577 0.005259948317 0.004054211546 0.003699109191 0.002737689298 0.002721089171 0.002460963791 0.002269946039 0.002126775682 0.00182024762 0.001811620779 0.001758683822 0.001734654536
266,loss@157.07 loss@144.08 frag@188.9 frag@55.02 frag@57.07 frag@123.09 frag@100.02 frag@112.08 frag@43.02 frag@58.03 frag@97.1 frag@195.99 frag@41.04 loss@128.05 frag@67.05 frag@84.08 frag@59.05 frag@129.1 frag@157.96 frag@150.13,0.2930659354 0.04856271297 0.04168856144 0.02402552776 0.01648176275 0.01505910046 0.01479207445 0.01066833735 0.009995645843 0.008885135874 0.008778237738 0.007637103088 0.007165293209 0.006987826899 0.006534865126 0.006000794005 0.005891575944 0.005725992378 0.005169624463 0.004979700781
267,frag@173.07 frag@201.07 loss@218.18 loss@172.06 loss@168.06 frag@158.06 loss@200.1 frag@146.06 loss@184.02 loss@159.07 loss@130.07 loss@251.09 loss@344.17 loss@188.09 frag@130.07 loss@195.9 loss@131.07 loss@201.09 loss@342.16 loss@217.09,0.2198923975 0.1079299822 0.03921015933 0.009023127146 0.008829338476 0.006521648727 0.00596915558 0.005088681821 0.004954040982 0.004776046146 0.00391570339 0.003628052073 0.003483365057 0.003471843433 0.003059566254 0.002997846575 0.002917857142 0.002913912758 0.002911512507 0.002843547845
268,frag@110.99 loss@127.01 loss@316.14 loss@221.98 loss@279.14 loss@261.07 frag@111.0 loss@235.05 loss@362.03 loss@227.1 loss@261.2 frag@343.19 loss@233.1 loss@237.12 frag@344.17 loss@305.16 loss@222.15 loss@167.98 frag@163.99 loss@212.1,0.2897326648 0.0732806623 0.05032914504 0.0382075645 0.03790842369 0.03484011069 0.0330920592 0.01769007184 0.01413241867 0.009577440098 0.008879099041 0.006943660323 0.004828801844 0.004473093897 0.004410806112 0.00430617528 0.003916704562 0.003894904628 0.003665057011 0.003483876586
269,frag@147.04 frag@119.05 loss@359.14 loss@391.17 loss@326.1 loss@422.14 loss@423.14 loss@414.12 loss@295.16 loss@610.15 loss@201.0 frag@175.04 loss@343.15 frag@78.05 loss@398.18 loss@284.98 loss@318.02 loss@530.18 loss@406.15 frag@179.07,0.2000385225 0.05374288931 0.03635576367 0.02653424814 0.01812697761 0.01464960631 0.01434432529 0.01349792257 0.01328206807 0.01204431336 0.01121730916 0.00944973994 0.009153066203 0.008865492418 0.008722445928 0.008214675821 0.008181689307 0.008161388338 0.007925231941 0.007481223438
270,loss@112.09 frag@95.09 frag@67.05 frag@81.07 frag@109.1 frag@107.09 loss@139.1 frag@93.07 frag@69.07 frag@135.12 frag@121.1 frag@85.06 frag@145.1 loss@105.08 frag@83.09 frag@113.1 frag@133.1 frag@123.12 frag@97.06 frag@246.11,0.3979356289 0.1810956597 0.06537355483 0.03991813585 0.02061429992 0.01360845566 0.01351716463 0.01184310392 0.008676324971 0.005626587197 0.00540984422 0.004836121108 0.004836061038 0.004834203515 0.004808096681 0.00450687483 0.004107867368 0.003678235924 0.003459547414 0.00332902954
271,frag@133.06 frag@161.06 loss@248.16 loss@298.11 loss@251.09 frag@123.08 loss@553.2 loss@204.1 loss@248.09 loss@170.02 loss@241.12 loss@186.06 loss@160.05 loss@233.02 frag@105.07 loss@131.07 loss@306.13 loss@232.16 loss@184.93 frag@135.08,0.2639516592 0.1043696776 0.05245802924 0.03566772863 0.03235987201 0.01016924903 0.006806449033 0.006654023193 0.006199712865 0.004921956453 0.004504201468 0.004230966792 0.00416184729 0.003950939048 0.00394501863 0.003826528555 0.003803453175 0.003585464321 0.00356957363 0.003536612028
272,loss@239.09 loss@282.07 frag@114.04 frag@122.06 frag@68.05 frag@59.0 frag@159.11 frag@114.0 frag@138.05 frag@207.98 frag@151.06 frag@112.99 frag@185.09 frag@181.02 frag@105.06 frag@184.02 loss@232.11 frag@83.01 frag@164.07 frag@85.01,0.1317127347 0.1091645285 0.007398025133 0.005065038335 0.004857273772 0.004691308364 0.004637398291 0.0040643299 0.004016230348 0.003946777899 0.003913532943 0.003890448017 0.003823772771 0.003480512183 0.003438055748 0.003191280877 0.002929751994 0.002929147333 0.002787571866 0.002666557673
273,loss@261.16 frag@162.07 frag@188.08 frag@100.04 frag@345.19 frag@136.05 frag@165.1 frag@162.12 loss@236.11 frag@298.13 loss@167.09 frag@138.05 frag@95.07 loss@153.12 frag@150.07 frag@177.09 frag@237.02 loss@209.13 frag@139.06 frag@71.03,0.1923511773 0.03264885396 0.00597023312 0.005701439455 0.005649275146 0.005481372122 0.004746618681 0.004715383518 0.004297576845 0.00418974366 0.004118905868 0.003862764221 0.00351642631 0.003024468664 0.002948746784 0.002909661969 0.002850151621 0.002729363739 0.002684285864 0.002514049644
274,frag@114.09 frag@127.09 loss@276.08 loss@188.12 loss@283.17 frag@155.12 loss@328.13 frag@171.15 loss@314.16 loss@457.15 loss@332.15 loss@470.15 frag@318.18 frag@70.06 frag@84.08 loss@264.16 loss@375.19 loss@303.11 frag@100.08 loss@226.17,0.2017148435 0.06978947669 0.04222544283 0.03220283613 0.02560733631 0.02078643627 0.02064918168 0.01916673779 0.01839201897 0.01828149892 0.01472442318 0.01094505843 0.0097107701 0.007853236981 0.006876285188 0.005592213012 0.005479482934 0.005273483228 0.005215723999 0.004533032887
275,loss@174.04 frag@141.07 frag@304.17 loss@151.14 loss@280.94 frag@151.02 frag@147.06 frag@225.14 frag@150.09 frag@141.08 frag@365.14 frag@143.0 frag@239.08 frag@161.01 frag@166.01 frag@194.08 frag@128.04 frag@140.05 frag@233.13 loss@195.99,0.180147633 0.136454165 0.0103361262 0.009813638404 0.009102487937 0.005122905131 0.004452209454 0.003734270576 0.00342054083 0.003385149175 0.003298406024 0.003238677513 0.002959891222 0.002746749902 0.002611113712 0.002481501782 0.00233944552 0.002306093462 0.002296710853 0.002278086497
276,loss@234.11 frag@127.06 frag@178.12 loss@364.14 frag@195.05 frag@219.02 loss@235.12 frag@314.13 frag@183.11 frag@151.06 frag@101.95 frag@162.07 frag@92.06 frag@146.03 frag@106.07 frag@139.03 frag@125.04 frag@275.18 frag@231.12 frag@147.05,0.1698613018 0.08189146966 0.03263857588 0.009634371847 0.006612621248 0.005401858129 0.004270884674 0.004201821052 0.003635350149 0.003175228368 0.002970380476 0.002956615761 0.002875206294 0.0027317286 0.002530432772 0.002496351954 0.002487761667 0.002299377695 0.002187769394 0.00203179731
277,frag@161.01 frag@143.0 loss@183.0 loss@173.98 loss@181.07 loss@167.08 loss@201.01 loss@181.04 frag@133.01 frag@135.03 frag@151.02 frag@116.96 loss@182.06 loss@139.04 loss@289.13 frag@123.01 loss@83.0 frag@189.04 loss@340.05 frag@124.02,0.2068582326 0.1145931333 0.04642283544 0.02995809168 0.004077986814 0.003044457873 0.002924045548 0.002733592642 0.002727396553 0.002467843704 0.00232784776 0.002094812226 0.002080916893 0.001823066035 0.001745403861 0.001718312735 0.001703593996 0.001606640639 0.001526741777 0.001525864122
278,loss@193.01 loss@134.06 loss@225.97 loss@139.01 frag@206.08 frag@293.14 frag@135.07 frag@176.06 frag@181.04 frag@187.07 frag@140.08 frag@97.04 loss@169.06 loss@54.02 frag@231.12 frag@154.03 loss@232.11 frag@163.99 frag@108.06 frag@302.11,0.07829440385 0.07047467679 0.04672436044 0.04183737561 0.01275112946 0.006082484033 0.005928234663 0.005427432712 0.004917909391 0.00486791553 0.00456943037 0.004356176592 0.004306060728 0.004264186136 0.004155551083 0.004081900697 0.003857802832 0.003526600776 0.003524606349 0.003485156922
279,frag@121.03 loss@185.12 loss@282.14 loss@214.1 loss@220.17 loss@206.03 loss@183.15 frag@121.04 loss@277.16 loss@225.13 loss@322.17 loss@213.1 loss@302.15 frag@279.09 loss@230.09 frag@65.04 loss@220.16 loss@250.05 frag@93.03 frag@177.09,0.3840229213 0.05839913338 0.03412878141 0.02534642257 0.02306596935 0.0192223005 0.009960432537 0.009956285357 0.007041287608 0.00677234726 0.006174748298 0.006116380915 0.006101740059 0.005675669294 0.005396060646 0.005344917532 0.004589991644 0.004212981556 0.003924622666 0.003840809688
280,frag@169.1 frag@237.13 loss@304.1 frag@154.12 loss@180.15 frag@392.12 frag@249.07 frag@181.13 frag@194.06 loss@239.2 loss@211.16 frag@233.15 frag@181.1 frag@127.12 frag@208.99 loss@181.15 frag@235.1 frag@212.16 frag@276.12 frag@216.95,0.0270033814 0.005758082028 0.005438931752 0.004331450909 0.00396556966 0.003733979771 0.003624711884 0.003611566732 0.003570005298 0.003404271789 0.003333513625 0.003319241805 0.003205330577 0.003134568688 0.003104910487 0.002998262877 0.002989158267 0.002549228491 0.002487529302 0.002455224982
281,frag@197.08 loss@130.06 loss@139.14 frag@224.07 loss@349.1 frag@198.02 frag@273.09 frag@263.14 frag@200.04 frag@202.08 frag@193.04 loss@112.06 frag@257.07 frag@251.13 loss@346.07 loss@209.15 frag@232.07 loss@230.16 frag@219.07 loss@73.09,0.1268486083 0.1068932042 0.1024704874 0.09028154612 0.04581907392 0.04431774467 0.009852328338 0.007442579139 0.004813879263 0.004180000164 0.0037226649 0.003464765148 0.00327119045 0.003226814792 0.003168078605 0.002930702409 0.002772321925 0.0026782325 0.002611338161 0.00258929003
282,frag@150.01 frag@123.0 loss@170.0 frag@178.01 loss@128.04 loss@135.02 frag@139.01 frag@138.01 loss@108.03 loss@123.02 loss@155.01 loss@95.0 loss@203.96 loss@183.04 frag@129.01 loss@585.18 loss@298.18 loss@106.01 frag@139.0 frag@107.02,0.1790221632 0.07704892009 0.07292211801 0.03282094747 0.006837357767 0.004955687094 0.003601691453 0.003535669995 0.003115914762 0.002969298046 0.002937871497 0.002849723911 0.002810534788 0.002567055402 0.002358027035 0.002307470655 0.002181235701 0.002086719498 0.00208391971 0.001958396053
283,frag@107.05 frag@135.08 loss@240.08 loss@327.15 loss@217.13 frag@79.05 loss@310.13 loss@355.15 loss@314.09 loss@281.11 frag@95.05 loss@210.03 loss@279.11 loss@359.12 loss@181.13 frag@161.1 loss@282.1 frag@125.06 loss@306.1 loss@335.12,0.2470131069 0.05105596408 0.0450842306 0.03390104696 0.02642967366 0.02385471202 0.0213075988 0.01471310668 0.01419624966 0.01082124747 0.01008100249 0.0099157691 0.009871923365 0.009383496828 0.00935362 0.009198389947 0.009186106734 0.008152765222 0.007204272319 0.006977813318
284,loss@309.06 loss@198.12 frag@139.02 frag@95.07 frag@56.96 frag@171.01 frag@150.09 frag@190.1 frag@161.09 frag@231.12 frag@135.08 frag@148.07 frag@211.98 frag@146.07 loss@236.11 frag@224.04 frag@332.06 frag@123.01 frag@198.94 frag@156.98,0.09428243339 0.0913617909 0.005928497761 0.00490304362 0.004705615807 0.004501994234 0.004340038169 0.003903656732 0.003764268244 0.003582160687 0.003287826898 0.002988952911 0.002500353148 0.002432749839 0.002382871695 0.002216918394 0.002202120377 0.002104606014 0.002084953012 0.002020861488
285,frag@218.1 loss@249.14 loss@244.16 loss@245.14 loss@224.12 frag@208.13 loss@243.13 frag@214.11 frag@74.06 frag@203.1 loss@169.13 frag@129.1 frag@463.24 frag@176.98 loss@304.14 frag@277.08 loss@224.14 loss@235.12 loss@270.13 frag@372.12,0.1267879754 0.09165555984 0.06518022716 0.05575384572 0.03253826872 0.02410683408 0.02379849367 0.02342701517 0.009527193382 0.009394483641 0.009084854275 0.008980515413 0.007868056186 0.006132750306 0.005275680684 0.004004274029 0.003899544245 0.003579699434 0.003484010231 0.003325230209
286,frag@87.04 loss@421.16 frag@43.02 loss@230.0 frag@45.03 frag@57.03 frag@97.03 loss@445.16 frag@69.03 frag@71.05 loss@264.16 frag@71.01 frag@67.05 loss@127.08 loss@805.41 frag@173.95 frag@127.04 loss@349.09 loss@744.25 loss@470.16,0.2277944833 0.05682809278 0.02302411757 0.01438811794 0.007585600019 0.005539401434 0.005333933048 0.005260673817 0.004662523977 0.003586406354 0.003355898196 0.003103234107 0.002379216487 0.002367880428 0.002207015408 0.002195079345 0.002186855068 0.002140481025 0.002094562864 0.002081288956
287,loss@45.02 frag@218.07 loss@108.02 frag@198.05 frag@233.09 frag@289.11 loss@76.03 frag@196.02 loss@65.03 loss@143.0 frag@298.16 loss@47.04 loss@123.01 frag@233.13 loss@90.03 frag@204.96 frag@212.96 frag@222.03 frag@64.02 frag@252.07,0.116239205 0.05446817726 0.05238037929 0.04762797803 0.02959658206 0.02755836025 0.02424585074 0.02059026249 0.0176933296 0.01605571061 0.01604665071 0.01275762264 0.01265565027 0.01088999957 0.0105467774 0.007346733939 0.006759716664 0.006228806917 0.004768369254 0.003778672311
288,frag@162.06 loss@212.08 frag@241.12 loss@115.02 loss@121.1 frag@281.04 frag@130.99 loss@306.16 loss@239.07 loss@276.1 loss@205.07 loss@277.12 loss@255.1 frag@104.02 loss@167.98 loss@242.09 frag@220.05 loss@227.1 frag@103.02 frag@201.95,0.177243948 0.07546660304 0.05871652067 0.05558453873 0.03338338435 0.03042552434 0.02829263359 0.02309574187 0.01089439262 0.007846853696 0.004671507049 0.00437542377 0.004143052269 0.004042760935 0.003792569973 0.003741684835 0.003704719711 0.002646161243 0.002607494593 0.002431462053
289,frag@55.05 frag@98.06 frag@83.09 loss@195.16 loss@197.14 loss@214.17 frag@126.09 loss@185.14 frag@82.06 loss@226.17 loss@183.13 loss@208.16 frag@140.11 loss@197.15 loss@332.09 loss@210.17 loss@231.15 loss@215.15 frag@84.08 frag@69.07,0.2048852891 0.0468236953 0.03756853938 0.02841877192 0.02637074143 0.02223837189 0.01972975209 0.01886295155 0.01740952022 0.01467752829 0.01365263853 0.01360643003 0.01284628268 0.01269063354 0.01052513998 0.009857184254 0.008138520643 0.007774678525 0.007617430296 0.00752148591
290,loss@179.06 loss@222.1 loss@216.13 loss@252.09 loss@242.11 frag@110.05 frag@120.04 loss@244.09 frag@180.12 frag@171.01 loss@296.14 loss@269.13 frag@190.09 frag@148.1 frag@114.0 loss@240.05 frag@154.05 frag@241.11 frag@89.07 frag@199.12,0.09253709018 0.06918260455 0.05464188755 0.0405378826 0.03657437488 0.0267285835 0.01859161444 0.01694209315 0.01521394122 0.01214142703 0.01166230161 0.01130010467 0.01015227474 0.008841209114 0.008812259883 0.008719995618 0.00846021343 0.008335931227 0.007476642728 0.00721741654
291,frag@227.13 loss@129.03 loss@253.03 loss@169.12 frag@186.09 frag@150.09 frag@189.06 frag@273.04 loss@209.18 loss@331.1 frag@350.13 frag@223.02 loss@340.1 loss@157.03 frag@184.08 loss@218.04 frag@223.05 frag@174.97 loss@323.99 loss@179.98,0.08867682517 0.07480617613 0.04152036086 0.005006916821 0.004468396772 0.003588872729 0.003525951644 0.003519983031 0.003321573138 0.003206986934 0.002762502758 0.002628842369 0.002614036202 0.002386505483 0.002353091491 0.00224681478 0.002191628795 0.002173530404 0.002173130633 0.002023870824
292,loss@139.04 loss@138.04 loss@136.03 loss@137.03 frag@243.04 frag@167.02 loss@112.04 frag@107.03 frag@150.06 loss@153.04 frag@204.01 frag@233.07 frag@110.01 frag@68.01 frag@204.06 frag@69.01 loss@231.0 frag@144.06 frag@44.98 frag@344.21,0.10053128 0.1004629508 0.04908365756 0.02725684457 0.0253664609 0.01168029383 0.0108569786 0.01000818051 0.009509388357 0.009396375157 0.008785840124 0.006295607425 0.004908746108 0.004817416426 0.004544385243 0.004353025928 0.004326877184 0.00407781871 0.003642136464 0.003636881709
293,frag@165.1 loss@244.11 loss@169.04 loss@364.14 frag@315.14 frag@74.93 frag@142.02 frag@319.12 frag@147.09 frag@178.01 frag@162.08 loss@445.16 loss@215.01 loss@162.1 frag@164.11 frag@159.11 frag@114.05 loss@210.11 loss@239.14 loss@263.19,0.1889188141 0.07395876199 0.06686914712 0.0299394317 0.02265795693 0.01759874262 0.006038064137 0.005833243951 0.004954296164 0.004511826206 0.00421961816 0.003895836184 0.003804422682 0.00279640709 0.002617756138 0.002547874348 0.002242962597 0.002192390617 0.002071959898 0.002029746538
294,frag@69.07 frag@83.09 frag@55.05 frag@67.05 loss@96.06 frag@41.04 loss@199.16 loss@187.12 loss@142.1 loss@105.08 loss@332.09 loss@154.1 frag@97.1 loss@252.05 loss@349.12 frag@57.07 loss@726.37 loss@289.19 loss@305.17 loss@272.05,0.195690915 0.07401333749 0.04013465717 0.02610411681 0.01526192203 0.01450925972 0.01339922473 0.01268227212 0.01249776781 0.01150551438 0.01040059235 0.01017130632 0.009568839334 0.009285239503 0.009005408734 0.008958027698 0.008655373007 0.008232458495 0.007720643654 0.006774981972
295,frag@143.01 loss@272.08 loss@167.03 loss@194.12 loss@169.99 loss@187.02 loss@252.07 frag@291.12 loss@200.03 loss@253.02 loss@94.03 frag@228.07 frag@139.03 loss@197.08 loss@200.06 loss@185.04 loss@293.19 loss@166.09 loss@155.01 frag@151.03,0.3346601427 0.1180463806 0.09189175069 0.01033909339 0.006186196115 0.005427875556 0.003702831222 0.003358604154 0.003212296171 0.003089463338 0.002963245381 0.002774719847 0.002579854103 0.002197906142 0.002080827486 0.001937606838 0.001765842433 0.001682619564 0.001630627667 0.001553876093
296,loss@228.08 loss@217.15 loss@275.06 frag@123.08 frag@131.09 frag@106.04 frag@117.07 frag@376.15 frag@170.04 frag@147.08 frag@102.04 frag@240.12 frag@231.02 frag@91.06 frag@119.09 frag@109.07 frag@365.14 frag@174.13 frag@109.06 frag@91.05,0.1859459877 0.07571063191 0.04011516273 0.01834122837 0.009410458617 0.006379086059 0.005782736 0.005586263258 0.005254584365 0.005175497849 0.005154467653 0.00509602949 0.004733107518 0.004542931914 0.004535709042 0.004446604289 0.004319155123 0.004276532214 0.004222020041 0.004019145388
297,loss@191.06 frag@236.11 loss@92.08 frag@131.04 loss@163.06 frag@126.06 loss@1.01 frag@336.08 frag@161.01 frag@189.08 frag@149.02 loss@120.06 frag@175.04 frag@131.05 frag@131.08 loss@273.08 frag@200.99 frag@286.05 frag@103.05 frag@176.07,0.2749919295 0.09115064144 0.024193855 0.01194145065 0.007711809594 0.006478056312 0.006008421071 0.005619104952 0.00541170733 0.005214918405 0.004978737328 0.004962656647 0.00475671282 0.004752065521 0.004627841525 0.003999897745 0.003758058883 0.003490702016 0.003385307267 0.003346848534
298,frag@185.04 loss@181.04 loss@202.04 loss@315.13 loss@323.06 loss@144.02 loss@48.59 loss@295.05 frag@76.02 frag@123.0 frag@56.01 frag@125.03 frag@92.04 frag@148.02 loss@151.06 loss@201.06 loss@237.05 frag@185.05 loss@312.1 frag@177.01,0.2526701391 0.0968791768 0.06892350316 0.04737137258 0.0115733156 0.007757481188 0.007430640981 0.006845243741 0.006278351881 0.005339696538 0.004354529548 0.003894049907 0.003434429644 0.003245490836 0.003062001429 0.002959971083 0.002934230724 0.002869056072 0.00256177946 0.002373651369
299,frag@197.04 loss@198.05 loss@196.05 frag@163.02 frag@180.05 frag@169.06 frag@140.08 frag@93.03 frag@344.17 frag@144.96 frag@135.03 frag@314.11 frag@318.03 frag@381.17 frag@199.02 loss@235.05 frag@41.03 frag@215.03 loss@236.11 frag@314.13,0.1610172689 0.1566943079 0.1025493219 0.007963949814 0.005597495474 0.005252741743 0.004338155966 0.004280732013 0.004139832687 0.002884319751 0.002776092617 0.002762666671 0.002584500238 0.002532995306 0.002483104821 0.002471833024 0.002183391945 0.002092878334 0.002083922271 0.002057478065
300,frag@159.09 frag@203.08 loss@218.13 frag@185.07 loss@188.09 loss@333.21 frag@170.06 loss@142.11 loss@262.99 loss@344.17 frag@158.08 loss@246.18 frag@157.08 loss@146.08 frag@171.05 loss@290.1 loss@289.14 frag@144.07 frag@187.09 frag@213.07,0.1911314279 0.07554267347 0.05790638551 0.02255832776 0.008502413519 0.008074861951 0.007884548046 0.007867903449 0.007055036724 0.006139306817 0.006071017124 0.005122174509 0.004347918089 0.004079563078 0.003974000458 0.003793392563 0.003563277191 0.003443833906 0.003422525944 0.003364482895
301,frag@162.07 loss@189.07 loss@200.05 frag@161.06 loss@176.07 frag@133.04 frag@174.07 loss@95.08 frag@153.05 frag@146.07 frag@147.05 loss@268.09 frag@106.07 loss@176.08 loss@184.98 loss@187.07 frag@160.13 loss@177.09 frag@177.09 frag@231.12,0.2932148576 0.07863973826 0.05291276053 0.009017413482 0.008181290701 0.005144047551 0.004981021862 0.003340602852 0.003253608244 0.003029624932 0.003028120147 0.002953859279 0.002930008806 0.002843162511 0.002755374881 0.002662211889 0.002626033267 0.002589043928 0.002587203402 0.002534686122
302,frag@191.07 frag@193.05 loss@309.12 frag@215.07 frag@203.09 loss@350.12 loss@2.0 frag@133.03 loss@40.01 loss@553.2 loss@136.09 loss@288.08 loss@336.08 frag@171.03 loss@316.1 frag@258.1 frag@143.05 frag@207.07 frag@277.11 loss@525.21,0.1284055561 0.1009175926 0.05003172532 0.03400751203 0.02921402082 0.01051217224 0.008561210707 0.007980950177 0.007879337296 0.00582387438 0.005755799357 0.004863632843 0.004503031261 0.003847940825 0.003585843602 0.003550322726 0.003474747064 0.003460530424 0.003321993398 0.003296447685
303,loss@208.03 loss@240.14 loss@260.14 loss@198.13 loss@277.15 loss@236.03 frag@194.09 frag@151.08 loss@348.08 frag@149.04 frag@161.1 frag@97.01 frag@228.99 frag@341.17 frag@177.09 frag@121.06 frag@297.15 frag@183.01 frag@130.97 frag@137.06,0.07649669796 0.05511243269 0.04758425057 0.03413973749 0.02777540497 0.02707708254 0.0174146276 0.01554300264 0.01397438254 0.01035239175 0.009118030779 0.008486029692 0.008159128949 0.007988977246 0.006734951865 0.006506250706 0.005801515654 0.005786720663 0.005752979312 0.005182493478
304,frag@169.08 frag@168.07 loss@142.02 frag@225.07 loss@114.02 frag@197.07 loss@135.03 loss@146.05 loss@168.06 loss@118.11 loss@192.05 loss@144.1 loss@100.04 loss@194.02 loss@78.96 frag@171.09 loss@140.06 frag@194.08 loss@179.04 loss@344.09,0.1545901299 0.08211511374 0.07285805047 0.0446722582 0.03471210599 0.03175689653 0.03068624623 0.02067711949 0.0118311327 0.007398408838 0.006904919632 0.00671448186 0.006283827126 0.006110621151 0.005228301976 0.004965508357 0.004691140261 0.004358196631 0.003957204055 0.003789009061
305,loss@68.03 frag@223.16 loss@229.0 frag@322.17 loss@85.05 frag@69.0 frag@236.12 frag@194.04 frag@306.09 frag@222.08 frag@208.02 frag@211.07 frag@224.97 loss@145.02 frag@258.16 frag@372.18 loss@108.03 frag@205.08 frag@347.02 loss@726.37,0.3218860626 0.05201274529 0.01228520554 0.009795242921 0.008801243268 0.006053410005 0.005012280773 0.004348138347 0.004119462334 0.003519574879 0.003095840802 0.00308426097 0.003058228642 0.003006170737 0.002977049211 0.002856542356 0.002809027908 0.002796851099 0.002707084874 0.002687353641
306,frag@83.05 loss@349.03 loss@370.03 loss@438.15 frag@71.05 frag@69.03 loss@332.09 loss@247.0 loss@337.18 frag@85.06 loss@240.11 frag@57.03 loss@194.13 loss@445.16 loss@435.14 loss@805.41 loss@134.11 loss@316.2 loss@264.12 frag@99.04,0.2917758524 0.05658237636 0.03525577486 0.02674317546 0.01904336363 0.01703419536 0.01321180258 0.01286893059 0.01218971796 0.01179263834 0.008603227325 0.00767833041 0.006420651451 0.006276027765 0.006245065015 0.006091329269 0.005545234308 0.005325075239 0.005228960887 0.005117436871
307,loss@122.07 frag@155.09 frag@201.09 loss@130.07 loss@157.13 loss@112.09 frag@173.1 loss@129.15 frag@199.06 frag@145.1 frag@136.11 frag@171.08 loss@223.99 frag@208.1 loss@165.07 frag@170.98 frag@130.08 loss@197.99 loss@250.19 loss@150.07,0.182695061 0.1412961036 0.1118202657 0.06464596838 0.03360713646 0.01542240288 0.01190159284 0.0111394655 0.006885571871 0.006322658155 0.005721861962 0.005327919964 0.004484211095 0.00403072359 0.003936804365 0.00379700237 0.003730990924 0.003471463919 0.00340383756 0.003296222305
308,frag@109.04 frag@127.05 loss@222.12 loss@165.1 loss@281.12 loss@147.09 loss@202.97 loss@302.07 loss@193.03 loss@202.15 loss@125.06 loss@260.11 loss@192.07 loss@136.03 loss@301.05 loss@307.08 loss@285.06 loss@301.1 loss@268.19 loss@248.08,0.3379946947 0.07266943157 0.02194545045 0.01999374107 0.0191990044 0.01896635629 0.01634428464 0.01524882112 0.01341820974 0.01283039153 0.01223434787 0.01028778404 0.008845682256 0.008440528065 0.007645559963 0.007634469308 0.007471527439 0.006972942501 0.006613418926 0.006570481695
309,frag@149.08 loss@164.1 loss@164.11 frag@165.11 frag@139.06 loss@259.14 frag@191.13 frag@300.18 loss@233.16 frag@108.08 frag@137.07 loss@178.11 loss@194.07 frag@122.1 loss@204.11 loss@153.09 frag@136.08 loss@190.09 loss@260.05 frag@136.09,0.1442250162 0.1295973659 0.09086490422 0.06795972586 0.06051262841 0.05610412732 0.01746966876 0.01366174221 0.0108690029 0.01043541636 0.007756096777 0.0071553085 0.007116328925 0.006445231382 0.006035438739 0.005725541152 0.005534602329 0.005297881551 0.005101758521 0.004764150362
310,loss@132.06 frag@262.16 frag@234.97 loss@197.97 frag@187.98 frag@237.02 frag@267.05 frag@291.15 frag@104.06 frag@176.13 frag@51.03 frag@311.18 frag@143.08 frag@144.07 frag@255.08 frag@177.1 frag@56.96 frag@188.11 frag@164.0 frag@148.04,0.2884496152 0.05419001728 0.04048597813 0.0240738634 0.02291526645 0.02105503902 0.008670117706 0.007632460911 0.005316459574 0.00463166507 0.004244796 0.004188486375 0.003278957447 0.003087748541 0.00293248659 0.002831070451 0.002596049104 0.00244849897 0.002201050986 0.002149279462
311,frag@85.01 frag@113.01 frag@141.0 loss@201.05 loss@312.1 loss@271.05 loss@194.04 loss@282.07 frag@57.99 loss@256.07 loss@197.01 loss@277.09 loss@194.05 loss@249.06 frag@53.04 frag@111.03 loss@248.06 frag@206.06 loss@194.06 loss@161.01,0.1369150877 0.09699163586 0.08230098337 0.06904599816 0.03468819335 0.01854619198 0.01154872775 0.01144601125 0.007906592451 0.007049554493 0.006089490838 0.005251171533 0.004796930123 0.004755947739 0.004705053754 0.004688035697 0.00456794817 0.004086736124 0.003956424072 0.003584341612
312,loss@167.11 loss@195.14 frag@248.1 loss@259.07 frag@203.12 frag@144.14 loss@153.09 frag@171.04 frag@200.05 frag@166.1 frag@181.1 frag@126.08 frag@151.99 frag@246.15 frag@226.13 frag@290.14 frag@124.09 frag@244.08 frag@263.15 frag@95.06,0.23394306 0.05614601076 0.03668945283 0.01607821696 0.00578363752 0.00450369576 0.004493389744 0.004221816547 0.003833566792 0.003579067998 0.003441358684 0.003386353375 0.002798107686 0.002675368916 0.002434612252 0.002188103274 0.002180475974 0.002020107117 0.001921390067 0.001739589265
313,loss@244.13 frag@120.06 frag@190.1 frag@231.12 loss@183.99 loss@310.05 frag@134.07 frag@150.07 frag@135.06 frag@107.06 frag@132.06 frag@138.05 frag@153.05 frag@94.07 frag@121.04 frag@94.06 frag@174.07 frag@164.08 frag@93.03 frag@384.2,0.2252926528 0.008841317147 0.00840255525 0.007847642526 0.007780902553 0.007126742508 0.005756228697 0.004930667579 0.004815142136 0.004676688928 0.004622866865 0.004362349398 0.003920021467 0.003855432384 0.003830617061 0.003160729539 0.003153990721 0.003079690039 0.003041996853 0.00274150609
314,frag@148.04 frag@143.08 frag@187.98 loss@212.09 loss@120.06 loss@132.06 loss@234.07 loss@278.08 loss@256.11 frag@145.09 loss@250.08 loss@299.03 loss@46.02 loss@225.13 loss@220.09 loss@215.06 loss@245.12 loss@145.1 loss@298.11 frag@193.1,0.323643446 0.01959736459 0.003261944279 0.002534079598 0.002233982086 0.00190265337 0.001852920395 0.001703145565 0.001574227004 0.0015658997 0.001545994543 0.00151701807 0.001425574068 0.001297765994 0.001253418741 0.001240986981 0.001227326225 0.001221644809 0.00120581896 0.001196413534
315,loss@252.15 frag@200.03 loss@279.16 loss@95.99 frag@176.98 loss@193.99 frag@99.05 frag@163.99 frag@114.05 frag@67.06 loss@198.1 frag@115.06 frag@195.08 frag@67.05 frag@43.02 frag@55.02 frag@86.06 frag@151.99 loss@105.04 frag@58.03,0.1650372446 0.1564941704 0.02902278304 0.02352852933 0.01480615418 0.005964235868 0.004417120945 0.003741324414 0.003593970323 0.003371867584 0.003088215832 0.00296182232 0.002803324023 0.002536887536 0.002413958311 0.002241983311 0.002219423885 0.002208916703 0.001891057356 0.001865093829
316,frag@157.06 frag@171.08 frag@185.06 frag@128.06 loss@124.07 frag@155.05 loss@158.04 loss@168.08 frag@155.06 loss@174.09 loss@230.05 loss@295.07 loss@255.11 frag@145.06 loss@127.09 frag@448.16 loss@183.08 loss@171.96 loss@147.1 loss@151.05,0.1386186481 0.07216592878 0.06014131382 0.008470844477 0.007764594164 0.004845009185 0.004841714632 0.004443629645 0.003843510523 0.003664930351 0.00329359062 0.003087249584 0.002850325545 0.002835229738 0.002793456428 0.002423264785 0.002288195072 0.001954899868 0.001901793177 0.001886414015
317,frag@192.1 frag@165.09 loss@164.08 frag@190.09 frag@127.01 loss@225.13 frag@177.08 loss@191.1 frag@148.08 frag@150.07 loss@462.15 loss@185.03 frag@151.08 loss@351.13 loss@134.11 loss@306.13 frag@160.1 frag@176.07 loss@307.14 loss@186.04,0.1679945737 0.09258148819 0.0118134087 0.01002017409 0.009175919928 0.006000628229 0.004187311046 0.004052491393 0.003825891297 0.00379863102 0.003620465985 0.00348492898 0.003210516181 0.00318542379 0.003053731285 0.002851874102 0.002783655422 0.002472935244 0.002317371313 0.002285982482
318,frag@126.04 frag@99.03 loss@207.05 loss@190.09 loss@221.06 loss@240.07 loss@153.02 loss@201.01 loss@243.05 loss@151.08 loss@125.03 loss@247.07 frag@70.99 loss@203.04 frag@270.04 loss@274.08 frag@125.01 frag@85.01 loss@190.08 frag@205.13,0.2578395605 0.07356525958 0.0560368523 0.05252220854 0.03142705187 0.0283141546 0.0253731925 0.02224986814 0.0170582477 0.01270215865 0.009475068189 0.008870649152 0.008511095308 0.008326323703 0.008078563958 0.007817292586 0.006919649895 0.00624262495 0.005658873823 0.005524059758
319,loss@248.1 loss@219.06 frag@163.99 loss@300.05 frag@208.13 frag@231.12 frag@304.16 frag@55.02 frag@151.05 frag@96.07 frag@263.18 frag@157.96 frag@207.1 frag@233.13 frag@148.08 loss@157.08 frag@142.02 frag@83.01 frag@151.99 frag@85.09,0.1443791091 0.08456721902 0.02432144061 0.02164738066 0.006947267801 0.005919770338 0.004924302921 0.004731342662 0.004411570262 0.004303928465 0.004185575526 0.003959895112 0.003923140932 0.003854942275 0.003427933669 0.003345631296 0.003318806412 0.003252410097 0.003215136006 0.003207391128
320,frag@169.0 loss@141.1 loss@263.17 frag@245.08 frag@98.05 loss@277.07 loss@235.01 frag@149.04 frag@125.99 loss@199.14 loss@231.01 frag@233.13 loss@285.17 loss@239.12 frag@299.07 loss@247.14 loss@309.09 loss@169.06 frag@156.02 loss@237.13,0.2274645716 0.1155193076 0.04233981296 0.03098447248 0.01744233444 0.004010131117 0.00215097866 0.002137920121 0.002098533558 0.002081777435 0.002068328671 0.002002727939 0.00200025551 0.001924350625 0.001875500311 0.001868144143 0.001754174358 0.001735466183 0.001689336728 0.001685928321
321,loss@169.07 frag@170.13 frag@95.02 frag@154.05 loss@157.04 frag@113.03 frag@150.06 frag@110.07 frag@124.04 frag@136.04 frag@113.02 frag@150.04 frag@318.03 frag@154.02 frag@173.04 frag@224.01 frag@218.04 frag@56.01 loss@187.99 frag@247.07,0.3090854883 0.0120245479 0.006665419322 0.006410456728 0.006125787273 0.005559124053 0.004911263008 0.004893531557 0.004344489425 0.003796771634 0.00370051479 0.003686654149 0.003662804142 0.003659504931 0.003622134449 0.00359013048 0.003420788795 0.003184213769 0.003179782303 0.003143325215
322,frag@174.05 loss@245.1 frag@202.05 loss@396.19 frag@255.06 loss@192.08 loss@218.13 loss@149.01 frag@318.18 loss@149.11 frag@168.11 frag@267.09 loss@161.11 loss@119.05 loss@190.96 frag@101.11 frag@87.09 loss@244.05 loss@342.11 loss@325.02,0.2575709224 0.115551427 0.0836359486 0.02518700808 0.009617789648 0.007320796605 0.006538662594 0.004950601142 0.004483995028 0.004431498703 0.00359777431 0.003213309916 0.002928507514 0.002833546372 0.002781063085 0.002641011961 0.002632408636 0.002464816906 0.002462924225 0.002358110854
323,frag@170.1 frag@198.09 loss@118.09 loss@297.02 frag@169.09 frag@355.2 frag@155.07 frag@222.13 frag@158.1 loss@191.0 loss@173.02 loss@0.03 loss@293.02 loss@143.07 frag@184.08 frag@365.14 loss@102.06 loss@230.01 loss@237.22 loss@173.11,0.1651679575 0.08621966839 0.03059692308 0.02905709669 0.01647233963 0.01343151089 0.01102599781 0.005305721425 0.004906105343 0.004741222598 0.003971414175 0.003700810252 0.003356771078 0.003286393592 0.003196696984 0.002811950631 0.002735429676 0.002520308597 0.002329752082 0.002179839183
324,loss@197.07 frag@148.02 frag@308.1 frag@183.1 loss@171.06 loss@199.95 loss@295.01 frag@176.02 frag@239.1 frag@84.99 frag@121.01 frag@105.03 loss@321.09 frag@116.01 frag@103.06 frag@192.1 frag@186.99 frag@125.02 loss@257.05 frag@253.13,0.231063202 0.2024994791 0.009196405299 0.008245498873 0.007462788839 0.005829050671 0.002604379319 0.002471515676 0.002233167877 0.002232911531 0.002232102212 0.002021325752 0.001969021978 0.001948153833 0.001948043238 0.001794755808 0.001705620671 0.001668332494 0.001668238547 0.001574345981
325,loss@164.08 frag@319.16 frag@314.13 frag@166.08 frag@176.11 loss@136.09 frag@178.09 frag@448.16 frag@136.03 frag@165.09 frag@155.08 frag@146.07 loss@299.15 frag@148.08 loss@192.04 frag@318.05 frag@150.07 frag@127.01 frag@246.06 frag@351.18,0.2804028988 0.03046870045 0.02938397415 0.009943907149 0.00988939032 0.007902823389 0.007674098946 0.007222506218 0.007194595877 0.005319375079 0.004864640534 0.003948959988 0.003397233319 0.003201672807 0.002964933868 0.002669789363 0.002627624664 0.002615994308 0.002548034769 0.002533345483
326,loss@77.08 loss@228.04 frag@267.05 frag@235.97 loss@382.11 frag@236.08 frag@264.07 loss@121.07 frag@320.11 loss@141.06 frag@299.14 frag@222.08 frag@169.04 frag@146.03 frag@300.15 frag@249.0 loss@182.1 frag@212.04 frag@189.1 loss@363.14,0.07579568028 0.06391718239 0.0627784729 0.06171582639 0.04740509018 0.006122883409 0.005038915202 0.003543810919 0.003367910627 0.003020719858 0.002969235415 0.002759227529 0.002685511252 0.002677337267 0.002195090754 0.002178734634 0.002059780294 0.002020920627 0.001906990656 0.001897258102
327,loss@96.09 frag@229.09 loss@69.06 frag@219.07 frag@223.98 loss@296.07 loss@145.02 frag@305.13 frag@318.07 frag@212.97 frag@219.15 frag@281.06 frag@321.14 frag@318.17 loss@148.01 loss@100.05 frag@306.09 frag@221.05 loss@58.98 loss@73.09,0.08559311926 0.06921833754 0.05391694605 0.05290785804 0.02978384122 0.02787433192 0.0219087135 0.01901796646 0.01891629212 0.01640507206 0.01376734395 0.011784642 0.01091228332 0.01032187045 0.00999996718 0.009998125955 0.007503794041 0.005918553565 0.005704625044 0.004742693622
328,loss@232.09 frag@223.01 frag@288.11 frag@84.07 frag@159.09 frag@189.05 frag@138.09 frag@127.09 frag@241.11 frag@174.06 frag@129.1 frag@112.11 frag@156.14 frag@100.11 frag@101.11 frag@191.08 frag@176.07 frag@198.08 loss@230.14 loss@244.09,0.3144899905 0.1211642995 0.06208535656 0.007458186708 0.006958593614 0.006379571743 0.005407813936 0.005058825947 0.004973993171 0.004343523178 0.004173095804 0.003624251811 0.003586018225 0.00358188781 0.003164070891 0.002903621178 0.002879497828 0.002706957981 0.002700097859 0.002648194088
329,loss@142.06 frag@159.02 loss@114.07 frag@81.02 frag@179.03 frag@73.04 frag@174.06 frag@341.12 frag@181.05 frag@100.02 frag@182.08 frag@65.0 frag@141.04 frag@276.01 frag@223.02 frag@117.05 frag@43.02 loss@139.03 frag@76.04 frag@145.05,0.1951633543 0.1197877154 0.08849644661 0.009003235027 0.00564030651 0.00466501154 0.003374182153 0.002960214159 0.002850658726 0.002630403265 0.002526262775 0.002422083402 0.00240616221 0.002289436059 0.002265826566 0.002263856586 0.002183535136 0.002147747902 0.002009846736 0.001970002893
330,loss@162.04 frag@183.09 frag@221.11 frag@214.06 loss@95.05 loss@116.07 frag@237.07 frag@168.07 frag@213.11 frag@230.09 loss@168.02 loss@194.02 loss@30.01 loss@70.03 loss@136.08 frag@141.06 frag@254.09 loss@138.09 loss@114.06 frag@150.05,0.04690601304 0.0453216508 0.02742340416 0.02565481327 0.02478765324 0.02300586551 0.02174705826 0.01897309721 0.01730321534 0.01431338396 0.0137168495 0.01296843681 0.01258855034 0.009645001963 0.00891022943 0.008807730861 0.008396415971 0.007884914055 0.007852541283 0.007511082105
331,loss@253.09 frag@98.03 loss@287.03 frag@189.14 frag@238.13 frag@134.1 frag@97.01 frag@188.05 frag@150.09 frag@160.11 frag@179.12 frag@82.03 frag@254.11 loss@261.08 frag@161.1 frag@156.14 frag@130.12 frag@101.95 frag@99.06 frag@200.08,0.2147550881 0.01449524704 0.01305183489 0.01038064901 0.008445807733 0.008255397901 0.008188858628 0.007887095213 0.007769109216 0.006985267159 0.005427181721 0.00522359414 0.005220559426 0.004427883774 0.004072440322 0.003411606187 0.003345811507 0.003215379082 0.003128624288 0.002889974508
332,loss@140.0 loss@269.17 frag@288.04 frag@323.13 frag@279.12 frag@286.11 loss@158.1 frag@170.15 frag@188.06 frag@272.13 frag@149.05 loss@278.06 frag@356.08 loss@167.11 frag@256.15 loss@171.08 loss@28.03 frag@273.04 frag@189.1 loss@228.18,0.07043245435 0.05458951741 0.04393143207 0.0393062681 0.02038731053 0.01932237484 0.01532422192 0.01388378534 0.01270483714 0.01013814285 0.009193646722 0.008956009522 0.00817739591 0.005186335184 0.004279899877 0.003991301171 0.003889927175 0.003758819308 0.003441476263 0.003339549992
333,loss@211.07 loss@212.05 frag@102.04 frag@314.13 frag@139.03 frag@111.03 frag@95.01 frag@332.06 frag@97.01 frag@175.12 frag@98.03 loss@225.08 frag@291.15 frag@311.18 frag@124.06 frag@191.02 frag@158.0 frag@318.18 frag@151.12 frag@209.02,0.2306538969 0.02306539938 0.01663752645 0.0163777899 0.01316456683 0.01238773577 0.01234822161 0.0120419478 0.007886083797 0.007068224717 0.006596253254 0.006143207662 0.005795105826 0.005734441336 0.005646202248 0.005522856023 0.005419416353 0.005196413957 0.004680768121 0.00444418285
334,loss@247.05 frag@204.04 frag@177.09 loss@211.14 loss@297.15 loss@217.98 frag@121.03 loss@301.07 frag@128.97 loss@419.12 loss@391.12 loss@197.21 loss@183.15 frag@53.0 frag@150.07 frag@106.06 loss@220.17 loss@212.19 frag@395.08 loss@387.06,0.09043976665 0.08264321089 0.07213626802 0.04168642685 0.03071092069 0.0306000337 0.02466990612 0.02128397487 0.01767181791 0.01625233702 0.007081915159 0.006536905654 0.00507469615 0.004675356671 0.00387347932 0.003690490965 0.003520483617 0.003340009833 0.002862754045 0.002832378494
335,frag@169.01 loss@236.16 loss@241.18 frag@171.03 loss@274.13 loss@241.16 loss@325.15 loss@286.17 frag@125.99 frag@395.08 frag@139.99 frag@139.01 loss@241.14 frag@129.01 frag@165.09 loss@132.09 loss@255.04 loss@238.17 loss@226.09 loss@302.14,0.2620757818 0.08171768486 0.07330542058 0.07271816581 0.06822001189 0.02189621702 0.01527354959 0.01403810363 0.01048512664 0.0102253193 0.0058232788 0.005392382387 0.005159195513 0.004545342643 0.003845013911 0.003619269468 0.003532712813 0.003418273758 0.002430802444 0.002346159192
336,loss@218.05 loss@264.09 frag@347.19 loss@318.1 loss@279.05 frag@81.03 loss@309.13 frag@105.05 frag@97.01 loss@286.04 frag@106.04 frag@138.07 frag@351.18 frag@189.14 frag@149.04 frag@93.03 frag@274.01 frag@200.06 frag@53.04 frag@314.13,0.1451865286 0.08841519058 0.04340847954 0.03831572086 0.02979035303 0.01438072044 0.0123334052 0.01165978052 0.01119407732 0.00993716903 0.009173577651 0.008994750679 0.008701490238 0.007753490005 0.00769772334 0.007521342952 0.00741996197 0.006556603592 0.006427525543 0.006378944963
337,frag@110.02 loss@196.03 frag@86.99 frag@204.04 loss@269.1 loss@305.1 frag@188.04 loss@208.04 frag@84.99 frag@178.07 frag@200.04 loss@339.12 loss@200.0 frag@156.03 frag@72.94 loss@170.08 frag@209.14 frag@110.04 frag@160.05 frag@140.02,0.09586601704 0.09479561448 0.08441167325 0.05085350201 0.04800453782 0.03110198677 0.01509242505 0.006069989409 0.005292893853 0.005248177331 0.005007086322 0.004809839185 0.004526309203 0.004176381975 0.00396394683 0.003394699888 0.003267203225 0.003184445202 0.003101660172 0.003087862628
338,loss@155.02 loss@260.07 loss@229.1 frag@172.07 loss@174.96 frag@347.19 frag@160.13 frag@111.03 frag@344.21 frag@179.08 frag@208.07 loss@170.04 frag@318.18 frag@141.03 frag@58.99 frag@156.02 frag@228.03 frag@303.1 frag@162.07 frag@309.14,0.09167608619 0.08655472845 0.0666180253 0.02495402656 0.01788873225 0.009967518039 0.006668236572 0.006272406317 0.006052795798 0.006016516127 0.005826307461 0.005279922392 0.005168740172 0.005146130454 0.0050512366 0.004904322326 0.004632495344 0.004575913306 0.004334709607 0.00420759432
339,frag@166.08 frag@125.05 loss@105.12 frag@165.07 frag@181.1 loss@159.06 loss@151.1 loss@188.12 frag@167.09 loss@287.09 loss@255.12 loss@323.99 loss@293.19 loss@278.16 loss@195.1 loss@182.07 loss@289.12 frag@171.04 frag@179.09 frag@113.03,0.1305012703 0.09224373847 0.06562628597 0.008804469369 0.004732572939 0.003835760523 0.003595482092 0.003565597348 0.003540153382 0.003464443376 0.003379208734 0.00319214887 0.003141432069 0.003054891946 0.002981545404 0.002773259999 0.0027580061 0.002313822275 0.002298100851 0.002237303648
340,frag@108.08 loss@192.13 frag@196.11 loss@205.12 loss@166.11 loss@176.13 loss@188.13 frag@245.09 frag@108.06 frag@136.08 frag@94.07 frag@107.06 loss@232.12 frag@190.11 frag@94.06 frag@108.04 frag@122.1 frag@80.05 frag@99.06 frag@243.16,0.1729776114 0.1355487853 0.06743907928 0.05832650885 0.04435778409 0.03284431621 0.01797216013 0.01109676342 0.01105897501 0.01015126705 0.009185469709 0.008646372706 0.00698927138 0.005708563142 0.005346057471 0.005210053641 0.004912090953 0.004761388525 0.004122977145 0.003885750892
341,loss@203.06 frag@201.04 frag@244.1 loss@168.11 loss@287.05 loss@215.06 frag@218.09 frag@122.1 frag@105.05 frag@145.04 frag@199.12 frag@241.02 loss@277.09 frag@309.09 frag@84.99 loss@203.05 frag@119.06 loss@202.01 frag@89.07 frag@409.2,0.2110687941 0.07299428433 0.02685258351 0.02576744556 0.01942765526 0.0112612173 0.009214489721 0.00836239662 0.007522859145 0.006452189758 0.005532628391 0.004958697129 0.004939163569 0.004890115932 0.00477316184 0.004594049882 0.003864222672 0.003793898039 0.003716934239 0.003636570182
342,loss@248.15 loss@307.13 loss@228.03 frag@160.97 frag@237.03 frag@101.02 loss@311.03 frag@121.06 frag@99.05 frag@121.03 frag@167.13 frag@165.02 frag@121.07 frag@108.08 frag@193.1 frag@68.05 frag@164.11 frag@110.1 loss@209.14 frag@87.06,0.1829125285 0.04580591619 0.04384424165 0.02225522883 0.02109975368 0.01953955553 0.01389242522 0.01087858528 0.008519755676 0.00707864482 0.006647885311 0.006171666551 0.005960555281 0.005568539258 0.00505458517 0.004239477683 0.003838957287 0.003664865391 0.003458424238 0.003197384998
343,loss@250.1 loss@198.1 loss@271.1 loss@278.13 frag@114.0 frag@55.02 frag@84.08 frag@99.05 frag@83.09 frag@112.08 frag@67.05 frag@156.14 frag@155.98 frag@58.03 frag@67.06 frag@150.13 frag@41.04 frag@70.03 frag@84.09 frag@154.02,0.1241593957 0.1106222272 0.04102025926 0.0240544565 0.01676065288 0.01557582337 0.01042143162 0.009194781072 0.00905145146 0.00751402555 0.007252513431 0.006451078225 0.00606804667 0.005975765642 0.005730098579 0.00567512773 0.005190451164 0.005010353401 0.004835841246 0.004810531158
344,frag@123.09 loss@313.06 loss@291.21 loss@331.19 loss@268.04 loss@205.0 loss@157.07 loss@171.0 loss@292.16 frag@190.12 loss@155.06 loss@300.05 loss@301.24 loss@258.99 loss@305.17 loss@196.12 loss@321.19 loss@335.21 loss@281.03 frag@111.09,0.2939296365 0.03988010436 0.02537650056 0.02035224997 0.007637615781 0.007229708601 0.006725398358 0.005049058702 0.004956480116 0.004416618031 0.003826106433 0.003815236967 0.003806596389 0.003755697049 0.003404292976 0.00327922008 0.003240989521 0.003132697893 0.002727058716 0.002686848165
345,frag@161.11 loss@220.12 frag@153.03 loss@179.09 frag@175.12 loss@205.11 loss@208.1 frag@160.1 frag@148.08 frag@173.01 loss@196.1 frag@110.99 loss@200.13 frag@207.98 loss@262.13 frag@281.14 frag@133.06 loss@214.11 loss@193.1 frag@74.93,0.06765978783 0.04789708555 0.04629644379 0.04468179494 0.04197675735 0.04016572237 0.03112789616 0.03001317196 0.02287651598 0.02084559947 0.01757485792 0.01722321846 0.01612342708 0.0142009519 0.01382024772 0.01122518256 0.01061487384 0.01039276738 0.008173604496 0.008159214631
346,loss@191.1 loss@267.11 loss@350.15 loss@332.13 frag@110.02 frag@174.09 loss@279.15 frag@141.02 frag@123.08 frag@138.09 frag@145.09 frag@147.08 frag@156.14 frag@129.07 frag@160.11 frag@73.06 frag@146.1 frag@132.08 frag@128.06 frag@143.08,0.1590444297 0.05792627484 0.03158748895 0.02008215152 0.01931596734 0.01808456704 0.01457036566 0.01281737257 0.01174371969 0.01048710197 0.01001105644 0.009972827509 0.009320942685 0.007544199005 0.007024171762 0.006613123231 0.00535354251 0.005187158938 0.005117399618 0.005062825046
347,loss@120.05 frag@179.06 loss@167.02 frag@344.11 frag@215.08 frag@147.06 frag@154.06 frag@340.13 loss@233.05 loss@165.05 frag@141.14 frag@166.0 loss@277.07 frag@201.08 frag@218.09 frag@190.06 frag@187.05 frag@144.1 frag@344.17 loss@114.02,0.1089104787 0.06401950121 0.06135288998 0.02934028581 0.01024167426 0.005126375705 0.004063566215 0.00332203391 0.003196534235 0.003123858245 0.003097514156 0.003071202897 0.003027285216 0.002996958792 0.002956603421 0.00293281721 0.002860567765 0.00237286021 0.002360196784 0.002297015861
348,loss@212.12 loss@209.18 frag@67.05 loss@733.31 frag@205.06 frag@83.09 frag@112.08 frag@85.06 frag@55.02 frag@155.12 frag@102.09 frag@67.06 frag@59.05 frag@55.05 frag@127.09 loss@250.1 frag@84.08 frag@83.08 frag@160.11 frag@97.06,0.2373130769 0.03789629415 0.0143986987 0.01246153004 0.009359480813 0.008124910295 0.00786839053 0.006843188312 0.006549895741 0.005671019666 0.005212466698 0.005059446208 0.004861248657 0.00442891242 0.004257747438 0.004003636539 0.00387567468 0.003586588427 0.003413058585 0.003253545845
349,loss@129.08 frag@162.0 frag@156.99 loss@189.13 loss@158.14 loss@130.11 loss@119.06 frag@137.04 frag@189.01 frag@257.11 frag@130.0 frag@147.0 frag@213.14 frag@241.13 frag@157.09 frag@95.07 loss@226.05 frag@230.12 loss@129.07 frag@217.06,0.2438618243 0.08856491745 0.07851940393 0.04600843787 0.03351321071 0.02946506068 0.02602951787 0.01969758794 0.01878590882 0.01799127087 0.01451740135 0.009320289828 0.009214217775 0.008673259057 0.00792466756 0.00788546633 0.007872954011 0.006603152957 0.005896694027 0.004418707453
350,loss@100.05 loss@97.05 frag@232.09 frag@194.97 frag@247.16 frag@194.12 frag@177.14 loss@103.05 frag@210.1 frag@221.13 frag@253.11 frag@205.05 loss@103.06 loss@172.95 loss@117.08 frag@196.09 loss@74.07 frag@197.99 loss@143.1 frag@173.96,0.198623687 0.04811531678 0.03936559707 0.02874618396 0.02508157305 0.02237503976 0.02174173854 0.01977115311 0.0173269175 0.01712025329 0.01635037921 0.01450271998 0.0135329552 0.01335056964 0.01130289584 0.01053943671 0.009111949243 0.008882767521 0.008188395761 0.007620010059
351,frag@180.04 loss@221.08 loss@204.06 loss@209.1 frag@358.09 frag@67.02 frag@109.07 frag@184.02 frag@121.01 frag@164.07 frag@156.03 frag@114.04 frag@98.03 frag@119.06 frag@92.06 frag@220.06 frag@207.1 frag@206.06 frag@121.04 frag@202.09,0.1353563368 0.1127426922 0.09124080092 0.06243141368 0.0104529839 0.007772740908 0.007298456039 0.006955563556 0.006953766104 0.006700541358 0.006119264755 0.004684809595 0.004177012946 0.004143444356 0.00395236956 0.003752504243 0.003748871852 0.003669648897 0.003611230291 0.003572354326
352,loss@167.07 frag@189.03 frag@107.02 frag@123.03 loss@159.02 frag@299.07 frag@160.05 frag@163.02 frag@97.04 frag@231.12 frag@151.05 frag@183.98 frag@137.05 loss@180.02 frag@93.04 loss@178.09 frag@71.03 frag@83.03 frag@69.04 loss@95.02,0.2662162185 0.115380004 0.0530378893 0.00988435559 0.008251863532 0.005236314144 0.004988068249 0.004987059627 0.00412973389 0.003982136492 0.003957255743 0.003880542004 0.00386148924 0.003855809802 0.003794638673 0.003675481305 0.003354379442 0.003114594845 0.002752007684 0.002650694689
353,frag@176.05 loss@165.06 loss@160.96 loss@62.07 loss@192.07 loss@56.0 frag@153.05 frag@152.05 frag@134.05 frag@160.05 frag@74.93 frag@136.07 frag@122.04 loss@261.13 frag@83.03 frag@109.05 loss@186.03 loss@214.12 loss@175.08 frag@293.1,0.2157423794 0.1683669835 0.03100284375 0.0175075382 0.009390519001 0.005816257559 0.004952904768 0.003600576892 0.003323785262 0.002951990115 0.002890989417 0.002750257263 0.002497512382 0.002352801617 0.002060981467 0.002042688429 0.002007032745 0.001879401971 0.001776762772 0.001720336149
354,frag@141.03 loss@207.02 loss@240.03 frag@184.06 frag@122.04 frag@242.11 frag@141.01 loss@305.12 frag@159.02 frag@108.07 frag@198.16 frag@93.03 frag@347.02 frag@192.06 loss@241.04 frag@332.08 frag@219.15 loss@200.11 frag@81.06 loss@184.98,0.1627413929 0.1144406423 0.0618324317 0.003963174764 0.003532143775 0.003342887852 0.003313780995 0.002872676821 0.002793424064 0.00259261881 0.002553670667 0.002523539122 0.002491438296 0.002359714825 0.002359002596 0.002350220457 0.002344788285 0.002188058104 0.002180090407 0.002036718186
355,loss@181.12 frag@207.11 loss@285.12 frag@152.05 frag@169.13 frag@108.08 frag@173.06 frag@138.05 frag@138.1 frag@164.07 frag@150.07 frag@136.08 frag@327.08 frag@261.17 frag@235.97 loss@260.08 frag@114.0 frag@84.09 frag@96.06 frag@179.13,0.2502909601 0.0702854991 0.03988209367 0.005985589698 0.005587726366 0.005251616705 0.004855784588 0.00455186842 0.004241438583 0.00422156183 0.004003246315 0.003964557778 0.003903749632 0.003841979895 0.003757182974 0.003640817478 0.003420541296 0.003302930156 0.002938319929 0.002758875256
356,loss@231.02 frag@227.04 frag@208.04 loss@243.06 frag@223.04 loss@143.02 loss@326.12 frag@148.02 frag@241.14 loss@114.03 frag@189.14 frag@271.07 loss@348.08 frag@199.01 loss@98.02 frag@115.03 loss@295.01 frag@295.14 loss@312.08 frag@116.96,0.08793106675 0.08225211501 0.05556350946 0.04014578834 0.02612825111 0.02247319929 0.01370477211 0.006090697832 0.00419172598 0.003589525819 0.003370479448 0.003117494518 0.003004594473 0.002932718024 0.002823003801 0.002677205717 0.002615752397 0.002453103894 0.002335861325 0.002303613117
357,loss@170.07 frag@98.99 frag@146.96 frag@167.02 loss@156.05 loss@285.13 frag@358.13 frag@44.98 frag@343.19 loss@214.04 frag@55.02 frag@147.03 frag@160.07 frag@248.1 loss@200.08 frag@82.05 loss@157.04 frag@70.99 frag@174.04 loss@174.09,0.2216367275 0.1347177327 0.1308322996 0.02333560213 0.009159520268 0.009100690484 0.005734978709 0.005726442207 0.004889812786 0.004321651068 0.002732155379 0.002691231668 0.0026642296 0.002537809545 0.002418893855 0.00234452961 0.002241246635 0.002161644865 0.002146539511 0.002070296323
358,loss@252.07 loss@222.08 frag@93.03 frag@111.03 frag@124.04 frag@82.03 frag@179.08 frag@318.03 frag@94.06 frag@116.03 frag@206.06 frag@99.06 frag@68.05 frag@355.2 frag@120.04 frag@86.06 frag@170.03 frag@148.1 loss@197.08 frag@80.06,0.1298909932 0.1194992587 0.01014401391 0.009959548712 0.007198109757 0.006259745918 0.006247486454 0.005785628688 0.005105719436 0.004915462807 0.004644172732 0.004320281092 0.004259428475 0.003648990765 0.003559798934 0.00332801207 0.003322517732 0.003274824237 0.003233904019 0.003233364085
359,frag@197.09 loss@216.04 frag@268.02 loss@226.03 frag@165.09 loss@193.02 loss@148.07 loss@226.08 loss@218.01 loss@88.11 frag@142.01 loss@159.01 loss@279.08 frag@123.07 loss@152.07 frag@138.1 loss@336.14 frag@184.05 loss@165.03 frag@239.15,0.2306618094 0.08600591868 0.007769553456 0.00677733589 0.004851497244 0.003888971405 0.003669080092 0.003620242001 0.003343120916 0.003285187995 0.003218282713 0.002847128082 0.002621608088 0.00258147344 0.002403543098 0.002236547647 0.002132427879 0.002126084873 0.002091150964 0.002070253249
360,loss@218.07 loss@198.03 frag@182.95 frag@127.03 frag@118.04 frag@67.02 loss@119.05 loss@246.07 frag@199.01 frag@164.07 frag@92.04 frag@202.05 frag@332.06 frag@71.0 frag@180.04 frag@122.1 frag@98.03 frag@119.06 frag@203.1 frag@92.06,0.2534158528 0.01606008783 0.01111417264 0.01014199294 0.008347160183 0.008118649013 0.00745906448 0.006596731953 0.006344908848 0.005871221423 0.005817794241 0.005566620268 0.005273932591 0.005193601828 0.004836382344 0.004366320092 0.004304805305 0.004302192945 0.004041243345 0.004030189943
361,frag@56.05 frag@42.03 loss@102.03 loss@216.02 loss@92.01 loss@238.06 loss@259.0 frag@130.09 loss@235.17 loss@261.06 loss@121.04 loss@63.03 loss@154.07 loss@187.01 frag@82.06 loss@89.05 frag@41.04 loss@105.04 loss@167.06 frag@84.08,0.2855012119 0.09428281337 0.06260403991 0.03859328851 0.03689487651 0.02968544513 0.02603082731 0.0169969257 0.01603396237 0.01543145068 0.009802457877 0.00959867239 0.006613158621 0.00658799801 0.006585551426 0.005476417951 0.005177401938 0.004956798162 0.004668094218 0.004586118273
362,frag@124.05 loss@184.16 frag@157.04 loss@236.19 frag@259.04 loss@301.09 loss@187.97 loss@109.13 loss@221.16 loss@110.12 loss@186.17 loss@190.13 frag@257.06 frag@212.95 frag@128.0 frag@399.18 frag@144.95 loss@340.05 frag@284.05 loss@156.16,0.1304922998 0.1169158071 0.09560596943 0.03011082672 0.02440418676 0.01333293226 0.01107196789 0.01068059634 0.01014569402 0.009342151694 0.008460117504 0.008059976622 0.006535862572 0.005253409036 0.005169935059 0.004887139425 0.004829912912 0.00413984945 0.004033890087 0.003831763053
363,frag@179.04 loss@110.02 loss@126.05 frag@234.06 loss@301.03 loss@231.98 frag@351.11 frag@211.05 frag@179.06 loss@113.03 loss@91.04 loss@138.06 loss@157.03 loss@230.1 frag@291.09 loss@187.05 loss@84.0 frag@114.04 loss@98.02 frag@185.97,0.2094115913 0.107125707 0.07345522195 0.06076159701 0.01907742582 0.0157401152 0.008375939913 0.007612319198 0.007114936132 0.006883186754 0.005805563182 0.004828982987 0.004537425935 0.004247445147 0.004180511925 0.003866447834 0.003837180557 0.003589009633 0.003370827995 0.003341287142
364,frag@158.1 frag@160.11 frag@145.09 loss@279.15 frag@146.1 loss@160.1 frag@174.09 frag@144.08 loss@267.11 frag@132.08 loss@272.12 frag@143.07 loss@293.09 loss@309.1 loss@333.11 loss@191.1 frag@159.1 frag@160.08 loss@319.06 loss@253.06,0.1491203308 0.08861583471 0.03372200951 0.02774901688 0.01218617056 0.01189366914 0.01104561239 0.009590175934 0.007995428517 0.006961562205 0.006217497867 0.005743050482 0.00488603767 0.004720003344 0.004386919551 0.004241525661 0.003928523045 0.003836346557 0.003684676485 0.003559544217
365,frag@134.1 loss@182.02 loss@133.09 frag@119.07 loss@161.08 loss@323.19 frag@148.11 frag@120.08 frag@146.1 loss@269.08 frag@129.07 loss@269.14 loss@187.03 loss@258.1 frag@297.15 frag@234.11 loss@289.14 loss@169.1 loss@166.06 loss@275.05,0.339940846 0.06808292121 0.01372925751 0.01072126534 0.01005208679 0.009615533985 0.008984238841 0.005091180094 0.005001190584 0.004615009762 0.004325427581 0.00425670296 0.003680152586 0.003605430014 0.003306164639 0.002685959684 0.002630946459 0.002518669469 0.002515494823 0.002453322522
366,loss@214.12 frag@57.03 frag@233.14 loss@105.04 frag@332.06 frag@95.07 frag@240.12 frag@69.04 frag@55.02 frag@72.94 frag@187.98 frag@136.06 frag@101.02 frag@133.06 frag@64.01 frag@43.02 frag@166.09 frag@219.02 frag@113.04 frag@164.09,0.3019848764 0.02367140912 0.007399918977 0.006722512655 0.006039850879 0.005095847882 0.003912663087 0.003845889121 0.003743759356 0.003621531883 0.003598820884 0.003262693994 0.003247351153 0.003143533831 0.002981013153 0.002980661811 0.002928823 0.002925287466 0.002923084656 0.002579416847
367,loss@162.1 loss@262.18 frag@167.13 frag@140.11 frag@213.0 frag@173.55 frag@98.1 frag@57.03 frag@236.15 loss@192.12 frag@173.95 frag@166.09 frag@218.12 frag@219.14 frag@201.1 frag@69.07 frag@87.08 frag@81.07 frag@83.05 frag@126.13,0.2133525014 0.08810633421 0.01262980606 0.006488006096 0.004832976498 0.004141164012 0.004137162585 0.00394215202 0.003524847794 0.003465628019 0.003155454295 0.002914206125 0.002693880349 0.00266038673 0.002431948436 0.002403725637 0.002373683034 0.002370849485 0.002366113942 0.002365931636
368,loss@83.04 frag@322.16 frag@91.03 frag@273.06 frag@106.04 loss@9.98 frag@62.99 loss@57.02 frag@196.1 frag@229.06 loss@178.03 frag@219.04 frag@78.01 frag@248.1 frag@230.09 frag@129.04 loss@116.99 frag@154.07 frag@107.03 frag@54.03,0.2689052224 0.07274802774 0.06755662709 0.0144816637 0.009937892668 0.006827503908 0.006067584269 0.005323417019 0.004894607235 0.004874323029 0.004765949212 0.004667724483 0.004357316066 0.00420592213 0.004101279192 0.004091465846 0.003881805809 0.003781705629 0.003720043227 0.003697805572
369,frag@119.05 frag@109.06 frag@119.06 loss@219.1 loss@246.14 loss@226.11 loss@189.12 loss@218.09 loss@196.09 loss@205.15 loss@231.13 loss@215.14 loss@261.05 loss@218.06 loss@179.07 loss@232.06 loss@220.16 loss@211.05 loss@219.04 loss@285.11,0.2858965397 0.09162777662 0.03784620017 0.03593759239 0.0297057014 0.02394565009 0.02037534863 0.01902741008 0.01618169807 0.01362518687 0.01298987959 0.01173343044 0.01116056461 0.01086405385 0.01084838994 0.01063674688 0.01050928701 0.009856840596 0.008568476886 0.008254113607
370,frag@194.08 loss@135.11 frag@166.02 loss@214.13 frag@180.08 loss@281.03 frag@208.11 loss@210.08 loss@120.06 frag@163.02 frag@135.03 loss@193.01 loss@64.03 loss@204.0 frag@207.08 frag@144.1 loss@118.11 frag@336.08 frag@126.0 loss@252.97,0.2066417187 0.1261844933 0.1121121868 0.004086601548 0.002984296763 0.002920955187 0.002894986887 0.00262326235 0.002572398866 0.00237194309 0.002087882254 0.002051541582 0.001918670721 0.001911464031 0.001909557381 0.001751981908 0.001726698247 0.00170091202 0.001632234082 0.001627011923
371,frag@83.99 frag@137.01 loss@232.03 loss@218.02 loss@248.05 loss@317.06 frag@84.0 frag@262.07 loss@337.08 loss@240.12 frag@76.02 loss@277.18 frag@175.03 frag@125.03 loss@206.06 loss@183.0 loss@165.0 frag@143.15 loss@154.02 loss@200.01,0.1757439375 0.1154425815 0.04352824762 0.04147189111 0.0277999565 0.009335960262 0.009315504692 0.005342265591 0.003442156129 0.003417422064 0.003385203425 0.003355745925 0.00335269724 0.003256939119 0.003163743764 0.003036610549 0.003021209966 0.003020613221 0.002942332067 0.002601430984
372,frag@87.04 loss@230.0 frag@246.15 loss@252.04 frag@223.02 frag@59.05 frag@97.1 loss@242.13 frag@43.02 loss@171.09 frag@268.13 loss@448.1 loss@116.09 frag@69.03 frag@168.11 loss@264.16 loss@362.12 loss@284.05 frag@184.1 loss@257.09,0.1898778081 0.03664138913 0.02393117175 0.006108516827 0.005007506814 0.004291760735 0.003395181615 0.003362325486 0.002183583565 0.002110310365 0.002063673921 0.002063619206 0.002001244575 0.001890364569 0.001889929292 0.001886510057 0.001761236228 0.001705627306 0.001699831337 0.001644524164
373,loss@88.02 loss@115.03 loss@91.03 loss@89.02 loss@64.02 loss@116.01 frag@56.96 frag@43.02 frag@131.07 frag@77.04 frag@78.01 frag@117.06 frag@408.14 frag@133.03 frag@95.05 loss@111.03 frag@51.02 loss@74.0 frag@308.1 frag@161.02,0.1208107844 0.05917412043 0.03735297918 0.03560804203 0.02965260856 0.01908819005 0.01411600038 0.01225662883 0.01186913531 0.01145316288 0.01112376712 0.01040340029 0.01000570133 0.009188684635 0.008768193424 0.008257295936 0.008125676773 0.007120440714 0.00707592722 0.006934511475
374,frag@231.02 frag@211.01 loss@219.03 frag@332.06 loss@139.07 loss@166.01 frag@187.05 loss@218.04 loss@380.11 frag@45.03 loss@300.17 loss@167.02 frag@130.04 frag@344.11 loss@282.12 loss@272.08 frag@179.0 loss@259.11 loss@177.07 frag@255.06,0.2661719024 0.003168641357 0.00312024611 0.002912570955 0.00251046964 0.002468107268 0.002326972317 0.00200697314 0.001924730837 0.001921780757 0.001896631788 0.001868062653 0.001601443626 0.001570248045 0.001570178661 0.001512694173 0.001506588655 0.001503661973 0.001473303651 0.001430203672
375,loss@168.13 loss@254.11 loss@347.09 frag@181.06 frag@84.06 frag@112.09 frag@241.11 frag@67.06 loss@226.08 frag@463.24 frag@122.06 frag@108.08 frag@114.0 frag@203.1 frag@99.07 frag@96.08 frag@213.0 frag@142.12 frag@139.05 frag@232.13,0.1775063872 0.1248952746 0.01418109518 0.01383790374 0.008487117477 0.006261031609 0.006211887579 0.006197180133 0.005911679007 0.005745402072 0.005349882413 0.005262534134 0.00509087462 0.004739619792 0.004569540266 0.004563911352 0.004289704841 0.004132558592 0.004082335159 0.004026879091
376,loss@227.07 frag@189.14 loss@230.01 frag@82.03 frag@241.11 frag@218.06 frag@314.13 frag@141.01 frag@99.07 loss@210.14 frag@97.01 frag@84.04 frag@180.01 frag@110.99 loss@255.07 loss@255.04 frag@70.03 loss@226.09 frag@94.07 frag@152.98,0.2350939661 0.1872553378 0.009990502149 0.004707784858 0.004200633615 0.003514463082 0.00343857496 0.003180418164 0.003133633174 0.003106158227 0.002909485484 0.002784723882 0.002756611211 0.002701141872 0.002384826541 0.002383131534 0.002330130199 0.002186259953 0.0021728992 0.002113814
377,frag@148.06 loss@115.04 loss@116.05 loss@86.01 frag@107.07 loss@141.06 loss@182.08 loss@236.06 loss@145.03 loss@298.03 loss@45.0 loss@55.04 frag@68.01 loss@151.01 loss@127.04 loss@192.07 loss@184.13 loss@130.09 loss@132.04 frag@136.06,0.2773343623 0.06035176665 0.008122665808 0.006536278874 0.005401486531 0.003734306898 0.003513075178 0.003107638331 0.00303454278 0.002989208093 0.002823392395 0.002713964321 0.002681174316 0.002630269621 0.002621858614 0.002591634402 0.002447365085 0.002427514875 0.002423862228 0.002414188115
378,loss@197.06 loss@160.07 frag@216.08 frag@192.11 loss@203.12 loss@129.0 loss@313.11 frag@98.01 frag@102.05 frag@161.08 frag@130.01 loss@174.09 frag@207.16 frag@168.06 frag@203.12 frag@184.0 frag@216.01 frag@311.14 frag@173.04 frag@205.08,0.1297909617 0.1062676311 0.1000074521 0.08454826474 0.07387830317 0.01597861201 0.01337202545 0.007952284068 0.007537430618 0.00750451209 0.005820934661 0.005294408184 0.004811056424 0.004762321245 0.004211578984 0.003899902105 0.003701013513 0.003672498977 0.00341750402 0.003207991831
379,loss@199.04 frag@264.04 frag@213.97 loss@221.03 loss@298.03 frag@131.08 loss@225.07 frag@111.03 frag@125.01 frag@409.2 frag@137.07 frag@161.06 frag@121.09 frag@69.06 frag@318.03 frag@115.03 loss@218.01 frag@111.01 frag@181.05 frag@53.0,0.2320637256 0.03635184467 0.0274507273 0.02249254845 0.01798412018 0.01440978795 0.01418226119 0.008429566398 0.007151152939 0.006777681876 0.006762386765 0.005948670674 0.005604165606 0.005398942158 0.005216876511 0.005170917138 0.004741163459 0.004535451531 0.004187135026 0.003641391639
380,frag@165.05 loss@208.11 frag@122.04 loss@236.1 loss@299.05 frag@155.07 frag@137.06 frag@150.03 loss@297.05 loss@238.12 loss@168.04 loss@324.18 frag@109.06 loss@208.15 loss@252.1 loss@223.12 loss@218.09 loss@185.09 loss@240.14 loss@299.04,0.2952201366 0.0381004326 0.03369133174 0.01559559628 0.01243872102 0.01204561256 0.01145311818 0.01040801872 0.007984650321 0.006143400911 0.005768774543 0.005305911414 0.004918810446 0.004452005029 0.004231685773 0.00403863471 0.003970795777 0.003824665444 0.003680257127 0.003663894255
381,frag@134.04 loss@72.02 loss@84.02 frag@377.07 frag@107.03 loss@100.03 loss@69.02 frag@53.0 frag@190.01 frag@90.03 loss@101.05 frag@342.1 loss@71.01 frag@270.05 loss@101.02 frag@68.01 loss@86.04 frag@108.02 loss@99.03 frag@78.01,0.1798622012 0.1575457603 0.08382095397 0.02644908801 0.01271990873 0.008586040698 0.007816422731 0.00751827471 0.007374675944 0.007019997109 0.006921737455 0.005926710553 0.005897689611 0.005626520142 0.005616168492 0.005503790453 0.005501391832 0.005246382207 0.004976517987 0.004342676606
382,loss@198.17 frag@188.06 frag@192.05 frag@279.16 loss@269.17 frag@310.13 loss@256.15 frag@141.02 loss@377.1 loss@250.17 loss@173.99 loss@236.17 loss@199.16 frag@188.03 loss@146.18 loss@187.12 loss@213.99 frag@161.99 loss@288.15 frag@213.99,0.2151040584 0.1102875993 0.101608485 0.04255251586 0.02396520041 0.01918580197 0.008621238172 0.003468430834 0.002791051054 0.002787727164 0.002596170874 0.002454203786 0.002386728534 0.002216448076 0.002190790838 0.002107191598 0.002031336538 0.002012909157 0.001960474066 0.001906676567
383,frag@302.17 frag@275.12 loss@281.16 frag@318.18 frag@170.02 loss@144.03 loss@265.12 loss@186.13 loss@363.11 frag@287.11 frag@176.11 frag@172.05 loss@179.04 loss@199.14 loss@228.94 frag@212.95 loss@160.02 loss@184.13 frag@158.98 frag@171.06,0.07740645856 0.06607411057 0.03094309196 0.005126785021 0.004141645506 0.004107419401 0.00409508124 0.004092846531 0.004086687695 0.003622971475 0.003303536912 0.003061464289 0.002843428636 0.002751477063 0.002683547325 0.002556457883 0.002388865454 0.002283699112 0.002266863827 0.002240119502
384,loss@129.15 loss@168.19 loss@184.13 frag@98.98 frag@195.99 loss@213.99 frag@218.08 frag@201.09 frag@85.06 frag@97.1 loss@157.15 frag@83.09 frag@43.02 frag@57.07 loss@187.12 frag@115.06 frag@190.06 loss@186.01 frag@125.1 frag@76.04,0.0667149052 0.0477065146 0.04107952118 0.03420235589 0.02788674459 0.02666868642 0.01113375556 0.01111454796 0.00683279708 0.00629034685 0.004533700645 0.00426416425 0.004125477746 0.003952926956 0.003913381603 0.003786395537 0.003770730924 0.003294806695 0.003234291216 0.003085295204
385,frag@137.06 frag@225.08 loss@252.08 frag@216.07 loss@234.13 frag@226.1 loss@415.18 loss@359.16 frag@237.11 loss@342.17 frag@139.08 frag@153.09 frag@151.11 loss@310.18 frag@248.11 frag@222.1 loss@363.15 frag@210.05 frag@273.03 loss@101.12,0.1011854783 0.01913312636 0.01584468409 0.01504633483 0.01295603905 0.01228503976 0.01061602123 0.008165982552 0.007330648601 0.006912813988 0.006514426321 0.006483677309 0.006033943966 0.005957820453 0.005888077896 0.005872012116 0.005051935557 0.00489533646 0.004716000054 0.004619737156
386,frag@79.05 loss@240.09 loss@183.09 frag@95.05 loss@244.12 loss@245.11 loss@266.14 frag@77.04 frag@67.05 loss@293.15 frag@97.06 frag@55.02 loss@278.1 loss@257.09 frag@111.04 loss@243.15 loss@265.17 frag@43.02 loss@210.13 frag@109.06,0.2544404864 0.04973039776 0.04322337732 0.03901610523 0.03140746057 0.02387158014 0.02172860689 0.01591045037 0.01497933269 0.01459488086 0.01346624363 0.01211346686 0.01148684323 0.01113121118 0.009960304014 0.009412206709 0.008539700881 0.007781468797 0.007753545884 0.007683979347
387,frag@177.05 loss@176.04 frag@150.04 loss@173.1 loss@120.02 loss@147.04 loss@147.08 loss@113.06 loss@165.04 loss@341.03 loss@158.03 loss@239.1 loss@161.05 loss@188.03 frag@162.03 loss@219.05 loss@167.08 loss@148.02 loss@141.02 loss@244.13,0.3733777106 0.08199372888 0.01318292599 0.005631381646 0.005555801559 0.005235624034 0.004833293147 0.004308660049 0.004251489416 0.004074340221 0.003857803764 0.003763188841 0.003714537947 0.003551859176 0.003473572666 0.002695925534 0.002603740664 0.002594788093 0.00256275502 0.00248420937
388,frag@97.06 frag@113.06 frag@67.05 loss@230.16 loss@339.13 frag@43.02 frag@85.06 loss@239.16 loss@243.15 loss@105.08 loss@239.08 loss@278.1 frag@79.05 loss@105.04 loss@80.05 loss@114.03 frag@95.09 frag@81.07 loss@274.12 frag@69.03,0.2674383819 0.03737073019 0.02681686915 0.01826799288 0.01740702055 0.01096677221 0.008424319327 0.007858993486 0.007157401182 0.005862349644 0.005522409454 0.005283486564 0.005263555329 0.004037355538 0.003071548883 0.003046984784 0.002790549537 0.002739226911 0.002656046068 0.002615941921
389,loss@168.05 loss@151.03 frag@186.06 frag@151.99 frag@272.04 frag@144.04 frag@58.99 frag@61.01 frag@169.08 frag@184.08 frag@158.0 loss@359.13 frag@116.01 frag@143.04 frag@238.13 frag@316.16 frag@63.02 frag@262.1 frag@134.06 frag@68.01,0.17254287 0.05233578011 0.03444014862 0.01058046147 0.008869013749 0.007358644158 0.004921770655 0.004726893734 0.004338367842 0.004334603902 0.00421034079 0.004096017219 0.004039526917 0.004022034351 0.003790561343 0.003682022914 0.003652036656 0.003615480382 0.003586321371 0.003398260335
390,frag@206.07 frag@174.02 loss@288.96 loss@340.1 frag@179.06 loss@220.14 frag@351.18 frag@216.14 loss@190.04 loss@163.05 loss@135.09 loss@102.03 loss@239.05 loss@263.06 loss@149.05 loss@237.22 frag@171.07 loss@328.12 frag@164.03 loss@233.06,0.1690518111 0.1634512544 0.02547140792 0.006786185782 0.003794979304 0.00289369165 0.002795494627 0.002366641304 0.002360262442 0.00191255589 0.001879587886 0.001867730287 0.001848522574 0.001825722051 0.001734594582 0.001581210992 0.001575810486 0.001471731928 0.001463816967 0.001435529441
391,loss@165.04 frag@178.03 frag@150.04 loss@219.05 frag@149.03 loss@178.02 frag@138.04 frag@149.02 loss@180.14 frag@341.15 frag@143.99 frag@299.07 loss@144.01 frag@152.98 frag@124.02 loss@230.01 frag@94.03 frag@168.05 loss@145.15 loss@173.02,0.1491816938 0.08970312774 0.07646053284 0.06007388234 0.05990505964 0.05872213468 0.0511350967 0.01506687421 0.01373857632 0.009009755217 0.008039896376 0.007594532333 0.007384067867 0.006035327911 0.006013834383 0.005960180424 0.005862524733 0.005144214258 0.004340534098 0.004114334937
392,frag@147.04 frag@131.05 frag@187.04 frag@175.04 loss@567.22 loss@423.17 frag@119.05 loss@343.13 frag@203.03 frag@309.1 loss@649.22 loss@362.12 loss@254.1 loss@550.19 loss@390.12 loss@388.14 loss@610.15 loss@525.21 frag@259.06 loss@530.18,0.08242698759 0.04052741826 0.03573988378 0.02887240984 0.02404970303 0.02351052314 0.02263476141 0.02188785747 0.01740827225 0.01610770635 0.01607296988 0.01541554835 0.01205223985 0.01176207326 0.01162286848 0.01107845083 0.009602232836 0.009594488889 0.008751492947 0.008532587439
393,frag@64.0 loss@88.05 loss@103.06 loss@91.06 loss@105.08 loss@89.05 loss@116.08 frag@80.02 loss@102.07 loss@94.08 loss@93.08 loss@130.1 frag@65.0 frag@262.1 loss@114.07 loss@101.06 loss@120.08 frag@401.14 loss@141.15 frag@180.99,0.05341139063 0.04820590094 0.02489654906 0.02458969876 0.02368455939 0.02286108956 0.01892960444 0.01791167445 0.01744778454 0.0172242634 0.01441176608 0.01374051534 0.01342671923 0.01308611594 0.01187500358 0.01107692625 0.0101025207 0.00813680701 0.00733306352 0.007128510159
394,loss@261.08 loss@251.02 loss@265.02 loss@292.12 frag@111.03 loss@295.05 frag@262.16 frag@212.09 frag@319.07 frag@78.05 loss@209.05 frag@269.04 loss@223.08 frag@193.13 frag@199.01 frag@266.08 frag@97.01 frag@187.98 frag@223.01 frag@127.09,0.1135385931 0.02294072881 0.02177431993 0.01295015123 0.01161432266 0.01119959541 0.005489826202 0.005193172023 0.004643919412 0.003919049166 0.003881965997 0.003645683639 0.003623545868 0.003606768092 0.003489123425 0.003346320707 0.003140004585 0.00296486821 0.002574735787 0.002534238156
395,frag@141.05 loss@216.07 loss@277.09 frag@180.05 frag@194.05 loss@328.18 loss@290.07 frag@95.01 loss@211.07 frag@314.13 loss@216.05 frag@136.07 loss@171.05 loss@225.05 frag@126.06 frag@134.05 loss@185.15 frag@160.13 loss@143.06 loss@214.08,0.2049743086 0.09142341465 0.07535246015 0.04400892928 0.02432541549 0.01261475775 0.004114220385 0.00362520921 0.003392217448 0.003222721629 0.003071689745 0.002980058314 0.002811443759 0.002632937627 0.002489453647 0.002418654272 0.002402551472 0.002379018115 0.00202918658 0.001771822455
396,loss@239.12 frag@187.98 frag@110.02 frag@286.12 frag@202.1 frag@344.11 frag@93.03 frag@245.08 frag@184.06 frag@165.06 frag@87.04 frag@231.02 frag@150.09 frag@227.03 frag@171.99 frag@269.04 frag@127.04 frag@463.24 frag@151.07 frag@172.95,0.233205989 0.009168766439 0.005124623887 0.004432434682 0.004405856133 0.004131176043 0.003968628589 0.003365643322 0.002510123653 0.002327973023 0.002175743692 0.002148834523 0.002073322888 0.002046257025 0.002019707114 0.001858750824 0.001855671522 0.001849661581 0.00180267531 0.001796457451
397,loss@120.07 frag@227.03 loss@54.02 frag@199.03 frag@335.11 loss@149.06 frag@167.03 loss@27.01 frag@224.04 frag@92.05 frag@65.04 frag@181.04 frag@109.01 frag@107.06 loss@147.05 frag@268.14 frag@53.04 frag@279.09 frag@118.05 frag@147.09,0.2176330239 0.04727432504 0.03737613931 0.02801836655 0.02170796879 0.01904173195 0.01610445417 0.005854863673 0.005673797801 0.004834885709 0.004394962452 0.003633752232 0.003357895883 0.003243141808 0.003227673704 0.003219490172 0.003203083063 0.003167308867 0.003067247802 0.00270373188
398,loss@123.08 frag@215.13 loss@167.02 frag@284.14 frag@187.1 loss@179.98 frag@101.07 frag@235.16 frag@107.06 frag@124.09 frag@177.11 loss@267.15 frag@188.09 frag@212.08 frag@195.02 frag@250.06 frag@149.08 frag@122.07 frag@154.08 frag@177.01,0.2693178654 0.1088076234 0.04474723339 0.02887812071 0.009528240189 0.007824492641 0.007086789235 0.006461687852 0.005840543658 0.005152787548 0.00448108837 0.004420739133 0.004351067822 0.004268094897 0.003776460886 0.00376293622 0.003746618517 0.003532577306 0.003385740332 0.003316858085
399,frag@58.06 frag@86.1 frag@58.07 frag@44.05 loss@155.11 frag@100.11 loss@157.15 loss@316.15 loss@200.15 loss@157.12 loss@171.1 loss@266.9 loss@304.13 loss@298.19 frag@72.08 loss@246.05 loss@194.14 frag@127.12 loss@351.05 loss@227.99,0.1352648735 0.0878290236 0.05162901804 0.03635282815 0.03024801426 0.02974374592 0.02953909338 0.0252806358 0.02335805632 0.02024861239 0.01734201796 0.01660191268 0.01430419832 0.01040898636 0.01037107315 0.01018541958 0.008413415402 0.008169753477 0.00799738802 0.007993194275
400,loss@223.11 loss@261.13 loss@260.03 frag@101.01 frag@114.05 loss@276.22 frag@98.02 frag@70.03 frag@188.13 frag@209.14 frag@240.12 frag@123.03 frag@222.05 frag@85.05 frag@165.1 loss@214.08 frag@182.13 frag@137.03 frag@43.04 frag@201.1,0.1697829813 0.04032491893 0.03464743868 0.0242682714 0.01904267259 0.01404169668 0.009195942432 0.006700508296 0.00631931657 0.005931260064 0.005340934731 0.004451833665 0.004319536034 0.004239351023 0.00408884557 0.003612624016 0.00352556142 0.003477551043 0.003280368634 0.00326232356
401,frag@156.04 loss@301.12 loss@289.11 frag@223.03 frag@238.05 loss@170.12 loss@159.07 frag@143.12 frag@92.02 frag@221.09 loss@200.03 loss@230.05 frag@195.98 frag@238.02 loss@290.12 frag@285.14 frag@242.13 loss@234.12 loss@251.07 loss@331.09,0.1381172687 0.08428692818 0.08227807283 0.08091350645 0.02655518614 0.02042026818 0.007732047234 0.007503740024 0.005404527299 0.005337091628 0.004869034048 0.004766866565 0.003561634338 0.003143857 0.003051289124 0.002984935185 0.002745475154 0.002382012084 0.002371357987 0.002346092369
402,loss@154.05 frag@235.09 frag@304.16 frag@158.0 loss@196.04 loss@169.06 frag@248.08 loss@147.03 frag@267.06 loss@0.04 frag@144.07 frag@391.17 frag@343.19 loss@221.98 loss@78.05 frag@221.07 loss@401.19 frag@314.13 frag@139.02 frag@263.08,0.1885053664 0.1749775261 0.00723939715 0.006280819885 0.005685435608 0.003279553493 0.002874021186 0.001868619001 0.001846734551 0.001845312538 0.00168096181 0.001662994968 0.001552635338 0.00152022345 0.001368328929 0.001341259456 0.001315984526 0.001312332111 0.001288389787 0.001268281951
403,frag@198.1 loss@197.1 loss@171.08 frag@130.97 loss@95.04 frag@302.09 frag@172.09 loss@173.1 frag@134.99 frag@171.08 frag@181.08 frag@171.09 frag@130.03 loss@215.12 loss@196.04 loss@170.09 loss@118.01 frag@233.11 loss@185.03 loss@164.02,0.2656327188 0.06913602352 0.05344889313 0.007465429604 0.005870615598 0.005004216451 0.004969738889 0.004894655198 0.004423985258 0.00366879697 0.003372463398 0.003268641187 0.003250657814 0.003225422464 0.003214866156 0.003092319937 0.003047080711 0.002946585417 0.002677702578 0.002671654802
404,frag@152.05 frag@180.05 loss@165.06 loss@192.07 loss@196.07 loss@232.06 loss@212.11 frag@163.02 loss@164.06 frag@123.03 frag@111.03 frag@122.04 frag@93.03 frag@314.13 frag@134.02 frag@135.03 loss@203.05 loss@241.17 loss@281.05 loss@295.13,0.212585181 0.0541305393 0.01089147478 0.004814897198 0.003919941839 0.003298451658 0.002577668987 0.00255469 0.002457771683 0.002401652513 0.002400702331 0.002385173924 0.002368380083 0.00225592521 0.002213099971 0.002182933036 0.002059111604 0.00202599843 0.002019280801 0.001948561054
405,frag@170.06 frag@211.09 frag@198.08 loss@281.1 frag@221.09 frag@197.07 loss@234.04 frag@142.07 loss@203.02 loss@290.11 loss@174.08 loss@214.07 frag@159.09 frag@289.1 loss@155.05 loss@308.0 frag@160.08 loss@303.06 loss@137.0 loss@234.12,0.1590460688 0.05096664652 0.04308344424 0.04238108173 0.0195814874 0.01828420162 0.01276352629 0.01241691504 0.007642287761 0.006860508583 0.005765923765 0.004577525891 0.004295327235 0.003982777707 0.003781789215 0.003720238805 0.003342829645 0.003293672111 0.003218878293 0.003197914222
406,frag@112.11 loss@234.06 loss@188.98 loss@311.1 loss@234.04 loss@334.1 frag@140.14 loss@216.03 frag@208.12 loss@234.98 loss@288.18 loss@346.12 loss@294.07 frag@130.12 loss@312.08 frag@58.06 loss@243.02 loss@290.16 frag@44.05 frag@110.1,0.2757287323 0.04296812788 0.02573782578 0.02015508711 0.01980684139 0.01883653551 0.01814704016 0.01807993464 0.01140950434 0.01037716679 0.01037682127 0.01036956534 0.008927110583 0.006558143999 0.005513279233 0.005419726484 0.005085959099 0.00494583929 0.004789754748 0.004456846509
407,loss@198.02 loss@77.05 frag@317.21 loss@109.13 frag@157.03 frag@207.04 loss@78.1 frag@232.07 frag@172.96 frag@254.11 frag@323.14 frag@140.05 frag@264.16 frag@211.04 frag@285.09 loss@161.12 frag@191.15 frag@233.13 frag@180.07 loss@166.1,0.02333464846 0.01761641912 0.01372577529 0.007795210462 0.007035505958 0.006812208332 0.00632373523 0.005419374909 0.004999747034 0.004989629611 0.004949938506 0.00450618146 0.004456304479 0.004290233366 0.004040189553 0.003799982602 0.00357053359 0.003498982871 0.00334874494 0.00314349425
408,loss@173.12 loss@161.12 frag@170.98 frag@167.05 frag@195.09 frag@150.13 frag@304.17 loss@167.11 frag@228.96 frag@141.07 frag@237.0 frag@186.09 frag@191.09 frag@142.97 frag@239.08 frag@188.05 frag@181.1 frag@201.07 loss@197.12 frag@370.2,0.1621092111 0.1582890004 0.03424846753 0.009618109092 0.006161154248 0.006116674747 0.005662207957 0.005443735979 0.005263063591 0.005058348179 0.0038701382 0.003781144507 0.003745527472 0.003452294739 0.003404875519 0.002980420832 0.002881295746 0.002837697975 0.002820580034 0.002692629583
409,frag@181.05 frag@287.09 frag@374.15 loss@274.05 frag@139.04 frag@347.19 frag@127.04 loss@298.09 frag@109.03 loss@173.02 loss@464.1 loss@112.05 frag@153.02 loss@153.04 frag@153.05 loss@278.1 loss@244.11 loss@341.15 loss@653.12 loss@92.99,0.2482184321 0.007968843915 0.007354851346 0.004527433775 0.00431964267 0.003734754398 0.003245478962 0.003091672668 0.003021290293 0.002971688751 0.002966614673 0.002924375935 0.002882542321 0.002699544886 0.002572234254 0.002385198604 0.002303359564 0.002264768584 0.002215055982 0.002207748359
410,frag@179.05 loss@157.1 loss@182.17 loss@141.05 loss@281.07 frag@140.05 loss@111.07 frag@195.06 loss@107.11 loss@253.07 loss@151.02 loss@245.16 loss@226.09 loss@263.12 loss@170.11 loss@181.12 frag@202.09 loss@139.02 loss@130.11 loss@187.0,0.3214451075 0.1131386831 0.006450214423 0.004497128073 0.004184979945 0.004070672672 0.003983830567 0.003896218492 0.003799617756 0.003724792274 0.003644442186 0.003209852614 0.002867695875 0.002576641971 0.002413764363 0.002361388179 0.002334255725 0.002289471449 0.002080859384 0.002064883476
411,frag@110.06 frag@92.05 frag@65.04 loss@217.04 loss@119.02 loss@95.0 loss@322.03 loss@211.09 loss@201.07 frag@93.06 loss@255.06 frag@68.05 frag@80.05 loss@161.01 loss@250.05 loss@155.0 loss@224.04 loss@194.11 loss@235.1 frag@120.04,0.1590317041 0.1583502293 0.03952278569 0.03396466747 0.02454578876 0.02209931053 0.02146529406 0.02067833953 0.01613053121 0.01591457427 0.01579594053 0.01526344195 0.01456742268 0.0129066268 0.01219768636 0.01204717625 0.01167070121 0.01134921238 0.01125766058 0.01062058657
412,frag@151.07 loss@273.07 frag@165.09 frag@138.06 frag@204.04 frag@166.09 loss@259.04 frag@298.07 frag@332.06 frag@235.97 frag@150.09 frag@171.01 frag@207.98 frag@319.04 loss@220.09 loss@259.09 frag@231.15 loss@448.1 frag@163.02 frag@47.9,0.1471024752 0.1219568029 0.005376347806 0.004645578563 0.004030536395 0.004001442343 0.002571888734 0.002489567501 0.002415585797 0.002192666288 0.002092270413 0.001985240262 0.001958920155 0.001930957078 0.001776700374 0.001711901394 0.001704884577 0.001685180818 0.001680151094 0.001662527444
413,frag@159.04 loss@147.11 frag@261.08 frag@141.05 loss@260.09 frag@217.1 loss@190.11 frag@110.02 loss@239.08 loss@462.15 loss@200.13 loss@272.11 loss@244.14 loss@233.99 frag@122.04 frag@242.13 frag@216.09 loss@189.1 loss@275.05 loss@367.15,0.1847416312 0.05293995142 0.03420173749 0.01049270947 0.006404604763 0.003557876684 0.003258311655 0.003150763921 0.00294033438 0.002317810431 0.002314646263 0.002180554438 0.002145401668 0.002094599884 0.002079447731 0.00200846442 0.001808447181 0.001767899957 0.00168308767 0.001682245987
414,frag@147.06 loss@174.04 loss@151.01 loss@146.05 loss@131.03 loss@243.14 frag@308.14 frag@119.06 frag@130.03 loss@160.01 frag@145.04 frag@161.07 loss@173.09 frag@129.04 frag@145.08 frag@175.05 loss@168.06 loss@221.07 frag@133.04 loss@72.01,0.29858917 0.05026557297 0.04059805721 0.0201619789 0.01648289151 0.006822671276 0.005989181343 0.005661427509 0.005199829582 0.004636417143 0.004491236992 0.004056565929 0.003574473085 0.003187240334 0.003074545646 0.002940125531 0.002896245569 0.002709323773 0.002616660669 0.002468699357
415,frag@185.97 loss@270.05 frag@224.99 frag@129.03 frag@267.09 loss@342.11 loss@190.96 loss@60.05 loss@246.94 loss@304.09 loss@309.21 frag@312.16 frag@162.02 frag@196.08 loss@202.04 frag@251.06 frag@195.95 loss@110.02 loss@211.98 frag@310.11,0.1359470636 0.05358735844 0.02441421337 0.01024022792 0.008444108069 0.006239468232 0.005481873639 0.005355598405 0.005172870588 0.005058429204 0.004865599796 0.004401103128 0.003357641399 0.00331786531 0.003172034165 0.002661082195 0.002497614129 0.002459160052 0.002367056208 0.002300343942
416,loss@170.11 frag@114.0 loss@184.12 frag@112.08 frag@84.09 frag@73.06 frag@84.08 frag@233.13 frag@85.04 frag@355.2 loss@211.13 frag@239.21 frag@337.06 frag@178.12 frag@126.08 loss@250.1 frag@275.19 loss@153.12 frag@223.02 frag@84.04,0.2801531553 0.01003784686 0.009813384153 0.006871568505 0.006632318255 0.006336404476 0.005716693122 0.004421994556 0.003926177043 0.003582534613 0.003208303824 0.003098190762 0.002842953894 0.002668633359 0.002400755882 0.002331795869 0.002246445278 0.002230940852 0.002203234006 0.002196186921
417,loss@191.09 loss@162.07 loss@150.09 loss@219.08 frag@177.11 frag@108.06 frag@135.08 frag@145.06 frag@146.07 frag@300.17 frag@319.16 frag@150.07 frag@148.08 frag@231.12 frag@384.2 frag@223.0 frag@103.06 frag@192.1 frag@220.11 frag@129.07,0.1602681726 0.0761770159 0.0497841239 0.03909781575 0.03868665174 0.01575464569 0.01528050192 0.01493057236 0.01124565024 0.01110223494 0.0105631724 0.01051202696 0.009726496413 0.009305464104 0.007857612334 0.007759786677 0.007653640117 0.006841821596 0.006536106113 0.005723334849
418,loss@192.08 frag@191.12 frag@319.19 frag@176.07 frag@142.02 loss@220.1 frag@161.08 loss@191.0 frag@323.08 frag@133.04 frag@170.05 frag@67.02 loss@112.02 frag@329.08 frag@192.01 frag@192.02 frag@136.1 frag@177.09 frag@132.08 frag@121.04,0.2534427047 0.1898605525 0.01331808418 0.006380986422 0.005834888201 0.005385490134 0.003669864964 0.003500602674 0.003131837351 0.002433299087 0.002428450389 0.002354582539 0.002080001403 0.002038902137 0.001984475181 0.001973072998 0.001862294157 0.001791033661 0.001784114866 0.001723723253
419,frag@112.08 loss@182.11 loss@251.13 loss@236.08 frag@84.08 loss@210.1 loss@226.1 frag@56.05 loss@283.1 frag@84.09 loss@222.06 frag@124.08 loss@211.13 loss@299.1 loss@196.08 loss@266.11 frag@174.03 loss@168.09 loss@251.12 loss@152.1,0.2248621881 0.04855850339 0.03538475558 0.03026826121 0.0267118942 0.02552728169 0.0187869668 0.01624778658 0.01573197171 0.01522853132 0.014692422 0.01414000802 0.01197784487 0.0114497086 0.01062543411 0.01021309849 0.007776251994 0.00731409993 0.00690421788 0.006854324136
420,loss@137.1 loss@111.08 loss@139.11 frag@216.05 frag@203.0 loss@128.06 frag@150.1 frag@226.09 frag@198.11 frag@267.08 frag@377.16 loss@125.1 frag@252.1 frag@161.03 frag@204.01 frag@137.11 loss@228.94 frag@169.98 frag@57.04 frag@186.04,0.1546953619 0.08156087995 0.0717836991 0.04229044914 0.04173243046 0.0160106495 0.0091971457 0.006269985344 0.005630660336 0.005165627226 0.005029455293 0.004913189448 0.004547560122 0.004538822919 0.004302911926 0.004210183397 0.004124009516 0.004044963047 0.003922793549 0.003701348556
421,loss@304.09 loss@242.07 frag@269.1 frag@55.02 frag@211.05 frag@185.97 frag@309.16 frag@149.04 frag@171.97 frag@247.14 frag@193.13 frag@124.06 frag@141.02 frag@109.01 frag@213.96 frag@385.13 frag@347.19 frag@164.02 frag@109.03 loss@240.05,0.133439973 0.08874702454 0.05603557825 0.01858892478 0.0088656554 0.005019880831 0.00440763589 0.004274227656 0.004053760786 0.003755651647 0.003733569756 0.003445265815 0.003102988936 0.002952586859 0.002895873738 0.002858261112 0.00281009567 0.002758880612 0.002531542676 0.002388432156
422,loss@195.12 frag@139.07 frag@190.1 frag@107.07 frag@223.01 frag@106.07 frag@124.03 frag@348.15 frag@308.14 frag@189.08 frag@155.03 frag@211.05 frag@161.03 frag@231.12 frag@98.02 frag@165.1 frag@175.06 frag@201.95 frag@122.1 frag@161.08,0.2206580937 0.009194508195 0.007952659391 0.007798780687 0.00672633294 0.006151486188 0.005754438229 0.005700083915 0.005142622162 0.004985384177 0.00473417528 0.004465809092 0.004032348748 0.003677436616 0.003635186236 0.003610393731 0.003390643513 0.003316751914 0.00325289485 0.003185220761
423,frag@114.04 frag@87.03 loss@239.09 frag@44.98 loss@172.07 loss@229.08 frag@447.13 loss@183.01 frag@101.01 loss@282.07 loss@196.08 frag@326.18 frag@73.01 frag@58.99 frag@88.02 loss@312.06 loss@211.03 frag@71.0 loss@227.06 loss@261.18,0.2355368435 0.02304901928 0.01224457938 0.004508079961 0.003087670309 0.002728444058 0.002668544417 0.002584798727 0.002569610253 0.0025357001 0.002482856624 0.002441733843 0.002438792028 0.002428089036 0.002395332092 0.002336073434 0.002126174048 0.002014716621 0.001820767648 0.001779239392
424,loss@207.14 loss@214.08 frag@231.06 loss@179.14 frag@87.07 frag@125.07 loss@250.03 loss@217.12 frag@109.05 frag@346.13 frag@196.11 frag@139.05 frag@218.1 frag@114.0 loss@241.04 frag@348.11 frag@95.06 frag@135.05 frag@92.04 frag@163.09,0.2177561224 0.05752079189 0.03706727549 0.0225282833 0.02057402581 0.01933074556 0.01271396969 0.008349593729 0.005781621672 0.005499180406 0.00483595999 0.004761461169 0.004237495363 0.003653107909 0.003392772516 0.003360844683 0.003357312642 0.003183885477 0.003170913318 0.00316288555
425,frag@120.06 loss@206.12 loss@299.08 frag@146.07 frag@93.04 frag@134.07 loss@176.03 loss@242.13 loss@293.07 frag@136.05 loss@176.07 loss@228.13 loss@27.01 loss@219.02 loss@220.17 frag@107.06 frag@166.09 loss@192.04 frag@231.12 loss@208.08,0.3194031417 0.0106770955 0.009312327951 0.007028370164 0.006349869538 0.00625817338 0.005765043665 0.004997214768 0.004630242009 0.004021390341 0.003973606043 0.003949773964 0.003655091859 0.003361010924 0.00317356782 0.003150258679 0.003139809007 0.00304262084 0.002890119329 0.002857008949
426,frag@240.1 loss@182.1 frag@183.11 loss@208.99 frag@328.14 frag@201.08 loss@342.06 frag@114.04 frag@146.03 frag@196.03 loss@235.16 frag@164.07 frag@138.05 frag@166.05 frag@156.03 loss@234.11 loss@333.07 frag@180.04 frag@204.14 frag@83.09,0.1041126102 0.09656203538 0.08277198672 0.07611423731 0.0315679796 0.008603706956 0.007359574549 0.004331262317 0.003992327023 0.00364892208 0.003130139085 0.003121886402 0.002832797356 0.002765116747 0.00271913386 0.002606615424 0.002428631997 0.002356716665 0.002206891775 0.002103502629
427,frag@151.04 loss@124.05 frag@179.07 loss@152.05 loss@294.1 frag@165.05 frag@139.04 frag@193.05 loss@539.22 frag@191.07 frag@153.05 loss@102.0 loss@295.16 frag@133.03 frag@213.02 loss@130.02 frag@167.03 frag@129.03 frag@177.05 frag@107.01,0.1785342544 0.1550933719 0.1146155149 0.1069528461 0.02131052874 0.01138156373 0.01094822492 0.009956283495 0.008273725398 0.006067741662 0.0056935912 0.004700939637 0.004693371709 0.00465537468 0.004652928561 0.004626248963 0.004265376367 0.004025578499 0.00397669524 0.003803046187
428,frag@154.04 loss@224.07 loss@172.07 frag@318.03 frag@113.02 frag@114.04 frag@228.03 loss@187.03 frag@189.14 loss@265.1 loss@167.04 loss@235.09 loss@226.09 loss@273.07 loss@210.14 loss@100.02 loss@277.07 loss@155.01 frag@260.14 loss@196.08,0.2952801287 0.1772664338 0.006164821796 0.004192438442 0.003987187054 0.003396874527 0.003274555551 0.003166212235 0.003135921201 0.003052148502 0.00280376873 0.002587322611 0.002569946228 0.002517082728 0.002493576147 0.002447905717 0.002403957304 0.002309295116 0.002244135132 0.002236823319
429,frag@151.06 frag@125.04 loss@221.09 loss@226.08 loss@268.12 frag@97.01 loss@181.06 loss@279.05 frag@170.04 loss@235.1 frag@154.97 frag@171.01 frag@97.04 frag@113.04 loss@217.15 loss@227.08 frag@112.06 frag@149.04 loss@233.09 loss@233.14,0.194355011 0.1021695137 0.08831956983 0.08795007318 0.0413229987 0.0264451243 0.005390575621 0.00472873589 0.002960772952 0.002944284352 0.002720428398 0.002629633062 0.002600864042 0.002555553801 0.002446839586 0.002386460779 0.002228197642 0.002139246091 0.002069512382 0.002053337637
430,frag@133.03 loss@111.05 frag@323.11 frag@343.13 frag@378.1 frag@187.06 frag@178.06 loss@212.19 loss@261.08 loss@76.03 frag@319.07 loss@310.06 frag@167.99 frag@193.05 frag@188.03 loss@172.05 frag@241.08 frag@43.02 frag@123.04 loss@133.06,0.2502905428 0.1545801014 0.01806734689 0.01624809392 0.01273133513 0.006668967661 0.00550323166 0.005457267165 0.004435481038 0.003929566126 0.003803927917 0.003280384932 0.00302396738 0.002809916856 0.002602013992 0.002552597551 0.002354479861 0.002218672773 0.002129788743 0.001914554159
431,frag@171.97 frag@210.04 loss@227.0 loss@205.0 loss@213.17 loss@156.11 frag@206.17 frag@186.99 loss@325.16 loss@188.15 frag@269.1 frag@124.04 frag@138.07 loss@242.96 loss@108.09 loss@228.94 loss@96.06 loss@304.09 frag@268.16 frag@485.33,0.05857588351 0.04798952118 0.04787244275 0.0408141762 0.03422085568 0.03398364037 0.0161455255 0.008865721524 0.007844224572 0.007005343214 0.006312629208 0.005290850066 0.004494255874 0.004375161137 0.004356125835 0.003646444064 0.00356934499 0.003171640681 0.003130850149 0.003033093177
432,loss@153.12 frag@67.05 loss@246.13 loss@107.11 frag@97.06 frag@81.07 frag@83.09 frag@43.02 frag@79.05 frag@95.09 loss@305.19 frag@110.1 frag@93.07 loss@181.11 frag@181.1 frag@109.1 frag@175.11 frag@57.03 frag@85.06 frag@154.04,0.2764430046 0.1057645455 0.03470053151 0.01853512041 0.0149376886 0.01465234626 0.01231772546 0.01168763451 0.01028223149 0.009919673204 0.009010530077 0.00770395156 0.00665820064 0.006317673251 0.005849641282 0.005582661368 0.00554164499 0.005189238582 0.004902871326 0.004117556382
433,frag@341.17 loss@211.0 frag@344.21 frag@235.05 loss@279.05 loss@251.02 loss@228.1 frag@231.12 loss@261.08 loss@175.11 loss@217.06 frag@231.11 frag@121.01 loss@291.17 loss@267.03 frag@72.94 loss@128.03 loss@85.04 loss@218.07 loss@96.04,0.1645610034 0.05315791443 0.005372456741 0.002929739188 0.00288944412 0.002815834479 0.002775227651 0.002706911881 0.002646720503 0.002469241619 0.00237979251 0.002266427269 0.002262481954 0.002171861473 0.002112101531 0.002103606472 0.002086334629 0.002072576433 0.002065014094 0.002031048993
434,frag@46.07 loss@336.14 loss@390.12 frag@306.11 loss@367.15 frag@279.16 frag@234.98 loss@267.15 frag@286.05 loss@198.17 frag@167.05 loss@425.22 frag@260.07 loss@394.16 loss@371.12 loss@267.11 loss@343.13 frag@197.03 frag@131.05 frag@171.08,0.118712984 0.04099071026 0.0296339374 0.02291288972 0.02171504311 0.01742855646 0.01503868308 0.008026180789 0.005735713989 0.00478444295 0.003888108069 0.003802257823 0.002654482843 0.002490642713 0.002433005022 0.002288645133 0.002284825314 0.002162644872 0.002098633442 0.002061176114
435,loss@163.1 frag@190.12 loss@203.09 loss@191.13 frag@204.05 loss@175.1 frag@148.11 frag@133.07 frag@133.06 frag@135.08 frag@71.0 frag@126.06 frag@164.14 loss@215.12 frag@123.08 loss@306.13 frag@130.97 frag@145.06 frag@302.22 frag@384.2,0.1883297563 0.1001363099 0.09144053608 0.05146332085 0.01670223475 0.01611262187 0.01597622037 0.01463427115 0.01264141221 0.01079811808 0.01056576055 0.01006607711 0.008017236367 0.007505516522 0.007446415257 0.007400064729 0.007021446247 0.006523980759 0.006444144063 0.00637042243
436,frag@84.08 frag@56.05 loss@257.12 loss@183.13 frag@84.09 loss@335.21 frag@67.05 frag@112.08 loss@204.15 loss@357.12 frag@82.06 loss@196.12 loss@296.12 loss@298.1 loss@276.07 loss@321.19 loss@209.13 frag@55.05 loss@303.11 loss@266.11,0.3174948394 0.03604313731 0.03149268776 0.02550246194 0.01926689036 0.01320198085 0.01026914921 0.009660515934 0.009490204044 0.00941506587 0.009019278921 0.008973686025 0.008938308805 0.008818644099 0.00846129749 0.007845297456 0.006817491259 0.00677462481 0.006335629616 0.006224379409
437,frag@189.06 frag@169.06 loss@128.04 loss@100.02 loss@170.04 frag@233.13 loss@145.03 loss@201.05 loss@174.05 loss@127.03 loss@139.02 frag@98.05 loss@187.03 frag@244.13 loss@215.06 frag@87.09 frag@165.02 loss@191.02 frag@122.04 loss@145.1,0.1218410805 0.07315061241 0.06571369618 0.004595965147 0.00425412925 0.003881901503 0.003821901744 0.003807837144 0.003339528106 0.003143458627 0.00303589995 0.00300696888 0.002649673028 0.002636736492 0.002459337004 0.002383043757 0.002211099723 0.00215456658 0.002037036698 0.002005485119
438,frag@189.07 loss@155.05 loss@229.16 frag@171.06 frag@252.15 frag@231.11 frag@143.06 frag@173.07 frag@172.05 loss@152.07 loss@56.0 frag@171.05 frag@391.17 loss@146.08 loss@172.06 frag@178.01 frag@312.16 loss@159.07 loss@143.13 loss@147.03,0.2837091088 0.1049534306 0.008844520897 0.007750197314 0.006360205822 0.005977664609 0.003569824621 0.003434822196 0.002855389845 0.002726768143 0.002643113723 0.002500166418 0.002482284792 0.002359027043 0.002260634908 0.002202423057 0.002068813192 0.002045983216 0.001993232407 0.001984572969
439,frag@180.08 frag@167.07 frag@182.1 frag@238.09 frag@193.09 frag@181.09 loss@124.06 loss@135.07 frag@208.11 loss@377.17 frag@194.1 frag@196.08 frag@194.08 loss@45.02 frag@165.07 frag@208.1 frag@195.09 loss@149.06 frag@225.1 loss@136.08,0.09795086086 0.09048163891 0.04524696618 0.02061030269 0.01748314872 0.009062888101 0.008255219087 0.00821563229 0.007360595744 0.006015605293 0.005623838864 0.005082377698 0.004072739743 0.003882710822 0.003704826813 0.003664289368 0.003584427759 0.00263038394 0.002593269339 0.00226898957
440,loss@146.05 frag@160.02 loss@78.14 frag@295.14 frag@147.06 frag@306.1 frag@136.02 frag@198.16 frag@179.06 frag@368.13 frag@134.02 loss@114.02 frag@271.07 frag@273.11 frag@169.08 frag@163.03 loss@57.02 frag@142.01 loss@0.04 frag@141.0,0.2480543107 0.09103602916 0.02856507711 0.02034820057 0.00812918786 0.006803534925 0.004847287666 0.004752648529 0.004553292878 0.004422887694 0.003113955958 0.002967243316 0.002734763548 0.002237320645 0.002219486982 0.002029444324 0.001994288526 0.001988687553 0.001947832759 0.00192745775
441,loss@159.09 loss@186.1 loss@131.1 frag@163.01 frag@188.9 frag@55.02 frag@67.06 frag@213.0 frag@172.02 frag@233.13 frag@74.93 frag@202.0 frag@260.14 frag@129.1 frag@209.04 frag@142.02 frag@83.01 frag@86.06 frag@227.08 loss@170.1,0.22257258 0.08708962798 0.03859964013 0.02160372771 0.01208477188 0.009153140709 0.008805019781 0.007729387842 0.006730654743 0.006251806859 0.006141272373 0.005932043307 0.005264621694 0.005225522444 0.004966550041 0.00464442838 0.004236923996 0.00410461193 0.004012215883 0.003943154123
442,frag@119.06 loss@189.99 frag@65.04 loss@54.02 loss@199.03 loss@237.05 frag@147.06 loss@143.04 frag@92.05 loss@210.0 loss@218.03 frag@131.06 frag@118.05 loss@268.05 loss@308.07 loss@185.04 frag@132.07 frag@120.04 loss@127.03 loss@243.14,0.2805887759 0.02443188615 0.01112294663 0.007877136581 0.007475928403 0.006926038768 0.006632323377 0.005640173331 0.005155647174 0.004741785116 0.004635141231 0.00434914371 0.004134694114 0.004076905549 0.00404388085 0.003753966885 0.003670980455 0.003604613245 0.003573330585 0.003390241181
443,loss@160.06 loss@134.05 frag@268.09 loss@175.09 frag@171.05 frag@187.09 frag@145.08 frag@161.07 frag@175.05 loss@174.08 frag@229.13 frag@140.05 frag@272.14 frag@144.04 frag@143.06 frag@171.06 frag@162.05 frag@253.1 frag@144.07 frag@128.05,0.2143986374 0.1030807346 0.08326201886 0.02123016305 0.01225994993 0.01164566912 0.008215154521 0.008207514882 0.007300764788 0.006608384196 0.006523374002 0.006491007749 0.006488962565 0.006302548572 0.005510894116 0.004964318592 0.004865199327 0.004860110115 0.0045686909 0.004250963219
444,frag@175.06 frag@190.09 frag@176.07 loss@225.13 loss@146.08 frag@155.06 loss@163.06 loss@129.06 loss@164.11 loss@185.05 loss@135.07 loss@340.08 loss@174.08 frag@159.07 loss@230.14 frag@148.08 frag@172.08 loss@215.12 loss@131.1 loss@189.08,0.1603970826 0.1598147303 0.007040439639 0.007034347393 0.005910569802 0.005460647866 0.005098790396 0.004857513122 0.004524769261 0.004250461236 0.004142943304 0.003866561921 0.00372385513 0.003584687831 0.003502965439 0.003380998736 0.003342277836 0.003304014448 0.003253635718 0.003097705543
445,frag@139.02 loss@155.04 frag@111.03 loss@140.03 loss@181.06 loss@230.03 loss@333.21 loss@182.05 loss@167.04 loss@367.11 loss@172.07 loss@156.02 loss@201.11 loss@235.09 loss@226.06 frag@97.01 loss@304.09 loss@225.08 loss@325.06 loss@237.08,0.3752630055 0.007084251381 0.00614911411 0.003163186368 0.00281993812 0.002570816083 0.002537732711 0.001941428171 0.001894034096 0.001892656554 0.001783353277 0.001748056384 0.001730867196 0.001665948308 0.001497722114 0.001483261236 0.001388049335 0.001316484879 0.001316208043 0.001312395441
446,frag@41.04 loss@117.04 loss@98.04 loss@128.05 loss@131.06 loss@105.04 frag@43.05 loss@63.03 frag@67.04 loss@102.03 frag@55.02 frag@59.05 frag@154.16 loss@103.06 frag@53.0 loss@116.05 frag@306.09 loss@155.06 loss@105.08 loss@259.0,0.2278622836 0.06465967745 0.05609549955 0.05396560207 0.03492465243 0.03423520178 0.01024276391 0.009362615645 0.009184671566 0.008279216476 0.007206175011 0.007071730681 0.006964464206 0.006297727115 0.005438246299 0.005287658423 0.005285244435 0.005209187046 0.004935581703 0.004775502719
447,loss@117.06 frag@298.14 loss@109.07 loss@188.02 frag@264.16 frag@331.13 frag@189.05 frag@126.06 frag@256.13 frag@345.1 frag@299.14 frag@222.07 loss@164.05 frag@241.02 frag@347.15 frag@198.06 frag@209.08 frag@200.02 frag@210.13 frag@200.12,0.2346372157 0.05137309432 0.04097243026 0.0237892922 0.02111015283 0.01818766259 0.005693138111 0.005618464667 0.004804160446 0.00373538211 0.003598671407 0.003488512943 0.003411305137 0.003392268904 0.003330516396 0.003000928322 0.00296414271 0.002857759129 0.002765627811 0.002724318299
448,loss@190.05 frag@305.1 frag@98.03 frag@255.06 frag@225.99 loss@162.05 frag@369.13 frag@271.06 frag@126.06 frag@287.06 frag@235.05 frag@299.14 frag@303.05 frag@141.08 loss@218.04 frag@196.02 frag@70.04 frag@144.96 frag@88.04 frag@243.08,0.2115227282 0.0387359485 0.03723068908 0.03446514904 0.02010614425 0.006937349215 0.006289473269 0.005647154059 0.004959051963 0.004219029099 0.00416004099 0.004154486582 0.003321850905 0.003198250663 0.002908050548 0.002870990429 0.002856526757 0.00283055054 0.002634744858 0.002445411636
449,frag@57.07 loss@84.06 loss@275.11 loss@102.07 loss@274.09 frag@71.09 loss@171.16 frag@41.04 frag@43.05 loss@141.15 loss@274.1 loss@186.01 loss@246.06 loss@289.19 loss@300.04 frag@97.1 frag@69.07 loss@248.03 frag@59.05 loss@101.1,0.3213840425 0.1005639359 0.03654995933 0.03060254082 0.02368358523 0.02079655975 0.01996736601 0.01874393784 0.01583610289 0.01299725007 0.01257566549 0.01246439759 0.01117350254 0.009823647328 0.009670783766 0.008908946067 0.008694516495 0.007329985034 0.006425599568 0.006261690985
450,frag@167.05 loss@394.16 frag@257.14 loss@167.11 loss@120.06 frag@279.16 loss@196.01 loss@166.97 loss@158.07 loss@259.11 loss@271.1 loss@172.14 loss@135.1 frag@231.11 frag@241.1 frag@155.02 frag@208.07 loss@263.13 loss@286.09 loss@220.08,0.2145294547 0.00377807417 0.002126131672 0.00199236162 0.001606977778 0.001596407848 0.001497367164 0.00145598501 0.001372441649 0.001270503737 0.00120710698 0.001201066538 0.001176928286 0.00114114501 0.001135535655 0.001033936744 0.001019564574 0.0009736781358 0.0009388439939 0.0009066214552
451,frag@101.02 frag@74.01 frag@115.02 loss@229.99 frag@142.04 frag@55.02 frag@58.99 loss@321.1 loss@172.07 loss@183.01 loss@255.01 frag@113.02 loss@206.07 loss@120.03 loss@200.15 frag@166.09 loss@252.07 frag@57.99 frag@155.08 frag@194.04,0.2188421935 0.02048251592 0.01946046017 0.008321411908 0.005636117887 0.003942346666 0.003184371628 0.002787649632 0.002751708962 0.002742757788 0.002422923455 0.002347747562 0.002053959295 0.001834015944 0.001794431941 0.001782958745 0.001758237369 0.001741242944 0.001713206526 0.001657194109
452,frag@189.08 loss@195.12 frag@162.07 loss@188.07 loss@275.07 loss@165.09 loss@258.11 loss@336.14 loss@206.12 loss@165.07 loss@167.09 loss@173.13 frag@190.1 loss@222.12 loss@294.06 loss@268.04 loss@122.05 frag@136.03 loss@333.21 loss@331.06,0.30134058 0.00403477205 0.003576421645 0.002786078956 0.002313795034 0.002187162638 0.002016329207 0.001890268875 0.001682415605 0.001559163444 0.001553049311 0.00152558228 0.001514706644 0.001443610643 0.001338133938 0.001337415655 0.001314784749 0.001305492944 0.00125166215 0.001242234139
453,loss@207.13 loss@233.14 loss@166.12 loss@183.11 frag@97.01 frag@138.05 loss@278.16 frag@122.1 frag@164.07 frag@98.07 frag@161.1 frag@163.0 frag@136.05 loss@330.17 frag@110.07 frag@243.12 frag@108.08 frag@96.02 frag@108.06 frag@111.06,0.1446960419 0.07503317297 0.04854440317 0.03161927685 0.02050506696 0.01712724194 0.01709009707 0.01672331989 0.01104169805 0.009986460209 0.009589259513 0.00939218048 0.009382246993 0.00937154144 0.008677358739 0.007585913874 0.007071503438 0.006542787887 0.005113350227 0.004864501767
454,frag@144.04 frag@116.05 loss@257.02 loss@111.14 loss@215.14 loss@213.07 frag@172.04 frag@144.06 frag@172.05 loss@206.07 frag@87.07 frag@89.04 loss@216.05 loss@156.08 loss@204.06 loss@234.11 loss@165.05 frag@190.06 loss@74.01 loss@234.07,0.246655792 0.1221803501 0.03794566169 0.03450122476 0.01535657421 0.01410574 0.008392897435 0.005874172319 0.005403861869 0.005381697789 0.003910507541 0.003823390231 0.003627673257 0.003504197579 0.003437010339 0.003242242616 0.003103133757 0.003004741855 0.002800711198 0.002786260098
455,frag@124.04 frag@82.03 loss@259.09 frag@99.05 loss@240.06 frag@99.06 frag@96.04 loss@241.15 frag@84.04 frag@53.04 frag@179.08 loss@233.13 loss@221.07 frag@93.03 loss@208.04 frag@108.04 loss@224.09 frag@54.03 frag@137.03 loss@192.09,0.1591710597 0.09288970381 0.04358821362 0.004581770394 0.003918450326 0.003246646607 0.003016463947 0.002512851031 0.002391761402 0.002222516574 0.002175889444 0.002158151707 0.002151387744 0.002147464547 0.002123088343 0.002085284097 0.001810468733 0.001804255182 0.001755636884 0.001725197188
456,frag@228.03 frag@256.05 loss@253.0 frag@131.03 frag@83.01 frag@187.98 frag@206.08 loss@158.07 loss@304.05 loss@311.12 frag@391.17 frag@95.01 frag@180.04 loss@185.07 loss@556.18 loss@132.06 frag@178.06 frag@324.17 frag@106.04 loss@111.03,0.04242060706 0.03052759543 0.02820126899 0.0198330339 0.01116315927 0.006107996684 0.004727313295 0.004701574799 0.003810259048 0.003718184074 0.003478107741 0.003450907767 0.00339882751 0.003101434326 0.002713087946 0.002528129844 0.002516916487 0.002421766054 0.002276566112 0.002190199913
457,loss@218.04 frag@45.03 frag@231.12 frag@163.02 frag@144.06 frag@83.03 frag@151.12 frag@231.02 frag@98.03 frag@67.02 frag@178.06 frag@65.04 frag@344.11 frag@135.03 frag@194.08 frag@138.06 frag@141.07 frag@304.17 frag@93.03 frag@311.18,0.1782721281 0.006618060172 0.005148604047 0.004981653299 0.004452514928 0.0042189206 0.004061798565 0.003921177238 0.003589492291 0.003399634501 0.00334290904 0.003164885566 0.003054940607 0.002991529414 0.002977875061 0.00291709369 0.002787998412 0.002735966817 0.0027001407 0.002591358498
458,loss@272.06 loss@302.12 loss@263.14 loss@237.16 frag@115.07 loss@250.07 loss@292.18 frag@135.04 loss@303.14 frag@138.09 frag@120.07 frag@219.12 frag@330.12 frag@232.13 frag@73.06 frag@162.03 frag@215.12 loss@251.08 frag@161.06 loss@195.11,0.08162453771 0.06052738056 0.06003974751 0.0419556126 0.01273511909 0.01227190532 0.009968181141 0.009575851262 0.009173857979 0.007238488644 0.007216841914 0.00712966267 0.006534343585 0.006461351179 0.005654533394 0.005139289424 0.004902498331 0.004798911978 0.004029457923 0.003877782496
459,loss@239.14 frag@248.06 loss@170.15 loss@177.0 loss@170.12 loss@80.21 frag@292.13 frag@126.08 frag@223.02 frag@157.06 frag@154.0 loss@143.13 frag@230.02 frag@316.16 frag@256.12 frag@192.14 frag@275.11 frag@201.1 frag@360.08 loss@195.14,0.09463471919 0.05291386694 0.04280044138 0.02642589621 0.006950722542 0.005046761129 0.004211557563 0.003412040416 0.003391918493 0.002970836358 0.002866704948 0.00272455602 0.002369724214 0.002346767811 0.002330573276 0.002290628152 0.002263871487 0.002170551335 0.00211554952 0.002057675738
460,frag@103.05 frag@131.05 loss@217.07 loss@228.05 loss@223.07 frag@104.06 loss@204.05 loss@102.0 loss@273.08 loss@220.03 loss@286.13 loss@171.96 loss@451.17 loss@364.12 loss@177.03 frag@77.04 loss@164.03 frag@115.05 loss@99.0 loss@208.07,0.2450375259 0.1221584305 0.04286462814 0.02643506974 0.02295785584 0.02061425522 0.01996524073 0.01955873333 0.0149852084 0.01430747099 0.01125636417 0.01001105364 0.01000531763 0.009993473068 0.007882316597 0.007699877955 0.005748963449 0.005061776377 0.004900799133 0.004646448418
461,frag@201.1 loss@301.18 frag@216.13 loss@278.15 frag@190.09 loss@167.09 loss@330.23 loss@46.07 loss@134.11 frag@142.12 frag@218.15 frag@58.03 frag@391.17 loss@260.15 loss@305.11 frag@215.12 loss@113.13 frag@229.13 loss@255.12 frag@196.11,0.2009991854 0.02675876208 0.01898856089 0.01549606957 0.006901714485 0.006122420076 0.004960929044 0.004406296648 0.004090474918 0.00405856641 0.003900333541 0.003568925196 0.003518679412 0.003431033809 0.003190288786 0.002857663902 0.002836174797 0.002788982587 0.002704919083 0.002647136105
462,loss@255.07 frag@171.01 frag@83.08 frag@162.06 frag@173.95 frag@166.09 frag@45.03 loss@240.06 frag@99.08 frag@198.15 frag@55.02 frag@106.07 frag@84.04 frag@138.05 frag@344.21 frag@67.02 frag@113.02 frag@56.05 frag@179.08 frag@138.01,0.2734544575 0.01068405993 0.004150423221 0.003837538185 0.003380495822 0.003288763575 0.003194980789 0.003024494275 0.003016187344 0.002937297802 0.002841602778 0.002822320908 0.002654747106 0.002599468455 0.002459507668 0.002390332054 0.002358732279 0.002311908174 0.002261733403 0.002255123341
463,loss@214.03 loss@212.05 frag@101.95 frag@319.19 frag@325.06 loss@295.11 frag@201.14 frag@347.19 frag@292.13 frag@124.06 frag@125.01 frag@98.03 frag@97.01 frag@125.08 frag@377.07 loss@215.04 frag@184.06 frag@141.03 frag@90.04 frag@290.13,0.1466208696 0.1015152112 0.01015906036 0.008778374642 0.008512224071 0.006927632727 0.005598406773 0.005331072025 0.005294736009 0.004773178604 0.004686131608 0.004347917624 0.004123757593 0.003996760584 0.003948769066 0.003699911758 0.003125819378 0.00294137001 0.002821432427 0.002692250069
464,loss@155.09 loss@153.12 loss@181.11 frag@157.06 loss@107.11 frag@83.09 frag@67.05 frag@276.01 frag@142.12 frag@87.04 loss@271.12 frag@138.09 frag@173.95 loss@196.04 frag@216.13 frag@191.06 loss@239.08 loss@185.11 frag@45.03 frag@83.01,0.1631448567 0.008250536397 0.007995489053 0.007711077575 0.005576281808 0.004367697984 0.003308423562 0.003276232863 0.003251678078 0.00320125022 0.003129456192 0.003084072145 0.002842653543 0.002840630244 0.002816316905 0.00275247125 0.002748357831 0.002690615831 0.002519910922 0.002408929402
465,frag@188.11 frag@160.11 loss@289.14 loss@259.12 loss@168.07 frag@186.09 loss@344.17 loss@279.15 loss@185.08 frag@216.1 loss@108.06 loss@264.11 frag@174.09 loss@233.99 loss@328.12 frag@355.2 loss@161.0 loss@230.11 frag@138.09 loss@271.19,0.2999712527 0.009707275778 0.005397006404 0.002909825882 0.002662478713 0.002602319466 0.002540764865 0.002530784579 0.002255463507 0.002152601955 0.002087063156 0.002023430541 0.001947414246 0.001851134934 0.001772649819 0.001740915119 0.00172829337 0.0016932406 0.001655199332 0.001557569602
466,loss@183.04 frag@178.01 frag@173.95 frag@177.1 frag@154.03 frag@328.11 frag@175.12 frag@91.02 frag@312.09 frag@192.12 frag@147.09 frag@134.05 loss@197.05 frag@111.0 frag@187.98 frag@44.98 frag@152.02 frag@144.02 frag@244.11 frag@228.03,0.2221953422 0.005948476959 0.005226063076 0.004569918383 0.003363589291 0.003348674858 0.002971136943 0.002878372325 0.002830388723 0.002689300338 0.0025844872 0.002496478148 0.002174053341 0.002156321425 0.00203432655 0.002030327683 0.001887466875 0.001854016678 0.001845563413 0.001821778249
467,loss@93.06 loss@119.04 frag@226.04 loss@104.04 loss@61.05 frag@144.01 loss@280.06 frag@143.02 frag@304.09 frag@225.03 loss@121.05 loss@117.03 frag@230.02 frag@134.05 frag@243.07 frag@129.02 frag@222.06 loss@78.04 frag@82.04 frag@200.03,0.1488338262 0.09615465999 0.03253858164 0.03019008227 0.0276654847 0.02505324595 0.01595754549 0.01489722636 0.01043166686 0.01018643193 0.00797128398 0.00606724387 0.005969549529 0.005684470292 0.00540279597 0.005373057909 0.005067902151 0.004895327613 0.004387023393 0.004002771806
468,frag@144.96 loss@316.1 loss@150.02 frag@235.05 loss@392.11 frag@167.13 loss@553.2 frag@321.06 frag@103.05 frag@259.14 loss@170.02 frag@161.06 frag@155.06 frag@131.05 frag@77.04 frag@243.08 frag@193.05 loss@327.17 frag@61.01 frag@172.02,0.1403386891 0.123147808 0.04506706074 0.004616578575 0.004348712973 0.004042850807 0.004030906595 0.003480009269 0.003372228239 0.00331479148 0.00302140438 0.002961985068 0.00291117467 0.002754583955 0.002683196682 0.002594361315 0.00254527526 0.00254250085 0.00253089983 0.002476984402
469,loss@105.04 frag@61.01 frag@144.96 frag@43.02 frag@62.99 frag@72.94 frag@57.03 frag@115.06 frag@79.02 frag@97.06 loss@392.11 frag@68.01 loss@183.01 frag@58.99 frag@67.05 loss@239.08 frag@342.1 frag@55.02 frag@178.06 frag@257.09,0.2106013149 0.06290738285 0.008119176142 0.007551247254 0.006796624511 0.005446877331 0.004709392786 0.004174553789 0.004062543623 0.0038370986 0.003718005726 0.003687936347 0.00357085187 0.003462234512 0.002975190524 0.002861836459 0.002811796032 0.002683349187 0.002608063631 0.002588815289
470,frag@219.08 loss@96.03 loss@68.04 loss@108.03 frag@277.11 frag@229.1 frag@222.11 frag@335.17 loss@107.08 frag@308.0 frag@239.12 frag@223.06 frag@167.99 loss@96.07 frag@89.04 loss@87.01 loss@0.06 frag@189.07 frag@285.1 loss@306.01,0.1185145006 0.1166550815 0.08008950949 0.07203983516 0.04572544992 0.03998783231 0.02779312059 0.02124653384 0.01620124467 0.01349841058 0.007378123235 0.00593441166 0.005558573641 0.004672234412 0.004630921409 0.003853904316 0.003847400891 0.003813966643 0.003749783384 0.003661699593
471,frag@105.07 frag@119.09 frag@131.09 frag@91.05 loss@232.16 frag@93.07 frag@79.05 loss@239.04 frag@145.1 loss@149.03 loss@237.14 loss@247.11 loss@300.08 loss@328.07 loss@257.08 loss@301.15 loss@329.13 loss@266.14 loss@254.1 loss@243.15,0.09122704715 0.07161982358 0.06523796171 0.05672125146 0.04132891819 0.03340686485 0.03030157089 0.02479993924 0.02064670064 0.02049245685 0.0168596562 0.01666625589 0.01664024219 0.01400169265 0.01233464666 0.01231983304 0.01219610684 0.01194010954 0.01080601756 0.0091895964
472,frag@168.96 loss@443.21 frag@90.05 loss@171.11 loss@143.08 loss@135.08 loss@166.97 loss@178.03 frag@118.04 loss@196.05 loss@151.11 frag@211.01 loss@210.96 frag@328.18 loss@196.01 frag@169.98 loss@149.06 loss@231.03 loss@99.11 frag@177.08,0.2698350847 0.03652174398 0.03408165276 0.01940149255 0.01928647794 0.0166330263 0.01501150336 0.01371040195 0.005723756738 0.004989013076 0.003766831011 0.003094421001 0.002711978741 0.002131604124 0.002103610197 0.001995122759 0.001859790995 0.001801558188 0.001623005839 0.001595211797
473,frag@108.07 frag@122.01 frag@192.03 loss@253.01 loss@128.03 frag@170.02 loss@314.17 loss@147.97 loss@177.97 loss@176.14 frag@241.07 loss@310.05 frag@196.06 loss@235.09 loss@172.01 frag@210.04 loss@123.94 frag@182.05 loss@112.05 frag@176.04,0.1080551893 0.0824873969 0.08098889887 0.05349246413 0.04114451632 0.03926382214 0.03666014969 0.01564008184 0.01092922408 0.009788633324 0.004585037008 0.004209498875 0.004158934113 0.003851942485 0.003401423572 0.003377334913 0.003329219064 0.003220801475 0.003219462233 0.003161972854
474,loss@123.07 frag@233.07 frag@242.04 frag@173.05 frag@60.06 loss@143.03 loss@137.03 frag@304.13 frag@275.08 frag@204.02 frag@125.03 frag@189.02 frag@271.14 frag@150.04 loss@149.05 loss@330.07 loss@401.19 frag@211.09 loss@151.06 loss@44.06,0.2044917792 0.06276316941 0.03897023946 0.0361747779 0.0286512021 0.02132310718 0.01908745989 0.01643772423 0.0125096757 0.01183181535 0.01106007863 0.006901160348 0.006133013405 0.005918345414 0.005655880552 0.005579596385 0.005266461056 0.00427340949 0.003947994672 0.003634665394
475,loss@199.1 frag@181.11 loss@246.16 loss@181.18 frag@228.96 loss@127.05 frag@150.13 frag@85.09 frag@323.11 frag@84.06 frag@145.02 frag@231.0 frag@159.02 frag@197.03 frag@162.06 frag@236.11 frag@238.02 frag@143.01 frag@281.04 loss@314.13,0.1740755588 0.1459338218 0.04368780181 0.02002740465 0.009905742481 0.00821440015 0.008015318774 0.006458132528 0.004476812668 0.003831849433 0.003368305275 0.002810806502 0.00278778933 0.002733452711 0.002499237191 0.002484005876 0.002434008755 0.002389741596 0.002293230034 0.002187228994
476,loss@185.15 loss@299.14 frag@112.08 frag@247.14 frag@150.13 frag@74.06 frag@110.1 frag@84.08 frag@130.12 frag@129.1 frag@156.14 frag@56.05 frag@208.04 frag@98.08 frag@84.04 frag@349.13 frag@86.06 frag@112.11 frag@59.05 frag@88.04,0.2057848126 0.07211122662 0.01673840173 0.0138114607 0.009678172879 0.005624783691 0.005624007899 0.005254176445 0.005059550982 0.004807579331 0.004790803418 0.003969507758 0.003885581391 0.003765571164 0.003664413933 0.003652222222 0.003532538656 0.003479555016 0.003439241089 0.003308356972
477,loss@199.08 loss@235.14 frag@147.05 frag@240.12 frag@183.06 frag@243.16 frag@150.07 frag@141.01 frag@121.09 frag@120.04 frag@98.02 frag@93.03 frag@170.05 loss@351.1 frag@311.14 frag@105.08 frag@244.05 frag@155.07 frag@161.1 frag@110.05,0.209763661 0.03129198775 0.01442400366 0.01262052078 0.007871211506 0.007532259449 0.007347242907 0.006789758336 0.00650439132 0.005774707533 0.005427958444 0.005161704496 0.005089400802 0.005013462156 0.004914998077 0.004837598186 0.003950944636 0.00388648361 0.003873805748 0.003787190653
478,frag@199.1 loss@138.1 loss@139.1 frag@232.09 frag@83.09 loss@158.07 frag@173.95 loss@252.05 loss@202.13 frag@184.01 frag@176.13 frag@227.08 frag@211.01 loss@199.12 frag@220.12 loss@262.18 loss@133.05 frag@142.12 loss@172.08 frag@83.08,0.2518251538 0.2310548872 0.007539012935 0.004291135352 0.003301792312 0.00277595385 0.002617901657 0.002521975199 0.002265488263 0.002094114665 0.001996951178 0.001902291086 0.001901059761 0.00185573718 0.001849694527 0.001818876015 0.00177779072 0.001742894063 0.001741411979 0.001713654725
479,loss@166.03 frag@172.95 frag@123.01 frag@93.03 frag@106.07 frag@293.14 frag@167.03 frag@69.04 loss@147.04 frag@176.05 frag@319.12 frag@153.05 loss@271.06 frag@89.04 frag@128.04 loss@446.1 frag@139.04 frag@105.04 loss@180.06 frag@118.04,0.1299925447 0.05692949891 0.04075242952 0.005688719451 0.005409743637 0.005207329057 0.003905049991 0.003642952302 0.003343805904 0.003091226798 0.003008914646 0.002837599721 0.002767538652 0.002626832109 0.002581202425 0.002387953689 0.002382833045 0.002311248099 0.002131501213 0.002031011507
480,loss@210.14 frag@99.07 loss@208.04 frag@181.02 frag@154.01 loss@272.07 loss@309.09 frag@315.12 frag@189.14 loss@277.07 frag@254.11 frag@84.04 frag@344.17 frag@206.06 frag@114.0 loss@153.0 frag@55.02 frag@98.06 loss@284.08 loss@222.06,0.1170208231 0.1052981094 0.06569772214 0.05967373773 0.03078180179 0.01992863975 0.01594111696 0.01277309936 0.01098888647 0.009887955151 0.008964959532 0.008962878026 0.007490543649 0.004350078292 0.003966098651 0.003295895644 0.00284468173 0.002760114381 0.002738027601 0.002737005474
481,frag@74.93 loss@284.05 frag@194.08 frag@122.04 frag@176.05 loss@338.13 frag@153.08 loss@238.12 loss@260.13 frag@87.04 frag@188.97 loss@174.01 frag@165.05 loss@160.96 loss@185.09 frag@155.07 frag@136.07 frag@168.04 frag@251.15 loss@241.01,0.1655162424 0.06212284043 0.02490258217 0.008612021804 0.007860772312 0.005705648568 0.005443541799 0.005177979358 0.004554084968 0.003904516809 0.003739935812 0.00285258051 0.00274748751 0.002603429602 0.002467866987 0.001965195872 0.001901696785 0.001857323223 0.001854403061 0.001812804257
482,loss@44.03 loss@43.02 loss@16.03 loss@15.02 loss@30.05 loss@58.04 frag@237.05 frag@270.05 loss@33.03 frag@313.07 loss@57.03 frag@242.06 frag@226.06 loss@86.04 frag@301.14 loss@76.05 frag@217.05 frag@249.09 loss@60.06 frag@331.08,0.04762259871 0.04596206918 0.03004955128 0.02803956904 0.02514217608 0.02505770326 0.01528987288 0.01451724861 0.01364908647 0.01356083713 0.01141819172 0.01071860921 0.01035572495 0.01017187163 0.009434741922 0.00936621055 0.008729122579 0.008561625145 0.00840517506 0.00835741125
483,frag@109.08 loss@164.06 frag@68.05 loss@235.1 loss@168.09 frag@110.06 loss@222.14 loss@194.11 loss@207.1 loss@198.08 frag@97.04 frag@94.06 frag@201.14 loss@187.04 loss@235.11 loss@219.14 loss@241.04 frag@158.03 loss@223.04 loss@225.05,0.2417180687 0.04076316953 0.0355739072 0.01912182756 0.016855428 0.01667205803 0.01654632203 0.01608353108 0.01449560281 0.01428284962 0.009463500232 0.008455338888 0.008107888512 0.007213105913 0.007139793597 0.006707843393 0.006203113124 0.006105138455 0.005790153984 0.005571767688
484,loss@120.03 frag@90.04 frag@291.12 frag@115.02 loss@374.13 frag@185.04 frag@242.13 loss@225.18 frag@322.19 loss@172.01 frag@196.02 frag@275.1 frag@183.95 frag@174.95 frag@198.15 frag@208.08 frag@101.02 frag@179.12 frag@194.04 frag@113.01,0.1797735095 0.1492966712 0.02982790023 0.005009791348 0.00496354932 0.003021423006 0.00265698554 0.002483178629 0.002302839421 0.002242358634 0.0020511162 0.001947091543 0.001812648261 0.001799589489 0.001758408267 0.001697394648 0.00163761212 0.001617797883 0.001579650445 0.001480896259
485,loss@143.13 frag@146.02 loss@213.14 loss@261.18 loss@287.14 frag@83.09 frag@155.02 frag@174.03 frag@189.07 frag@97.1 frag@155.12 frag@55.05 loss@168.16 frag@96.08 frag@71.09 loss@259.11 frag@99.07 frag@202.1 loss@231.16 frag@44.01,0.1311643571 0.05301628262 0.04425596446 0.04331562296 0.03300008923 0.02882005833 0.009900887497 0.009011551738 0.006847808603 0.005821872037 0.005242378917 0.004879668355 0.004516412038 0.004355734214 0.004217715934 0.003598976182 0.003474388272 0.003311614506 0.003293565242 0.003220349085
486,frag@159.04 loss@147.11 frag@141.05 loss@260.09 loss@215.06 loss@188.1 loss@367.15 loss@187.09 loss@188.07 loss@306.15 loss@170.05 frag@184.14 loss@182.08 loss@220.08 loss@462.15 loss@277.09 loss@168.07 loss@258.13 loss@290.07 loss@199.09,0.3507071435 0.01886009239 0.01187295653 0.008779669181 0.003487598617 0.003072044346 0.002946650377 0.002844263101 0.002842951566 0.002767508384 0.002732890425 0.002379868878 0.002195016947 0.002143499674 0.001984929433 0.001968698576 0.001834097086 0.001832524315 0.001803580322 0.001796885626
487,frag@205.04 frag@319.07 frag@98.02 loss@130.09 frag@174.97 loss@264.05 frag@244.11 frag@156.03 frag@84.99 loss@153.08 frag@323.11 loss@95.02 loss@146.05 frag@162.03 loss@79.99 frag@164.04 loss@199.1 loss@201.04 frag@176.03 loss@231.05,0.1262559444 0.07651250809 0.002576447558 0.002486222889 0.002035467187 0.001759261242 0.001699267305 0.001694533858 0.001619955408 0.001534512732 0.001522240345 0.001461937209 0.001439288259 0.001430015429 0.001407160657 0.001391625963 0.001389983459 0.001324932557 0.001324876328 0.001312520704
488,frag@100.08 frag@128.11 loss@246.06 loss@242.05 loss@210.99 loss@384.19 loss@274.06 frag@86.06 frag@100.09 frag@127.09 loss@206.13 loss@347.08 loss@249.12 loss@350.16 loss@358.06 loss@263.15 loss@241.04 loss@194.14 frag@99.05 loss@319.05,0.2389461994 0.09002023935 0.03144789115 0.01766329445 0.0170095861 0.01209126506 0.007184037007 0.006838751025 0.005971601233 0.005716669373 0.005248635542 0.00507588312 0.00436267117 0.00432165293 0.003696925472 0.003422135487 0.003074374283 0.003000900149 0.002834243001 0.002730631502
489,frag@121.04 loss@191.11 frag@79.04 loss@213.09 frag@93.04 frag@78.03 loss@219.07 frag@135.05 frag@347.19 frag@106.03 loss@203.05 loss@200.02 loss@193.09 frag@120.06 loss@208.08 frag@96.04 loss@271.05 loss@173.1 loss@120.03 frag@140.02,0.2034646869 0.1604906768 0.1018356681 0.07798355818 0.01295520272 0.007832589559 0.00715358695 0.005411642604 0.005057516973 0.004488448612 0.004249611869 0.003638389986 0.003267550608 0.00307151 0.003056091256 0.002959545236 0.002915458288 0.00289679924 0.002891361015 0.002826746088
490,frag@150.09 frag@178.06 frag@58.03 frag@74.93 frag@45.03 frag@164.07 frag@110.05 frag@72.94 frag@287.09 frag@259.03 frag@132.06 frag@137.03 frag@79.05 frag@84.04 frag@174.97 frag@231.12 frag@105.08 frag@53.04 frag@138.09 frag@67.02,0.001273108646 0.001002596575 0.0008442701073 0.0006397030666 0.0006122918567 0.0006044316688 0.0005940570263 0.0005824046093 0.000558664964 0.0005558727426 0.0005495953374 0.0005348759005 0.0005311503774 0.0005264517968 0.0005166787305 0.000514751242 0.0005088421167 0.0005006002611 0.0004860778281 0.0004815231368
491,loss@270.11 frag@217.1 frag@228.11 frag@173.09 frag@286.12 frag@233.1 frag@389.22 loss@347.17 loss@329.12 frag@218.15 loss@166.1 frag@229.12 loss@242.12 frag@215.12 frag@172.1 loss@147.11 loss@208.04 frag@312.16 loss@128.09 frag@180.1,0.1232000738 0.1204795092 0.06779118627 0.02785005234 0.0184441153 0.01637443341 0.01281465683 0.01079259533 0.010704441 0.009671780281 0.009578123689 0.009097773582 0.006384922657 0.004084432498 0.003596337512 0.003573863069 0.003455763683 0.002907966264 0.002750125481 0.002580038039
492,frag@95.01 loss@96.02 loss@341.13 loss@229.03 loss@93.02 frag@184.06 loss@255.1 frag@109.03 loss@269.1 frag@178.06 frag@208.1 frag@110.04 loss@208.06 frag@161.02 frag@131.03 loss@153.04 frag@165.05 frag@77.0 frag@256.05 loss@310.15,0.1770579219 0.1390179843 0.02347919531 0.01615211554 0.006797248032 0.006270086393 0.005987502635 0.005233749282 0.004673578776 0.003718004795 0.003645912977 0.003455813974 0.003195964033 0.003068180522 0.002983764745 0.002601208398 0.002580593806 0.002528812038 0.002443827922 0.002221758477
493,loss@178.09 loss@230.08 loss@207.04 frag@139.03 frag@231.12 frag@223.0 frag@148.08 frag@225.14 frag@208.07 frag@308.14 frag@83.03 frag@351.18 frag@328.11 frag@135.06 frag@110.99 frag@145.07 frag@164.11 loss@164.06 frag@235.16 frag@123.05,0.1627067029 0.06169627234 0.05481825769 0.02440040372 0.01165081002 0.009081434458 0.008303433657 0.006664454471 0.00664154673 0.006500544026 0.00629492756 0.006082107779 0.005888252519 0.005706099793 0.005652676336 0.005158867221 0.005147070624 0.004972473253 0.004881702829 0.004540344235
494,frag@178.09 loss@252.06 frag@133.09 frag@150.09 frag@119.07 frag@118.06 loss@145.06 loss@183.15 frag@146.08 frag@146.1 loss@164.08 frag@192.1 loss@186.04 loss@177.08 frag@173.11 loss@237.1 loss@238.04 loss@275.05 loss@223.08 loss@165.04,0.1832573265 0.1494494528 0.09392022341 0.005989015568 0.004365796223 0.003791643539 0.003637359943 0.003561174264 0.003496838501 0.003342738841 0.003154338337 0.003130136523 0.002953353338 0.002826243173 0.002685615327 0.002546151169 0.002523370786 0.002477771137 0.002232498256 0.002190388041
495,loss@167.09 frag@169.09 frag@355.2 frag@151.05 frag@191.06 frag@204.11 frag@136.05 frag@195.09 frag@229.13 frag@181.1 frag@190.09 loss@153.11 frag@197.12 frag@183.95 frag@391.17 frag@130.97 loss@225.09 frag@213.03 frag@230.12 frag@231.05,0.3077813387 0.1042310447 0.006759771146 0.005050790496 0.003967646509 0.003775300924 0.00239303452 0.002362927189 0.002301043831 0.002156657865 0.002131793182 0.002094285563 0.002070009243 0.002053399105 0.002007472096 0.001981382258 0.001940889517 0.001915692934 0.001849674387 0.001839159057
496,frag@308.1 loss@133.02 frag@321.09 frag@412.32 loss@18.01 frag@216.14 loss@46.0 frag@98.01 frag@101.06 frag@328.01 frag@312.09 frag@331.1 frag@255.09 frag@260.08 loss@130.09 frag@239.15 frag@310.18 loss@83.04 frag@288.08 frag@209.04,0.1090947241 0.07526568323 0.01585462503 0.007213389501 0.005861448124 0.005512506235 0.003319783369 0.003156492487 0.003018332412 0.002457209863 0.00227324455 0.002235311549 0.002198204398 0.002193374094 0.00218557287 0.002075365977 0.001966459909 0.001741291024 0.001720128697 0.001719967928
497,loss@121.05 frag@204.08 loss@96.07 loss@178.03 frag@192.04 frag@183.0 frag@196.08 frag@179.04 frag@200.07 frag@108.02 frag@231.09 frag@125.03 frag@304.16 frag@437.15 loss@81.02 frag@167.07 frag@209.08 frag@150.01 frag@141.0 loss@162.03,0.1339750737 0.1308031231 0.1083000079 0.04488133639 0.03314634413 0.01315638795 0.005148097873 0.00430079177 0.004074920435 0.003664995311 0.003600546857 0.003415406682 0.003379271831 0.003342242446 0.00297500263 0.002952334238 0.002939886414 0.002861076035 0.002856600797 0.002856018953
498,frag@160.04 loss@176.08 loss@234.21 loss@217.01 loss@145.97 loss@227.13 loss@161.11 frag@195.08 frag@167.03 loss@187.03 loss@132.06 frag@338.14 frag@148.04 frag@308.14 frag@103.06 frag@155.02 frag@218.09 frag@256.96 frag@235.05 frag@240.12,0.1601840109 0.06639967859 0.04473032802 0.03284817934 0.01830389909 0.006734784693 0.004564405419 0.002829686739 0.002617630409 0.002506559482 0.002448191401 0.002236307366 0.002232534578 0.002223588992 0.002159155905 0.002139223507 0.002134124283 0.00211380492 0.001962255221 0.001881477656
499,frag@190.06 loss@146.18 loss@192.96 loss@46.02 frag@172.05 loss@293.06 frag@144.04 frag@116.05 loss@242.06 loss@111.14 loss@197.02 loss@74.01 loss@372.05 loss@197.03 frag@173.95 loss@257.02 frag@173.06 frag@154.06 loss@364.12 frag@144.06,0.3139230907 0.04351587966 0.03119665198 0.02185629681 0.0109522799 0.005223715678 0.004567203112 0.003080487484 0.002419527853 0.002244107425 0.002130118432 0.002117396332 0.002094602678 0.002036340302 0.002016217215 0.001934722299 0.001775317127 0.001655227272 0.00164130202 0.001572579145
500,loss@160.09 frag@209.14 frag@217.15 frag@159.02 frag@118.08 frag@376.15 frag@110.02 frag@176.11 frag@91.05 frag@91.06 frag@178.06 frag@43.02 frag@131.09 frag@240.12 frag@103.06 frag@167.05 frag@197.03 frag@87.09 frag@99.08 frag@109.06,0.3124728799 0.06711569428 0.03743116185 0.01340640523 0.009014718235 0.007523870096 0.007017557044 0.006592953578 0.005009170622 0.004912258592 0.004253634252 0.00371708977 0.003627006896 0.00359636941 0.003369041253 0.003214694094 0.002912360476 0.002751983469 0.002648527035 0.002471486572
501,loss@300.11 frag@75.0 loss@230.1 frag@312.16 frag@391.17 loss@91.05 frag@71.0 frag@156.04 loss@203.0 frag@188.04 frag@208.05 frag@210.13 frag@384.2 frag@256.05 frag@185.97 frag@130.02 loss@286.09 loss@282.05 frag@232.13 frag@106.04,0.1292883307 0.07568138838 0.06134607643 0.04401244223 0.03972773626 0.02022059634 0.01139770355 0.009417717345 0.007835121825 0.004141658545 0.003456978593 0.002539168112 0.00241074455 0.002391661052 0.002351374133 0.002336880192 0.002300584223 0.002279731911 0.002261067042 0.002249873243
502,frag@100.02 frag@143.04 loss@158.07 loss@172.07 loss@184.13 frag@73.01 loss@127.08 frag@57.04 frag@44.98 loss@369.18 loss@115.04 loss@174.05 loss@231.05 frag@142.03 loss@116.05 frag@72.0 loss@102.03 loss@75.03 frag@169.02 loss@187.03,0.1305693984 0.06987775862 0.0471149087 0.02927267365 0.0249820631 0.01363949198 0.009998201393 0.008481137455 0.007414729334 0.006055925507 0.004010188393 0.003918885719 0.003506575711 0.003334593959 0.003264589002 0.003246148815 0.003215342062 0.002945872722 0.002876153449 0.002779380651
503,frag@162.05 frag@172.04 frag@190.05 loss@261.03 frag@144.04 frag@116.05 loss@202.06 loss@214.07 loss@190.07 loss@175.03 loss@251.04 loss@173.05 loss@215.14 loss@188.06 loss@322.13 loss@120.06 frag@109.01 loss@206.07 loss@176.02 loss@238.04,0.1449797153 0.07964274287 0.07132018358 0.01538836956 0.01190437097 0.01079802588 0.006148072891 0.005829225294 0.004865441937 0.004685187247 0.003633127548 0.003445636481 0.00331174396 0.003303726902 0.003077525645 0.003041350981 0.002696696902 0.002665352076 0.002564220689 0.002525902819
504,loss@111.03 frag@156.01 loss@112.02 frag@228.03 frag@291.11 frag@325.06 frag@58.99 frag@206.08 frag@78.01 loss@84.02 frag@311.1 frag@308.1 loss@180.06 frag@68.01 frag@77.0 frag@79.02 frag@377.07 loss@135.0 loss@115.03 loss@141.04,0.2073782235 0.1842431873 0.05114134774 0.03086415492 0.02230197378 0.01728173718 0.005936449394 0.005390909966 0.004573539831 0.004259054083 0.004233319778 0.004116223194 0.00364411599 0.003625042737 0.003067630343 0.003055831185 0.002982084872 0.002852095058 0.002836537315 0.002710182685
505,loss@239.08 frag@156.14 frag@138.09 frag@55.02 frag@97.06 frag@93.03 frag@141.02 frag@141.05 frag@198.15 frag@87.05 frag@100.09 frag@102.09 frag@67.05 frag@161.06 frag@79.05 frag@123.08 frag@190.06 frag@101.02 frag@43.02 frag@86.06,0.2081491202 0.005336726084 0.00392966019 0.00371413934 0.003297373652 0.003239187878 0.003012253204 0.002423150931 0.002308413852 0.002299285727 0.002137164352 0.001939232112 0.001864608726 0.001828215318 0.001789690345 0.001751626609 0.001630730811 0.001625219709 0.001623311662 0.001581946621
506,frag@163.04 frag@117.03 frag@145.03 loss@224.18 loss@336.08 loss@462.17 loss@354.09 loss@221.05 loss@624.23 loss@386.12 loss@266.19 loss@479.2 loss@478.17 loss@181.13 loss@288.08 loss@368.11 loss@641.25 frag@139.04 frag@107.01 loss@498.14,0.2175202966 0.07113524526 0.0667842254 0.02432329021 0.02431517281 0.02307675406 0.02307125367 0.0218587406 0.01944343746 0.01480542123 0.01407097187 0.01251408737 0.01181310136 0.01041773986 0.0102791898 0.009475894272 0.00799616985 0.006205485668 0.006112223957 0.005625944119
507,frag@98.1 loss@294.14 loss@246.17 loss@192.12 loss@468.23 loss@204.15 loss@247.06 loss@311.14 loss@298.13 loss@427.17 loss@224.19 loss@290.16 loss@300.13 loss@162.1 frag@44.05 loss@342.08 frag@97.09 loss@227.06 loss@271.14 frag@96.08,0.3447689116 0.0390987806 0.0390384607 0.03503876552 0.02923614159 0.0215234831 0.01761437953 0.01714848354 0.01642025448 0.01587025449 0.01377333421 0.01310832147 0.01206309441 0.01009599585 0.01005246956 0.008720574901 0.007955175824 0.007345132995 0.006845875178 0.0067561334
508,frag@67.05 frag@95.09 frag@43.02 frag@85.06 frag@81.07 frag@97.06 frag@57.03 loss@264.12 frag@69.07 frag@93.07 loss@105.08 frag@83.09 frag@110.1 frag@71.05 loss@314.13 loss@154.1 loss@262.14 loss@279.16 loss@224.15 loss@161.14,0.1635463089 0.02067244425 0.02028881945 0.01955118589 0.01646524109 0.01258752216 0.00803543441 0.007546231151 0.007462779526 0.007362542674 0.006803952157 0.006777186412 0.006700069644 0.005353577901 0.005258004181 0.005108073819 0.004969465081 0.004941123072 0.004908059724 0.004887055606
509,loss@278.12 frag@218.12 loss@265.13 frag@180.14 frag@273.1 frag@83.09 frag@67.05 loss@316.19 frag@138.05 frag@85.06 frag@95.09 frag@208.01 frag@283.17 frag@132.09 frag@55.05 frag@327.08 frag@69.07 frag@157.06 loss@144.11 frag@156.14,0.08570684493 0.07676801831 0.07164660841 0.03666960075 0.006452683359 0.006319512147 0.005253687035 0.004753950052 0.004410912283 0.004176422488 0.003771031043 0.00366164092 0.003654564265 0.003400290851 0.00317710801 0.00315431715 0.003082587849 0.002946100198 0.002933982993 0.002913499251
510,loss@306.14 frag@211.12 loss@243.02 frag@341.19 frag@112.11 frag@99.09 frag@170.1 loss@389.1 frag@101.11 loss@288.06 frag@202.07 frag@156.14 frag@194.05 loss@218.01 loss@172.16 frag@140.14 frag@235.05 loss@142.0 frag@355.16 frag@266.08,0.1298210174 0.1193809137 0.04406974092 0.034267243 0.01115478761 0.006962885614 0.005540734157 0.005236356985 0.005110600498 0.003821118036 0.003582553007 0.003551350906 0.003346451093 0.003174265148 0.003077564528 0.003027633298 0.002881910419 0.002542792587 0.002473225351 0.002358832862
511,frag@112.05 loss@174.05 loss@156.04 loss@173.04 loss@396.29 frag@95.02 loss@196.01 loss@291.98 frag@69.04 frag@55.03 loss@313.15 frag@54.03 frag@150.06 frag@118.92 frag@155.01 frag@125.0 frag@137.07 loss@146.06 frag@125.04 loss@155.06,0.2032089531 0.1348494142 0.1114374921 0.07587088645 0.02978715673 0.02513015829 0.01893026009 0.008565343916 0.007512653247 0.007302330807 0.005268788897 0.005079683848 0.004879036453 0.003993380815 0.003955123946 0.003856816562 0.003589026863 0.003269290086 0.00306128012 0.002850613091
512,loss@235.12 frag@125.08 frag@190.12 loss@209.05 loss@215.03 frag@193.13 loss@231.08 loss@273.13 frag@84.06 frag@84.09 loss@138.11 frag@142.02 loss@288.13 frag@137.08 frag@123.09 frag@243.16 frag@162.0 frag@151.08 frag@139.03 frag@126.05,0.1139168888 0.1081700474 0.06913639605 0.06122336909 0.04971513525 0.03992917389 0.02121217176 0.009965106845 0.009911726229 0.008643969893 0.006803133991 0.006356136408 0.005860586651 0.004346087575 0.004199827556 0.003915147856 0.003776428755 0.00343900267 0.003374188207 0.003151690355
513,loss@238.08 loss@210.09 frag@137.06 frag@139.08 frag@314.13 frag@199.02 frag@118.08 frag@147.08 frag@105.07 frag@109.06 frag@163.99 loss@196.07 frag@175.12 frag@135.08 frag@121.01 frag@102.04 frag@365.14 frag@314.11 frag@107.01 frag@342.03,0.1409726888 0.1326687336 0.01745108329 0.01094049308 0.009883826599 0.009432528168 0.008510374464 0.008157424629 0.007731688675 0.007650131825 0.006495833863 0.00602995092 0.005707620643 0.005705147516 0.005692786071 0.00548801478 0.00485413149 0.004847460426 0.004679313395 0.004492275883
514,frag@136.02 frag@163.03 loss@191.05 frag@164.04 frag@109.01 frag@175.03 frag@160.02 loss@84.0 frag@110.01 frag@190.04 frag@152.02 loss@164.04 frag@124.02 loss@192.04 loss@262.04 loss@137.05 frag@99.03 loss@54.02 loss@222.08 loss@169.06,0.1357213706 0.1346750706 0.03713448718 0.01018794999 0.007302929647 0.006907321513 0.006883034483 0.005815750454 0.005008001346 0.00415308727 0.004131658003 0.00368384039 0.003619567957 0.003588687396 0.003541996935 0.003151062177 0.002844380913 0.002785431687 0.002766174497 0.002663026797
515,frag@169.03 frag@215.12 loss@189.0 frag@260.09 frag@184.1 loss@233.02 frag@246.09 frag@130.08 frag@221.99 loss@268.13 frag@313.12 frag@104.06 frag@161.12 loss@457.22 loss@145.12 frag@260.16 frag@184.11 frag@267.04 loss@350.06 loss@342.16,0.02480332926 0.02123500593 0.01821620204 0.01289301552 0.01237637457 0.007826110348 0.006877931301 0.005733203143 0.005397180561 0.005391558632 0.00534572918 0.005268604029 0.005204271059 0.005003639497 0.004837231711 0.004790308885 0.004684858024 0.004078345839 0.003957886249 0.003820466809
516,loss@178.11 frag@169.13 frag@180.1 loss@185.09 frag@180.12 frag@126.05 frag@76.08 frag@139.05 loss@304.08 frag@316.01 frag@136.04 frag@163.09 frag@108.08 frag@196.11 frag@367.19 frag@124.03 frag@136.08 frag@165.11 frag@318.16 loss@164.1,0.2644478679 0.0905745253 0.08747761697 0.05913800746 0.01472016517 0.01037854329 0.008185797371 0.007037404459 0.006962198298 0.006820001639 0.006661019288 0.006221680436 0.005516288802 0.005262093619 0.005200083833 0.005165465642 0.00453782687 0.004346712492 0.004329582211 0.003955649678
517,frag@133.05 frag@161.05 loss@152.07 loss@99.01 frag@200.06 loss@173.05 loss@233.99 loss@201.07 loss@165.05 loss@95.02 loss@144.01 frag@322.16 loss@110.06 loss@189.02 frag@235.97 loss@185.06 loss@97.02 loss@132.07 loss@180.07 frag@244.11,0.1637502909 0.1076823547 0.07517696172 0.03995730728 0.01608614996 0.007521834224 0.005671049003 0.004773067776 0.004581029061 0.00435281964 0.004096180201 0.004018404987 0.003706119489 0.003653048305 0.003603448393 0.003256357973 0.003062464064 0.003010540735 0.002916274592 0.002886735136
518,loss@57.06 loss@45.06 loss@59.04 loss@43.04 frag@173.05 frag@102.05 loss@71.07 frag@154.07 loss@110.08 frag@207.06 loss@29.03 frag@258.05 loss@28.01 frag@167.06 frag@228.07 loss@127.11 loss@84.07 frag@182.06 frag@224.94 frag@265.12,0.04240266234 0.02925176919 0.02277797461 0.02052342519 0.01615345664 0.01567886584 0.0146951396 0.01364936866 0.01269275788 0.01260311622 0.01141497027 0.010960632 0.01059527788 0.009350757115 0.008460687473 0.007256046403 0.007245058659 0.007238471881 0.006644587964 0.006634228863
519,frag@107.07 loss@241.05 loss@182.07 frag@311.14 loss@345.97 loss@157.05 loss@173.09 loss@189.05 frag@121.09 loss@259.09 frag@72.0 frag@136.07 frag@114.05 frag@152.07 loss@313.06 frag@123.09 frag@154.05 frag@150.13 frag@209.11 frag@223.01,0.222578451 0.1407642365 0.02019541711 0.01478369534 0.01218236238 0.005308646243 0.00424765842 0.004170442 0.003852449358 0.002626972273 0.002558904001 0.002437330782 0.002248407342 0.002231100574 0.002173394198 0.002161369193 0.00215570326 0.0021336996 0.00211331062 0.002068127505
520,loss@140.08 frag@236.03 frag@182.05 frag@72.94 frag@342.03 frag@169.11 frag@224.02 frag@155.98 frag@211.12 frag@337.06 frag@319.04 frag@115.06 frag@127.0 frag@123.08 frag@173.06 frag@196.12 frag@260.18 frag@207.1 frag@211.01 frag@228.06,0.2586222291 0.06544748694 0.0110304011 0.005267888308 0.002727230545 0.0026352352 0.002323645866 0.001993867103 0.001914492692 0.001892618136 0.001870022621 0.001730838325 0.001577785471 0.001560544828 0.001555653173 0.001506305998 0.001503879321 0.00145858794 0.001413133345 0.001353450236
521,loss@170.04 loss@212.09 frag@261.09 frag@177.04 frag@220.06 loss@140.03 frag@249.0 frag@136.07 frag@183.01 frag@312.16 frag@153.0 frag@58.99 frag@134.02 frag@134.06 frag@109.01 frag@117.02 frag@145.04 frag@201.04 frag@162.97 frag@239.1,0.1190774515 0.08758318424 0.08680167794 0.08440068364 0.04990051687 0.04349224269 0.01532153785 0.006553942803 0.005500516854 0.00528492732 0.004827586468 0.004792174324 0.0034754097 0.003431275953 0.00335778296 0.003313230583 0.002975100186 0.002917933976 0.002603186294 0.00259366422
522,loss@136.06 loss@108.07 frag@204.11 frag@108.07 frag@232.96 frag@122.08 loss@136.1 loss@213.04 frag@118.03 loss@197.04 loss@228.94 frag@137.09 frag@114.01 loss@166.04 loss@174.12 frag@309.13 loss@230.98 frag@150.1 frag@163.01 frag@337.17,0.07543685287 0.07195255905 0.04221765697 0.02918361314 0.02361432463 0.02150543407 0.01412728243 0.01318275183 0.01316170301 0.01221819315 0.01203571074 0.01150029805 0.01132920664 0.0105382381 0.01047190558 0.01019840222 0.009896539152 0.00969992578 0.009188357741 0.008927787654
523,frag@141.07 loss@198.07 loss@151.14 loss@195.99 loss@174.04 frag@141.08 loss@280.94 loss@160.1 loss@171.96 loss@168.03 loss@241.11 loss@168.06 loss@196.05 loss@135.06 loss@178.09 loss@210.05 loss@197.08 loss@171.07 loss@113.13 loss@229.11,0.4068101645 0.09237440675 0.0422771275 0.01602711715 0.010583953 0.005834204145 0.005501916166 0.00374101731 0.003729722928 0.003211019328 0.003129659221 0.003034678986 0.00296525727 0.002916505327 0.002818327164 0.002801277908 0.00257708854 0.002502403921 0.002445319435 0.00201416458
524,frag@153.07 frag@181.06 frag@181.07 loss@401.19 frag@152.06 loss@221.16 loss@295.08 loss@111.14 loss@257.17 loss@190.15 loss@232.03 loss@125.1 loss@277.18 loss@136.08 loss@211.98 loss@291.15 loss@152.07 loss@329.15 loss@347.09 loss@232.06,0.2047411203 0.1488100588 0.0218486134 0.0150157772 0.01279641781 0.01074189506 0.007202667184 0.006440344267 0.004386196844 0.00419290876 0.00418525422 0.003913260996 0.003768338822 0.003407190554 0.003328875639 0.003210079856 0.003188820323 0.002997003961 0.002790240105 0.002585803624
525,frag@70.06 loss@257.15 loss@231.14 loss@253.99 loss@233.15 frag@98.08 loss@262.11 loss@269.01 loss@187.08 frag@70.07 frag@42.03 frag@116.07 loss@236.09 loss@232.1 loss@205.12 loss@284.12 loss@282.08 frag@142.09 loss@208.12 loss@280.05,0.3074147701 0.02377119474 0.0234902408 0.02245774493 0.02147408947 0.0191605594 0.01648697257 0.01309592556 0.01281979401 0.01090372633 0.01083123125 0.01081569586 0.01011309028 0.01009776723 0.009857683443 0.009367514402 0.009080526419 0.008561453782 0.008011542261 0.007806232199
526,frag@174.1 loss@173.1 loss@144.07 frag@200.08 frag@172.09 frag@145.08 loss@187.07 frag@157.08 frag@132.07 frag@233.11 frag@158.07 loss@187.93 loss@201.13 frag@361.16 frag@190.11 loss@225.13 frag@147.07 frag@134.07 loss@168.07 frag@276.16,0.1736798882 0.1414652169 0.09681071341 0.03389738873 0.01867042482 0.01014295872 0.009194582701 0.008286483586 0.007792051416 0.007063108031 0.006614346057 0.0059877038 0.005619940814 0.005553607363 0.00514922943 0.005099840928 0.004186030477 0.004063692875 0.003978320397 0.00395555282
527,loss@208.05 loss@240.06 loss@255.05 frag@106.07 frag@122.06 frag@68.05 frag@385.13 frag@65.04 frag@99.03 frag@69.06 frag@111.03 frag@134.01 frag@59.0 frag@314.13 frag@67.02 frag@109.08 frag@318.03 frag@92.05 frag@101.02 frag@206.06,0.1352179646 0.1018358916 0.037797831 0.009383643977 0.00732507417 0.006793305743 0.006717043463 0.006030514836 0.005707848351 0.005621081684 0.005528124981 0.005291144364 0.004828593694 0.004636838101 0.004559955094 0.004297845997 0.004153870977 0.004082468804 0.004081164487 0.003913211171
528,frag@93.06 loss@107.04 loss@245.04 loss@245.02 loss@112.0 frag@80.05 loss@189.02 loss@218.96 frag@108.04 frag@92.05 frag@218.03 loss@138.06 loss@318.05 loss@211.09 frag@178.02 frag@107.04 loss@224.0 loss@239.94 loss@33.99 loss@233.04,0.2586579323 0.03535151109 0.02991269715 0.02347939275 0.01958244108 0.01424113195 0.01319128647 0.01214787457 0.01140078437 0.01088300068 0.01080557145 0.01035123505 0.010113745 0.009453371167 0.008432869799 0.008373023011 0.007926144637 0.007633548696 0.007489436772 0.007220959757
529,frag@159.02 loss@253.05 loss@242.01 frag@173.95 loss@180.99 frag@69.06 frag@84.09 frag@67.02 frag@318.05 loss@233.05 loss@239.05 frag@209.14 frag@68.05 loss@302.1 frag@182.0 frag@175.12 frag@146.1 loss@160.09 frag@178.09 frag@166.0,0.1569588184 0.1443985403 0.03380091116 0.006334498059 0.004673455376 0.004658783786 0.004208751488 0.00400306005 0.00389469997 0.003816260723 0.003609071951 0.003544638166 0.003420107067 0.003325808328 0.003314206842 0.003145986702 0.003037605667 0.00286636129 0.00274932594 0.002698412631
530,frag@207.08 loss@67.08 frag@256.05 frag@329.11 frag@182.1 frag@180.08 frag@316.11 loss@64.03 loss@231.0 loss@175.11 loss@202.03 loss@188.97 loss@285.09 frag@172.02 loss@293.07 frag@197.11 loss@290.07 loss@233.1 frag@243.04 frag@251.15,0.1166069433 0.05374916643 0.03810201213 0.03275455534 0.007203978021 0.003997100517 0.003841456492 0.003818271682 0.003012399189 0.002916789846 0.002728203544 0.002703560749 0.002631553682 0.002563529415 0.002514000516 0.002510201884 0.002385448199 0.002351224888 0.002254441381 0.002252790611
531,loss@118.04 frag@106.04 frag@81.02 frag@291.15 frag@117.04 frag@121.04 frag@65.04 frag@308.1 frag@181.09 loss@55.99 frag@213.96 frag@105.04 frag@63.02 frag@53.04 frag@342.03 frag@123.01 frag@77.04 loss@111.03 frag@51.02 frag@90.03,0.2165478766 0.152108863 0.005813754164 0.005657278001 0.004839710891 0.004415977746 0.00434245728 0.003408821998 0.003375402186 0.003214089666 0.003186014714 0.003088475903 0.003071732586 0.002686249791 0.002667745808 0.002641401021 0.002548946766 0.00250889617 0.002436894225 0.002394005656
532,loss@170.14 frag@199.05 loss@142.15 frag@227.09 frag@215.06 loss@291.05 frag@240.03 frag@286.12 loss@343.19 frag@202.0 frag@162.0 frag@239.04 frag@143.15 frag@273.03 loss@193.13 frag@322.19 loss@152.13 loss@160.12 loss@249.12 frag@170.1,0.2650375962 0.1173104495 0.04778005183 0.02984550223 0.02627946436 0.01241132896 0.008853523061 0.004212293774 0.004101614933 0.004066089168 0.003937816247 0.003680683672 0.003610257525 0.003490322735 0.003477907972 0.003376923734 0.003279671539 0.003103953786 0.002903010463 0.002740497468
533,frag@192.07 frag@196.04 loss@82.04 loss@180.95 frag@138.02 loss@123.94 loss@177.15 frag@122.01 frag@316.12 frag@255.03 loss@143.03 frag@212.11 loss@53.99 loss@97.03 loss@150.05 loss@185.06 frag@180.02 loss@248.19 loss@112.01 loss@138.04,0.1544884294 0.0645474419 0.0566079393 0.03254824504 0.02623060346 0.02214565128 0.01701780409 0.01682399958 0.01446643565 0.01301939506 0.006721063517 0.006033590529 0.004849775229 0.004459349439 0.004439269193 0.003522927407 0.002953661373 0.00265395781 0.002602042397 0.00256418949
534,frag@173.02 loss@154.06 frag@278.09 frag@145.03 loss@173.06 loss@150.03 loss@190.13 loss@192.08 loss@147.08 loss@253.07 loss@242.07 loss@99.01 loss@159.1 loss@354.16 loss@354.09 loss@193.08 loss@254.15 frag@157.03 loss@244.56 loss@135.1,0.299263835 0.08949540555 0.05444285274 0.008036454208 0.005124044139 0.004039485008 0.003890789114 0.003748289077 0.003746700939 0.003234197618 0.002617608756 0.002590294927 0.002461104887 0.002452500397 0.002387985121 0.002237587702 0.002186276484 0.002170954132 0.002150360495 0.002131192945
535,loss@157.11 frag@154.09 loss@168.16 loss@129.12 frag@284.05 frag@67.05 frag@83.09 frag@69.07 frag@55.05 frag@102.09 frag@112.08 frag@141.02 frag@129.1 loss@185.11 loss@202.13 frag@249.07 frag@130.12 frag@97.1 frag@43.02 loss@183.13,0.2719686925 0.06365662068 0.04193800688 0.03158707544 0.0272581894 0.01923584566 0.01532451622 0.01475096215 0.0129944887 0.0119220037 0.01055779867 0.007963078097 0.007029197179 0.006396950223 0.005837880541 0.005607560277 0.005553173833 0.005197714083 0.005123662762 0.004810649436
536,frag@142.12 loss@169.11 loss@141.12 frag@83.09 loss@181.11 frag@138.09 frag@232.13 frag@208.04 loss@199.12 frag@202.92 loss@153.12 loss@250.1 frag@196.0 frag@99.07 frag@190.1 frag@57.03 frag@81.07 loss@239.16 loss@230.16 loss@159.13,0.1105366796 0.06495891511 0.05192957819 0.007426023018 0.006590750534 0.005778781138 0.004863598384 0.004530087113 0.004418394528 0.003983151633 0.003810746362 0.003742537694 0.003633127315 0.003356551519 0.003306059167 0.003275278024 0.003252522787 0.003034637775 0.00301922136 0.002911273157
537,loss@147.1 loss@229.13 frag@228.12 frag@239.08 frag@204.11 frag@240.12 frag@134.99 frag@171.08 frag@311.14 frag@110.02 frag@123.08 frag@141.05 frag@125.11 frag@144.1 loss@177.11 frag@205.02 frag@127.01 frag@191.13 frag@310.12 frag@155.05,0.176513806 0.07613769919 0.02122431807 0.008226023056 0.00501268357 0.004678860307 0.004368609749 0.004043990746 0.003872092813 0.003524617525 0.003395320848 0.00338579528 0.003184388857 0.003147948533 0.003049736377 0.003028484294 0.002909810748 0.002853693208 0.002803740092 0.002778956899
538,frag@231.05 frag@242.09 frag@222.05 loss@365.14 loss@341.12 loss@276.02 frag@282.08 frag@264.07 frag@463.24 frag@238.13 frag@176.11 loss@359.05 loss@158.12 loss@222.12 loss@136.09 loss@761.39 frag@45.04 frag@300.06 loss@228.04 loss@206.12,0.09687168151 0.07723555714 0.07425370067 0.02342455648 0.0229442697 0.01749885641 0.0140132634 0.009929970838 0.005261264741 0.004435244482 0.003587509738 0.003014924703 0.002964234911 0.002961953171 0.002766015939 0.002751412103 0.002492378931 0.002471973887 0.002214502776 0.002139747608
539,frag@160.04 loss@161.11 loss@145.97 frag@133.03 loss@234.21 loss@227.13 loss@204.05 loss@138.11 loss@364.12 loss@217.01 loss@151.01 frag@308.14 loss@220.09 loss@101.04 loss@234.17 loss@197.03 loss@292.01 loss@161.08 loss@215.06 loss@334.13,0.3593727052 0.08977717161 0.01713522896 0.01622714102 0.0111387549 0.0104199117 0.006292703561 0.004521048162 0.003364932956 0.00320894504 0.00320699322 0.003150763223 0.002817781409 0.002629034454 0.002518435707 0.0023990802 0.002346511465 0.002234327607 0.002059574705 0.001983297057
540,loss@177.13 loss@204.14 frag@178.13 frag@228.08 loss@231.01 frag@152.12 loss@290.15 frag@320.15 frag@151.1 loss@247.14 loss@297.15 frag@98.07 loss@293.19 frag@222.05 frag@129.01 frag@206.09 loss@268.17 frag@463.24 loss@182.12 frag@150.1,0.08204008639 0.07673568279 0.0713653639 0.05514682084 0.04961071163 0.04320498556 0.02262176014 0.01783266664 0.01649198495 0.007519189734 0.007129719947 0.006791457068 0.005980434362 0.005951252766 0.005898849107 0.005162762478 0.005130809732 0.004966751207 0.004341369029 0.004115863703
541,loss@100.02 loss@114.03 frag@53.0 loss@129.04 frag@56.96 loss@101.02 loss@115.04 frag@68.01 loss@113.02 loss@64.02 loss@102.03 frag@62.99 frag@51.02 frag@154.04 frag@234.11 frag@377.07 frag@181.05 frag@72.94 frag@61.01 frag@41.04,0.1685813367 0.111318931 0.01556692086 0.01519269962 0.01411782298 0.01053511817 0.009447325021 0.008920145221 0.008373331279 0.007341666147 0.007206906099 0.006800006609 0.006494192407 0.006263916381 0.00606652163 0.005746135488 0.005640699994 0.00554483477 0.005491415504 0.005349011626
542,loss@270.09 frag@307.06 frag@295.06 frag@325.07 frag@321.08 loss@286.09 frag@248.11 frag@252.08 frag@337.07 loss@70.05 frag@335.13 frag@207.12 frag@299.06 frag@343.08 frag@335.09 frag@236.13 frag@184.96 loss@344.04 frag@284.03 frag@309.08,0.04503599927 0.02528011799 0.01785071194 0.0169027634 0.01590718515 0.008299111389 0.007057484705 0.007034490351 0.006338904612 0.006298187654 0.00625759596 0.005677341949 0.004906143062 0.004644103814 0.004218217917 0.004171289038 0.003990123048 0.003599663498 0.003551461967 0.00354064675
543,frag@166.04 frag@194.04 frag@140.03 loss@172.01 loss@125.12 loss@128.09 frag@154.04 frag@217.1 loss@464.1 loss@205.08 loss@113.01 loss@86.01 loss@203.12 loss@173.01 loss@424.02 frag@140.05 frag@271.07 loss@568.11 loss@172.07 loss@216.11,0.1599901468 0.05668604001 0.009082342498 0.006340208463 0.005750842858 0.004791359417 0.00434881309 0.003864369355 0.003383825067 0.003128072014 0.00297441287 0.002860478591 0.002856649691 0.002802722156 0.002785086399 0.002769017825 0.002642716514 0.002614919329 0.002543667331 0.00234836177
544,loss@165.12 frag@160.13 frag@156.98 frag@194.13 frag@110.07 frag@100.04 frag@345.19 frag@181.1 frag@136.08 frag@137.07 frag@315.07 frag@231.12 frag@135.0 frag@95.07 frag@114.09 frag@122.1 frag@113.02 frag@136.05 frag@157.0 loss@153.12,0.2688042223 0.03078963421 0.02878215723 0.006593053229 0.006123448256 0.005396469496 0.00514123356 0.004925495945 0.004800582305 0.004716016818 0.004673215561 0.004359174054 0.00424632011 0.004182622768 0.00404178258 0.00401473185 0.00395477796 0.003924727906 0.003637371818 0.003167947754
545,frag@160.09 loss@162.08 loss@134.08 frag@176.08 frag@188.08 frag@161.03 loss@204.04 loss@187.07 loss@189.09 loss@208.14 loss@161.1 frag@190.1 frag@312.12 frag@120.06 loss@190.07 frag@134.07 frag@174.07 frag@202.13 frag@132.07 frag@158.07,0.1435979158 0.09536609799 0.0756739676 0.07478948683 0.03997302055 0.02754543535 0.01877807081 0.01280199271 0.01172853447 0.01089813747 0.009344402701 0.008288160898 0.00749684684 0.007219052408 0.006923631299 0.006331662647 0.00607250398 0.005883388221 0.005654935725 0.005299032666
546,loss@87.07 frag@236.07 frag@194.1 frag@267.14 loss@102.09 loss@89.08 frag@216.11 loss@117.12 frag@241.06 frag@243.11 loss@59.07 frag@157.09 loss@103.1 frag@315.02 frag@248.09 frag@88.08 frag@231.0 frag@182.04 frag@216.95 frag@193.06,0.1528211683 0.03934003785 0.03331147507 0.02683243901 0.02330099046 0.02091011032 0.01870772801 0.01609368995 0.01580692641 0.01532205846 0.01280586142 0.01256645937 0.01252609491 0.01168274973 0.01115291473 0.009267968126 0.008703303523 0.008038775995 0.007718564011 0.006984742358
547,frag@255.1 loss@116.1 frag@227.11 frag@237.04 frag@293.15 loss@79.08 loss@156.09 loss@87.06 loss@129.11 frag@222.1 frag@235.09 frag@92.02 loss@112.1 frag@209.14 frag@241.08 frag@317.13 frag@306.09 frag@327.08 loss@229.0 frag@197.06,0.1190992668 0.08415349573 0.04236538708 0.02817141823 0.02686034143 0.02311336249 0.01534595713 0.009069930762 0.007597093005 0.007407806348 0.004210909829 0.003647662234 0.003602615092 0.003323303303 0.003068496473 0.002990114503 0.002959984588 0.002690970898 0.002364701824 0.002267834032
548,frag@194.04 loss@172.01 loss@321.09 frag@140.05 frag@179.05 loss@170.11 frag@138.01 frag@347.19 frag@259.03 frag@133.0 loss@86.01 frag@231.11 frag@83.04 frag@147.06 frag@271.07 frag@206.08 frag@79.04 loss@182.02 loss@219.06 loss@285.03,0.2539823949 0.09292490035 0.01497159619 0.003872857895 0.002247398952 0.002194479341 0.002015439561 0.001669368125 0.001509648515 0.001498671947 0.001439803629 0.001374859479 0.001295647351 0.001280456199 0.001280215685 0.001272595604 0.001232532435 0.001214394113 0.00120687508 0.001147508738
549,loss@199.07 loss@190.06 loss@191.12 frag@125.01 frag@150.04 frag@132.07 frag@186.05 frag@187.09 frag@174.04 frag@218.09 frag@384.2 loss@311.06 frag@314.13 frag@177.04 frag@191.08 frag@186.09 frag@178.09 frag@145.08 frag@128.05 frag@246.06,0.1367655993 0.1299056262 0.05807263777 0.02515119314 0.0226202663 0.01433849614 0.01109223161 0.01048483141 0.009920309298 0.009790414944 0.009453052655 0.009413599968 0.009064649232 0.007519966457 0.007319345139 0.005872854497 0.004927847069 0.004828264005 0.004773118999 0.004403502215
550,frag@158.06 frag@174.09 loss@185.01 loss@174.08 loss@129.99 frag@213.1 frag@159.07 frag@131.07 loss@165.07 loss@188.1 frag@160.08 frag@130.06 frag@130.07 frag@172.08 loss@113.13 loss@169.03 loss@247.96 frag@190.09 loss@164.03 loss@344.17,0.169314459 0.1162184998 0.07517425716 0.05136309192 0.03344214708 0.02196708322 0.02138934471 0.01447522454 0.01384815108 0.01088434644 0.008569427766 0.007623551413 0.007001637015 0.006909966469 0.006273764186 0.005208527204 0.005180396605 0.004722341429 0.004700168036 0.004679428879
551,loss@190.15 frag@184.02 frag@147.02 loss@297.08 frag@191.15 frag@122.06 frag@242.13 frag@185.04 frag@144.02 frag@264.16 frag@106.04 loss@268.07 frag@151.98 frag@261.97 frag@213.04 frag@164.07 frag@325.09 frag@190.02 frag@289.14 frag@345.17,0.2691962719 0.1186103299 0.02511458471 0.01378422044 0.004007965326 0.003601725213 0.003490860807 0.003478801576 0.003366613062 0.003329403466 0.003245925764 0.003026278224 0.002634234494 0.002571486868 0.002393416362 0.001978941029 0.001898190589 0.001881112927 0.00184292125 0.001838400378
552,frag@138.01 loss@155.01 loss@223.03 loss@200.04 loss@167.01 frag@113.02 frag@293.14 frag@139.01 frag@125.02 loss@187.03 frag@118.05 loss@252.07 loss@157.03 frag@58.99 frag@123.0 frag@152.03 frag@139.03 loss@298.18 frag@140.03 frag@129.01,0.1834445596 0.1022022814 0.05878097564 0.0397692509 0.03397539631 0.01348098461 0.008376861922 0.006002036855 0.005897971801 0.004910170101 0.004681664985 0.004594292026 0.004312024917 0.004117764067 0.003985784482 0.003764202818 0.003709360957 0.00352859241 0.003497102996 0.00348115107
553,frag@83.03 loss@235.05 loss@170.01 frag@222.95 loss@100.99 frag@98.04 loss@211.07 frag@112.06 frag@110.04 loss@141.04 frag@107.03 frag@110.99 frag@134.02 loss@208.06 loss@139.03 frag@220.09 frag@209.02 frag@122.94 frag@97.04 loss@167.02,0.155799374 0.1381342113 0.05601260811 0.02199683152 0.01744938083 0.01650613919 0.008350933902 0.006187880877 0.005270685069 0.004726961255 0.004454628564 0.004245436285 0.003718901658 0.003359484486 0.002977780066 0.00279244571 0.002764889505 0.002645590343 0.002459802665 0.0023516363
554,loss@202.09 frag@110.04 loss@222.09 frag@112.06 loss@206.1 loss@181.08 frag@138.03 frag@154.97 frag@203.11 frag@86.99 frag@208.96 frag@98.02 loss@171.03 frag@172.06 frag@310.09 loss@290.07 loss@202.06 frag@139.06 frag@182.02 frag@83.03,0.1320003122 0.1296567023 0.08020246029 0.03790124878 0.03745048121 0.02196650766 0.01703626662 0.0151272025 0.009676527232 0.009172671475 0.008445814252 0.008193313144 0.006801778916 0.006778407376 0.006736133248 0.005850892514 0.005781409796 0.005680957343 0.005293348804 0.004964867141
555,frag@129.02 frag@270.11 loss@90.02 loss@173.99 frag@291.08 frag@239.02 loss@325.02 loss@152.0 loss@119.04 loss@126.14 loss@95.02 frag@235.09 loss@397.09 loss@253.12 frag@273.04 frag@195.99 loss@154.9 loss@130.99 frag@152.03 frag@188.06,0.1316396296 0.0827582255 0.07401029021 0.02250109799 0.01831596158 0.01198012382 0.008123034611 0.003242468461 0.002935337368 0.002589155454 0.002143175807 0.001915079309 0.001694158185 0.001563796424 0.001449900679 0.001380850677 0.001376380096 0.001332326676 0.001329900464 0.001308311126
556,frag@168.09 frag@155.09 frag@142.08 loss@212.14 frag@143.09 frag@157.1 frag@145.1 frag@181.1 frag@173.1 loss@250.06 loss@390.12 frag@183.12 loss@214.13 loss@375.19 frag@133.1 loss@236.11 loss@198.07 frag@131.09 loss@154.9 frag@149.1,0.05923133343 0.05031608418 0.0497366637 0.03878778592 0.02536001243 0.01456475258 0.01444599312 0.01181050763 0.0114363227 0.01082860492 0.00927625224 0.009271123447 0.008504979312 0.008007331751 0.007696061861 0.00725770602 0.006808348 0.006690384354 0.00614837883 0.005524037872
557,loss@117.08 loss@127.06 loss@154.07 loss@113.05 frag@56.98 frag@220.03 loss@89.05 frag@180.02 loss@115.06 loss@128.07 frag@358.13 frag@167.01 loss@59.04 loss@103.06 frag@123.09 frag@174.99 loss@124.1 frag@233.07 frag@307.19 frag@155.0,0.07723090053 0.07086997479 0.05431474 0.02924069948 0.02677874081 0.02309008874 0.01851953194 0.01684271917 0.01638565958 0.01538063586 0.01457016915 0.01204799768 0.01186755393 0.0103562884 0.009856883436 0.008408155292 0.008365608752 0.007709336001 0.007657757029 0.007567768451
558,loss@169.11 frag@67.05 frag@43.02 frag@83.09 frag@222.09 frag@216.13 loss@143.09 loss@181.11 frag@154.09 frag@57.03 frag@97.06 frag@124.11 frag@45.03 frag@112.08 frag@69.07 frag@55.05 frag@208.04 loss@183.13 frag@378.23 frag@81.07,0.2983826995 0.01980786584 0.01843176968 0.01323811617 0.01116139814 0.01009789389 0.009322636761 0.007465798408 0.006417852826 0.006195465568 0.006102331914 0.006046847906 0.006003119051 0.005950446241 0.005425670184 0.005040693562 0.004773204215 0.004761487246 0.004681393038 0.004582609981
559,loss@199.13 frag@92.04 loss@228.02 loss@255.01 frag@111.03 loss@269.02 frag@311.18 frag@135.03 frag@147.03 frag@146.01 frag@104.02 frag@55.02 frag@134.02 frag@55.06 frag@57.07 frag@57.99 frag@145.04 frag@236.11 frag@56.05 frag@84.08,0.1455807984 0.04624289647 0.02952817082 0.02939364687 0.01603102498 0.01454646979 0.01436050795 0.01027771365 0.00991414208 0.0085494956 0.006699182559 0.005728761666 0.005245766602 0.004454733804 0.004141302314 0.003991406411 0.003987780306 0.003749646945 0.003711651778 0.003704607487
560,loss@215.08 loss@239.08 frag@101.02 frag@99.07 frag@259.03 frag@264.12 frag@287.09 frag@89.07 frag@131.03 loss@251.08 loss@189.06 frag@59.0 frag@56.96 loss@323.06 loss@227.08 frag@210.12 frag@208.07 frag@254.13 frag@391.17 frag@93.03,0.1103917211 0.0749386549 0.007076429203 0.00475394493 0.004626120906 0.004595783539 0.003275222611 0.003168698167 0.003091886174 0.002903455868 0.002700734884 0.002674772404 0.002343177563 0.002265930176 0.002180212177 0.002071586438 0.002046167618 0.001961493632 0.001867502229 0.00185503019
561,loss@220.1 loss@218.08 loss@254.07 frag@121.04 frag@97.01 frag@161.08 frag@167.98 loss@286.05 frag@69.06 frag@174.07 frag@93.03 frag@166.06 frag@353.09 frag@121.03 frag@204.04 frag@132.06 frag@193.1 frag@201.14 frag@191.12 frag@92.05,0.1286650598 0.08855569363 0.07695752382 0.02321470529 0.01109748799 0.01006451901 0.008472006768 0.008351593278 0.008240120485 0.007693440653 0.007583930157 0.007356403396 0.007348736282 0.006932114251 0.00680460548 0.006193459965 0.006133634131 0.005786386319 0.005726343486 0.005166009068
562,loss@145.11 frag@202.08 loss@271.07 frag@141.98 frag@181.06 loss@173.11 frag@170.1 loss@230.16 frag@174.06 frag@223.06 frag@219.14 frag@170.07 frag@195.08 loss@117.12 frag@252.1 frag@307.19 frag@180.08 frag@223.02 loss@166.15 loss@282.06,0.2776897252 0.1486947238 0.02453373 0.0237159133 0.008162392303 0.006595844403 0.005520665552 0.004882417154 0.004253223073 0.003997042309 0.003847209737 0.003636491718 0.003540288657 0.003438421758 0.00287101604 0.002681296319 0.002497606212 0.002392699476 0.00221111509 0.002167833736
563,loss@156.13 loss@113.12 frag@112.09 frag@200.11 loss@99.11 loss@182.14 frag@265.06 loss@174.14 frag@114.13 loss@154.15 frag@208.97 frag@198.02 frag@100.11 frag@166.06 frag@245.13 frag@145.0 frag@59.05 frag@177.01 frag@126.08 loss@170.18,0.1238101721 0.08019670844 0.05768949538 0.04998303205 0.03671168163 0.03451639041 0.02913019061 0.02306612022 0.02176997066 0.02067905664 0.01766816713 0.01279303711 0.009030405432 0.008663716726 0.008057209663 0.007485562004 0.006773989648 0.006709361915 0.006629134528 0.004872749094
564,frag@140.03 loss@107.02 frag@152.03 loss@181.12 frag@138.01 loss@225.07 loss@230.04 loss@216.02 loss@205.08 loss@281.07 loss@200.02 loss@382.17 loss@112.01 loss@259.09 loss@114.03 frag@124.04 loss@200.03 loss@261.96 loss@129.04 loss@188.97,0.3116327822 0.03080691583 0.007365964353 0.005485231988 0.005444569048 0.00535337301 0.005066644866 0.004830004182 0.004612339661 0.00389155047 0.003543661674 0.003327562707 0.003324100515 0.0032475919 0.003144839779 0.003029775573 0.002769852756 0.002616993617 0.002557558473 0.002401669044
565,frag@149.06 loss@379.15 loss@271.03 loss@327.17 loss@277.08 loss@363.15 loss@313.17 loss@342.17 loss@298.06 loss@370.13 loss@343.13 loss@451.17 loss@423.17 loss@344.08 loss@386.17 frag@165.09 loss@215.1 loss@335.08 loss@239.1 frag@186.13,0.3451910615 0.02829303779 0.027101418 0.02007662691 0.01933307759 0.01588217728 0.01331762224 0.01308313664 0.01202563103 0.01062521059 0.009379522875 0.009340292774 0.008842898533 0.008483906277 0.005075653084 0.004450978711 0.004155816045 0.004149962217 0.004134563729 0.003726877971
566,frag@108.04 loss@180.09 loss@194.11 frag@126.05 frag@136.08 loss@247.1 frag@163.09 frag@80.05 frag@108.08 frag@121.05 frag@136.04 loss@236.08 frag@120.04 loss@213.11 loss@192.09 loss@237.06 frag@110.06 loss@206.11 frag@122.06 frag@53.04,0.1508656144 0.1014194116 0.04227145016 0.03778502345 0.03316955268 0.02773083188 0.02738457732 0.02665304206 0.02086028457 0.01303655468 0.01271628588 0.01044800039 0.008767582476 0.008101478219 0.007950725034 0.00697048381 0.006864908617 0.005584789906 0.005323064514 0.005127158947
567,frag@150.07 frag@165.09 loss@290.2 loss@311.07 loss@217.13 frag@133.06 frag@120.06 loss@292.1 frag@121.03 frag@135.08 frag@123.08 frag@177.09 loss@206.09 loss@293.07 loss@193.11 frag@134.07 loss@237.16 loss@324.15 loss@192.04 loss@250.13,0.2264667451 0.0770188123 0.01962676831 0.0135922255 0.00637812214 0.005262474995 0.005247618537 0.004830711056 0.004772792105 0.004303294234 0.003933777567 0.003742184723 0.003721430898 0.003668620018 0.003646161174 0.003319712123 0.003318240633 0.002993623726 0.002947792411 0.00289113936
568,frag@211.01 loss@210.0 loss@64.03 loss@174.96 frag@184.0 frag@168.96 loss@178.03 loss@45.02 frag@258.16 frag@124.09 loss@189.99 loss@110.08 loss@172.01 loss@275.04 frag@169.98 loss@145.03 loss@154.01 loss@151.07 loss@157.08 loss@443.21,0.3321103752 0.1770491898 0.02850094438 0.007910554297 0.006156717893 0.004462559242 0.004223764874 0.004110700451 0.004000943154 0.00279171858 0.002638452686 0.002570730867 0.002421774669 0.002330506686 0.002269142307 0.00223853928 0.002105320804 0.002097916091 0.002039752202 0.001909387531
569,loss@248.11 loss@329.12 frag@221.1 frag@181.1 frag@208.02 frag@326.18 frag@141.07 frag@216.08 frag@225.14 frag@153.98 frag@172.96 frag@180.01 loss@165.11 frag@166.1 frag@257.09 frag@202.0 frag@130.97 frag@156.14 frag@302.22 frag@165.06,0.1475040466 0.02490213886 0.00628589699 0.005710420199 0.005026111845 0.004444669932 0.004162416328 0.004041726235 0.003903595963 0.003722463502 0.003602250246 0.002921094187 0.002714496106 0.002617198043 0.002614741214 0.00249873125 0.002487020334 0.002131114714 0.002117874566 0.002097468823
570,frag@149.1 frag@93.07 frag@131.09 frag@107.09 loss@284.13 loss@266.15 frag@135.08 frag@157.1 frag@147.12 loss@256.13 loss@206.13 loss@265.12 frag@119.09 loss@272.14 frag@81.07 frag@145.1 frag@149.13 frag@121.1 loss@258.15 loss@324.17,0.02283816226 0.01963616163 0.01542749628 0.01477815676 0.01447260659 0.01337528788 0.01333432086 0.01193912607 0.01174393762 0.01128075179 0.01037326455 0.009855980985 0.009621811099 0.009565187618 0.009117553011 0.008592764847 0.008589328267 0.008550046012 0.008475378156 0.00816958677
571,frag@189.02 loss@258.05 frag@219.11 frag@116.01 loss@233.16 loss@94.05 loss@192.99 frag@304.13 frag@196.05 loss@148.02 loss@127.91 loss@294.0 loss@205.04 frag@262.07 loss@89.98 loss@123.07 loss@249.01 loss@289.13 loss@213.07 frag@338.14,0.2828113735 0.1073622555 0.04107664526 0.02189275809 0.006591805257 0.005826156121 0.005142564885 0.004354440607 0.00381580391 0.003620572854 0.003326525213 0.003292953828 0.003131246194 0.003011164488 0.002972540911 0.002861852059 0.002313170116 0.002300308319 0.002091313014 0.002086655004
572,loss@195.13 frag@138.05 loss@260.05 frag@108.08 loss@234.24 frag@83.09 loss@240.16 frag@122.06 frag@55.02 frag@94.06 frag@93.03 frag@67.05 frag@174.03 frag@164.07 frag@100.04 frag@84.04 loss@287.11 loss@209.14 frag@102.09 frag@106.04,0.2030912638 0.1114506796 0.01515974756 0.01094300859 0.009117586538 0.00773247052 0.007175932173 0.006950560957 0.005865299609 0.005723911803 0.005332670175 0.004960759077 0.004768522456 0.004647258203 0.004644810222 0.004557495937 0.004509041086 0.004212352447 0.00414183503 0.003967230208
573,loss@217.08 loss@249.06 frag@206.06 frag@193.1 frag@158.0 frag@196.02 frag@247.14 frag@368.13 frag@125.01 frag@181.05 frag@152.01 frag@118.92 frag@262.16 frag@160.97 frag@179.06 frag@149.11 frag@113.01 frag@131.97 frag@108.01 loss@221.03,0.1710081995 0.09075449407 0.01579776406 0.008157536387 0.005906062201 0.005381835625 0.005074852612 0.003868032247 0.0038017591 0.003765989095 0.003560003359 0.003441330977 0.003361532465 0.00306632393 0.002992796944 0.002855222439 0.002719996963 0.002679253696 0.002313067205 0.002293400234
574,frag@279.09 frag@247.14 loss@319.16 frag@171.01 loss@112.06 loss@340.08 frag@74.01 loss@210.15 frag@136.08 frag@310.11 frag@225.16 loss@310.09 frag@149.06 loss@198.11 frag@381.17 frag@265.11 frag@44.01 frag@184.08 loss@404.22 loss@178.07,0.06855519116 0.0470662266 0.03965932503 0.03551786393 0.01898440719 0.004307589028 0.003331796732 0.003298119176 0.003087570658 0.003066521604 0.003041846678 0.002698223107 0.002646627137 0.002437636722 0.00227587414 0.002066101646 0.0020321419 0.00193892431 0.001930135186 0.001872462919
575,loss@193.11 loss@219.13 frag@121.06 loss@233.08 loss@178.1 frag@164.07 loss@259.13 frag@166.09 frag@161.1 frag@99.07 frag@256.14 loss@221.14 frag@146.07 frag@121.03 loss@195.09 frag@163.09 frag@345.17 frag@148.08 frag@122.1 frag@125.08,0.09173902124 0.03804734722 0.03660459816 0.03464683145 0.03132146597 0.02821415104 0.02141333185 0.01989417337 0.01887287945 0.01870478876 0.01775211841 0.01403866801 0.01383616589 0.01288358402 0.01261307579 0.0115348557 0.01088222489 0.01049171574 0.01011704188 0.009452395141
576,frag@70.04 loss@58.01 frag@55.03 frag@98.03 loss@244.04 frag@68.01 loss@113.01 loss@280.09 loss@180.99 frag@54.03 loss@100.02 loss@258.08 frag@150.06 loss@167.03 loss@115.04 loss@127.03 loss@125.1 frag@308.1 frag@263.1 loss@180.06,0.1565499157 0.1061276644 0.1015846059 0.03237756714 0.02763645351 0.01071023755 0.007691786159 0.004469810519 0.004007372539 0.003898690222 0.003816295182 0.003120416775 0.003106857184 0.003018150572 0.002614010125 0.002436300041 0.002269819612 0.00204627146 0.001768821501 0.001650505932
577,loss@116.11 frag@309.09 frag@195.01 frag@247.05 frag@158.06 loss@192.08 frag@225.1 frag@303.1 frag@331.12 frag@201.07 frag@190.07 frag@148.02 frag@107.01 frag@137.01 frag@448.16 loss@185.01 frag@184.08 loss@211.98 frag@202.12 frag@118.07,0.1453728229 0.06167360768 0.007160092704 0.004651043098 0.003934490029 0.003493935801 0.003415653016 0.003411240177 0.003097945359 0.002845936222 0.002772627166 0.002705819905 0.002465972677 0.002446582774 0.00236792746 0.002317962237 0.002287633484 0.00226053712 0.002247084631 0.00214269897
578,frag@123.02 frag@123.03 frag@113.04 loss@179.08 loss@314.08 loss@322.14 loss@345.15 loss@249.16 loss@186.07 loss@191.07 loss@252.18 loss@205.16 loss@181.09 loss@191.17 loss@289.07 loss@270.15 loss@200.13 loss@166.12 loss@169.07 frag@98.02,0.2562263608 0.06347105652 0.06184868515 0.04506414756 0.02745858766 0.02365850471 0.02324608713 0.02230687998 0.01644434407 0.01642755605 0.01310568117 0.01094240323 0.009456521831 0.008507817984 0.006890916266 0.006872631609 0.004331670702 0.00419101445 0.003664258635 0.003307039617
579,frag@141.02 frag@325.06 loss@248.02 loss@278.1 loss@154.06 loss@176.12 frag@181.05 frag@167.04 frag@109.03 loss@311.12 loss@242.07 loss@239.08 frag@184.06 loss@78.96 loss@215.08 loss@233.99 loss@269.17 loss@563.19 loss@130.07 frag@47.9,0.2987988591 0.01544361748 0.009376312606 0.006048920099 0.005729794502 0.005234788638 0.004979626741 0.004394790623 0.004187427927 0.004034286831 0.003837086726 0.002804852091 0.002760973293 0.002559077926 0.00252662506 0.002492484171 0.002486281795 0.002429084154 0.002269762568 0.002203376964
580,frag@82.03 frag@99.06 loss@224.09 frag@220.02 loss@482.12 frag@99.05 frag@84.09 loss@240.06 loss@300.05 loss@259.09 frag@124.04 loss@219.06 loss@285.17 loss@233.13 frag@56.05 loss@335.21 frag@54.03 frag@137.03 loss@105.04 frag@114.0,0.1308266371 0.1284171641 0.06163253263 0.02066770568 0.01905079931 0.005084388424 0.003584001912 0.003526267363 0.00323929661 0.003229162656 0.002896777587 0.002865064191 0.002799555659 0.002763175871 0.002640890889 0.002336377511 0.002218470909 0.001982347341 0.001925148186 0.001910893479
581,loss@120.06 loss@163.06 frag@448.16 frag@256.05 loss@119.05 loss@137.08 frag@181.04 frag@145.04 frag@225.02 frag@300.17 frag@269.09 frag@244.05 frag@160.04 frag@164.07 frag@285.09 frag@220.09 frag@163.02 frag@142.97 frag@189.02 frag@175.06,0.142462492 0.08013285697 0.04718157649 0.005730538629 0.004282454494 0.003895550966 0.003893167013 0.003879420459 0.00380259566 0.003284543287 0.003118093824 0.002687986707 0.002573953941 0.002550526289 0.002360030543 0.002332939766 0.002315756399 0.002283220179 0.002166918479 0.002121034078
582,frag@179.03 loss@176.12 loss@260.18 loss@263.98 loss@421.99 frag@197.04 loss@310.05 frag@133.03 frag@159.02 frag@220.01 frag@184.06 frag@207.02 loss@125.04 frag@210.09 frag@318.18 frag@93.03 loss@184.15 frag@325.06 loss@310.15 loss@253.01,0.2821706533 0.1349580437 0.02247731015 0.01329092402 0.003881744109 0.003599751974 0.002975309966 0.00292887562 0.002477918752 0.002287476091 0.002238034504 0.002110327361 0.00197594054 0.001897441689 0.001706043025 0.001590276603 0.001578604919 0.001567493659 0.001540856319 0.001518810284
583,loss@169.12 loss@309.21 loss@170.13 frag@83.09 loss@167.11 frag@150.13 frag@381.17 frag@144.14 frag@246.15 frag@131.08 loss@230.16 frag@135.0 frag@275.18 frag@183.11 frag@76.04 frag@211.01 frag@137.03 frag@86.06 frag@166.06 loss@184.12,0.1860707253 0.02205276117 0.01303736772 0.01138471067 0.008675375953 0.007752211764 0.006671142764 0.00376854674 0.003654292319 0.003451050492 0.003005238017 0.002835466759 0.002622859553 0.002521609655 0.002514670836 0.002448692685 0.002415719209 0.002328300616 0.002278171247 0.002277101157
584,loss@313.1 loss@279.08 loss@257.03 loss@144.99 frag@255.12 frag@81.03 frag@93.03 frag@213.96 frag@53.04 frag@109.03 frag@366.16 frag@176.98 frag@138.01 loss@230.16 frag@125.06 frag@384.2 frag@130.12 loss@318.1 frag@228.99 frag@92.06,0.08204694092 0.07423642278 0.02598229609 0.02222234383 0.01122380327 0.008652342483 0.007575052325 0.006293623243 0.006006514654 0.005707616918 0.005314604845 0.005266762804 0.005177830812 0.00407060096 0.003926272038 0.003662414849 0.003557123709 0.003423511516 0.003153909696 0.003144118004
585,loss@194.09 loss@251.17 frag@138.05 frag@123.03 frag@93.03 frag@173.95 frag@123.06 frag@122.1 frag@268.11 frag@97.04 frag@281.14 loss@160.96 frag@151.1 frag@110.99 frag@280.11 frag@109.08 frag@243.12 frag@231.12 frag@136.11 frag@95.07,0.2286812514 0.01142705325 0.01029328164 0.009730067104 0.008133028634 0.006195976399 0.005088007543 0.005069653038 0.004413811956 0.004103001673 0.003708344186 0.003340198658 0.00331881037 0.003215058707 0.003207529429 0.003125452902 0.003070117673 0.002828981727 0.002802068135 0.002729631262
586,frag@188.05 loss@228.12 loss@336.18 loss@258.17 loss@300.14 frag@155.05 loss@201.11 frag@130.12 frag@86.06 loss@245.14 loss@232.12 loss@338.1 loss@361.13 loss@169.1 frag@174.04 frag@136.05 loss@173.02 loss@243.16 loss@314.12 loss@80.21,0.3206000328 0.04760173336 0.01517260261 0.0110759018 0.003757716389 0.003065352794 0.002984583145 0.002858726308 0.002562251408 0.002430288587 0.002424391452 0.002352231182 0.002028554678 0.002014033729 0.001932711108 0.001890375977 0.001837872434 0.001823918894 0.001804168336 0.001783449203
587,loss@109.05 frag@122.02 frag@94.03 loss@137.06 loss@261.09 loss@206.14 frag@138.04 frag@194.13 loss@260.11 frag@109.05 frag@189.0 loss@194.03 loss@153.98 frag@192.11 frag@193.14 frag@122.07 frag@165.07 frag@108.04 frag@71.06 frag@204.11,0.1536092013 0.09893278778 0.08247850835 0.05307862535 0.03973839805 0.02509976737 0.02170365117 0.01903380826 0.0174704548 0.0158246737 0.008875592612 0.007929978892 0.007178466301 0.006089357659 0.005681034178 0.004780485295 0.004758665804 0.004732529167 0.004430765752 0.00439434452
588,loss@280.08 loss@258.18 frag@132.09 frag@293.13 loss@256.15 frag@95.09 loss@193.15 loss@227.19 loss@278.12 frag@109.1 frag@218.12 frag@67.05 frag@107.09 loss@328.07 frag@119.09 frag@81.07 loss@320.2 frag@135.12 loss@236.15 frag@85.06,0.04417166114 0.02895718627 0.02321961708 0.0189188309 0.01808675937 0.0137162758 0.01069488097 0.01027982682 0.009430326521 0.009409929626 0.008932627738 0.008420354687 0.008372195065 0.007275688928 0.007131872233 0.007044469006 0.006638725754 0.006418094505 0.005933141336 0.005670512561
589,frag@208.02 loss@117.09 loss@135.09 frag@190.02 frag@448.16 frag@141.04 frag@206.07 frag@298.16 frag@193.09 frag@175.11 frag@191.06 frag@268.1 loss@393.15 frag@216.14 frag@143.04 frag@234.06 loss@208.06 frag@208.11 loss@182.09 frag@309.09,0.2077247202 0.1395144016 0.1059584618 0.007629432715 0.006565748714 0.00606167037 0.004572140053 0.004540840164 0.004145375453 0.003557432909 0.003424130147 0.003353192471 0.003007565159 0.002957716351 0.002821618924 0.002593649784 0.002337118378 0.002260364359 0.002245211042 0.002041857922
590,loss@168.07 frag@181.08 frag@157.08 frag@171.09 frag@144.07 frag@155.06 frag@185.11 loss@172.1 frag@186.13 frag@184.08 frag@158.08 frag@169.08 frag@186.05 loss@165.01 frag@216.1 frag@191.08 frag@183.07 loss@168.05 loss@158.08 loss@149.05,0.2283800393 0.2206538022 0.009178634733 0.007984340191 0.007785839494 0.004928019829 0.004449410364 0.004300101195 0.00354727637 0.003486578586 0.003283041529 0.00305370288 0.003047500271 0.00296603702 0.002910673851 0.00289225392 0.002821561648 0.002818596549 0.002777906135 0.002587030875
591,frag@208.08 frag@247.05 loss@64.03 loss@155.12 loss@300.11 loss@238.07 frag@237.04 frag@224.04 loss@174.03 loss@46.07 loss@276.06 frag@229.13 loss@160.96 loss@258.13 loss@176.09 frag@126.0 loss@337.08 loss@129.11 frag@172.03 loss@116.11,0.1783020943 0.08211760968 0.0135055678 0.007514489815 0.005016580224 0.004648311529 0.004385348409 0.003899680916 0.002517112996 0.002158669289 0.002140140859 0.002059372142 0.001958833775 0.001886782004 0.00186649838 0.001844498329 0.001792082097 0.001782501233 0.001758836443 0.001742579974
592,frag@144.08 frag@115.05 frag@160.08 loss@188.1 loss@211.1 frag@142.07 frag@143.07 loss@348.05 frag@172.08 frag@132.08 loss@253.06 loss@319.06 loss@244.1 frag@117.07 frag@142.06 loss@185.05 loss@131.07 loss@239.13 loss@247.96 loss@226.04,0.1076934487 0.08187761158 0.05837773159 0.04801080748 0.04272153601 0.03870192915 0.03115005419 0.02834061719 0.02187643386 0.01839138567 0.01229834463 0.01229049079 0.01063098572 0.01053390279 0.01028029248 0.009838592261 0.008731501177 0.008675442077 0.008402250707 0.007924816571
593,frag@176.04 frag@183.15 loss@174.13 loss@292.14 loss@253.12 loss@211.98 loss@307.03 loss@338.1 frag@71.09 loss@262.1 frag@202.06 loss@241.08 loss@176.12 loss@144.08 frag@208.17 loss@208.14 frag@73.01 loss@254.17 loss@232.08 loss@112.09,0.2334772497 0.06735184044 0.05159543082 0.04554248974 0.03181810677 0.01669370756 0.01153854188 0.004103699699 0.002699048258 0.002675291151 0.002526948927 0.002433799906 0.002359845443 0.002330499468 0.002204756718 0.002182569122 0.001930787112 0.001828282839 0.001823884784 0.001686626114
594,loss@17.03 loss@85.09 loss@85.05 loss@100.1 frag@219.09 frag@247.09 loss@83.07 frag@354.13 loss@88.06 frag@235.12 frag@419.14 frag@193.07 loss@116.09 frag@302.13 frag@223.94 frag@263.12 frag@261.12 frag@305.09 frag@223.09 frag@86.1,0.08878129721 0.06259777397 0.05762368068 0.04775071144 0.04550432041 0.03282126412 0.02895798907 0.0226459261 0.0197900515 0.0179105252 0.01634196937 0.01460330468 0.01374865044 0.01373206824 0.01257112809 0.01091348846 0.009746786207 0.009596444666 0.008751856163 0.008555954322
595,frag@114.03 loss@153.04 loss@176.04 frag@133.01 loss@147.05 frag@136.02 frag@147.03 loss@139.04 loss@94.04 frag@135.03 loss@111.11 frag@53.04 frag@52.03 frag@175.03 loss@129.01 frag@212.06 frag@348.09 loss@167.08 frag@158.04 loss@350.13,0.1937678009 0.1337522715 0.124014236 0.04265986383 0.01573344506 0.01281192992 0.006825470831 0.005273825023 0.003843076993 0.003607567167 0.003478708677 0.003207092173 0.003122951603 0.002880077809 0.002828917466 0.002791190287 0.002641553525 0.002542339964 0.002484769793 0.00246729143
596,frag@125.01 loss@206.06 loss@224.05 loss@191.08 loss@199.05 loss@214.07 loss@280.1 loss@200.01 loss@369.04 loss@186.0 loss@308.08 loss@205.04 loss@260.06 loss@256.02 loss@262.04 loss@181.02 frag@125.02 loss@201.03 frag@135.1 loss@214.11,0.3755763173 0.04632990435 0.02846721001 0.02754850686 0.02660533041 0.0229099784 0.01837210171 0.01673090644 0.01136562321 0.01063669845 0.01003043354 0.008839830756 0.008030218072 0.007851772942 0.006905680522 0.005781307817 0.005603204947 0.00541084772 0.004955040757 0.004860407207
597,loss@63.03 loss@75.03 loss@77.05 frag@201.13 frag@76.04 loss@76.02 frag@58.99 loss@46.0 frag@213.1 frag@174.99 frag@145.05 loss@113.01 loss@61.02 frag@308.1 loss@57.02 loss@105.04 loss@89.05 loss@64.02 frag@174.09 frag@216.14,0.1080816761 0.1056299359 0.08547151834 0.0494588241 0.04576769844 0.0135232741 0.007119604852 0.006362024695 0.004988658242 0.00481754262 0.004361340776 0.003916607704 0.003844356863 0.003726910567 0.003413177561 0.003367761383 0.003331242595 0.003305693856 0.003288308159 0.003244722728
598,frag@134.06 frag@116.05 frag@89.04 loss@232.05 frag@144.04 loss@215.09 loss@110.01 loss@112.02 loss@90.04 loss@72.99 loss@143.04 frag@92.03 loss@190.03 loss@215.14 loss@386.12 frag@77.04 loss@228.06 loss@204.06 frag@129.04 loss@279.07,0.1523531079 0.1043316796 0.07192870975 0.04371520132 0.02586994879 0.02081356198 0.01428391691 0.01227873657 0.01105671842 0.01021594834 0.00995008368 0.008556302637 0.008176321164 0.007920107804 0.007900132798 0.006837264635 0.006806034595 0.006128776819 0.005796445068 0.005656231195
599,frag@123.04 loss@197.09 frag@113.04 loss@284.09 frag@158.99 loss@224.02 loss@274.14 loss@227.07 frag@81.03 frag@111.04 loss@239.1 loss@278.1 frag@93.03 loss@377.13 loss@189.06 loss@295.1 frag@107.05 loss@297.06 frag@113.01 frag@95.05,0.266321063 0.1192436814 0.03644670546 0.02967312746 0.02683797665 0.02493195981 0.01207836997 0.01124920882 0.01020363998 0.0084437076 0.007386546116 0.006720099598 0.005489107221 0.004876154941 0.004089398775 0.003956726287 0.003923479002 0.003462625202 0.003313199151 0.003290564753
600,loss@233.07 frag@55.02 frag@161.06 frag@81.02 frag@87.04 frag@79.05 frag@176.98 frag@228.99 loss@186.04 frag@84.09 frag@173.95 frag@134.01 frag@43.02 frag@246.15 frag@115.07 frag@165.02 frag@306.11 frag@59.05 frag@240.12 frag@161.04,0.3129377365 0.01046515629 0.008290174417 0.007237400394 0.006039812695 0.005847918335 0.005116008222 0.005057263654 0.004414657596 0.004376484081 0.00415368611 0.003813080257 0.003786834422 0.003785837675 0.003735953011 0.003662798787 0.00356407254 0.00352038187 0.003395120613 0.003210115014
601,loss@153.08 frag@166.01 loss@181.07 frag@231.0 frag@319.07 frag@269.04 frag@241.11 frag@164.02 frag@161.01 frag@230.07 frag@202.1 loss@140.1 frag@231.15 frag@178.07 frag@151.03 frag@123.01 frag@228.11 frag@58.03 frag@210.13 frag@178.02,0.2031249404 0.09783709049 0.07000468671 0.01450288109 0.01075354964 0.009945602156 0.006102360319 0.005211013369 0.004825868178 0.003396183252 0.00316683203 0.002939252881 0.002886110451 0.002696047537 0.002633576049 0.002595482627 0.002463587793 0.002457269002 0.002427102532 0.002416131552
602,frag@53.04 frag@81.03 loss@271.05 loss@225.03 loss@254.04 loss@287.06 loss@248.06 loss@153.04 loss@267.99 frag@65.04 frag@93.03 loss@128.05 frag@53.0 loss@204.0 frag@109.03 loss@101.02 frag@124.04 frag@54.03 frag@55.02 loss@245.03,0.218028903 0.063113451 0.03489947319 0.02501709573 0.01641515642 0.01524944697 0.01305999141 0.00737301074 0.005361187737 0.004992368631 0.00493168924 0.004338817671 0.004273315892 0.004176702816 0.003899536561 0.003816055832 0.003583853133 0.003511690535 0.003387530567 0.003195314901
603,frag@177.08 loss@287.08 loss@226.05 frag@208.07 loss@222.08 frag@365.14 loss@273.05 loss@277.07 loss@285.12 loss@152.09 loss@206.14 loss@163.07 loss@205.12 frag@144.14 loss@134.02 loss@304.05 loss@141.1 loss@113.06 loss@169.04 loss@556.18,0.2991630435 0.01985284127 0.00287672691 0.002690017689 0.002112204442 0.002089742804 0.00191107532 0.001830593217 0.001793417148 0.001606494072 0.001460205065 0.001409977558 0.001322488766 0.00129796355 0.001280674827 0.001262592268 0.001245649415 0.001141102868 0.001131174504 0.0011104187
604,frag@110.03 loss@234.15 frag@84.04 frag@139.09 frag@138.02 frag@135.09 frag@174.03 frag@149.07 frag@165.14 loss@202.99 frag@318.13 loss@164.13 loss@208.12 frag@205.13 frag@44.01 frag@137.11 frag@231.14 loss@189.14 frag@169.13 frag@209.11,0.004041742533 0.003541962011 0.003321031108 0.002604688052 0.002430655528 0.002165114274 0.002148069674 0.001953410916 0.0019288318 0.001891926397 0.001859131269 0.001852550427 0.001805975917 0.001720991917 0.001653538551 0.001650148537 0.001573246787 0.00156405801 0.001504904823 0.001489812625
605,loss@180.04 frag@199.03 loss@220.04 frag@148.03 loss@133.06 loss@111.04 frag@187.06 loss@282.02 frag@110.01 frag@152.05 frag@106.04 frag@171.04 loss@226.18 frag@123.0 loss@149.06 frag@103.02 frag@204.11 frag@135.05 frag@204.1 frag@204.01,0.1755812019 0.1204678789 0.07009727508 0.01827630028 0.01751553081 0.01702439785 0.01326211728 0.01207717322 0.009903747588 0.009539859369 0.007562712766 0.006127497181 0.004697452299 0.004672207404 0.004362301901 0.004280984402 0.004232136067 0.003982883412 0.00382114551 0.003639955772
606,frag@212.95 loss@245.07 loss@113.03 frag@124.05 frag@97.01 loss@190.13 loss@312.02 loss@49.99 frag@78.05 loss@84.0 loss@264.99 frag@108.06 frag@111.03 loss@207.13 loss@210.14 loss@140.03 loss@244.56 frag@169.94 loss@91.05 frag@224.07,0.2225193679 0.1105494797 0.08742173761 0.02789217792 0.02016393095 0.007928474806 0.006664081942 0.006011293735 0.005001798738 0.004473479465 0.004329500254 0.003836773336 0.003407287411 0.003071003361 0.003047442995 0.002909322036 0.002476933645 0.002465895843 0.002320057014 0.002221557312
607,loss@194.13 loss@208.15 loss@180.12 loss@290.08 frag@165.05 frag@81.07 frag@79.05 loss@364.1 frag@315.07 frag@139.08 loss@238.12 frag@287.06 frag@185.0 frag@85.06 frag@69.03 frag@57.03 frag@191.14 frag@177.09 loss@440.15 frag@124.03,0.1367659569 0.04017948732 0.03091490082 0.03003673628 0.02435746789 0.01468276605 0.01145296823 0.01142551843 0.01087147743 0.007873773575 0.007074861322 0.007007532287 0.006420640275 0.006028393283 0.005950777791 0.005865231156 0.00564177474 0.005622513592 0.005370644853 0.005195961799
608,frag@245.08 loss@141.1 loss@239.12 frag@169.0 frag@98.05 frag@187.98 frag@181.06 loss@324.18 loss@108.08 frag@276.01 frag@463.24 frag@202.08 loss@224.02 frag@123.04 loss@177.11 loss@179.0 frag@258.1 frag@211.04 loss@206.14 frag@191.11,0.1683941334 0.07671377808 0.06193186343 0.007004701998 0.00396770332 0.00332506327 0.002902016044 0.002389278263 0.00231834664 0.002316683996 0.002292823978 0.002208143706 0.002013475867 0.0020100642 0.001976323314 0.001703161281 0.001633036416 0.001304909936 0.001241268823 0.001204424072
609,loss@231.05 loss@206.02 loss@271.06 frag@93.03 frag@209.14 frag@69.01 frag@54.03 frag@165.04 frag@83.99 frag@190.02 frag@152.02 frag@156.02 frag@69.04 frag@94.05 frag@127.03 frag@112.05 frag@365.14 loss@156.04 frag@154.01 frag@328.11,0.1582889855 0.1122379228 0.02653263509 0.007576462813 0.006838421803 0.006458905991 0.005818584468 0.005285126157 0.004334812053 0.004297859035 0.003707833588 0.003614707151 0.003213054733 0.003085782751 0.003035091562 0.00300088455 0.002992598107 0.002952999901 0.002940329956 0.002889046445
610,loss@158.11 loss@110.05 frag@113.08 frag@175.07 frag@217.13 frag@200.05 frag@182.98 loss@204.03 frag@200.12 loss@173.13 frag@199.05 loss@292.07 loss@131.09 frag@216.15 frag@217.09 loss@167.11 loss@124.06 loss@328.03 frag@236.1 frag@213.14,0.2214829922 0.1123646423 0.08477350324 0.06546622515 0.05047171563 0.03957575187 0.02792666107 0.01910925098 0.01234705932 0.00980130583 0.009564326145 0.006815302651 0.005967205856 0.005294383969 0.004880713765 0.00408220524 0.00365520129 0.003385599935 0.002982001752 0.002974148607
611,loss@141.0 frag@187.07 frag@200.99 frag@148.03 loss@143.08 frag@195.96 frag@128.04 frag@243.95 frag@143.12 frag@186.08 loss@158.03 frag@218.07 frag@152.03 frag@160.06 frag@192.12 frag@167.03 loss@111.02 frag@178.07 loss@212.11 loss@113.13,0.1186037883 0.1156073362 0.03754427284 0.0246326793 0.0241029337 0.02380570583 0.0161076244 0.006822690833 0.006595084444 0.00577690592 0.005370618775 0.00385337905 0.00334736472 0.003298156895 0.003294263734 0.003199623199 0.003044320038 0.002939469181 0.002914328128 0.002756951144
612,loss@101.05 loss@128.06 frag@309.14 frag@67.04 loss@116.06 frag@107.03 frag@104.01 loss@93.02 frag@206.08 frag@228.07 frag@54.03 frag@134.04 frag@205.06 frag@82.05 loss@129.04 frag@168.07 frag@221.07 frag@86.0 frag@220.01 loss@126.04,0.1383649409 0.06209664047 0.02194370143 0.01445526071 0.01433766168 0.0126871001 0.01109303441 0.01089082472 0.009519794956 0.00567134656 0.005534572992 0.004237767775 0.003945514094 0.003931455314 0.003928397782 0.003847186686 0.003776783822 0.003708465258 0.003680344438 0.003588485764
613,frag@85.08 loss@290.14 loss@201.14 frag@218.98 frag@155.98 frag@99.05 frag@74.06 frag@110.1 frag@84.08 frag@197.17 frag@130.1 loss@242.01 loss@278.14 frag@209.14 loss@229.05 frag@101.01 frag@55.03 loss@263.13 loss@321.19 loss@287.09,0.1571772993 0.07829087228 0.05178986117 0.02935919538 0.007923679426 0.007321586832 0.006610148586 0.006237049587 0.006014078856 0.005972406361 0.005045469385 0.004548840225 0.004247081932 0.003815160133 0.00351866358 0.003496311605 0.00347311981 0.003379774746 0.003242061008 0.003148236079
614,loss@210.08 frag@137.08 loss@180.07 loss@203.07 loss@205.04 frag@125.0 loss@203.04 frag@238.03 frag@259.05 loss@311.08 frag@125.01 frag@262.07 frag@125.02 frag@164.06 frag@127.05 frag@151.98 frag@203.15 frag@385.13 frag@122.1 frag@146.96,0.1031163633 0.09585043043 0.074374713 0.06272231787 0.04914841801 0.0372040607 0.03477986157 0.0234184321 0.01504581142 0.01391090266 0.01385411061 0.0131785972 0.01054899301 0.01052277908 0.009841674007 0.009726588614 0.007708290126 0.006826842204 0.006282251328 0.004728530999
615,loss@333.11 loss@331.09 loss@311.04 loss@275.07 loss@309.1 loss@202.14 loss@307.04 loss@321.18 frag@144.08 loss@300.07 loss@280.99 loss@173.02 loss@332.05 loss@308.99 loss@319.06 loss@247.96 loss@325.12 frag@143.07 frag@156.08 frag@174.09,0.04428710416 0.03188572824 0.02111673169 0.01986518316 0.01964248531 0.01881798916 0.01877789572 0.0183458887 0.01800980419 0.01451784372 0.01440637093 0.01374711469 0.01265699044 0.01189952996 0.008961004205 0.008232424967 0.008101087064 0.007599947974 0.006377517246 0.006235488225
616,frag@163.06 loss@265.1 frag@242.11 frag@146.03 loss@336.1 loss@252.06 loss@299.12 loss@190.15 loss@227.06 loss@210.05 loss@318.14 frag@275.18 loss@192.12 loss@287.09 loss@246.0 loss@275.12 frag@203.07 frag@154.04 loss@111.14 loss@288.15,0.3118430376 0.09768869728 0.007484361529 0.004323349334 0.003578439588 0.002586285351 0.002458515577 0.002212942811 0.002204293152 0.002129125409 0.002058865037 0.002019470325 0.001992773265 0.001973723294 0.001880641445 0.001870470122 0.001828164794 0.00177283946 0.001770989853 0.00165954954
617,loss@184.11 loss@97.1 loss@167.11 frag@319.12 frag@74.01 frag@116.01 frag@203.12 frag@288.04 frag@366.15 frag@240.12 frag@159.08 frag@176.11 frag@160.04 frag@213.1 frag@76.04 frag@201.95 frag@237.04 frag@211.01 frag@433.19 frag@241.1,0.108018741 0.05425078422 0.05161332339 0.006905006245 0.005823533982 0.005443853792 0.003667423967 0.003076537279 0.003054365749 0.002963158069 0.00268935482 0.002597035607 0.002410358749 0.002356353682 0.002116061049 0.002063738415 0.002030333504 0.001987558091 0.001922883908 0.001907857484
618,frag@171.06 frag@143.06 frag@198.07 loss@296.05 frag@172.06 loss@269.06 loss@67.04 frag@144.07 loss@172.06 loss@269.1 loss@135.1 loss@243.99 frag@229.06 loss@214.0 loss@160.06 loss@172.1 loss@146.08 frag@268.09 frag@116.05 loss@147.08,0.1334854662 0.1142040491 0.0522647351 0.02914680727 0.02364218608 0.0191419702 0.009489296004 0.008583093062 0.006075689569 0.004798431881 0.004231696948 0.00397689268 0.003508853493 0.003436446423 0.003325355705 0.003146989271 0.003116956446 0.003004557686 0.002937208395 0.002823487623
619,loss@172.08 loss@134.07 frag@196.12 frag@161.06 frag@187.98 frag@132.06 frag@91.04 frag@139.02 frag@123.08 frag@171.01 frag@145.09 frag@104.05 frag@172.02 frag@261.17 frag@133.06 frag@162.07 loss@132.06 loss@186.04 frag@185.09 frag@176.11,0.1527477056 0.1342922747 0.01914472878 0.009433692321 0.006840773392 0.006414913572 0.005924140569 0.005844586529 0.005277880933 0.004989528097 0.004252005368 0.004238664638 0.003948474303 0.003782983869 0.003737377468 0.003119832603 0.002875575563 0.002808171557 0.002564148977 0.002542936942
620,frag@167.05 loss@70.05 frag@264.05 loss@286.09 loss@394.16 frag@248.07 frag@231.02 frag@306.1 frag@106.04 loss@189.01 frag@232.04 frag@259.06 frag@384.2 frag@299.14 loss@321.11 loss@159.1 frag@448.16 loss@170.93 frag@120.02 loss@135.1,0.1523867995 0.09052081406 0.0589905493 0.05029058829 0.01724720187 0.007650784217 0.006417222787 0.004452477209 0.00375612569 0.003491290845 0.003355607158 0.003124675481 0.00294741895 0.002856033156 0.002673698356 0.002663225168 0.002633740893 0.002558531472 0.00253539253 0.002430562861
621,loss@132.04 frag@135.07 loss@149.07 frag@150.08 frag@164.09 frag@121.05 loss@131.06 frag@126.07 frag@291.1 frag@162.08 loss@116.05 frag@137.05 loss@159.05 loss@130.09 loss@175.05 frag@112.05 frag@94.04 frag@136.06 frag@180.09 loss@132.03,0.147782281 0.1145105064 0.07218898833 0.05068784207 0.04806255922 0.04031421617 0.03778436035 0.02882905304 0.02035869285 0.01875920594 0.01491108257 0.01290841773 0.0102658933 0.007448736113 0.006006894168 0.005653469823 0.005433788989 0.005370145198 0.00470000552 0.003828022396
622,loss@141.12 frag@196.08 frag@218.04 loss@166.15 loss@253.07 frag@202.92 loss@156.14 frag@247.13 loss@230.16 frag@224.07 loss@283.02 frag@83.09 frag@59.05 frag@189.07 frag@210.11 frag@208.04 frag@181.06 frag@225.1 frag@213.14 frag@41.04,0.2558706999 0.1446441263 0.04762375727 0.03759410977 0.03395493329 0.01656534523 0.01594107412 0.01302573271 0.008128366433 0.006448989268 0.005899858195 0.004936484154 0.004767692182 0.004086144269 0.003858217504 0.003629202023 0.003387687262 0.0031867777 0.002626555972 0.002462703735
623,loss@84.04 frag@209.09 frag@205.11 loss@259.15 frag@163.1 loss@148.07 loss@159.02 frag@201.11 frag@122.1 frag@223.12 loss@170.97 loss@194.12 loss@345.11 loss@218.15 frag@123.07 loss@132.07 frag@221.15 loss@152.11 loss@139.1 frag@187.1,0.1168655157 0.09767845273 0.06770914048 0.04191863909 0.03644540533 0.01088918466 0.00915975403 0.008364911191 0.006686231121 0.006284548435 0.005734222475 0.005473441444 0.005299820565 0.005077343434 0.004630290903 0.004293493461 0.004216426518 0.0039935885 0.003717730753 0.003691494465
624,frag@69.04 frag@42.03 loss@113.01 loss@214.12 loss@180.02 loss@248.02 loss@236.08 frag@99.06 loss@105.04 loss@261.15 loss@153.05 loss@241.15 loss@168.09 frag@93.04 loss@95.02 loss@275.14 frag@68.05 loss@300.05 loss@125.05 frag@95.06,0.2729918361 0.008471530862 0.007377524395 0.006931375712 0.005998517387 0.005871459376 0.005739400629 0.005494675133 0.004132513888 0.003721716348 0.003621869721 0.003372520441 0.003051943844 0.00302116503 0.002997559961 0.00295959739 0.002882531146 0.002878755098 0.002790116007 0.002687663073
625,loss@206.15 frag@118.03 loss@261.02 frag@164.11 loss@188.14 frag@164.12 frag@169.17 frag@90.95 frag@276.07 frag@148.09 loss@191.96 frag@181.14 frag@243.16 frag@209.09 frag@150.1 frag@284.14 frag@212.11 loss@183.99 frag@334.17 loss@202.96,0.1492649466 0.08823245764 0.04577988759 0.0244838912 0.02191970497 0.01254288945 0.007456018589 0.007018830162 0.006311910693 0.005816549063 0.00575622404 0.00515646534 0.005024417304 0.004231857136 0.00422817003 0.003802085062 0.003709234763 0.003682357259 0.003657982685 0.003631463042
626,loss@148.06 loss@241.07 loss@115.07 frag@351.18 frag@152.98 frag@189.1 frag@293.1 frag@177.07 frag@219.13 frag@150.09 frag@174.97 frag@292.13 frag@224.01 frag@161.05 frag@110.01 frag@160.04 frag@302.09 frag@178.01 frag@280.11 frag@285.17,0.2373768538 0.05826880783 0.03225461766 0.02876168489 0.008410191163 0.005150714889 0.004503226839 0.00450207619 0.003684126073 0.003630064661 0.003629289102 0.003504004097 0.003373848274 0.003191573313 0.003111607628 0.002865030896 0.002847651485 0.002815590473 0.002682831604 0.002679875353
627,loss@192.09 loss@234.14 loss@211.12 frag@68.05 frag@148.08 frag@108.08 frag@84.09 loss@261.1 frag@82.03 frag@198.15 frag@124.04 frag@58.03 frag@166.09 frag@56.05 frag@171.01 frag@110.06 frag@120.04 loss@246.11 frag@99.06 frag@84.08,0.1563865393 0.1211183369 0.03554934263 0.022128677 0.01537497249 0.01409692597 0.01204397529 0.01201847661 0.01020564884 0.009787513874 0.009783170186 0.008320402354 0.007956126705 0.007235426456 0.007194198202 0.00654416997 0.006373903714 0.006324631162 0.006226658355 0.006065278314
628,frag@135.09 loss@155.13 loss@185.02 loss@262.17 loss@296.02 loss@361.13 frag@230.1 loss@251.2 frag@189.03 loss@216.98 loss@176.01 frag@174.03 frag@135.1 frag@94.06 loss@205.09 frag@345.19 loss@209.18 frag@163.09 frag@60.04 frag@259.04,0.3078844547 0.1350796372 0.07708843797 0.05730441958 0.04226249829 0.02552341111 0.02411983535 0.0112923272 0.00582045177 0.005623478442 0.00531640416 0.005113286432 0.004238089081 0.004123514518 0.003827871289 0.003820764367 0.003621982178 0.003484322224 0.003429318313 0.00323579018
629,loss@110.07 frag@297.09 frag@212.0 frag@260.18 frag@270.11 frag@196.03 frag@189.07 frag@83.09 frag@206.08 frag@219.08 frag@316.11 frag@186.07 frag@172.09 frag@126.01 frag@286.11 frag@194.12 frag@163.05 frag@463.24 frag@100.02 frag@158.07,0.2452611178 0.0662246421 0.01107365731 0.008350230753 0.006137975492 0.003619054565 0.003111056751 0.00293738232 0.002898368053 0.002883991692 0.002837733831 0.002137067495 0.002102628583 0.002064487664 0.001898890594 0.001897720271 0.001693724538 0.001639462542 0.001630001352 0.001545956591
630,frag@161.1 loss@274.18 loss@288.17 frag@146.07 loss@320.16 frag@135.08 loss@206.12 frag@161.09 loss@177.11 loss@473.29 frag@150.09 frag@151.08 loss@278.16 loss@293.14 loss@189.1 loss@324.18 loss@174.16 loss@204.14 loss@268.12 loss@280.14,0.3303258419 0.08648760617 0.05246634036 0.01990129612 0.00841103401 0.006189027801 0.005496781319 0.005038902164 0.004548211116 0.004298794083 0.003535115626 0.003384746611 0.003233643249 0.003157049185 0.003020840464 0.002845816081 0.002392591443 0.00236890302 0.002242331859 0.002154980786
631,frag@98.01 loss@255.04 loss@133.02 frag@70.99 frag@44.98 loss@220.14 loss@78.03 frag@88.02 loss@183.01 loss@198.1 loss@155.02 frag@182.0 frag@138.01 loss@77.98 frag@85.01 loss@229.08 loss@192.02 loss@206.02 frag@54.03 frag@58.99,0.2491642386 0.07431954145 0.01602472365 0.01364153624 0.008828129619 0.005449488759 0.00522410078 0.004641831387 0.00427394174 0.003755418817 0.003729445394 0.003563570557 0.003531615715 0.003210101742 0.003198842052 0.00314580393 0.003135013627 0.003113245824 0.002933635609 0.002927847439
632,loss@112.01 frag@293.14 frag@83.04 frag@321.09 loss@59.99 frag@138.01 frag@255.03 frag@275.11 loss@145.01 loss@185.98 frag@308.1 frag@153.01 loss@224.03 frag@125.02 frag@245.11 frag@172.09 loss@128.03 frag@79.04 loss@223.03 loss@201.05,0.1094500348 0.03125808388 0.02541072667 0.02472952567 0.01072647702 0.006834608037 0.004762519151 0.004631087184 0.00436794199 0.004139159806 0.004050039221 0.00310485065 0.002964229556 0.002882789355 0.002880765125 0.002743104938 0.002715546172 0.002622108674 0.002474846086 0.002321791835
633,loss@230.07 frag@183.94 loss@205.05 frag@173.95 frag@155.94 frag@156.95 loss@108.0 loss@335.04 frag@92.06 frag@69.99 frag@201.95 frag@181.09 frag@194.08 frag@158.02 frag@189.03 frag@103.02 frag@193.1 loss@115.99 frag@149.02 loss@261.03,0.1496551782 0.1079792827 0.09570389986 0.08096905798 0.04291348532 0.01241205726 0.009597927332 0.006595826242 0.005925330799 0.00418441603 0.004166113678 0.004101073835 0.003352571046 0.003290395718 0.002838636516 0.002617815509 0.002555624349 0.002424667124 0.002329012845 0.002307220595
634,loss@132.09 frag@142.97 frag@298.16 frag@230.98 frag@233.13 frag@350.13 frag@133.03 frag@205.04 frag@208.02 frag@297.16 frag@76.04 frag@317.21 frag@238.04 loss@113.13 frag@239.12 frag@74.01 frag@163.03 frag@156.02 frag@224.97 frag@159.07,0.2825319171 0.03461439162 0.02327118441 0.01141001191 0.007125057746 0.003697134554 0.002807487501 0.002764310222 0.002685513115 0.002506637713 0.002314661862 0.002174855908 0.002085200977 0.002053998411 0.002014267491 0.001980280504 0.001944711199 0.001875322429 0.00187322183 0.001811267808
635,loss@288.11 loss@333.07 frag@67.06 frag@240.03 frag@148.08 frag@171.04 frag@273.06 frag@164.07 frag@244.13 frag@342.03 frag@82.07 frag@166.08 frag@83.08 frag@99.08 frag@99.06 frag@193.1 frag@85.06 frag@114.0 frag@113.02 loss@302.13,0.2246713489 0.01989194006 0.01042754948 0.008506339975 0.006509624422 0.005384782329 0.005017831456 0.004661587998 0.004438837525 0.004348495044 0.00431162538 0.004286865704 0.003847636981 0.003515849588 0.003458208404 0.003170778742 0.003025110811 0.002992760157 0.002872337354 0.002829510253
636,loss@169.03 loss@197.02 loss@165.07 frag@125.02 frag@84.99 frag@139.03 frag@160.11 frag@163.02 frag@220.13 frag@174.09 frag@236.11 frag@75.03 frag@199.06 frag@41.35 frag@240.12 frag@190.06 frag@292.13 frag@272.13 frag@145.09 frag@125.01,0.2235544324 0.07170452178 0.0434290655 0.009407378733 0.009184642695 0.008811078966 0.0082595516 0.008033534512 0.006697111763 0.005805246066 0.005458763801 0.005260481965 0.005141397938 0.005045763683 0.004692839459 0.004471951164 0.004138743505 0.003960518632 0.003927692771 0.003793461015
637,loss@258.08 frag@70.04 loss@244.04 frag@98.03 frag@198.15 frag@82.03 frag@180.01 frag@173.95 frag@87.09 frag@166.09 frag@84.04 frag@101.02 frag@178.07 loss@280.09 loss@238.11 frag@160.03 frag@99.06 frag@45.03 frag@220.02 frag@141.01,0.2343820632 0.2234573066 0.02637215704 0.004379036836 0.004091161303 0.003174828365 0.002856962848 0.002691932721 0.002634755103 0.002553506987 0.002514004009 0.002457649447 0.002379796701 0.002360948827 0.002341229003 0.002037966391 0.001862699166 0.001801039209 0.001774768578 0.001550933113
638,frag@132.06 frag@160.05 frag@158.07 frag@178.06 loss@196.06 loss@220.04 loss@187.07 loss@188.07 loss@309.06 loss@106.02 loss@194.01 loss@219.03 frag@161.08 loss@166.03 loss@286.04 loss@182.03 loss@250.11 frag@231.12 loss@165.05 loss@137.1,0.2205813378 0.09126207232 0.0124756163 0.01180888712 0.01144723501 0.005505574867 0.004648846108 0.003836030141 0.003759167856 0.003538332181 0.003299894277 0.003229385009 0.003075787332 0.002726137172 0.002607282717 0.002581774956 0.002554506063 0.002554467414 0.002532068174 0.002495113527
639,frag@215.08 loss@233.05 frag@243.11 loss@159.07 frag@172.04 loss@262.99 loss@286.09 loss@211.98 frag@200.06 loss@127.01 frag@187.09 loss@474.25 frag@190.06 loss@0.06 frag@190.05 loss@185.15 loss@298.18 frag@222.1 loss@68.04 loss@293.06,0.2372013777 0.02176116221 0.01891026832 0.01086506993 0.007091736887 0.006209156476 0.005065476056 0.004914274439 0.004835934378 0.004579236265 0.004461478908 0.004094675649 0.003899571951 0.003289298853 0.003108196193 0.002969327616 0.002964468207 0.002904002089 0.002717441181 0.002686077729
640,frag@88.02 frag@114.04 loss@267.03 loss@255.05 frag@115.03 frag@73.01 loss@327.13 frag@58.99 loss@265.08 loss@211.03 loss@280.11 loss@178.07 frag@87.03 loss@183.01 loss@135.09 frag@57.99 loss@298.03 frag@85.01 loss@237.22 loss@310.08,0.2259735167 0.01073191315 0.004985234234 0.004013124388 0.003619255032 0.003604309866 0.002889168449 0.002775992965 0.002696857555 0.002292482881 0.002290492179 0.002258507535 0.002023598645 0.002003959613 0.001987423282 0.001883971971 0.001827430562 0.001719101681 0.001717247535 0.001678534085
641,frag@81.04 frag@97.08 loss@182.13 frag@82.05 loss@229.01 frag@54.03 frag@67.03 loss@409.09 loss@161.96 loss@223.04 loss@113.01 frag@96.07 frag@224.01 loss@126.04 frag@209.01 loss@127.07 loss@229.05 loss@119.02 frag@53.0 loss@327.03,0.1370617598 0.1083999574 0.07251872867 0.02684271894 0.01954754442 0.01917215995 0.01533886883 0.01277079713 0.01177104563 0.01061258279 0.01007436123 0.009860910475 0.007421270013 0.006968815345 0.006186568178 0.005829069298 0.005704556126 0.005665925331 0.005471094046 0.005118273199
642,frag@178.07 frag@158.05 frag@228.11 loss@321.11 loss@242.12 loss@342.16 frag@158.1 loss@188.01 frag@231.15 frag@126.06 loss@193.99 loss@62.02 frag@148.03 loss@158.05 loss@328.18 frag@276.16 loss@113.13 loss@163.1 loss@340.08 loss@203.08,0.09417056292 0.0588651672 0.01116183214 0.003847704735 0.002730335342 0.002307020593 0.002127903048 0.001879713847 0.001804015716 0.001731634722 0.001547553693 0.001544535626 0.001438986626 0.001425351482 0.001419008011 0.001410748926 0.001305574784 0.001239488949 0.001221627113 0.00120263081
643,loss@225.07 frag@195.99 frag@115.06 frag@144.06 frag@385.13 frag@124.04 frag@158.0 loss@239.08 frag@111.03 frag@318.03 loss@205.06 loss@222.08 frag@140.03 frag@206.06 frag@136.07 frag@144.04 frag@109.01 frag@114.04 frag@313.12 loss@111.14,0.1832062304 0.07750109583 0.03998777643 0.01138806622 0.006299481262 0.004953766242 0.004712933674 0.004661026876 0.004321437795 0.004119867459 0.004022584297 0.003721879097 0.003560921876 0.003556672717 0.003459280822 0.002930036513 0.002670336282 0.002517257584 0.00233801268 0.002276820131
644,frag@95.06 loss@388.12 loss@253.02 frag@96.07 loss@214.12 frag@95.07 loss@208.12 frag@83.06 loss@139.07 frag@93.04 loss@246.11 frag@110.07 frag@123.06 frag@54.03 loss@241.06 loss@327.03 loss@221.12 loss@183.14 loss@273.02 loss@217.12,0.2903746068 0.02222742327 0.0111748334 0.009672753513 0.008615927771 0.008008283563 0.007597227115 0.007435812615 0.006959281396 0.006815772038 0.006493813824 0.005787281319 0.005505325273 0.005258029792 0.004769636318 0.00472857058 0.004675026052 0.004180397838 0.004121698439 0.003939277027
645,loss@162.12 frag@193.01 frag@279.08 loss@250.04 frag@277.08 frag@159.99 loss@219.12 frag@278.03 loss@182.01 loss@372.09 loss@183.14 frag@106.04 frag@171.11 frag@163.12 frag@238.05 loss@244.14 loss@205.12 frag@128.0 frag@178.13 loss@275.2,0.1725283116 0.07754035294 0.05076532438 0.04251058027 0.02743508853 0.02064617537 0.01598853059 0.01337906625 0.01293584704 0.0102328537 0.009579500183 0.006773784757 0.006121002603 0.005306789652 0.004595064092 0.004277864937 0.004144501872 0.004047117196 0.004046158399 0.003957991488
646,loss@223.08 loss@221.1 frag@80.06 frag@79.05 frag@43.02 frag@122.06 loss@240.04 frag@53.04 loss@189.06 loss@293.03 frag@81.03 frag@184.02 loss@283.08 frag@99.06 frag@151.06 frag@111.01 frag@82.03 frag@162.06 frag@228.03 loss@240.06,0.195091188 0.09166038036 0.02689874917 0.01393402833 0.01152911037 0.01105208229 0.00955530256 0.008729672991 0.00776694715 0.007518117316 0.00735109672 0.006908954121 0.006900993641 0.006749822758 0.00615390623 0.005959421862 0.005648386199 0.005536970682 0.005400164053 0.005322619807
647,loss@237.13 loss@374.15 loss@293.07 frag@181.09 frag@169.0 frag@157.06 loss@324.18 frag@136.05 frag@155.94 frag@123.03 frag@310.12 frag@395.21 frag@135.08 loss@49.99 loss@250.07 frag@47.23 loss@382.09 frag@236.15 loss@225.97 frag@135.04,0.1289439499 0.02926011942 0.02506522276 0.009928667918 0.009494936094 0.007055189926 0.006463848054 0.00613517873 0.004868398421 0.003783283057 0.003429816104 0.003405113472 0.003320279066 0.003017268609 0.002891310723 0.002621053485 0.002572483849 0.002514877357 0.002501780633 0.002460463904
648,loss@363.11 loss@338.11 loss@434.22 frag@120.09 frag@144.09 frag@133.1 loss@298.05 frag@130.12 frag@240.12 frag@105.07 frag@107.09 loss@271.19 loss@425.06 loss@300.2 frag@81.07 frag@119.09 frag@145.1 loss@293.01 frag@123.12 frag@131.09,0.04713053629 0.0470427461 0.04634651169 0.0427698195 0.01914533973 0.01269956026 0.009721285664 0.009018266574 0.008755010553 0.00875245221 0.007736374624 0.007734701503 0.007273782045 0.007138187531 0.00584224239 0.005108238198 0.004807118792 0.004799366463 0.004694047384 0.004626297858
649,frag@191.13 loss@154.06 loss@196.11 frag@175.1 frag@177.11 loss@159.02 loss@333.14 frag@164.11 frag@163.1 frag@233.11 frag@163.99 loss@164.11 frag@155.08 loss@233.16 frag@217.14 frag@162.09 frag@161.99 frag@256.13 frag@196.04 frag@244.16,0.2062774897 0.140077129 0.1399505436 0.003513574135 0.00308709708 0.002616780577 0.002477389295 0.002352461219 0.002326125512 0.002299922286 0.002233275212 0.002157105133 0.002106625354 0.002049831208 0.001896298956 0.001836874057 0.001814066665 0.001717875246 0.001712986268 0.00168194843
650,loss@235.16 frag@179.12 frag@240.1 loss@270.07 frag@83.09 frag@138.05 loss@363.11 frag@130.12 frag@167.98 frag@246.15 frag@193.07 frag@55.05 frag@97.1 frag@327.08 frag@196.03 loss@229.06 frag@168.02 loss@220.1 frag@69.06 frag@129.1,0.2057443559 0.1129820123 0.03852112964 0.01613829844 0.01056325901 0.00922919251 0.004806098994 0.004200227559 0.004097507801 0.003504605265 0.003282405902 0.003041654127 0.002909566509 0.002829972422 0.002720344812 0.002505376237 0.002449211664 0.002442820463 0.002317022299 0.002084849868
651,frag@166.0 frag@138.0 frag@223.02 loss@297.08 loss@185.01 loss@173.14 loss@169.0 loss@276.18 loss@32.98 frag@184.01 loss@232.08 loss@128.99 loss@216.03 loss@210.15 loss@228.11 frag@233.13 loss@258.17 loss@278.07 loss@327.03 loss@200.12,0.1297373623 0.1074673757 0.09294115752 0.00667663943 0.006508439314 0.004206925631 0.003701796522 0.003505022731 0.003144259099 0.003086039796 0.003076595254 0.002938169753 0.002533341292 0.002523864154 0.002518687397 0.002507595345 0.002316091908 0.002280372428 0.002054130659 0.001924648997
652,frag@189.1 loss@178.05 frag@209.02 loss@136.01 loss@381.12 frag@154.06 loss@150.01 frag@162.09 frag@395.08 loss@153.03 frag@292.13 loss@184.1 frag@272.04 loss@337.15 loss@78.57 loss@328.15 frag@193.08 loss@49.99 frag@110.01 loss@196.1,0.2355817556 0.1580373496 0.02059248462 0.009598452598 0.004190783016 0.002741837641 0.002553412924 0.002505006967 0.002106337808 0.002071598778 0.002001119079 0.001907552592 0.001807171502 0.001721189125 0.001629886101 0.001591338892 0.00158384582 0.001552611822 0.00152538449 0.00151390431
653,frag@74.01 frag@317.09 frag@58.99 frag@114.04 frag@44.98 loss@237.22 loss@116.05 frag@228.07 loss@183.01 loss@168.05 loss@81.02 loss@165.02 frag@73.01 frag@61.01 loss@147.03 loss@106.02 frag@248.1 loss@180.02 frag@141.04 frag@158.0,0.1596617997 0.03321770206 0.02518449351 0.004327703733 0.003503970802 0.003202578053 0.003040723037 0.002823700896 0.002574616577 0.002483292948 0.00226312736 0.002164982492 0.002109966008 0.00192519289 0.001861929777 0.001823369996 0.001713221427 0.001692061429 0.001662150258 0.001639027614
654,loss@261.11 loss@203.13 frag@151.08 loss@275.1 frag@181.0 loss@249.1 frag@136.11 loss@304.14 loss@249.15 loss@246.15 loss@264.16 frag@87.06 frag@274.18 frag@153.1 loss@275.12 loss@243.11 frag@121.07 loss@261.12 loss@247.12 loss@256.13,0.02970210277 0.02291268483 0.02165823244 0.0140861189 0.01400235668 0.0136971157 0.01118592452 0.01101270225 0.01030253898 0.009832908399 0.009710764512 0.009588280693 0.009470962919 0.009399131872 0.008997542784 0.008789205924 0.00873688329 0.007712794933 0.007264818531 0.007224125322
655,frag@188.07 loss@333.12 loss@319.11 frag@158.08 loss@279.11 frag@132.08 frag@170.06 frag@160.08 frag@130.07 frag@159.09 frag@174.06 frag@142.07 loss@364.12 frag@145.05 loss@229.14 loss@340.12 loss@264.11 loss@120.05 frag@176.07 frag@158.06,0.1625865251 0.05631839111 0.02313229628 0.01616637036 0.01474421471 0.01365463901 0.01312594954 0.01175097004 0.009380437434 0.008468956687 0.008269082755 0.007822345011 0.006840727292 0.005129508208 0.00502284104 0.005000460893 0.004567963071 0.004561126698 0.004260914866 0.004225566983
656,loss@173.08 loss@176.08 loss@185.04 loss@185.03 frag@145.06 loss@198.07 frag@144.07 frag@256.05 loss@225.13 frag@240.12 frag@123.01 frag@206.08 frag@147.05 frag@365.14 frag@133.06 frag@161.06 frag@123.08 frag@130.03 frag@231.02 frag@110.04,0.1118948758 0.06818262488 0.06113099679 0.05490161851 0.009749247693 0.009427233599 0.008372989483 0.008328284137 0.007988987491 0.007500486914 0.007467982825 0.007352314889 0.006268968806 0.005383882206 0.00502708368 0.004839769099 0.004730759189 0.004628835246 0.004571871832 0.0042518056
657,loss@274.14 frag@113.04 loss@210.12 loss@274.12 frag@323.11 loss@255.02 frag@208.07 frag@103.96 frag@144.96 frag@233.12 loss@35.04 frag@123.04 frag@125.06 frag@93.03 frag@218.98 frag@116.93 frag@158.99 frag@376.15 frag@59.0 frag@130.02,0.08372106403 0.07634192705 0.06139615178 0.05227820575 0.04024704173 0.03382475674 0.009399767965 0.009334484115 0.008326943964 0.007738622371 0.007525194436 0.006573282182 0.006488627288 0.005348377395 0.005132779479 0.004832125269 0.004182069562 0.003935817629 0.003688093042 0.003616962582
658,frag@167.13 frag@169.98 loss@388.12 frag@95.06 loss@335.21 frag@84.09 frag@96.07 frag@123.01 frag@353.09 frag@95.07 frag@208.07 frag@183.05 loss@139.07 loss@300.17 frag@155.05 frag@209.14 frag@84.08 loss@170.09 frag@320.16 loss@285.14,0.07309021801 0.06712545455 0.05103135109 0.006895069033 0.006037645042 0.004525034688 0.004307084717 0.004077021964 0.00330894487 0.00288666226 0.00273271231 0.002476520604 0.002449676627 0.002417563926 0.00238139974 0.002317114733 0.002191965235 0.002028808929 0.002025495283 0.001984163187
659,frag@105.07 frag@135.08 loss@213.06 loss@175.1 frag@79.05 frag@103.05 loss@239.13 loss@225.06 loss@279.07 loss@219.11 frag@105.08 frag@133.06 loss@167.1 loss@242.08 loss@228.06 loss@192.06 loss@221.03 loss@182.04 loss@209.08 loss@315.12,0.2920219004 0.04339971393 0.02432273328 0.01951436512 0.0187993627 0.01742933318 0.01480895281 0.01458637044 0.0130055435 0.01250497252 0.01217328943 0.0118949255 0.0114722969 0.01115272101 0.01072855666 0.01071910653 0.01057655923 0.009753568098 0.009621731006 0.009441786446
660,frag@125.05 loss@226.06 frag@246.06 frag@314.13 loss@188.07 frag@95.01 frag@255.06 frag@150.09 loss@182.07 frag@151.12 frag@179.09 frag@391.18 frag@113.03 frag@136.04 loss@219.04 frag@135.03 frag@95.02 loss@211.07 frag@346.04 loss@274.2,0.2301585376 0.2211672515 0.007666637655 0.005513851997 0.004921359476 0.004526757635 0.004072595853 0.00365279126 0.002946035005 0.002776837675 0.002719946904 0.00271290564 0.00266633369 0.002640506253 0.002585977083 0.002458361676 0.002458301838 0.0022852486 0.00227097352 0.002258353168
661,frag@128.03 loss@397.09 frag@103.03 loss@223.04 loss@252.07 loss@196.04 frag@113.02 loss@210.06 loss@327.03 loss@280.09 loss@0.02 loss@155.01 loss@192.07 frag@86.01 loss@128.99 loss@208.04 loss@251.09 frag@344.21 frag@160.13 loss@178.09,0.2738835514 0.02545571141 0.007498654071 0.005329129752 0.00398961734 0.003972865641 0.003039794741 0.00294638495 0.002728588181 0.00269077369 0.00264880457 0.00216945447 0.002144889208 0.002084312495 0.002069876064 0.001913912478 0.00186140486 0.001855825889 0.001812243718 0.001762798056
662,loss@131.08 frag@336.17 frag@253.1 frag@171.07 frag@175.04 frag@318.18 frag@335.17 frag@241.14 frag@167.03 frag@201.07 frag@154.06 frag@409.2 frag@199.02 frag@218.07 frag@292.13 frag@147.06 frag@158.06 loss@168.03 frag@159.06 loss@677.25,0.1648512632 0.08527305722 0.01378715597 0.01169534493 0.005485051312 0.004617257509 0.004210005049 0.004176246468 0.003967914265 0.00348854647 0.003403648268 0.003235407406 0.002962119877 0.002889455762 0.002869747346 0.002408600878 0.002368565882 0.002283390611 0.002236037282 0.002184000565
663,loss@173.0 frag@158.1 frag@156.98 frag@158.05 loss@258.08 loss@176.12 frag@212.12 frag@228.14 frag@325.06 frag@141.03 frag@162.12 frag@162.07 frag@122.04 frag@154.02 frag@94.05 frag@148.1 frag@143.03 frag@259.04 frag@151.1 frag@135.09,0.2563436329 0.0061951424 0.002957622055 0.002899438841 0.002716037678 0.00246912404 0.002175505739 0.002155350288 0.001909068087 0.001877929782 0.001862864359 0.001859602518 0.001720958622 0.001691904967 0.001668117591 0.001659875503 0.001605701866 0.001576458802 0.001510416507 0.00149132777
664,loss@251.2 frag@166.09 frag@179.12 loss@242.01 frag@147.03 frag@69.06 frag@173.95 frag@68.05 frag@193.07 frag@135.09 frag@332.06 frag@136.05 loss@287.11 frag@86.06 frag@231.15 frag@197.17 frag@60.04 frag@178.08 frag@95.07 frag@259.04,0.1620668173 0.1082264408 0.07916942984 0.06370811909 0.01031858288 0.006014552433 0.00538964197 0.004095154814 0.003751301207 0.002910420299 0.002851643832 0.00250370102 0.00245103403 0.002332201926 0.002294634702 0.002173481043 0.002130245324 0.001934790518 0.001807305613 0.00179186312
665,frag@195.06 frag@152.05 frag@167.03 loss@217.03 frag@122.04 loss@304.05 loss@354.07 frag@139.02 loss@241.17 loss@302.06 frag@194.09 loss@319.16 frag@155.07 frag@138.05 loss@181.12 frag@165.05 loss@277.15 frag@229.11 loss@556.18 loss@281.07,0.1838614345 0.07345040143 0.007538422011 0.006367947441 0.005748026539 0.005025467835 0.004897021689 0.004427420907 0.004282973241 0.004157518968 0.003849225119 0.003771736752 0.003746547271 0.003636687761 0.0034839937 0.003018074436 0.0028980684 0.002789434511 0.002721928759 0.002362955594
666,frag@138.99 frag@129.01 frag@139.01 loss@308.13 loss@204.14 loss@278.18 loss@213.18 loss@298.18 loss@177.04 loss@155.01 loss@129.13 loss@231.01 loss@301.13 loss@167.01 loss@318.1 loss@141.03 loss@218.98 loss@170.06 loss@210.07 loss@275.12,0.1760549843 0.1079948023 0.1006719247 0.01958307996 0.01823865622 0.01520421449 0.01287673414 0.01206690259 0.01140081231 0.01085912995 0.01038336009 0.006750758737 0.005796072073 0.005697512068 0.004407510627 0.004087228794 0.00357026211 0.003528048517 0.003233480267 0.003194381483
667,frag@75.0 loss@292.12 loss@265.04 frag@214.11 frag@349.07 loss@322.09 loss@204.0 loss@319.19 loss@204.16 frag@88.04 loss@265.99 frag@210.15 loss@144.03 frag@304.09 loss@235.09 frag@254.11 frag@302.17 frag@127.09 frag@203.1 frag@118.92,0.1073848754 0.1036024019 0.06656040996 0.04879010469 0.01446231268 0.01315857843 0.01230206154 0.01221883483 0.009972142056 0.008427404799 0.006588311866 0.005683327559 0.003878983436 0.003738846863 0.003512605326 0.003472590353 0.002956571057 0.002662790008 0.002623372944 0.002591088414
668,frag@266.08 loss@96.04 loss@131.11 frag@243.02 frag@188.03 frag@45.04 frag@204.08 frag@216.11 frag@297.16 loss@343.19 frag@287.1 loss@397.08 frag@196.08 loss@204.16 frag@224.94 loss@226.96 loss@124.06 frag@156.99 frag@236.07 frag@308.06,0.1147459373 0.1014793888 0.05445472524 0.01819429547 0.009909695014 0.006943715271 0.005330647342 0.005256392993 0.003740906948 0.003672815394 0.00366865634 0.003427280579 0.003145422554 0.002903464017 0.002578858985 0.00255999947 0.002461838303 0.002420587232 0.002197181573 0.002193034627
669,frag@140.05 loss@166.06 loss@180.08 loss@194.06 frag@130.03 frag@55.02 frag@138.09 frag@235.97 loss@212.07 frag@188.04 frag@206.06 frag@128.05 loss@187.03 frag@225.14 frag@146.06 loss@344.05 loss@230.11 frag@171.01 frag@147.05 frag@110.05,0.279309094 0.219126299 0.004972264636 0.004334248137 0.003637291491 0.003580123885 0.003053901019 0.002995188814 0.002952555194 0.0028790168 0.002749876818 0.002702412661 0.002636835445 0.002590690507 0.002519133501 0.002403444145 0.002378426259 0.002214462264 0.002194853267 0.002154232468
670,loss@174.1 frag@247.07 loss@283.12 frag@337.15 frag@211.01 frag@302.22 loss@236.11 frag@129.07 frag@189.08 frag@191.15 frag@320.16 frag@151.07 loss@176.08 frag@136.05 frag@191.11 frag@108.06 frag@161.03 frag@326.11 loss@292.06 frag@261.97,0.1270284355 0.07797418535 0.07183323801 0.03119743802 0.008152266033 0.00675703818 0.006632561795 0.004319393542 0.004121912643 0.004121503793 0.003907712176 0.003665013937 0.003570000641 0.00344435079 0.003424958326 0.003395659849 0.003191360738 0.003180533182 0.003025966696 0.002982163802
671,frag@240.12 frag@332.06 frag@176.11 loss@104.06 loss@233.02 frag@133.06 loss@167.1 loss@271.19 loss@232.13 frag@123.08 loss@148.08 frag@105.07 loss@171.08 frag@233.14 frag@105.08 frag@56.96 loss@229.13 frag@130.97 frag@273.04 frag@161.08,0.09871902317 0.04491312057 0.03067054413 0.003508572234 0.00324686477 0.003232525429 0.003081466304 0.003054413013 0.002994575305 0.002913617995 0.002792177489 0.002570656827 0.002540090121 0.002379670506 0.002171713393 0.002112016547 0.002073620912 0.002024733229 0.001993486658 0.00199285592
672,loss@32.03 loss@46.04 frag@252.07 frag@213.05 frag@234.07 frag@275.09 frag@302.11 frag@259.09 frag@271.12 loss@63.97 frag@342.1 loss@28.03 frag@255.17 loss@87.04 frag@211.04 frag@320.02 loss@86.04 frag@258.17 frag@343.11 loss@60.06,0.1633880585 0.1158793718 0.04775369912 0.03514508158 0.01881234348 0.01798842847 0.01386669651 0.01338918414 0.01180425659 0.01055070013 0.01032813173 0.009969625622 0.009472190402 0.008687840775 0.0083963871 0.006876247004 0.006642094813 0.006632704753 0.006120732985 0.006039301865
673,frag@204.14 frag@212.06 frag@366.16 frag@384.17 loss@186.04 loss@229.06 loss@273.13 loss@120.03 loss@289.05 loss@280.15 frag@212.11 frag@172.03 frag@256.11 loss@298.04 frag@208.07 loss@348.08 loss@294.13 loss@173.02 frag@273.03 loss@244.11,0.162100926 0.05797983706 0.0424849242 0.03999607265 0.009099581279 0.005231201649 0.003306388389 0.002498258604 0.002294961596 0.002185244346 0.002109430265 0.001994170016 0.001946807955 0.001821783837 0.001809845096 0.001772990916 0.001561210607 0.001513467287 0.001465110807 0.001399727189
674,frag@148.04 frag@143.08 frag@174.09 loss@556.18 frag@262.16 loss@132.06 frag@260.08 frag@194.04 loss@267.11 frag@198.08 frag@187.98 loss@390.12 frag@145.09 frag@202.09 frag@232.09 loss@172.07 loss@609.23 frag@227.09 loss@78.57 frag@199.02,0.1201969236 0.07600382715 0.002476101043 0.002395443851 0.002300177235 0.001743859961 0.001737232204 0.001669430407 0.001580208424 0.001490853261 0.001422731322 0.001340293791 0.001338563161 0.001321769087 0.001256046933 0.001231069095 0.001184049528 0.001137152081 0.001132225152 0.001074350905
675,loss@196.08 frag@140.08 frag@155.0 loss@204.01 frag@381.17 frag@151.99 loss@259.06 frag@112.08 frag@228.03 frag@114.07 loss@240.05 frag@172.03 frag@263.08 frag@209.14 frag@99.1 frag@54.03 frag@277.19 frag@188.97 frag@42.03 frag@119.03,0.2593188882 0.08631335944 0.04329756647 0.01993443631 0.01684963889 0.01637894288 0.01484539639 0.006014539395 0.005862516351 0.005215333775 0.004966777284 0.004869329277 0.004173996393 0.003415332409 0.002920848317 0.002865400398 0.002848757897 0.002798051806 0.002741175937 0.002659742953
676,loss@172.07 loss@183.01 frag@44.98 frag@58.99 loss@182.09 frag@166.09 frag@57.03 frag@178.06 frag@134.01 frag@332.06 frag@328.11 frag@46.34 frag@147.05 frag@133.06 frag@144.07 frag@145.07 loss@187.03 frag@73.01 frag@70.99 frag@88.02,0.1764350832 0.08532339334 0.007288735826 0.007084637415 0.00539392326 0.004401578102 0.004399221856 0.003958623856 0.003924301825 0.003666203702 0.003443015739 0.003416840918 0.003341633128 0.003071177052 0.002871185541 0.002778941765 0.002747340361 0.002695413074 0.002674208721 0.002654328709
677,frag@74.06 frag@175.11 loss@236.15 loss@264.15 loss@224.15 loss@196.13 loss@181.1 frag@110.1 loss@291.2 frag@264.03 frag@95.09 loss@302.17 frag@67.05 frag@191.15 loss@238.17 frag@81.07 loss@318.17 loss@265.18 frag@188.99 frag@203.07,0.1419022381 0.06167965755 0.04707057029 0.04539905488 0.04525027797 0.03843957186 0.03031555004 0.01800042205 0.01486593764 0.01221472025 0.01175554469 0.01158150192 0.01052750926 0.01027689874 0.008961737156 0.008640511893 0.008478744887 0.006596039515 0.006586680654 0.005800746847
678,loss@239.07 loss@216.01 loss@214.0 frag@297.18 frag@217.02 frag@136.11 frag@139.03 frag@281.14 frag@179.12 frag@113.03 frag@211.02 frag@240.12 frag@233.16 loss@225.11 frag@141.04 frag@171.02 frag@113.02 frag@212.06 frag@318.03 frag@111.01,0.1663019657 0.05847387761 0.05325356126 0.04290334135 0.03023034707 0.007073760498 0.006319058128 0.005067480262 0.004816801287 0.003776761703 0.003558317898 0.003519715974 0.00342584122 0.003370691091 0.00332252332 0.003245911561 0.003056609072 0.003021577839 0.00300523988 0.00293951924
679,frag@153.02 loss@653.12 loss@448.1 loss@314.06 frag@143.03 loss@464.1 loss@462.15 loss@404.13 frag@287.06 loss@418.14 loss@288.08 loss@316.08 frag@139.04 frag@303.05 loss@308.05 loss@501.11 frag@315.07 loss@328.08 loss@454.17 loss@308.11,0.2676430047 0.06684056669 0.03418655321 0.03175367042 0.0246296376 0.0224448517 0.01644088142 0.01586484164 0.01338185649 0.01308088284 0.01243208349 0.009627914988 0.00870598387 0.00848494377 0.008406607434 0.008069396019 0.006449132226 0.006446829531 0.00570758339 0.005419111811
680,frag@137.04 loss@153.06 loss@181.06 frag@97.01 frag@135.03 loss@163.05 frag@123.03 frag@109.01 frag@151.06 loss@304.16 loss@172.03 frag@165.04 loss@261.01 frag@209.02 loss@209.03 loss@255.08 frag@180.05 loss@167.04 loss@207.04 frag@385.13,0.2836161554 0.1644770354 0.1495931894 0.01688674837 0.01246843953 0.01030354667 0.008854062296 0.007491827011 0.006162975915 0.005731009878 0.00571946241 0.005061267875 0.004878087435 0.004505305551 0.003465309506 0.003456513397 0.003378675319 0.00323118479 0.003195237136 0.003138289554
681,frag@85.06 frag@102.09 frag@67.05 frag@43.02 frag@57.07 loss@105.08 loss@185.11 loss@157.07 loss@282.12 frag@84.08 frag@97.06 loss@349.12 loss@316.19 loss@105.04 frag@55.02 loss@209.18 loss@347.11 loss@184.13 loss@112.05 loss@300.04,0.1916127801 0.06632730365 0.02327806503 0.01590399258 0.01126496214 0.009794972837 0.008407731541 0.006937947124 0.006783770397 0.006345264614 0.006223090459 0.006051898934 0.006026749499 0.005461097229 0.005035579205 0.005000627134 0.0047458224 0.004312464502 0.004076728132 0.004074083641
682,loss@42.01 frag@69.0 loss@70.04 loss@71.04 loss@57.02 frag@264.15 frag@237.08 loss@69.02 frag@196.1 frag@243.07 frag@337.11 frag@52.02 frag@263.1 loss@113.01 frag@230.09 frag@321.17 loss@56.03 frag@94.04 loss@84.02 frag@232.09,0.1052770913 0.07059404254 0.06820088625 0.05243810639 0.05148652196 0.03469881043 0.03330126777 0.02838038094 0.02228333615 0.01112815551 0.0106310742 0.009506595321 0.009103798307 0.00712424377 0.006124739535 0.005989294033 0.005927506369 0.005460016429 0.005447254982 0.005172931124
683,loss@158.08 frag@177.09 loss@228.11 frag@142.02 frag@176.07 frag@186.05 frag@131.08 frag@134.08 frag@162.07 frag@164.11 frag@69.04 loss@183.15 frag@216.1 frag@264.05 loss@200.12 frag@176.11 loss@257.09 frag@143.03 loss@186.1 frag@192.01,0.168487668 0.1157680973 0.0949312672 0.07504233718 0.01350843161 0.004596163984 0.003682747949 0.003197861835 0.003002490848 0.002955677686 0.002905169735 0.002885234542 0.002697675256 0.002659635851 0.002594787395 0.002493450418 0.00248577632 0.002474375302 0.002436847426 0.002230489394
684,loss@18.01 frag@412.32 frag@260.08 frag@222.03 loss@36.02 frag@314.15 frag@340.23 frag@328.01 loss@94.01 frag@331.1 frag@343.11 loss@122.06 loss@292.2 frag@133.0 frag@288.08 loss@121.02 frag@109.0 frag@282.14 loss@54.01 frag@321.14,0.2498158664 0.05349263176 0.05023917556 0.0283090882 0.02828063071 0.02338634618 0.01932621188 0.01771109924 0.01370843407 0.01269320026 0.01038772706 0.008405682631 0.007982307114 0.007539578713 0.007322122809 0.007315823808 0.006511291023 0.006329035852 0.00562743796 0.005585519597
685,frag@109.03 loss@237.01 loss@224.01 loss@363.11 frag@115.03 frag@93.03 frag@164.02 frag@81.03 frag@124.06 frag@127.04 loss@186.01 frag@53.0 loss@425.06 frag@53.04 frag@139.04 loss@208.15 loss@210.14 frag@141.01 loss@269.03 frag@55.02,0.183569476 0.1015498936 0.01904552802 0.01475533471 0.01129863318 0.01105522551 0.008132359013 0.004160720855 0.004091949202 0.003510501469 0.003345877631 0.003202392021 0.003097584238 0.002723175799 0.002698605182 0.002688763896 0.002656728029 0.002349095186 0.002340459265 0.00213962025
686,frag@127.04 loss@294.1 loss@368.17 frag@109.03 loss@445.16 frag@97.03 loss@377.19 frag@151.04 loss@194.13 frag@57.03 frag@99.04 loss@833.44 loss@215.01 loss@421.16 frag@122.04 loss@364.14 loss@125.04 loss@402.14 loss@244.56 frag@71.05,0.3227380514 0.1118376702 0.03316863999 0.007441044785 0.005969597492 0.005923647899 0.005724687595 0.005677261855 0.004275523126 0.004050208256 0.003891239874 0.003621503944 0.003471196862 0.00338799553 0.00337765133 0.003244414926 0.003152672201 0.002990885172 0.002985149156 0.002870868193
687,frag@151.03 frag@124.02 loss@180.14 frag@96.02 loss@330.06 frag@152.02 loss@138.06 loss@337.08 loss@157.03 loss@167.04 frag@163.03 frag@156.02 frag@149.02 loss@226.09 loss@167.14 loss@146.03 loss@219.05 loss@255.06 loss@212.06 loss@141.03,0.1656574011 0.1115271598 0.01226821635 0.01191308908 0.007602202706 0.007299673744 0.006568020675 0.006147756707 0.006029839627 0.004954576958 0.004831837025 0.004126319662 0.003873961046 0.003860866185 0.0036645988 0.003088419093 0.002885656431 0.002533565043 0.002532743616 0.00252488628
688,frag@102.04 loss@227.08 loss@279.12 loss@223.14 loss@305.1 loss@277.07 loss@227.16 frag@325.07 frag@296.09 frag@157.98 frag@118.08 loss@310.09 frag@110.02 frag@162.06 loss@241.13 frag@110.05 frag@156.04 loss@226.08 frag@315.07 frag@189.14,0.1381536871 0.09034267068 0.05349202082 0.05047092214 0.01944532618 0.01754046977 0.01679926366 0.01439836062 0.009178587236 0.008739933372 0.008495656773 0.008092647418 0.008066433482 0.008012465201 0.005996506196 0.005861734506 0.005050883628 0.005033549387 0.004900755826 0.00483078463
689,frag@297.16 loss@334.13 loss@320.13 loss@357.13 loss@344.11 frag@99.08 loss@323.13 frag@190.12 loss@326.1 frag@286.05 frag@87.04 loss@265.12 frag@208.1 frag@366.15 frag@194.06 loss@112.09 loss@348.13 frag@322.17 loss@331.15 frag@140.01,0.156148538 0.06521516293 0.04287385941 0.03325881436 0.01960042492 0.01014420297 0.01013678405 0.008009215817 0.006772143301 0.006079968996 0.005375377368 0.00503682578 0.004970131442 0.004905058537 0.004440780729 0.004194039851 0.004134963267 0.003798303427 0.003663897049 0.003519942285
690,frag@113.02 frag@86.01 loss@198.0 loss@155.01 loss@223.03 loss@166.02 loss@183.98 frag@138.01 loss@324.1 loss@207.04 frag@128.03 frag@231.12 frag@114.0 loss@252.07 frag@188.08 loss@217.05 loss@129.05 loss@181.11 frag@316.16 loss@328.18,0.2719669342 0.057839863 0.02965854295 0.007234719116 0.006386602297 0.005787184462 0.004395155236 0.004253123887 0.004117099568 0.003704688512 0.003648740705 0.003514133859 0.002962821396 0.002892302349 0.002626525937 0.002570495242 0.002498983871 0.002482205164 0.002273740945 0.00213331636
691,loss@163.07 loss@162.06 frag@216.09 frag@177.08 frag@225.14 frag@148.08 frag@231.12 frag@185.09 frag@147.07 frag@120.06 frag@119.06 frag@205.03 frag@150.09 frag@223.0 frag@168.96 frag@187.1 frag@209.02 loss@145.06 frag@120.04 frag@108.04,0.2055381685 0.04844965786 0.02586532757 0.01886126399 0.01300057024 0.01232991647 0.007534000557 0.007313874085 0.005610828754 0.00555590447 0.005549431313 0.004907311872 0.00490474049 0.004603525624 0.004530847538 0.004018827341 0.003853347152 0.003648461075 0.003643045202 0.003584940685
692,loss@149.06 loss@164.05 frag@269.09 frag@90.05 frag@123.01 frag@187.06 frag@419.11 loss@165.05 frag@448.16 loss@136.05 frag@165.02 frag@338.14 frag@120.02 frag@181.09 frag@268.08 frag@118.04 loss@192.08 frag@265.05 frag@218.09 frag@256.05,0.1459723115 0.1456988752 0.06480847299 0.01151234191 0.01101752464 0.009007711895 0.006234847475 0.004476852715 0.004007398151 0.003936583176 0.003824369516 0.003579777433 0.003439317457 0.003290078603 0.003273559734 0.003264671192 0.002882951172 0.002872135257 0.002776687033 0.0026967593
693,loss@78.99 frag@212.09 frag@280.08 frag@284.02 frag@286.09 loss@79.99 loss@47.0 frag@338.14 frag@194.05 frag@260.08 frag@336.08 frag@255.03 frag@167.05 frag@126.06 frag@166.02 loss@62.96 frag@129.03 loss@144.99 frag@211.12 loss@152.05,0.1668776721 0.09973438829 0.03128246218 0.0117582418 0.00935620442 0.00764582213 0.00408906443 0.003271510592 0.002938766032 0.002817465691 0.002363375155 0.002308351453 0.00229410734 0.002236026805 0.002187538426 0.002003725851 0.001953941304 0.001858768519 0.001786955167 0.001701431582
694,loss@148.08 frag@149.08 frag@167.05 frag@162.04 frag@209.02 frag@240.12 frag@216.1 frag@147.07 frag@180.1 frag@186.09 frag@162.08 frag@224.97 frag@176.09 frag@236.11 frag@292.13 frag@181.08 frag@340.13 frag@364.13 frag@243.16 frag@175.05,0.311106354 0.007451255806 0.006998152006 0.004867926706 0.00484938547 0.004675703589 0.004422301427 0.003931407351 0.003861224512 0.003718211316 0.003647497855 0.003588442924 0.002574538812 0.002444268437 0.002376399701 0.002354365541 0.0022881513 0.002283123089 0.002140402561 0.002113409806
695,frag@126.13 loss@249.11 loss@299.06 loss@281.09 loss@279.17 loss@537.29 loss@379.03 frag@98.1 frag@140.14 frag@84.08 loss@275.07 frag@112.11 frag@203.04 loss@264.15 loss@251.08 frag@154.16 frag@110.1 frag@83.07 frag@141.14 loss@153.12,0.2898622751 0.1269711703 0.07801762968 0.07328057289 0.02923005819 0.01697715186 0.01258548722 0.01250998769 0.01092031691 0.00878563989 0.004783248529 0.004619351588 0.004367732909 0.004347744398 0.004147649743 0.00365605345 0.003280570498 0.002793849912 0.002715672366 0.002683347324
696,frag@146.02 loss@125.12 loss@259.17 loss@326.07 loss@211.99 loss@261.18 loss@143.13 loss@184.19 loss@256.99 loss@153.11 loss@229.02 loss@162.03 frag@305.11 loss@227.17 loss@168.01 loss@156.13 loss@275.13 loss@167.09 loss@122.03 loss@170.13,0.3883717358 0.1493959129 0.05379386619 0.01787582226 0.01547804102 0.005435350817 0.004051344469 0.003884281032 0.003829431254 0.003787223483 0.003734992119 0.003521848703 0.002747522434 0.002587395255 0.002537090331 0.002439245582 0.00243453728 0.002384715015 0.002287713345 0.001986705465
697,frag@189.06 loss@331.1 loss@214.05 loss@186.05 loss@312.06 frag@144.1 loss@222.06 loss@185.02 frag@199.02 frag@155.12 frag@155.08 loss@127.03 loss@119.07 frag@314.13 loss@260.06 loss@233.05 frag@153.08 frag@98.03 loss@298.13 loss@243.11,0.3037977517 0.004059120547 0.00291335606 0.002309375675 0.002162791556 0.001985137584 0.001872529974 0.001686372212 0.001668788609 0.001625204226 0.001530091395 0.001494929893 0.001448105788 0.001366636134 0.001361633069 0.001360104652 0.001298674499 0.001290067099 0.001287748455 0.001257087919
698,frag@73.06 loss@282.11 loss@280.16 frag@199.11 loss@303.12 loss@252.08 frag@227.09 loss@323.16 loss@310.07 loss@178.14 loss@289.1 frag@121.07 frag@139.08 frag@146.12 loss@308.15 loss@434.14 frag@177.06 frag@249.13 frag@325.19 frag@239.04,0.0708906576 0.05375476927 0.04663321376 0.04451115802 0.04349550232 0.02579145133 0.02002407797 0.01817864925 0.017453067 0.01741150394 0.01385235693 0.01264575124 0.01146094874 0.009577493183 0.00882622879 0.007477690466 0.006974149495 0.006184112281 0.005731266923 0.005345646758
699,frag@155.05 loss@170.09 loss@314.12 frag@155.06 frag@145.06 loss@176.11 loss@179.05 frag@71.03 loss@316.1 loss@165.0 loss@260.15 loss@171.07 frag@148.08 loss@239.08 loss@336.18 frag@285.12 loss@105.04 loss@364.03 frag@256.1 loss@202.06,0.2639802694 0.06623958051 0.06431552768 0.04572674632 0.01878843457 0.003326278646 0.003318708856 0.003152468475 0.002733072033 0.002652738476 0.002283910289 0.002263415139 0.0020632823 0.001678081928 0.001604073565 0.001531175105 0.001523325802 0.001472887234 0.001471938216 0.001460431027
700,loss@113.08 frag@214.1 frag@236.08 frag@219.06 loss@151.02 frag@217.04 loss@86.07 frag@223.05 frag@278.1 frag@183.09 loss@128.09 loss@103.1 frag@214.04 loss@157.06 loss@252.02 loss@165.13 frag@180.07 frag@240.14 frag@186.07 loss@114.09,0.2201317251 0.09758622199 0.04462755099 0.03659511358 0.0353448987 0.02824331447 0.0225757584 0.01981015503 0.0167514272 0.01085034944 0.007505439222 0.006076652091 0.006065831054 0.005117845256 0.004855168983 0.004739208147 0.004553399049 0.004545039032 0.00437705731 0.004246789031
701,frag@125.07 loss@224.03 loss@181.02 loss@273.09 loss@263.03 frag@158.02 frag@76.02 loss@198.94 frag@288.14 loss@288.1 loss@197.13 frag@135.01 loss@223.05 loss@264.07 loss@232.01 frag@301.11 loss@278.05 loss@146.1 frag@170.03 frag@194.03,0.01494735293 0.01344001386 0.01178100146 0.009827167727 0.009218459018 0.007466196548 0.006933784578 0.006912575569 0.00672509335 0.006255846471 0.006071472075 0.005922073964 0.005864822306 0.00564978132 0.00542817777 0.005397614557 0.005112572573 0.004547033925 0.004507532343 0.004453344736
702,loss@194.15 frag@237.03 frag@417.15 frag@136.04 loss@285.07 frag@150.09 loss@155.01 frag@154.05 loss@238.03 frag@110.99 frag@112.04 loss@157.03 frag@160.97 frag@265.11 loss@162.08 loss@206.14 frag@111.0 frag@180.07 frag@159.99 loss@162.12,0.1676073223 0.1037212983 0.05381990224 0.03002887033 0.009942757897 0.007523217704 0.005197134335 0.005099696107 0.004454611801 0.003435483435 0.003428224241 0.003263251157 0.003243543208 0.0030754162 0.002950714668 0.002922338899 0.002743872581 0.002610750264 0.002596000209 0.002331225434
703,loss@304.12 loss@269.11 loss@276.13 frag@263.09 loss@276.12 loss@300.06 loss@180.12 frag@125.06 loss@312.08 loss@329.11 loss@266.1 loss@165.03 loss@318.12 frag@146.12 frag@154.04 loss@339.15 frag@81.07 loss@226.16 frag@315.07 loss@327.12,0.0385537222 0.03312362731 0.02412531525 0.02175210789 0.01960334368 0.01641479693 0.01519719977 0.01466548815 0.01456192601 0.01401839312 0.01269366685 0.01258729398 0.01152190287 0.01034977473 0.009567820467 0.009259575047 0.009119483642 0.008960338309 0.008368795738 0.007945985533
704,loss@115.1 frag@181.1 loss@128.1 frag@208.09 loss@126.12 frag@116.11 loss@119.09 frag@309.2 loss@270.16 loss@316.13 frag@207.09 frag@215.06 frag@223.09 frag@224.16 frag@213.0 loss@400.26 frag@219.13 loss@133.08 frag@219.09 frag@191.09,0.1793369204 0.1179244518 0.0704286173 0.05503345281 0.0547552146 0.04903461784 0.02290214226 0.01911872439 0.01700414345 0.0167486947 0.0127434954 0.01260578353 0.01096510608 0.008131953888 0.006002718117 0.0051888749 0.004142473917 0.003832383547 0.003792168805 0.003754567588
705,frag@154.06 loss@76.04 frag@278.07 frag@155.07 loss@154.04 loss@136.08 frag@170.1 loss@143.08 frag@274.12 frag@204.07 loss@255.1 frag@152.05 frag@201.07 loss@144.09 frag@180.08 loss@556.18 frag@173.07 loss@154.08 loss@111.14 loss@133.06,0.2314516604 0.01294544432 0.004838771652 0.004436465446 0.003130997997 0.003123478033 0.00244761887 0.002265878953 0.002236436587 0.002012952231 0.001988440054 0.001968697645 0.001926981262 0.001921965159 0.001790948445 0.001668558689 0.00164621498 0.001614129986 0.001594990143 0.001532338676
706,frag@202.03 frag@349.14 frag@237.0 frag@174.04 frag@188.04 loss@141.02 loss@275.07 loss@62.09 loss@357.12 frag@147.03 loss@183.01 frag@70.99 frag@150.04 loss@32.98 loss@198.11 loss@188.0 loss@152.06 loss@59.99 frag@321.14 frag@220.01,0.2215327919 0.0183416456 0.01628165133 0.007839605212 0.006613418926 0.003198234364 0.002768207807 0.002722840989 0.00253323582 0.002279566601 0.002111937152 0.00207174127 0.001988290343 0.001965573058 0.001954434672 0.001875218586 0.001838548109 0.001765145687 0.001703531714 0.001656750683
707,frag@174.95 loss@126.0 frag@227.14 loss@327.13 frag@275.18 frag@183.95 frag@118.03 loss@273.11 frag@212.11 frag@204.11 loss@140.01 loss@231.16 loss@112.09 frag@206.1 loss@135.02 loss@271.1 frag@328.01 loss@153.11 frag@152.11 loss@146.08,0.1021928415 0.0340523757 0.02601855807 0.02564256452 0.02392642759 0.01448014844 0.01083188411 0.008853171021 0.008202106692 0.00774943037 0.007304984611 0.00724010542 0.007106307428 0.006098457612 0.004771761596 0.003480887506 0.003211623756 0.003082956187 0.002837616717 0.002435016911
708,loss@129.04 loss@157.04 loss@144.02 frag@58.99 frag@318.03 frag@55.02 frag@53.04 frag@54.03 frag@44.98 frag@179.05 frag@72.94 frag@68.01 frag@67.04 loss@143.06 frag@228.03 frag@138.01 frag@129.02 frag@308.1 frag@97.06 frag@224.01,0.2838333249 0.02526114322 0.01215618569 0.009634012356 0.008888731711 0.008619470522 0.008513414301 0.006664416287 0.00542982528 0.005051159766 0.004896447528 0.004834950902 0.004758256022 0.004662861116 0.004513076041 0.004359331448 0.004086931702 0.00403860677 0.003900491633 0.00388285704
709,loss@97.09 frag@213.0 loss@282.06 loss@88.01 loss@331.1 frag@250.0 frag@276.01 frag@177.03 frag@45.03 frag@154.16 frag@184.09 frag@96.08 frag@69.07 frag@248.12 frag@87.04 loss@168.16 frag@62.02 frag@233.09 frag@212.97 frag@126.13,0.2637751997 0.02951076813 0.02875247225 0.01790854335 0.01214811951 0.008866753429 0.00724556623 0.007100669201 0.006932548247 0.006459975149 0.005997014698 0.005676313769 0.004771675449 0.004648142494 0.004310795572 0.004038239364 0.004033428151 0.003919370472 0.003837120952 0.003826835891
710,loss@81.09 frag@224.02 loss@248.11 frag@252.95 frag@193.04 frag@234.94 frag@235.05 frag@172.96 frag@124.02 frag@152.02 frag@221.1 frag@326.18 frag@157.01 frag@338.14 frag@163.03 frag@245.04 frag@175.03 frag@214.08 loss@267.98 frag@114.1,0.2732119262 0.1047555059 0.04773812741 0.009587969631 0.00753874192 0.005189661868 0.004450128414 0.004158523399 0.004078475293 0.003934504464 0.003490404692 0.003026763909 0.002875292441 0.002510035411 0.002452383749 0.002363439649 0.002329145791 0.002222734271 0.002130245324 0.002048722003
711,frag@158.07 frag@177.07 frag@186.07 loss@425.08 loss@158.12 loss@208.18 loss@262.99 frag@159.06 loss@143.13 loss@397.08 loss@188.01 frag@131.06 loss@310.97 loss@68.01 loss@188.94 loss@158.08 loss@217.12 loss@43.01 frag@211.98 loss@308.07,0.134328261 0.1001118422 0.07081903517 0.01519890223 0.01375314128 0.01209530979 0.007644799072 0.005775505677 0.005282737315 0.00494666351 0.004145463463 0.004004990682 0.003967924975 0.003568688175 0.003450284246 0.003426608862 0.003284062259 0.003185714362 0.003175845137 0.00305866194
712,frag@176.07 frag@204.07 loss@252.97 loss@228.11 frag@190.09 loss@186.03 loss@122.0 loss@322.13 loss@175.13 loss@333.21 frag@158.06 loss@174.08 frag@171.05 frag@160.08 loss@296.06 loss@163.06 loss@111.14 loss@158.08 loss@235.03 loss@241.1,0.2341053188 0.08875507116 0.01202221867 0.004411038477 0.003875800641 0.003239172744 0.003003384452 0.002772168024 0.002581032459 0.002533549676 0.00242048176 0.002378251636 0.002256575972 0.00223362376 0.002034459962 0.002016259357 0.002016025828 0.001949865837 0.001757804654 0.001717632986
713,frag@195.02 frag@177.01 loss@207.02 loss@158.05 loss@105.02 loss@242.01 loss@267.03 loss@236.03 loss@249.05 loss@281.03 loss@253.04 loss@295.1 loss@251.18 loss@226.05 loss@294.14 frag@194.08 loss@216.03 frag@152.05 loss@113.06 frag@93.03,0.1908654869 0.1310088933 0.00473785121 0.00343527412 0.003224384971 0.003113898449 0.002283667214 0.002215759829 0.00213150843 0.001881919103 0.001839554752 0.001756908838 0.001739755622 0.00156083086 0.001494797412 0.001411652425 0.001341266441 0.001319435658 0.001279068645 0.001252562855
714,loss@221.11 frag@105.07 frag@135.08 frag@118.08 frag@187.98 frag@150.09 frag@79.05 frag@121.06 frag@166.09 frag@93.07 frag@58.03 frag@133.06 frag@109.06 frag@110.02 frag@121.03 frag@105.08 frag@45.03 frag@87.04 loss@288.11 frag@274.18,0.2509339154 0.01125666499 0.01068465598 0.01025733352 0.009855372831 0.009595661424 0.008879602887 0.008449695073 0.00812993478 0.00656299619 0.00639797654 0.005878195632 0.00579332374 0.005533996504 0.005526615772 0.004903976806 0.004753450397 0.004688711837 0.004561339971 0.004492189735
715,loss@259.01 loss@237.18 loss@300.04 frag@59.03 frag@168.04 loss@244.03 loss@137.01 frag@318.18 frag@155.07 frag@165.05 frag@57.07 frag@171.97 frag@194.08 frag@262.16 frag@65.0 frag@46.99 frag@100.02 loss@313.06 frag@122.04 frag@195.99,0.07805108279 0.05003397912 0.03467038274 0.02586461417 0.02568077855 0.021228211 0.01620524377 0.01339722332 0.006419937592 0.006022449583 0.005742153618 0.005412015133 0.005294521805 0.005067088641 0.004893282894 0.003854229581 0.003666965757 0.003607350402 0.003140591085 0.003078435548
716,frag@243.12 loss@207.16 loss@290.03 frag@201.95 frag@176.11 frag@241.14 frag@156.14 frag@256.13 frag@157.06 frag@209.03 frag@292.13 loss@225.17 frag@155.12 frag@123.03 loss@139.1 frag@153.08 loss@195.1 frag@309.16 loss@229.13 frag@201.1,0.1296782196 0.09720376134 0.04879631475 0.01241353154 0.005594690796 0.005579805933 0.004709833767 0.003703688271 0.003533496056 0.00351850735 0.003136676736 0.003133013844 0.003124936717 0.002993534552 0.002914507175 0.002882790985 0.00281195296 0.002755069174 0.002331181895 0.002309520729
717,frag@148.08 loss@230.12 loss@207.09 loss@232.1 loss@267.1 loss@258.11 frag@120.08 loss@225.11 frag@231.12 loss@208.1 loss@265.11 frag@121.09 frag@207.98 loss@221.11 frag@135.08 loss@241.01 frag@106.06 loss@260.13 loss@272.13 loss@181.11,0.3552341163 0.08240038902 0.06673622876 0.04658362642 0.04646781832 0.03774166107 0.02583514526 0.02518266253 0.02130459622 0.009666310623 0.008328042924 0.008137805387 0.005745686125 0.005589504726 0.005579643417 0.005432298407 0.005150351208 0.00435342174 0.004345966969 0.003773570061
718,frag@104.05 frag@132.04 frag@105.06 loss@86.02 loss@102.04 loss@74.01 loss@102.01 loss@90.04 loss@88.04 loss@140.02 loss@92.99 loss@87.02 loss@168.06 loss@188.94 frag@117.06 loss@330.12 frag@129.04 loss@360.19 loss@86.01 loss@106.01,0.1695518643 0.1261811107 0.01958888955 0.01784790307 0.01543257013 0.01448469143 0.0118843792 0.01132963598 0.01036261674 0.01027275156 0.009331939742 0.008986650966 0.008552744053 0.00798380468 0.006918272935 0.006816449109 0.005981530529 0.005938997027 0.005384294782 0.00533106504
719,frag@62.02 frag@90.95 frag@150.95 frag@134.96 frag@55.93 frag@72.94 frag@61.01 frag@152.97 frag@45.99 frag@62.99 frag@292.12 frag@118.92 loss@243.99 loss@166.14 loss@103.05 frag@46.99 frag@240.07 loss@81.02 frag@71.93 frag@116.97,0.07444813848 0.05316804722 0.03639158979 0.0359573625 0.02582792938 0.02494525537 0.01607028767 0.01501546893 0.01289478596 0.009214485995 0.008586413227 0.007238584571 0.007031930611 0.006999694277 0.006938635372 0.006520068273 0.006096033845 0.005895733368 0.00583948195 0.005528209265
720,frag@202.06 loss@288.07 frag@203.04 frag@233.08 loss@232.08 loss@249.18 frag@304.12 loss@125.04 frag@228.12 frag@298.13 frag@269.13 frag@218.09 frag@173.03 loss@151.02 frag@191.11 frag@194.11 loss@141.1 loss@258.13 frag@184.14 loss@159.13,0.1135851294 0.07845802605 0.06656946987 0.06133842468 0.04667078704 0.04045148939 0.01510256901 0.01287416089 0.009245922789 0.005837843288 0.004208760336 0.004137176089 0.003937572706 0.003518022597 0.003308813088 0.003192646196 0.003075343324 0.002969438443 0.002687504981 0.002385420492
721,loss@303.08 loss@306.07 loss@156.11 frag@246.08 frag@234.11 frag@230.98 loss@199.17 frag@189.06 frag@196.06 frag@134.1 frag@175.11 frag@264.03 frag@172.99 frag@229.11 frag@156.02 loss@212.12 loss@132.09 frag@155.08 frag@208.04 frag@74.06,0.06600711495 0.03924518824 0.03150080517 0.02218329534 0.01872081682 0.01823493093 0.0174831152 0.01027969643 0.007694930304 0.006613039877 0.006575781852 0.005577914417 0.005419719499 0.005356667098 0.005066282582 0.004817995708 0.004787637852 0.004511679988 0.00413842313 0.004081031773
722,loss@157.09 loss@161.03 frag@144.05 frag@212.11 frag@218.14 frag@260.05 loss@360.07 loss@254.01 loss@126.9 frag@124.1 frag@116.98 loss@383.2 loss@116.03 frag@210.04 frag@66.03 frag@447.13 loss@154.9 loss@127.05 loss@88.11 loss@210.08,0.1237355322 0.06703452021 0.05931639299 0.05508454144 0.04247735068 0.0204214491 0.009691647254 0.00951490365 0.009499381296 0.009145985357 0.007270258386 0.006162018515 0.005132384133 0.004810654558 0.004713044036 0.004414393101 0.003818105906 0.003726528957 0.003345173085 0.003075656015
723,loss@159.1 loss@158.12 frag@195.09 frag@208.07 frag@171.08 frag@195.08 frag@167.05 frag@128.06 frag@143.09 frag@157.06 frag@117.07 frag@335.17 frag@172.08 frag@189.07 frag@175.04 frag@160.11 frag@177.07 frag@147.08 frag@218.09 frag@213.1,0.1492841393 0.1234010682 0.0135742845 0.01200264413 0.007304632571 0.005943675525 0.005077320151 0.004853094928 0.004014620092 0.003893493675 0.003703507828 0.003512684256 0.003325593891 0.003315624781 0.002967251465 0.00283232308 0.002831901656 0.002749158535 0.002654724289 0.002440345241
724,loss@205.08 frag@195.11 loss@292.09 frag@208.01 frag@124.06 frag@84.04 loss@261.15 frag@319.19 frag@55.02 frag@165.1 frag@274.18 frag@166.05 frag@144.1 frag@257.09 frag@368.13 frag@83.07 loss@291.06 loss@233.13 frag@82.03 frag@182.15,0.2221042067 0.06227433309 0.03837658465 0.01955685951 0.01908921078 0.004788617138 0.004704282153 0.004287282936 0.004121877719 0.003514803946 0.003339791205 0.003183040535 0.003160104854 0.003128011711 0.003049935447 0.002874709433 0.002688895212 0.002650290728 0.002578443382 0.002549266443
725,loss@227.13 loss@258.17 loss@278.07 frag@110.02 frag@175.12 frag@129.03 frag@160.11 frag@146.12 loss@185.01 frag@261.17 frag@241.11 frag@261.97 frag@292.13 frag@160.1 frag@147.03 frag@157.11 frag@171.01 frag@158.06 frag@236.15 frag@161.11,0.2007099539 0.0289771352 0.02170680463 0.01514360774 0.006527377758 0.006186055951 0.004186822567 0.003646339523 0.003241007682 0.003072751919 0.003034161869 0.002929088892 0.002533677034 0.002474853303 0.002469255589 0.002423620084 0.002385605592 0.002365923487 0.002362002619 0.002331676427
726,loss@253.1 frag@155.98 loss@263.15 loss@270.12 frag@257.13 frag@156.14 frag@81.03 frag@138.09 frag@114.09 loss@208.99 frag@176.98 frag@112.08 frag@158.0 frag@101.02 frag@164.07 frag@84.08 frag@110.1 loss@275.1 frag@84.09 frag@121.07,0.1376102418 0.06804759055 0.06073255092 0.0567708835 0.03889608756 0.01818428375 0.01315248478 0.007926321588 0.00731946202 0.005722528324 0.005579063669 0.005410829093 0.005325758364 0.005271513015 0.004890538286 0.004765665624 0.004331476986 0.003989933524 0.003379903268 0.003266343614
727,frag@70.03 frag@114.05 loss@271.1 loss@264.18 loss@263.13 loss@224.12 loss@279.16 loss@198.1 loss@254.09 frag@42.03 loss@259.11 frag@113.02 loss@363.12 frag@55.02 loss@259.09 loss@239.16 loss@278.13 loss@210.1 loss@105.04 loss@295.07,0.215111196 0.130009979 0.03357381746 0.01515180152 0.01156686246 0.006198153831 0.005446682218 0.004228344187 0.003428164171 0.003342197975 0.002909360686 0.002777982736 0.002652312163 0.002603343455 0.002584766829 0.00255062338 0.002476811875 0.002216303255 0.002200357383 0.002098622732
728,loss@276.07 loss@258.06 frag@173.06 frag@158.98 loss@287.09 frag@84.07 frag@84.08 frag@138.09 frag@342.03 frag@87.09 frag@167.13 frag@141.08 frag@127.12 frag@191.15 frag@84.09 frag@101.11 frag@99.07 loss@288.15 frag@127.09 frag@256.02,0.1228118241 0.08913225681 0.05812370032 0.02090521343 0.01437642798 0.01070995722 0.007924496196 0.006873984821 0.006256575231 0.00589578785 0.005665256176 0.005602645222 0.0055725649 0.00526558049 0.005116375163 0.005004293751 0.004912568256 0.004651532043 0.004026272334 0.003581530647
729,frag@220.09 loss@79.93 loss@123.04 loss@78.92 frag@190.03 loss@107.92 frag@250.11 frag@250.06 frag@289.11 frag@152.95 frag@219.09 frag@208.1 frag@179.01 frag@280.08 frag@120.02 loss@119.05 frag@284.02 loss@106.91 frag@156.01 frag@69.0,0.1161214858 0.09184729308 0.08909934014 0.04850589111 0.03933034092 0.03715063259 0.01551900059 0.008811939508 0.003974999767 0.003857227275 0.003849222092 0.003713949351 0.00335444673 0.003268671222 0.003190080868 0.003042259486 0.002635486424 0.002615513047 0.002610431053 0.002537831198
730,frag@200.08 loss@143.07 loss@333.21 frag@172.09 loss@172.05 frag@158.07 frag@299.07 loss@173.1 frag@236.03 frag@158.1 frag@174.1 loss@188.1 frag@132.07 loss@131.07 frag@132.06 loss@191.11 frag@189.08 frag@93.04 frag@130.03 loss@277.16,0.2640053332 0.189254567 0.009697423317 0.004619545769 0.004440860357 0.003759536427 0.003452233505 0.0034152281 0.002721437719 0.002715210663 0.002675830154 0.002560810652 0.002536046784 0.002429104643 0.002310353331 0.00213599205 0.002132422058 0.001899410388 0.001842794009 0.001727671945
731,frag@124.08 frag@155.08 loss@242.03 frag@121.09 loss@192.01 loss@160.97 loss@187.13 loss@153.11 loss@193.99 frag@322.17 loss@178.97 loss@164.1 loss@299.14 loss@209.14 frag@137.07 loss@277.1 loss@260.13 loss@181.11 loss@268.12 loss@265.11,0.1992229223 0.09795622528 0.04450786114 0.03736282885 0.03316956386 0.02446447127 0.0121061774 0.01030373387 0.009514289908 0.008477307856 0.007980523631 0.005754413549 0.004712498281 0.004072270356 0.003813848132 0.003597405972 0.003591442946 0.00357579533 0.003431522986 0.003408189164
732,loss@177.09 frag@132.06 loss@176.07 frag@120.06 loss@197.05 frag@146.07 frag@162.07 frag@134.07 frag@161.08 frag@158.07 frag@231.12 frag@132.07 loss@202.09 frag@131.06 frag@133.08 loss@189.07 frag@160.09 loss@206.12 frag@150.07 frag@105.04,0.120475553 0.1181801781 0.08803855628 0.05631072819 0.04415476695 0.03066276759 0.01189864427 0.01136189979 0.0111503806 0.01085156295 0.008197808638 0.00679576816 0.006578428671 0.006329612341 0.006116556004 0.005653432105 0.005501963664 0.004828931298 0.004762508906 0.004268212244
733,frag@186.1 loss@185.1 loss@175.11 frag@158.07 frag@159.06 loss@172.06 frag@231.12 frag@187.1 loss@137.08 loss@158.08 loss@227.11 loss@234.16 frag@172.09 frag@157.08 loss@145.05 frag@344.21 frag@189.08 frag@188.12 frag@160.09 loss@132.07,0.2220270634 0.16559425 0.107246764 0.03001885116 0.007523997687 0.006632803008 0.006361742504 0.006067899987 0.005832581781 0.005575108808 0.005366353318 0.005227584392 0.005197777878 0.00488338666 0.004870085046 0.004673543386 0.004643603228 0.004394926596 0.004174070898 0.004155442584
734,loss@183.08 frag@161.99 frag@150.06 frag@314.13 loss@176.02 frag@139.07 frag@125.04 frag@264.05 frag@235.97 frag@148.08 frag@157.06 frag@136.08 frag@106.06 frag@213.96 frag@121.09 frag@113.03 frag@113.04 frag@139.03 loss@336.14 frag@231.12,0.2574846745 0.03002265655 0.02442409471 0.007311044727 0.006425562315 0.005166575313 0.004561943933 0.003901174525 0.003648328595 0.003472742625 0.003409536555 0.002901091008 0.002881236607 0.002828828525 0.002685336163 0.002496005269 0.002486908576 0.002182629658 0.002137132455 0.002115790034
735,frag@144.06 frag@172.05 loss@56.0 loss@188.07 frag@117.04 frag@144.04 frag@145.04 frag@134.06 loss@124.03 loss@95.0 loss@205.06 frag@171.05 loss@257.02 loss@79.01 frag@116.05 loss@82.02 loss@84.01 loss@202.12 loss@46.02 frag@162.07,0.1815655679 0.1188853458 0.009927523322 0.007197618019 0.006235022098 0.005486175884 0.005136271007 0.004461076111 0.004352261312 0.004160899669 0.004130884074 0.003912191372 0.003838542616 0.003770751879 0.003548192792 0.002676450415 0.002635445911 0.002562341513 0.002461535856 0.002403306309
736,loss@162.09 frag@191.09 frag@205.09 loss@136.07 loss@148.07 frag@288.09 loss@345.11 loss@293.19 frag@215.07 frag@384.11 frag@197.05 frag@143.05 frag@304.08 loss@156.07 loss@176.11 frag@255.97 loss@178.12 frag@201.05 frag@226.14 frag@154.99,0.1458577067 0.111430198 0.06027304381 0.05987427384 0.05383622274 0.02305324189 0.0169910267 0.009729750454 0.009082754143 0.008887976408 0.008802257478 0.008741074242 0.008698049001 0.005675914232 0.00544046564 0.004517101683 0.004431232344 0.004332182463 0.004020700231 0.003728441894
737,frag@192.08 loss@95.07 frag@139.0 loss@20.01 loss@123.02 frag@129.01 frag@139.01 frag@225.03 loss@140.0 loss@290.15 frag@150.02 loss@54.05 loss@61.05 loss@155.01 loss@239.97 loss@93.06 frag@218.07 frag@202.93 loss@112.07 loss@115.07,0.1487953812 0.1021378562 0.08469490707 0.03756732494 0.03538930416 0.01631053165 0.01242648717 0.007689923514 0.00613107672 0.005649243947 0.005362437572 0.00475395238 0.004223511089 0.004181963857 0.00375544955 0.003548246343 0.003524085972 0.003474276047 0.003039153758 0.003026453545
738,frag@270.07 loss@290.11 loss@257.06 loss@215.16 loss@151.05 frag@191.06 frag@88.08 frag@162.0 frag@228.96 frag@156.98 frag@324.12 frag@188.03 frag@241.14 frag@123.03 frag@249.08 loss@283.02 loss@153.06 frag@181.1 frag@213.04 loss@271.13,0.113591522 0.0676317811 0.06441289186 0.05088801309 0.01579679735 0.01128012966 0.006719300523 0.006695600692 0.005676348694 0.00445538573 0.00439097546 0.004156037699 0.003166662296 0.003136212705 0.002991095651 0.002818583278 0.002788701793 0.002781201387 0.002741624601 0.002483936027
739,loss@212.15 loss@224.13 loss@223.13 frag@153.1 frag@86.06 frag@110.1 frag@83.09 loss@251.08 frag@67.05 frag@131.08 loss@251.15 loss@196.12 frag@150.13 frag@140.11 frag@83.07 frag@128.11 frag@82.06 frag@84.08 frag@166.06 frag@138.09,0.1002517119 0.08267506212 0.06354393065 0.02017380856 0.01509777363 0.01276386436 0.009961372241 0.009180844761 0.00914659258 0.009129443206 0.008592407219 0.008229091763 0.008024333976 0.007843371481 0.007528185844 0.00621339865 0.005686050281 0.005663682241 0.005623917561 0.005476085469
740,frag@111.03 loss@235.09 loss@297.06 loss@140.03 frag@149.04 loss@222.08 loss@201.11 loss@240.04 frag@59.0 loss@199.13 frag@44.98 loss@209.09 frag@323.11 loss@225.07 loss@227.07 frag@139.02 loss@227.04 frag@97.01 loss@169.06 loss@168.04,0.3024907708 0.0359649621 0.01549693849 0.01020942908 0.007646162063 0.006705104839 0.005251195282 0.004920226987 0.004817800131 0.003956072498 0.003855808172 0.003624688135 0.003224991029 0.00314447959 0.003086790442 0.002710683504 0.002600533422 0.002593084937 0.002446847968 0.002221086528
741,frag@153.05 loss@174.99 loss@246.01 frag@210.06 frag@139.04 frag@94.99 loss@201.06 loss@178.97 loss@148.02 loss@286.04 loss@240.04 loss@120.03 loss@189.07 frag@181.05 loss@191.11 loss@95.08 frag@185.04 frag@133.04 loss@168.04 loss@202.02,0.271666497 0.04183710739 0.0145250205 0.01089715771 0.009567212313 0.008065882139 0.003633929649 0.003416788531 0.003187549766 0.002812273568 0.002441089833 0.002180259209 0.002178520663 0.002130890265 0.002104024868 0.002081327606 0.002072516363 0.002004980575 0.00194537791 0.001926980563
742,frag@147.07 frag@162.09 loss@150.06 loss@145.09 loss@164.11 loss@177.05 frag@201.11 loss@163.07 loss@148.08 frag@174.09 frag@133.05 loss@119.07 frag@141.08 frag@176.07 loss@244.05 frag@191.13 loss@147.07 frag@128.05 loss@187.93 loss@215.12,0.1870778799 0.108354494 0.06402274221 0.05458454043 0.01791702397 0.007924446836 0.006957182661 0.00554635562 0.00508174533 0.005026194733 0.004953868687 0.004836644046 0.004283891059 0.004134864546 0.003998726141 0.003696602304 0.003677256871 0.003200045787 0.003141378053 0.002943875268
743,loss@212.11 loss@174.06 frag@125.0 loss@196.01 frag@194.08 frag@112.05 frag@164.11 frag@131.08 frag@216.09 frag@74.93 frag@128.04 frag@164.09 frag@97.04 frag@168.96 frag@267.06 frag@90.05 frag@230.12 frag@138.06 frag@277.08 frag@332.06,0.140292421 0.135024488 0.02022686228 0.007172600832 0.005720080342 0.005227866583 0.00422968436 0.004075238481 0.003996889107 0.003777669976 0.003228763351 0.003135495353 0.003085602075 0.003050268861 0.002958401805 0.002786773257 0.002758578165 0.002714066533 0.002567255171 0.002501724754
744,loss@227.1 frag@178.07 frag@93.03 frag@102.04 frag@175.12 frag@113.04 frag@141.03 frag@209.14 frag@180.05 frag@314.13 frag@135.05 frag@110.99 frag@111.03 frag@113.02 frag@133.04 loss@211.05 frag@59.0 loss@196.03 frag@110.02 frag@153.03,0.2072330564 0.1203932315 0.00622210186 0.005956447683 0.005896667019 0.004966282751 0.004098101519 0.004019670654 0.00365659222 0.003621041542 0.003537298646 0.003283985658 0.0031122379 0.00308387191 0.002504708245 0.002188336104 0.002167636063 0.002162358258 0.002112130634 0.002026587026
745,loss@180.11 frag@150.07 frag@164.11 frag@167.03 frag@187.07 frag@138.05 frag@173.95 frag@320.16 frag@203.07 frag@164.07 frag@302.22 frag@233.14 frag@175.11 frag@160.13 frag@204.11 frag@298.07 frag@220.13 frag@233.11 frag@211.01 frag@229.11,0.2047339082 0.01233783644 0.01187944133 0.009845905006 0.00667417096 0.006341444794 0.006058245897 0.004480815493 0.004280372988 0.003956273198 0.003431631019 0.003375254804 0.003328581573 0.002958784113 0.002822593087 0.002779410454 0.002704055281 0.002700900659 0.002669061301 0.002584654838
746,loss@232.12 frag@243.16 frag@108.08 frag@207.98 frag@150.13 frag@136.05 frag@159.06 frag@161.11 frag@132.07 frag@160.1 frag@148.08 frag@122.1 loss@347.09 frag@241.11 frag@150.07 frag@133.08 frag@190.09 frag@148.11 frag@202.11 loss@265.09,0.3047137856 0.06745503843 0.01527132839 0.01123895682 0.01046032086 0.008888704702 0.007957953028 0.007494452875 0.007082439028 0.007012256887 0.006840222515 0.006706689019 0.005933735985 0.004858341999 0.003976317123 0.003952042665 0.003702341113 0.00363295828 0.003624097677 0.003610765794
747,loss@101.08 loss@99.07 loss@99.1 frag@176.03 loss@126.08 frag@234.94 frag@252.95 frag@226.09 loss@71.07 loss@100.06 frag@208.98 frag@305.11 frag@241.04 frag@145.0 frag@258.16 frag@337.06 frag@102.05 frag@291.18 frag@329.17 frag@267.08,0.1161984503 0.0990255475 0.05640524998 0.04471493512 0.04166664928 0.02770153433 0.01741987839 0.01337420475 0.01059311908 0.01056974847 0.008704545908 0.008098037913 0.008022805676 0.007780983578 0.006991324946 0.006883918773 0.006713098846 0.006418391131 0.006088638213 0.005589097738
748,loss@206.07 frag@115.03 frag@231.15 frag@153.98 frag@321.1 frag@206.06 frag@190.05 frag@178.06 frag@160.11 loss@178.07 frag@114.04 loss@224.08 frag@135.09 loss@211.03 loss@162.01 frag@101.02 loss@204.05 frag@93.03 frag@161.07 frag@207.98,0.1783336252 0.0725640282 0.07212736458 0.01249073818 0.01199532859 0.008803817444 0.003958673682 0.003328768769 0.002568422584 0.002563132672 0.002516529756 0.00248994818 0.002225253265 0.002177760936 0.002167036524 0.002092567738 0.002066542162 0.001903609489 0.00190234324 0.001779890037
749,frag@165.07 frag@167.09 loss@151.1 frag@166.08 frag@152.06 loss@159.06 loss@401.19 loss@257.17 loss@214.13 loss@181.09 loss@153.09 loss@276.16 loss@174.14 frag@180.08 loss@157.05 loss@249.1 frag@205.02 loss@156.14 loss@268.12 loss@164.1,0.1557378173 0.1411694139 0.08647255599 0.04243325442 0.03319918737 0.02062661014 0.01642138883 0.01642110758 0.009243146516 0.005461708643 0.004912491888 0.003920455463 0.003786250716 0.003192659467 0.003005011473 0.002665947191 0.002644426189 0.002636681776 0.002620297717 0.002435285365
750,loss@183.06 frag@215.03 loss@254.08 loss@210.07 loss@314.13 frag@234.09 frag@260.07 frag@215.11 frag@298.11 loss@305.07 frag@103.03 frag@303.11 loss@299.19 loss@318.16 frag@90.95 frag@80.06 loss@235.98 loss@246.16 frag@296.09 loss@223.01,0.07323525846 0.04802479595 0.04736999795 0.04455506429 0.03238950297 0.02676716819 0.0201534424 0.02010721341 0.01922862418 0.01602847874 0.01379437651 0.01164017059 0.01024948247 0.00943632517 0.008522885852 0.008462462574 0.008403332904 0.007398283109 0.006999582052 0.00691920612
751,frag@173.55 loss@473.29 loss@262.18 loss@340.19 loss@402.14 loss@444.16 loss@805.41 loss@250.06 frag@97.03 loss@445.16 frag@73.03 loss@479.16 loss@265.08 loss@288.08 frag@187.15 frag@129.05 frag@147.12 loss@289.05 loss@312.11 frag@83.05,0.2897847891 0.03611565009 0.01654390804 0.01293391269 0.008487203158 0.00767500326 0.006574727595 0.006374103948 0.005617768504 0.004894116428 0.004745872691 0.004278920125 0.004265857395 0.00423748279 0.003850590903 0.003844162915 0.00371726579 0.003465165384 0.003180902917 0.003167039715
752,loss@287.09 loss@246.07 frag@84.09 frag@150.09 frag@84.08 frag@84.04 frag@56.05 frag@179.09 frag@124.04 frag@332.06 frag@95.01 frag@84.06 frag@42.03 frag@235.97 frag@98.03 frag@67.02 frag@164.07 frag@98.08 frag@167.13 frag@141.08,0.1201561168 0.0937435478 0.01060295943 0.00669403607 0.006652586628 0.005368152633 0.005111096427 0.005048492458 0.004662015475 0.004503252916 0.004145796411 0.004074539058 0.00399427861 0.003869868116 0.00385325239 0.003723561531 0.003609237028 0.003267595777 0.003209932009 0.002991362941
753,loss@174.09 frag@143.12 loss@230.05 frag@157.06 frag@85.08 frag@231.06 frag@123.05 loss@239.97 frag@245.11 frag@166.1 frag@169.11 frag@126.0 frag@177.11 frag@201.1 frag@239.08 frag@222.95 frag@236.03 frag@203.05 frag@111.05 frag@185.09,0.2244953066 0.1041125953 0.09375812113 0.01461720746 0.009360867552 0.006253947504 0.004819983616 0.004646963906 0.00454086205 0.004302437883 0.003331315238 0.002658431884 0.002576960251 0.002548510907 0.002534963191 0.002216430381 0.002103144303 0.002052296186 0.002006501192 0.001829568646
754,frag@97.01 loss@209.09 loss@257.04 loss@124.0 loss@181.06 loss@245.07 loss@221.09 loss@312.02 loss@141.02 loss@230.03 frag@111.03 frag@151.06 frag@158.0 loss@255.08 loss@213.09 frag@124.02 loss@194.05 loss@167.04 loss@230.11 frag@97.02,0.3540117443 0.0333273001 0.02649682201 0.0204986427 0.01314145792 0.01250911318 0.01006715931 0.00789545849 0.007531689946 0.006662625354 0.006434069481 0.005044381134 0.004956995137 0.004924823064 0.004451265559 0.00430788286 0.004290017765 0.004195678048 0.004025331698 0.003534017131
755,frag@315.13 loss@281.03 loss@254.17 frag@172.99 frag@186.99 loss@282.17 frag@308.12 loss@198.97 loss@204.97 frag@108.07 loss@209.93 frag@122.01 loss@215.03 loss@253.03 loss@245.16 frag@191.11 frag@224.08 frag@306.1 frag@207.11 loss@328.02,0.07083147019 0.05441801623 0.03398768976 0.02128925733 0.01818373241 0.01265028212 0.01077697705 0.008814079687 0.005703614559 0.005583541468 0.004768105224 0.003703230061 0.003619565396 0.003485808382 0.003438058542 0.003437275067 0.003286703257 0.003276750678 0.003267135704 0.002969516674
756,loss@126.04 frag@68.01 frag@57.04 loss@98.04 frag@54.03 frag@377.07 loss@84.02 frag@143.04 frag@131.0 loss@100.03 loss@101.05 frag@100.02 frag@107.03 frag@43.03 loss@72.02 loss@108.03 frag@82.05 frag@306.09 loss@114.04 loss@101.02,0.1741204113 0.1616442502 0.06191952899 0.05861342698 0.008934223093 0.008663939312 0.007720845286 0.006367174909 0.006299429573 0.005852174014 0.005803764332 0.005350464024 0.004852898885 0.004677320365 0.004561299924 0.004355232231 0.003943464253 0.00384219666 0.003771490185 0.00368505856
757,frag@122.04 frag@155.07 loss@263.07 frag@150.03 frag@165.05 loss@275.05 frag@152.05 loss@299.05 loss@196.07 loss@191.05 loss@307.11 loss@160.96 loss@145.1 loss@297.05 loss@302.1 loss@281.08 loss@240.03 frag@141.01 loss@221.98 loss@172.1,0.1898169369 0.1306497604 0.07592960447 0.01101086102 0.01023072377 0.005421160255 0.004003271461 0.004000917077 0.002987772459 0.002952655079 0.002695607953 0.002677755663 0.002418763237 0.002396229422 0.002196649555 0.002050566487 0.002048714552 0.002031332115 0.001880948781 0.001858210657
758,frag@135.03 frag@163.02 loss@237.05 frag@134.02 loss@120.06 loss@181.04 loss@235.07 loss@170.02 loss@235.03 frag@121.01 loss@165.08 loss@157.05 loss@206.11 loss@207.04 loss@196.1 loss@320.1 loss@179.98 frag@84.99 loss@215.02 loss@194.06,0.2068437636 0.1963399053 0.03560299054 0.01521560922 0.008829544298 0.007073933259 0.005653231405 0.005578044802 0.00555261923 0.003545557149 0.003379602917 0.002585636219 0.002583304653 0.002565793926 0.002458235016 0.002338740975 0.002233538078 0.002185159596 0.002172276843 0.002150684595
759,loss@28.03 frag@164.05 frag@185.08 loss@130.03 loss@92.05 loss@41.04 frag@240.07 loss@46.04 frag@267.1 frag@281.99 loss@47.05 frag@239.09 frag@310.17 frag@205.08 loss@200.94 loss@65.06 frag@298.06 frag@59.99 frag@239.02 frag@202.97,0.1835624725 0.1124881655 0.03004756197 0.02146651037 0.02122560516 0.02117760479 0.01700743847 0.01475800853 0.01318813022 0.01197444554 0.01153885387 0.01035086997 0.01021433994 0.01011789311 0.00996137131 0.009608790278 0.00912572071 0.009096386842 0.008597038686 0.008558239788
760,frag@233.14 loss@188.12 loss@202.1 loss@198.03 frag@197.0 frag@332.06 frag@220.01 frag@245.16 frag@233.13 loss@295.11 frag@169.11 loss@173.13 frag@196.03 frag@221.14 frag@159.99 frag@321.17 loss@191.14 frag@141.07 loss@198.05 loss@232.13,0.09214954823 0.0913079083 0.0506176874 0.04007879645 0.02348871157 0.0141882943 0.009969202802 0.007719384972 0.006511547603 0.00570569979 0.004859868437 0.004617394414 0.004196414258 0.003961970564 0.003770180279 0.003623392666 0.003599809483 0.003327357816 0.00327447569 0.002718434902
761,frag@139.04 frag@111.04 loss@320.05 loss@293.03 frag@123.04 loss@168.04 loss@207.02 frag@153.02 loss@404.13 loss@526.13 loss@624.23 loss@462.17 frag@81.03 frag@109.03 loss@197.09 loss@324.11 frag@43.02 loss@498.14 loss@744.25 frag@56.96,0.2015231699 0.08403195441 0.03865710273 0.03583991528 0.01452688407 0.00968850404 0.007779617794 0.007614058908 0.00696643535 0.006845925935 0.006261062343 0.005623206962 0.005584444385 0.005512850359 0.00523762079 0.004837444983 0.00455053756 0.004385125358 0.004245579243 0.004015467595
762,frag@210.05 loss@290.07 loss@267.07 loss@234.16 loss@337.15 frag@323.09 loss@330.05 loss@292.06 frag@111.05 frag@109.04 frag@318.06 frag@139.06 loss@277.06 loss@336.12 frag@179.09 loss@249.13 loss@450.2 loss@254.16 loss@320.98 loss@340.11,0.0471470654 0.04291572422 0.03798719123 0.03285868838 0.03038740344 0.02263288014 0.01706530899 0.01517141052 0.01124403439 0.009515443817 0.00934652146 0.006081688683 0.005627548788 0.005603081547 0.004814967979 0.004475045949 0.00443235971 0.004325198475 0.004310043529 0.003984081093
763,frag@201.08 loss@182.1 loss@176.09 frag@188.08 loss@382.11 loss@151.1 loss@189.09 loss@304.08 loss@60.08 frag@177.08 loss@257.02 loss@161.1 loss@167.09 loss@299.14 loss@342.06 loss@278.16 loss@172.14 loss@188.07 loss@154.08 frag@229.13,0.3091933429 0.05523329228 0.006671749987 0.003702719929 0.002753206063 0.002498034388 0.002432945417 0.0024302823 0.002276658546 0.002228561323 0.002225378528 0.002078187419 0.001945615164 0.001901570125 0.001829917077 0.001786044566 0.001780313672 0.001695916289 0.001671940554 0.001574473921
764,loss@259.05 frag@194.09 frag@111.01 frag@157.01 frag@148.06 frag@151.06 frag@204.04 frag@97.01 frag@181.04 frag@69.06 frag@111.03 frag@287.06 frag@244.13 loss@260.05 frag@220.09 frag@152.08 frag@81.03 frag@166.97 frag@124.06 frag@97.04,0.2342713177 0.07946292311 0.04951658845 0.004921102896 0.003873315873 0.003503421554 0.003362548305 0.003095704596 0.002787187928 0.00262361858 0.002272689948 0.002244761446 0.00201445492 0.002012835583 0.001945978147 0.001880981959 0.001740730833 0.001733934856 0.001657630084 0.001656571869
765,loss@293.17 loss@289.08 frag@139.05 loss@242.1 loss@290.2 loss@229.06 loss@239.16 loss@227.16 frag@337.13 frag@204.14 frag@140.01 frag@178.06 frag@154.0 loss@302.12 frag@181.09 frag@168.1 loss@186.12 loss@347.12 frag@99.08 frag@110.02,0.07153668255 0.0435596332 0.0431580916 0.03147552535 0.01307389885 0.009188710712 0.008309391327 0.005747719202 0.005312075373 0.004615246318 0.00425432995 0.004230198916 0.004201268312 0.003706970951 0.003616231959 0.002873976948 0.002852097619 0.002762217307 0.002743408782 0.002737751696
766,frag@176.11 loss@268.17 loss@291.13 frag@277.08 frag@71.03 loss@299.15 loss@215.12 loss@223.14 loss@275.12 loss@267.15 loss@351.13 loss@378.12 frag@186.09 frag@240.12 loss@230.05 frag@190.09 frag@147.08 frag@231.05 frag@120.08 frag@230.12,0.2091460079 0.1038655117 0.02690808848 0.01491503138 0.004735410213 0.002733153058 0.002607111819 0.002222232055 0.002183715813 0.002049851231 0.001741042244 0.001724926056 0.001690255478 0.001601452823 0.001509004855 0.001447448274 0.001378918998 0.001361574512 0.001349012018 0.001335359644
767,frag@110.01 loss@183.1 frag@163.12 loss@181.05 loss@155.08 loss@266.07 loss@156.12 frag@99.05 frag@189.1 loss@179.02 frag@268.11 frag@182.98 frag@132.03 frag@304.13 frag@214.04 loss@124.13 loss@150.01 frag@323.16 loss@140.04 frag@253.06,0.1450314075 0.1444293112 0.06493039429 0.06038409099 0.05752144754 0.03929215297 0.01450180355 0.01062278822 0.01028863713 0.009690557607 0.009496270679 0.008198601194 0.006875162479 0.006208852399 0.006144059356 0.006029750686 0.006022072863 0.005782277789 0.005403332878 0.005301272962
768,frag@175.03 loss@166.05 loss@141.05 frag@148.02 frag@152.02 loss@137.01 loss@188.94 loss@167.04 frag@124.02 loss@194.04 frag@98.04 loss@154.05 loss@141.02 frag@161.01 frag@147.03 loss@103.01 loss@153.04 frag@114.03 loss@307.04 loss@195.08,0.243472904 0.09144782275 0.07662175596 0.07007219642 0.007426275872 0.006235218607 0.005864711478 0.004415637814 0.004216109402 0.004161443096 0.003875404829 0.003860415425 0.00365507789 0.00360537204 0.003314769594 0.003141989 0.003031353699 0.003011121415 0.002920471132 0.002894893056
769,frag@94.04 loss@126.03 frag@230.93 loss@234.94 loss@135.05 loss@58.01 loss@301.07 frag@285.05 loss@36.02 loss@171.01 loss@96.07 loss@113.07 frag@199.03 frag@182.96 frag@268.09 frag@220.95 loss@176.04 loss@209.01 loss@131.06 loss@228.94,0.2373851985 0.0794775635 0.07173319161 0.01621902548 0.00568335643 0.005364425946 0.004656648729 0.004385746084 0.004354757257 0.004077595193 0.003954795189 0.003472036216 0.003281421727 0.003189671319 0.002867058385 0.002627001842 0.002565867733 0.002420219127 0.002375382232 0.002359999577
770,frag@145.05 loss@94.04 frag@186.05 loss@128.0 frag@287.07 loss@186.01 loss@62.96 loss@127.0 loss@82.0 frag@303.03 frag@191.03 frag@171.07 loss@150.03 frag@252.95 loss@46.0 loss@114.07 frag@177.05 loss@129.99 loss@59.05 frag@203.08,0.172267437 0.1087028235 0.09528411925 0.09488455951 0.03266077489 0.02896179073 0.01428152993 0.01341023762 0.006657381542 0.005592721049 0.004948762711 0.00463064434 0.004589142278 0.004458006471 0.003986853641 0.00393892359 0.003844972001 0.003775298363 0.003647109494 0.003378013615
771,frag@176.98 loss@120.09 loss@298.17 loss@310.15 frag@370.17 frag@97.06 frag@226.05 frag@137.03 frag@58.03 frag@196.13 frag@173.54 frag@132.09 frag@201.13 frag@67.05 frag@198.94 loss@255.12 loss@312.12 frag@43.02 frag@81.03 frag@127.04,0.07624161243 0.04671782628 0.02299928851 0.01627553999 0.008236069232 0.007558061276 0.007057795301 0.005970851053 0.005773910787 0.005673546344 0.005663561635 0.005400243681 0.005088526756 0.00474480819 0.004407527391 0.004104097839 0.004054508172 0.003755292622 0.003723540809 0.003679763759
772,loss@139.07 loss@113.06 frag@169.96 frag@212.12 frag@112.09 loss@111.08 frag@229.06 frag@178.13 frag@169.98 frag@147.03 frag@181.04 loss@183.14 frag@166.97 frag@161.03 frag@269.14 loss@166.09 frag@186.07 frag@123.01 frag@188.08 frag@180.01,0.2503611147 0.07007746398 0.01230491884 0.01185416803 0.009641557001 0.008058662526 0.007183576003 0.007098297123 0.007000594866 0.00685974909 0.006764830556 0.006155852694 0.005650993902 0.005606961437 0.005110398401 0.004900871776 0.004746655002 0.00456409296 0.004171544686 0.003965326119
773,frag@192.06 loss@157.03 loss@59.05 frag@163.03 loss@129.03 frag@224.04 frag@68.01 frag@164.04 frag@143.04 loss@191.05 loss@139.02 loss@169.12 loss@125.1 frag@141.03 loss@132.09 loss@240.03 frag@198.1 frag@178.04 loss@139.1 frag@168.08,0.243041724 0.1929694414 0.03645558655 0.01855139434 0.007123846561 0.004350469913 0.003448064206 0.00324225775 0.002991550369 0.002946151653 0.002772003878 0.002437752904 0.002359711099 0.002175033791 0.002166162245 0.002066163113 0.002040260239 0.002033007797 0.001891851192 0.001815844909
774,frag@87.09 frag@113.07 loss@243.0 loss@287.15 loss@342.18 loss@374.14 loss@328.11 frag@84.07 loss@372.09 frag@166.06 loss@282.15 loss@284.12 frag@88.04 loss@240.11 loss@305.17 loss@314.15 frag@188.13 frag@98.08 loss@356.15 loss@298.08,0.1702920049 0.1241961047 0.03683942929 0.02467016131 0.0216331277 0.01632409915 0.01149920281 0.006504122168 0.004936222918 0.004356135614 0.003958683927 0.003768360242 0.003539129626 0.003208935494 0.003059598152 0.003055196954 0.002752663335 0.002704094863 0.002670541173 0.00254226476
775,frag@145.04 frag@163.05 loss@139.06 loss@161.06 loss@183.98 loss@172.14 frag@117.04 loss@213.14 frag@144.06 loss@129.08 loss@200.02 loss@180.08 loss@248.02 frag@121.04 frag@135.06 loss@190.07 loss@109.09 frag@147.06 loss@170.08 frag@141.14,0.1807592809 0.1790907681 0.1275156587 0.06699535996 0.02377960086 0.009921891615 0.00915977452 0.007552620489 0.006066766568 0.005550056696 0.004852424376 0.004016970284 0.003444536822 0.003443355905 0.003291073488 0.003125566989 0.003023583442 0.002627728973 0.002570603276 0.002434418304
776,loss@198.96 frag@182.96 frag@303.15 frag@195.98 frag@268.05 frag@323.14 frag@238.05 frag@238.07 loss@170.97 frag@172.96 frag@182.94 frag@255.17 loss@22.0 frag@225.94 loss@127.05 loss@255.98 frag@217.12 frag@310.12 frag@275.15 loss@149.01,0.1170746386 0.06786089391 0.04878490418 0.03443249688 0.03189631179 0.01997349225 0.0147793768 0.01282010041 0.01013471559 0.00924481824 0.008536633104 0.007557121105 0.007252360694 0.006302338559 0.005247059278 0.004677814897 0.004669286776 0.004426227883 0.004339911044 0.003701094305
777,loss@164.09 frag@191.04 frag@165.03 frag@224.98 loss@82.05 loss@343.14 frag@252.1 frag@161.03 frag@202.06 frag@224.12 loss@68.06 frag@203.04 frag@285.17 loss@162.08 loss@137.1 loss@64.03 loss@92.05 loss@244.99 loss@303.1 frag@267.13,0.1190920845 0.1013057232 0.05846481025 0.04889699817 0.04498504102 0.03306477517 0.01994532906 0.01837306283 0.01353088021 0.01095319074 0.008878377266 0.008542581461 0.008515210822 0.007461442146 0.007151326165 0.006801960059 0.006722618826 0.006046011113 0.006003138144 0.005652028602
778,loss@150.07 loss@263.06 frag@161.1 frag@256.14 frag@151.02 frag@220.11 frag@340.13 frag@178.09 frag@189.05 frag@286.03 frag@194.05 frag@309.16 frag@130.97 frag@219.1 frag@188.14 frag@157.06 frag@295.14 frag@164.14 frag@314.13 frag@163.02,0.2642312944 0.03247369081 0.0176493749 0.009947264567 0.009846828878 0.009499175474 0.009030078538 0.008746728301 0.007816715166 0.006178600248 0.006131906528 0.005981118884 0.005357201211 0.005283236504 0.004753035959 0.004752516747 0.004691422917 0.004001144785 0.003823065897 0.003772588214
779,loss@179.04 frag@240.11 frag@271.11 frag@259.11 loss@152.01 frag@211.98 frag@268.09 frag@216.08 frag@377.07 frag@275.12 frag@186.07 frag@229.11 frag@180.1 frag@267.12 loss@134.08 frag@218.15 frag@185.07 loss@213.13 frag@236.08 frag@295.12,0.200953424 0.07669038326 0.05646361038 0.05125075206 0.04273089021 0.01673152298 0.0068978942 0.004289916251 0.002975051524 0.00270141894 0.00265599764 0.002503783908 0.002411998808 0.002169777639 0.001973965438 0.001945374999 0.001916032401 0.001913341461 0.00183161709 0.001763170003
780,loss@147.07 frag@147.07 frag@231.11 frag@148.08 loss@148.08 frag@162.04 frag@159.04 frag@224.97 frag@159.09 frag@225.14 frag@191.08 frag@99.1 frag@141.08 frag@155.08 frag@187.09 frag@324.17 frag@167.05 frag@180.1 frag@147.09 loss@188.1,0.3230449557 0.01914330013 0.01430284511 0.009994630702 0.009739783593 0.008510360494 0.006711130962 0.006019026507 0.005972063169 0.00526054576 0.005173901096 0.004970785696 0.004870420322 0.004674645141 0.004428974353 0.004409690853 0.004356479738 0.004066857044 0.004007320851 0.003967551049
781,frag@241.1 frag@223.12 frag@208.1 loss@193.13 loss@218.13 frag@164.07 loss@333.07 frag@119.02 loss@294.98 loss@139.1 loss@208.06 loss@159.08 frag@256.05 frag@237.07 frag@236.08 loss@134.06 loss@150.06 frag@176.07 frag@337.15 loss@128.09,0.1308863014 0.1200816706 0.0190240033 0.004820515867 0.004144043662 0.00282258587 0.002732220571 0.002377825789 0.002105123131 0.002041640924 0.001975312596 0.001949203899 0.001939245616 0.00191290467 0.001861822326 0.001769065042 0.001765129156 0.001700827619 0.001649613609 0.00156675966
782,frag@151.05 loss@246.08 loss@171.13 frag@55.02 loss@109.09 loss@223.04 frag@123.05 loss@237.12 loss@295.07 frag@169.06 loss@181.09 loss@248.1 frag@140.05 loss@187.11 loss@233.08 loss@209.12 loss@212.15 loss@252.07 loss@174.09 loss@192.07,0.3386900127 0.1642699838 0.009858543985 0.008917104453 0.003227904905 0.002990809735 0.002906318055 0.002837151987 0.002207295271 0.002186701167 0.002177094342 0.002102378756 0.002056354191 0.00203413167 0.001937824767 0.001718017273 0.001692327438 0.00162718806 0.001615964691 0.001586380764
783,loss@155.09 frag@260.14 loss@153.12 frag@155.12 frag@83.09 frag@191.06 frag@72.04 frag@290.14 frag@181.02 loss@181.11 frag@189.07 frag@138.09 frag@126.08 frag@246.08 frag@142.12 frag@194.13 frag@150.13 frag@44.01 frag@124.08 frag@112.08,0.2980008721 0.01623385027 0.006872670725 0.005799043924 0.005036348477 0.004673931282 0.004348486196 0.003868262051 0.003433628241 0.003321627155 0.00332035264 0.002967364853 0.002875614911 0.002856476465 0.00283485814 0.002779192058 0.002684342908 0.00267581013 0.002578451531 0.002475659363
784,frag@167.08 loss@143.03 frag@278.13 frag@208.05 loss@198.12 frag@149.07 loss@133.1 frag@273.11 loss@262.11 loss@218.02 loss@133.05 frag@206.03 loss@156.14 loss@326.12 loss@110.12 loss@199.17 loss@135.07 frag@203.1 frag@44.01 frag@154.05,0.2329399437 0.1047242209 0.04514501989 0.03381064162 0.0327841416 0.01748252846 0.01714127511 0.0115561448 0.005793950986 0.005779261235 0.00552840298 0.004252188373 0.003755117767 0.003737108316 0.003292188747 0.003181715729 0.00314438669 0.00299875089 0.002915027784 0.002826185431
785,loss@119.07 loss@150.1 frag@220.1 loss@158.09 frag@229.12 frag@202.05 frag@199.02 loss@245.1 frag@186.09 frag@131.05 frag@223.01 frag@146.06 frag@178.05 frag@120.08 frag@219.12 frag@236.03 frag@147.07 frag@202.12 loss@145.12 frag@184.1,0.1357489079 0.1029853225 0.07459401339 0.06094508618 0.04482148588 0.02580908872 0.02142699249 0.02026117221 0.01062381361 0.006359684747 0.006195861381 0.006083003245 0.005807224661 0.005692822859 0.005041739438 0.004371537827 0.004312769044 0.004109435249 0.003872479545 0.003759135958
786,frag@110.07 frag@136.05 loss@246.11 frag@108.06 loss@240.18 loss@252.03 loss@186.13 loss@183.99 loss@250.09 loss@322.15 loss@221.12 frag@83.06 frag@95.06 loss@207.13 loss@173.13 loss@288.16 loss@208.08 loss@327.03 loss@330.17 loss@165.09,0.1731299162 0.1597022116 0.01039425191 0.009419487789 0.005566311534 0.004831211641 0.004640471656 0.003993201535 0.003875420196 0.003787767841 0.003670820501 0.003492235905 0.003346170997 0.003183949273 0.003176862141 0.002948272508 0.002827516757 0.002824347466 0.002624698682 0.00253396295
787,loss@171.05 frag@133.04 frag@142.04 frag@106.05 frag@135.05 frag@161.06 frag@139.03 frag@191.12 loss@151.01 frag@57.99 loss@251.09 frag@84.05 loss@161.07 frag@85.01 frag@105.06 loss@178.97 frag@160.13 loss@248.02 frag@308.14 loss@171.03,0.2409334928 0.1710263789 0.06641358882 0.0134602217 0.009000985883 0.00710623432 0.005673238076 0.005138214678 0.004859550856 0.00477888342 0.00404985575 0.003776552156 0.003563161008 0.003187730443 0.003183023073 0.003113123123 0.002995251212 0.00294285058 0.002781650284 0.002719080774
788,loss@233.05 frag@215.08 frag@57.99 frag@198.15 frag@59.0 frag@124.03 frag@114.04 frag@68.05 frag@159.11 frag@97.08 frag@113.02 frag@67.02 frag@175.12 frag@155.98 loss@255.07 frag@69.06 loss@191.01 frag@101.02 frag@45.03 frag@70.03,0.2122448534 0.009404456243 0.007108378224 0.006705578882 0.005345689598 0.00420607999 0.004197504837 0.004151172005 0.004091497976 0.003979144152 0.003884851467 0.003632256528 0.003359401831 0.003357227193 0.003282715101 0.002555726096 0.002552407794 0.002411111956 0.002234962536 0.002192706103
789,frag@164.12 loss@188.14 loss@285.04 frag@433.19 frag@235.16 loss@261.02 loss@177.13 loss@206.15 frag@148.09 frag@98.07 frag@207.11 loss@172.05 frag@82.98 loss@163.11 frag@150.1 loss@165.13 loss@204.14 frag@138.1 frag@99.06 loss@285.12,0.2268818766 0.07861219347 0.02634082921 0.01436229143 0.01197548397 0.01135860011 0.01014974061 0.00870594196 0.005837615579 0.005663800985 0.00519651128 0.005170755088 0.004730536602 0.004185462836 0.003748214804 0.003621878102 0.00353280385 0.003431069897 0.00336294272 0.003360552248
790,frag@146.07 loss@145.06 loss@295.13 loss@473.29 frag@176.13 frag@120.06 frag@158.07 loss@188.11 loss@177.09 frag@160.09 loss@197.05 frag@134.07 frag@161.09 loss@296.15 loss@222.1 loss@135.08 loss@272.11 frag@164.11 loss@161.1 frag@174.1,0.2759803832 0.1323166937 0.01383945439 0.01381680369 0.01345374994 0.008365965448 0.008055504411 0.006419521756 0.006354905665 0.00625780737 0.006082827691 0.00455180509 0.003888255451 0.003855680348 0.003310358152 0.003151290352 0.002801581053 0.002724953461 0.002568616765 0.002509198384
791,loss@107.07 frag@198.06 frag@199.07 loss@135.07 loss@243.14 loss@9.98 frag@166.08 frag@173.11 frag@201.08 frag@209.96 frag@329.11 loss@218.09 frag@310.11 loss@309.06 loss@407.15 frag@268.09 frag@320.11 frag@236.08 frag@222.07 frag@170.98,0.2580998242 0.0972815305 0.08253932744 0.004494320601 0.004137640819 0.003705585841 0.00360889663 0.003558041994 0.003403295996 0.003237850266 0.003173891222 0.003043252276 0.002972532297 0.002915532328 0.002854442224 0.002796943765 0.002513182582 0.002414423972 0.002358830068 0.002333201934
792,frag@173.04 loss@201.02 frag@73.01 frag@172.03 frag@44.98 frag@218.0 frag@111.03 frag@70.99 loss@207.07 loss@227.04 loss@191.02 loss@234.18 loss@194.07 frag@140.08 loss@201.03 loss@237.03 loss@159.01 frag@129.02 frag@140.02 loss@144.06,0.1868816465 0.1146798283 0.04827643558 0.02007828839 0.01824081875 0.01579617895 0.007630353328 0.00650081085 0.004416516516 0.003529457608 0.003442247165 0.003360581351 0.003294162685 0.003272909904 0.00314571592 0.002898349194 0.002847140888 0.002794838743 0.002753053559 0.002629063558
793,loss@169.06 loss@152.03 frag@259.11 loss@179.04 frag@111.03 loss@140.03 frag@83.03 frag@268.09 frag@198.16 frag@160.05 frag@168.12 frag@84.99 frag@111.99 frag@190.04 loss@245.07 frag@297.09 frag@136.02 frag@187.06 loss@173.06 frag@147.05,0.1643556207 0.07747492939 0.02551450953 0.0134191066 0.01210535597 0.01065373328 0.009445376694 0.008918773383 0.00714451028 0.006287712138 0.00526407687 0.005245477427 0.004880031105 0.004503561184 0.004436313175 0.003846839536 0.003651314648 0.003561602905 0.003497898113 0.003263984108
794,frag@146.03 loss@193.13 frag@223.12 frag@118.04 frag@108.06 loss@213.1 loss@262.12 loss@119.05 loss@151.08 loss@191.11 loss@208.06 frag@155.02 frag@164.05 frag@134.07 loss@157.92 loss@165.09 frag@122.1 frag@391.18 loss@269.06 loss@267.12,0.2689203322 0.08661813289 0.01027685963 0.00828619767 0.004042573739 0.003966722172 0.003833569121 0.00362684438 0.003079605522 0.003064861055 0.002917710692 0.002615940291 0.002600766718 0.002277259715 0.002216923982 0.00219714432 0.002172458218 0.002112564165 0.002094960772 0.002065511653
795,loss@148.05 frag@181.04 frag@123.01 frag@157.01 frag@139.04 frag@142.01 frag@269.09 frag@141.0 frag@160.97 frag@188.04 frag@148.07 frag@208.1 frag@106.07 frag@206.06 frag@238.12 frag@93.06 frag@121.06 frag@78.05 frag@273.09 frag@93.03,0.3526417613 0.165045023 0.009027654305 0.003878075397 0.00300192181 0.002715093782 0.002469187602 0.002344055334 0.002323745051 0.002261116868 0.002095576376 0.002027843846 0.002012101468 0.002007880481 0.001996873412 0.001863560523 0.001705215196 0.001673942315 0.001580897253 0.001575386385
796,frag@175.04 loss@447.16 loss@550.19 loss@131.08 loss@414.12 loss@330.1 frag@147.04 loss@359.14 loss@191.06 loss@610.15 loss@103.08 loss@125.04 loss@203.06 loss@242.13 loss@388.14 loss@218.06 loss@326.1 loss@567.22 loss@222.18 loss@391.17,0.3712316453 0.04397242516 0.0117910644 0.006877447013 0.00550482329 0.005349955522 0.003061474068 0.002865151968 0.002863207133 0.002736331197 0.002720585093 0.002509655664 0.002446458675 0.002388069639 0.002277155407 0.002214804525 0.002140034456 0.002085503424 0.002052902244 0.002029316965
797,frag@211.05 loss@233.16 frag@275.19 frag@165.11 frag@191.13 loss@164.11 frag@149.02 frag@146.03 loss@287.03 loss@137.08 frag@190.12 frag@213.96 loss@139.1 loss@257.02 loss@188.15 frag@139.02 loss@259.14 frag@152.11 frag@183.06 frag@203.07,0.1545443833 0.08677856624 0.03074245714 0.007475626655 0.007307535969 0.00576286763 0.002938127378 0.00239261915 0.002302883659 0.002123956336 0.002076540142 0.00200509862 0.001988312462 0.001942716539 0.001844911603 0.001809428679 0.001762119238 0.001687620301 0.001627934631 0.00161637459
798,frag@121.08 frag@135.06 frag@149.07 loss@193.09 frag@94.06 frag@123.06 loss@190.07 loss@205.09 frag@163.09 loss@207.1 frag@120.04 frag@135.09 loss@220.13 loss@176.06 loss@176.13 frag@133.08 loss@187.07 loss@208.08 loss@246.11 loss@193.08,0.1124710962 0.0716618374 0.04006977752 0.02791615948 0.02737988904 0.0269919578 0.0266223941 0.02552571148 0.02241487801 0.02138547413 0.0158899501 0.01266885176 0.0120468596 0.01193881314 0.00946922414 0.008981120773 0.008973287418 0.008970336057 0.008822366595 0.008807678707
799,loss@206.07 frag@115.03 frag@206.06 frag@193.02 frag@153.98 frag@321.1 frag@190.05 frag@178.06 frag@82.03 loss@194.06 frag@114.04 loss@211.03 frag@231.15 frag@136.02 frag@170.12 loss@178.07 loss@256.1 loss@181.11 loss@252.07 loss@193.02,0.218555674 0.1287424862 0.07702316344 0.04549380764 0.008329415694 0.007873665541 0.007096053567 0.003295195755 0.002701600781 0.002554630162 0.002238495974 0.002031658776 0.001883330406 0.00186277146 0.001699979417 0.001695241197 0.00165190862 0.001645549317 0.001582938596 0.001559912693
800,frag@238.08 frag@286.09 frag@317.13 frag@170.04 loss@111.05 frag@237.04 frag@209.07 loss@245.07 frag@101.03 frag@160.02 frag@295.14 frag@270.04 loss@78.05 loss@365.14 frag@231.05 frag@320.11 loss@198.11 loss@147.08 loss@221.09 loss@340.1,0.06863699108 0.05826317891 0.05133500695 0.03610863537 0.006283199415 0.005761875305 0.004158539698 0.003301047254 0.003263000166 0.002717801835 0.002547695301 0.002465871628 0.002264278475 0.00213787728 0.001793923788 0.001739617088 0.001693261904 0.001646204386 0.001641002134 0.001581609249
801,frag@95.01 loss@260.08 loss@229.03 loss@255.1 loss@96.02 loss@211.04 loss@319.17 loss@245.12 loss@208.04 loss@226.06 loss@218.09 loss@269.1 loss@211.07 frag@136.04 loss@216.07 loss@271.13 loss@287.09 loss@271.05 frag@180.1 frag@164.07,0.3880623579 0.06775316596 0.03540300205 0.0323340632 0.007008607965 0.005674152169 0.005352271255 0.005126289092 0.004445564467 0.004222325515 0.004150532652 0.003898716765 0.003556753742 0.003171177115 0.00302521605 0.00290422258 0.002660153434 0.002463000594 0.002292226534 0.002265994437
802,frag@207.04 loss@187.03 frag@156.02 loss@154.05 loss@153.03 loss@236.11 loss@185.03 loss@182.09 frag@312.16 frag@140.05 frag@190.04 frag@203.13 frag@141.04 loss@206.02 loss@129.05 loss@157.03 loss@220.14 loss@180.06 frag@169.06 frag@165.04,0.2028810531 0.06529485434 0.03877229616 0.01282651257 0.008257208392 0.006599523127 0.00606775796 0.005179970525 0.004291024059 0.003143677022 0.003055945504 0.002998920856 0.002816824941 0.002780450042 0.002561317757 0.002540600253 0.002486881567 0.002401951235 0.002221749164 0.002067822032
803,loss@139.1 frag@152.11 loss@225.17 frag@83.09 loss@281.07 frag@108.08 frag@124.11 frag@203.07 frag@67.06 frag@126.09 frag@229.11 frag@135.0 loss@181.11 frag@124.08 frag@178.12 loss@167.09 frag@136.08 loss@342.06 frag@208.04 loss@181.15,0.2557086349 0.1594899595 0.01741925627 0.01114027388 0.009816392325 0.007214399986 0.006165171508 0.006149982568 0.004353716504 0.004351028707 0.00383892539 0.003482149215 0.00340640638 0.003399972571 0.003375291359 0.003138769185 0.003048241604 0.003025174839 0.00273283408 0.002638405422
804,frag@184.09 frag@209.08 loss@131.04 loss@43.01 frag@202.07 loss@106.05 frag@71.99 frag@211.07 loss@129.11 loss@138.09 loss@134.96 loss@31.04 frag@168.06 loss@172.01 loss@85.05 loss@42.01 loss@127.11 loss@122.06 loss@94.05 loss@70.02,0.1496238261 0.08639081568 0.07855693996 0.07782906294 0.07604045421 0.05210883915 0.03990780935 0.03318788484 0.03225582093 0.01312475186 0.007349277381 0.00535367243 0.005259736907 0.005137183703 0.004178739619 0.004022243433 0.003880927805 0.003671186743 0.00362281478 0.003231966402
805,frag@141.01 loss@287.16 loss@253.13 loss@179.1 loss@305.12 frag@184.06 frag@141.03 loss@359.17 loss@298.09 loss@304.18 loss@302.06 loss@404.12 frag@115.03 frag@131.03 frag@110.02 frag@180.1 loss@254.15 frag@121.03 loss@336.1 frag@95.01,0.3241031766 0.04270512611 0.0416893363 0.03411718085 0.0324969925 0.03244465962 0.02738923207 0.02106278948 0.01888842508 0.007629601285 0.006410077214 0.004968787543 0.003728114301 0.003680699272 0.003413252765 0.002678155201 0.002088988898 0.002066109097 0.002032038523 0.002014821861
806,loss@162.05 frag@241.09 frag@285.08 frag@271.06 frag@369.13 loss@176.03 frag@299.14 frag@303.05 frag@144.0 frag@319.04 frag@275.06 frag@305.1 loss@190.05 loss@324.11 frag@261.04 loss@208.06 loss@40.01 loss@180.06 frag@165.02 frag@273.08,0.2142769843 0.05940976739 0.0548671931 0.04080943018 0.03756806254 0.02419419773 0.02148556337 0.01789474301 0.01610733569 0.0128150098 0.01207595784 0.01131478231 0.01114225015 0.01018084493 0.00936579518 0.00778125925 0.006642461754 0.006459213793 0.005480412394 0.004150257446
807,loss@229.09 loss@211.08 loss@201.08 loss@248.12 frag@172.11 frag@256.1 loss@220.09 loss@152.08 frag@138.09 loss@273.11 loss@259.1 frag@256.14 frag@220.05 loss@274.11 frag@141.05 frag@104.02 loss@325.11 frag@132.08 frag@133.07 frag@57.99,0.0571488142 0.05601812899 0.03720123693 0.03337016702 0.03336142749 0.0327981934 0.03131696582 0.02615660056 0.01981874928 0.01891824603 0.01775724068 0.01722409949 0.01695510559 0.014511724 0.0140924789 0.01375806052 0.01211147849 0.01033269055 0.01009304449 0.009935477749
808,frag@195.07 loss@283.08 frag@139.08 frag@152.05 loss@283.06 loss@354.07 frag@137.06 frag@151.04 loss@680.2 frag@167.07 frag@165.05 loss@600.21 loss@267.14 loss@210.09 frag@81.03 frag@155.07 loss@207.02 frag@291.12 frag@167.03 frag@122.04,0.2166201323 0.05098461732 0.04128085822 0.0264363829 0.02440631576 0.01485209353 0.01293778513 0.009347378276 0.005481728353 0.005422926974 0.005389137194 0.004835272208 0.004574194551 0.00453459844 0.004213532899 0.004068147857 0.003702245886 0.003662621835 0.003594884882 0.003594752867
809,loss@197.08 loss@165.02 loss@156.01 frag@318.03 frag@143.01 frag@365.14 frag@124.02 frag@152.02 frag@158.0 frag@151.03 frag@93.03 loss@222.08 loss@252.07 frag@195.99 frag@257.11 frag@355.2 frag@98.03 frag@164.03 loss@272.08 frag@175.03,0.2221966535 0.04551852122 0.04069613665 0.02675378509 0.01928393915 0.01113408245 0.00987272989 0.00962981116 0.006241473835 0.005524974316 0.005024203099 0.004906040616 0.004667848814 0.00419476768 0.004066904541 0.004030694254 0.003741543042 0.003374356544 0.003336594207 0.003218549071
810,loss@111.07 loss@111.06 frag@45.03 frag@167.07 frag@179.05 frag@281.06 frag@185.08 frag@156.98 frag@147.0 frag@205.06 frag@233.14 frag@217.06 frag@280.14 frag@372.18 frag@86.0 frag@144.06 frag@178.06 frag@154.02 frag@49.68 frag@171.15,0.3757407665 0.01467970386 0.008851896971 0.006716020871 0.005989067722 0.005420267116 0.0050770198 0.004412030801 0.003901390359 0.00388535927 0.003585078055 0.003487066366 0.003461372107 0.003178980667 0.003088182304 0.003024283797 0.002867883071 0.002770729829 0.002621033695 0.002510545077
811,loss@110.07 frag@221.1 frag@83.09 frag@196.03 frag@316.11 frag@212.0 frag@260.18 frag@331.17 frag@97.1 frag@273.09 frag@153.98 loss@267.98 frag@195.05 loss@246.13 frag@55.05 frag@67.05 frag@99.07 loss@181.11 frag@463.24 frag@342.03,0.2910795808 0.06968068331 0.0399354659 0.0265828371 0.02046206407 0.01952121221 0.01842399314 0.006104313768 0.003782477928 0.003654825967 0.003439109772 0.003244588384 0.003200901905 0.003145536641 0.003002900863 0.003002871992 0.002875818405 0.002809801605 0.002578607062 0.002577235224
812,frag@152.07 frag@150.05 loss@152.06 loss@182.07 frag@180.07 loss@165.04 loss@172.06 loss@163.03 loss@238.04 loss@189.09 frag@322.17 frag@154.05 loss@195.09 frag@136.04 loss@176.13 loss@161.06 loss@219.02 frag@162.05 loss@245.12 loss@236.08,0.1781413555 0.1518001854 0.1113989428 0.1073947325 0.0458410196 0.00987354666 0.007113514002 0.00612823898 0.00467306003 0.004382049199 0.004150577821 0.0041143368 0.003670691513 0.003387262113 0.003077793634 0.002969901776 0.002865317976 0.002845487092 0.002842995571 0.002524341922
813,frag@175.09 frag@187.09 loss@177.05 frag@118.07 frag@171.07 loss@156.0 loss@127.09 loss@184.02 loss@136.02 loss@188.04 frag@285.1 frag@171.05 loss@142.04 loss@174.08 frag@221.09 loss@130.15 loss@219.02 loss@158.03 frag@253.1 loss@109.98,0.1128909141 0.09793271869 0.09345448762 0.0470264256 0.04514945671 0.04510092363 0.02316207066 0.01932528429 0.01774785295 0.01590755396 0.0145815881 0.01218675449 0.01095581427 0.009641723707 0.007820005529 0.007772407494 0.007006393746 0.006034090649 0.005820280407 0.00566246314
814,loss@204.08 loss@193.06 loss@202.08 frag@255.09 loss@219.03 frag@293.12 frag@231.12 frag@112.06 frag@159.11 frag@85.01 frag@246.06 frag@211.02 frag@183.98 frag@97.04 frag@130.04 frag@161.04 frag@146.07 frag@176.11 frag@148.06 frag@123.05,0.1223193556 0.08100551367 0.05545415729 0.03870049119 0.024124844 0.01935868151 0.01554094069 0.01002708822 0.008574545383 0.007371833082 0.007004946936 0.006954642013 0.005774831399 0.005702727009 0.005602782127 0.005502655637 0.004884417634 0.0045643677 0.004248820711 0.004104705993
815,loss@253.11 loss@241.11 loss@224.07 frag@171.01 frag@118.08 frag@217.12 frag@155.12 frag@141.08 frag@279.16 frag@367.21 frag@114.0 frag@113.02 frag@234.11 loss@181.11 frag@171.02 frag@181.1 frag@124.08 frag@111.01 frag@207.98 frag@110.1,0.1145639494 0.09701168537 0.01841487736 0.01193020213 0.00874915719 0.006078083999 0.005867495667 0.005647915881 0.00548554305 0.004882888403 0.004704440478 0.00428013457 0.004272320773 0.004239108879 0.004190543666 0.004022622481 0.00390052353 0.00379325659 0.003767374903 0.003741109744
816,frag@94.05 loss@180.02 loss@224.98 frag@319.12 loss@388.12 loss@347.18 frag@67.04 frag@55.02 loss@259.07 frag@69.04 loss@106.02 loss@192.09 frag@122.08 frag@180.01 loss@124.09 frag@93.04 loss@128.07 frag@134.04 loss@170.09 loss@230.95,0.2252640724 0.1034114286 0.0815250352 0.03718582541 0.01321827713 0.01050937828 0.007495250553 0.003355714027 0.003291500499 0.003150003729 0.003108536825 0.003093836596 0.002775013214 0.002746501938 0.002625653986 0.002625601366 0.002618003869 0.002482932759 0.002475349 0.002413916634
817,loss@184.12 frag@150.13 loss@224.12 frag@277.08 loss@253.14 frag@108.08 loss@212.12 frag@112.08 frag@67.05 frag@124.11 frag@129.1 frag@114.05 frag@95.07 frag@110.1 frag@135.0 loss@199.12 loss@212.15 frag@241.11 frag@114.0 frag@86.06,0.141730547 0.1035521999 0.04716232419 0.0196403265 0.01895149425 0.01423003804 0.01204966847 0.01092143264 0.009043765254 0.008219055831 0.007865152322 0.007591781206 0.007019613869 0.006508400664 0.006328430958 0.005774402525 0.004831419326 0.004644263536 0.004625963047 0.004491063766
818,loss@86.01 loss@128.03 frag@271.07 loss@132.02 loss@125.02 loss@106.02 frag@117.04 frag@62.99 frag@51.02 frag@90.03 frag@170.02 frag@63.02 frag@391.17 frag@58.99 frag@138.01 frag@102.03 loss@95.01 loss@115.04 loss@109.03 frag@107.03,0.1112168804 0.04997104779 0.03386464715 0.0284906812 0.01825221814 0.01475991029 0.0116423713 0.01111050043 0.01108737197 0.009836478159 0.009613856673 0.00925713405 0.006682451814 0.006344094872 0.005731065758 0.005509050097 0.005500830244 0.005396387074 0.005349548068 0.005201038904
819,frag@150.01 loss@147.12 frag@298.07 loss@203.96 frag@86.07 loss@301.13 loss@298.18 loss@271.1 loss@175.11 frag@139.01 frag@178.01 loss@216.15 frag@127.0 frag@84.04 frag@113.07 loss@291.08 loss@259.0 loss@323.99 frag@123.0 loss@281.15,0.074665308 0.05137805641 0.03283810988 0.03198609501 0.02902060002 0.01021698117 0.006998845842 0.006652197335 0.006055699661 0.004950716626 0.004593602382 0.004310727119 0.004250462633 0.00379260187 0.003762689186 0.003426193492 0.003325482132 0.003164768219 0.003144986928 0.003042808268
820,frag@137.07 frag@109.05 loss@145.07 loss@192.07 loss@241.08 frag@177.1 loss@192.14 loss@177.1 loss@172.03 loss@220.07 frag@128.02 frag@127.05 loss@180.13 loss@267.12 loss@175.08 loss@302.08 loss@194.07 loss@173.07 loss@252.07 loss@272.1,0.1774025559 0.0767223686 0.06429835409 0.04654864594 0.03817662224 0.03402287886 0.02576749958 0.02437278442 0.02049364522 0.01834396832 0.01663180627 0.01547939889 0.0143923182 0.01287774835 0.01249464229 0.01155309938 0.01033928525 0.009062347002 0.005923382938 0.005601694342
821,loss@338.1 frag@268.11 frag@240.11 frag@240.14 frag@220.11 frag@156.98 loss@219.08 frag@281.14 frag@110.02 frag@173.11 frag@150.1 loss@300.17 frag@214.1 loss@280.13 frag@253.1 frag@280.11 frag@223.0 loss@379.06 loss@179.11 loss@290.2,0.1000359654 0.09134865552 0.04354646057 0.003332898719 0.002776308917 0.002468703547 0.002432217821 0.002427813364 0.002009373391 0.001855894458 0.001816387405 0.001757836901 0.001658167923 0.001647176454 0.00163464772 0.001611570944 0.001565541839 0.001553932438 0.001539467368 0.001531513757
822,loss@233.1 frag@216.08 frag@344.21 frag@110.99 frag@177.11 frag@275.12 frag@225.99 frag@226.13 frag@211.98 frag@160.13 frag@292.11 frag@212.12 frag@222.1 frag@290.13 frag@155.94 frag@98.03 frag@180.05 frag@115.09 frag@304.16 frag@159.06,0.2571194768 0.006588482764 0.005261319224 0.004032456782 0.00374254398 0.003671003738 0.003339603543 0.003072924446 0.003003873629 0.002875565086 0.002701380756 0.002701232675 0.002592671197 0.002571751596 0.002301299479 0.002287972951 0.00202152459 0.001874884823 0.001872032997 0.001857489464
823,frag@150.09 loss@190.08 frag@136.08 loss@226.08 loss@323.99 loss@288.11 loss@180.08 loss@262.13 loss@221.11 loss@184.12 loss@192.13 loss@238.13 frag@148.08 frag@58.03 loss@189.08 loss@192.09 loss@246.07 loss@210.05 loss@314.14 frag@235.97,0.3311255574 0.005869116634 0.00543377921 0.003794214223 0.003762661247 0.003305916674 0.00294612674 0.002933323151 0.002846442163 0.002687923145 0.002642680891 0.002136526396 0.002131051384 0.002130083041 0.002031594748 0.0019926487 0.001699339948 0.001688769902 0.00166264188 0.001661740709
824,loss@208.06 loss@180.06 frag@59.0 frag@67.02 frag@206.06 frag@126.06 frag@164.07 frag@256.05 frag@178.06 frag@83.03 frag@124.06 loss@222.08 frag@106.07 frag@59.03 frag@195.99 frag@184.02 frag@131.08 frag@118.04 frag@80.06 frag@348.15,0.1796095371 0.01750636101 0.004608975258 0.004486844409 0.003709967947 0.003579480108 0.003277156968 0.003260661382 0.003251522547 0.002949458314 0.00292116683 0.002674455754 0.002587088617 0.002580703702 0.002569781616 0.002375117736 0.002367326524 0.002255525207 0.002228479134 0.002150681335
825,frag@174.06 frag@186.06 frag@227.06 loss@165.05 loss@46.02 frag@244.1 frag@223.01 loss@157.08 frag@147.06 frag@161.06 loss@241.05 frag@158.06 loss@242.06 loss@164.05 loss@303.09 loss@264.06 loss@255.1 frag@130.07 loss@177.06 loss@191.13,0.17071639 0.08551059663 0.01516725216 0.006138589699 0.005296712276 0.004847122822 0.004782476462 0.004761761986 0.004614118952 0.004253482912 0.004207758233 0.004140678793 0.003692105645 0.003143546637 0.00293028797 0.002873831429 0.002648418304 0.002639263636 0.002603319706 0.002596437931
826,frag@108.06 frag@97.04 frag@165.08 loss@212.11 loss@287.13 frag@134.07 frag@196.1 loss@235.11 frag@347.02 loss@141.09 loss@192.04 frag@231.12 loss@192.07 loss@409.09 frag@122.07 loss@181.09 frag@150.06 frag@109.08 frag@107.02 loss@192.14,0.1330194324 0.1210871711 0.03022785671 0.009802607819 0.005139520857 0.004481883254 0.004441505764 0.004346969537 0.004168994259 0.003887319239 0.003582211677 0.003409633646 0.003349722363 0.003295807401 0.003246862208 0.002972704591 0.002879546955 0.002876413986 0.002691969275 0.002625188092
827,frag@123.05 loss@206.12 loss@182.12 loss@222.07 frag@166.1 loss@173.13 frag@99.06 frag@211.02 frag@141.07 loss@142.01 loss@191.09 frag@114.0 loss@210.11 loss@194.12 frag@139.03 loss@230.08 frag@231.12 loss@176.07 frag@162.07 loss@249.12,0.3072507977 0.140127942 0.0474547185 0.04459774494 0.008524449542 0.004557449836 0.004341985565 0.004330780357 0.003892962355 0.003310705069 0.002570394194 0.002467948943 0.002222320763 0.002154553309 0.002147462452 0.002114809584 0.002106892876 0.002005203161 0.001975867897 0.001959841466
828,frag@189.05 loss@242.06 frag@199.09 loss@150.07 frag@327.12 frag@162.04 loss@203.09 loss@232.08 loss@269.07 frag@185.07 loss@254.09 loss@319.11 frag@174.02 loss@148.08 frag@176.98 loss@168.05 frag@130.07 loss@274.19 loss@157.08 loss@314.14,0.2242984623 0.1169685498 0.08353020996 0.02294933982 0.006634768564 0.006434791721 0.005609550048 0.00509606814 0.00416175602 0.003811740782 0.003794784192 0.003446022514 0.00321051036 0.002856845967 0.002825002652 0.002807562472 0.002499087946 0.002256154548 0.002171270084 0.002169052372
829,loss@180.06 loss@294.98 frag@144.06 frag@181.04 frag@106.07 frag@256.05 frag@98.03 frag@178.06 frag@197.06 frag@142.05 frag@270.11 frag@126.06 frag@190.06 frag@167.99 frag@165.02 frag@305.1 frag@193.05 loss@166.03 frag@299.14 frag@71.0,0.2514603138 0.01841069758 0.006681764964 0.006277329754 0.005051774904 0.003679284127 0.003618675983 0.003371170955 0.003186661517 0.003082704963 0.002962650964 0.002840299392 0.002804846037 0.002528359648 0.002464510733 0.002270569792 0.002114315517 0.002036775695 0.002025301335 0.002014848636
830,frag@186.09 loss@189.01 loss@126.14 loss@317.14 loss@160.1 frag@171.07 frag@159.07 frag@239.08 frag@160.11 frag@174.09 loss@344.17 frag@172.08 frag@158.1 loss@279.15 loss@187.06 frag@141.07 loss@113.13 loss@174.08 loss@171.07 loss@175.13,0.2378033549 0.04488997906 0.00813196227 0.006140344776 0.005472242367 0.004697647877 0.004395107739 0.003896645037 0.003791990224 0.003222166328 0.003106143093 0.00271250424 0.002691269852 0.002259293338 0.002037265571 0.001864193357 0.00176384463 0.001748897834 0.0017174565 0.001630120096
831,frag@146.06 frag@132.08 frag@118.06 frag@130.06 loss@204.09 loss@201.1 frag@117.06 loss@202.07 loss@230.11 loss@243.1 loss@217.09 frag@128.05 loss@174.08 frag@131.07 loss@201.09 frag@130.07 frag@173.07 loss@200.1 loss@160.05 frag@160.08,0.08767018467 0.07007364184 0.05874503031 0.05546390265 0.02012387291 0.01709290594 0.01585101895 0.01551204454 0.01178824063 0.01176736038 0.01118452568 0.01087655593 0.01077632047 0.01018405519 0.00995550584 0.009137062356 0.008870661259 0.008860792965 0.008114613593 0.008098054677
832,loss@236.11 frag@55.02 frag@58.03 frag@93.03 frag@87.09 frag@105.07 frag@101.11 frag@332.06 frag@135.08 frag@113.02 frag@136.11 frag@67.05 frag@93.07 frag@104.06 frag@67.06 frag@57.03 frag@181.1 frag@171.01 frag@133.06 frag@175.11,0.1753076613 0.007192644291 0.004333873745 0.004254613537 0.003924180288 0.003534217365 0.003488990711 0.003372865031 0.003359095426 0.003346736077 0.003127002623 0.003079583636 0.002769884188 0.002766981954 0.002717793686 0.002670557238 0.002519720001 0.002397665055 0.00231185602 0.002281258581
833,loss@244.05 frag@67.02 frag@160.1 frag@407.14 frag@42.03 frag@147.03 frag@54.03 frag@84.09 frag@241.11 frag@264.14 frag@112.99 loss@162.01 frag@172.04 frag@92.04 frag@220.02 frag@148.08 frag@59.0 frag@137.04 frag@127.03 loss@333.11,0.2283264101 0.006539267022 0.003806377528 0.003648613114 0.003380654845 0.003214494558 0.003064011922 0.002993099624 0.00293136714 0.002830063226 0.002775300993 0.002695897827 0.002426764928 0.00233618333 0.002307809889 0.002271860605 0.002126053208 0.002102534287 0.002019073348 0.002006095834
834,loss@234.08 loss@282.12 loss@201.11 frag@111.03 frag@89.07 frag@182.0 frag@223.01 frag@303.1 frag@112.99 frag@114.0 frag@98.99 loss@163.14 frag@92.04 frag@163.99 frag@125.03 frag@99.06 frag@157.96 frag@246.06 loss@197.08 frag@161.07,0.1621679664 0.08725792915 0.02430452406 0.008252554573 0.008054353297 0.007993430831 0.007045826875 0.007015186362 0.005275664851 0.005268245935 0.004488450009 0.004450720269 0.004409634974 0.00421058666 0.004181589 0.004034095444 0.003642032621 0.003597788047 0.003548734821 0.003354151966
835,frag@158.98 loss@143.02 loss@319.12 loss@385.14 loss@341.11 loss@159.06 loss@176.99 frag@296.11 loss@185.96 loss@231.95 loss@338.15 loss@200.99 loss@292.15 loss@353.09 loss@143.01 loss@170.93 frag@349.07 loss@258.06 loss@335.01 frag@323.16,0.3411155939 0.04355457425 0.03872741759 0.01820411719 0.01675893925 0.01557376236 0.01553331129 0.01345679071 0.01173990685 0.01077739801 0.00686095329 0.004668491893 0.004644784145 0.004133736249 0.003816477954 0.00364207197 0.003466317663 0.002900365274 0.002268943237 0.002190999687
836,frag@156.08 frag@184.08 frag@183.07 loss@253.96 loss@149.01 frag@157.09 frag@154.06 loss@62.02 frag@170.1 loss@145.09 loss@172.06 loss@288.96 loss@158.05 frag@140.05 loss@183.1 loss@303.96 loss@182.08 loss@170.11 loss@89.05 frag@173.07,0.1512632519 0.1081981733 0.04539204761 0.0312640518 0.01728209853 0.01557532046 0.00774048036 0.007248028181 0.00530280266 0.004732179921 0.004176239483 0.004072836135 0.003943047021 0.003659357782 0.00343936705 0.003373242682 0.003275637049 0.002992729889 0.002928709378 0.002757764189
837,frag@145.06 frag@155.06 frag@155.05 loss@171.07 loss@158.04 loss@144.06 loss@226.12 loss@244.1 loss@165.0 loss@176.11 frag@128.06 loss@158.03 loss@161.08 frag@130.03 loss@174.04 loss@201.08 loss@277.16 loss@176.07 loss@262.12 loss@178.09,0.1990643442 0.1447603852 0.05513938144 0.04233985394 0.02441680804 0.02170719393 0.02160238661 0.01808981039 0.01561854873 0.0121687036 0.01171410736 0.009073697031 0.003983544186 0.003766637761 0.003716109321 0.003632272827 0.003494397271 0.003440707223 0.003238734556 0.003206888447
838,loss@185.07 loss@307.11 frag@270.12 frag@291.15 frag@180.04 frag@206.08 frag@187.98 frag@268.16 frag@242.13 frag@224.01 frag@149.04 frag@93.03 frag@95.01 frag@231.12 frag@228.03 frag@195.05 frag@124.04 frag@154.06 frag@53.04 frag@257.13,0.1567527801 0.06396067888 0.03697605431 0.01583118923 0.005114458501 0.00427239947 0.003723338014 0.003547863336 0.003453518962 0.003041717922 0.002978725592 0.002769058803 0.002619650215 0.002470005769 0.002436102834 0.002393979579 0.002345405985 0.002219122835 0.002205973724 0.002141406294
839,loss@165.09 frag@280.11 loss@190.01 frag@146.07 loss@193.09 frag@122.1 frag@176.05 frag@164.08 frag@155.94 frag@174.07 frag@144.06 frag@110.07 frag@95.06 frag@167.03 frag@218.09 frag@214.1 frag@97.04 loss@148.06 frag@121.04 frag@163.09,0.2771199942 0.1012747139 0.01430901699 0.007588999812 0.006575315725 0.005679541733 0.005035184324 0.004714200273 0.004692609422 0.004526262637 0.00380472932 0.003388549434 0.003086398588 0.002981947968 0.002912227996 0.00289291935 0.002834256971 0.002804201329 0.002701488324 0.002646483015
840,loss@259.11 frag@74.1 frag@84.08 frag@84.09 loss@171.09 frag@138.09 frag@223.02 frag@218.15 loss@263.13 loss@113.01 loss@214.14 frag@167.05 frag@179.09 frag@129.1 frag@232.13 frag@155.12 loss@287.09 frag@112.08 frag@181.06 frag@56.05,0.2223076671 0.1444931626 0.003491429612 0.002939544385 0.002486126032 0.002267403528 0.002232366707 0.002077884506 0.001929495484 0.001694966108 0.001678251079 0.001553560956 0.001499615028 0.001486699679 0.001485756366 0.001478669466 0.001463929773 0.001457254752 0.001415586099 0.001396935433
841,frag@121.06 frag@93.07 loss@207.06 loss@222.11 loss@229.11 loss@224.08 loss@215.13 frag@109.06 frag@79.05 loss@311.09 frag@91.05 loss@252.11 loss@194.06 loss@255.13 frag@149.06 loss@286.08 loss@231.11 loss@233.11 loss@217.02 loss@242.14,0.2746684849 0.04610984772 0.02809749916 0.02688238211 0.0213040188 0.02029455826 0.01853332669 0.01829652488 0.01553340442 0.01281883288 0.01226538606 0.01130452473 0.01054416224 0.009844966233 0.009482728317 0.009290922433 0.008902120404 0.008509039879 0.007512181066 0.007081817836
842,loss@121.07 frag@252.1 frag@213.08 frag@223.06 frag@316.11 loss@34.97 loss@114.1 frag@313.13 loss@162.03 loss@360.19 loss@96.03 frag@335.19 frag@148.05 frag@216.05 frag@226.11 frag@223.05 loss@129.11 frag@314.15 frag@285.09 frag@167.99,0.02648911998 0.01576986536 0.01436218619 0.0100779701 0.007632946596 0.007365842815 0.007344505284 0.007116673049 0.006793113891 0.006613469683 0.006034291815 0.005595234223 0.00539379986 0.005358541384 0.005194503814 0.004897227511 0.004168142099 0.003995131236 0.00389117864 0.003712868085
843,frag@55.02 loss@310.1 loss@157.04 loss@246.08 loss@183.09 loss@280.13 loss@174.07 loss@210.1 loss@219.07 loss@292.04 loss@183.98 loss@105.04 loss@246.11 loss@208.04 loss@261.15 loss@211.08 loss@233.08 loss@252.07 loss@231.08 loss@194.08,0.371599257 0.005227637477 0.004054381046 0.003785680281 0.003638646565 0.003300773446 0.002937461715 0.002859643428 0.002687040251 0.002554098843 0.002471825806 0.00238796859 0.002363701351 0.002351583447 0.002340556355 0.002245532116 0.002194474684 0.002181143267 0.00214934512 0.002095430857
844,frag@84.06 frag@138.13 loss@270.08 frag@71.09 frag@252.12 frag@193.11 frag@114.1 frag@273.17 frag@97.09 frag@166.12 frag@43.05 frag@210.02 frag@116.11 frag@96.08 frag@155.15 loss@287.17 loss@242.04 loss@330.08 loss@277.1 loss@241.0,0.01002559904 0.007982880808 0.00635696575 0.005642906763 0.005063435994 0.004902542103 0.004427819047 0.003886566265 0.003750242526 0.003532871371 0.003443983383 0.003335593268 0.00328065292 0.003248777473 0.003120271489 0.003054297063 0.00290430896 0.002826638753 0.002816002583 0.002702121157
845,frag@112.04 frag@212.08 frag@130.01 loss@232.02 frag@139.99 loss@172.04 frag@168.06 frag@259.12 loss@209.04 loss@176.06 loss@155.01 loss@153.02 loss@259.11 loss@277.07 loss@197.06 frag@244.11 loss@302.05 loss@212.06 loss@287.09 loss@105.12,0.1234431043 0.0941079855 0.05130654201 0.0490835309 0.04271315038 0.0284839496 0.01792511158 0.01134266797 0.00709152827 0.006739376578 0.004605644383 0.004253963009 0.003898098134 0.003805608023 0.003795470111 0.003576348303 0.003434665268 0.003277025884 0.003275011899 0.003249475034
846,loss@165.05 frag@106.07 frag@152.05 frag@144.04 frag@344.11 frag@178.06 frag@119.06 frag@231.12 frag@93.03 loss@177.06 frag@132.06 frag@134.06 frag@112.06 frag@105.05 frag@121.04 loss@200.02 frag@104.02 frag@106.04 frag@139.03 frag@172.05,0.2419196218 0.0109635219 0.005830172915 0.00495790178 0.004286775365 0.004021079745 0.003854490118 0.003610828659 0.0034752551 0.003451207886 0.003285455983 0.003259294666 0.003071605228 0.003069337457 0.00293136877 0.002915511141 0.00280932989 0.002690335503 0.002607336268 0.002529915422
847,frag@58.03 loss@329.17 frag@84.04 frag@154.02 loss@230.16 frag@41.04 loss@243.07 loss@186.1 frag@129.1 loss@154.1 frag@176.98 frag@214.07 loss@262.13 loss@168.13 frag@182.01 loss@310.1 loss@157.04 frag@150.13 loss@157.07 loss@300.05,0.2348193973 0.0648785457 0.005197844934 0.003614542307 0.00337955635 0.003172278637 0.003109403886 0.003042468335 0.002890521195 0.002791208215 0.002697351389 0.002548054559 0.002312891185 0.002239607973 0.002235216787 0.002190260682 0.002128648106 0.002109797206 0.002002890222 0.001975139137
848,frag@147.05 loss@210.05 loss@178.97 frag@120.04 loss@218.03 frag@224.04 frag@160.11 loss@251.09 frag@128.05 frag@110.05 frag@106.07 frag@206.06 frag@133.08 loss@268.09 frag@314.13 loss@173.08 frag@129.04 loss@228.06 loss@189.05 loss@202.08,0.2924659848 0.2035530359 0.009528695606 0.009253211319 0.006758842152 0.004376442637 0.004214814864 0.00418865541 0.004090805538 0.004009572323 0.003482892644 0.003475602949 0.003377698129 0.003329373198 0.00332228723 0.003294155002 0.00323446258 0.00318437512 0.00276942621 0.002679161262
849,frag@111.05 loss@180.03 loss@312.06 loss@185.12 loss@255.04 loss@264.09 frag@395.08 loss@234.0 loss@267.09 loss@83.01 frag@381.17 loss@275.14 loss@292.06 loss@152.0 loss@170.11 loss@76.04 loss@142.11 loss@241.16 frag@143.12 loss@270.12,0.3491846621 0.05111923069 0.003840421094 0.003509026719 0.003457692917 0.003216397949 0.003088972997 0.002743908437 0.002707334701 0.002672795206 0.002652255818 0.002603744855 0.00254656747 0.002449131571 0.00244676671 0.002218105132 0.002189678838 0.002059763297 0.002033420373 0.001885610516
850,loss@161.07 loss@135.05 loss@147.05 loss@159.05 loss@175.05 frag@137.05 loss@130.09 frag@164.09 frag@134.05 frag@135.07 frag@136.06 frag@144.05 frag@291.1 frag@106.04 loss@56.01 frag@79.04 frag@126.07 frag@121.05 frag@156.03 loss@145.03,0.08660354465 0.08316335827 0.06554482877 0.02902994677 0.01791162975 0.01564206742 0.01523026638 0.01307548955 0.01092787646 0.01067051943 0.009454575367 0.008545667864 0.008456630632 0.008425343782 0.007969159633 0.007956722751 0.007695903536 0.006845214404 0.006756219547 0.006660202984
851,loss@192.06 frag@106.07 frag@79.05 frag@162.06 frag@136.11 frag@196.14 frag@105.07 frag@178.06 frag@270.11 frag@99.07 frag@105.08 frag@135.08 frag@219.02 frag@123.08 loss@180.06 frag@256.05 frag@123.01 frag@133.06 frag@109.06 frag@147.05,0.3090563416 0.03436516598 0.02632521465 0.01586818136 0.01292880904 0.01247604936 0.01159932744 0.01017070748 0.009647434577 0.009640214965 0.009530765004 0.008391210809 0.00720557617 0.007020812947 0.006513263099 0.006246349309 0.006048199721 0.005930280779 0.005745863076 0.005643488374
852,frag@190.07 loss@189.04 loss@204.04 loss@123.05 frag@262.11 loss@103.99 loss@85.07 frag@235.06 frag@205.07 frag@217.11 frag@162.02 loss@254.99 loss@135.01 frag@187.03 loss@116.99 loss@224.03 frag@185.04 loss@226.99 frag@323.15 loss@320.14,0.05246817321 0.02919965237 0.02677589655 0.02337893285 0.01777856052 0.01698926091 0.01669829339 0.0140738748 0.01129549369 0.01047072094 0.01039142814 0.009641299024 0.008735951968 0.006978531368 0.006685343105 0.006311207544 0.006147183944 0.005811972078 0.005711131264 0.005515152588
853,frag@204.06 loss@250.06 loss@130.99 frag@205.04 loss@112.04 frag@175.03 loss@169.06 frag@160.02 loss@191.05 loss@125.05 frag@163.03 loss@140.04 frag@209.02 frag@206.07 loss@152.07 loss@177.04 loss@216.1 loss@132.03 frag@99.03 frag@135.0,0.2110290229 0.04730904475 0.03445819765 0.009451208636 0.00576215703 0.005725383293 0.004399002064 0.004387394991 0.003920231946 0.003885059152 0.003002585378 0.002894814825 0.002886792645 0.002723716199 0.002436067909 0.002396818483 0.002253800631 0.002175462665 0.002141974401 0.002130935434
854,frag@135.0 loss@220.14 frag@183.02 loss@210.02 loss@187.03 loss@138.11 frag@164.03 frag@140.03 frag@137.07 loss@289.18 frag@163.03 frag@245.05 loss@262.04 frag@134.1 frag@150.13 frag@136.02 frag@188.05 frag@160.11 frag@99.06 frag@124.04,0.1105642393 0.03539291024 0.02833785489 0.02589117736 0.004693652503 0.004529663362 0.003604171565 0.003534517717 0.00349288783 0.003179663327 0.003173604375 0.003072128166 0.003041008255 0.0028770098 0.002869700314 0.002820173046 0.002795384498 0.002732077613 0.002681682119 0.002670736983
855,loss@186.04 frag@240.06 frag@293.09 loss@214.04 frag@212.06 frag@134.01 loss@152.07 frag@218.14 frag@227.03 frag@124.04 frag@157.96 frag@93.06 frag@161.04 loss@202.05 frag@172.03 frag@167.03 frag@190.06 loss@336.14 frag@185.03 frag@306.11,0.2343353033 0.1421824396 0.02575688995 0.01693786308 0.01232240722 0.00903365016 0.006675619632 0.002783602802 0.002742581768 0.002702490194 0.0026507359 0.002503105206 0.002353342017 0.002252109814 0.00219634315 0.002055843361 0.002000889275 0.001890183077 0.001858850708 0.00185070443
856,loss@166.07 frag@148.08 frag@135.06 frag@120.04 frag@124.04 frag@245.09 frag@80.05 frag@93.04 frag@169.02 frag@106.07 frag@150.13 frag@150.04 frag@84.96 frag@196.05 frag@159.02 frag@162.05 frag@151.99 frag@193.08 frag@108.08 frag@204.1,0.3534100056 0.01570609398 0.01089004707 0.009560739622 0.007423244417 0.006227815989 0.005891680717 0.005071111023 0.004770366941 0.004506633151 0.004423753358 0.004287155811 0.004201483447 0.004158556461 0.004145414568 0.004140062723 0.004119900987 0.004064982291 0.004042304121 0.003946857061
857,loss@135.07 frag@165.02 frag@175.05 frag@180.08 frag@244.05 frag@213.14 frag@183.09 frag@147.06 frag@167.08 frag@175.06 frag@172.05 frag@134.06 frag@208.1 frag@329.11 frag@171.05 frag@151.02 frag@171.04 frag@136.04 frag@176.07 frag@140.05,0.3109515011 0.007976155728 0.006357932463 0.003828501096 0.00373616023 0.003373662708 0.002917010803 0.002772755222 0.002691641916 0.002456560498 0.002402320504 0.00238081417 0.002380360151 0.00237738248 0.002362773288 0.002362203319 0.002308257623 0.002240164904 0.002164485166 0.002139895456
858,frag@245.13 loss@227.17 loss@170.13 loss@252.05 frag@250.15 loss@362.2 loss@147.06 loss@126.1 frag@298.14 loss@319.19 loss@330.07 frag@199.1 frag@142.12 frag@227.08 frag@194.99 frag@267.13 frag@111.12 loss@139.1 frag@322.17 loss@246.94,0.09600569308 0.03510652483 0.03225535527 0.01726943441 0.01662489586 0.01302851364 0.01276410278 0.006869922392 0.006585066207 0.006261925213 0.005737484433 0.003870869521 0.003635570174 0.00321727409 0.003148271469 0.003073573811 0.002845322248 0.002704813378 0.002521070652 0.002416444477
859,frag@72.08 loss@263.99 loss@317.13 loss@334.11 loss@385.15 loss@329.16 loss@359.05 loss@350.14 loss@366.11 loss@300.16 loss@337.11 loss@463.18 loss@278.14 loss@393.21 frag@116.11 loss@346.16 loss@234.05 loss@260.01 loss@328.09 loss@369.17,0.3085570335 0.02014455758 0.01947270893 0.017489383 0.01707559079 0.01684995927 0.01488580089 0.01384525839 0.01343356166 0.01333494578 0.01016375888 0.00836757943 0.007626494858 0.006116109435 0.006095787976 0.005726456176 0.005555652082 0.005473021418 0.005456047598 0.0053617456
860,frag@81.03 loss@228.07 frag@53.04 loss@248.06 loss@267.99 loss@236.04 loss@319.98 loss@367.12 loss@256.07 loss@245.03 loss@287.06 loss@367.05 loss@256.97 loss@254.04 loss@266.12 loss@263.15 loss@382.17 loss@313.1 loss@204.0 loss@271.05,0.3633281589 0.0442907773 0.03558557108 0.03547590226 0.02396019176 0.02325453982 0.01478536148 0.01380782947 0.008881734684 0.007084818091 0.006611789111 0.006403505336 0.005849999376 0.005784798879 0.00558840204 0.005179153755 0.004717429169 0.004452556837 0.004087606911 0.003885352518
861,frag@208.12 loss@318.15 frag@249.13 frag@218.15 loss@373.1 loss@167.17 loss@295.14 loss@303.14 frag@285.11 loss@290.12 loss@346.18 loss@213.94 loss@252.14 frag@286.12 loss@278.02 loss@318.13 loss@302.02 frag@320.16 loss@271.16 frag@58.06,0.1091741249 0.0468297191 0.0407827124 0.03798419982 0.0287896581 0.02875610255 0.02524683997 0.01994777843 0.01912580431 0.0138160903 0.009461924434 0.007982760668 0.00720822718 0.006431145594 0.00589828426 0.005282268859 0.005122094415 0.005029184744 0.004600372631 0.004065705929
862,loss@169.09 loss@236.13 loss@208.13 frag@337.15 frag@281.14 loss@169.08 frag@167.13 frag@133.06 frag@209.14 frag@208.07 frag@121.03 frag@183.05 frag@144.09 frag@148.08 loss@350.1 frag@173.01 frag@46.24 frag@85.04 frag@149.06 frag@141.07,0.1236687973 0.1204138547 0.09711162001 0.04614950716 0.02119409107 0.01910265535 0.01805783249 0.01723249815 0.01577679627 0.01329337806 0.01260112226 0.01247246377 0.01206124015 0.01177969575 0.01083839498 0.009781341068 0.009425004944 0.009403717704 0.008732871152 0.007776686922
863,loss@133.05 frag@241.05 loss@197.99 frag@214.98 frag@170.98 frag@163.03 frag@391.17 frag@244.11 frag@286.03 frag@221.09 frag@273.11 frag@253.05 frag@275.19 frag@339.09 frag@213.14 frag@208.1 frag@267.05 loss@302.19 frag@166.08 frag@346.07,0.2547220588 0.1502261758 0.03274989128 0.01594012789 0.003404446179 0.003327171318 0.002657778794 0.002232314553 0.00212295074 0.002041987842 0.001923866919 0.0019069931 0.001885647886 0.001862504985 0.001789519563 0.001746973838 0.001680319896 0.001646352466 0.001639668713 0.001603994053
864,loss@35.98 frag@183.08 loss@156.06 frag@221.06 frag@237.09 loss@138.05 frag@156.06 frag@182.07 frag@211.08 frag@265.09 loss@32.05 frag@194.07 frag@163.11 frag@237.11 loss@387.14 loss@92.07 loss@314.21 frag@272.09 loss@401.17 frag@207.12,0.02250643633 0.01894707233 0.01807797886 0.01714035124 0.01414914709 0.01164213754 0.01148391701 0.01005258504 0.008975854144 0.008584699593 0.008395063691 0.007753063925 0.007727125194 0.007181189954 0.006921560038 0.006798937917 0.006695893127 0.006659667473 0.00657103071 0.006069377065
865,frag@138.07 frag@164.08 loss@286.04 loss@231.02 frag@162.07 loss@165.09 loss@137.06 loss@277.07 loss@313.15 loss@221.12 loss@193.09 loss@264.09 loss@247.1 loss@280.11 loss@233.08 frag@182.09 frag@106.08 loss@263.16 loss@183.99 loss@210.0,0.2344869226 0.09554948658 0.05348627642 0.006063008681 0.005607267376 0.005354234017 0.005037577823 0.004832248203 0.004636019003 0.003930581734 0.003363821656 0.003145263065 0.003038894385 0.00300366804 0.002916267607 0.002265500603 0.002223473042 0.002148051979 0.002147224499 0.002129511209
866,frag@45.03 loss@247.06 frag@87.04 frag@173.95 frag@101.02 loss@364.08 loss@218.04 loss@268.1 loss@156.01 loss@185.11 loss@227.15 loss@186.04 frag@57.03 loss@113.01 frag@55.02 frag@43.02 loss@289.12 loss@128.05 loss@445.16 loss@254.04,0.2994319201 0.006691202056 0.004577779211 0.004263581242 0.003392423969 0.003081284696 0.003010143759 0.002735567745 0.002431815257 0.002377641154 0.002367757261 0.002284642542 0.002264529699 0.002186933067 0.002148420084 0.002130277455 0.002036657184 0.002031586366 0.002018422354 0.001919726259
867,frag@150.06 loss@176.02 loss@226.03 loss@229.03 loss@198.01 frag@106.07 loss@217.03 loss@200.02 frag@79.04 loss@170.04 frag@150.04 loss@271.05 loss@164.04 loss@189.05 loss@191.11 loss@138.04 frag@54.03 loss@165.04 frag@136.04 frag@154.05,0.2649202049 0.08117409796 0.008897945285 0.005247224588 0.004493588116 0.003902926808 0.00306559843 0.003030308057 0.002994311741 0.002867007162 0.002649348462 0.002523402916 0.002297987929 0.002290424192 0.002027451759 0.001929529943 0.00190181064 0.001845681458 0.001692407415 0.0016888635
868,loss@127.1 loss@128.08 frag@219.03 frag@83.09 loss@155.09 frag@283.05 frag@189.07 frag@203.04 loss@142.12 frag@97.1 frag@184.09 frag@72.04 frag@146.02 frag@69.07 frag@212.12 frag@208.02 frag@249.04 frag@247.09 frag@246.08 frag@153.98,0.2609400749 0.07279144973 0.05481911451 0.04507620633 0.01137867011 0.01033476368 0.009217117913 0.008915956132 0.008567872457 0.007918142714 0.007116471417 0.00581708923 0.00499500148 0.004802095238 0.00467840163 0.004312514793 0.004306084942 0.004292640835 0.004273426719 0.004023073241
869,loss@156.09 frag@237.04 frag@215.1 loss@122.1 frag@209.14 frag@99.05 frag@112.08 frag@202.0 frag@84.08 frag@164.07 frag@92.04 frag@95.07 loss@197.12 frag@304.16 frag@84.09 loss@167.11 frag@45.04 frag@183.05 frag@142.95 loss@250.1,0.2615960836 0.03433258086 0.02050645277 0.009252667427 0.007978880778 0.005698719993 0.004734896589 0.004631745629 0.004499264993 0.003842304694 0.003726981347 0.003256059717 0.00301942951 0.002867891686 0.002733841771 0.002710844623 0.002627918031 0.002619680716 0.002577448264 0.002554091392
870,loss@55.01 frag@62.99 frag@86.0 frag@77.0 frag@90.03 frag@107.03 frag@63.02 frag@57.93 loss@61.02 frag@167.04 loss@82.02 loss@81.02 frag@348.09 frag@116.04 frag@78.49 frag@102.0 frag@46.99 loss@97.02 frag@108.49 loss@83.0,0.04118815809 0.03442797065 0.03136700019 0.01899707317 0.01853924431 0.01747458987 0.01596532948 0.01448829845 0.01273538917 0.01214049198 0.01205495652 0.009229325689 0.008637878112 0.008352850564 0.007984960452 0.007800897583 0.007493648212 0.006788458209 0.005893673748 0.005780667532
871,frag@185.11 loss@120.02 loss@201.13 frag@213.07 frag@172.1 loss@168.0 loss@79.99 frag@157.08 frag@143.07 loss@160.1 frag@145.08 frag@187.09 frag@185.07 loss@62.02 frag@130.07 frag@207.13 frag@171.09 frag@142.07 frag@144.08 frag@158.1,0.1266842633 0.1144713983 0.1033827662 0.05742003024 0.05587564781 0.01902625524 0.008874566294 0.007937422954 0.007572494447 0.007300124038 0.007283958606 0.007209462579 0.007187518757 0.006774548907 0.005433223676 0.005312336609 0.005273393355 0.005061330274 0.003706553951 0.003569982946
872,loss@125.06 frag@134.05 frag@180.09 loss@137.07 frag@152.06 loss@97.03 frag@236.05 loss@115.01 loss@134.01 frag@165.07 loss@123.98 frag@281.07 frag@196.17 frag@165.01 loss@124.98 loss@150.05 loss@377.17 frag@156.01 frag@181.07 loss@141.07,0.1286772639 0.06029893085 0.05766899511 0.04923405126 0.04128986225 0.02716215514 0.02573478036 0.0220008418 0.02050035261 0.01580608077 0.01468872838 0.01412095595 0.01250944845 0.01132328715 0.01073172502 0.01033642702 0.009668767452 0.009548741393 0.009445094503 0.008883235976
873,loss@202.13 frag@99.08 frag@57.03 frag@43.02 frag@67.05 frag@87.04 frag@67.06 frag@97.06 loss@445.16 loss@223.09 loss@285.15 loss@236.15 loss@220.09 loss@105.04 frag@166.09 frag@81.07 loss@199.14 loss@184.12 frag@129.1 loss@293.15,0.1559961885 0.1548625082 0.09951993823 0.01060414221 0.009175365791 0.006764012855 0.006756330375 0.006489292253 0.005469524767 0.004595337436 0.003982770722 0.003917036112 0.00380859524 0.003686456708 0.003467526985 0.003437562613 0.00317947939 0.002919097198 0.002806095872 0.002805868862
874,loss@106.04 frag@218.06 frag@230.04 frag@203.05 loss@177.11 frag@130.04 frag@228.08 frag@246.09 loss@226.09 frag@258.1 frag@314.13 loss@186.07 loss@113.13 loss@203.0 frag@159.08 loss@356.14 frag@321.06 frag@222.95 frag@304.17 loss@330.17,0.1498748511 0.1030334979 0.07161575556 0.06551194191 0.05242230371 0.00644515967 0.004687303677 0.003231145907 0.003075867193 0.002845722251 0.002757426817 0.00262231892 0.002430239227 0.002247060416 0.002204455668 0.002196020912 0.002001629444 0.001932272338 0.001903531142 0.001901426003
875,loss@198.14 loss@238.13 loss@260.13 frag@156.14 loss@209.14 frag@110.1 frag@67.05 frag@174.03 loss@284.08 loss@267.14 frag@129.1 frag@94.07 frag@221.1 loss@310.1 frag@83.09 frag@140.14 frag@114.09 loss@187.08 loss@281.13 loss@265.18,0.0557099916 0.05018245429 0.03842407838 0.03350677714 0.02564457618 0.02034892328 0.01786006615 0.01444002427 0.0132657662 0.01208261494 0.01173560973 0.01146001555 0.01078140829 0.008907488547 0.008634340018 0.008214987814 0.007644813508 0.007461040746 0.007252919488 0.00701866392
876,loss@181.03 frag@242.13 loss@144.01 loss@316.09 loss@49.99 frag@364.13 loss@313.19 frag@178.03 frag@75.03 frag@334.17 loss@141.03 frag@151.03 frag@299.07 frag@135.1 frag@124.02 frag@255.17 frag@91.02 frag@244.11 frag@153.01 loss@99.01,0.1805345416 0.03903627768 0.03681758046 0.02543073148 0.01763562486 0.01688728854 0.01390511449 0.007864546031 0.00745171681 0.007327731233 0.007164158858 0.00662104506 0.006258784793 0.00585890701 0.005551494192 0.004078685772 0.003955333959 0.003846484236 0.003709721146 0.003693792503
877,frag@194.07 frag@230.08 frag@295.12 frag@279.12 frag@307.1 loss@165.13 frag@198.1 loss@85.05 loss@103.1 loss@162.09 loss@95.04 frag@190.1 frag@271.11 loss@72.09 loss@175.07 loss@253.96 loss@329.12 loss@18.11 loss@179.04 loss@57.06,0.1342434138 0.07938684523 0.02925384976 0.008582000621 0.007432678714 0.005694826599 0.005570847541 0.005533872172 0.005357187241 0.004364339169 0.004234823864 0.00407877937 0.003861585166 0.003827338805 0.003690942656 0.003305759281 0.003261816455 0.003131978447 0.00312772789 0.003023867728
878,frag@227.07 frag@199.08 frag@199.04 frag@171.08 loss@221.16 frag@181.06 frag@245.08 loss@172.02 loss@106.04 frag@185.06 frag@153.07 loss@146.18 frag@181.07 loss@157.02 loss@247.06 loss@125.1 frag@327.09 loss@154.05 loss@187.0 loss@124.07,0.1341111064 0.09658463299 0.0470158197 0.01892634481 0.01347825211 0.009653186426 0.009163850918 0.007652782835 0.006409512367 0.005976743996 0.005854916759 0.005694307853 0.004897443578 0.004684360232 0.004096899647 0.003573906142 0.003331028856 0.003205130575 0.003160299035 0.003093732521
879,loss@270.07 loss@265.08 frag@407.14 frag@167.98 frag@159.11 frag@99.1 frag@115.09 frag@101.02 frag@84.06 frag@203.15 frag@285.12 frag@318.03 frag@193.07 frag@184.02 frag@176.98 frag@262.16 frag@204.95 loss@395.14 frag@314.13 frag@240.12,0.1754724681 0.06202925742 0.006537439767 0.005854377989 0.005426865537 0.004959948361 0.004453153815 0.003717893967 0.00361154112 0.003487111302 0.003376554465 0.00323935505 0.003187620779 0.003171927528 0.003077663248 0.003022839548 0.002983956598 0.002981498605 0.002694429597 0.002605117625
880,frag@44.05 frag@96.08 frag@98.1 loss@243.08 loss@271.14 loss@81.97 loss@154.1 loss@167.13 loss@253.99 loss@223.06 frag@70.06 frag@126.09 loss@265.11 frag@110.1 frag@84.08 loss@263.13 loss@213.12 loss@241.99 frag@41.04 loss@224.19,0.1123132631 0.1073608473 0.05463379994 0.03027445823 0.01394591294 0.01345158089 0.01331274211 0.01189970039 0.0118135158 0.0111114746 0.0104243001 0.009843734093 0.008925086819 0.008621294983 0.008548446 0.00850237906 0.008488467894 0.007976976223 0.007592638955 0.007104374934
881,loss@168.1 loss@196.12 loss@179.13 frag@67.05 frag@381.17 frag@84.08 frag@175.11 frag@138.13 frag@83.09 frag@136.11 frag@82.06 frag@55.05 frag@74.06 frag@110.1 frag@43.02 frag@123.06 frag@126.09 frag@96.07 frag@308.12 frag@82.07,0.149725318 0.1434929371 0.06807160378 0.0281150043 0.01376480982 0.01001204923 0.008651045151 0.00800776016 0.00792668853 0.007544698194 0.00649223011 0.006267895922 0.005528959446 0.004511320964 0.004495486151 0.004275552928 0.004201696254 0.004000460263 0.003964744974 0.003904120764
882,loss@257.05 frag@198.94 frag@59.05 loss@340.05 frag@182.01 frag@93.03 frag@365.14 frag@127.09 frag@241.02 frag@184.02 frag@81.03 frag@115.09 frag@74.93 frag@60.04 frag@275.18 frag@254.11 loss@241.04 frag@120.07 frag@42.03 frag@101.11,0.2604158223 0.006823691074 0.006712607108 0.006326563191 0.00441189995 0.003839606186 0.0033366594 0.003291853005 0.003186628921 0.0029823808 0.002627360635 0.002425084589 0.002311226213 0.002122621052 0.002109227236 0.002002764726 0.001975113526 0.001956011634 0.00190750719 0.001828926499
883,frag@162.04 loss@254.09 loss@259.09 frag@157.06 loss@167.06 loss@157.08 frag@217.1 frag@130.07 loss@276.11 loss@239.08 loss@155.09 loss@80.21 frag@290.14 frag@236.11 frag@216.14 frag@340.13 loss@168.05 frag@47.9 loss@148.08 frag@257.11,0.2081871927 0.1495150924 0.004018353298 0.00256312592 0.002194365952 0.002160523785 0.002138711046 0.001696178224 0.00162691623 0.001532405266 0.001512987306 0.001499998267 0.001471187454 0.001399889588 0.001399273635 0.001373886713 0.001357079251 0.001325127203 0.001324306824 0.001261416706
884,loss@222.04 frag@224.09 frag@209.06 loss@142.05 loss@234.03 loss@129.05 loss@60.03 frag@214.03 frag@100.01 loss@114.12 frag@163.07 frag@181.01 frag@207.12 frag@186.95 frag@179.01 loss@258.01 frag@204.96 frag@240.09 frag@239.05 frag@186.98,0.03427080065 0.03399096057 0.02198257856 0.01969309524 0.0183837153 0.01666425914 0.01624055393 0.01562776789 0.01562623307 0.01303489972 0.0116531672 0.01096768212 0.01053312235 0.01029195916 0.009247902781 0.008474297822 0.007667176891 0.007500588428 0.007466132753 0.006538324989
885,frag@173.08 frag@200.07 loss@41.03 loss@203.02 loss@85.1 loss@47.0 loss@175.02 frag@186.09 loss@303.06 loss@162.03 loss@113.13 loss@158.04 frag@159.07 frag@172.08 frag@301.15 loss@131.09 frag@284.14 loss@143.08 loss@97.02 loss@123.08,0.1914756447 0.08433526009 0.04531989247 0.04359506443 0.0261410661 0.0249596592 0.01584332436 0.01440742426 0.01147563569 0.01138938405 0.01063527074 0.009865563363 0.005897864699 0.004224332049 0.004125259351 0.003861507634 0.003730643075 0.003167415736 0.003152521327 0.003105086274
886,loss@255.1 frag@222.1 loss@274.19 loss@57.07 frag@303.12 frag@324.12 frag@281.09 loss@256.18 loss@134.11 frag@247.03 frag@213.14 frag@382.13 loss@67.04 frag@213.1 loss@100.13 frag@175.06 frag@173.06 loss@297.02 frag@339.09 loss@113.13,0.1453434229 0.09245182574 0.04276570678 0.02056631446 0.01920040511 0.01642669737 0.01641700976 0.005615109578 0.005034525413 0.004468928091 0.004374281969 0.003839166835 0.00375343184 0.003328555729 0.003280622652 0.003066454781 0.002974677365 0.002927541966 0.002825407078 0.002644936088
887,loss@146.06 loss@133.07 frag@161.04 frag@155.01 frag@447.13 frag@137.05 loss@46.03 frag@135.07 frag@222.95 frag@361.16 frag@176.11 frag@143.04 frag@149.05 loss@118.06 frag@144.05 frag@204.06 frag@112.05 frag@126.07 frag@128.06 frag@245.16,0.2072227746 0.07072232664 0.06872192025 0.02782249264 0.02592927217 0.02579999529 0.00824208837 0.006315479986 0.004995760508 0.003890510881 0.003320489777 0.003209875431 0.003177072154 0.003112846287 0.00295465556 0.002867036499 0.002830276266 0.002639024518 0.002559501911 0.002463515615
888,loss@159.04 loss@213.07 frag@217.06 loss@205.06 loss@105.02 loss@184.98 frag@95.04 loss@66.02 loss@226.0 frag@137.04 frag@341.12 frag@292.08 loss@186.03 frag@108.05 frag@233.07 frag@144.04 frag@185.01 frag@130.0 frag@189.01 loss@149.09,0.07718519866 0.0472702384 0.03843234107 0.03793318197 0.02303358912 0.0222118143 0.01609355584 0.01493413746 0.01429224014 0.01319210697 0.01142349932 0.009871733375 0.008547008038 0.00800250005 0.007453132421 0.007309317589 0.00697609596 0.006357265171 0.004443081096 0.00430444954
889,frag@190.04 loss@147.04 loss@218.15 frag@142.01 frag@150.04 frag@163.03 frag@136.02 loss@148.05 loss@173.05 frag@123.0 frag@156.02 frag@160.02 frag@85.01 loss@193.01 loss@201.01 frag@194.08 frag@176.06 loss@169.06 loss@219.05 frag@293.14,0.1452010125 0.1402804404 0.0375020057 0.03673928604 0.02983645909 0.007328759413 0.005430178717 0.005150522571 0.004048526753 0.003580970922 0.003241785569 0.003077438334 0.003044632263 0.002654217882 0.002622801345 0.002568105236 0.002458216855 0.002400198951 0.002283798298 0.002277644584
890,frag@122.07 frag@136.09 frag@148.09 frag@150.1 loss@149.1 frag@134.07 frag@124.09 frag@95.06 loss@192.1 loss@228.14 frag@162.1 frag@190.13 loss@317.17 frag@176.12 loss@327.03 loss@221.12 loss@220.13 frag@109.08 loss@150.12 loss@166.12,0.05666112527 0.05188233778 0.04583729059 0.04313470796 0.042509038 0.01883364841 0.0179392416 0.01735435799 0.01723438874 0.01677554846 0.01466259547 0.00913408678 0.00903824158 0.009021767415 0.00881065242 0.007685483899 0.007614302449 0.006629282609 0.006585916504 0.006539695431
891,frag@187.06 loss@194.02 frag@280.14 loss@299.11 frag@214.07 frag@160.05 frag@159.07 frag@136.03 frag@113.04 loss@181.12 frag@204.1 loss@111.04 loss@272.08 frag@211.98 frag@175.06 frag@158.0 loss@211.0 frag@141.05 loss@394.21 frag@307.16,0.161283344 0.1206544563 0.03426908329 0.02847723663 0.02741425857 0.01201680023 0.00674276799 0.006454942748 0.003245609812 0.003155238926 0.00295322598 0.002893468132 0.002863170346 0.002859570784 0.002700647805 0.002603834029 0.002591728466 0.002497413196 0.002457256662 0.002434323309
892,loss@141.08 frag@45.03 frag@41.04 frag@112.08 frag@43.02 frag@178.12 loss@170.11 frag@155.98 frag@55.02 frag@318.03 loss@169.11 frag@188.99 frag@191.06 frag@276.01 frag@72.04 frag@69.07 frag@101.02 loss@273.06 frag@96.08 frag@74.93,0.3438906968 0.008943350054 0.007212778553 0.006032488309 0.005552165676 0.005527403206 0.004486204591 0.004467446823 0.004364574328 0.004162255675 0.003882819787 0.003410038538 0.003282282269 0.003025095211 0.002892602235 0.002878485015 0.002870937809 0.002697512275 0.002649444155 0.002607884351
893,frag@162.1 loss@151.11 loss@135.08 frag@197.11 frag@202.13 loss@161.1 frag@216.15 loss@109.06 loss@255.17 loss@275.04 frag@168.96 frag@188.12 loss@210.96 loss@202.03 loss@134.08 frag@124.09 frag@134.07 frag@187.05 loss@310.03 loss@200.98,0.1352428496 0.1207082942 0.08502338827 0.07576862723 0.02798692696 0.02739521861 0.02675976604 0.02081871592 0.01744484343 0.01519964915 0.01319070626 0.01106951293 0.01030902006 0.01020962372 0.009608595632 0.009015016258 0.006405253895 0.006289805286 0.006125310902 0.005767871626
894,frag@84.96 frag@102.97 loss@125.05 frag@384.2 loss@244.13 loss@111.14 loss@319.98 loss@113.13 loss@189.02 loss@158.07 frag@159.02 loss@267.99 loss@168.08 loss@291.13 loss@244.1 frag@162.06 frag@113.03 loss@167.02 loss@289.13 loss@204.99,0.2715178728 0.03260161728 0.0104085356 0.007621609606 0.005077126436 0.004976061638 0.004778184928 0.004449232947 0.004424133804 0.004283772316 0.004253046121 0.004233710002 0.004208997358 0.003879908938 0.003813088639 0.003771261545 0.003743189154 0.003677361878 0.003522451967 0.003277670126
895,loss@141.04 loss@143.05 frag@255.09 frag@129.09 frag@228.03 frag@317.09 frag@308.1 frag@245.11 frag@318.03 frag@156.01 loss@129.04 frag@260.07 frag@364.13 frag@344.21 frag@206.08 frag@319.07 frag@347.02 loss@113.01 frag@139.01 frag@184.06,0.2304406613 0.06975138932 0.03174485266 0.03093018197 0.01274328306 0.005834130105 0.004981853534 0.004628869239 0.004037970211 0.003740299027 0.003337498754 0.003291660687 0.003275566734 0.003205821384 0.003021548735 0.002903810004 0.002853373066 0.002813932952 0.002805779688 0.002754951827
896,frag@243.05 frag@341.16 frag@77.02 frag@236.15 frag@172.02 frag@87.05 frag@112.03 frag@274.12 frag@163.0 frag@268.13 frag@397.07 frag@236.98 frag@174.98 frag@97.02 frag@83.08 frag@302.1 frag@320.06 frag@43.46 frag@183.05 frag@310.18,0.000797258399 0.0007512129378 0.0007453795406 0.0006647174596 0.0006625744863 0.000661868311 0.0006574831204 0.0006546200602 0.0006519251619 0.0006499093724 0.0006490469677 0.0006475937553 0.0006464578328 0.0006462683668 0.0006457531126 0.0006451636436 0.000632175128 0.0006310630124 0.0006306162686 0.0006272855098
897,frag@87.03 loss@310.14 loss@261.18 frag@114.04 loss@183.01 loss@172.07 frag@154.04 loss@307.06 loss@279.1 loss@284.13 loss@238.17 frag@103.96 loss@260.13 frag@298.16 loss@208.99 frag@236.15 loss@330.15 loss@199.14 frag@304.1 loss@288.18,0.2594872713 0.1672318876 0.009947471321 0.008441134356 0.002524414565 0.002512869658 0.002331777709 0.002207938815 0.001992041245 0.001930381404 0.001927326899 0.001904643141 0.001856710413 0.001717703766 0.001696482068 0.00167889439 0.001646386343 0.001575043192 0.001540535013 0.001477151527
898,frag@173.54 frag@59.05 loss@251.11 loss@189.15 loss@158.01 frag@158.12 loss@338.12 frag@156.1 frag@83.05 loss@305.19 loss@355.12 loss@330.14 loss@264.17 loss@254.2 frag@69.03 loss@326.15 loss@255.03 loss@726.37 loss@744.25 loss@309.14,0.2117761672 0.0996934101 0.05506155267 0.02371666394 0.02145319246 0.01875003055 0.01871194877 0.01844654232 0.01594098285 0.01061629131 0.01042889059 0.01034712046 0.01030996628 0.009333644994 0.009212806821 0.009001384489 0.008390820585 0.008276582696 0.007733297534 0.007041227072
899,loss@149.05 loss@137.05 loss@135.04 frag@204.02 loss@148.04 loss@136.04 loss@163.07 frag@108.02 frag@187.1 frag@233.07 frag@52.03 frag@164.03 frag@133.05 loss@72.02 frag@204.12 frag@179.06 frag@141.14 frag@173.08 frag@172.07 frag@204.11,0.1369771212 0.07285352796 0.05932271853 0.02281663939 0.02189945616 0.01999881491 0.01733999513 0.01627744175 0.01280670334 0.01003366895 0.008586890064 0.008557084948 0.007461376023 0.00648300536 0.00563193066 0.005066125188 0.004536351655 0.004304167349 0.004111366812 0.003965551965
900,frag@54.03 loss@113.01 frag@67.02 loss@101.02 loss@127.03 loss@180.99 frag@68.01 frag@53.0 frag@42.03 loss@113.02 loss@100.03 loss@86.01 loss@248.02 loss@102.03 frag@62.99 loss@85.02 frag@68.05 frag@69.04 frag@53.04 frag@90.03,0.1533181518 0.08158100396 0.03617420048 0.0340873152 0.02424961142 0.0220598653 0.02026601136 0.01910636202 0.01695746556 0.01285466179 0.009312490001 0.007262284402 0.006888565142 0.006512034684 0.006216411944 0.006061010063 0.005423116498 0.005219213199 0.004975029733 0.004925570451
901,frag@181.09 frag@166.06 frag@136.05 loss@188.02 loss@293.07 loss@186.12 frag@200.11 loss@242.13 loss@237.12 loss@271.07 loss@165.09 loss@196.11 loss@336.05 loss@179.0 frag@139.05 loss@179.09 frag@136.08 loss@290.2 loss@195.11 loss@140.13,0.1459981501 0.1385600716 0.01316264644 0.007810085081 0.005558681209 0.004890400451 0.004389310721 0.004007773474 0.003660143353 0.0036400354 0.003478260012 0.003402933013 0.003314866684 0.003260954516 0.003066823119 0.003023584606 0.002971059643 0.002840151312 0.002808811376 0.002694542054
902,frag@97.03 frag@71.05 frag@85.03 loss@833.44 frag@99.04 frag@69.03 frag@73.03 frag@61.03 loss@805.41 loss@720.36 loss@445.16 frag@83.05 frag@111.04 frag@57.03 loss@772.46 loss@161.14 loss@744.25 frag@127.04 loss@434.14 frag@129.05,0.05981580541 0.05734272301 0.04968035221 0.03809177503 0.02352201007 0.02315159328 0.02157648839 0.01821886376 0.01734064147 0.0163624566 0.01590442844 0.01279601455 0.0115557937 0.01154175028 0.009517096914 0.009411090985 0.008759535849 0.008223813027 0.007813960314 0.007188298739
903,loss@221.12 loss@234.11 frag@146.07 frag@122.1 frag@433.19 frag@110.07 frag@95.06 frag@130.12 frag@138.07 frag@96.06 frag@166.09 frag@353.09 frag@124.09 frag@106.07 frag@144.1 frag@120.06 frag@82.03 frag@121.04 frag@163.09 frag@180.12,0.2210449874 0.06379106641 0.01016462594 0.008949711919 0.008062968962 0.007641065866 0.007297082804 0.007052177098 0.006962995045 0.006818326656 0.006616100203 0.006610635202 0.006592924707 0.005683995318 0.005045239348 0.004749232437 0.004703718238 0.004400741775 0.004346802831 0.004074881319
904,frag@309.12 frag@325.11 frag@273.1 frag@279.11 frag@293.12 frag@455.35 frag@439.36 frag@332.05 loss@296.16 frag@163.06 loss@228.01 frag@129.05 loss@828.45 frag@115.04 frag@437.34 frag@253.12 loss@618.2 frag@203.14 loss@189.01 frag@339.09,0.05933502316 0.04822836071 0.03630537912 0.03170373291 0.01895186491 0.01860071346 0.01507226843 0.01225607563 0.01132166293 0.01007847674 0.005752863828 0.005645065568 0.005199800711 0.004060951993 0.00405830564 0.003847959451 0.003112605307 0.002928723115 0.002436347073 0.002361484105
905,loss@179.11 loss@161.1 frag@135.05 frag@318.16 loss@193.08 frag@163.09 frag@135.09 frag@95.06 frag@69.04 frag@107.06 frag@121.04 frag@150.06 loss@178.11 frag@180.12 frag@137.07 frag@108.04 frag@93.03 frag@96.04 frag@148.09 loss@183.99,0.2474277914 0.06389047205 0.04327289388 0.03463469446 0.03451757506 0.02193248086 0.0127007626 0.01018064003 0.007823899388 0.007251585368 0.007097241469 0.006975770928 0.006736774463 0.006691475864 0.006689437665 0.006582173053 0.006036991719 0.005944501609 0.005079830065 0.005071773194
906,frag@287.09 frag@196.01 loss@287.08 frag@326.18 loss@250.06 loss@330.06 loss@293.19 loss@427.17 frag@196.02 frag@184.01 loss@183.03 frag@177.08 frag@247.01 frag@91.03 frag@171.01 frag@144.14 loss@277.07 frag@198.08 loss@294.14 loss@299.1,0.1230957657 0.10462147 0.09712551534 0.007109280676 0.004932760261 0.004135832656 0.003681799164 0.003578133881 0.003508469788 0.003427560674 0.00320070819 0.003009997541 0.002930287505 0.002680814592 0.002635129262 0.001969975187 0.001863509184 0.001781987492 0.001761796419 0.001740001491
907,frag@137.02 loss@150.03 frag@193.09 loss@140.12 loss@278.07 frag@238.04 frag@230.05 loss@125.09 loss@114.1 loss@340.14 frag@306.17 frag@252.1 loss@111.05 loss@248.98 loss@124.04 loss@157.1 loss@187.0 frag@279.13 frag@275.13 loss@132.01,0.2347761244 0.09920740128 0.04093644395 0.02653121576 0.01892539859 0.01539882272 0.01325406972 0.0108943982 0.01087654289 0.008565194905 0.007266164292 0.005408679135 0.005017319229 0.004731054418 0.004633487202 0.003556776093 0.003260813421 0.003056472167 0.002866534516 0.002823947929
908,loss@244.07 frag@269.04 loss@188.0 frag@314.13 loss@304.09 loss@181.07 frag@182.09 frag@153.02 loss@222.08 frag@78.05 loss@249.06 loss@311.06 frag@153.01 frag@166.03 frag@280.13 loss@277.05 frag@215.03 loss@216.08 loss@218.01 frag@344.11,0.2065539956 0.1503240168 0.007529629394 0.006787802558 0.003554613562 0.003396100597 0.003159113461 0.003135932842 0.003115230473 0.002999472199 0.002994675189 0.002943908097 0.002793548629 0.002688391833 0.002667792141 0.002654795768 0.00263574603 0.002631674986 0.002360396786 0.002344494686
909,loss@280.09 loss@247.0 frag@114.0 frag@178.07 frag@147.03 loss@262.08 frag@166.09 frag@274.01 frag@202.0 frag@326.18 frag@70.04 frag@55.02 frag@110.02 frag@159.1 frag@175.12 frag@57.99 frag@241.02 frag@106.04 frag@141.0 frag@81.03,0.2350361645 0.007881138474 0.005193413701 0.004688170739 0.003877949668 0.003841846948 0.003098450601 0.002989608562 0.002747989027 0.002630719449 0.002618202241 0.0024893831 0.002482186537 0.002473825356 0.002248839941 0.002218404785 0.002105236752 0.001929158112 0.001835222007 0.001810826361
910,loss@195.11 loss@130.04 frag@99.06 frag@150.07 frag@219.12 frag@146.12 frag@152.12 frag@243.16 frag@109.08 frag@123.06 frag@93.03 frag@136.05 frag@82.03 loss@272.06 frag@310.12 frag@113.07 frag@298.07 frag@122.06 frag@139.03 frag@124.04,0.1883294284 0.08729480207 0.0133032687 0.007887306623 0.006792627275 0.006683325861 0.005713613704 0.005473283119 0.005210817326 0.004993738141 0.00463836221 0.004318084102 0.003831370501 0.00373284705 0.003635947127 0.003571372945 0.003354814136 0.003284798469 0.00322337728 0.003136487445
911,frag@136.06 loss@116.05 frag@137.05 frag@119.04 loss@212.01 loss@133.07 loss@424.02 loss@132.04 frag@126.07 loss@568.11 loss@56.01 loss@194.0 loss@196.01 loss@268.04 frag@136.07 loss@204.08 frag@233.14 loss@172.07 loss@165.06 frag@148.06,0.19235605 0.1491814256 0.07635191083 0.06019065529 0.04312915727 0.02304421738 0.02175794356 0.01563115604 0.01264109649 0.01155092288 0.008741932921 0.007811546326 0.007670466322 0.006784877274 0.006311910227 0.005341893062 0.004590473603 0.004304225091 0.003810347524 0.003739039181
912,loss@173.11 loss@174.07 frag@55.02 frag@239.08 frag@130.06 frag@141.05 frag@129.1 frag@176.07 frag@241.99 frag@174.06 frag@366.15 frag@213.1 frag@226.09 frag@67.06 frag@182.03 frag@158.08 frag@71.03 frag@319.12 frag@158.06 frag@274.18,0.24232243 0.07486858964 0.01624260657 0.008165912703 0.006929249968 0.006772601511 0.006136324257 0.005319631193 0.005264165811 0.004903696943 0.004658143036 0.004631652962 0.004625023808 0.00452878559 0.004475498572 0.004446247127 0.003859998193 0.00371444528 0.00364636723 0.003637028392
913,frag@169.06 loss@139.02 frag@151.05 loss@142.97 loss@157.03 frag@157.04 frag@269.1 loss@166.97 frag@244.13 loss@186.07 loss@45.02 frag@229.09 loss@187.03 frag@238.13 loss@165.07 frag@299.07 frag@356.08 frag@152.03 frag@68.01 loss@281.06,0.2905725539 0.1322810501 0.01939715259 0.01697769947 0.007093102671 0.003213991411 0.003158644075 0.002834880957 0.002662045183 0.002053337172 0.001967920223 0.001935330336 0.00192412734 0.001900641713 0.001664773328 0.001663035946 0.001549651381 0.001488017151 0.001465781941 0.001453169505
914,frag@235.05 frag@259.03 loss@182.08 frag@122.1 loss@222.07 loss@295.1 loss@184.99 loss@209.1 loss@148.11 loss@243.14 loss@203.04 loss@253.04 loss@149.11 loss@256.04 loss@150.02 frag@201.14 frag@235.16 frag@141.08 loss@245.06 loss@200.05,0.2620385289 0.001660604612 0.001560930978 0.001476365374 0.001463406719 0.001356040011 0.001328569604 0.001252323505 0.0012382766 0.001227804809 0.001197766163 0.001117299311 0.001054273802 0.001037395559 0.001028558356 0.001022391953 0.001018432202 0.001003596699 0.0009480356239 0.0009381765267
915,loss@122.04 loss@162.03 frag@267.06 loss@94.04 frag@283.05 loss@149.04 frag@120.02 frag@200.07 frag@303.03 frag@364.16 loss@107.02 frag@225.05 loss@121.05 loss@122.03 frag@204.08 frag@196.08 frag@203.08 frag@177.05 frag@141.0 loss@180.04,0.1293949336 0.0464415662 0.03946435452 0.02316940576 0.01639213413 0.01583690383 0.01334899478 0.00854637567 0.007407131605 0.007399548776 0.007247095928 0.006120609585 0.005657494068 0.005618142895 0.005394944921 0.005313406698 0.004658661783 0.004396722186 0.004165226594 0.003976321779
916,loss@118.06 loss@132.08 loss@136.07 frag@171.08 frag@143.05 frag@141.05 frag@241.07 frag@236.03 frag@340.23 frag@278.07 frag@241.1 frag@213.1 frag@195.08 frag@161.06 frag@201.04 loss@553.2 frag@144.07 frag@341.12 loss@192.96 frag@136.07,0.1317410767 0.04611352459 0.01885499991 0.009048791602 0.007316374686 0.006463094149 0.005872764159 0.004982070997 0.00476356037 0.004439728335 0.004425613675 0.00429106364 0.004079150967 0.003903564531 0.00357320183 0.003522231709 0.003491692012 0.003309882013 0.003163049463 0.003153975355
917,loss@229.08 frag@246.07 loss@260.05 frag@159.11 loss@344.97 frag@45.03 loss@120.06 frag@143.02 loss@227.15 loss@287.11 frag@93.06 loss@300.17 frag@164.11 frag@114.04 frag@138.05 frag@228.96 loss@363.12 frag@384.2 frag@224.16 frag@156.1,0.1357483119 0.1282810122 0.05206010863 0.004882123321 0.004002215806 0.003884906648 0.003230761038 0.003026568564 0.002609496005 0.002579021733 0.002446733415 0.002390046371 0.002321902197 0.002320373664 0.002285268856 0.002264331793 0.002062450163 0.00203521736 0.002032599878 0.002022189321
918,frag@124.06 loss@268.08 loss@291.06 loss@205.08 loss@292.08 frag@208.01 frag@98.03 loss@339.12 loss@281.12 loss@277.07 loss@211.07 loss@287.06 loss@292.09 frag@111.03 loss@237.12 frag@125.04 loss@208.04 loss@223.15 frag@84.04 loss@248.13,0.3259150982 0.0592533499 0.0375145562 0.02235629782 0.01219658181 0.003886224935 0.003452132922 0.003257428529 0.00311524584 0.003062008182 0.002894852776 0.002882199129 0.002594257705 0.002316788305 0.002227148274 0.002031442244 0.001931579551 0.001854055328 0.001802269137 0.001754496363
919,loss@161.05 frag@256.96 frag@158.04 frag@383.12 frag@168.08 frag@162.05 frag@105.04 frag@196.05 frag@104.05 frag@144.06 frag@81.02 frag@186.06 loss@151.06 frag@150.04 loss@120.06 frag@219.12 frag@199.12 frag@51.02 loss@173.05 frag@234.97,0.3155587614 0.0535707362 0.01612282358 0.01236610115 0.006866063457 0.006063101348 0.005077177659 0.004863267299 0.00429627765 0.003957837354 0.003906815313 0.003839398036 0.003585542552 0.003518102691 0.003505487693 0.003491395386 0.00343773677 0.003379269736 0.003302663332 0.003125274787
920,frag@91.05 loss@206.11 loss@219.09 loss@235.08 loss@247.08 loss@217.11 loss@217.1 loss@223.1 loss@213.03 frag@91.06 loss@298.12 loss@328.12 loss@243.1 loss@230.09 frag@109.06 loss@267.09 loss@228.09 loss@247.11 loss@259.04 loss@225.1,0.4249348938 0.03044673614 0.02435341664 0.02232622355 0.02097422443 0.01757734828 0.01731408015 0.01643700525 0.0138479732 0.01376716793 0.01214304939 0.01195693295 0.01192097552 0.01092176978 0.01010155771 0.01005264744 0.008452787064 0.008018399589 0.007874281146 0.007512115408
921,frag@129.07 frag@117.07 frag@128.06 loss@198.09 frag@115.05 loss@376.13 loss@178.04 loss@225.12 frag@145.06 frag@147.08 frag@130.08 loss@229.14 frag@141.07 loss@231.12 frag@116.06 loss@166.06 loss@219.16 frag@104.06 loss@241.18 loss@242.14,0.1147869229 0.1089193076 0.05844978616 0.02623092569 0.02528440394 0.02479794994 0.01919908263 0.018574683 0.01310445927 0.01287096273 0.01043216418 0.009568469599 0.00888281595 0.006393048447 0.006278821733 0.005206729285 0.004813375883 0.004611762241 0.004456891213 0.004331877455
922,loss@154.11 frag@350.13 frag@174.03 frag@263.15 frag@112.09 frag@127.12 loss@169.12 frag@114.0 frag@139.02 frag@116.07 frag@159.06 frag@353.09 frag@136.05 frag@208.03 frag@143.02 frag@87.06 frag@84.08 frag@144.14 frag@233.13 loss@184.12,0.3195179999 0.01995833404 0.01092933677 0.01050801389 0.008945847861 0.005819983315 0.005195593461 0.005108275451 0.004049682524 0.003941603005 0.00378923025 0.003713540267 0.003630556632 0.003629071405 0.003368959762 0.002752364613 0.002721197903 0.00269219582 0.002666922985 0.002651884686
923,frag@144.07 frag@170.08 loss@139.08 frag@216.08 loss@196.04 loss@185.03 frag@171.09 loss@197.03 frag@171.06 loss@187.03 frag@233.11 frag@181.08 loss@174.07 loss@92.07 frag@158.08 frag@201.07 loss@134.06 frag@268.09 loss@157.06 frag@173.07,0.1335972697 0.1241459548 0.1024743319 0.008095587604 0.005596472416 0.004889550619 0.004474762361 0.004336055368 0.004166076891 0.004138654098 0.003478523111 0.003162498819 0.002623550361 0.00261968025 0.002414181363 0.002264430514 0.002161548473 0.002156618517 0.002127330517 0.002110804198
924,loss@285.07 loss@259.09 frag@237.03 frag@150.09 frag@137.03 frag@84.04 frag@417.15 frag@124.04 loss@287.09 frag@110.05 frag@347.19 frag@187.98 frag@138.01 frag@111.01 frag@180.1 frag@228.11 frag@136.04 loss@208.04 frag@70.03 frag@58.03,0.1222002879 0.1089277193 0.03954247758 0.02009045333 0.007429442834 0.005212800112 0.005195703823 0.004520141054 0.004248544108 0.004248349462 0.004009537864 0.003931659739 0.003864895552 0.003602090292 0.00300778402 0.002947217086 0.00292480574 0.00281951949 0.002693258692 0.002645805245
925,frag@168.06 frag@215.09 loss@167.05 loss@141.02 loss@167.04 loss@153.03 loss@155.04 loss@153.02 frag@273.13 frag@205.13 loss@157.06 frag@144.0 frag@168.05 frag@143.06 frag@135.1 loss@189.07 loss@156.05 loss@164.04 frag@116.03 loss@187.03,0.1195255071 0.1020888612 0.06920081377 0.06783245504 0.04610506818 0.04575897381 0.0376704298 0.02503490262 0.01188667119 0.007914118469 0.006844200194 0.006577226333 0.006349371746 0.005898583215 0.005328110419 0.004848441575 0.004823113792 0.004702009726 0.004054643679 0.004029906821
926,loss@137.08 frag@276.08 frag@126.06 frag@211.05 frag@145.04 frag@204.05 frag@267.05 frag@138.09 frag@208.11 loss@120.06 loss@131.1 frag@211.98 frag@213.96 frag@144.06 frag@180.1 frag@231.12 loss@139.1 frag@194.99 frag@256.14 frag@152.11,0.3421662748 0.05317714065 0.05300509557 0.008549845777 0.008419697173 0.006691398099 0.005052056629 0.004975062329 0.004431311972 0.003922794946 0.003866404993 0.003741207765 0.003598998301 0.003470031079 0.003291561268 0.003136849962 0.003093005856 0.002797750989 0.00276207109 0.002487315331
927,loss@216.1 frag@228.06 loss@202.08 frag@187.98 frag@157.06 frag@204.06 frag@149.04 frag@175.12 frag@162.97 frag@160.09 frag@173.95 frag@161.99 frag@203.07 frag@216.08 frag@153.05 frag@139.07 frag@146.07 frag@256.05 frag@137.05 frag@148.08,0.2890491188 0.03954427317 0.02862263285 0.00909659639 0.008494378068 0.0064487122 0.005779755302 0.005778449122 0.005315676332 0.004760079086 0.004669901449 0.004527725745 0.004518244881 0.004479669034 0.004207571503 0.003822632367 0.003737832885 0.003725402057 0.003256624099 0.003250233829
928,frag@167.03 loss@138.03 loss@168.04 loss@346.07 frag@139.04 frag@213.96 frag@256.96 loss@153.04 loss@234.21 loss@133.06 loss@336.08 loss@149.06 frag@111.04 loss@218.04 frag@120.02 frag@195.09 loss@342.1 loss@462.15 loss@150.03 loss@129.01,0.2951333821 0.1698093563 0.02448372357 0.02027568221 0.006518253125 0.006173141766 0.005007627886 0.004202002194 0.004027598538 0.003869386623 0.003629354527 0.003397471504 0.003357244423 0.003337794682 0.003232925432 0.003207269358 0.003110598307 0.003074051114 0.002962064231 0.002819298301
929,frag@106.07 loss@200.02 loss@197.11 loss@192.06 frag@134.06 frag@148.08 loss@209.07 loss@222.08 frag@122.1 frag@106.06 loss@230.14 loss@264.06 loss@215.06 frag@147.05 loss@230.95 frag@235.97 frag@142.01 loss@299.08 frag@120.04 frag@231.12,0.2993440032 0.06020152569 0.003791449592 0.003547335044 0.003072468564 0.002773410408 0.002629940631 0.002590240445 0.002585591748 0.002320711035 0.002301675035 0.001914600376 0.001804105588 0.001777808298 0.00173892884 0.001722929301 0.001635714551 0.00162554346 0.001596117625 0.001544747967
930,frag@156.98 loss@153.05 frag@157.0 loss@199.02 loss@111.11 loss@173.0 loss@111.07 frag@151.96 loss@153.06 loss@312.12 loss@153.04 loss@293.19 frag@150.07 loss@168.1 loss@179.05 loss@187.03 frag@344.21 frag@303.09 frag@319.12 frag@216.08,0.2699917853 0.1620835215 0.07564192265 0.03460831568 0.03165411577 0.02748272195 0.008933278732 0.006205571815 0.006137811579 0.003909948748 0.003336928552 0.003244534135 0.0032064931 0.002470098669 0.002390849404 0.002362402622 0.002316578291 0.002303899033 0.002225041622 0.002177928342
931,loss@280.12 frag@225.1 loss@227.14 loss@129.06 frag@248.08 frag@326.11 frag@168.08 loss@474.25 loss@213.0 frag@175.06 loss@78.05 loss@203.0 loss@161.0 frag@194.99 frag@235.99 frag@157.09 frag@303.12 frag@210.13 frag@213.14 frag@186.06,0.1210236177 0.0729899779 0.05482750386 0.04706002027 0.03287369385 0.01600427181 0.01486577652 0.01256524213 0.01067126077 0.009092919528 0.008015162311 0.006492263637 0.004948856309 0.004893508274 0.004572519101 0.004216780886 0.004212469794 0.004194666632 0.003743658774 0.003501918865
932,frag@172.92 loss@244.14 frag@116.93 loss@170.93 loss@167.08 loss@239.97 frag@144.93 loss@135.1 loss@216.97 loss@272.08 loss@283.06 loss@154.03 loss@539.22 loss@330.05 loss@156.17 loss@233.14 loss@293.19 frag@208.96 frag@183.04 loss@317.13,0.3418666124 0.09141541272 0.04097572342 0.02357988618 0.008082560264 0.006649541203 0.003934070934 0.003751653712 0.002769532613 0.002684937557 0.002008419251 0.001954928739 0.001925165649 0.001877050963 0.001762653585 0.00161538145 0.001540031168 0.001535204006 0.001480806968 0.001479506609
933,loss@192.04 loss@301.07 frag@163.03 frag@118.04 frag@319.16 frag@97.01 frag@125.01 frag@377.07 frag@314.13 frag@185.04 frag@134.07 frag@122.04 frag@176.08 frag@136.02 frag@141.01 frag@155.03 frag@119.06 frag@108.06 frag@120.06 frag@132.07,0.2633895278 0.008740819991 0.008502354845 0.007015158888 0.00493161194 0.004518202972 0.004335425328 0.003780715168 0.003462431021 0.003419603221 0.00311277085 0.00305008376 0.002982989419 0.002982629696 0.002949710237 0.002705441089 0.002621964552 0.002443188103 0.00242253067 0.002416813746
934,loss@172.09 frag@83.01 loss@312.12 frag@201.13 frag@110.02 frag@72.94 frag@58.03 frag@57.03 frag@135.08 frag@190.12 loss@101.09 loss@192.09 loss@172.07 frag@123.08 frag@137.03 frag@178.01 loss@232.16 loss@445.16 frag@240.12 frag@101.01,0.157760486 0.08493171632 0.06703983247 0.02895584516 0.00850767456 0.007601980586 0.005969822407 0.004604087211 0.004476948641 0.00402690284 0.003745306982 0.003585472237 0.003479630919 0.003407705575 0.003102001268 0.00310029462 0.003079207847 0.002915461548 0.002771863015 0.002723920392
935,loss@276.1 frag@171.02 loss@331.11 frag@85.04 loss@299.14 frag@102.01 frag@159.09 loss@185.15 frag@183.05 frag@316.13 frag@247.14 loss@285.03 frag@207.98 frag@159.04 frag@240.03 frag@141.05 frag@180.05 frag@286.12 frag@150.13 frag@323.09,0.103560999 0.09710269421 0.09522950649 0.08328977227 0.01967334002 0.01025164314 0.006045448128 0.004677556455 0.00376081164 0.003591414308 0.003550263587 0.003548929933 0.00349465874 0.003258828074 0.002744549885 0.002444562735 0.002422296908 0.002330667805 0.00221956661 0.002100035315
936,loss@218.14 frag@232.13 loss@201.12 frag@89.07 loss@273.15 loss@268.14 loss@268.15 frag@105.03 frag@202.12 frag@121.06 loss@268.07 loss@341.15 frag@119.05 frag@130.02 frag@151.08 frag@161.1 frag@109.06 frag@241.99 frag@228.99 frag@174.13,0.1254123002 0.07211914659 0.05861610919 0.04079436511 0.03810372576 0.02627819963 0.02285039052 0.0175491944 0.01487875171 0.01231661718 0.01144931652 0.01120342687 0.01062039286 0.01016932819 0.007891249843 0.007497301791 0.006989477202 0.006675370969 0.006672694813 0.006295246072
937,loss@175.14 frag@197.03 loss@171.11 frag@244.08 frag@321.17 frag@167.05 frag@205.06 frag@141.07 frag@239.08 frag@197.0 frag@172.92 frag@184.02 frag@129.02 frag@197.06 loss@157.13 frag@312.17 frag@219.09 frag@132.09 frag@172.03 frag@349.12,0.1811140329 0.06671517342 0.05743577704 0.04356316477 0.03913976625 0.008115464821 0.007687742356 0.006857788656 0.005912656896 0.005758846644 0.005188228562 0.004109557718 0.004078541417 0.003955045249 0.003872414352 0.003834755858 0.003814517986 0.003772424301 0.003518008394 0.003157960018
938,frag@152.08 loss@151.07 frag@114.01 frag@208.07 loss@176.03 loss@223.15 frag@328.18 frag@97.04 loss@173.13 frag@109.08 loss@123.08 loss@225.05 frag@146.07 frag@69.06 loss@172.03 loss@174.09 frag@160.09 frag@109.04 frag@99.06 frag@208.17,0.204118073 0.2034272403 0.04307829216 0.03698627278 0.02460564859 0.01812828146 0.01763237081 0.01101675909 0.0101446053 0.009677012451 0.006036035251 0.005415752064 0.005262823775 0.004554641899 0.004104183055 0.003821719903 0.003544046078 0.003503496526 0.003492203075 0.003258127254
939,frag@229.06 loss@179.0 loss@293.16 loss@175.01 loss@129.06 frag@173.95 loss@279.17 frag@269.14 loss@205.05 loss@166.15 loss@364.08 loss@64.03 frag@219.04 frag@253.1 frag@191.13 frag@126.08 frag@132.06 loss@268.17 frag@178.1 frag@210.13,0.1501854956 0.06878769398 0.06340609491 0.004257976543 0.003919094335 0.003427169286 0.003220196115 0.00292895548 0.002656934317 0.002478367416 0.002315801103 0.002135349903 0.002113262191 0.002079874743 0.002059884369 0.002045830712 0.002025433118 0.002020170214 0.001931205392 0.00187384407
940,loss@184.1 loss@198.11 frag@213.96 loss@186.11 loss@255.01 frag@108.08 frag@136.08 frag@99.05 frag@108.06 frag@95.02 frag@152.05 frag@163.02 loss@229.05 frag@290.16 frag@179.13 frag@112.09 frag@212.11 loss@112.06 frag@150.13 frag@110.07,0.1234919429 0.05978198722 0.05848133937 0.05052352697 0.01000175439 0.006638151128 0.005815381184 0.005362008698 0.004013852682 0.004005035385 0.002728238236 0.002684623469 0.002653934294 0.002637709491 0.002561359201 0.002552176826 0.002508805366 0.002480830997 0.002270704368 0.002264995594
941,frag@191.03 frag@163.03 loss@148.02 loss@190.02 loss@111.14 loss@177.97 loss@164.04 loss@178.08 loss@234.17 loss@138.04 frag@155.07 frag@122.01 frag@122.94 loss@169.06 loss@240.04 loss@168.04 loss@155.03 loss@191.05 loss@165.06 loss@204.04,0.3017717302 0.07587065548 0.06410074979 0.02569286712 0.01703261025 0.011851958 0.01104321517 0.005716538057 0.005600350443 0.005103835836 0.004608562216 0.004470385145 0.003744814545 0.003634647001 0.003516800469 0.003429860342 0.003184749745 0.003162810579 0.002363374922 0.002129531233
942,frag@86.06 loss@278.11 frag@99.05 frag@131.08 loss@259.0 loss@314.12 loss@290.12 loss@173.13 frag@56.05 loss@270.04 frag@85.09 loss@173.02 loss@252.07 loss@201.14 loss@316.15 frag@70.03 frag@82.03 loss@294.06 frag@84.04 loss@249.12,0.2723214626 0.0389477089 0.03892502189 0.005478953011 0.004384357482 0.004273597151 0.003333347384 0.003022099379 0.00299905776 0.002551380545 0.002515407512 0.002451128792 0.002436583396 0.002380557824 0.002377531026 0.002329506446 0.002297319239 0.002155224094 0.002149226842 0.002145536244
943,loss@232.13 frag@230.13 frag@139.07 loss@296.15 loss@146.08 loss@255.11 loss@308.15 loss@363.14 frag@276.08 frag@413.16 frag@164.11 frag@248.07 loss@286.17 frag@278.09 frag@188.13 frag@285.14 loss@251.14 frag@243.16 frag@201.11 frag@148.08,0.09041047841 0.08771904558 0.05923283473 0.04312981293 0.03960075602 0.02411878482 0.02125333622 0.01531056687 0.011810706 0.01101927087 0.008873996325 0.008301318623 0.007459768094 0.00742994668 0.006292378064 0.006038437132 0.005446467549 0.004175494891 0.003834774951 0.003272902919
944,frag@141.14 frag@180.1 loss@140.13 frag@138.05 loss@240.14 loss@259.13 loss@260.05 frag@218.15 frag@122.1 frag@161.1 frag@238.03 frag@241.11 loss@288.17 frag@204.11 loss@312.16 loss@295.1 frag@274.18 loss@278.16 loss@187.14 loss@225.13,0.145970434 0.1389309466 0.1372956187 0.005075441208 0.004350837786 0.003802376566 0.003643546486 0.003252156544 0.002901813015 0.002897677245 0.002714395989 0.002459025243 0.002444824902 0.002292140154 0.002254006686 0.002124304185 0.002094262745 0.001986349467 0.00195946591 0.001906313701
945,loss@166.09 frag@69.01 loss@186.15 frag@155.05 frag@161.03 frag@106.07 frag@148.08 frag@143.01 frag@349.07 frag@169.98 frag@155.06 frag@139.03 frag@113.03 loss@170.09 frag@285.12 frag@149.08 loss@183.14 frag@95.02 frag@190.09 frag@113.02,0.2510260046 0.006138854194 0.005820195656 0.004278403241 0.004190123174 0.004185546655 0.004142697435 0.004043256398 0.004017528612 0.003680307185 0.00358008733 0.003534889081 0.003467903705 0.003319315147 0.002901721513 0.002886177972 0.002762676682 0.002748898696 0.002622886328 0.002592531499
946,loss@156.02 frag@267.09 frag@201.02 frag@147.01 frag@174.05 loss@188.0 loss@113.03 frag@312.16 frag@185.97 frag@267.05 frag@157.03 frag@222.11 loss@110.02 loss@140.03 frag@263.1 frag@84.07 frag@351.18 frag@172.04 frag@154.01 frag@237.0,0.2085648328 0.05914169177 0.04216337577 0.01692771725 0.009546182118 0.005630801432 0.003758010454 0.003618729068 0.003591278568 0.003331936896 0.00328298402 0.00327111152 0.003229110735 0.002956385957 0.002739205956 0.002438622527 0.002400494413 0.002279880457 0.002196775749 0.002136979252
947,frag@72.04 loss@230.04 loss@123.03 loss@369.18 frag@44.01 frag@209.05 frag@159.01 loss@183.03 frag@181.13 loss@271.1 loss@285.17 loss@356.12 loss@216.02 loss@247.06 loss@330.06 loss@346.12 loss@214.17 loss@216.03 frag@55.05 loss@331.1,0.234258458 0.0763451159 0.07385627925 0.03470021859 0.03073792905 0.02658127435 0.02212235145 0.01572228409 0.0115532903 0.009088778868 0.007559334394 0.00684594363 0.005972299725 0.005345040932 0.004848370329 0.004589176271 0.004382477142 0.004227755126 0.003829665715 0.003390849801
948,loss@157.05 frag@232.04 loss@191.04 loss@127.05 loss@171.03 frag@95.03 frag@209.02 loss@149.01 frag@102.03 frag@227.06 frag@98.04 frag@83.03 loss@1.01 loss@143.06 loss@131.03 loss@109.98 frag@189.1 frag@172.05 frag@144.05 frag@80.03,0.08005485684 0.07941967994 0.06333175302 0.04343136773 0.04215687141 0.0417535603 0.03812353685 0.02705968544 0.01305299159 0.01039674692 0.005282659084 0.004362497944 0.004055046942 0.003632861655 0.00353684905 0.003415937535 0.003364850534 0.003291276284 0.002898695646 0.002865267685
949,loss@206.14 frag@138.04 loss@336.11 frag@113.07 frag@136.08 frag@135.02 frag@124.04 frag@364.13 frag@108.04 frag@180.01 frag@125.11 frag@417.15 frag@177.08 frag@239.15 frag@122.02 frag@207.16 frag@275.19 frag@194.13 frag@190.02 frag@182.01,0.2959968746 0.0256033577 0.01286495104 0.01239826716 0.007390860468 0.006435299292 0.006231922191 0.006229078863 0.006208943669 0.005377958063 0.004609202035 0.004211315885 0.004141895566 0.004054292105 0.00399421528 0.003633411834 0.003523641033 0.003411245765 0.003400095738 0.003333298489
950,frag@153.08 frag@143.03 loss@328.08 frag@153.02 loss@653.12 loss@338.06 loss@464.1 frag@181.05 loss@501.11 loss@308.05 loss@418.14 loss@448.1 frag@348.15 frag@189.06 loss@404.13 loss@274.05 frag@153.03 loss@314.06 frag@163.99 loss@301.03,0.1091790795 0.04390059039 0.02553983591 0.01522235479 0.01477635559 0.01423738431 0.01206269208 0.006670976523 0.006067973096 0.005795116536 0.005318547133 0.004400848877 0.003215510398 0.003207273316 0.003018272575 0.00299836765 0.002925948007 0.00281218579 0.002770292806 0.002760611475
951,frag@139.03 loss@195.05 loss@187.11 loss@210.06 loss@237.07 frag@203.13 loss@187.09 frag@231.12 frag@113.02 frag@259.03 frag@120.04 frag@83.03 loss@279.02 loss@224.05 frag@153.01 frag@107.06 frag@135.06 frag@125.02 loss@208.04 frag@125.01,0.1930836886 0.09449996054 0.05912342295 0.0513728559 0.03398218006 0.0277281981 0.01904477365 0.01405526418 0.01010608487 0.005661881529 0.005321430508 0.004897154402 0.004726016428 0.004713759292 0.004579092376 0.004088355228 0.003986200318 0.003621567041 0.003336841706 0.002967642155
952,frag@241.14 frag@243.16 loss@206.07 frag@141.14 loss@216.03 frag@345.19 frag@188.11 loss@128.99 frag@160.13 loss@238.15 frag@180.12 frag@155.12 loss@120.06 frag@84.06 frag@199.1 loss@148.08 loss@163.07 loss@307.17 loss@160.97 loss@259.13,0.2107828557 0.005312187597 0.003352148226 0.003268027911 0.002923755441 0.002218730981 0.002151960274 0.001999378437 0.00178903481 0.001688271179 0.001651990693 0.00161652884 0.001556889503 0.001473453245 0.001429212629 0.001341726515 0.001244322164 0.001208497211 0.001179550542 0.001171495882
953,loss@163.06 loss@120.06 frag@448.16 frag@175.06 frag@225.02 frag@190.09 frag@145.04 frag@159.07 frag@119.06 frag@119.05 frag@230.12 frag@256.05 frag@164.07 frag@160.04 frag@204.07 loss@137.08 frag@223.0 frag@106.07 frag@201.04 frag@236.11,0.2960577905 0.04358639568 0.01851599291 0.007480784319 0.007454519626 0.005755593069 0.004437323194 0.004222588148 0.00393918762 0.003662383882 0.003558872966 0.003539517289 0.003396744141 0.003286192659 0.003274522256 0.003269501729 0.003129025921 0.003015965223 0.00290204538 0.002825723495
954,loss@151.06 frag@168.08 frag@225.1 frag@196.08 loss@88.1 frag@176.02 loss@205.06 loss@161.05 frag@196.05 frag@233.07 frag@150.04 loss@141.12 loss@207.01 loss@129.07 loss@123.07 loss@151.05 frag@153.06 frag@148.02 loss@135.07 loss@213.07,0.2848824859 0.2520875633 0.03299203888 0.02634014376 0.01615358144 0.01610148512 0.01288427319 0.007366913371 0.004833756015 0.00385995605 0.003774357494 0.003644016804 0.002917251782 0.002889239229 0.00247286167 0.002358897822 0.002346472582 0.002314502141 0.002299523912 0.002222206444
955,frag@171.04 frag@143.05 loss@259.08 loss@153.15 loss@122.0 loss@279.17 loss@294.98 frag@165.02 frag@115.06 loss@147.1 loss@230.99 loss@273.08 loss@113.13 loss@149.06 frag@187.06 frag@171.08 frag@115.05 loss@191.02 frag@159.08 frag@145.06,0.2333318144 0.08794675767 0.005476405844 0.002772507258 0.002590270247 0.002366545144 0.002331396565 0.002287782729 0.002141334116 0.001947479439 0.001881817239 0.001855608542 0.001801623031 0.001793873496 0.00176515663 0.00173795037 0.001653585699 0.001625575242 0.00154782075 0.00154088228
956,loss@200.12 loss@210.11 loss@241.12 loss@220.05 loss@211.13 frag@409.2 frag@95.07 frag@84.09 frag@84.08 loss@234.12 frag@101.02 loss@276.18 frag@191.05 frag@291.17 frag@112.08 frag@131.08 frag@171.01 frag@130.09 frag@246.15 frag@55.02,0.09910684824 0.08037245274 0.05591143295 0.043487221 0.02522965707 0.02047632262 0.01884788275 0.01478966326 0.0139836818 0.01392831746 0.01219352148 0.0108781727 0.00867573265 0.007640796248 0.007293705363 0.005273594987 0.005264522508 0.005082407966 0.004970206879 0.004960381426
957,loss@115.06 frag@168.03 frag@194.05 frag@157.03 frag@315.02 frag@245.11 frag@228.05 loss@143.06 frag@147.01 frag@232.04 frag@238.13 frag@88.08 frag@145.02 frag@174.99 frag@157.09 frag@198.16 frag@129.02 frag@189.01 frag@177.02 frag@207.08,0.3159306943 0.05736252293 0.04275054857 0.02765555307 0.02713647857 0.02362166159 0.02023798041 0.01677440107 0.005604771897 0.004628370982 0.004095483571 0.004094546661 0.003868639003 0.00361393136 0.003411917016 0.00336582982 0.003150647972 0.003092782339 0.003083855379 0.003042596858
958,loss@217.12 loss@260.16 loss@270.15 loss@161.09 frag@244.11 frag@159.06 frag@123.02 frag@189.08 loss@245.15 frag@173.11 frag@160.1 frag@120.07 frag@190.11 frag@138.04 frag@163.12 frag@148.08 frag@139.99 frag@155.03 frag@161.03 loss@142.11,0.1429878026 0.06441775709 0.0261345543 0.01938712969 0.01699606888 0.01227530371 0.009194952436 0.008309895173 0.00780785596 0.007268737536 0.0068204524 0.006344042253 0.006148457527 0.005725554656 0.005510918796 0.005236689933 0.005191889126 0.004900114611 0.004884303547 0.004790669773
959,frag@179.0 loss@238.11 loss@239.11 loss@232.07 frag@97.01 frag@162.06 frag@99.07 frag@84.06 loss@267.98 frag@151.06 frag@135.03 frag@110.1 frag@112.99 frag@84.04 frag@131.97 frag@127.09 frag@171.15 frag@232.13 loss@249.15 frag@111.01,0.1604224741 0.1356735229 0.0973803699 0.09733849764 0.02806084044 0.01812236384 0.01583723724 0.01044705044 0.01042153873 0.006811042782 0.006764184218 0.006321035791 0.006156933494 0.005795035046 0.005731848069 0.00486412039 0.004824320786 0.004785855301 0.004463096149 0.004312039353
960,frag@130.07 frag@157.08 frag@185.07 loss@160.1 loss@319.11 frag@171.09 frag@158.08 loss@305.09 loss@174.08 loss@255.15 frag@199.09 frag@173.07 loss@173.1 frag@159.09 frag@144.07 frag@185.11 loss@303.96 loss@95.04 frag@187.09 loss@246.18,0.08441203088 0.07753888518 0.06027393416 0.05486499146 0.03468574584 0.02977534011 0.02300688624 0.01592603326 0.01381469425 0.01282335259 0.01263793558 0.01020330656 0.009298143908 0.009140499867 0.008554355241 0.008059772663 0.007794061676 0.007774819154 0.007295369171 0.006084870547
961,frag@95.09 frag@121.1 frag@107.09 frag@109.1 frag@133.1 frag@147.12 frag@135.12 frag@157.1 frag@123.12 frag@161.13 frag@93.07 frag@159.12 frag@81.07 frag@145.1 frag@187.15 frag@67.05 frag@173.1 frag@125.1 frag@111.08 frag@175.15,0.02424692735 0.02286053263 0.02079903521 0.01876298338 0.01835932024 0.01834316738 0.01655399613 0.0164218042 0.01548707485 0.01540697832 0.01335675456 0.01271498296 0.01085118018 0.01021748781 0.009628835134 0.008613642305 0.008390365168 0.007752918173 0.007419923786 0.006938650738
962,frag@79.02 frag@61.01 frag@62.02 frag@64.0 frag@46.99 loss@392.11 loss@93.03 frag@62.99 loss@298.03 frag@134.96 frag@45.99 loss@81.02 loss@78.09 loss@148.0 frag@77.0 loss@78.04 frag@212.97 loss@237.01 loss@103.06 frag@56.96,0.1110605374 0.09325232357 0.05941110849 0.03285467625 0.02786442451 0.01088285446 0.00725454418 0.006889529061 0.006694237702 0.004820357077 0.003917391878 0.003801375395 0.00363879744 0.003626521677 0.003563485574 0.003532616422 0.00339641585 0.00322662876 0.003225205932 0.003204058623
963,loss@250.09 loss@232.14 frag@192.14 frag@214.12 loss@278.18 frag@188.05 frag@174.04 frag@203.07 frag@126.0 frag@290.13 loss@336.18 loss@232.08 frag@256.02 frag@197.17 loss@288.15 frag@183.11 frag@138.99 frag@186.09 frag@175.11 loss@347.11,0.08537376672 0.05945114046 0.0490988642 0.02262342907 0.01179934572 0.01140255295 0.01075748447 0.00972393062 0.008317342028 0.006283357274 0.006086297799 0.005980449729 0.005321367644 0.005307635758 0.004753288813 0.004589018878 0.004383976571 0.003509004368 0.003491879208 0.003483870765
964,loss@216.14 frag@202.12 loss@268.05 loss@232.04 loss@106.08 frag@179.98 loss@377.15 frag@184.11 frag@240.05 loss@251.19 frag@294.17 frag@217.15 frag@329.14 loss@131.02 frag@278.11 frag@221.15 frag@250.98 loss@229.17 frag@87.99 loss@348.01,0.06405953318 0.04662723839 0.02264380455 0.02185145579 0.01955181547 0.01858231984 0.01739949919 0.01392435096 0.01295907144 0.01294926181 0.01279144268 0.01207469031 0.00921512302 0.008635213599 0.00721785333 0.007166431751 0.005173097365 0.004419736564 0.004100417718 0.003899857402
965,frag@178.01 loss@183.04 loss@211.04 frag@147.05 frag@150.01 loss@227.03 loss@146.08 loss@220.03 frag@165.1 loss@239.08 loss@158.1 loss@305.11 frag@147.09 loss@198.06 loss@275.14 loss@210.04 loss@387.06 loss@202.08 loss@282.07 frag@69.04,0.318351537 0.1546295285 0.004154243041 0.002867462579 0.002619595965 0.002023818204 0.001931456733 0.001868063817 0.001845994033 0.001811294351 0.001714591635 0.001699297805 0.00169291324 0.00161976798 0.001537915319 0.0015360486 0.001500119222 0.001480131759 0.001389073557 0.001345927245
966,loss@184.04 frag@118.05 frag@163.02 frag@121.09 frag@139.03 frag@246.06 loss@181.01 frag@136.02 frag@172.07 frag@134.96 frag@183.98 loss@179.98 loss@197.02 frag@222.95 frag@377.07 loss@186.0 frag@158.04 frag@332.06 loss@210.02 loss@211.03,0.2427817136 0.1946046054 0.01052126288 0.00897391513 0.00482966518 0.004331394099 0.00418282114 0.003848622786 0.003319455776 0.003183637047 0.003173731966 0.003141870722 0.003134163097 0.003116086824 0.003069332102 0.002982096747 0.002946180524 0.00291544944 0.002878883621 0.00280125346
967,frag@123.07 loss@177.04 loss@160.03 loss@214.06 loss@198.04 loss@196.02 loss@151.09 loss@142.01 frag@298.99 frag@160.04 frag@136.1 loss@322.03 frag@216.05 frag@161.08 frag@209.11 frag@204.01 loss@189.05 frag@86.01 loss@222.12 frag@329.12,0.229300499 0.132159695 0.0779524371 0.04517559707 0.03938734159 0.02633277886 0.007437374908 0.006317642983 0.005821429193 0.005786154419 0.005204476416 0.004989837762 0.004689785652 0.004391798284 0.004324091133 0.003788330592 0.003504273249 0.0034811683 0.003410391975 0.003333931323
968,frag@88.08 loss@133.11 loss@228.01 loss@130.07 loss@252.97 loss@95.99 loss@87.07 frag@267.14 loss@151.05 frag@247.04 loss@215.16 loss@272.12 loss@274.06 frag@157.09 loss@35.04 loss@289.14 loss@379.13 frag@191.15 loss@232.13 loss@115.06,0.3432011902 0.06114804 0.03280474991 0.02624294907 0.01556846872 0.006000855006 0.005176751874 0.003797952551 0.003599670017 0.003428928088 0.003104657866 0.002875834703 0.002859322587 0.002824005904 0.00263794628 0.002599594416 0.002554117702 0.002509735525 0.002483029617 0.002445248654
969,frag@145.03 frag@89.04 loss@177.06 loss@147.08 loss@354.09 loss@193.08 frag@117.03 frag@107.01 loss@386.12 frag@173.02 loss@254.06 frag@163.04 frag@219.02 loss@218.09 loss@196.07 loss@215.06 frag@177.05 loss@336.08 loss@90.04 frag@172.05,0.2288620621 0.08776179701 0.07805075496 0.02389946766 0.0232249666 0.0227460172 0.02264742739 0.01829199307 0.01411288884 0.01178868115 0.008948183618 0.008913554251 0.008340499364 0.006184904836 0.006095953286 0.006005228497 0.005751589313 0.005569618661 0.00519870827 0.004884765483
970,frag@151.07 frag@108.06 loss@257.09 frag@123.08 frag@166.09 loss@287.11 frag@136.05 loss@300.16 frag@138.06 frag@261.17 frag@152.08 frag@261.97 loss@198.11 loss@387.15 loss@265.09 loss@220.17 loss@248.13 frag@332.06 loss@234.05 frag@302.22,0.1931392252 0.003106105607 0.002613727236 0.002379548503 0.002196392976 0.002087926026 0.002019166015 0.002015098929 0.001863494399 0.00179862848 0.001762091415 0.001733014011 0.001625813195 0.001617484493 0.001603517914 0.001482841442 0.001479767961 0.001478450024 0.001463522436 0.001422479516
971,loss@159.13 frag@142.12 loss@209.15 frag@67.06 loss@202.17 frag@83.09 frag@110.1 frag@69.07 frag@67.05 frag@198.02 loss@168.13 frag@327.08 loss@187.12 frag@59.05 loss@186.14 frag@55.05 frag@209.14 frag@87.08 frag@124.11 loss@295.08,0.1649234146 0.1626101285 0.09582703561 0.01261537243 0.01227512769 0.01163799129 0.01135744527 0.007918426767 0.007147053722 0.006815147121 0.005838191137 0.005402076524 0.00518009346 0.004831190221 0.004696754739 0.004418380558 0.003824218176 0.003724085633 0.003539469093 0.003436559578
972,loss@133.09 frag@172.96 frag@297.15 frag@281.15 frag@295.17 loss@115.08 loss@133.08 frag@182.94 loss@182.02 frag@134.1 frag@158.98 loss@212.14 frag@259.06 loss@323.19 frag@197.05 loss@135.1 loss@227.17 frag@321.14 frag@134.99 frag@295.12,0.2399728 0.06625027955 0.0641816631 0.05199006945 0.04355838895 0.03867727518 0.02433032356 0.007738747634 0.00606600754 0.004401192535 0.004369858652 0.004143673927 0.003229616443 0.002568596043 0.002513255924 0.002457985887 0.002254019724 0.00213274057 0.002054147189 0.001735743834
973,frag@196.06 loss@283.02 loss@123.08 loss@196.06 frag@111.03 loss@241.08 loss@239.0 frag@139.02 frag@231.12 frag@160.99 loss@295.05 frag@319.14 frag@128.03 frag@250.06 loss@135.03 frag@142.1 loss@152.11 loss@235.09 frag@303.09 frag@131.08,0.2013756931 0.0463170521 0.03156375885 0.003340316471 0.003053845139 0.002787894337 0.002456842689 0.002246537013 0.002237964189 0.002218436915 0.002198887058 0.002035702579 0.002029385418 0.001933244173 0.001806765678 0.001781949541 0.001771084848 0.001652184641 0.001491244184 0.001446180395
974,frag@164.03 loss@118.07 frag@178.04 loss@220.14 loss@126.04 loss@184.04 frag@152.03 loss@149.05 frag@190.04 frag@136.01 loss@184.02 frag@173.08 loss@102.03 loss@180.02 loss@216.99 frag@140.05 frag@171.07 loss@176.11 loss@191.05 loss@162.01,0.2453238219 0.0194432009 0.01613163948 0.009517265484 0.006891138852 0.00606107479 0.004673345946 0.004580515902 0.004217482638 0.003503560321 0.00347427465 0.003310725093 0.003059992567 0.003058161819 0.002970203059 0.002950914437 0.002892222023 0.002858906984 0.002799583133 0.002762263175
975,frag@151.02 frag@161.02 frag@133.01 frag@161.01 loss@167.08 loss@154.9 loss@341.03 loss@245.13 loss@139.04 loss@55.01 loss@271.05 loss@141.04 loss@83.01 frag@116.96 loss@257.05 loss@153.04 loss@82.02 frag@135.03 loss@92.06 frag@134.02,0.1882560253 0.07232599705 0.03320743516 0.02726443112 0.01983274706 0.01768380962 0.007050856482 0.00552056171 0.004795025568 0.004515365232 0.004002670292 0.003949853592 0.003620669479 0.00358099048 0.003414092585 0.003371214494 0.003327362938 0.002774939407 0.002644895809 0.00245361845
976,frag@101.11 loss@228.15 loss@291.17 loss@230.11 frag@127.09 loss@276.07 loss@194.14 loss@299.14 frag@58.06 frag@254.11 frag@101.02 frag@55.02 loss@282.11 loss@274.06 loss@206.13 loss@298.07 frag@214.11 frag@138.09 loss@202.17 frag@115.09,0.288908869 0.1050190106 0.03511123732 0.008721431717 0.008257402107 0.005032993387 0.004278868902 0.004196698312 0.00404712325 0.003787935711 0.00364348921 0.003637916874 0.003469930263 0.003276594914 0.003250031499 0.003248271532 0.003078992944 0.002977468306 0.002899682848 0.002886637347
977,frag@167.06 loss@182.08 loss@32.04 frag@149.05 loss@328.18 loss@239.99 loss@291.13 frag@172.13 loss@211.13 frag@293.13 loss@198.98 loss@253.04 frag@255.03 frag@229.15 frag@195.06 loss@158.08 frag@239.06 frag@200.06 frag@157.09 frag@166.02,0.2281134427 0.2243587822 0.006128339097 0.003652687417 0.002884870628 0.002656359924 0.002652819501 0.002554471605 0.002453440335 0.002427170053 0.002336883452 0.002335297177 0.002244111616 0.002048051916 0.001875371207 0.001861269935 0.00168067764 0.001670558471 0.00165106752 0.001474183169
978,loss@197.1 frag@219.1 frag@130.97 loss@269.05 frag@198.1 frag@302.22 frag@161.99 loss@302.14 frag@123.02 loss@345.15 loss@228.15 frag@176.11 frag@157.06 loss@336.1 frag@171.99 frag@298.07 frag@295.17 frag@169.01 frag@130.03 loss@252.1,0.1966625005 0.1836267859 0.0605622679 0.0141222626 0.005348121747 0.003045238554 0.002696514595 0.002256208332 0.002164235106 0.001936909859 0.001913924352 0.001907808241 0.001852218411 0.001850871486 0.001752278418 0.001705805771 0.001693854458 0.001690403442 0.001629391103 0.001593013178
979,frag@151.08 loss@277.14 loss@286.14 loss@270.14 loss@263.19 loss@297.11 frag@136.05 loss@269.16 frag@108.06 loss@277.15 loss@159.13 loss@286.07 frag@161.1 loss@206.08 frag@243.16 frag@121.06 loss@193.11 loss@266.17 loss@305.14 frag@121.03,0.3415703475 0.05804888904 0.02711542696 0.02613341436 0.02223413996 0.01301989239 0.009408551268 0.008251571096 0.006357716862 0.00561761111 0.005175874103 0.004997235723 0.004446254112 0.003624467645 0.003371877596 0.003053979483 0.003028143896 0.002876338782 0.002848305972 0.002833515173
980,frag@178.1 loss@122.05 loss@132.07 frag@93.04 frag@188.08 loss@109.09 loss@95.04 loss@243.01 frag@95.06 loss@311.07 frag@256.96 loss@180.02 frag@96.04 frag@135.06 frag@69.04 loss@178.12 loss@173.1 frag@312.12 loss@253.02 frag@290.14,0.1643883735 0.116696924 0.09373401105 0.08071436733 0.05849637464 0.03651835769 0.0242167525 0.01097829733 0.009800031781 0.008246622048 0.007583790924 0.006665904541 0.004506151192 0.004470619373 0.00434439769 0.003826827975 0.003793949261 0.003507304471 0.00325140194 0.003234100062
981,frag@117.06 loss@87.03 loss@73.02 frag@128.05 loss@43.99 frag@90.03 frag@129.04 loss@45.0 loss@46.01 loss@28.0 frag@104.05 frag@117.04 frag@116.05 loss@74.0 loss@85.02 frag@118.06 loss@59.01 loss@114.04 loss@100.03 frag@131.07,0.09004005045 0.04879676923 0.04795537889 0.04469364882 0.0439953357 0.0351062119 0.03248956427 0.03108812869 0.02328932844 0.02321916074 0.0193835739 0.0183852464 0.01676173136 0.01487228554 0.013821017 0.01368317567 0.01324017812 0.01264168881 0.0122113442 0.01140608359
982,frag@180.08 frag@208.11 loss@168.08 frag@257.13 frag@344.21 frag@206.1 loss@118.11 frag@157.06 loss@135.07 loss@270.12 frag@194.08 frag@243.12 loss@111.14 loss@216.1 frag@195.09 frag@165.07 loss@180.11 loss@136.05 loss@305.08 frag@152.05,0.1438936889 0.1373965293 0.02512872405 0.007467690855 0.006213977933 0.005289600696 0.004161590245 0.003173471661 0.003090908984 0.0030392115 0.002957747085 0.002822330222 0.002622051165 0.002519588917 0.002319788327 0.002300376305 0.002220433438 0.002105204388 0.001885606209 0.001774539938
983,frag@127.02 frag@151.01 loss@126.03 frag@225.11 loss@146.02 frag@212.07 frag@180.03 frag@129.03 loss@102.05 loss@71.01 loss@98.02 loss@209.01 loss@237.01 loss@150.03 frag@275.11 loss@154.03 loss@135.01 loss@141.02 loss@145.01 loss@160.02,0.06729530543 0.05121539161 0.04445667192 0.03388270363 0.02992828935 0.02893901803 0.02279121988 0.02189414203 0.02154597454 0.01513410546 0.01512404997 0.01311525051 0.01241021324 0.01048317924 0.01005597319 0.009509489872 0.009209971875 0.008200561628 0.007581553888 0.006014755461
984,loss@196.04 frag@212.12 loss@95.04 frag@158.07 frag@144.07 frag@212.08 frag@163.02 frag@238.13 frag@155.94 frag@171.09 loss@187.09 frag@186.07 frag@206.08 frag@344.21 loss@194.01 loss@320.1 loss@244.08 frag@147.03 frag@169.08 frag@128.03,0.2080484927 0.2062231153 0.00441756798 0.004263585899 0.002941812621 0.002883997979 0.00287810876 0.002752839588 0.002720142948 0.002587762196 0.002289300784 0.002192449756 0.002167162253 0.001952808816 0.001919319388 0.001831435133 0.001670002006 0.001509248279 0.001474944758 0.001471814001
985,frag@85.08 loss@238.17 loss@288.14 loss@174.09 frag@86.08 frag@130.1 loss@201.14 loss@356.15 frag@55.03 frag@84.04 loss@257.15 frag@86.06 frag@110.1 frag@98.07 loss@203.12 frag@59.06 frag@97.05 frag@113.07 frag@124.11 loss@249.07,0.1458260864 0.1071047857 0.06897480786 0.0301623866 0.02096766792 0.01223453227 0.01026688609 0.008853499778 0.007325382438 0.005031433888 0.004894662183 0.004701183643 0.004639618564 0.004522772506 0.004515872803 0.004145505372 0.004102948587 0.004083250184 0.003880518954 0.003484359942
986,frag@159.08 frag@158.07 loss@248.09 loss@188.07 frag@132.06 frag@161.06 loss@206.12 frag@146.07 frag@130.04 loss@205.15 loss@171.96 loss@220.11 loss@204.1 loss@290.1 loss@162.07 loss@189.08 loss@277.16 loss@364.08 frag@231.12 frag@136.03,0.2588071823 0.02899733186 0.008459946141 0.0071535022 0.006475513801 0.006168632768 0.005308966152 0.005174872931 0.004902913701 0.004691376816 0.004663588013 0.004571755417 0.00439882651 0.004101823084 0.003512241412 0.003270394402 0.003070523031 0.002981692087 0.002904165769 0.002893491648
987,loss@142.07 loss@167.08 frag@179.99 frag@197.1 frag@144.95 frag@203.11 frag@172.92 frag@151.02 frag@155.98 frag@208.01 frag@161.01 frag@135.03 frag@239.02 frag@238.04 frag@151.11 frag@74.01 loss@154.9 frag@399.18 frag@235.09 frag@317.09,0.2340116203 0.1709339321 0.1341873854 0.0414866209 0.01246282831 0.007695085369 0.007199313957 0.006834754255 0.005224800669 0.004512816202 0.003894207301 0.003503274173 0.003485982073 0.003292606678 0.003287857398 0.003146530595 0.003135258099 0.00277120946 0.002515628235 0.002508923411
988,loss@134.04 loss@114.04 loss@55.04 loss@81.06 frag@86.0 frag@63.02 frag@155.06 frag@90.03 frag@115.05 loss@86.01 frag@213.1 frag@448.16 frag@131.07 frag@159.07 loss@115.04 frag@128.06 frag@219.08 frag@98.04 frag@239.12 frag@62.99,0.1342661232 0.07136324048 0.04680387303 0.02192984335 0.01444124151 0.01007456146 0.01005964167 0.008454054594 0.008254701272 0.00810216181 0.006299124099 0.005807531066 0.005488461349 0.005456289742 0.005394300912 0.005219318904 0.005185559392 0.004995978437 0.00490803225 0.00488917483
989,frag@68.05 frag@82.06 loss@208.12 frag@70.07 frag@42.03 frag@83.06 frag@56.05 frag@125.07 loss@206.05 frag@82.07 frag@111.09 loss@241.06 frag@97.08 loss@209.06 frag@69.06 loss@301.08 frag@83.07 loss@199.0 frag@94.07 frag@95.06,0.06865353137 0.06314655393 0.04905901849 0.02628451958 0.02521151304 0.02417066321 0.01615046896 0.01598522253 0.01535460446 0.01425133832 0.01376583148 0.01293001976 0.01228303183 0.01208464243 0.01143056434 0.01097082533 0.01004661433 0.009500417858 0.009437696077 0.008756513707
990,frag@122.1 loss@153.09 loss@246.15 loss@259.12 frag@108.08 loss@198.15 frag@265.13 frag@190.12 frag@345.19 frag@207.98 loss@235.0 frag@136.08 frag@223.0 loss@230.08 loss@181.09 frag@264.05 frag@87.06 loss@285.03 frag@218.09 loss@267.13,0.2730810046 0.1800066531 0.04808329791 0.03348867223 0.01355370972 0.0118671786 0.009206900373 0.008427950554 0.007164806128 0.006718755234 0.005905686878 0.005614895374 0.00495837722 0.004284155089 0.004257712979 0.003946610726 0.003806125605 0.003713277867 0.003582900623 0.003467343748
991,frag@80.05 frag@107.06 frag@96.04 loss@212.06 frag@108.04 frag@79.04 frag@78.03 frag@66.03 loss@221.04 loss@262.05 frag@94.06 loss@142.01 loss@215.05 loss@201.04 frag@92.05 loss@200.06 loss@196.06 frag@135.06 frag@93.04 loss@100.04,0.1259800047 0.07334493101 0.04045172408 0.0215493571 0.01601104625 0.01448019035 0.01308293547 0.0126373414 0.0125093814 0.01195127424 0.01156976726 0.01019112393 0.008204432204 0.007746316958 0.007326777559 0.007131104358 0.006664330605 0.0065401108 0.006067089271 0.005309925415
992,loss@238.2 frag@330.12 frag@115.07 frag@239.21 frag@223.02 frag@178.95 frag@73.06 loss@272.06 frag@353.09 frag@71.03 loss@298.18 frag@109.03 frag@127.09 frag@307.07 loss@170.11 frag@247.04 loss@281.09 loss@224.01 frag@353.16 loss@281.15,0.2346737981 0.1662018597 0.0242243167 0.01547663193 0.006274423096 0.005004060455 0.004800870083 0.003543397645 0.002680778736 0.002642126987 0.002192318672 0.002093089744 0.001462409622 0.001362767303 0.001257978845 0.001203183434 0.001180862309 0.001125381445 0.001113732113 0.001051471336
993,frag@142.05 loss@190.04 loss@179.03 frag@230.07 loss@100.01 frag@187.0 frag@122.94 loss@62.96 frag@326.18 frag@179.06 frag@174.02 frag@246.08 loss@108.03 frag@204.08 frag@215.08 frag@230.98 frag@58.99 loss@125.02 frag@202.04 loss@169.06,0.1813213825 0.1309243143 0.09335035831 0.07669799775 0.07536340505 0.01456190646 0.01144675631 0.00656879181 0.003923362587 0.003495512297 0.003336389316 0.003291618545 0.003276652424 0.003110648831 0.002937589539 0.002833416685 0.002828246914 0.002680448582 0.002677024109 0.002636809135
994,loss@157.02 loss@222.03 frag@135.1 frag@255.12 loss@274.05 frag@211.02 frag@124.02 loss@314.12 frag@76.02 loss@343.98 frag@82.03 frag@341.15 frag@143.03 frag@267.03 loss@123.02 frag@139.01 frag@125.03 loss@266.01 loss@156.01 frag@99.06,0.09389594942 0.08015361428 0.07870134711 0.07325369865 0.04812201485 0.01882085949 0.008255234919 0.007857996039 0.007799425628 0.007033967413 0.006046967115 0.005460198037 0.005042341072 0.005033562891 0.004622566979 0.004476798233 0.004082822241 0.003953821491 0.003898061812 0.003811658127
995,frag@218.08 frag@244.05 frag@217.12 frag@246.14 loss@303.06 frag@255.17 frag@233.02 loss@152.07 loss@170.09 loss@28.03 loss@390.12 loss@265.08 frag@285.12 frag@305.07 loss@112.09 frag@288.04 loss@237.22 loss@553.2 frag@257.11 frag@162.04,0.1487476975 0.06110790744 0.01266894769 0.007238507271 0.006245718338 0.004075737204 0.003874177579 0.003491962329 0.00276513584 0.002747298917 0.002442079131 0.002028314397 0.001996117644 0.001949237077 0.001852523885 0.001712892205 0.001651642728 0.001505525433 0.001482812804 0.001441633096
996,loss@158.06 frag@129.06 loss@172.06 loss@145.05 frag@174.08 frag@317.11 loss@106.06 frag@145.08 loss@138.02 loss@144.07 loss@211.97 frag@251.1 frag@273.11 frag@173.07 loss@187.93 loss@330.04 frag@328.01 frag@145.09 frag@157.17 frag@282.07,0.08235579729 0.06663577259 0.0644678846 0.05721891299 0.05201729387 0.02995691821 0.02670436911 0.02468241192 0.02034807205 0.02005804889 0.01786631905 0.01737082005 0.01693448983 0.01133351214 0.009689001366 0.008591644466 0.00806234777 0.0061897696 0.006076976657 0.005763390101
997,frag@273.04 loss@220.15 loss@267.15 frag@176.98 frag@176.11 loss@210.13 loss@302.13 loss@276.22 frag@151.07 frag@151.08 frag@270.11 loss@211.13 loss@250.17 loss@273.15 frag@210.12 frag@274.05 frag@327.08 loss@224.15 frag@121.09 loss@277.15,0.2110430449 0.09358537942 0.04831892624 0.006431641988 0.005696301814 0.004335454665 0.003460955573 0.00313485181 0.002999377903 0.002948704874 0.002629568567 0.002568205353 0.002478341339 0.002448687563 0.002318393672 0.002240360482 0.002207377693 0.002185005229 0.002124008257 0.002084237756
998,loss@171.09 loss@143.09 frag@126.09 frag@55.02 frag@87.04 frag@101.02 frag@112.08 frag@84.08 frag@155.12 frag@144.1 frag@83.09 frag@45.03 frag@67.05 frag@150.13 frag@135.0 frag@55.05 frag@82.06 frag@43.02 frag@233.13 frag@59.05,0.3288166225 0.04014793783 0.02133748494 0.01791340299 0.01295781322 0.01193609554 0.01115253102 0.01038220897 0.00994902011 0.009398845024 0.008297845721 0.008034951054 0.007835774682 0.007636479102 0.007282208651 0.007097215857 0.006656356156 0.006635899656 0.006489292253 0.006269166246
999,frag@205.06 loss@116.06 loss@118.11 frag@208.11 frag@154.06 frag@197.03 loss@246.09 frag@195.09 frag@180.08 frag@320.16 loss@185.07 loss@151.05 frag@235.97 loss@287.97 frag@128.04 frag@140.05 loss@175.14 frag@172.97 loss@168.08 frag@338.14,0.2471684963 0.1455463469 0.04541444406 0.03685608879 0.005132284481 0.003387771547 0.003037714399 0.002681503538 0.002334827557 0.002131681889 0.002079960657 0.001858245465 0.001789936097 0.001675228821 0.00155567599 0.001547243912 0.001539344899 0.001468077069 0.001429383876 0.001397971646
