topic_id,top_words,top_probabilities
0,frag@70.06 loss@302.14 loss@187.08 loss@236.09 loss@249.15 loss@219.12 loss@257.15 loss@232.1 loss@258.04 loss@280.05 loss@282.08 loss@287.13 loss@271.13 loss@284.12 frag@98.08 loss@260.13 loss@261.11 loss@247.12 loss@282.15 loss@227.08,0.4559417069 0.06227592379 0.0613745451 0.05196593702 0.04731011018 0.04489512369 0.03475166857 0.01898993365 0.01039176062 0.009714845568 0.009484898299 0.007163674105 0.006844967604 0.006583217531 0.00598118687 0.005340198055 0.005164507311 0.005131535232 0.005087757017 0.005044227466
1,frag@233.07 frag@193.02 loss@66.01 frag@95.04 loss@89.01 loss@116.02 loss@85.03 loss@105.02 loss@146.03 loss@123.03 loss@126.01 frag@66.05 loss@74.02 loss@132.05 frag@132.03 loss@46.03 frag@232.03 frag@89.02 frag@293.19 loss@109.02,0.0965507552 0.06886168569 0.0612927787 0.06038028747 0.05217590556 0.04271586612 0.03822910413 0.03762923554 0.03363592923 0.02932306752 0.02796431445 0.02768122964 0.01795893349 0.01765134372 0.01735471375 0.01287894603 0.01266457047 0.01000028662 0.009884307161 0.008743524551
2,frag@203.11 loss@214.0 loss@267.07 loss@338.14 frag@83.01 frag@160.99 frag@217.02 loss@115.02 frag@187.11 frag@162.06 loss@253.12 loss@330.05 loss@306.16 loss@330.13 frag@212.06 frag@349.07 frag@81.08 loss@143.01 loss@223.11 frag@338.08,0.1351320446 0.06573908031 0.05544741079 0.0372630693 0.02986359969 0.01705875807 0.01673936099 0.01670441031 0.01383130625 0.01262459531 0.01001423225 0.008115173317 0.007928553969 0.006351668388 0.006342181936 0.006252233405 0.004571889527 0.004243622534 0.004223358817 0.004088292364
3,loss@271.1 frag@211.05 loss@304.09 frag@278.13 frag@96.02 frag@210.06 loss@215.97 frag@227.04 loss@198.12 loss@218.02 frag@254.07 frag@178.02 frag@239.1 frag@193.13 frag@167.08 frag@210.11 frag@189.14 loss@101.0 loss@190.13 frag@208.0,0.2233087122 0.1447488219 0.132257849 0.09251757711 0.08601524681 0.05182920396 0.05181534588 0.04765486345 0.01393045206 0.01135677472 0.006290181074 0.006274052896 0.00522689661 0.003814019728 0.003328760853 0.003166127717 0.002829712117 0.0025005762 0.002388598165 0.002223145682
4,frag@213.06 loss@118.05 frag@232.06 frag@283.12 loss@215.99 loss@156.07 frag@170.0 loss@178.0 frag@331.16 frag@251.09 frag@192.15 loss@126.06 frag@214.06 loss@43.05 frag@283.11 frag@200.09 frag@80.01 frag@339.12 frag@279.08 frag@202.97,0.06222748756 0.0602758266 0.05321533233 0.03380334377 0.02551046759 0.01765636727 0.0160742458 0.01580178738 0.01344945282 0.01340299845 0.01189278066 0.01165011898 0.00950365141 0.009062096477 0.008633809164 0.007768223993 0.006943040062 0.005814880133 0.005609448534 0.00551197445
5,loss@174.07 frag@130.07 frag@159.09 frag@173.07 frag@145.08 loss@157.08 loss@186.08 frag@178.09 frag@187.09 frag@185.07 frag@118.06 frag@174.06 frag@161.07 frag@157.08 loss@264.11 loss@202.07 frag@130.06 loss@264.1 frag@255.08 frag@144.07,0.16073066 0.1510309577 0.05174956843 0.03850758821 0.02041967213 0.01341990195 0.01268481091 0.0125847673 0.01213292964 0.01161424629 0.01041451842 0.01013251208 0.009880317375 0.009358013049 0.009283247404 0.008033513092 0.007698491216 0.007635848597 0.007515667472 0.007074780762
6,frag@190.03 loss@181.15 loss@82.04 frag@82.04 loss@177.15 loss@238.99 loss@97.03 frag@193.06 frag@46.07 frag@192.07 frag@221.05 loss@104.07 loss@157.12 frag@165.07 loss@132.03 loss@104.04 loss@209.06 frag@114.06 loss@277.03 loss@358.06,0.2290048748 0.1062297896 0.05019136518 0.05001928657 0.04379860684 0.03769322485 0.02296782285 0.01245137863 0.01116977632 0.01005072333 0.008569548838 0.008236573078 0.007493644487 0.006883258931 0.006778975483 0.006261807401 0.005428194534 0.005401953589 0.005253865849 0.005213725381
7,loss@181.15 frag@153.07 loss@237.18 frag@168.04 loss@338.12 frag@288.1 loss@279.17 loss@203.15 frag@83.08 frag@188.99 frag@158.12 frag@166.04 loss@155.11 frag@59.05 frag@69.07 frag@235.14 frag@181.06 frag@284.05 loss@157.11 frag@140.14,0.2360646129 0.08612693846 0.08094185591 0.06734345853 0.03187668324 0.02625711448 0.01754565164 0.01707971469 0.01662220992 0.01575649902 0.01560566761 0.01408790145 0.01166263688 0.009973501787 0.009050069377 0.007778801955 0.007730104961 0.007359597832 0.006644879002 0.006201358046
8,frag@224.08 frag@263.07 loss@215.99 frag@144.03 frag@181.96 frag@210.08 loss@18.03 frag@256.07 loss@216.98 loss@344.1 loss@126.1 frag@285.07 frag@156.06 loss@130.14 loss@173.97 loss@413.21 loss@86.05 loss@225.01 frag@211.06 loss@280.02,0.07968749106 0.04896610603 0.02825667895 0.01323686447 0.01046525221 0.01013130136 0.008677558973 0.007765953429 0.007123534568 0.007115671877 0.005051265005 0.004844104871 0.00484024873 0.004388229921 0.004385476932 0.004066011868 0.00403617043 0.004015001934 0.004010782577 0.003733317368
9,frag@118.07 loss@215.09 loss@228.09 loss@272.11 loss@240.13 loss@215.14 loss@274.11 loss@267.11 frag@132.08 frag@145.09 frag@118.06 frag@158.06 frag@146.1 frag@130.07 loss@264.11 frag@171.05 frag@159.1 frag@253.13 frag@160.08 frag@142.06,0.302491188 0.09639217705 0.05180525407 0.04567970708 0.04257565364 0.01638903655 0.01599952579 0.01337974798 0.01259829476 0.01199082937 0.009986069985 0.00939688459 0.009285123087 0.00898937881 0.008886344731 0.008846264333 0.007738022599 0.007485700306 0.007082703523 0.00656708749
10,frag@127.09 loss@239.11 loss@276.08 frag@85.05 loss@210.14 frag@100.08 frag@128.11 loss@285.06 loss@301.1 loss@308.08 loss@257.15 frag@291.12 frag@84.04 loss@262.11 frag@210.15 loss@277.1 loss@367.19 loss@194.14 loss@324.09 loss@246.13,0.1848507971 0.07149533182 0.06381264329 0.05827637389 0.05692298338 0.04829074815 0.03966254741 0.03519571573 0.02155531198 0.01871079765 0.01740094088 0.01508783735 0.01255178824 0.01008525118 0.009177866392 0.008623945527 0.00817355793 0.006955634803 0.006201189943 0.00513162557
11,loss@246.15 loss@274.18 frag@230.13 frag@181.0 frag@189.13 frag@225.16 frag@153.09 frag@283.17 frag@334.1 frag@340.14 frag@181.1 loss@224.14 loss@312.14 loss@187.13 frag@215.06 frag@273.03 frag@297.15 loss@240.14 loss@281.14 frag@208.04,0.2889708579 0.1566179544 0.1362559795 0.06861254573 0.06139307097 0.05517828092 0.03598056734 0.01585348509 0.0115329409 0.007443116512 0.007022701669 0.006306462921 0.004815140273 0.004207525402 0.003855587216 0.003627983388 0.003178993007 0.002069432056 0.00193855667 0.001776050543
12,frag@120.08 frag@134.1 frag@146.1 loss@218.11 loss@246.1 loss@236.12 loss@228.09 loss@191.13 loss@191.1 frag@148.11 loss@253.09 loss@269.08 loss@274.11 loss@251.1 loss@275.05 loss@312.06 loss@312.13 loss@237.17 loss@309.11 loss@274.17,0.2581391037 0.1106449962 0.09684427083 0.07468352467 0.05553661659 0.05086712167 0.03845493123 0.03682232276 0.02663964406 0.02394038998 0.02349528484 0.01735529117 0.01658965275 0.01187050343 0.009869301692 0.008110589348 0.007129149046 0.006829188671 0.004401676357 0.004343745764
13,frag@226.07 frag@144.03 loss@242.02 frag@111.07 loss@137.04 loss@183.17 frag@239.13 frag@186.98 loss@203.01 loss@174.02 loss@291.04 frag@232.03 loss@119.11 loss@355.16 frag@217.07 frag@56.01 frag@223.97 frag@196.97 loss@223.97 frag@170.0,0.0618882142 0.06174036488 0.04962706938 0.04613075405 0.03898878396 0.02847441286 0.0244029928 0.01635027304 0.0157780908 0.01141828671 0.009746554308 0.009352833964 0.009182274342 0.008980693296 0.008669489063 0.007041405421 0.006907820702 0.006491456646 0.006234862842 0.006083081011
14,frag@208.05 loss@82.04 loss@97.03 frag@306.09 loss@161.04 frag@293.12 frag@279.1 frag@183.03 frag@228.1 frag@273.16 frag@55.03 loss@322.09 frag@255.04 frag@246.02 frag@279.04 frag@257.05 loss@240.16 loss@143.02 frag@164.13 frag@190.03,0.04563638568 0.03531226516 0.0181624312 0.01491814852 0.01042540185 0.01011002902 0.009188858792 0.007554441225 0.007283814717 0.006961156614 0.005964434706 0.005712899845 0.004440802615 0.004020218737 0.00395519333 0.003859781893 0.003812026465 0.00349099352 0.002525411313 0.002458255971
15,frag@147.06 loss@227.11 frag@120.07 loss@215.11 loss@198.08 frag@133.08 loss@185.08 loss@291.1 frag@187.12 loss@285.09 frag@132.06 frag@161.07 frag@145.08 loss@203.1 loss@211.11 frag@210.12 frag@120.04 loss@204.13 loss@174.04 loss@260.12,0.2588040233 0.08801805228 0.08764328808 0.08140820265 0.06849808246 0.02315650322 0.02146808617 0.02014925145 0.01424947381 0.01348660607 0.01247418672 0.01165922265 0.01051450148 0.01014293358 0.01007846557 0.00971703697 0.007067010272 0.006522877607 0.006506128237 0.00596646592
16,loss@184.09 frag@140.06 frag@218.98 frag@156.02 frag@268.02 frag@98.05 frag@102.97 frag@186.03 frag@245.08 frag@150.06 frag@70.04 frag@310.12 frag@171.03 loss@247.14 frag@98.07 frag@158.98 frag@139.01 frag@188.05 frag@171.04 frag@132.09,0.4871679246 0.2567658126 0.06716123223 0.03780151159 0.0149115501 0.01364221144 0.01343926694 0.01172439661 0.00680897478 0.003809851827 0.003787712893 0.003456288483 0.003104940988 0.002960207174 0.002514148597 0.002411210677 0.002212077146 0.001693349797 0.00167640124 0.00143787032
17,frag@135.08 loss@205.11 loss@204.1 loss@162.07 loss@219.13 loss@265.09 loss@219.09 loss@207.09 frag@133.06 loss@206.09 loss@223.12 loss@254.12 loss@230.09 loss@219.11 loss@186.06 loss@298.11 loss@241.14 loss@230.12 loss@233.11 loss@208.1,0.4886161387 0.3282481134 0.0357943885 0.03419604897 0.01436234545 0.006313893013 0.006307068281 0.006012853701 0.005627622828 0.004624729045 0.003882301273 0.0038304755 0.003789359936 0.00344402506 0.003060376039 0.003028092673 0.002324541798 0.002103684703 0.001785510103 0.001670754049
18,frag@151.04 loss@222.05 loss@236.05 frag@179.07 loss@256.05 frag@95.05 frag@78.05 loss@324.11 loss@401.15 frag@111.04 loss@257.11 loss@195.06 loss@243.15 loss@526.13 loss@188.05 loss@355.15 loss@328.02 loss@421.16 frag@113.06 loss@257.07,0.2864893377 0.1013763547 0.09025236964 0.07749665529 0.05810616538 0.03738262877 0.03531898186 0.03162957728 0.02301006205 0.02196479775 0.01625839062 0.01168560144 0.008878702298 0.006470028311 0.005756774452 0.005623816047 0.005396932364 0.005142093636 0.005083956756 0.004934809636
19,frag@238.1 loss@110.11 frag@68.04 frag@310.12 frag@227.18 loss@140.12 loss@179.97 loss@301.09 loss@197.18 frag@272.07 loss@306.06 loss@338.15 frag@272.09 frag@431.21 loss@178.15 frag@231.95 loss@214.16 loss@263.01 loss@277.02 loss@417.16,0.1180603355 0.07769867778 0.04977012426 0.02409061231 0.0181970913 0.01190180518 0.009913782589 0.009625955485 0.009299043566 0.008194463328 0.007428833749 0.00677043898 0.005610326305 0.005433966406 0.005353595596 0.005097826011 0.004856315441 0.004729143344 0.004462657496 0.004452140536
20,loss@183.05 loss@205.08 frag@146.96 frag@98.99 frag@240.06 frag@195.11 loss@302.05 frag@96.06 frag@344.17 frag@208.01 frag@59.02 frag@138.1 frag@139.03 frag@126.05 loss@247.03 frag@122.08 frag@188.11 frag@238.03 frag@136.1 loss@234.18,0.2790616453 0.1859642863 0.1391275078 0.1174477488 0.09777348489 0.07924842834 0.006692233961 0.004188880324 0.004001367372 0.003706629155 0.003408420831 0.0029672042 0.002728084102 0.002674736315 0.002253262326 0.001864185208 0.001710945042 0.001683187555 0.001369560254 0.001268000575
21,loss@159.1 frag@323.13 frag@191.07 loss@157.13 frag@259.06 frag@215.05 loss@286.09 frag@170.98 loss@149.12 frag@207.07 frag@171.08 frag@268.08 frag@346.12 frag@221.11 frag@214.98 loss@133.09 frag@267.07 frag@195.09 frag@175.04 frag@350.18,0.3187844753 0.1222482994 0.09352993965 0.04365213215 0.03278075531 0.02947802655 0.02727372572 0.02507560141 0.01488427538 0.01222898625 0.009655545466 0.008516342379 0.007637582719 0.006335668731 0.006268194877 0.0054067499 0.005147380289 0.004613752011 0.003972893581 0.003568316344
22,frag@233.12 frag@91.03 loss@242.1 loss@297.07 loss@196.0 loss@266.04 frag@261.09 loss@232.04 loss@116.1 loss@318.16 loss@325.19 loss@261.1 loss@283.09 loss@235.15 frag@348.99 loss@156.98 frag@240.05 frag@263.09 loss@239.09 loss@268.05,0.1578748822 0.06555046141 0.02657243982 0.02484597638 0.01328952052 0.01286087185 0.01285289135 0.009143671952 0.008608250879 0.007290694397 0.00653254427 0.006071685813 0.005607701372 0.00519482512 0.004958072212 0.004625685513 0.004469583742 0.004440603778 0.004156957846 0.003489922732
23,frag@145.05 loss@158.06 loss@145.05 loss@125.04 frag@173.07 loss@172.06 frag@201.07 loss@158.05 loss@136.08 loss@182.08 frag@174.06 frag@129.06 frag@309.09 loss@110.06 loss@114.07 loss@146.05 loss@134.06 loss@159.1 loss@108.08 frag@260.08,0.4572116137 0.226273492 0.1483414173 0.06750754267 0.01507439837 0.01102810446 0.0104590524 0.007484917529 0.004869970959 0.00300375768 0.002533508232 0.002430621069 0.002099793172 0.001989961369 0.001965898089 0.001695098006 0.00157467695 0.001111448626 0.001102444949 0.0008944186266
24,frag@160.06 loss@135.03 loss@106.01 frag@158.04 loss@66.01 loss@123.01 frag@184.97 loss@102.01 loss@91.02 loss@103.02 loss@116.03 loss@90.0 frag@114.03 frag@289.05 loss@295.02 loss@297.03 loss@186.0 loss@343.09 frag@169.08 loss@90.09,0.3379672468 0.111294806 0.06265989691 0.05481825024 0.03868678585 0.02415602282 0.01819381304 0.01666771062 0.01380845346 0.01158583164 0.009190670215 0.009032318369 0.006765003316 0.006084448658 0.005806867965 0.004985437263 0.004563312512 0.004344948102 0.004242027178 0.003891526256
25,loss@158.09 frag@246.09 frag@236.03 loss@350.12 loss@191.0 frag@131.05 frag@293.09 loss@273.08 frag@143.05 frag@131.04 frag@103.05 loss@425.22 frag@104.03 frag@104.06 frag@304.08 frag@219.12 frag@243.95 frag@75.03 loss@525.21 loss@451.17,0.2567202449 0.1498445272 0.08692523092 0.08294854313 0.07225054502 0.06188996881 0.03922015801 0.03398732096 0.02730852738 0.01943050139 0.0164901223 0.00980045367 0.007353909779 0.004900974687 0.004536985885 0.004413606133 0.004099047743 0.00397745613 0.00339950528 0.00304136239
26,frag@133.05 loss@152.07 loss@171.03 loss@99.01 loss@291.09 loss@85.03 loss@283.05 loss@185.06 loss@200.04 loss@88.04 loss@201.07 frag@131.04 loss@181.01 loss@197.04 loss@184.05 loss@144.06 frag@190.01 frag@209.02 loss@220.02 loss@234.16,0.488381058 0.1859265119 0.09734269232 0.07775756717 0.07718072087 0.005598374177 0.004218803253 0.002645440632 0.002445543185 0.002034243895 0.001943608397 0.001687772223 0.001583018689 0.001523213577 0.001400270383 0.001376721775 0.001036030124 0.0009593882714 0.0008195075206 0.0007905696984
27,frag@244.09 frag@251.08 loss@101.07 frag@258.02 loss@104.01 frag@251.09 frag@321.16 frag@283.12 loss@61.09 frag@235.11 frag@304.04 frag@322.11 loss@75.08 loss@74.05 frag@336.14 frag@279.07 frag@357.12 frag@319.11 frag@326.08 loss@150.14,0.01904979534 0.01534318551 0.01155763306 0.009064012207 0.008610621095 0.008164807223 0.005323886406 0.005187273957 0.004526586272 0.004481452052 0.004341907334 0.003769459436 0.003547432832 0.003460858017 0.003291263012 0.003289781976 0.003248758148 0.003002249636 0.002814962529 0.002697216347
28,frag@45.03 loss@157.02 loss@156.01 frag@255.12 frag@318.03 frag@70.04 loss@78.03 frag@180.01 frag@68.05 loss@332.08 loss@247.06 frag@93.03 loss@272.05 frag@74.06 frag@182.01 frag@139.01 loss@190.08 frag@173.95 frag@151.1 frag@277.19,0.3033699691 0.2832666636 0.1804795414 0.1112256348 0.01592906192 0.009756490588 0.004019696731 0.002894226927 0.002890299074 0.002761061536 0.002517278539 0.002273681574 0.002159898402 0.001781456522 0.001706657931 0.001592059387 0.001570415683 0.001487150323 0.001291702501 0.001225447282
29,frag@225.09 loss@104.08 frag@241.12 loss@132.0 loss@145.04 loss@167.98 loss@176.05 frag@267.04 frag@159.97 frag@249.14 frag@69.49 loss@374.07 frag@207.05 loss@387.17 loss@186.96 frag@323.16 loss@359.1 frag@212.0 loss@146.12 loss@385.13,0.193085283 0.1150302291 0.08706106991 0.05311357975 0.05310750008 0.03700415418 0.03139088303 0.02696907893 0.02216838114 0.01746723242 0.01320075989 0.01291364338 0.01214439794 0.01166908536 0.01114606578 0.01113767456 0.01094508544 0.008566208184 0.008272206411 0.007856220007
30,frag@57.04 frag@79.03 loss@256.06 frag@82.04 loss@143.02 loss@292.08 loss@128.04 loss@212.02 frag@55.03 frag@150.06 loss@175.04 loss@306.08 loss@257.16 loss@173.03 frag@134.05 loss@98.04 loss@275.04 loss@151.09 frag@108.07 loss@283.07,0.1449745148 0.139874503 0.0757566765 0.07372063398 0.03961467743 0.03233980387 0.02974986658 0.02638911456 0.02419913188 0.01915853843 0.01573106833 0.01219282113 0.01142766979 0.007055209484 0.006199093536 0.006185022648 0.006172895432 0.006133005954 0.005961138289 0.005778858438
31,loss@230.07 loss@272.05 frag@213.96 frag@93.06 frag@68.05 frag@92.05 frag@53.0 frag@110.06 frag@53.04 frag@65.04 frag@67.04 frag@80.05 frag@155.98 frag@124.02 frag@93.03 frag@138.01 frag@81.04 frag@54.03 frag@193.13 frag@87.0,0.362336278 0.1201682687 0.06535855681 0.05641911179 0.04827301204 0.04263085872 0.03482044861 0.02887394093 0.02384774387 0.01163457241 0.01118639484 0.01071417239 0.01050406601 0.009687112644 0.008358214982 0.007211562712 0.007060124539 0.006539848633 0.005792874377 0.004050566349
32,loss@145.07 frag@138.04 frag@201.1 loss@193.13 frag@184.04 frag@220.12 loss@259.07 frag@194.11 loss@159.09 frag@337.17 frag@202.0 loss@303.1 frag@125.11 loss@256.99 frag@260.14 loss@162.1 loss@230.01 frag@126.1 frag@165.04 frag@177.1,0.3356002271 0.1971090585 0.108772181 0.07519547641 0.05248199403 0.04081388935 0.01721534505 0.01710825972 0.01172409207 0.01161823329 0.006969028153 0.00585698057 0.00549853174 0.005279939156 0.005196767859 0.004608368035 0.002564099384 0.0025526057 0.002400049008 0.002318013459
33,frag@121.06 loss@207.06 loss@219.13 loss@215.13 loss@215.01 loss@311.09 frag@121.07 loss@222.11 loss@274.04 loss@191.03 loss@346.06 loss@223.09 loss@286.08 loss@246.14 loss@323.07 loss@301.17 loss@263.11 loss@254.12 loss@256.12 loss@277.19,0.465624094 0.08280117065 0.070294559 0.05546319857 0.02390789986 0.02382186987 0.0196664799 0.01817908511 0.01510393899 0.01394410338 0.01186972111 0.009265772998 0.008663922548 0.008573574945 0.008016747423 0.006323011592 0.006192652974 0.005602166522 0.005568194669 0.004947101697
34,loss@118.1 frag@222.09 frag@181.01 frag@103.04 loss@119.99 frag@209.1 frag@261.1 frag@326.14 frag@149.01 frag@249.05 loss@35.98 loss@47.04 loss@80.99 frag@254.05 frag@187.0 frag@251.13 frag@252.09 frag@205.09 frag@377.1 loss@249.97,0.2046933025 0.07745367289 0.06263208389 0.03008813784 0.02480877563 0.02128280513 0.0171617642 0.01612656564 0.01457139011 0.01125021558 0.00836386811 0.00774081843 0.007452867925 0.006929933559 0.006851222366 0.005180923734 0.005113566294 0.004777189344 0.004559895489 0.004512837622
35,frag@135.03 frag@163.02 frag@147.03 loss@237.08 loss@182.05 loss@199.13 frag@134.02 loss@194.04 loss@274.08 loss@154.05 loss@292.04 loss@320.1 frag@58.99 loss@235.07 loss@208.05 loss@78.57 loss@269.02 loss@215.02 frag@57.99 loss@189.99,0.1788255274 0.1303254664 0.1131257564 0.1042788848 0.07904527336 0.06681579351 0.0544844307 0.05109492689 0.05082049966 0.01217922848 0.005404381547 0.005183932837 0.004671658389 0.004155150615 0.003754231147 0.003516091034 0.002805818338 0.002546791686 0.002345903078 0.002209675498
36,frag@108.08 frag@122.1 loss@232.12 loss@220.12 loss@235.13 loss@246.14 loss@258.14 loss@230.14 loss@260.15 frag@173.01 loss@270.14 frag@243.16 frag@207.98 frag@148.08 loss@265.09 loss@276.11 loss@256.12 loss@289.14 loss@221.14 loss@259.13,0.2877438366 0.1528306752 0.1000126451 0.08654878289 0.04048899934 0.03999760002 0.03522868454 0.03147631511 0.02943966351 0.01581783779 0.01066244021 0.008857987821 0.007619113196 0.00674242666 0.005524231587 0.005339929368 0.005339644384 0.004629916977 0.004565297626 0.004485355224
37,frag@117.07 loss@248.15 loss@246.16 loss@169.1 frag@167.13 frag@129.07 frag@147.08 loss@212.05 frag@131.09 loss@285.14 loss@376.13 loss@275.12 loss@222.15 loss@247.11 frag@116.06 frag@143.09 loss@247.09 frag@134.1 frag@141.07 loss@290.14,0.1500575244 0.1057235003 0.1016432419 0.09674053639 0.08959848434 0.08181916177 0.067886509 0.02990652248 0.01431847271 0.01075043436 0.009591773152 0.009370733052 0.008022592403 0.007704494521 0.006237972062 0.005907299928 0.005753069185 0.005709999707 0.005329730455 0.005280597135
38,frag@175.09 frag@187.09 loss@202.07 loss@201.09 loss@214.07 loss@184.06 loss@197.03 loss@202.06 loss@199.07 loss@174.08 frag@130.06 frag@173.07 frag@146.06 frag@172.04 frag@118.06 frag@132.08 frag@117.06 frag@190.05 loss@322.13 loss@140.07,0.2442145944 0.2016920745 0.1248127222 0.0960162729 0.08972689509 0.05928833038 0.03721316904 0.0282143876 0.01514398493 0.009306762367 0.005976086482 0.005450013559 0.004985489417 0.003910872154 0.003024636768 0.002552806633 0.00234765932 0.002280373825 0.002113122726 0.002108327812
39,frag@112.11 loss@188.98 loss@234.04 loss@216.03 loss@312.08 loss@311.1 loss@243.02 loss@294.07 loss@334.1 loss@357.12 frag@130.12 loss@346.12 loss@288.06 loss@291.05 loss@207.99 loss@79.1 loss@78.09 loss@234.98 loss@355.07 loss@296.04,0.4565579593 0.05249644816 0.04158434644 0.03428205103 0.03154670447 0.03059676476 0.03057716414 0.0284873005 0.02168030664 0.02158657834 0.0213127695 0.02025853284 0.01820060052 0.01812345348 0.01756903902 0.008701121435 0.007571519352 0.007151158061 0.00393757131 0.003467221512
40,frag@95.01 frag@141.01 loss@255.1 loss@245.12 loss@260.08 loss@179.1 loss@254.11 loss@208.04 frag@180.1 loss@287.09 loss@305.1 loss@305.12 loss@298.09 loss@301.1 loss@229.03 loss@266.05 loss@285.12 loss@269.1 loss@287.16 loss@359.17,0.312105149 0.1424160004 0.05228020996 0.05207077786 0.04697666317 0.04545589164 0.03549218923 0.03456288949 0.03233690932 0.02377952076 0.02071635425 0.01757518761 0.01316887047 0.009953199886 0.009102126583 0.006567617878 0.006267092191 0.006070706528 0.005796759389 0.005601991899
41,frag@79.05 loss@276.13 frag@93.07 frag@81.07 loss@300.13 loss@332.13 loss@268.13 loss@208.15 loss@194.13 loss@282.13 frag@67.05 frag@131.08 loss@168.12 loss@281.13 frag@264.03 loss@311.12 loss@318.12 frag@95.09 loss@314.13 loss@281.14,0.2057243586 0.0968388617 0.08826645464 0.04922902957 0.04450797662 0.03719982877 0.03654916584 0.02717479318 0.02408542857 0.02068563923 0.0169793684 0.0159414988 0.01315170154 0.01232802216 0.01230996847 0.01091652457 0.009067757986 0.007824834436 0.007211735472 0.007048984058
42,frag@79.05 loss@199.04 loss@267.1 loss@186.05 loss@221.03 frag@43.02 frag@213.97 frag@264.04 frag@120.08 frag@111.04 frag@105.07 frag@131.08 frag@111.03 frag@228.03 frag@57.03 frag@196.13 frag@240.12 frag@175.12 frag@105.08 frag@67.05,0.3724453151 0.1748813987 0.1256101429 0.1070822328 0.06969927996 0.0188063588 0.0136693446 0.01191814616 0.007539403625 0.006133362651 0.00553652551 0.004695948213 0.003865103005 0.003777484177 0.003659919137 0.003565912833 0.003376659937 0.002990391105 0.002974508563 0.002844954375
43,frag@147.04 loss@164.08 frag@175.04 frag@119.05 loss@610.15 loss@649.22 loss@343.13 loss@530.18 loss@359.14 loss@326.1 loss@326.16 loss@406.15 loss@414.12 loss@390.12 loss@284.98 loss@550.19 frag@309.1 loss@423.14 loss@218.06 loss@422.14,0.2344130278 0.1667792201 0.1299311072 0.09974331409 0.02116178162 0.02039320581 0.02036667615 0.01827252656 0.01766228676 0.01573873311 0.01429471001 0.01395706274 0.01288302336 0.01206080429 0.01178002357 0.01177641749 0.009209546261 0.008699731901 0.008030896075 0.006195186637
44,frag@119.02 loss@130.09 frag@166.07 loss@159.05 frag@143.04 frag@137.05 frag@45.04 loss@191.04 loss@167.12 loss@248.1 loss@110.05 loss@157.08 loss@143.06 loss@122.1 frag@136.07 frag@207.08 frag@134.05 frag@177.11 loss@167.11 loss@153.1,0.08240461349 0.07020559162 0.06282233447 0.05931771547 0.05923789367 0.05184056237 0.03053452261 0.03046625294 0.02513208427 0.02376994677 0.01965620182 0.01872405224 0.01450567413 0.01432819013 0.01404918171 0.01265612897 0.01241844054 0.01070761122 0.009613355622 0.009089304134
45,frag@204.08 loss@89.06 loss@121.07 frag@231.09 loss@70.03 loss@121.03 frag@192.04 frag@264.11 loss@58.07 frag@265.08 frag@248.05 frag@223.08 frag@242.08 loss@70.02 loss@34.04 loss@33.03 loss@172.15 frag@280.09 loss@73.07 frag@232.02,0.1494761705 0.1122590974 0.08678781986 0.068343997 0.05209273472 0.04770478979 0.04245372489 0.03636104241 0.0248367805 0.02167720534 0.01958278753 0.0173336789 0.01719629206 0.009404351003 0.008294546977 0.008042418398 0.007770752534 0.007443768904 0.006778029259 0.006111538038
46,frag@200.07 loss@151.04 frag@182.06 loss@168.02 loss@115.05 frag@228.07 frag@200.06 frag@141.06 loss@70.02 frag@180.06 loss@43.05 frag@185.08 loss@99.04 loss@99.06 frag@154.07 loss@121.02 loss@127.09 frag@157.05 loss@29.03 loss@94.01,0.1585364342 0.1473497897 0.1233708486 0.0984133184 0.07465130836 0.07234471291 0.03169833496 0.0316433087 0.01771225967 0.01568277925 0.01475568581 0.01438627671 0.01054542325 0.008079273626 0.008061469533 0.007568337489 0.007104379591 0.005929146428 0.003731810721 0.003217347199
47,loss@328.11 loss@290.14 frag@203.11 frag@210.97 loss@231.17 loss@201.17 frag@173.99 loss@313.05 loss@250.18 frag@131.1 loss@410.11 loss@311.11 frag@244.12 loss@371.16 frag@392.12 loss@78.17 frag@265.16 loss@256.13 loss@248.14 frag@208.92,0.06164880469 0.05992783606 0.03130774945 0.01306745131 0.01269213855 0.01096861716 0.008420277387 0.006895727944 0.006158530712 0.005183171481 0.004833858926 0.003886233782 0.003884778824 0.003454721533 0.003440535162 0.003345685778 0.003036736511 0.003027860774 0.003002527636 0.002964727813
48,frag@104.07 frag@135.01 frag@201.03 loss@286.02 frag@195.15 loss@279.04 loss@353.14 loss@119.11 frag@81.06 loss@267.19 frag@350.15 frag@256.16 frag@152.97 frag@201.96 loss@264.07 loss@236.18 frag@259.17 frag@89.02 frag@83.02 loss@297.07,0.04078960046 0.02409298532 0.0150486473 0.014657625 0.01394573227 0.01246943511 0.01122493763 0.01110760868 0.01095099654 0.009393538348 0.009099949151 0.009093564004 0.008049386553 0.00731488876 0.006729308981 0.006681553088 0.005758806132 0.005361413117 0.005115954671 0.00509283971
49,frag@298.11 frag@195.98 loss@272.19 frag@208.96 frag@266.06 frag@335.14 frag@215.11 frag@278.11 loss@277.08 loss@127.05 frag@134.98 frag@156.04 frag@255.05 loss@337.13 loss@306.16 loss@92.0 loss@322.02 frag@87.5 frag@154.97 frag@92.02,0.04795628041 0.03070378676 0.02416105755 0.009544501081 0.009534139186 0.008865310811 0.008237837814 0.007009728346 0.006587827113 0.006360841915 0.005755595863 0.005348728504 0.005319823045 0.005229646806 0.004938343074 0.00476074405 0.003964832053 0.003820774378 0.003620729083 0.003237047233
50,frag@91.05 loss@218.09 loss@230.09 loss@248.07 frag@147.08 loss@236.07 frag@91.06 frag@120.08 loss@217.1 loss@217.11 loss@247.11 loss@218.07 loss@247.08 frag@259.14 loss@225.1 loss@208.1 loss@213.03 frag@135.08 loss@328.12 frag@109.06,0.4120177031 0.2094811499 0.1223305836 0.09222133458 0.03948564827 0.02268657833 0.02043138817 0.01047213841 0.006815696601 0.005144727882 0.004759502597 0.00320832571 0.002526682569 0.002277546562 0.001945213182 0.001902912394 0.001643391442 0.001616365858 0.001590959146 0.001571534784
51,loss@90.07 frag@247.1 loss@102.08 frag@250.09 frag@279.1 loss@83.05 loss@104.05 frag@259.1 frag@264.1 loss@48.06 frag@289.11 frag@243.09 loss@33.06 frag@247.08 frag@307.11 loss@81.03 loss@79.06 loss@107.99 frag@205.07 loss@72.03,0.07666970044 0.06727377325 0.0593509376 0.05308361351 0.0517821759 0.05000624806 0.04822584242 0.04646835476 0.03608372062 0.03203777224 0.02809940465 0.02745544538 0.02387379482 0.02318644337 0.02014553733 0.01614119112 0.01556136925 0.01094029471 0.01031479985 0.00681303069
52,frag@237.08 frag@196.02 frag@285.11 loss@339.04 loss@77.06 frag@277.1 frag@170.09 loss@311.01 frag@205.12 frag@186.98 frag@317.09 frag@78.49 frag@243.14 frag@187.0 frag@255.09 frag@152.95 loss@122.02 frag@184.97 loss@330.11 frag@283.09,0.08724486083 0.03800585493 0.01666543074 0.01473850477 0.01363575179 0.009346016683 0.007260049693 0.006351592951 0.00560073927 0.005385474768 0.00478978036 0.00471532857 0.004691975657 0.004625854548 0.00414306717 0.004000126384 0.003976063803 0.00385882589 0.003489768598 0.003311259905
53,frag@136.08 loss@226.08 loss@238.13 loss@260.13 loss@277.15 loss@404.22 loss@281.07 frag@235.97 loss@267.14 loss@273.04 loss@308.05 loss@340.08 loss@366.92 loss@255.14 frag@108.08 loss@354.16 loss@209.14 loss@288.17 loss@237.15 loss@242.11,0.4782303572 0.1139440909 0.1073154211 0.08939284831 0.03675371036 0.01456502173 0.01397400815 0.01034232322 0.007361243013 0.006388987415 0.00546292495 0.005257021636 0.003778867889 0.003484175773 0.003138252767 0.002972832881 0.002911582356 0.002555883955 0.001987684518 0.001785150496
54,frag@188.11 loss@152.08 loss@241.12 loss@269.12 loss@259.12 loss@151.08 loss@211.11 loss@148.09 frag@120.07 loss@214.11 loss@329.1 loss@291.12 loss@306.15 loss@178.1 loss@248.09 loss@269.13 loss@276.15 loss@259.13 loss@179.09 frag@256.14,0.4960838854 0.1557876468 0.1338740885 0.09269525856 0.08077718318 0.009852929972 0.003522490151 0.001614412409 0.001280388678 0.001059685717 0.001026451122 0.0009036543197 0.000858145766 0.0008072188939 0.0006263778196 0.0006158609176 0.0005130378995 0.0004793376138 0.0004368715745 0.00043446981
55,loss@239.07 loss@253.12 frag@168.02 frag@212.06 frag@103.03 frag@231.15 frag@71.93 frag@329.12 frag@313.12 frag@217.02 frag@86.01 frag@171.95 frag@135.01 frag@158.04 frag@233.16 frag@234.0 frag@246.04 frag@73.01 frag@128.03 frag@208.17,0.3021524251 0.1804272532 0.123562783 0.0753101632 0.06791855395 0.04311972857 0.02737951837 0.01409544796 0.01211299375 0.006235008594 0.006221157499 0.004632435273 0.004595785402 0.003807689529 0.003421609057 0.003115698695 0.002915756311 0.002631846117 0.002397376811 0.002319545718
56,frag@67.05 frag@81.07 loss@209.14 loss@220.15 loss@275.15 loss@264.15 loss@302.13 loss@300.13 frag@83.05 frag@93.07 frag@95.09 frag@69.03 loss@210.13 frag@99.08 loss@236.15 frag@110.1 loss@281.13 loss@276.15 frag@71.05 loss@311.12,0.2094208002 0.1704440862 0.1662250906 0.06043317914 0.05601909012 0.05523175746 0.04257620871 0.01676834561 0.01515442785 0.01480450574 0.01306191552 0.01140746009 0.01082455739 0.009823582135 0.008411975577 0.007323884871 0.006542424671 0.004568089265 0.004401496612 0.003638249123
57,loss@100.05 loss@127.06 loss@111.07 loss@154.07 loss@89.05 frag@221.07 loss@103.06 frag@180.02 frag@56.98 loss@124.09 frag@217.06 frag@67.04 frag@162.01 frag@209.05 frag@159.01 loss@128.07 frag@242.07 frag@194.12 frag@220.07 frag@80.02,0.1149369776 0.0722431913 0.06947625428 0.05731684715 0.04083807394 0.03588628024 0.03543109819 0.03538319096 0.03270762786 0.028225407 0.02094018832 0.01918492652 0.01886937767 0.01637956128 0.01599301957 0.01576001383 0.0148419654 0.01431056019 0.01336325333 0.01167417131
58,frag@105.04 loss@190.06 frag@104.05 loss@294.08 loss@189.05 loss@183.02 loss@199.03 frag@105.06 frag@131.06 loss@108.06 loss@194.08 loss@180.05 loss@204.09 loss@175.03 loss@206.08 loss@216.09 loss@179.06 loss@299.08 loss@208.08 loss@188.94,0.3345708251 0.2009292841 0.09352853894 0.05424901843 0.04490055889 0.03492053598 0.02462056465 0.02209673636 0.01030940842 0.006772676948 0.00662307255 0.006259844173 0.005856357515 0.005583029706 0.005215631798 0.004558309447 0.004308294039 0.004262326285 0.003704027971 0.003600840457
59,loss@294.15 frag@306.16 loss@277.17 frag@198.13 frag@180.96 frag@270.06 frag@272.05 frag@195.19 frag@230.13 frag@218.15 frag@186.12 loss@381.17 frag@238.09 frag@375.1 frag@184.11 frag@475.2 frag@214.0 frag@294.16 frag@364.1 frag@360.11,0.2255479991 0.02259889431 0.00953556411 0.007054252084 0.006728698965 0.005671191961 0.005415144842 0.005023827776 0.004910372198 0.004763982259 0.004362675361 0.003917177208 0.003846645355 0.003731968114 0.00372566306 0.003680024995 0.003498528386 0.003484243993 0.003386055585 0.003348774277
60,loss@162.1 frag@227.09 loss@192.12 frag@245.1 loss@311.14 frag@285.11 loss@335.18 loss@468.23 frag@212.16 frag@187.08 frag@327.14 frag@236.97 loss@455.15 loss@298.07 frag@60.08 frag@98.1 loss@427.17 frag@71.99 frag@152.95 frag@126.13,0.1916962117 0.1466814578 0.1430244595 0.1277957857 0.07438914478 0.07009465992 0.04869643971 0.00721232919 0.005773629062 0.005042557605 0.005038067698 0.004447156563 0.003942803945 0.003472994082 0.003471613629 0.003320547519 0.002686782042 0.002192440443 0.002166236518 0.002122160979
61,loss@220.09 frag@110.02 loss@273.11 frag@86.99 frag@125.08 frag@84.04 frag@208.07 frag@187.12 frag@139.07 frag@160.11 loss@247.1 loss@231.1 loss@251.09 frag@201.14 frag@189.14 frag@148.1 frag@55.02 frag@218.03 loss@250.14 frag@118.03,0.2784535885 0.209113732 0.1468240321 0.1123068854 0.01007002871 0.008803193457 0.008630175143 0.008492941968 0.008124869317 0.00727722561 0.006730391178 0.006593287457 0.005650633015 0.005503961351 0.005199826788 0.005026141647 0.004975199234 0.004293796606 0.003875897499 0.003833906958
62,frag@85.05 frag@203.13 frag@237.03 loss@278.16 loss@276.08 frag@163.0 loss@258.06 frag@142.12 loss@232.1 loss@315.19 loss@287.16 frag@125.05 loss@288.12 loss@266.05 loss@289.17 loss@274.2 loss@185.96 loss@246.05 loss@284.05 loss@304.18,0.1556390375 0.06318785995 0.0604897514 0.04836460575 0.045020964 0.02881444246 0.02491292357 0.01853361167 0.01436347328 0.0129398983 0.01148119383 0.01128770877 0.009291841649 0.00918525178 0.008405453525 0.008125112392 0.008028529584 0.008007233962 0.007265086286 0.007008715067
63,frag@85.05 loss@304.07 loss@373.15 loss@197.12 loss@216.16 loss@236.11 frag@163.0 loss@276.08 loss@246.05 loss@185.09 loss@120.09 loss@265.12 loss@271.13 loss@171.1 loss@318.14 loss@301.1 loss@238.12 loss@252.13 loss@261.13 loss@247.12,0.3708652556 0.06874376535 0.02759761363 0.02654940262 0.01793823764 0.01603330299 0.01585827582 0.01500696596 0.01325852517 0.01071261521 0.01045760419 0.009904819541 0.006377297454 0.006278180983 0.005809503142 0.005670257844 0.005453657359 0.005306564737 0.005050687119 0.004961569328
64,frag@184.09 loss@74.04 loss@88.05 loss@86.04 loss@61.03 loss@90.03 loss@62.04 frag@220.04 frag@245.1 frag@248.12 loss@103.04 frag@235.11 loss@87.04 loss@56.03 frag@239.09 loss@60.02 loss@72.02 loss@89.02 frag@156.07 loss@75.04,0.2200866938 0.07338380814 0.06669741124 0.04479167983 0.04119639844 0.03744462505 0.03317530081 0.02956999838 0.02702748962 0.02608928643 0.02592086419 0.0236440897 0.01875057258 0.01798447035 0.01750599965 0.01734832488 0.0153846927 0.01281937957 0.01035550516 0.009924251586
65,frag@170.07 loss@101.05 loss@138.08 loss@128.06 frag@185.08 frag@189.02 frag@183.09 loss@111.07 loss@292.07 loss@224.98 frag@309.14 loss@199.02 loss@67.04 loss@124.06 loss@110.08 loss@287.97 frag@179.03 loss@217.01 loss@137.01 frag@221.07,0.2220894694 0.1626820564 0.1137054116 0.08685483038 0.08322209865 0.07951308042 0.07520584762 0.01300020516 0.01276537683 0.01203915011 0.01015723404 0.009703665972 0.009696487337 0.007242013235 0.00569637958 0.004852136131 0.004571879748 0.004233520944 0.004063517321 0.003569934051
66,frag@56.05 frag@42.03 loss@225.07 loss@246.04 loss@211.07 loss@240.06 loss@187.01 loss@224.06 loss@259.03 loss@298.03 loss@238.06 loss@222.02 loss@210.02 loss@261.06 loss@244.01 loss@320.06 loss@236.06 frag@84.04 loss@262.15 loss@167.06,0.290803045 0.1768239141 0.08742333949 0.06679064035 0.0478817448 0.03708563745 0.02650441788 0.0209733583 0.01848803647 0.01751694456 0.01555480435 0.01317392476 0.01123681199 0.01050252747 0.007891215384 0.005643653683 0.005626693368 0.004086741246 0.004029569682 0.003864459693
67,frag@127.05 loss@244.05 loss@168.0 frag@181.08 frag@209.02 frag@144.08 loss@191.04 loss@244.1 loss@318.09 frag@161.04 loss@154.04 frag@143.07 loss@212.1 frag@185.11 frag@137.05 frag@156.99 loss@224.05 loss@180.07 frag@142.07 loss@203.07,0.1024322882 0.09647347778 0.06496316195 0.04782730341 0.0384526439 0.03739229962 0.03226314485 0.02288728952 0.02118295431 0.01780853607 0.01718278788 0.01602612995 0.01589402743 0.01536958478 0.01492089592 0.01389477309 0.01250999887 0.01190487109 0.01087104436 0.01075476501
68,loss@240.08 frag@198.07 frag@197.06 frag@191.07 loss@106.04 loss@186.07 frag@215.07 frag@225.08 loss@35.98 frag@232.05 frag@230.04 loss@133.04 loss@525.22 frag@241.08 loss@58.08 frag@227.05 loss@116.07 loss@82.01 frag@311.09 loss@170.93,0.08215605468 0.08038315922 0.06452713162 0.06054345146 0.05091343448 0.04931589589 0.03707107157 0.03667280823 0.0324845016 0.02614476904 0.02604793198 0.024732925 0.02325331978 0.02005110867 0.01598172635 0.01211882103 0.009212337434 0.008895619772 0.008492076769 0.008186943829
69,frag@148.04 loss@79.99 loss@291.07 loss@325.09 loss@252.04 loss@230.0 loss@78.14 loss@303.09 loss@261.08 frag@143.08 loss@132.06 loss@324.06 loss@185.97 loss@145.05 loss@268.02 loss@243.14 loss@309.06 loss@183.16 loss@306.14 loss@247.04,0.4832292795 0.09116376191 0.06493927538 0.05417596921 0.03890002146 0.02549060993 0.02378498018 0.01489627548 0.009488481097 0.006434640847 0.004238863941 0.004233947024 0.004162275698 0.004014439415 0.003647659672 0.003644005395 0.003598732874 0.003452942008 0.003314561909 0.003308719257
70,frag@183.08 loss@114.05 loss@143.11 loss@129.05 loss@344.05 loss@104.04 loss@128.01 loss@158.1 loss@333.13 loss@321.1 loss@42.03 loss@99.05 loss@275.07 loss@76.02 loss@156.06 loss@183.97 loss@265.08 loss@77.06 loss@172.07 loss@395.14,0.4951200485 0.09084124118 0.07222238183 0.06490873545 0.01913614757 0.01651833579 0.01021847967 0.007428850513 0.006947316695 0.006688411813 0.006588668097 0.004733968526 0.00456307549 0.004464063793 0.004202519543 0.003947619814 0.003938868642 0.003516544122 0.003079776652 0.00305907242
71,frag@126.0 loss@295.11 loss@329.14 frag@228.06 frag@172.03 loss@195.11 loss@228.09 loss@243.03 loss@275.12 loss@278.09 frag@166.0 frag@242.11 frag@101.95 frag@207.1 frag@170.03 frag@99.06 loss@272.19 frag@242.13 loss@130.04 frag@118.03,0.1371714622 0.09281853586 0.04624449462 0.02912307903 0.0273553133 0.02027100511 0.01357348356 0.01330847293 0.01313420851 0.01104232203 0.01097135711 0.009848589078 0.008270055987 0.008116284385 0.007400900126 0.007142139599 0.00690510869 0.006245519966 0.006130505819 0.005898132455
72,frag@270.12 frag@188.03 loss@131.11 loss@257.06 loss@186.13 loss@226.96 frag@266.08 frag@45.04 loss@262.09 loss@312.12 loss@111.06 loss@245.13 frag@342.18 loss@129.12 loss@166.15 loss@214.99 frag@157.0 loss@241.07 loss@153.06 loss@224.01,0.1990112364 0.182186693 0.08706790209 0.08128843457 0.07082176208 0.02974639647 0.0157161653 0.01335856691 0.009804448113 0.008673833683 0.008615924977 0.008571513928 0.008095283061 0.007519674953 0.007381816395 0.006695176475 0.005835592281 0.005683255382 0.004668533802 0.004267124459
73,loss@166.05 frag@158.05 frag@173.03 frag@310.09 frag@162.02 loss@158.05 frag@167.02 frag@166.01 frag@258.07 frag@204.05 loss@114.02 loss@142.02 frag@108.49 frag@439.18 frag@221.15 frag@175.01 loss@195.08 frag@320.11 frag@241.01 frag@223.05,0.3869599402 0.05785234645 0.03565008938 0.02705899999 0.01429927628 0.01134062093 0.009902666323 0.008821508847 0.008661320433 0.008393301629 0.008006900549 0.007306103129 0.005153024569 0.004886105191 0.004772308748 0.004142190795 0.00357159297 0.003357098205 0.003248896683 0.003140801797
74,frag@165.05 frag@122.04 frag@155.07 loss@252.1 loss@238.12 loss@208.11 loss@263.07 loss@240.14 loss@209.15 loss@244.07 frag@150.03 loss@254.15 loss@221.16 loss@287.16 loss@299.05 loss@291.13 loss@359.17 loss@236.1 loss@324.18 loss@299.04,0.2784348726 0.1143017039 0.07468602061 0.04944677278 0.04177263379 0.04099958017 0.03650739789 0.02705238014 0.02702097595 0.02687771991 0.02458070964 0.02124803886 0.02010009438 0.01930139028 0.01237089187 0.01228830125 0.0118439002 0.01037632674 0.009706729092 0.009098118171
75,frag@115.03 loss@178.08 loss@211.03 frag@241.14 frag@321.1 loss@237.01 frag@138.02 loss@206.07 frag@208.04 frag@143.03 loss@312.08 frag@170.12 frag@206.06 frag@163.03 loss@216.03 frag@96.02 loss@155.13 loss@250.11 frag@205.13 loss@231.02,0.3229600787 0.3099820614 0.1133164018 0.07106985897 0.03171455115 0.02568333596 0.01345324423 0.007569971494 0.007057716139 0.006288749166 0.005797454156 0.005143885501 0.003197684418 0.002994824434 0.002879139967 0.001171936514 0.001052689156 0.0009288630099 0.0008672761032 0.0008022433612
76,frag@67.05 loss@238.1 frag@43.02 loss@263.15 loss@223.13 loss@223.1 loss@223.09 loss@285.15 loss@229.11 loss@231.11 loss@252.11 loss@245.11 loss@251.13 frag@110.1 loss@227.15 loss@314.13 loss@304.14 loss@293.15 loss@212.15 loss@223.12,0.4253609478 0.08656817675 0.03833772615 0.02710198238 0.02288492396 0.02109875157 0.02049514093 0.01901026815 0.01756841503 0.01703864522 0.01227612887 0.01165414974 0.01018892135 0.009594446048 0.009441760369 0.008684762754 0.006181638222 0.005985909142 0.005980602466 0.005686423276
77,frag@159.09 loss@216.13 frag@173.11 loss@245.15 frag@160.1 loss@217.12 loss@234.12 loss@142.11 loss@183.16 loss@170.15 loss@291.16 loss@179.11 loss@220.11 loss@262.99 loss@264.11 loss@275.07 loss@237.1 loss@188.02 loss@269.13 loss@217.13,0.2950920463 0.2374272645 0.1210027859 0.1038050428 0.05276257545 0.04190799966 0.01116526686 0.009943416342 0.007387191057 0.006842520088 0.006241317838 0.004943489097 0.004896274768 0.00411241455 0.003563365666 0.003348957049 0.002567864256 0.002566096606 0.002438910306 0.002339333761
78,frag@130.05 frag@202.97 frag@214.05 loss@144.12 loss@88.09 frag@284.12 frag@227.18 loss@251.97 loss@346.15 loss@339.18 frag@68.04 frag@221.13 loss@394.08 frag@244.97 loss@173.97 frag@371.15 frag@261.11 frag@100.5 frag@294.14 frag@133.95,0.1139726564 0.04714671522 0.01557808928 0.01380420197 0.01353694592 0.01038893871 0.007653320208 0.006748746615 0.0064573735 0.005975712091 0.005861471407 0.00576544879 0.005621006712 0.005271690432 0.005084892735 0.004923607223 0.004459253047 0.003681640606 0.003376312088 0.003325990168
79,frag@109.03 loss@212.12 frag@81.03 loss@273.1 loss@164.01 loss@281.07 frag@53.04 loss@224.01 loss@354.07 frag@172.99 loss@313.1 loss@256.97 frag@99.04 loss@217.98 loss@358.03 loss@346.1 loss@267.99 loss@353.16 loss@287.06 loss@319.98,0.2688918412 0.2001052052 0.1641801 0.05946024507 0.04881322756 0.02851666138 0.01744777709 0.01611073129 0.01608932763 0.013065028 0.01088282559 0.009896081872 0.008047917858 0.007495959289 0.005955873523 0.005599039607 0.005469963886 0.004616325721 0.004311646335 0.003429178381
80,loss@208.06 frag@244.05 frag@126.06 frag@151.12 frag@73.05 loss@216.07 frag@141.04 loss@273.12 loss@265.08 frag@236.11 frag@316.13 loss@211.07 frag@306.11 frag@288.04 frag@71.0 frag@133.09 loss@290.07 frag@110.02 frag@270.11 frag@180.05,0.3382264972 0.1956076026 0.07566905022 0.01680171117 0.01627099141 0.014855152 0.0132019585 0.01028054487 0.009438772686 0.008846679702 0.008829772472 0.007499160711 0.007331470028 0.00523733953 0.003566555213 0.003493010299 0.003411478363 0.003214513185 0.002924314234 0.002880466869
81,frag@173.54 loss@280.08 loss@323.11 loss@111.06 loss@310.15 loss@307.12 frag@168.04 loss@278.06 loss@245.13 loss@264.17 loss@178.01 frag@127.04 loss@238.18 loss@70.07 loss@357.13 loss@335.16 loss@348.18 loss@244.03 loss@351.16 loss@189.15,0.4430935979 0.1302392483 0.05988671631 0.03716550395 0.03095790558 0.02613269538 0.01625581458 0.01217656862 0.01078523789 0.008405089378 0.006834077649 0.006338378415 0.005541571882 0.005477292463 0.00524186343 0.004946778528 0.004591518082 0.004017413128 0.003954445943 0.003780505154
82,frag@55.05 loss@253.14 loss@185.11 loss@326.15 loss@289.17 loss@241.17 loss@315.07 frag@83.09 loss@105.05 loss@244.03 frag@69.07 loss@187.12 frag@41.04 loss@168.13 loss@270.17 loss@261.0 loss@231.05 loss@228.18 frag@180.14 loss@303.16,0.3981346488 0.0758600086 0.04038365558 0.03323573619 0.02477990836 0.0230128523 0.02262597159 0.01745385677 0.01556554437 0.01389022451 0.01210386865 0.0114235431 0.01040648017 0.01021596324 0.009969456121 0.00787225645 0.007128559984 0.006811350584 0.006776303053 0.006433585659
83,frag@214.07 loss@288.12 loss@320.12 frag@168.11 frag@268.13 loss@234.19 frag@163.0 frag@137.03 frag@86.07 frag@141.05 loss@296.1 frag@196.14 loss@153.08 frag@327.18 loss@373.15 frag@213.03 frag@58.03 frag@95.01 frag@100.06 loss@314.15,0.09946150333 0.09217114747 0.0601994209 0.04405591637 0.03380523622 0.02361844853 0.02302857861 0.02133454755 0.0173073709 0.01553987432 0.01351911854 0.01152522676 0.009664268233 0.009013358504 0.008740726858 0.008394926786 0.008268787526 0.007844118401 0.007572005969 0.007550321054
84,loss@17.03 frag@247.09 frag@235.12 frag@198.02 frag@219.07 frag@251.06 frag@237.06 frag@290.1 frag@305.09 loss@58.03 frag@419.1 frag@273.09 frag@200.93 frag@181.07 frag@183.08 frag@223.98 loss@69.06 frag@350.19 frag@224.07 frag@312.08,0.4429888427 0.08075912297 0.06898029894 0.05614801496 0.05197648332 0.03603356332 0.02265488729 0.02112380788 0.01525489241 0.01395197026 0.01377066318 0.01001627836 0.009265955538 0.008954932913 0.008677737787 0.00768379122 0.007675160654 0.005302814301 0.003912885208 0.003464406589
85,frag@46.07 loss@232.04 frag@187.08 loss@298.07 frag@210.05 frag@102.0 loss@208.06 frag@245.02 frag@216.09 loss@81.06 frag@323.09 frag@215.03 frag@55.03 frag@152.95 frag@329.21 frag@240.05 loss@290.07 frag@285.11 frag@322.16 loss@86.0,0.05457244813 0.04478567466 0.02625598758 0.02058778889 0.01711406 0.0165881943 0.01597697288 0.01218643598 0.01159458235 0.009461062029 0.007641598582 0.007064573932 0.006078646984 0.005700115114 0.005605987739 0.004836688749 0.00434516836 0.003727237694 0.003164448543 0.003059386509
86,frag@212.05 loss@88.08 loss@74.06 frag@232.11 frag@284.12 frag@235.07 loss@121.03 frag@227.1 loss@71.06 loss@98.08 loss@142.09 frag@238.11 frag@214.05 loss@87.1 loss@217.0 loss@85.06 loss@104.11 frag@234.12 frag@267.1 frag@214.06,0.2268864959 0.1357269138 0.1048082411 0.01684539951 0.01632945612 0.01526276395 0.01420298684 0.01284729131 0.01184449438 0.01111847162 0.00905630365 0.00789336767 0.007683109026 0.007632254623 0.006953051779 0.006909886375 0.006539641414 0.006482846104 0.006349494681 0.006244572345
87,frag@69.03 frag@97.03 frag@71.05 frag@85.03 loss@833.44 frag@127.04 loss@68.03 loss@805.41 frag@99.04 loss@294.1 frag@61.03 frag@83.05 loss@454.17 frag@73.03 loss@445.16 loss@402.14 loss@434.14 frag@279.11 frag@57.03 loss@744.25,0.07649417222 0.05739369616 0.04788010567 0.03806109726 0.03725381941 0.03059937432 0.03036812507 0.02620633505 0.02260514349 0.01809124649 0.01677387208 0.015370287 0.01396560017 0.01277540252 0.01177344564 0.01023162901 0.01019514259 0.009877800941 0.00962602254 0.008871490136
88,frag@157.08 loss@140.06 frag@171.09 loss@168.07 loss@158.08 frag@144.07 loss@172.06 frag@169.08 loss@100.04 frag@181.08 loss@152.06 loss@192.05 loss@344.09 loss@133.02 frag@186.1 loss@182.08 loss@86.02 frag@185.11 loss@145.05 loss@172.1,0.2516740263 0.1327913702 0.106715396 0.09647529572 0.07783015817 0.06450198591 0.03347075731 0.02056576125 0.01678107865 0.01423063222 0.01161908172 0.008375521749 0.005938432179 0.005897199269 0.00518228393 0.004526293837 0.004250948783 0.003905165941 0.003742751433 0.003727075411
89,loss@208.1 frag@175.12 frag@153.03 loss@214.11 loss@179.09 frag@147.09 frag@173.01 loss@218.09 loss@149.08 loss@205.11 frag@117.02 loss@251.06 loss@260.12 loss@208.13 frag@148.08 loss@199.04 frag@161.11 loss@203.1 frag@281.14 frag@314.13,0.2871026695 0.2772273719 0.2034915239 0.172042504 0.007126904093 0.003213615855 0.003135599894 0.002566334093 0.001440970111 0.001313713612 0.001261750702 0.001238023979 0.00120423513 0.001130687539 0.001064959681 0.001022935845 0.0009359793039 0.0009253096068 0.0008340585628 0.0008002465474
90,frag@146.06 frag@118.06 loss@176.1 loss@187.1 loss@215.06 loss@193.04 frag@119.07 loss@234.07 frag@178.09 loss@175.03 loss@252.06 loss@262.06 loss@195.02 frag@128.05 loss@317.09 loss@287.1 loss@149.03 frag@132.08 loss@343.09 loss@187.93,0.212218985 0.1750820875 0.09123226255 0.06879299134 0.06215509772 0.05321418867 0.04873933643 0.03777736053 0.02996495552 0.02946045808 0.01756666414 0.01304358337 0.009061016142 0.00883820001 0.007860764861 0.007677235175 0.006035270635 0.005244286265 0.004925750196 0.004472551402
91,loss@148.1 frag@236.12 frag@220.07 frag@321.17 frag@89.06 frag@163.07 frag@212.99 frag@214.04 frag@234.08 frag@338.14 frag@69.0 loss@116.06 frag@222.06 frag@143.0 frag@200.03 frag@87.01 frag@246.1 frag@242.07 frag@205.06 frag@304.13,0.4905869365 0.1498320252 0.07191679627 0.06805018336 0.03275628388 0.02276931889 0.009449575096 0.008991266601 0.008184760809 0.004076314624 0.004030511249 0.003134858096 0.003100011731 0.003085865173 0.002472266089 0.002228240715 0.002227868885 0.002225908684 0.002160300734 0.00214916328
92,frag@142.08 loss@297.12 frag@157.1 frag@187.11 loss@232.13 loss@312.12 frag@143.09 loss@236.11 loss@174.1 loss@282.16 frag@145.1 loss@329.13 frag@133.1 frag@209.13 loss@189.0 loss@356.14 loss@229.15 loss@356.11 frag@183.12 frag@159.12,0.1488363147 0.09324698895 0.07687997818 0.0738228038 0.0724677965 0.06728663296 0.04941946268 0.03272687271 0.02183548175 0.02017005719 0.01665175706 0.01507219486 0.01290307939 0.01283736341 0.01202437468 0.01104297582 0.01098521519 0.009729475714 0.00836129114 0.007438721601
93,loss@298.08 frag@190.05 loss@216.07 frag@104.02 frag@141.05 frag@98.02 loss@285.09 loss@211.05 frag@214.07 frag@184.06 frag@241.11 frag@95.01 loss@203.0 frag@180.05 loss@269.1 frag@163.05 frag@297.17 loss@309.21 frag@194.05 frag@145.04,0.139062196 0.08279063553 0.08015549183 0.05729836226 0.04694442824 0.03495240584 0.02717806213 0.02307665907 0.01877280325 0.01789442077 0.01391889434 0.008791221306 0.008753758855 0.007516103331 0.006519904826 0.006485597696 0.006431438494 0.006427356508 0.006269131787 0.005983542651
94,loss@92.03 frag@308.06 frag@180.08 loss@321.11 loss@1.01 frag@167.07 loss@41.03 loss@60.08 loss@338.06 loss@124.06 frag@288.12 frag@207.08 frag@215.05 frag@138.08 loss@123.05 frag@341.19 frag@153.08 frag@329.11 frag@248.15 frag@209.07,0.08904034644 0.04756655544 0.04152783379 0.03667681664 0.0321229212 0.02903138287 0.02840290591 0.02050918154 0.0185699854 0.01755699515 0.01340814121 0.01194026507 0.008628075011 0.008564963937 0.008494972251 0.007355580106 0.007032190915 0.00644417759 0.006088442635 0.006064915098
95,frag@148.06 loss@221.06 loss@260.1 loss@210.02 loss@325.14 loss@198.99 loss@204.08 loss@207.07 loss@236.06 loss@152.04 loss@218.1 loss@163.09 loss@193.02 frag@135.07 loss@203.04 loss@209.12 loss@159.05 loss@176.03 loss@145.03 loss@164.07,0.4910697639 0.2075555176 0.1387671828 0.02479483373 0.01531316899 0.013301217 0.01037060283 0.005750478245 0.004490606021 0.004101498518 0.003887689207 0.003768278984 0.00338535523 0.003233861877 0.002592435572 0.002209105063 0.002098473487 0.001774828765 0.001770531293 0.001675373642
96,frag@55.02 loss@242.12 loss@144.03 loss@138.11 loss@213.14 loss@247.1 frag@158.05 loss@212.13 loss@202.13 loss@219.07 loss@294.08 frag@164.02 frag@228.11 loss@287.03 loss@233.08 loss@183.09 loss@210.14 frag@241.11 frag@145.04 frag@106.07,0.4749474823 0.3394867182 0.06236983463 0.02875790745 0.007979219779 0.006788869388 0.004294202663 0.004058407154 0.003048908198 0.003009599401 0.002372273942 0.001912092557 0.001480950392 0.001460341038 0.001400047564 0.001286996296 0.001270747394 0.001259545679 0.001255335286 0.001229438232
97,frag@89.04 frag@167.04 frag@193.09 loss@55.01 frag@252.07 loss@96.03 frag@277.11 loss@134.04 loss@83.04 loss@118.04 loss@111.03 loss@55.99 loss@102.0 loss@139.03 frag@222.11 frag@223.06 loss@82.02 loss@27.99 frag@287.1 loss@62.96,0.07665628195 0.06175038591 0.05960382894 0.05059141666 0.04943735152 0.04622000456 0.04259324074 0.04131762683 0.03855901212 0.03807799518 0.03448587656 0.03129186109 0.02878697217 0.02261755429 0.02050785907 0.01998676546 0.01957714744 0.01795987785 0.01563319191 0.01514064707
98,loss@169.06 frag@160.02 loss@155.03 frag@306.1 frag@142.05 frag@255.06 frag@163.03 frag@297.09 frag@191.03 frag@129.04 frag@148.03 loss@79.99 frag@199.01 loss@179.04 frag@187.06 frag@192.99 frag@168.08 frag@213.08 loss@159.03 frag@230.07,0.282797128 0.2528324127 0.1387638748 0.06338140368 0.04514583573 0.01847280003 0.01097331475 0.009068984538 0.006544303615 0.005807959475 0.004946527537 0.004871230107 0.004465573002 0.004404820967 0.004225416575 0.003055464244 0.002786213765 0.002743184799 0.002735855523 0.002530000405
99,frag@142.05 loss@197.07 frag@183.1 frag@171.07 loss@14.02 loss@171.06 loss@125.02 frag@129.04 loss@139.03 loss@154.03 loss@91.01 loss@127.0 loss@180.01 loss@295.01 frag@145.05 loss@100.02 loss@447.18 loss@168.06 loss@480.16 loss@108.06,0.4315442443 0.4294980168 0.02830256335 0.02314219065 0.02072811686 0.008118904196 0.003499882063 0.00287219137 0.002131807618 0.002094809664 0.002088121837 0.001648382982 0.001601959346 0.001599719748 0.001360068098 0.001193029922 0.001135318074 0.001102235517 0.001090053003 0.0009813485667
100,frag@214.09 loss@354.13 frag@295.13 frag@210.97 loss@231.17 loss@297.21 loss@350.11 loss@454.15 loss@383.16 loss@70.0 loss@289.1 loss@19.04 loss@357.0 loss@265.99 loss@353.16 frag@252.0 loss@318.13 frag@270.06 loss@374.28 loss@341.17,0.2090233713 0.03467456251 0.02992059104 0.0230010692 0.01748872176 0.01263281703 0.01137791388 0.009823315777 0.008988508023 0.008888296783 0.008835088462 0.007183012553 0.006035473663 0.005749584176 0.005683098454 0.005272420589 0.004689086229 0.004002807662 0.003803179832 0.003449367126
101,loss@155.07 frag@192.06 frag@163.03 frag@125.03 frag@193.04 loss@179.03 loss@191.05 frag@168.08 frag@348.11 loss@138.04 loss@157.03 loss@261.01 frag@252.05 frag@124.02 loss@169.12 frag@141.0 frag@218.04 frag@110.01 frag@267.08 loss@204.97,0.4651111662 0.3085779548 0.07988251746 0.06308051944 0.02105235122 0.008573454805 0.00325865997 0.002627189271 0.002220378956 0.001664865529 0.001652943203 0.0008430877933 0.0007965937839 0.0007078142953 0.0006779959076 0.0006708689616 0.0006351296324 0.0006162460195 0.0005927940365 0.0005586341722
102,loss@216.99 frag@209.01 loss@316.07 loss@311.01 frag@163.07 frag@155.98 frag@257.02 frag@276.04 frag@329.21 frag@300.1 frag@216.03 frag@291.06 frag@170.09 loss@333.08 loss@157.09 frag@56.04 frag@283.02 frag@297.12 loss@87.96 frag@246.02,0.1442920715 0.03673665598 0.01163027901 0.01032500435 0.01014326233 0.00719689019 0.006710357498 0.005761549342 0.005752171855 0.005657319445 0.005246581044 0.005178344902 0.005001287907 0.004604334477 0.00438240543 0.004064490553 0.003943296149 0.00385087356 0.003611833556 0.003566904226
103,loss@225.08 frag@65.04 loss@194.06 frag@98.03 frag@119.06 frag@67.02 frag@97.01 frag@59.0 frag@53.04 frag@121.03 frag@111.03 frag@287.09 loss@268.1 loss@235.1 frag@77.04 frag@92.06 frag@109.06 loss@225.05 frag@345.17 frag@81.03,0.2931607962 0.2904990613 0.1844845116 0.08460392803 0.05493377149 0.02106709406 0.006807558704 0.005914577283 0.004749533255 0.004105692729 0.003082585521 0.002892144956 0.002302711364 0.002152274596 0.001880293363 0.001715870923 0.001558371936 0.001432603342 0.001410390134 0.001404401264
104,frag@106.06 frag@134.06 loss@235.08 frag@106.07 loss@249.09 loss@183.08 frag@107.07 loss@232.05 loss@193.1 loss@162.06 frag@121.09 loss@228.06 loss@189.03 loss@217.06 loss@256.04 loss@247.05 loss@176.02 loss@203.1 loss@193.02 loss@200.02,0.2228659838 0.1440636367 0.07936760038 0.07009834051 0.04789828137 0.03921037912 0.03415095434 0.03231398761 0.02812214755 0.02607519552 0.01988514885 0.01761867478 0.01675005257 0.01467187237 0.0129407458 0.01077949256 0.0102985641 0.01027464867 0.008915011771 0.007718537468
105,loss@135.07 loss@136.05 loss@117.06 frag@182.1 frag@208.11 loss@164.05 loss@78.05 frag@220.11 frag@221.11 frag@238.09 frag@254.09 frag@194.99 frag@222.1 frag@210.13 frag@303.12 frag@337.15 frag@239.12 frag@210.09 frag@268.08 frag@225.1,0.1712815911 0.1062544435 0.0908812061 0.07425541431 0.07286225259 0.05936207995 0.0510725826 0.05018803105 0.04912516102 0.04245249555 0.02379414812 0.01926688291 0.01911813021 0.01303017326 0.01181885786 0.01003874466 0.008982202038 0.006254736334 0.005771812983 0.005514187273
106,frag@67.04 loss@221.04 frag@80.05 loss@172.04 frag@96.07 loss@219.03 loss@212.02 frag@53.0 frag@69.04 frag@66.03 loss@153.05 frag@54.03 loss@187.04 loss@146.1 loss@246.03 frag@81.06 frag@81.04 loss@127.04 frag@42.03 frag@108.04,0.1103049293 0.06852128357 0.06597735733 0.05571681634 0.05434586853 0.03964271024 0.0365008302 0.02974598482 0.02941642702 0.02512516454 0.02125161514 0.01698428392 0.0123363426 0.01049411856 0.009989389218 0.009296311997 0.00880120229 0.008431586437 0.007842117921 0.007244111504
107,loss@227.11 frag@158.06 frag@160.08 frag@188.07 frag@118.07 frag@199.09 frag@130.07 loss@278.09 frag@132.08 loss@264.06 frag@170.06 frag@142.07 loss@185.01 loss@121.09 frag@189.08 loss@188.04 loss@326.09 loss@335.11 frag@172.08 loss@145.12,0.06654568762 0.05966424569 0.05283560231 0.04644325748 0.04202883318 0.03789005429 0.03709604591 0.03352783993 0.03224417567 0.02196548134 0.02171120793 0.02036778443 0.02036329918 0.01970351674 0.01779122278 0.01694877818 0.01310887281 0.0113267405 0.01040268689 0.009320215322
108,frag@105.07 loss@230.12 loss@219.11 loss@242.08 loss@212.04 loss@239.13 loss@222.11 loss@288.13 frag@123.08 loss@217.15 loss@231.11 loss@298.1 frag@135.08 loss@104.06 loss@221.11 loss@214.02 loss@231.07 loss@268.09 loss@192.06 loss@280.14,0.4475170672 0.04943159595 0.0271849297 0.02311934531 0.02304977737 0.02235932462 0.02139731869 0.01630705968 0.01605748758 0.01587198675 0.01577568054 0.01390306838 0.01252943464 0.0115694385 0.01058468595 0.009895997122 0.009668305516 0.008945218287 0.008930182084 0.008776435629
109,frag@57.93 frag@100.0 frag@100.5 frag@67.03 loss@133.03 loss@33.99 loss@240.99 frag@67.04 frag@280.06 loss@110.98 frag@187.97 loss@132.05 frag@102.0 frag@82.99 loss@116.99 loss@256.01 frag@198.99 frag@99.01 frag@134.96 frag@209.99,0.04947279394 0.03182193637 0.03100809641 0.02967296541 0.02374701761 0.01641238108 0.0152051216 0.01475752052 0.01148910262 0.009258671664 0.009147576056 0.008348007686 0.007504418027 0.007350817323 0.007187201176 0.006686008535 0.006680458318 0.006630417425 0.006411741488 0.00594904786
110,loss@161.07 frag@218.09 frag@230.09 loss@141.06 loss@159.11 frag@294.1 frag@130.04 loss@89.06 loss@204.11 frag@95.03 frag@329.14 frag@172.1 frag@181.09 frag@172.05 frag@231.08 frag@221.11 frag@136.03 frag@163.99 frag@285.14 frag@300.15,0.224213466 0.2129129022 0.1490299106 0.1329021454 0.1148709878 0.01860864647 0.005381856579 0.005156046711 0.005050868262 0.004855527077 0.004825834185 0.004016071092 0.003778067185 0.003253979376 0.002697059652 0.002521302318 0.002458794275 0.00245601451 0.002338629216 0.002238467103
111,loss@18.01 frag@241.1 frag@260.08 frag@263.08 frag@304.1 frag@268.14 frag@321.09 frag@314.15 frag@412.32 frag@345.1 frag@292.11 frag@279.12 frag@273.04 frag@267.11 frag@321.14 frag@307.1 frag@331.1 frag@288.08 frag@221.07 loss@32.03,0.4730478227 0.05409158766 0.04556958005 0.03951926157 0.02882563509 0.02798729762 0.02275667898 0.02034409344 0.02019894496 0.0199446287 0.01855324395 0.01783727482 0.01637617871 0.01565645076 0.01389960852 0.01378165744 0.007678904571 0.005230069626 0.004893639591 0.004486767575
112,loss@212.09 frag@261.09 frag@220.06 loss@247.02 loss@186.09 frag@249.0 frag@162.97 loss@242.1 frag@66.05 loss@269.07 loss@219.06 loss@158.07 frag@178.06 frag@136.07 loss@46.03 loss@231.07 frag@91.04 frag@195.99 frag@217.15 loss@168.12,0.2943329513 0.2900753319 0.06063932553 0.01258958038 0.01188107952 0.01186385006 0.009942904115 0.009256577119 0.007490796503 0.006214044522 0.005721535068 0.005717672873 0.005564033519 0.005308012478 0.005304459017 0.004549050238 0.003808755893 0.003612800967 0.003488337854 0.003448055126
113,frag@131.06 frag@145.08 frag@133.08 frag@147.09 frag@161.07 frag@132.07 loss@176.06 loss@203.11 loss@187.07 loss@160.06 loss@189.09 loss@218.12 loss@173.1 frag@147.06 frag@159.06 frag@146.08 loss@163.09 loss@176.09 loss@205.09 loss@243.14,0.09026624262 0.08841200918 0.05589385703 0.05411149561 0.05367852375 0.05328893661 0.0389623493 0.03769825771 0.03512175754 0.03156380728 0.02875353955 0.02283333614 0.02240810357 0.02211419679 0.02211394347 0.01729263365 0.01677748747 0.01574299298 0.01418892853 0.01193613652
114,frag@222.12 loss@35.04 loss@306.09 frag@247.14 frag@142.97 loss@169.1 loss@155.12 frag@310.11 frag@201.04 loss@192.03 frag@247.01 loss@202.14 loss@262.16 frag@168.11 frag@309.1 frag@116.06 frag@378.19 frag@174.98 frag@288.04 loss@359.13,0.07482630014 0.06906039268 0.06344994158 0.04657116532 0.03996285051 0.03635587916 0.02615915239 0.02256448008 0.01476037409 0.014489864 0.01410224196 0.01369910315 0.01289410423 0.01160013303 0.01054695249 0.008514905348 0.007677748799 0.007238204125 0.006965707056 0.006695755757
115,frag@111.04 frag@81.03 loss@239.06 loss@268.1 loss@238.05 frag@123.04 loss@318.1 loss@295.1 loss@248.06 loss@313.1 loss@247.02 loss@348.08 loss@306.09 loss@238.02 loss@283.08 loss@227.07 loss@274.14 frag@180.04 frag@124.06 loss@315.12,0.2504869998 0.1754664928 0.1210211515 0.03780573234 0.0361228846 0.02634748444 0.02518774569 0.02234498411 0.01617616788 0.01077092439 0.01034132019 0.009445828386 0.008322601207 0.007219066843 0.005823192187 0.005470351316 0.005293785594 0.004803631455 0.004697585013 0.004499852657
116,frag@56.96 frag@115.06 loss@150.02 frag@128.98 frag@274.05 frag@143.05 loss@88.02 loss@274.13 loss@337.1 frag@79.02 frag@61.01 frag@144.96 frag@256.06 loss@189.06 frag@43.02 loss@239.08 frag@211.12 loss@297.06 frag@195.04 loss@224.02,0.07746029645 0.07097941637 0.06694611907 0.01965934038 0.01895395294 0.01893048733 0.01790335402 0.01435210649 0.0103393672 0.009694220498 0.008595511317 0.007719690911 0.007477694191 0.007305058651 0.006828565616 0.006480937358 0.006409208756 0.006210045423 0.006192711648 0.006073290017
117,frag@79.05 loss@276.12 loss@265.15 frag@125.06 loss@269.11 loss@284.15 loss@290.09 loss@242.1 loss@213.0 loss@315.2 loss@324.15 loss@301.15 loss@339.15 loss@197.11 loss@237.17 loss@274.17 loss@250.13 loss@190.14 loss@293.15 loss@302.12,0.4390314817 0.06313845515 0.03645597026 0.02972198278 0.02615034021 0.02307367697 0.02058585919 0.01797470078 0.01548721176 0.01525984704 0.01257865224 0.01141308621 0.01051450893 0.009929241613 0.009906862862 0.007836375386 0.007346584927 0.007308416534 0.007038335782 0.006936092395
118,loss@252.16 loss@288.15 frag@96.08 frag@110.1 frag@127.09 frag@82.07 loss@291.13 frag@44.05 frag@153.1 frag@114.09 frag@97.09 frag@98.1 frag@100.04 loss@247.06 frag@83.07 frag@166.12 frag@70.06 loss@275.12 frag@112.08 frag@82.06,0.1804997921 0.1736803353 0.08025487512 0.07544656843 0.05196098611 0.03007182293 0.01959244162 0.01898352243 0.01708561927 0.01533567812 0.01518219896 0.01453005522 0.01306421775 0.01219190098 0.01101569366 0.007909231819 0.007206590846 0.007012124639 0.006700550206 0.006684313528
119,frag@280.1 frag@215.12 loss@308.14 loss@338.16 frag@184.11 loss@363.13 frag@111.1 loss@198.15 loss@130.12 loss@298.15 frag@278.11 frag@412.22 loss@68.08 frag@258.14 loss@372.12 loss@144.14 frag@312.13 frag@219.05 frag@326.17 frag@167.11,0.05026630312 0.04807499051 0.03540538624 0.02876368538 0.02651597932 0.01752653532 0.0108451182 0.009461442009 0.008929697797 0.007941206917 0.007647679653 0.007626136299 0.005994120613 0.005421010777 0.005297264084 0.004604761954 0.004515458364 0.004321351182 0.004132398404 0.003834885079
120,frag@224.08 frag@257.04 frag@315.13 frag@211.03 loss@172.11 loss@263.01 frag@263.07 loss@157.1 loss@203.95 frag@181.96 loss@304.97 loss@83.05 loss@377.17 loss@173.97 loss@265.01 frag@275.06 loss@170.99 loss@90.08 loss@156.15 frag@244.07,0.1121105254 0.09050390124 0.05657942221 0.02373514324 0.02234583534 0.01178152673 0.01177495439 0.01166659873 0.01158605795 0.01061899308 0.00995150581 0.008683798835 0.005866529886 0.005611277185 0.005118137691 0.004868168849 0.004846869502 0.004411155358 0.004372046795 0.004290174227
121,loss@214.04 frag@109.08 frag@80.05 frag@107.06 loss@258.07 loss@231.09 loss@209.05 frag@65.04 loss@235.11 frag@92.05 loss@250.05 loss@262.05 loss@215.03 loss@295.11 loss@211.09 loss@231.08 frag@108.04 loss@225.05 frag@158.03 loss@232.0,0.3219358623 0.1891868711 0.1730905175 0.06768232584 0.02105795965 0.01920375973 0.01035453379 0.009917514399 0.009796074592 0.00717915222 0.006705305539 0.006654780358 0.006597497966 0.005695811473 0.005133522209 0.004496532958 0.004312363919 0.004299342167 0.004009480588 0.003109507961
122,frag@55.05 loss@289.18 loss@253.17 loss@289.17 loss@226.14 loss@253.14 loss@185.11 loss@244.03 loss@209.15 loss@270.17 frag@41.04 frag@83.09 loss@185.14 loss@281.17 loss@231.05 loss@235.16 loss@282.04 loss@326.15 loss@105.05 frag@55.06,0.4305976033 0.09025129676 0.07337966561 0.04514068738 0.03487277776 0.02991989069 0.02468542941 0.01797625236 0.01711488888 0.01611952484 0.01080000959 0.01069464628 0.008490716107 0.008227883838 0.008022964001 0.007826550864 0.007517653517 0.005676624831 0.005014345516 0.004999894649
123,loss@187.98 loss@300.1 frag@241.02 frag@264.05 frag@254.11 frag@147.01 loss@168.11 frag@220.06 loss@354.16 loss@185.0 frag@106.04 loss@190.13 frag@75.0 loss@171.14 frag@228.99 loss@243.06 frag@78.05 loss@330.12 loss@101.0 frag@115.02,0.08295436203 0.07367693633 0.06598433107 0.03323198482 0.03191372007 0.02775280923 0.02430400066 0.02429016493 0.01778305136 0.01756436191 0.01597471163 0.01474484708 0.0121058058 0.01142583881 0.01017850917 0.009667878039 0.00825294666 0.008203770034 0.007812794298 0.007011436857
124,frag@68.05 loss@287.13 frag@110.06 loss@251.12 loss@235.11 loss@235.1 loss@267.12 loss@239.09 loss@220.1 loss@219.14 frag@94.06 frag@201.14 frag@109.08 loss@234.14 loss@219.12 loss@274.15 loss@224.06 loss@265.14 frag@159.11 loss@208.14,0.3118797839 0.07824163139 0.07630372047 0.03439594433 0.03049946018 0.02642636374 0.02268534154 0.02231034823 0.01725391857 0.01245840732 0.01140502002 0.01112043113 0.01048550662 0.01030294318 0.01021028217 0.01005328167 0.009717146866 0.00838116277 0.007649479434 0.006514396053
125,frag@192.09 loss@259.15 loss@118.07 loss@62.05 frag@203.05 loss@147.09 loss@170.12 loss@156.07 frag@309.13 frag@219.0 frag@142.03 frag@304.08 frag@232.16 frag@234.12 frag@229.04 frag@234.03 loss@112.0 loss@179.98 frag@198.05 loss@114.11,0.1074028313 0.05327801406 0.03644603491 0.02962595038 0.02175508998 0.01531341113 0.0123423161 0.01129748765 0.01070261933 0.009309999645 0.008159832098 0.006183294114 0.00590702612 0.005741065368 0.005026671104 0.004867934622 0.004839214962 0.004642607644 0.00438186992 0.004191887099
126,loss@321.12 frag@179.11 loss@354.1 frag@164.06 frag@220.11 frag@318.16 frag@191.02 frag@268.13 frag@255.08 frag@203.13 frag@300.17 loss@252.09 frag@166.13 loss@232.09 frag@256.12 frag@168.11 frag@243.05 frag@196.14 frag@157.13 loss@325.1,0.103808172 0.07548852265 0.03795333207 0.02990278043 0.0240862444 0.01977358013 0.01630241796 0.01546560042 0.01352932677 0.01265989523 0.01215789188 0.01175105944 0.009761978872 0.008913888596 0.00803363882 0.008014301769 0.007628215477 0.007244766224 0.007075915113 0.006934706122
127,frag@173.55 loss@268.06 loss@164.02 loss@115.12 loss@350.16 loss@271.09 frag@127.04 loss@310.15 loss@229.0 loss@301.18 loss@248.18 loss@183.12 loss@330.14 loss@307.16 loss@268.18 loss@334.13 loss@298.17 loss@293.05 loss@285.07 loss@221.11,0.4391546249 0.07457927614 0.03844155744 0.02553969994 0.02298247442 0.0215302445 0.02043383755 0.01343534142 0.01207189169 0.009914850816 0.009058068506 0.008009597659 0.00769753335 0.006638587452 0.005775834899 0.005745279137 0.005604199134 0.005154009908 0.00494724093 0.004574615974
128,loss@161.03 frag@59.99 loss@219.01 loss@56.04 frag@244.07 frag@262.13 frag@250.06 frag@281.1 frag@95.99 frag@287.08 frag@384.17 frag@371.22 loss@92.05 frag@309.13 frag@274.09 frag@224.18 frag@305.14 frag@214.06 frag@107.02 frag@233.06,0.2038332522 0.2029310465 0.152494967 0.1069981009 0.03876036778 0.0165958181 0.01158469822 0.008308515884 0.008278563619 0.008254990913 0.008001667447 0.006714448333 0.006299978122 0.005644186866 0.00551887881 0.003886954626 0.003373105079 0.003099429188 0.003078296548 0.002811376704
129,loss@156.09 frag@87.03 frag@218.12 frag@183.05 frag@237.04 frag@226.05 frag@121.07 frag@209.14 frag@227.11 frag@310.11 frag@289.14 frag@158.12 frag@200.01 loss@263.15 frag@323.18 frag@309.1 frag@141.02 frag@203.99 frag@114.09 frag@101.11,0.4792818725 0.07757816464 0.05546763167 0.05044079572 0.04754525423 0.04378470778 0.03098798543 0.02595615387 0.01866854168 0.01672618836 0.01563024148 0.01434798632 0.005656677764 0.005566159263 0.004282203969 0.004092015792 0.003645641962 0.003512877505 0.003088023048 0.002704786137
130,frag@138.03 frag@303.07 loss@234.16 loss@283.05 loss@206.1 loss@327.06 loss@172.13 loss@278.03 loss@251.05 frag@124.0 frag@292.09 loss@184.93 frag@257.12 loss@167.0 frag@295.03 loss@198.15 frag@194.0 loss@191.96 loss@158.02 frag@245.14,0.2346339673 0.05445596948 0.05385810882 0.03586047515 0.02468957007 0.02096108161 0.01814411022 0.017787911 0.0133329276 0.007773348596 0.004927882925 0.004816080909 0.004624622408 0.004609424155 0.004513428081 0.004263955634 0.004109315574 0.004010064527 0.003712390782 0.00363695249
131,frag@163.11 loss@163.12 frag@228.1 frag@184.07 frag@253.08 loss@283.06 loss@283.11 loss@295.15 loss@234.03 loss@327.1 loss@145.99 loss@23.05 loss@342.12 loss@328.19 loss@378.15 frag@219.16 loss@280.06 loss@72.08 loss@144.12 frag@247.12,0.2606157362 0.1840248853 0.06131365895 0.0339277871 0.01679406315 0.01322654821 0.01178837381 0.008346112445 0.005929805338 0.004729583394 0.004588277079 0.004168221727 0.002917373786 0.002716960851 0.002546399133 0.002263903851 0.002262966242 0.002168913605 0.002035239479 0.002020584652
132,frag@205.06 loss@142.1 loss@175.14 loss@151.05 frag@244.08 frag@197.03 loss@118.11 frag@261.03 frag@215.05 frag@234.98 frag@284.11 frag@288.08 loss@80.07 frag@181.11 frag@195.08 frag@197.06 frag@260.18 frag@229.03 loss@256.15 frag@143.0,0.2637805641 0.1819610596 0.1618723869 0.07655343413 0.05276662856 0.05077605695 0.02835298702 0.01655172557 0.01205312647 0.005545476917 0.004713086411 0.00424480252 0.00365559198 0.003150396049 0.003053110326 0.003034451511 0.002981458092 0.002579392865 0.002557733096 0.002405506093
133,frag@44.98 frag@58.99 loss@141.04 loss@207.07 frag@73.01 frag@70.99 loss@155.02 loss@183.01 loss@115.99 frag@72.0 loss@140.03 loss@77.98 loss@119.08 loss@170.04 loss@196.03 loss@128.04 frag@98.01 loss@197.01 loss@145.03 loss@129.04,0.1828091592 0.1261843294 0.1213127822 0.09889248013 0.07674691826 0.06635054946 0.03825617954 0.0381914787 0.02935990505 0.0189877376 0.01349343546 0.01170964539 0.007511932869 0.006403128151 0.006354401354 0.005858131684 0.005733272526 0.005184012 0.004690945614 0.004361493513
134,loss@74.05 loss@103.05 frag@211.1 frag@237.08 loss@101.06 loss@142.09 frag@211.06 frag@212.03 frag@197.99 frag@182.07 loss@61.09 frag@266.13 frag@253.11 frag@259.1 frag@236.12 frag@281.1 frag@116.0 frag@240.04 frag@262.09 frag@235.11,0.185022518 0.1594385505 0.1420609057 0.1101326868 0.04484151676 0.03342561796 0.02932442538 0.02561036311 0.009900774807 0.009805642068 0.008243367076 0.006918159313 0.005936610978 0.004662908614 0.004429446068 0.004302347545 0.004265463911 0.004042529501 0.003662354313 0.003554709489
135,loss@121.06 loss@137.1 frag@95.06 frag@83.06 frag@81.04 frag@82.05 frag@94.05 frag@68.01 frag@54.03 frag@93.04 loss@354.05 loss@136.1 loss@224.98 loss@149.1 frag@43.03 loss@253.02 frag@290.16 frag@150.1 frag@198.11 loss@388.12,0.19758223 0.1730751246 0.1434052885 0.07148835063 0.06336791068 0.0473588258 0.03012515791 0.02796578221 0.02507438883 0.009565071203 0.008691396564 0.0077706296 0.007491444238 0.007438839879 0.006456879433 0.005384144373 0.005209647119 0.004856666084 0.004489973187 0.004392847419
136,frag@188.03 frag@257.11 frag@246.04 loss@50.04 loss@330.07 frag@289.1 loss@146.01 frag@207.03 frag@262.07 frag@437.15 frag@154.95 loss@199.99 frag@251.05 loss@232.03 frag@235.08 frag@112.01 loss@170.12 frag@237.12 frag@282.08 frag@236.04,0.02294233628 0.01614507474 0.01390257571 0.0109423995 0.01051884796 0.008599160239 0.00858884491 0.007510026451 0.006347617134 0.00586316688 0.005092001986 0.004837356973 0.004618055653 0.004168436397 0.003859836608 0.003776004538 0.003764087334 0.003248036839 0.003092021216 0.003077767324
137,frag@258.07 frag@224.07 loss@279.13 loss@283.06 frag@58.96 loss@292.09 frag@239.01 frag@170.04 frag@151.11 frag@338.19 loss@291.06 frag@214.09 loss@339.13 loss@243.0 loss@362.1 loss@160.02 frag@279.11 loss@318.02 frag@232.02 frag@245.08,0.03988535702 0.03896527737 0.03419515118 0.0312100742 0.0235464368 0.02288186736 0.02136479691 0.01249516662 0.01053631306 0.01023557503 0.01020016894 0.007756042294 0.005555676762 0.004596033134 0.004518323112 0.004270158708 0.004060441628 0.003843434155 0.003840156831 0.003761104308
138,loss@169.1 frag@177.07 loss@35.04 frag@247.07 frag@230.05 loss@158.12 loss@155.12 loss@192.03 frag@195.01 loss@208.18 frag@217.04 loss@107.08 loss@125.09 frag@308.0 frag@307.1 loss@228.12 frag@187.04 loss@318.15 frag@213.08 loss@149.12,0.0922678113 0.07445824146 0.06104197353 0.05282317474 0.04215087369 0.04139861465 0.03837409616 0.02615164593 0.01988792792 0.01799865067 0.01380389743 0.01231507584 0.01165100932 0.008671918884 0.007811022457 0.007808321621 0.007506645285 0.007018739358 0.00610545557 0.005997059867
139,loss@283.11 frag@233.05 frag@192.09 frag@211.03 loss@295.15 frag@207.03 frag@208.06 loss@328.04 loss@191.99 frag@257.05 frag@231.04 frag@250.11 loss@357.14 frag@244.07 loss@20.01 loss@215.0 frag@184.07 loss@244.18 frag@255.04 frag@323.19,0.2143602967 0.08171926439 0.04744356498 0.03982572258 0.02633935958 0.02376162261 0.02049263008 0.01047743298 0.0100146411 0.009616415016 0.009577262215 0.008900365792 0.00707756402 0.007046700455 0.007022124249 0.006097495556 0.005707342643 0.005594117101 0.005581308156 0.005516536999
140,loss@194.09 frag@122.03 frag@181.11 frag@138.08 frag@154.0 loss@127.05 frag@84.06 frag@43.04 loss@229.06 loss@271.07 frag@208.13 loss@288.1 frag@179.1 loss@292.09 frag@163.99 frag@116.98 loss@275.2 loss@256.17 frag@231.13 frag@162.06,0.4354552031 0.1879340559 0.1221516207 0.06138988957 0.04399320483 0.01308087818 0.009167061187 0.004907190334 0.003657289082 0.003268077737 0.003141874913 0.002669447102 0.00262046 0.002526198514 0.002414076123 0.001953873318 0.001694808132 0.001683917129 0.001581799821 0.001575741102
141,loss@211.17 frag@256.07 loss@248.03 frag@224.11 loss@116.13 frag@234.1 loss@107.09 frag@227.15 frag@235.98 frag@269.11 frag@194.11 frag@153.98 frag@208.99 frag@251.07 frag@244.14 frag@272.07 loss@472.24 frag@84.97 loss@323.11 frag@281.08,0.1532847881 0.09414272755 0.07670597732 0.07247682661 0.05534489825 0.0375562571 0.02093759552 0.01845285483 0.01793916896 0.01328490861 0.01128834486 0.010332454 0.009280563332 0.007982070558 0.006607373711 0.006095612422 0.006086328067 0.004997482058 0.004686337896 0.004602254368
142,loss@265.09 frag@74.93 loss@237.1 frag@241.11 frag@220.05 frag@159.1 frag@133.09 frag@173.11 loss@305.08 loss@243.14 frag@172.11 frag@146.1 frag@147.06 loss@303.07 frag@161.11 frag@146.08 loss@256.11 frag@178.09 loss@325.11 loss@196.09,0.1386211067 0.06981781125 0.06885842234 0.05702935904 0.05536786839 0.04060074314 0.03984960169 0.02448887192 0.02391705476 0.01416371204 0.01365394425 0.0135148596 0.01346301753 0.01158757973 0.009969823062 0.009071743116 0.008089666255 0.007648752537 0.006061243359 0.006007058546
143,frag@99.07 loss@245.14 loss@248.16 frag@98.06 frag@84.08 frag@124.08 frag@82.07 frag@210.15 frag@100.04 loss@286.17 frag@84.06 frag@291.12 frag@98.08 frag@174.03 loss@209.14 frag@94.07 frag@70.06 frag@55.05 frag@126.09 loss@168.13,0.2557936013 0.2191056758 0.2056494355 0.02617233619 0.01509198826 0.00973503571 0.00825662259 0.008158017881 0.006955929566 0.00670192251 0.006339694373 0.006335952785 0.005703062285 0.005685793236 0.005678395741 0.005612256937 0.005338450894 0.004351075273 0.00421340391 0.004106476903
144,frag@81.04 frag@54.03 frag@108.07 frag@66.03 loss@153.05 loss@108.07 loss@120.07 loss@116.06 loss@166.04 loss@147.05 loss@107.04 loss@230.98 loss@119.06 loss@117.07 loss@187.02 frag@52.02 frag@96.07 frag@67.04 loss@213.04 loss@228.94,0.1903904229 0.06721799821 0.05926697329 0.05784129351 0.04939455539 0.04850232229 0.03767162189 0.03132901341 0.03028192371 0.02539567649 0.02229229733 0.0183341708 0.01699107513 0.01637594402 0.01517174114 0.01413930021 0.01395851001 0.01335817669 0.0118869571 0.009812048636
145,frag@67.05 frag@85.06 loss@212.15 loss@254.14 frag@43.02 loss@209.18 loss@277.13 loss@266.17 loss@254.17 loss@280.14 loss@224.15 loss@265.17 loss@185.11 loss@275.01 loss@231.11 loss@279.16 loss@179.13 loss@253.14 loss@212.12 loss@236.15,0.2674941719 0.173589319 0.1241467074 0.06077897549 0.04057683423 0.02845394984 0.02483644523 0.01571121812 0.01191405486 0.009743322618 0.009593822062 0.008809143677 0.007850923575 0.007805459201 0.007323206402 0.006496632006 0.005422458518 0.005065979902 0.004876725376 0.004811051302
146,frag@150.04 loss@114.02 loss@126.02 loss@245.0 loss@204.04 loss@224.03 loss@81.05 loss@165.04 loss@311.06 loss@242.95 loss@273.09 loss@182.03 loss@184.18 loss@167.14 loss@103.99 loss@158.03 loss@59.03 loss@124.05 loss@315.13 loss@79.04,0.4928155541 0.151803717 0.04618246853 0.03736166656 0.009108709171 0.006298446562 0.006167012267 0.005605727434 0.004049330484 0.003974343184 0.0038534177 0.003830963746 0.0030826109 0.002971007489 0.002860164503 0.002849899465 0.002587935887 0.002499077935 0.002484190743 0.002229023958
147,frag@187.07 loss@194.02 frag@233.11 loss@165.07 loss@248.1 loss@191.09 loss@162.07 loss@172.05 loss@143.08 loss@230.05 loss@162.04 loss@154.04 loss@134.06 loss@76.04 frag@145.06 loss@178.09 frag@244.13 frag@155.06 loss@174.09 loss@159.05,0.3376230597 0.1051587239 0.09112279862 0.0754872784 0.04601024464 0.02076316066 0.02058959939 0.01226208173 0.01029987074 0.007727316581 0.007301272359 0.007161999121 0.007097804453 0.005859496072 0.005615709815 0.005377601366 0.003866406623 0.003358817659 0.003350163577 0.003106261836
148,frag@112.01 frag@236.04 loss@71.98 frag@294.12 frag@234.04 frag@197.01 frag@86.02 frag@210.03 frag@287.08 frag@194.0 frag@290.12 loss@266.03 frag@319.06 frag@219.05 frag@170.01 frag@256.08 frag@278.06 frag@255.15 frag@326.08 frag@272.1,0.001951539307 0.001712554367 0.001542296144 0.001358275069 0.001156452694 0.001122923451 0.001067659701 0.001028032042 0.001022284385 0.0009410963976 0.0009264733526 0.0008988277987 0.0008900694665 0.0008816752234 0.0008601825684 0.0008479675162 0.0007894140435 0.0007425228832 0.0007337742718 0.0007184798596
149,frag@55.03 frag@88.04 frag@244.06 loss@286.12 loss@344.07 loss@186.02 frag@239.05 frag@214.03 loss@355.16 loss@322.09 loss@172.04 loss@268.08 frag@223.97 frag@220.02 loss@301.16 loss@329.19 frag@259.12 frag@84.07 loss@324.07 loss@328.11,0.1243931428 0.1161687374 0.03216329962 0.02861482278 0.02761801146 0.02697263472 0.01267467439 0.01063372567 0.009174508974 0.008699100465 0.008314001374 0.007851505652 0.004980358761 0.004404470325 0.004271676764 0.003584695049 0.003342915094 0.003264604602 0.003127008444 0.003126674565
150,frag@207.03 loss@383.14 loss@255.0 frag@252.12 frag@263.07 frag@253.07 frag@287.08 frag@308.07 frag@343.12 frag@208.05 loss@314.03 loss@279.18 loss@172.0 frag@212.04 frag@229.08 frag@197.01 frag@276.07 frag@300.09 frag@172.01 loss@304.02,0.1249967068 0.02228532173 0.008366214111 0.007690933533 0.007485982031 0.006841847673 0.00671578804 0.00664074393 0.005188177805 0.005104339216 0.004624657333 0.004409892019 0.003852455178 0.003456599079 0.003443480935 0.003436067142 0.003337182803 0.003269257722 0.003004256869 0.00298331026
151,frag@195.03 loss@129.15 loss@290.08 frag@219.15 loss@218.17 frag@366.16 loss@307.09 loss@117.09 loss@225.16 loss@118.1 loss@143.05 frag@195.07 frag@195.99 loss@204.16 frag@223.04 frag@185.0 loss@106.05 frag@195.05 loss@306.18 frag@178.05,0.2733102739 0.1150681973 0.1007820666 0.05934669822 0.04924591258 0.03457917273 0.02825938351 0.01419776212 0.01216384582 0.009704144672 0.007973761298 0.00764430454 0.00667835027 0.006015013903 0.005557490513 0.005377229303 0.00503076287 0.004936428275 0.003993640654 0.003578449367
152,frag@207.08 loss@307.03 frag@200.04 loss@267.02 loss@123.05 frag@176.04 loss@228.12 loss@272.19 loss@206.1 loss@130.07 loss@300.11 loss@156.17 loss@308.1 loss@243.99 loss@230.1 loss@109.07 loss@301.16 loss@290.07 loss@203.0 loss@350.11,0.3769527078 0.04313369468 0.03986096755 0.01604440995 0.01482732221 0.00871588476 0.0063792984 0.006239282899 0.005933449138 0.005845482461 0.004694182891 0.004448870663 0.004227531608 0.003809692804 0.003729261225 0.003338835202 0.002901605098 0.002848991193 0.00279860408 0.002744654892
153,frag@58.03 loss@252.15 loss@310.1 loss@369.13 loss@272.12 frag@214.11 loss@275.17 loss@198.1 loss@282.16 loss@271.08 frag@413.16 loss@226.07 loss@278.13 loss@188.13 loss@154.1 loss@275.23 loss@245.14 loss@252.13 loss@273.15 loss@224.09,0.4686276913 0.1974795312 0.1130555719 0.03019656427 0.01924548112 0.007777499966 0.004481735639 0.004153150599 0.003364315024 0.003249227069 0.00320128724 0.002951646456 0.002594081918 0.002582963556 0.002486751648 0.00246391492 0.002354067983 0.00202286616 0.001911392203 0.001796354074
154,frag@69.03 loss@288.08 loss@298.14 loss@318.12 loss@273.15 loss@201.12 loss@264.12 frag@93.07 frag@83.05 loss@208.03 loss@268.11 frag@73.06 frag@231.07 loss@332.13 loss@299.16 loss@194.13 frag@81.07 frag@87.04 loss@365.17 frag@111.08,0.324120909 0.08912951499 0.07270017266 0.03933180496 0.03700661287 0.02722873539 0.02270498499 0.02011413872 0.01812035218 0.01763078012 0.01665799506 0.01654984243 0.01627105661 0.01610627957 0.01223973371 0.007911962457 0.007411033381 0.006399338599 0.006356990896 0.005822076462
155,loss@163.04 loss@186.08 frag@247.05 loss@181.08 frag@173.07 frag@143.06 frag@130.06 loss@161.11 loss@238.04 frag@146.06 frag@185.07 frag@158.06 frag@117.06 loss@212.08 frag@162.05 frag@130.07 frag@144.07 frag@170.05 frag@253.1 frag@131.07,0.1763779372 0.05976387486 0.05561941862 0.04849066213 0.03104663081 0.03090321273 0.0284664426 0.02101471648 0.01656701602 0.01501833927 0.01477676071 0.01443854626 0.01431277581 0.01232939679 0.01173930615 0.01104518212 0.0107411705 0.01053662319 0.01021600049 0.009371654131
156,frag@95.05 frag@77.04 frag@105.04 loss@124.03 loss@201.05 loss@125.02 loss@180.01 loss@101.01 loss@171.06 loss@203.03 loss@110.01 loss@319.13 loss@128.02 loss@102.02 loss@83.0 loss@321.17 loss@396.09 loss@109.03 loss@39.01 loss@114.03,0.3165756762 0.09224552661 0.06123302132 0.0395591259 0.03903066739 0.03875685856 0.03550510481 0.03487460315 0.03236182034 0.03159256652 0.02535205148 0.02192886733 0.02143518813 0.01818917319 0.0132354917 0.01227447297 0.01188106649 0.008058889769 0.007895438001 0.007399429567
157,frag@210.1 loss@116.07 frag@182.07 loss@114.09 loss@139.11 loss@112.1 loss@129.05 loss@144.1 frag@198.1 loss@114.08 frag@216.11 loss@57.06 loss@100.09 frag@200.09 loss@85.06 loss@103.06 frag@293.15 loss@101.08 frag@237.1 frag@186.07,0.2917027473 0.1470773369 0.08082389832 0.05951331556 0.03920459747 0.03677712008 0.02750974335 0.02511483245 0.009650498629 0.009559672326 0.009160028771 0.008018759079 0.007840971462 0.007444011513 0.00667903712 0.005585154984 0.004931667354 0.004797214642 0.004690757021 0.00358617818
158,frag@118.04 frag@90.05 loss@228.08 loss@212.11 loss@119.05 loss@176.03 loss@188.03 loss@227.01 loss@225.97 loss@218.1 loss@186.09 loss@49.99 loss@372.11 loss@293.07 loss@190.05 loss@235.05 loss@149.06 loss@218.07 loss@160.96 loss@119.03,0.3437850475 0.155892536 0.1124195009 0.0832361877 0.06596472859 0.05091664568 0.03203784674 0.01990736276 0.01857608184 0.01495535392 0.01071873214 0.008624949493 0.004893144593 0.003275441704 0.002675046213 0.002448015846 0.002403390594 0.00239964365 0.002379693789 0.001989480574
159,frag@230.08 loss@255.11 frag@80.01 frag@205.09 frag@327.12 frag@223.11 frag@230.06 frag@289.12 frag@187.08 loss@252.14 frag@242.08 frag@285.14 loss@375.16 frag@298.08 frag@249.11 loss@424.24 loss@118.99 frag@396.21 frag@100.05 loss@305.22,0.06031916291 0.05021272972 0.03933249041 0.02743816376 0.02312769368 0.02300988324 0.02252118848 0.01097057201 0.01030782517 0.006204439793 0.003620475298 0.003453634214 0.003330623498 0.00330826221 0.003092424246 0.003004290862 0.002703033155 0.002475997433 0.002429499524 0.002334001008
160,frag@213.05 loss@117.02 frag@275.09 loss@309.12 loss@32.03 loss@43.02 frag@294.07 loss@44.03 loss@63.97 loss@76.05 loss@154.03 loss@36.02 frag@232.07 loss@104.04 loss@71.05 loss@117.09 loss@111.05 loss@29.04 frag@185.06 frag@226.06,0.3295173049 0.1681597382 0.09083884954 0.07594379038 0.02856337652 0.01828449965 0.01694272086 0.01401024498 0.01283247676 0.009238506667 0.007174715865 0.006884994917 0.006733816583 0.006694582757 0.006380387116 0.005254483316 0.004736556672 0.004589348566 0.003919744398 0.003919134848
161,frag@85.01 frag@113.01 loss@215.04 loss@256.07 loss@237.05 loss@247.03 loss@249.06 loss@312.1 loss@286.05 loss@153.02 loss@125.03 frag@110.08 loss@266.08 loss@174.05 loss@330.06 loss@296.08 loss@187.05 loss@172.04 loss@234.16 loss@274.02,0.3079354465 0.151107192 0.06528368592 0.0528972894 0.05208156258 0.0506391637 0.0470963046 0.03132865205 0.02526799776 0.01155784726 0.01149651688 0.007353964727 0.0066910889 0.005324304104 0.005274905358 0.004698260687 0.004588519223 0.004440217279 0.004302789457 0.003430097131
162,frag@53.04 loss@269.07 loss@247.1 frag@81.03 loss@240.06 loss@209.05 loss@221.1 frag@176.98 frag@65.04 loss@268.1 loss@222.05 loss@223.08 loss@214.04 loss@254.04 loss@257.11 loss@245.11 loss@120.03 loss@195.09 loss@253.05 loss@229.08,0.3554369807 0.08758766949 0.07265927643 0.06679055095 0.05141074583 0.04229642451 0.02477892488 0.02468584105 0.01790747792 0.01552467793 0.0136105055 0.008439236321 0.008251828142 0.008235530928 0.007585139014 0.006969288923 0.004129419569 0.004063735716 0.003998917527 0.003819973674
163,frag@91.05 loss@271.11 frag@176.14 loss@291.17 loss@242.16 frag@91.06 loss@324.08 loss@296.12 loss@225.1 frag@120.08 loss@247.11 loss@213.15 frag@109.06 loss@333.15 loss@254.12 loss@256.09 loss@238.98 loss@332.17 loss@258.1 loss@313.18,0.344877243 0.07747400552 0.04173593968 0.04074564949 0.04072133079 0.03717009351 0.02765752748 0.01990235969 0.01738668233 0.01549305674 0.01327465568 0.01110798866 0.01095512789 0.0103762811 0.008841714822 0.008596614003 0.008576125838 0.008575783111 0.0077389488 0.007369698025
164,frag@85.08 loss@174.09 loss@249.14 loss@160.12 loss@333.07 loss@188.12 frag@304.16 loss@201.14 loss@214.14 frag@234.98 frag@178.08 frag@284.14 loss@306.17 frag@175.11 frag@240.01 frag@323.18 frag@100.08 loss@239.97 loss@208.99 frag@233.13,0.4573945105 0.2000473887 0.1483965665 0.09629992396 0.01006249245 0.00708886655 0.003034151392 0.002917433623 0.002753423061 0.001504324726 0.001493633143 0.001468939008 0.00131028716 0.001176120946 0.001071181847 0.001042439719 0.00104130595 0.0009800822008 0.0009627274121 0.0009491702658
165,frag@149.02 frag@253.1 loss@289.13 loss@295.1 loss@314.14 loss@228.05 frag@138.06 loss@263.09 loss@252.06 loss@315.15 frag@65.04 frag@93.03 loss@251.04 frag@149.03 frag@312.12 loss@206.03 frag@184.02 frag@92.06 frag@134.01 loss@326.09,0.07894350588 0.06736129522 0.05095447227 0.0445956178 0.035891179 0.0355334729 0.03262484446 0.03209985793 0.03135566786 0.02580974065 0.02487960458 0.02480649017 0.02290496975 0.01840974204 0.01744186506 0.01298483647 0.01136385929 0.01057356037 0.009979598224 0.009084582329
166,frag@206.06 loss@253.1 loss@204.06 frag@144.06 frag@287.09 frag@178.06 loss@220.05 frag@184.02 frag@149.04 frag@80.06 frag@105.05 frag@181.05 frag@204.14 frag@114.04 frag@67.02 frag@120.07 frag@164.07 loss@194.06 frag@47.9 loss@239.05,0.2563713789 0.2364405692 0.2259598523 0.08333461732 0.07236923277 0.02454071678 0.007670813706 0.006133921444 0.004005665425 0.00310758641 0.002432900015 0.00216167327 0.00197865814 0.001947838697 0.001593576046 0.001440696418 0.001426858944 0.001134340651 0.001106352429 0.001084905583
167,frag@79.05 loss@221.11 frag@93.07 loss@254.08 frag@81.07 frag@105.07 frag@67.05 loss@230.12 loss@209.14 loss@231.11 loss@211.06 loss@222.11 loss@224.15 loss@314.13 loss@293.03 frag@135.08 loss@233.11 loss@210.13 loss@280.14 loss@300.13,0.3076065183 0.2117391676 0.04929261655 0.03938641027 0.03530695289 0.02813493274 0.02368683927 0.01807214692 0.01763005368 0.01702695712 0.01565446518 0.01366037037 0.008572966792 0.008313452825 0.006918000057 0.006891271565 0.006733903196 0.006604892202 0.004991352558 0.004971418995
168,frag@176.03 loss@201.13 frag@241.04 loss@156.03 loss@195.99 loss@119.03 loss@120.02 loss@167.12 loss@314.1 loss@247.04 loss@133.02 loss@99.0 loss@79.99 loss@163.11 frag@270.13 loss@113.04 loss@173.98 loss@227.02 frag@220.13 loss@145.1,0.3652360737 0.1610993445 0.08136906475 0.04786884785 0.04429830611 0.04041843489 0.02460512519 0.01526438724 0.008078021929 0.007321223617 0.007302967366 0.006271731108 0.00577195175 0.005009510089 0.004814490676 0.004711926915 0.0041578128 0.003898122814 0.003856123891 0.003462261055
169,loss@232.08 frag@217.09 frag@202.1 loss@159.13 frag@233.08 frag@180.07 frag@183.06 loss@242.13 frag@191.11 loss@271.08 loss@268.14 loss@192.15 loss@166.15 loss@303.1 loss@252.02 loss@317.13 loss@288.07 frag@269.13 loss@129.12 frag@288.13,0.132980302 0.1127328351 0.0969792977 0.09398633987 0.0743322894 0.06558937579 0.05348661542 0.04910582304 0.04330994934 0.03506450355 0.03141133487 0.02293464914 0.01803967915 0.01573027298 0.01073011197 0.008942954242 0.004755998496 0.004372656811 0.004122207873 0.003944380675
170,frag@138.99 frag@139.01 frag@129.01 frag@158.98 frag@169.01 frag@70.04 loss@204.14 loss@170.06 loss@155.01 loss@236.16 loss@231.01 loss@244.04 loss@297.11 loss@207.02 loss@213.18 loss@258.06 loss@319.12 loss@143.02 loss@308.13 loss@255.04,0.1148821488 0.09697351605 0.07809247822 0.07587338984 0.04754469916 0.0463710539 0.04609997571 0.04233063385 0.03189818561 0.02616110072 0.01882515475 0.01753395982 0.01656762138 0.01649198681 0.01527690422 0.01422344986 0.01376056764 0.01356808562 0.01320547145 0.01217472367
171,frag@44.98 frag@98.01 frag@116.03 frag@137.05 loss@223.03 frag@58.99 frag@70.99 loss@175.05 frag@54.03 loss@122.01 loss@207.07 frag@134.02 loss@155.02 loss@220.14 frag@245.05 loss@119.08 frag@143.04 loss@159.05 loss@146.06 loss@130.09,0.09435011446 0.05928518996 0.04089322314 0.03557947651 0.03335912898 0.02654165216 0.01796131022 0.01715498045 0.01303307991 0.01286765374 0.01253263652 0.01251422707 0.01180001814 0.01078468189 0.009474075399 0.009288167581 0.008974177763 0.008935580961 0.008875670843 0.008847612888
172,loss@200.14 loss@227.16 loss@189.14 loss@285.16 frag@195.15 loss@225.15 frag@196.17 frag@296.09 loss@301.19 frag@259.17 frag@357.1 loss@250.12 frag@101.0 loss@223.17 frag@265.02 loss@273.13 frag@256.16 frag@138.1 frag@206.1 frag@162.97,0.08821892738 0.04694619775 0.03958223388 0.02632599324 0.01639846526 0.01384357549 0.01033715531 0.008788061328 0.008340583183 0.006700182799 0.006539109163 0.006500524003 0.006314747967 0.006020735018 0.005654719658 0.005433624145 0.00530614797 0.005274901632 0.005182622932 0.004627279006
173,frag@219.11 loss@205.04 frag@258.09 frag@196.05 loss@110.06 loss@178.06 frag@107.07 loss@168.0 frag@149.07 frag@149.03 frag@175.05 loss@206.06 loss@113.05 frag@186.05 loss@200.01 loss@161.06 frag@149.11 loss@175.08 frag@257.09 loss@142.04,0.1254294515 0.07715201378 0.06733542681 0.06478685141 0.06449483335 0.06054177508 0.02282369509 0.01983864978 0.01794335246 0.0112990113 0.01100141462 0.01002438366 0.009168762714 0.008942252956 0.006846350618 0.006770099979 0.006381513085 0.005583481397 0.005226247013 0.005198885687
174,frag@130.04 loss@41.03 frag@120.02 loss@99.01 frag@106.04 loss@144.01 loss@174.03 loss@109.98 loss@165.05 loss@163.11 loss@27.01 frag@272.12 loss@179.08 frag@130.03 loss@234.16 loss@164.05 loss@43.02 frag@95.03 frag@161.05 loss@89.06,0.2770317793 0.2300221771 0.1099118292 0.06329809874 0.01456565224 0.01410818007 0.01307023875 0.01126971096 0.009946139529 0.0094291633 0.007442412898 0.006896520033 0.006673416123 0.006344496273 0.005317995325 0.005113617517 0.00478594657 0.004614081699 0.00389956031 0.003867614083
175,frag@95.05 loss@221.1 loss@257.11 loss@240.15 frag@79.05 loss@268.1 frag@77.04 loss@223.08 loss@274.14 loss@222.05 loss@227.04 loss@243.15 loss@245.08 loss@266.14 loss@227.09 loss@239.04 frag@105.03 loss@277.11 loss@192.06 frag@125.06,0.3929867148 0.06546482444 0.05027410761 0.04039892182 0.03632951155 0.03555732593 0.0266002845 0.02318777889 0.01775259525 0.01403336413 0.0139946593 0.01210190076 0.01091865264 0.00945083797 0.009187713265 0.008275603876 0.008085702546 0.007294980809 0.007159698289 0.007148099132
176,frag@110.01 loss@79.04 loss@206.03 loss@220.04 loss@185.99 loss@219.05 loss@126.01 loss@226.18 loss@202.04 frag@152.98 loss@263.07 loss@256.07 loss@215.97 loss@297.08 loss@273.06 loss@84.0 loss@336.05 loss@273.09 loss@142.01 loss@258.17,0.4474289715 0.0761513263 0.03109354153 0.02882461436 0.01497422066 0.01300540101 0.01250103023 0.01050038263 0.008455200121 0.007379536983 0.007089759223 0.006838569883 0.005876030307 0.005254265852 0.005142957903 0.004747548606 0.004694462754 0.004644831177 0.004381395411 0.004011241719
177,frag@227.14 loss@200.14 frag@323.09 frag@259.17 frag@170.11 loss@272.19 frag@225.12 frag@348.17 frag@54.05 loss@196.96 frag@252.14 frag@365.08 frag@101.0 frag@307.09 frag@206.1 frag@278.11 frag@340.11 loss@166.14 frag@237.14 frag@170.12,0.0291015543 0.02442575619 0.02122898959 0.0122939907 0.01016299706 0.009843424894 0.007345328107 0.006765884813 0.006436416879 0.006422426552 0.005800445564 0.005415671505 0.005273715593 0.005009661429 0.004913656041 0.00490082847 0.004288890865 0.004242253024 0.004236151464 0.004032153636
178,frag@152.05 loss@196.07 loss@165.06 frag@122.04 loss@236.1 frag@155.07 frag@165.05 frag@180.05 frag@111.03 frag@93.03 loss@192.04 frag@149.04 loss@284.06 loss@222.08 loss@186.03 loss@210.06 loss@183.07 loss@232.06 loss@263.07 loss@238.12,0.4277440012 0.2551138103 0.1770725101 0.05274893343 0.01968654804 0.003229156602 0.002942295512 0.002704764716 0.002675862517 0.001940642251 0.00182229653 0.001481015002 0.001457217266 0.00133488595 0.001219967031 0.00095313153 0.000913968368 0.0007941588992 0.0006924795453 0.0006713060429
179,frag@199.1 loss@138.1 loss@156.12 loss@178.13 loss@125.07 loss@153.07 frag@176.13 loss@172.95 frag@210.08 frag@232.09 frag@227.08 frag@215.09 frag@146.05 frag@197.17 loss@153.13 loss@86.05 frag@204.15 loss@124.13 frag@201.06 loss@247.01,0.3829975724 0.2221518159 0.1155477688 0.04601584747 0.02143939398 0.0145542603 0.009506520815 0.008286119439 0.008107818663 0.005230833776 0.005160316825 0.00381964189 0.003678477136 0.003194777062 0.002811565995 0.002627314068 0.00261623133 0.002511003986 0.002431408502 0.002341866028
180,frag@174.13 frag@249.13 loss@343.15 loss@323.16 loss@311.16 loss@289.1 loss@326.17 loss@252.08 frag@183.1 loss@352.09 loss@380.17 frag@278.12 frag@348.06 loss@489.2 loss@334.09 loss@349.15 loss@475.24 loss@310.07 loss@341.17 loss@180.98,0.216029793 0.1138950884 0.1012800261 0.03454750404 0.0334437415 0.02005571127 0.01123960689 0.0109795779 0.01097356528 0.01081239525 0.01059879642 0.01018709503 0.009673394263 0.009539248422 0.009329859167 0.009130688384 0.0077215028 0.006602693349 0.006451969035 0.00622818619
181,frag@79.05 loss@207.09 loss@198.14 loss@244.12 loss@192.06 loss@186.09 loss@223.12 loss@194.13 loss@266.14 loss@233.11 loss@197.11 loss@208.03 loss@210.13 loss@237.14 loss@245.11 loss@213.1 loss@293.15 loss@309.08 loss@227.12 loss@226.13,0.4912687838 0.06021210551 0.04697030783 0.04136845842 0.03167549148 0.0282593593 0.02633981407 0.02041869052 0.02018761821 0.0198002141 0.01722524688 0.01392664667 0.01380733494 0.01307708677 0.01174713578 0.01009898447 0.009064817801 0.008636488579 0.006595921237 0.006418753881
182,frag@177.08 loss@323.13 loss@294.14 loss@287.08 loss@267.15 loss@273.05 loss@344.11 loss@216.97 loss@306.14 loss@427.17 loss@309.12 loss@367.15 loss@288.08 loss@163.07 loss@189.1 loss@301.17 loss@160.12 loss@170.03 loss@135.08 loss@336.14,0.4974602163 0.1252676994 0.1144068018 0.07318328321 0.04929960147 0.02602786757 0.00482430961 0.004724569619 0.004353424069 0.004004572984 0.003339777235 0.002988009481 0.002985508647 0.002186474856 0.001884749508 0.001675429521 0.001552348374 0.00131330383 0.001276537427 0.001204063999
183,frag@53.04 loss@125.05 loss@139.04 loss@153.04 loss@180.99 loss@144.0 loss@173.98 loss@55.01 loss@9.98 loss@254.04 loss@83.0 loss@101.02 loss@153.98 loss@28.0 loss@82.02 loss@137.05 loss@69.02 loss@129.04 loss@121.05 loss@147.05,0.4909497499 0.2570239604 0.05849598348 0.0482179895 0.0239724312 0.02290578373 0.009365249425 0.007613319904 0.007403613068 0.005614288617 0.005214480683 0.003297779709 0.003218887141 0.003214065218 0.003206998343 0.002957554534 0.002226185985 0.002090522787 0.001767539419 0.001585241873
184,frag@135.07 loss@204.13 frag@162.08 frag@177.1 loss@152.04 loss@210.04 frag@121.08 frag@160.07 frag@154.03 loss@163.09 loss@130.09 frag@116.03 loss@155.04 loss@247.04 frag@224.03 loss@218.1 loss@192.07 frag@209.04 loss@139.01 loss@176.06,0.1400099844 0.07496061176 0.06301242113 0.04371391237 0.03556910902 0.03450284898 0.0308648292 0.02113995887 0.02089195698 0.01761876792 0.01601278596 0.01522511803 0.01440854557 0.01414293703 0.01302519254 0.01150479447 0.01058874186 0.01004433818 0.008956586011 0.007955788635
185,loss@216.08 loss@300.11 frag@248.07 frag@224.04 loss@301.11 frag@240.14 loss@108.08 frag@130.03 frag@312.09 frag@147.09 frag@79.03 frag@178.07 frag@184.06 frag@264.07 frag@130.04 loss@174.03 frag@286.12 loss@269.1 frag@200.04 loss@256.08,0.186495617 0.1565211266 0.1488042474 0.09364769608 0.0718883276 0.04404870421 0.03556033224 0.03188616037 0.01715900376 0.01591675915 0.01290002931 0.007638955023 0.007444250863 0.00661039073 0.006132076029 0.00591063546 0.004150511697 0.003825674532 0.003682448529 0.003560486948
186,frag@82.06 frag@56.05 frag@82.07 frag@84.08 loss@284.08 loss@251.13 loss@196.12 loss@280.15 loss@168.13 frag@112.08 loss@209.13 loss@242.05 loss@278.17 frag@55.05 loss@199.12 loss@262.14 loss@208.12 loss@288.15 loss@226.14 frag@84.04,0.1164918765 0.1097812429 0.09627518803 0.06160236895 0.05930798501 0.03280505911 0.02552739345 0.02488492802 0.0221624095 0.02033246681 0.01948527619 0.01812203042 0.01647526398 0.01405250654 0.01287856419 0.01284935419 0.01139730215 0.00851923693 0.007624215912 0.006719953381
187,frag@137.04 loss@153.06 loss@181.06 frag@180.05 frag@165.04 loss@257.05 loss@304.16 loss@216.06 loss@308.08 frag@248.1 loss@180.07 frag@74.93 loss@261.01 frag@135.03 loss@194.05 loss@305.08 loss@235.05 frag@123.03 loss@181.05 loss@167.04,0.2913509607 0.1812726706 0.1322289109 0.09201671928 0.08167590946 0.07583070546 0.01286583859 0.01143717859 0.006602900568 0.006512904074 0.005753871053 0.003632569918 0.003565083491 0.003031313187 0.002574321348 0.002497126814 0.002378558973 0.002336912788 0.002316934522 0.002246375894
188,frag@92.04 loss@232.06 frag@118.03 loss@130.04 frag@209.02 frag@67.02 frag@184.02 loss@251.04 frag@172.03 loss@206.03 loss@261.1 frag@223.0 frag@92.06 loss@235.1 loss@315.15 frag@170.03 frag@249.0 frag@202.09 loss@253.06 frag@109.07,0.07850675285 0.04736660048 0.03987782076 0.03228889778 0.02762635238 0.02663492784 0.02581262589 0.01509147417 0.01304360572 0.01261030044 0.01137497835 0.01119429246 0.009898355231 0.009397052228 0.008971237577 0.008178040385 0.008074295707 0.007817938924 0.007584649604 0.0075762216
189,frag@141.0 loss@227.06 loss@266.08 frag@279.09 frag@85.01 loss@237.06 loss@249.06 loss@186.99 frag@143.03 loss@221.09 frag@151.06 frag@265.11 frag@247.14 loss@271.03 frag@237.03 frag@315.07 loss@318.04 loss@153.02 frag@113.01 loss@221.03,0.272890985 0.1956112683 0.1404794753 0.1001015007 0.0200956855 0.01056553144 0.008492404595 0.007346543018 0.007008971646 0.006580063142 0.006542669144 0.006096147001 0.006082279608 0.005791736301 0.005552357528 0.004983009305 0.004653640091 0.004345830996 0.003953536972 0.003911051899
190,frag@310.12 frag@149.01 frag@237.99 frag@203.02 loss@354.04 loss@380.17 loss@115.0 frag@264.11 frag@331.18 frag@260.12 frag@189.93 frag@108.03 frag@283.14 loss@344.2 frag@295.12 loss@227.98 frag@325.12 frag@289.15 loss@156.17 loss@311.16,0.06525714695 0.05083036423 0.01926899701 0.01112157945 0.008041138761 0.006896492559 0.006581344176 0.006460741162 0.00612433115 0.006049599033 0.005965642631 0.004959639162 0.004941476975 0.004937597085 0.004394944292 0.004138702527 0.004127341323 0.003868753323 0.003778425511 0.003756465623
191,loss@162.05 loss@180.06 frag@193.05 frag@271.06 loss@190.05 frag@303.05 frag@305.1 frag@369.13 frag@229.09 frag@285.08 frag@287.06 frag@79.02 frag@153.02 frag@299.14 loss@324.11 frag@261.04 frag@144.0 frag@319.04 loss@308.11 frag@207.07,0.2350335866 0.135007441 0.1255634427 0.1061495617 0.09212381393 0.05517017469 0.03413384408 0.02688041329 0.02581370994 0.02278823219 0.01559451781 0.0143179372 0.01304236334 0.005691779777 0.005297341384 0.004900125787 0.003741349559 0.003433661303 0.003277539508 0.003087221412
192,frag@147.08 loss@272.14 loss@285.14 frag@117.07 loss@264.13 frag@131.09 frag@129.07 frag@143.09 loss@290.14 frag@174.13 frag@249.13 frag@130.08 loss@247.11 loss@271.11 loss@329.13 frag@149.1 loss@216.12 loss@275.12 loss@277.08 loss@330.17,0.187559098 0.07425016165 0.06859412044 0.06210179999 0.04172467068 0.03962774575 0.03426530585 0.03111553565 0.03101932816 0.0208249595 0.0181185063 0.01312527154 0.01231287047 0.0121460231 0.01029872335 0.01025012415 0.00963078998 0.009452100843 0.009223936126 0.009031005204
193,loss@104.07 frag@267.08 frag@69.01 loss@101.03 loss@138.12 frag@102.05 loss@110.08 frag@182.04 frag@193.06 frag@182.06 frag@257.14 loss@140.11 loss@260.11 loss@82.09 loss@122.08 loss@261.09 loss@43.04 frag@228.07 loss@237.04 frag@230.1,0.0779427141 0.06411150843 0.05496355519 0.04780244455 0.04632358626 0.04297950864 0.02148940787 0.01547935326 0.01508647855 0.01177706942 0.01125374995 0.01118286699 0.01089261752 0.01035351306 0.009152502753 0.008404216729 0.007686084136 0.007525042631 0.00747145107 0.007137557026
194,loss@128.08 loss@123.07 frag@168.08 frag@167.07 loss@284.16 frag@196.08 frag@198.09 frag@169.09 frag@211.09 loss@270.05 frag@224.07 frag@162.02 loss@88.1 frag@60.06 loss@297.02 loss@143.03 loss@144.13 loss@135.07 frag@198.04 loss@166.15,0.1577556133 0.1504485011 0.135112673 0.1074448153 0.08054295182 0.06718187034 0.04953906685 0.03313181922 0.03098727763 0.02611746639 0.01722160913 0.01399730425 0.007974619046 0.006925362628 0.006469929125 0.005730864126 0.004342172295 0.003616782837 0.003235153155 0.003122899914
195,frag@82.06 loss@251.12 loss@246.07 frag@56.05 loss@265.11 frag@125.11 loss@267.12 loss@317.17 loss@278.17 loss@271.12 frag@68.05 loss@274.15 loss@234.14 frag@84.08 frag@83.07 loss@243.08 loss@289.12 loss@190.08 loss@264.16 frag@130.09,0.3122162223 0.07771252841 0.05850696564 0.04809967801 0.04680981115 0.04126427695 0.03897076845 0.02928702161 0.02711910009 0.01982093789 0.01495687943 0.0121322982 0.01139547955 0.01138936356 0.00995440688 0.009380032308 0.00811082311 0.007285695523 0.006247495301 0.005595846567
196,loss@149.08 frag@162.09 loss@121.09 frag@147.07 frag@281.14 frag@122.1 frag@348.15 frag@318.05 frag@329.12 frag@308.14 frag@207.98 frag@189.08 frag@159.09 frag@223.0 frag@161.11 loss@309.15 frag@141.08 frag@173.11 loss@177.08 loss@214.11,0.3811228573 0.3247530758 0.1048650816 0.03233862668 0.03200597689 0.02948731184 0.02161609009 0.01492040139 0.0091542257 0.004662118852 0.002583525842 0.002540272195 0.002213151893 0.001628558151 0.001456976053 0.001368432888 0.001181022031 0.0009875546675 0.0009211595752 0.0008778825286
197,frag@262.08 frag@244.1 loss@327.09 frag@235.99 frag@185.99 frag@85.04 loss@276.1 frag@186.13 frag@255.11 loss@154.17 loss@315.06 frag@242.12 frag@323.09 loss@156.98 loss@223.01 frag@255.05 frag@294.17 loss@204.06 loss@161.0 loss@307.14,0.03744526207 0.02694576979 0.0243761465 0.02134596556 0.02084361389 0.01528343651 0.01318594813 0.01082342863 0.009476398118 0.008314854465 0.007301373407 0.006444629747 0.006097028498 0.005607481115 0.005543177482 0.005533657502 0.005142184906 0.004790088627 0.004487735219 0.00407618098
198,frag@141.03 loss@196.03 loss@216.07 loss@214.1 frag@112.06 frag@95.01 loss@227.1 loss@211.05 frag@141.01 frag@184.06 loss@203.08 loss@209.08 frag@110.02 loss@205.07 loss@184.08 frag@97.04 loss@170.05 loss@195.05 loss@265.05 loss@310.08,0.4057834148 0.2774938941 0.0328945145 0.02161585167 0.01879728027 0.01311617345 0.01181754377 0.01066113077 0.009224765003 0.008212910965 0.008193654008 0.005354530178 0.005270030349 0.005053319968 0.00316641829 0.002945497399 0.002923245775 0.002561420668 0.002512194449 0.002338217339
199,frag@134.07 loss@230.08 loss@233.09 loss@206.12 loss@195.04 loss@204.11 loss@176.07 loss@177.09 loss@167.07 loss@178.09 loss@202.09 frag@120.06 loss@272.1 loss@305.16 loss@179.07 loss@244.1 loss@299.15 loss@196.1 loss@340.11 loss@209.12,0.4709148109 0.1535438448 0.0421641618 0.03646255657 0.02496943437 0.01846564002 0.01797112636 0.01371166762 0.01163168158 0.01121635269 0.01001518965 0.008935412392 0.008771015331 0.007889341563 0.006950391456 0.006792404223 0.005546966568 0.005462239496 0.004765681457 0.004568718839
200,frag@111.06 loss@251.16 loss@242.15 loss@261.16 loss@290.03 loss@227.16 frag@122.03 loss@237.15 loss@167.13 loss@280.13 loss@261.13 loss@361.12 loss@250.11 loss@221.04 loss@263.08 frag@163.01 loss@62.07 loss@165.12 loss@290.12 loss@171.1,0.4608216882 0.1199027598 0.1055675745 0.09991334379 0.02493104897 0.01126417052 0.01075124275 0.007857758552 0.0060833483 0.005893546622 0.004912207369 0.004551058169 0.004544847179 0.003774679964 0.003563989652 0.003483274486 0.003059342969 0.002851278521 0.002776193898 0.002630686853
201,loss@152.12 loss@101.06 frag@240.08 frag@251.09 loss@106.09 frag@257.08 frag@254.08 frag@114.02 frag@210.08 frag@283.1 frag@235.11 frag@251.08 frag@260.11 frag@279.06 frag@280.08 loss@95.06 loss@150.14 loss@172.11 frag@285.07 loss@276.17,0.08625161648 0.05136663094 0.0483795628 0.04570666701 0.03779606894 0.03727788106 0.03598165885 0.03175497428 0.02912083082 0.02817211486 0.02673399448 0.01911489107 0.0153759243 0.01301323716 0.01228623651 0.01084076148 0.009781247936 0.009686580859 0.008272995241 0.008001149632
202,frag@140.03 loss@100.02 loss@129.04 loss@102.03 frag@154.04 frag@138.01 loss@125.12 frag@150.01 frag@194.04 frag@179.05 frag@166.04 loss@112.01 frag@271.07 loss@279.17 loss@172.01 loss@107.02 loss@155.01 loss@107.11 loss@145.02 loss@96.07,0.1692993939 0.1331150234 0.118705295 0.08864235878 0.08613568544 0.05662626401 0.05129555613 0.04691099003 0.03765254095 0.03689625859 0.03654644266 0.01909759268 0.008349061012 0.007943094708 0.00770587381 0.003773954231 0.002566979965 0.002566409763 0.002534771338 0.001988720847
203,loss@154.11 frag@195.06 frag@139.02 loss@205.05 loss@169.12 frag@189.03 frag@229.11 frag@350.13 frag@108.06 frag@177.07 frag@224.98 frag@129.03 frag@152.05 frag@186.99 frag@135.0 frag@194.08 frag@172.99 frag@192.06 frag@194.97 frag@114.0,0.2753430605 0.1569378078 0.1228893772 0.1120679528 0.09771440923 0.09326098859 0.07055644691 0.00545722805 0.003903963836 0.003084019059 0.002520292997 0.001874548732 0.001787804649 0.001607615501 0.001419963664 0.001389293 0.00132868113 0.001126743737 0.001125723473 0.0010716588
204,loss@187.05 frag@211.07 frag@265.11 loss@209.04 loss@232.02 frag@254.13 loss@174.01 frag@154.01 loss@329.09 frag@267.03 frag@181.02 frag@184.04 frag@278.14 frag@135.02 frag@184.14 frag@165.04 loss@308.05 frag@232.03 loss@138.01 loss@330.06,0.1558686793 0.1538513154 0.1248745173 0.1227069497 0.09182537347 0.08758019656 0.05407296121 0.05246752128 0.01406587753 0.005893691909 0.005552283488 0.005211611744 0.003700311761 0.003649146762 0.003490591655 0.003397051245 0.002822783077 0.002359162318 0.002330821473 0.002268959535
205,frag@42.03 loss@248.08 frag@54.03 loss@259.09 loss@222.02 frag@56.05 loss@282.08 loss@192.02 loss@261.06 frag@84.04 loss@274.07 loss@198.01 loss@307.08 loss@286.06 loss@58.02 loss@127.04 loss@210.02 frag@328.11 frag@41.03 frag@358.19,0.40763399 0.3422052562 0.05844822526 0.05817908049 0.0281060487 0.007462076377 0.006136546377 0.004518871661 0.004405595828 0.004052180797 0.003587638028 0.003386086086 0.002721632132 0.002572836122 0.002287477022 0.002259779489 0.002203376498 0.00175146223 0.001552339992 0.001494910917
206,frag@180.08 loss@165.05 loss@134.06 frag@206.08 frag@195.02 loss@167.02 frag@208.1 loss@135.07 loss@1.01 loss@556.18 loss@196.04 loss@235.05 loss@166.97 loss@169.06 loss@136.08 frag@154.06 loss@134.04 loss@138.09 loss@56.01 loss@96.07,0.2484359592 0.1803847104 0.1637345105 0.1400380731 0.07656078041 0.05862816796 0.01792114414 0.01704084128 0.01160003897 0.005321937613 0.005112306215 0.004028830677 0.003502773121 0.003226071829 0.0029901776 0.002694039838 0.002349884016 0.002153785201 0.001919233124 0.001858308678
207,frag@161.08 loss@163.1 loss@177.12 loss@175.1 loss@189.12 frag@133.06 frag@146.07 frag@332.06 frag@147.07 frag@134.07 loss@137.08 frag@130.03 frag@180.1 frag@106.07 frag@148.07 frag@139.07 frag@122.1 loss@215.12 frag@256.14 frag@86.99,0.389097631 0.1736296713 0.1240633875 0.1152832583 0.05229611322 0.0283352863 0.01613840275 0.01445307676 0.007646556012 0.006459082942 0.005711461883 0.004368176218 0.003027923638 0.002642730251 0.002638992853 0.002228307305 0.002100475831 0.001609087805 0.001453132252 0.001427648705
208,frag@106.07 frag@106.06 loss@247.1 frag@125.08 loss@188.13 loss@233.12 frag@149.04 loss@195.09 loss@242.11 loss@207.1 loss@209.05 loss@199.08 loss@247.07 frag@187.12 frag@120.04 frag@150.07 loss@235.11 frag@59.0 frag@121.04 loss@233.08,0.1386739165 0.09809587151 0.04482174292 0.04029641673 0.0380490087 0.02323133685 0.02304031141 0.02061111107 0.02006820962 0.01562201325 0.01535310224 0.0127276592 0.009767684154 0.009431003593 0.009329150431 0.008975504898 0.008761166595 0.008651049808 0.007813582197 0.007811978925
209,frag@124.08 frag@142.09 loss@171.1 loss@268.12 loss@194.14 loss@253.11 loss@266.11 loss@299.14 frag@181.13 frag@96.08 loss@153.11 frag@100.04 frag@110.1 loss@338.13 loss@305.1 frag@44.05 frag@122.03 frag@127.09 frag@98.08 loss@290.03,0.3056745827 0.08978515118 0.08913675696 0.08850839734 0.08102691919 0.06904000789 0.06035253406 0.04094013199 0.03232135996 0.005208543967 0.004755503964 0.004640529398 0.003952453379 0.003640722949 0.003273928538 0.002721267752 0.002490996616 0.002484692493 0.002440136159 0.002250681166
210,frag@86.01 loss@136.03 loss@188.97 loss@356.12 frag@217.06 loss@125.01 loss@126.08 frag@162.01 loss@111.11 loss@184.05 loss@127.06 frag@134.03 loss@117.05 loss@109.04 loss@283.03 frag@90.95 loss@211.02 loss@287.02 loss@88.09 loss@153.06,0.4087288976 0.2751947343 0.0322185196 0.02046654932 0.0158530958 0.01176841743 0.007602240425 0.007321493234 0.006542556453 0.006109124981 0.005568997934 0.005225922447 0.004549013451 0.003619733732 0.003489669412 0.003294954775 0.003223008942 0.003179771826 0.003096346743 0.003070695326
211,frag@209.11 frag@59.03 loss@254.02 loss@241.03 frag@128.01 loss@156.1 frag@332.13 loss@301.04 frag@150.95 loss@337.06 frag@61.04 frag@119.02 frag@329.12 frag@348.17 loss@311.18 loss@146.0 loss@187.13 loss@146.1 frag@364.1 loss@301.19,0.1825118214 0.02180460282 0.02117199823 0.01110899635 0.009977039881 0.009034237824 0.008346645162 0.007732206956 0.007161624264 0.006737767719 0.006675711833 0.006311202887 0.00627836585 0.005281869788 0.005169854965 0.004552175757 0.004195789341 0.004138988908 0.004125569481 0.004029971082
212,frag@109.06 loss@285.1 loss@285.11 loss@242.1 loss@261.12 loss@276.11 frag@120.08 frag@79.05 loss@293.17 frag@121.06 loss@306.11 loss@233.11 frag@131.03 loss@279.12 loss@273.15 loss@264.13 loss@294.13 frag@156.14 frag@105.07 frag@91.05,0.3262009621 0.09750886261 0.05345093459 0.04100969806 0.04036489502 0.03924212605 0.02762056328 0.02127776854 0.02101176791 0.01383516286 0.00998863019 0.009266667999 0.008978164755 0.00714089442 0.007037349511 0.006189283449 0.006104412954 0.005806210916 0.005161295179 0.005034157075
213,frag@220.09 loss@123.04 loss@79.93 loss@78.92 frag@255.09 frag@250.11 loss@107.92 frag@179.01 frag@152.95 loss@106.91 frag@318.17 frag@265.1 frag@250.06 frag@97.05 loss@238.01 frag@283.09 frag@281.06 frag@222.03 loss@150.05 frag@78.49,0.1924426854 0.1777780503 0.1152685359 0.07459733635 0.06401296705 0.05149171501 0.04881386459 0.03826674074 0.03544959053 0.03019520082 0.0140179703 0.006066896953 0.004210540093 0.003714870894 0.003688286757 0.00364499609 0.003489685012 0.003408651333 0.003280329984 0.003083506832
214,loss@181.07 loss@153.08 loss@140.1 frag@203.1 frag@166.01 frag@269.04 frag@178.02 frag@181.03 frag@174.95 frag@231.0 frag@319.07 frag@291.08 frag@202.92 frag@304.09 frag@210.09 frag@196.08 frag@307.12 frag@332.08 frag@263.05 loss@182.07,0.2493530661 0.1612210721 0.07076649368 0.06121318787 0.05851524323 0.05300430581 0.04180886969 0.03947598487 0.03801444173 0.02711869217 0.02465693094 0.01299477648 0.007819887251 0.006931571756 0.006261406932 0.004959098063 0.004304070957 0.004052735399 0.003615687834 0.003543933621
215,frag@155.03 loss@151.02 loss@169.04 frag@193.01 loss@233.04 loss@160.98 loss@156.07 frag@316.01 loss@182.01 frag@180.01 loss@202.96 loss@205.03 loss@111.04 frag@209.04 loss@109.06 frag@190.02 loss@203.12 loss@183.14 loss@156.02 loss@110.0,0.366841048 0.1540597677 0.0897564888 0.07364559919 0.05508372933 0.04939454049 0.01231450588 0.01215416007 0.01135204639 0.007255151868 0.006394697819 0.006206157617 0.005254373886 0.004479289521 0.00417381525 0.00291976775 0.002664092695 0.002599982778 0.002471475163 0.002382576931
216,loss@126.04 frag@149.05 frag@204.06 loss@154.04 frag@195.04 loss@141.07 loss@198.04 loss@115.08 loss@180.95 loss@158.1 frag@293.13 loss@132.03 frag@135.0 frag@155.01 loss@220.14 loss@126.9 loss@146.06 loss@103.04 loss@48.02 frag@239.02,0.2202496827 0.2182004452 0.199904561 0.06309079379 0.05469362438 0.05337886512 0.05257365853 0.03822648898 0.02689766884 0.01062380243 0.003583628219 0.001811815891 0.001553817536 0.001280435128 0.001121725305 0.001115115592 0.001048169681 0.0009906453779 0.0009839922423 0.0008549130871
217,frag@99.09 frag@84.07 frag@127.12 frag@111.09 frag@88.04 frag@249.2 frag@98.08 loss@463.18 loss@642.33 loss@350.14 loss@315.17 frag@193.07 loss@393.21 loss@280.05 loss@324.07 frag@208.99 frag@72.08 frag@58.07 loss@385.15 frag@349.13,0.06736841053 0.03152399883 0.02379054762 0.02342334203 0.01814555749 0.01612093486 0.01400170382 0.01127599925 0.009729459882 0.009384370409 0.00936530903 0.008495880291 0.008476487361 0.007229155395 0.004930551164 0.00464535784 0.004594194237 0.004152975045 0.004058252554 0.003918586299
218,loss@113.06 loss@96.07 frag@297.09 frag@229.06 loss@163.11 loss@159.03 frag@159.05 frag@161.05 frag@268.09 frag@148.03 frag@162.05 frag@224.04 frag@176.03 loss@121.06 frag@187.06 frag@169.04 frag@293.11 frag@200.12 frag@161.03 frag@185.11,0.2311660647 0.06489253044 0.06448809057 0.05162211508 0.02541591413 0.01604806446 0.0119902892 0.01154403109 0.01107695419 0.01098331343 0.01087521669 0.01041897293 0.009389375336 0.008730099536 0.008083031513 0.007607207168 0.007531591691 0.007179440465 0.007126097567 0.006080759224
219,frag@56.96 loss@146.07 loss@227.13 frag@201.95 frag@132.1 frag@176.11 frag@104.06 frag@40.9 loss@369.13 frag@103.06 loss@176.08 frag@160.04 frag@292.13 frag@229.11 loss@236.11 frag@240.12 frag@129.03 frag@165.05 frag@139.07 loss@217.02,0.4311844409 0.2928331494 0.1933783889 0.0247018151 0.01924370229 0.009838024154 0.001990154618 0.001440608408 0.001147341682 0.0007834529388 0.0007520404761 0.0006615763996 0.0006398003898 0.0006336087245 0.0005920073017 0.0005803700187 0.0005366644473 0.0004947640118 0.0004572115722 0.0004391686234
220,frag@181.05 frag@185.04 loss@242.07 loss@253.08 loss@120.03 frag@275.1 loss@311.08 loss@297.1 loss@173.02 loss@58.02 loss@301.06 frag@238.08 frag@139.04 loss@205.08 frag@109.03 frag@179.08 frag@348.15 frag@149.03 loss@188.15 frag@124.06,0.2385631651 0.1513175368 0.1434437484 0.1197555363 0.08212149888 0.05494655296 0.04703772068 0.02491074614 0.01400605496 0.00692810677 0.006645491347 0.005662997719 0.004894718062 0.003083040006 0.002927375026 0.00276223151 0.002164297039 0.002142657293 0.001902703661 0.001795555931
221,loss@123.05 frag@212.07 frag@115.04 frag@273.08 loss@144.99 frag@208.05 frag@75.0 loss@126.14 frag@251.08 loss@324.11 loss@284.03 frag@287.05 loss@339.13 loss@86.06 loss@309.12 frag@264.07 frag@184.05 loss@360.13 frag@257.04 frag@179.04,0.1356687397 0.1020616591 0.07463366538 0.04913644493 0.02978544682 0.02362476476 0.01796770096 0.01695048437 0.01380043011 0.01355486549 0.01253919117 0.009911603294 0.007219897583 0.006307061762 0.00550695369 0.00507937884 0.004591515753 0.004551327322 0.004328489769 0.004247688688
222,loss@279.14 frag@202.08 frag@197.08 loss@316.14 loss@138.01 frag@245.07 frag@258.1 frag@167.07 frag@221.07 loss@301.03 loss@244.08 frag@165.04 loss@349.1 loss@138.08 frag@157.04 frag@254.13 loss@151.04 frag@257.06 frag@170.1 loss@351.05,0.2046924233 0.1440839916 0.09795174003 0.08302809298 0.05805002153 0.05794218928 0.01316275168 0.01294783689 0.009049681947 0.008417179808 0.008337106556 0.007889976725 0.007109422702 0.006985531654 0.006306439172 0.006157942582 0.004974573851 0.004542479292 0.004316614475 0.004277963191
223,frag@159.04 frag@141.05 loss@238.09 loss@280.12 loss@260.09 loss@229.13 loss@147.11 loss@199.09 loss@284.05 loss@177.1 loss@272.11 loss@306.15 loss@147.07 loss@178.97 loss@188.12 loss@291.12 loss@290.07 loss@329.07 loss@299.14 loss@255.1,0.3490656614 0.1465648413 0.1197105125 0.1034364402 0.06858536601 0.06847784668 0.026098039 0.01921101287 0.00531880511 0.004377972335 0.004366176669 0.003679228947 0.003104764037 0.00265416922 0.002395565622 0.002128354972 0.001948997029 0.00178998115 0.001671446254 0.001562625635
224,frag@108.06 loss@278.16 loss@300.14 loss@186.13 frag@110.07 frag@259.05 frag@100.06 frag@243.12 loss@246.95 frag@151.98 frag@45.04 frag@206.17 frag@207.11 frag@126.0 frag@164.07 loss@165.09 frag@223.12 frag@165.11 loss@214.13 loss@260.05,0.111499466 0.09649767727 0.0662535429 0.06610699743 0.0575985983 0.02242518589 0.01720838808 0.01499302965 0.01493896171 0.0142800035 0.01061915606 0.01008532103 0.007939556614 0.007190791424 0.005521189887 0.005445314106 0.005350789987 0.005296208896 0.005195033271 0.005057196599
225,frag@189.14 loss@199.08 frag@139.07 loss@252.12 loss@188.13 loss@281.08 frag@133.09 frag@218.0 loss@264.13 loss@266.16 loss@237.1 frag@141.01 frag@99.07 frag@99.06 loss@247.1 loss@243.11 loss@269.06 loss@188.08 loss@263.07 loss@285.12,0.2384644002 0.173057124 0.172354117 0.06417033821 0.05824105442 0.0522127226 0.02639689855 0.01933890581 0.014284431 0.01012800913 0.006765651982 0.005863016006 0.005523700733 0.004557042383 0.004396963399 0.00417452259 0.004086656962 0.003755166661 0.003617395414 0.003483349923
226,frag@111.04 loss@232.11 loss@221.05 frag@139.04 loss@283.08 frag@144.96 loss@196.0 frag@79.05 loss@256.05 frag@123.04 loss@324.11 frag@228.06 frag@207.1 loss@401.15 frag@107.05 loss@210.03 loss@188.05 loss@284.03 loss@195.06 loss@526.13,0.275167048 0.09597821534 0.07455703616 0.06153928488 0.04634904489 0.03247321025 0.03009700403 0.02043192275 0.01360090077 0.0125073893 0.01015370525 0.009285010397 0.009277530946 0.008787617087 0.008436186239 0.008367110044 0.008013794199 0.007499442436 0.00733582722 0.006403281353
227,loss@151.03 frag@201.04 frag@254.12 frag@195.99 loss@305.06 frag@204.07 frag@266.08 frag@117.02 frag@209.03 loss@178.05 loss@236.0 frag@199.01 frag@253.13 loss@185.13 loss@262.16 frag@192.99 frag@326.13 frag@196.0 loss@76.04 loss@256.16,0.1285388321 0.06665576994 0.05678400397 0.05559178442 0.0290446654 0.02295412682 0.01477926876 0.01329926774 0.01288434025 0.01268895343 0.01220076345 0.01206549071 0.01008564234 0.0096385004 0.008368110284 0.008076112717 0.007411651313 0.00715356553 0.006124552805 0.005967366975
228,frag@207.07 frag@269.09 loss@113.06 loss@196.04 loss@210.12 loss@316.14 loss@120.05 frag@215.08 loss@262.08 frag@268.08 frag@224.07 loss@184.15 frag@209.08 loss@135.07 frag@365.14 frag@374.15 frag@258.1 frag@265.05 frag@167.07 frag@103.96,0.1181243882 0.08321041614 0.08053609729 0.06325017661 0.05972823873 0.03108928353 0.02239981852 0.01390384044 0.01328678988 0.01242694538 0.01064068917 0.01037834119 0.01016771886 0.01003483962 0.009861923754 0.009845674969 0.007982522249 0.007765770424 0.007401759736 0.007132173516
229,frag@74.93 loss@207.16 frag@184.1 loss@188.02 frag@309.16 loss@222.13 loss@269.13 frag@172.11 loss@183.16 frag@176.07 loss@241.1 frag@133.09 loss@303.07 loss@216.13 loss@255.14 frag@187.12 frag@131.08 loss@179.09 loss@152.08 frag@210.12,0.2138047516 0.05650098249 0.05533540994 0.05302549899 0.02426821738 0.02197195031 0.01781242527 0.01451317593 0.01216388587 0.01014626678 0.008979545906 0.007266494446 0.00710174581 0.007047850639 0.006095219869 0.005986656994 0.005730372388 0.005486411974 0.005414220039 0.005133846775
230,frag@97.04 loss@196.11 loss@188.08 loss@262.12 loss@235.14 loss@205.09 frag@108.06 loss@287.13 loss@235.11 loss@229.05 loss@206.11 frag@107.02 loss@235.1 loss@179.07 loss@211.04 loss@231.13 frag@231.12 loss@210.06 loss@342.09 frag@134.07,0.4750263989 0.1532151103 0.1040387675 0.08037576824 0.0705210045 0.02681678347 0.01185016427 0.00899206195 0.005422035698 0.003059240291 0.002703557722 0.002309091622 0.002260150155 0.001917646965 0.001694399165 0.001187690999 0.00117005792 0.00115601439 0.001125100069 0.001093922183
231,frag@98.06 frag@70.07 loss@196.16 loss@262.17 loss@152.13 loss@287.14 loss@163.02 loss@249.03 loss@287.17 frag@154.02 loss@330.08 loss@296.02 frag@96.08 loss@235.01 loss@199.0 loss@214.17 loss@105.05 loss@470.2 frag@113.11 loss@155.13,0.2367033362 0.1963271797 0.0843270272 0.05693903938 0.04612876475 0.03949638084 0.03624087572 0.03593025357 0.0154472813 0.01462514605 0.01345846057 0.01302223839 0.007313252892 0.006464883685 0.006367350463 0.00616492983 0.005956388544 0.005889241118 0.005676750094 0.005423581228
232,frag@160.04 loss@163.06 loss@234.21 loss@217.01 loss@145.97 loss@161.11 frag@256.96 loss@191.06 loss@120.06 frag@225.02 frag@136.03 loss@399.2 loss@176.08 loss@227.13 loss@149.06 frag@351.18 frag@272.04 frag@130.06 frag@335.11 loss@131.08,0.480545938 0.4052622616 0.03357178345 0.02510619536 0.00868054945 0.005111643113 0.00291269389 0.002199784154 0.001631048741 0.001340942807 0.0008418803918 0.0007763460162 0.0007656295784 0.0007322645397 0.0007131139282 0.0005418999353 0.000493622967 0.0004802084586 0.0004683763837 0.0004509463033
233,frag@123.06 loss@204.09 loss@179.09 loss@190.07 loss@204.07 loss@229.04 loss@213.05 frag@110.05 frag@119.06 loss@199.03 loss@272.1 loss@208.08 frag@133.04 loss@190.06 frag@105.06 frag@199.12 loss@177.06 frag@246.06 loss@299.08 loss@314.14,0.4456296265 0.1400853693 0.1177328601 0.0659911558 0.04318133742 0.04132575914 0.03265365958 0.02618261427 0.005767386872 0.003955291118 0.003896666924 0.003704902483 0.003086718265 0.002784694778 0.002704125363 0.002492464148 0.002098440891 0.001938417321 0.001777041703 0.001482569496
234,frag@84.96 loss@166.07 loss@104.06 loss@224.05 loss@242.99 loss@204.99 loss@213.01 loss@244.1 loss@194.1 loss@240.02 loss@192.13 loss@288.11 loss@183.07 loss@238.0 loss@260.06 loss@205.1 loss@125.05 loss@199.04 loss@278.09 loss@275.08,0.4947888255 0.2540343106 0.07987996936 0.05509502441 0.02600281872 0.01993876137 0.01035850681 0.005325485487 0.003565242514 0.0030241434 0.002494619926 0.002075347817 0.001849891618 0.001730436459 0.001405083807 0.001374271698 0.00101472286 0.0009976828005 0.0009635445313 0.0008990683127
235,frag@173.54 loss@305.13 loss@228.0 loss@255.03 loss@293.05 loss@310.15 loss@193.15 loss@219.0 loss@245.13 loss@111.06 loss@224.01 loss@327.13 loss@264.17 loss@239.17 loss@242.07 loss@322.11 loss@228.97 frag@115.04 loss@298.05 loss@359.17,0.4648050368 0.09554961324 0.044152271 0.0421115905 0.04193901271 0.02033127472 0.01761852391 0.01199989021 0.01091043744 0.007723418996 0.007194152102 0.006882544607 0.006431464106 0.006357596256 0.006239524577 0.005847616121 0.005810875446 0.005601322278 0.005319513846 0.004691048525
236,frag@97.01 frag@81.03 frag@111.03 loss@227.07 frag@151.06 loss@221.09 loss@264.08 loss@223.08 loss@172.03 frag@124.06 loss@210.14 loss@259.05 loss@257.04 loss@245.07 loss@248.06 loss@230.03 loss@271.05 loss@169.02 frag@53.04 loss@225.03,0.2169594765 0.1429833174 0.05939510092 0.0426887013 0.03078980185 0.02672975697 0.02537680417 0.02438351139 0.0203876663 0.02014272846 0.01943589188 0.01695194654 0.01634607278 0.0162162073 0.0162043944 0.01481207274 0.0138748223 0.013537433 0.01277757622 0.01088548917
237,loss@183.1 frag@189.1 frag@161.05 loss@195.14 frag@173.05 loss@140.04 frag@248.1 frag@213.04 loss@150.01 frag@302.07 loss@140.0 loss@155.08 loss@138.08 loss@153.09 loss@180.07 frag@346.13 frag@396.17 frag@312.17 loss@97.1 frag@154.07,0.253045857 0.1715032905 0.1411964297 0.09503185004 0.08952765167 0.08608631045 0.01977539621 0.01957250014 0.01367179491 0.005910532549 0.00432377914 0.003959531896 0.003858782817 0.003588123247 0.00343694957 0.003379833419 0.002127083717 0.00202058279 0.001972889295 0.001838537282
238,frag@144.06 loss@164.07 loss@149.09 loss@382.11 loss@137.08 frag@172.05 loss@203.04 loss@147.08 loss@135.1 loss@165.09 loss@228.04 frag@134.06 loss@214.03 loss@205.06 loss@136.09 loss@170.05 loss@245.07 loss@240.07 loss@197.03 loss@212.09,0.4309429526 0.185912028 0.08387530595 0.05293724313 0.04183297977 0.03807527199 0.01743081585 0.01206739899 0.008225281723 0.005518486723 0.005431086291 0.005056587048 0.003970372956 0.003917229362 0.00363237597 0.003508877475 0.003332092194 0.003240298014 0.003129545366 0.002559766872
239,frag@95.05 loss@222.05 loss@257.11 loss@239.04 loss@274.14 frag@77.04 frag@79.05 loss@240.15 loss@227.05 loss@225.06 loss@239.06 loss@243.15 loss@231.07 loss@195.06 loss@254.05 loss@223.08 loss@245.08 frag@111.04 loss@268.1 loss@257.07,0.4065619111 0.06179107353 0.06163499504 0.04825823754 0.02875662781 0.02655278891 0.0198437348 0.01716321334 0.01565281674 0.01270237193 0.01184264477 0.01102322061 0.01075815782 0.01005181484 0.008682759479 0.007857322693 0.007717187516 0.007185074501 0.006648420356 0.005989141762
240,loss@274.13 frag@123.08 frag@105.07 frag@135.08 loss@241.18 loss@239.13 frag@133.06 frag@161.06 frag@129.07 frag@147.08 frag@116.06 loss@223.14 loss@378.12 frag@79.05 loss@217.15 frag@169.01 loss@242.08 frag@117.07 loss@200.05 frag@107.05,0.3042653799 0.1764101982 0.1464420706 0.04500229657 0.03845795989 0.03806751594 0.02095317468 0.01893165521 0.01671905071 0.01296751015 0.01262834016 0.009381681681 0.009078687988 0.008633150719 0.005561336409 0.005524088629 0.005407779478 0.004664974753 0.00436182227 0.003585612867
241,frag@124.11 loss@235.12 loss@249.1 frag@84.06 frag@162.06 frag@136.11 loss@229.06 frag@150.13 loss@245.05 loss@280.14 frag@156.14 frag@122.1 loss@263.16 loss@223.1 loss@262.14 loss@298.1 frag@108.08 loss@288.13 loss@268.12 frag@110.1,0.2027866691 0.1252295822 0.1205074787 0.06999423355 0.06581962109 0.05990419164 0.05215131119 0.04916656762 0.04706116393 0.01941110007 0.01194107439 0.009880596772 0.008697680198 0.00705460133 0.006631325465 0.005581287201 0.004513294436 0.003795914119 0.00366026978 0.003402761184
242,frag@177.09 loss@209.1 loss@307.11 loss@292.1 loss@181.13 frag@150.07 loss@261.14 frag@106.08 loss@252.12 frag@319.19 loss@234.96 loss@247.05 loss@220.11 loss@213.1 loss@292.18 frag@274.18 loss@269.13 loss@279.08 loss@152.08 loss@254.12,0.4657607973 0.1719186008 0.1421815157 0.0702701956 0.04647421092 0.01393558178 0.00564853102 0.004037263338 0.002513970481 0.002271313919 0.001967822202 0.001917842892 0.001914223074 0.001666897675 0.001474062563 0.001470191055 0.001417027088 0.001375721302 0.001317630173 0.001313386019
243,frag@129.07 frag@128.06 loss@182.09 loss@226.12 loss@172.07 loss@204.12 loss@187.14 loss@118.08 loss@275.06 loss@64.04 loss@217.98 loss@291.17 loss@175.1 loss@240.14 loss@226.15 loss@207.16 loss@219.0 loss@164.03 loss@174.07 loss@394.16,0.3112569749 0.1830238998 0.07305382192 0.06033056229 0.05944951251 0.02868688852 0.01697366126 0.01348050591 0.01341705583 0.01278935559 0.01099901553 0.01004880574 0.00998276379 0.009439025074 0.008824818768 0.005032941699 0.004867675249 0.00434120791 0.003983309958 0.003947772086
244,frag@206.13 loss@246.08 loss@193.12 loss@200.98 loss@247.01 loss@230.15 frag@217.14 frag@174.92 loss@275.16 frag@134.08 frag@148.09 frag@190.13 loss@141.01 frag@135.09 frag@162.1 loss@145.95 loss@248.16 frag@231.14 frag@154.13 loss@190.09,0.09970707446 0.08415298909 0.04875410721 0.04248120636 0.03466771916 0.0340895839 0.02258662879 0.01888123155 0.01573855244 0.01235294994 0.01163135748 0.01124069095 0.009790983982 0.009615855291 0.009541633539 0.009081695229 0.009009182453 0.008181419224 0.008144783787 0.007862566039
245,frag@243.08 frag@148.05 frag@326.13 frag@298.07 loss@166.01 loss@190.05 loss@100.99 frag@255.06 frag@159.04 loss@107.07 loss@226.06 loss@170.05 loss@225.08 frag@107.01 loss@156.02 loss@179.04 frag@268.13 loss@153.99 loss@164.05 loss@235.05,0.04497072473 0.02694703825 0.02643223666 0.02627613395 0.02188318782 0.02136768401 0.02059982158 0.01666009799 0.01456503291 0.01417930517 0.01394022536 0.01314590592 0.01088550035 0.009883167222 0.009022898972 0.008915033191 0.008735616691 0.008307362907 0.008248439059 0.007440765854
246,frag@216.09 frag@138.06 loss@214.13 frag@233.13 loss@271.13 loss@226.1 loss@293.13 loss@275.1 frag@141.07 loss@251.15 frag@277.19 frag@196.11 loss@317.12 loss@203.13 frag@162.09 loss@226.11 loss@304.07 frag@304.17 loss@222.15 loss@235.07,0.1582143009 0.09839548916 0.08226511627 0.0379377678 0.02510988526 0.02308587544 0.01914554276 0.01527695917 0.01334154978 0.01240722369 0.01238158625 0.0114622293 0.009371225722 0.0074753277 0.00584810134 0.005651311483 0.005290240981 0.00487600686 0.0047885729 0.004785482306
247,loss@119.09 frag@56.05 frag@57.07 loss@201.14 loss@275.17 frag@82.07 loss@182.12 frag@82.06 frag@84.08 loss@347.11 loss@196.12 loss@250.09 frag@55.05 loss@187.12 frag@41.04 loss@288.15 frag@112.08 frag@84.04 loss@274.09 loss@227.95,0.2557189763 0.1850898564 0.1520287842 0.05299886316 0.03856223449 0.03600724787 0.03119186126 0.02929211408 0.0238885209 0.02373734862 0.02212804742 0.01650147699 0.006124311592 0.005817986093 0.005021120887 0.004782733507 0.004496994894 0.004278603476 0.004081458319 0.003464251989
248,frag@80.01 loss@293.08 loss@182.02 frag@242.05 frag@263.06 loss@309.05 frag@192.13 frag@356.18 frag@302.14 frag@172.1 frag@298.99 frag@248.03 loss@304.22 loss@294.98 frag@246.09 frag@273.06 frag@297.15 frag@173.06 frag@323.16 loss@335.09,0.1269726604 0.1243505552 0.09879480302 0.07253834605 0.05401285365 0.02790145576 0.01958605461 0.01366718207 0.008952034637 0.008731127717 0.008204552345 0.007542985491 0.006919127889 0.006317300256 0.005137814209 0.004640570376 0.004299068823 0.004264400806 0.004250194412 0.003812165698
249,frag@68.05 loss@224.06 loss@228.07 frag@94.06 loss@243.07 frag@110.06 frag@122.06 loss@266.06 frag@80.05 loss@214.05 loss@232.0 loss@249.06 frag@53.04 loss@250.03 frag@108.04 frag@69.06 loss@338.13 loss@119.02 frag@107.06 loss@252.07,0.2198796123 0.08658348024 0.06947550923 0.06065893546 0.05353885144 0.03790722787 0.03275148198 0.03192587942 0.02493227273 0.02403396554 0.01677287556 0.01295684651 0.01208399422 0.009878929704 0.007689585909 0.007618431002 0.006606006995 0.006557393819 0.006305657793 0.005378857255
250,loss@130.05 loss@113.05 loss@113.04 frag@207.16 loss@32.98 loss@167.12 frag@176.03 frag@276.11 frag@256.06 frag@315.1 frag@218.04 frag@153.06 frag@287.13 frag@259.05 frag@151.09 frag@234.13 loss@112.04 loss@184.99 loss@157.06 frag@184.0,0.08838514239 0.0574077107 0.037769299 0.01735675335 0.01632693596 0.0161225237 0.01563961431 0.0142517956 0.01323242113 0.01269774511 0.01233579498 0.01198598091 0.01179153845 0.01094605681 0.009762950242 0.009328657761 0.00861805398 0.008362532593 0.008354513906 0.008024774492
251,frag@161.03 frag@123.0 loss@214.03 loss@152.01 loss@124.02 loss@296.05 loss@237.01 loss@160.02 frag@178.02 loss@325.15 loss@126.03 loss@156.02 loss@178.08 loss@438.03 loss@180.98 loss@179.04 frag@271.11 loss@157.03 loss@197.03 loss@127.0,0.3201790452 0.1468353122 0.1118856892 0.08913034201 0.07826285064 0.04979525879 0.03681012616 0.02283733897 0.004556598142 0.004197272006 0.004083178006 0.003725459799 0.003367325757 0.003198526101 0.003096244298 0.003018137533 0.002834517043 0.002767082537 0.002517831279 0.002111360431
252,frag@156.04 loss@227.14 frag@168.08 loss@309.18 loss@127.05 frag@220.1 frag@340.13 loss@342.13 frag@184.1 loss@164.05 loss@154.06 loss@233.99 frag@264.11 frag@274.01 loss@77.08 frag@408.14 frag@200.02 frag@130.02 frag@235.97 frag@254.09,0.1175320297 0.1076470688 0.09636228532 0.09237410873 0.07156630605 0.03953146562 0.02988240495 0.02217160165 0.01262670383 0.01020494476 0.009200015105 0.008503828198 0.007402617019 0.006797073409 0.005152149592 0.005025117192 0.004247149918 0.00388759654 0.003829082707 0.00358532439
253,loss@102.04 frag@104.05 frag@158.05 frag@90.03 loss@88.04 frag@117.04 frag@250.98 loss@106.02 loss@140.02 frag@204.05 frag@95.03 frag@129.04 loss@129.06 frag@158.08 frag@227.06 frag@132.04 frag@142.06 frag@172.06 frag@117.06 frag@144.07,0.3832545578 0.1654050201 0.08307091147 0.03045144863 0.02775195986 0.02555538714 0.02182922512 0.02014726028 0.01955967769 0.01329458971 0.0121554723 0.01007225458 0.008979848586 0.007944916375 0.007830833085 0.007053205743 0.006929851137 0.005857621785 0.005143447313 0.004718326498
254,frag@59.05 loss@172.12 loss@250.1 loss@278.13 frag@114.0 loss@122.1 frag@208.04 frag@220.06 frag@224.08 frag@41.04 frag@116.07 frag@353.09 frag@57.07 frag@115.09 frag@112.08 loss@212.12 frag@99.05 frag@84.08 frag@43.05 frag@218.1,0.4230774641 0.2298204005 0.1794265956 0.06330031902 0.009899740107 0.0088212993 0.008340726607 0.005993928295 0.005780373234 0.005562393926 0.003222070867 0.002502521034 0.002010782249 0.001482720138 0.001465465408 0.001198929618 0.00100266654 0.0009959592717 0.0009578155586 0.0009440988651
255,frag@176.07 frag@190.09 loss@250.08 loss@244.09 loss@296.14 loss@322.13 loss@302.16 loss@261.14 loss@350.15 loss@252.97 loss@278.15 loss@362.2 loss@264.11 loss@191.1 loss@269.13 loss@270.14 loss@259.13 loss@250.1 loss@222.13 loss@252.06,0.3305109739 0.1582385749 0.1174261421 0.1160215661 0.03078748658 0.03067693487 0.02947846055 0.02890606411 0.01538441703 0.00796043314 0.007441518363 0.005240837578 0.004935934208 0.003329909872 0.002671486465 0.002664042171 0.002615005011 0.00253185886 0.002445107792 0.002278893255
256,frag@106.04 loss@249.05 loss@261.05 loss@217.03 loss@236.03 loss@176.02 loss@234.16 frag@98.03 frag@264.05 loss@213.09 frag@106.07 frag@119.05 loss@319.15 loss@217.06 loss@285.04 loss@143.04 loss@280.11 loss@209.08 loss@336.06 frag@109.07,0.480587244 0.1350703835 0.1121738404 0.1076062918 0.1025119275 0.001580773504 0.001486467198 0.001253520488 0.001071543782 0.001039214898 0.001016710186 0.0009546053479 0.0009495931445 0.0009257082711 0.0008376782644 0.0007955150795 0.0007790295058 0.0007247088361 0.0007020348567 0.0006769023021
257,frag@131.06 frag@104.05 loss@170.05 loss@197.05 loss@171.04 frag@132.07 frag@160.07 frag@132.06 frag@145.08 frag@133.08 loss@203.07 frag@132.04 loss@183.07 loss@194.01 loss@190.02 loss@203.06 frag@146.08 frag@147.09 frag@347.19 frag@216.1,0.181202963 0.1737179309 0.1684275717 0.1385014057 0.1357324272 0.03870866448 0.0162140727 0.01137799304 0.01002584863 0.004816284403 0.00444029877 0.00433459226 0.004086976405 0.003988663666 0.003436764237 0.003066713456 0.002957096556 0.002940241015 0.002701252699 0.002629228402
258,frag@88.0 frag@311.11 frag@278.08 frag@207.03 frag@133.95 loss@312.04 frag@257.05 frag@152.14 frag@214.05 frag@314.22 loss@28.02 loss@225.88 frag@276.1 frag@199.14 frag@285.13 loss@153.11 frag@229.08 frag@296.11 loss@230.18 frag@267.06,0.02371055447 0.02109938487 0.01657886058 0.01629016735 0.01145651564 0.01132972632 0.01087019313 0.009123796597 0.008455887437 0.008189710788 0.0080857547 0.007682265248 0.007503027096 0.006938001141 0.005502655171 0.0054948139 0.005272799637 0.004880748689 0.004806237761 0.004589448683
259,frag@56.01 loss@216.06 loss@314.12 frag@74.93 loss@259.07 loss@266.13 loss@260.03 loss@241.15 loss@262.13 loss@177.02 frag@256.1 frag@160.07 loss@247.17 loss@251.09 frag@172.02 loss@214.0 loss@170.09 loss@187.11 frag@187.12 loss@351.1,0.3481791019 0.03692982346 0.03264526278 0.02803665958 0.02596571483 0.02517213672 0.01913157105 0.01624734886 0.009282832034 0.009164567105 0.009120818228 0.007796740625 0.007782964036 0.007317285053 0.00707152579 0.00573636312 0.005608441308 0.004994953983 0.004887304269 0.004808894359
260,frag@219.08 loss@91.06 loss@77.05 loss@105.08 frag@64.0 loss@116.08 loss@75.03 loss@89.05 frag@180.99 frag@76.04 loss@93.08 loss@94.08 loss@78.06 loss@103.06 loss@63.07 frag@185.13 frag@211.1 frag@196.07 frag@327.14 frag@302.08,0.1563842595 0.08656261116 0.06423260272 0.05439313129 0.05210564658 0.04199577123 0.03976216167 0.03507459536 0.03060986474 0.02900655381 0.02422669902 0.02143596672 0.02082290873 0.01623893529 0.01585066319 0.009410387836 0.009211210534 0.008513552137 0.008258899674 0.007849202491
261,loss@277.18 loss@300.1 frag@196.97 frag@243.14 frag@272.08 frag@336.13 frag@240.05 frag@210.98 frag@181.14 frag@105.0 frag@182.12 frag@224.1 frag@312.2 frag@180.96 loss@288.1 frag@174.08 frag@319.11 frag@214.0 loss@196.95 frag@143.15,0.05480702594 0.02786813676 0.01795293204 0.01246874128 0.0120271584 0.00835005939 0.005929334555 0.005541588645 0.004451874178 0.003715822706 0.003411385231 0.003350498853 0.003281933488 0.003245504806 0.003136666724 0.002827679273 0.002773177344 0.002715677721 0.002686074469 0.00263351365
262,frag@153.05 loss@244.13 loss@174.99 frag@103.02 loss@264.1 loss@246.01 loss@294.04 loss@184.98 loss@159.0 loss@310.05 loss@181.13 loss@201.06 loss@234.96 loss@144.02 loss@234.09 loss@181.03 loss@148.02 loss@189.07 loss@202.09 loss@292.1,0.4498625696 0.2257956862 0.04329637066 0.04122967273 0.04052561894 0.03193406016 0.02932237275 0.0290957652 0.01631736942 0.006232082378 0.004049643409 0.003787616733 0.003601026954 0.003049510997 0.002949093003 0.002510603517 0.002232621424 0.001965171658 0.001823646715 0.001413784456
263,frag@194.03 frag@296.09 loss@226.0 frag@270.03 frag@92.03 loss@220.06 frag@334.16 frag@311.04 frag@106.05 loss@92.0 frag@54.05 frag@120.05 frag@187.14 loss@394.15 loss@297.13 loss@257.1 frag@149.12 loss@282.02 frag@208.96 frag@139.12,0.03350580111 0.02413065173 0.02374194749 0.02025673911 0.01755853929 0.01398129668 0.01242766436 0.01125332527 0.01075313427 0.0104037011 0.01026465651 0.00975625962 0.008893355727 0.008121898398 0.007986735553 0.007921922021 0.007794764359 0.006829280406 0.006756597199 0.006012429018
264,frag@70.06 frag@114.09 loss@232.1 loss@208.09 loss@233.15 loss@247.12 loss@227.08 loss@187.08 loss@262.11 loss@271.13 loss@284.12 loss@293.12 loss@243.07 loss@283.14 loss@282.15 loss@269.08 loss@250.03 loss@260.13 loss@257.15 loss@241.01,0.4116546214 0.0546368584 0.04618888348 0.04113118723 0.03832539544 0.03034102358 0.02590961568 0.0249267295 0.0248030927 0.02468171157 0.01934856176 0.01931401342 0.01366698183 0.01303836424 0.01026579645 0.009616876952 0.009574652649 0.006960801315 0.006481414195 0.00647011213
265,frag@177.01 frag@142.01 loss@202.02 loss@176.01 loss@272.07 frag@210.06 frag@278.14 loss@209.99 frag@197.01 frag@140.98 frag@194.01 frag@300.09 frag@95.04 loss@175.16 loss@272.03 loss@248.04 loss@451.24 loss@279.08 frag@301.11 loss@298.26,0.1980981678 0.128259927 0.1044304967 0.08268967271 0.03053102642 0.009570447728 0.007730542216 0.006950559095 0.005622979254 0.004742326215 0.003724680515 0.003665581811 0.002998821903 0.002968893852 0.002938906429 0.002731752116 0.002605363727 0.002344325418 0.002337969607 0.002268720651
266,frag@149.08 loss@233.13 loss@211.11 loss@191.08 loss@151.08 loss@165.1 loss@259.16 frag@191.12 loss@190.09 loss@220.1 loss@213.12 loss@204.11 loss@275.16 loss@232.0 loss@152.09 loss@295.13 frag@182.13 frag@176.09 loss@165.12 loss@255.14,0.4624010921 0.09541078657 0.09455388784 0.08259509504 0.06605900079 0.05618986487 0.02623213828 0.01334656496 0.004667141475 0.004398051184 0.003267045133 0.003047550796 0.002974133706 0.002647702582 0.002258475404 0.002197426977 0.002114675473 0.001850111294 0.0017865228 0.001756414887
267,frag@76.93 frag@150.95 frag@59.03 loss@316.11 loss@301.04 frag@128.01 frag@251.05 loss@337.06 loss@104.09 loss@271.16 frag@108.96 loss@254.02 loss@146.0 loss@117.03 frag@233.07 frag@246.04 loss@273.17 loss@275.23 loss@137.99 loss@279.04,0.2117076665 0.01513432898 0.01144944783 0.01135096513 0.008257364854 0.007973003201 0.007789006457 0.006541239563 0.006037398707 0.005561997183 0.005294632632 0.004464159254 0.004362943582 0.004222161602 0.003913328517 0.003894074121 0.003517287318 0.003147501266 0.002373360796 0.002309585689
268,frag@173.55 loss@271.09 loss@315.11 loss@354.12 loss@268.06 loss@334.13 loss@367.15 loss@236.0 loss@273.07 loss@253.0 loss@183.08 loss@326.14 loss@352.08 loss@264.17 loss@181.1 loss@293.05 loss@395.07 loss@258.18 loss@360.11 loss@221.11,0.455553472 0.02941686101 0.02451536059 0.02355263941 0.02119334415 0.01880493388 0.01873583719 0.01686477102 0.01538630202 0.01417133678 0.01338081062 0.01247787848 0.01179643441 0.01133489516 0.01022905856 0.01012594346 0.008497593924 0.008020087145 0.007812881842 0.007757619955
269,frag@107.05 loss@320.11 loss@257.13 loss@310.13 loss@314.09 loss@279.11 loss@287.2 loss@327.15 loss@251.1 frag@125.06 frag@79.05 loss@232.15 loss@278.1 loss@231.06 frag@95.05 loss@302.15 loss@239.04 loss@359.12 frag@109.06 loss@274.14,0.4243062437 0.1024304703 0.0566483438 0.05117761344 0.03260899335 0.03077274933 0.03048654459 0.02011773363 0.01445801463 0.01351221744 0.01278725453 0.01124476083 0.01013845019 0.009112660773 0.006731190253 0.005704951007 0.005647667684 0.005437413696 0.004832968581 0.004005857743
270,frag@169.05 loss@226.07 loss@308.12 frag@78.05 frag@109.03 frag@124.06 frag@110.02 frag@127.04 frag@170.04 frag@214.11 loss@272.02 loss@292.09 frag@61.03 frag@75.0 frag@99.04 frag@85.06 frag@269.1 loss@253.13 loss@204.0 frag@185.0,0.2775221765 0.2428593338 0.2141311765 0.1165861338 0.01671784185 0.01391065028 0.004537566099 0.003719870467 0.003101923736 0.003025874961 0.002848931123 0.002595698694 0.002517172601 0.002261316404 0.002233251929 0.002164158039 0.001487728907 0.001392744365 0.001262784819 0.001256198273
271,loss@156.1 frag@169.13 frag@109.09 loss@277.18 frag@99.01 loss@197.13 loss@263.12 frag@318.13 frag@136.07 frag@236.06 loss@264.07 loss@271.1 loss@254.02 frag@74.02 frag@252.13 frag@181.03 frag@234.0 frag@330.16 frag@76.08 loss@347.18,0.2525762618 0.1397865117 0.101149492 0.03253184631 0.02362783439 0.02060731314 0.02031704225 0.01230957359 0.009683369659 0.009037771262 0.007916449569 0.006285480224 0.006274586543 0.005770658143 0.005208276212 0.0051957299 0.004772969522 0.004676479846 0.004292889964 0.004259459209
272,frag@227.12 frag@247.04 loss@270.12 loss@304.15 frag@265.13 loss@234.12 frag@92.02 loss@297.13 loss@104.09 frag@323.09 loss@337.13 loss@263.14 loss@285.14 loss@170.12 loss@277.08 loss@212.0 loss@344.2 loss@154.17 loss@347.03 frag@186.13,0.2856090963 0.07596536726 0.06304764748 0.02227711491 0.01926531643 0.01818662696 0.01722242683 0.01516497973 0.006425274536 0.004599930253 0.004455040209 0.004354961682 0.004234710243 0.003932155203 0.003793834476 0.003303438192 0.003014255548 0.002934159944 0.002867267467 0.002741679549
273,loss@227.14 frag@217.12 frag@115.07 frag@292.12 frag@272.08 frag@266.06 loss@341.21 loss@235.98 frag@215.11 frag@320.15 loss@305.07 frag@195.98 loss@263.14 loss@180.0 loss@116.03 frag@205.12 loss@383.2 loss@318.16 loss@217.15 loss@336.09,0.09558292478 0.06973762065 0.04081822932 0.03149288893 0.02983111888 0.0272888951 0.02511210553 0.02124750614 0.0201053042 0.01808636263 0.01490427647 0.01114004944 0.00896754209 0.008477175608 0.008172160015 0.007598752156 0.006936131511 0.006806795951 0.006542829797 0.006388492882
274,loss@220.07 frag@155.04 frag@110.08 loss@285.08 loss@284.07 loss@241.04 frag@254.07 frag@128.02 frag@111.07 loss@248.05 frag@262.07 frag@137.01 loss@224.06 frag@115.01 loss@261.2 frag@181.02 loss@263.03 loss@241.06 frag@101.07 frag@341.2,0.1992711574 0.1542616636 0.08006119728 0.06379362196 0.05880441889 0.05571591109 0.04409726337 0.0383234024 0.03397176042 0.02409823611 0.0222875122 0.01720761321 0.01609372161 0.01504167635 0.008033469319 0.007547793444 0.006922668312 0.003731160192 0.003657623893 0.003633260494
275,frag@149.11 frag@191.08 loss@258.13 loss@170.13 loss@347.09 loss@156.13 loss@202.01 loss@293.16 loss@189.99 loss@302.2 loss@193.04 loss@195.07 loss@189.04 loss@246.17 loss@150.08 loss@232.09 loss@187.06 loss@206.06 loss@207.14 loss@152.09,0.2737185359 0.2164577544 0.105198741 0.07458363473 0.03747601062 0.03456896171 0.0318159759 0.0306947697 0.02224125154 0.01363553759 0.009456444532 0.007236187346 0.004955953918 0.004530597012 0.003578075441 0.003577683121 0.003441657871 0.003304407466 0.003122061491 0.002833234612
276,frag@327.12 frag@213.1 loss@311.16 loss@385.14 loss@343.11 frag@295.12 loss@166.1 frag@215.12 loss@160.11 frag@323.2 loss@130.07 frag@223.06 frag@205.09 frag@278.12 loss@344.2 loss@195.9 frag@223.11 frag@298.08 frag@222.1 frag@293.15,0.03820531443 0.03062596172 0.02623010613 0.02570940368 0.02276057005 0.02271987684 0.01413085032 0.01254898775 0.01079936326 0.01045660209 0.01015782263 0.008162083104 0.007874141447 0.006020392291 0.005988282152 0.005922158714 0.005696156528 0.005146127194 0.004822872579 0.004745493643
277,frag@209.06 loss@106.03 loss@78.03 loss@86.0 frag@100.01 frag@100.05 frag@195.1 loss@60.03 frag@222.03 loss@378.09 frag@152.95 loss@395.14 loss@54.01 loss@180.16 frag@236.05 frag@255.09 loss@147.97 frag@78.49 loss@408.1 frag@260.07,0.1479642689 0.1176558658 0.1109843925 0.07724247873 0.07128073275 0.06209572032 0.05519169196 0.05207650363 0.03666223586 0.01370910183 0.01279573608 0.009302689694 0.008865809068 0.008788312785 0.007881758735 0.007589556277 0.007270191796 0.006922024302 0.00507171033 0.004231804982
278,frag@91.05 loss@290.13 loss@257.07 loss@254.12 loss@326.14 loss@247.11 loss@263.04 frag@91.06 loss@324.08 loss@295.12 loss@253.05 loss@243.1 loss@328.12 loss@286.1 loss@311.13 loss@332.17 frag@120.08 frag@109.06 loss@238.98 loss@258.1,0.4588383138 0.1093897596 0.07384505868 0.04518744349 0.02266146988 0.01565077156 0.01411014516 0.01178715099 0.01065046992 0.010547732 0.009768910706 0.008565142751 0.008156673983 0.007515541743 0.007349766791 0.005833738949 0.00556749478 0.005526823923 0.005112403538 0.005080413073
279,loss@250.12 frag@168.1 frag@127.07 loss@187.13 frag@276.12 frag@247.03 frag@270.07 loss@242.03 loss@342.06 frag@152.09 loss@263.08 frag@174.01 frag@181.1 loss@304.17 loss@366.12 frag@212.04 loss@311.11 frag@338.11 frag@228.1 frag@100.04,0.09622193128 0.05673439428 0.05388806015 0.03256715462 0.03117903508 0.02428093553 0.01967290603 0.01534432266 0.0148004638 0.01407044288 0.01332497317 0.01238285191 0.01209069788 0.01055128034 0.008725646883 0.008422237821 0.008230693638 0.007923974656 0.007744247559 0.006154911127
280,frag@183.06 frag@170.05 loss@178.06 frag@257.09 frag@101.06 frag@223.02 loss@183.16 loss@264.1 frag@168.05 frag@127.99 loss@245.15 loss@264.11 loss@206.06 loss@193.09 loss@271.04 loss@130.04 frag@170.03 loss@269.02 loss@269.13 loss@272.06,0.0611766018 0.0421577245 0.03851756081 0.02432627231 0.01840465143 0.01828392223 0.01814061031 0.01667458005 0.01616014354 0.0133404443 0.009654972702 0.009582139552 0.009296375327 0.008949680254 0.006874494255 0.005996801425 0.005662893411 0.00523666665 0.005097725429 0.005085173994
281,frag@282.11 loss@88.99 frag@315.12 frag@313.12 loss@206.1 loss@288.1 loss@166.14 frag@179.02 loss@285.17 loss@273.17 frag@260.16 loss@130.0 frag@101.0 loss@276.99 frag@303.08 frag@330.19 loss@156.1 loss@251.03 loss@227.16 frag@262.17,0.104294017 0.06791362911 0.03832110763 0.02389353514 0.01730844006 0.01703577489 0.01355764456 0.01029293891 0.00964260567 0.007914969698 0.007728754077 0.007203487679 0.006989236455 0.00596836023 0.005434373394 0.005313024856 0.005134469829 0.004702164792 0.004045270849 0.003986101132
282,frag@138.1 loss@232.07 loss@251.08 frag@162.06 frag@83.07 frag@84.06 frag@139.09 loss@227.08 frag@137.08 loss@249.12 frag@201.14 loss@249.11 loss@254.08 frag@94.06 frag@174.03 loss@199.05 frag@120.07 frag@110.1 frag@98.1 frag@151.06,0.3421685398 0.3246699274 0.1077399701 0.05423059687 0.02210870199 0.02032104135 0.01130177919 0.006750555709 0.006243692245 0.005650098436 0.004216502421 0.003510819981 0.003488884773 0.003280875972 0.003152077785 0.001913164509 0.001858125092 0.001777182915 0.001703555929 0.001604006742
283,loss@84.06 frag@79.02 frag@61.01 frag@62.02 frag@307.07 frag@64.01 frag@64.0 loss@116.08 frag@229.09 frag@200.93 loss@60.06 loss@78.09 frag@179.05 loss@28.03 loss@108.03 loss@124.04 loss@42.01 frag@219.07 frag@193.05 loss@253.01,0.4928485751 0.34223634 0.1146313176 0.01945953071 0.01438906416 0.002641640604 0.001741564251 0.001678341418 0.00140171824 0.0007944088429 0.0007374359993 0.0006437431439 0.0003338956158 0.0003163697838 0.0002927633468 0.0002703856153 0.0002293065918 0.0002279895125 0.0002232755069 0.0002150256769
284,frag@41.04 loss@262.1 loss@144.08 loss@274.1 frag@43.05 loss@186.01 frag@71.09 loss@96.06 frag@57.07 loss@300.04 frag@44.01 loss@246.06 loss@63.03 loss@726.37 loss@246.03 frag@53.0 loss@130.1 loss@292.14 loss@164.13 loss@128.05,0.3069375753 0.1317169219 0.1289152801 0.1099625453 0.1099514365 0.0525582172 0.04586999863 0.02018111385 0.01922583207 0.01128012314 0.005232119933 0.00365567836 0.002920673927 0.002231234219 0.002222917043 0.00215811166 0.002016552025 0.001965278992 0.001904065371 0.001760630053
285,frag@213.08 frag@223.05 frag@185.05 loss@158.04 loss@141.0 frag@223.08 loss@174.03 loss@138.02 loss@136.02 loss@96.0 loss@68.01 loss@137.02 loss@175.02 loss@158.03 frag@243.95 frag@177.07 loss@195.08 frag@64.02 frag@185.03 frag@316.11,0.1160433665 0.06904351711 0.06747352332 0.06393579394 0.05971264467 0.05706739053 0.03412326053 0.03386391327 0.03231249005 0.02790490724 0.02627545595 0.02259196341 0.02222383395 0.02186022326 0.021231547 0.01756076142 0.01565090567 0.01206210721 0.00993442256 0.008091337979
286,frag@167.06 loss@84.04 frag@237.07 loss@153.13 loss@84.03 loss@105.12 loss@211.02 loss@198.98 loss@84.07 loss@98.08 loss@140.09 loss@70.02 loss@207.15 loss@88.09 loss@186.11 loss@104.03 loss@88.08 loss@138.12 loss@109.04 loss@175.12,0.3564438522 0.1283847839 0.105065383 0.03961828351 0.03472402319 0.03406549245 0.02277606726 0.01321438979 0.01180130616 0.01145832799 0.009787824936 0.007871033624 0.007042124402 0.005460941698 0.005199994892 0.003639048198 0.003421380883 0.00302502187 0.002944322536 0.00287487777
287,frag@184.07 frag@293.12 frag@192.09 loss@109.01 frag@246.07 frag@233.05 loss@390.14 loss@144.12 loss@328.04 loss@283.11 loss@244.18 loss@339.08 frag@129.05 loss@357.14 frag@204.09 frag@221.13 frag@388.09 frag@257.05 frag@69.0 frag@257.02,0.07772350311 0.0490109995 0.04073746875 0.03525387496 0.02785216458 0.02333095297 0.02262583002 0.01550153736 0.01545468625 0.01479167119 0.0145693766 0.01392053068 0.01299402956 0.01134462934 0.01007002685 0.006435278337 0.006023648195 0.005743032321 0.005246759392 0.005231330171
288,frag@73.06 frag@215.12 loss@299.16 loss@273.15 loss@298.14 loss@242.01 frag@184.11 frag@229.12 frag@218.15 loss@268.14 loss@306.1 loss@334.09 loss@261.14 loss@302.16 frag@172.11 loss@310.16 loss@294.15 frag@136.94 loss@353.17 loss@289.14,0.2004195154 0.1032629982 0.09438686073 0.06848020852 0.04869724438 0.01649617776 0.01236440334 0.01201577019 0.01157581434 0.01065187994 0.01005968638 0.009674205445 0.006980746053 0.006718377583 0.006074088626 0.005866756197 0.00543227233 0.004960482474 0.004887201358 0.004734674934
289,frag@236.11 loss@199.1 loss@205.1 loss@170.09 frag@306.11 frag@115.05 frag@117.07 frag@171.04 frag@285.12 frag@130.99 frag@158.1 frag@133.06 frag@145.06 frag@104.06 frag@155.05 frag@144.09 frag@129.07 frag@141.07 frag@155.06 frag@190.05,0.218704164 0.2107887268 0.1638824195 0.106132634 0.04105584696 0.0389155522 0.03254792094 0.01806728728 0.01528809499 0.0118269138 0.01133956388 0.010538253 0.009288000874 0.007364123594 0.006682537962 0.005812859163 0.005551246461 0.004045745824 0.003657878842 0.003637962276
290,loss@195.07 frag@118.07 loss@227.09 frag@117.06 frag@118.06 frag@104.05 frag@184.03 frag@105.05 frag@132.08 frag@116.05 frag@105.06 frag@128.05 frag@134.06 loss@215.09 frag@132.04 frag@145.08 loss@234.07 frag@146.06 frag@119.07 frag@92.03,0.3841603994 0.2870569527 0.05771208182 0.02792361565 0.02744166739 0.02477025799 0.01928517222 0.01145272795 0.01004938688 0.008241289295 0.006948961876 0.005964567419 0.00510752853 0.004886937328 0.00487395376 0.004173337016 0.004020636901 0.003818648169 0.003198045306 0.003117135726
291,frag@173.54 frag@173.55 loss@255.12 loss@283.16 loss@310.15 loss@255.03 loss@307.12 loss@301.18 frag@127.04 loss@164.02 loss@327.12 loss@264.17 loss@120.09 loss@111.06 loss@348.18 loss@280.08 loss@238.18 loss@395.07 loss@167.08 loss@189.15,0.2335103154 0.2076329291 0.1514432728 0.083523646 0.04143688828 0.01501743961 0.01332864072 0.01232333388 0.01010033768 0.009469285607 0.007971656509 0.00760582462 0.007541124709 0.006510614883 0.006414502393 0.006201551296 0.005966579076 0.005372193176 0.005231341813 0.00519076921
292,frag@166.03 loss@244.08 loss@158.05 loss@320.1 frag@184.04 loss@227.07 frag@178.03 loss@84.0 loss@141.1 frag@124.02 loss@94.05 loss@141.03 loss@230.01 loss@108.08 frag@232.14 loss@202.04 loss@167.04 loss@154.05 frag@344.17 loss@113.06,0.4428601861 0.3787451088 0.03029147349 0.01605541632 0.0107944198 0.00818803627 0.003673026105 0.003380062059 0.002876066836 0.002638692735 0.002553237602 0.002530260477 0.002481233329 0.002392449649 0.001668550423 0.00159355253 0.001528088236 0.001526567619 0.001460053842 0.001387030585
293,frag@254.12 frag@126.06 loss@228.04 loss@206.08 loss@223.02 frag@216.1 frag@134.06 loss@152.02 frag@255.06 frag@243.08 loss@280.03 frag@214.07 frag@252.15 frag@133.07 loss@299.11 loss@170.05 frag@172.11 frag@270.11 loss@191.06 frag@256.05,0.06114087999 0.04782860354 0.03180013224 0.02353630774 0.0194966048 0.013069354 0.01237235311 0.01235955954 0.01233205386 0.0122714825 0.01029920019 0.01024804544 0.009836228564 0.00920774322 0.008447268046 0.008351936936 0.007865110412 0.007343698759 0.007252012845 0.007213578094
294,loss@115.1 loss@85.09 loss@73.09 frag@194.1 loss@97.09 frag@236.07 frag@198.04 frag@197.08 loss@59.07 frag@246.08 loss@144.13 frag@167.07 frag@86.1 loss@91.1 frag@354.13 frag@232.07 frag@224.05 frag@218.13 frag@216.95 frag@243.11,0.1019940972 0.07781236619 0.07410716265 0.04486568272 0.04373561591 0.03745530546 0.03414991871 0.03294323012 0.028452361 0.02326935157 0.02050343715 0.01683814637 0.01632504165 0.0162670482 0.01588842832 0.01400320791 0.01378371567 0.01320661046 0.01257633604 0.01211271156
295,frag@67.05 loss@238.1 loss@284.08 loss@241.14 loss@229.11 loss@223.09 loss@223.1 frag@110.1 loss@252.11 loss@265.14 loss@276.15 loss@262.14 loss@264.12 loss@281.13 loss@293.15 loss@245.11 loss@288.13 loss@302.13 loss@266.14 loss@263.15,0.4542257786 0.0942825675 0.06492274255 0.03674630076 0.02119783312 0.01306399144 0.01172928605 0.0109896278 0.01089918707 0.01001345273 0.009344805032 0.009036519565 0.008160740137 0.0076834918 0.007618414704 0.006996819749 0.006569131278 0.006501843687 0.006232716143 0.006014811341
296,frag@133.06 frag@123.08 frag@161.06 frag@135.08 loss@286.13 frag@105.07 loss@204.1 loss@237.16 loss@239.13 loss@274.13 loss@186.06 frag@79.05 loss@325.15 loss@292.18 loss@220.15 loss@260.14 loss@229.14 loss@279.07 loss@172.09 loss@240.15,0.1646519601 0.09378436953 0.09057209641 0.03995319456 0.02773961239 0.02643917501 0.02214238979 0.02166187204 0.02106259018 0.01626757346 0.01483628061 0.01438725181 0.01216786169 0.01090184506 0.01081561297 0.009215597063 0.009160823189 0.008124294691 0.00739024533 0.007149038836
297,frag@112.04 loss@178.03 loss@61.05 frag@180.01 frag@139.99 loss@294.16 loss@194.15 loss@125.1 loss@232.02 loss@93.06 loss@258.13 loss@206.04 loss@218.01 loss@244.04 loss@324.05 loss@249.02 loss@287.09 frag@237.03 loss@166.04 loss@272.09,0.3321121931 0.1414180994 0.131076932 0.09309108555 0.05631202832 0.04631685838 0.03785856813 0.02563178353 0.005106833298 0.004120647907 0.003852337133 0.003789766924 0.003648933955 0.003339648014 0.003119027708 0.002803263254 0.002691707574 0.002623017412 0.00248740078 0.002389679197
298,frag@286.11 loss@94.03 loss@223.02 frag@168.0 loss@192.03 loss@252.01 frag@142.97 frag@168.11 frag@175.06 frag@322.19 frag@174.98 frag@288.12 frag@247.07 loss@264.01 loss@319.14 frag@259.14 loss@222.01 loss@185.13 loss@330.15 frag@286.14,0.1176227406 0.03862041607 0.03593695909 0.03415441886 0.03050558269 0.02634834312 0.0233004652 0.01906164549 0.01684912108 0.01591990329 0.01470380276 0.01263470203 0.01222653128 0.01086735446 0.01015022025 0.00680544693 0.006740169134 0.006458798889 0.006402970757 0.005992809776
299,loss@100.06 loss@111.08 loss@86.05 frag@240.09 frag@201.06 frag@146.05 loss@84.03 frag@268.11 frag@237.1 loss@182.0 frag@219.04 frag@281.1 loss@127.07 frag@276.15 loss@139.11 frag@226.09 loss@97.06 frag@228.04 frag@214.06 frag@284.12,0.1010140479 0.100157246 0.09847382456 0.08303748816 0.07996016741 0.06127555296 0.05461317301 0.0391859971 0.02886392176 0.02580516227 0.01905922964 0.01469659898 0.01368803717 0.0101886224 0.008220857941 0.008121605963 0.007733881474 0.007377520204 0.007084378507 0.006686042994
300,loss@312.11 frag@227.07 frag@199.08 frag@321.08 loss@342.12 frag@221.06 frag@181.07 frag@184.05 frag@252.08 frag@297.08 frag@295.06 loss@618.2 frag@307.06 frag@327.09 frag@285.04 frag@299.06 frag@199.04 loss@329.15 frag@101.03 loss@110.02,0.04198828712 0.03046488948 0.02663423494 0.02107908018 0.02014047652 0.01915388368 0.01900946721 0.01763286814 0.01721241698 0.0164465066 0.01641172357 0.01638586819 0.0135902483 0.01310866047 0.01166461129 0.01100739837 0.01042894274 0.01003046613 0.009974854067 0.009415789507
301,frag@58.07 frag@58.06 loss@319.19 loss@276.07 loss@363.12 loss@206.13 loss@155.14 frag@238.07 loss@236.14 loss@300.15 loss@324.17 loss@353.1 frag@100.04 loss@316.15 loss@234.01 loss@228.15 frag@168.1 loss@299.14 frag@232.13 loss@288.18,0.1784040481 0.07470902056 0.05359916016 0.0370609723 0.03133240715 0.02710823156 0.02483817376 0.02438127808 0.02132533677 0.01845853217 0.01691324078 0.01636463404 0.01537746098 0.01464387681 0.01261974219 0.01216457319 0.01122099906 0.009516738355 0.008466703817 0.007777096704
302,frag@170.11 frag@111.1 frag@272.16 loss@273.17 loss@97.0 frag@168.02 frag@246.04 frag@295.11 frag@184.98 loss@206.1 loss@241.03 loss@200.99 frag@349.15 frag@393.12 loss@160.16 frag@244.12 loss@383.17 frag@237.14 loss@130.0 frag@206.09,0.05968216434 0.02740935981 0.01939788833 0.01928292774 0.01748935692 0.01280169748 0.01237887423 0.01123349089 0.01069411729 0.01037770696 0.008932621218 0.008589188568 0.006708016153 0.006335535552 0.005825675558 0.005725076888 0.005587034859 0.00543596549 0.004426128231 0.004414707422
303,frag@201.09 loss@333.12 loss@345.12 frag@275.12 loss@204.16 frag@342.03 loss@324.12 loss@299.11 loss@157.13 frag@222.1 loss@240.08 loss@135.1 frag@199.06 frag@189.05 loss@130.07 frag@173.09 loss@323.19 loss@252.1 loss@150.07 loss@373.12,0.3295997083 0.1651533544 0.1276112497 0.07726190239 0.06497227401 0.03004328348 0.02733592503 0.01782205701 0.006831133738 0.005292273592 0.005196059588 0.004795767367 0.004766607191 0.002896380611 0.001924616983 0.001839394914 0.00180324039 0.00178522605 0.00167103624 0.001662365627
304,frag@122.01 frag@125.03 frag@194.01 frag@157.0 frag@171.97 loss@248.04 loss@157.1 loss@205.02 loss@253.07 frag@150.0 loss@231.04 loss@235.01 loss@273.06 loss@173.03 loss@172.02 frag@46.06 loss@156.11 loss@205.0 loss@190.98 loss@193.0,0.1070544943 0.07479783148 0.0602386035 0.03772494569 0.03736471012 0.0323356539 0.02885778993 0.02728211693 0.02633560076 0.02613344975 0.0239040833 0.02282379754 0.02195223607 0.02138249017 0.01980184205 0.01841025241 0.01730098017 0.01535881218 0.01506005041 0.01494199689
305,frag@136.02 frag@98.04 loss@203.04 loss@190.01 loss@255.01 loss@211.98 loss@151.01 loss@320.14 frag@99.03 loss@178.06 frag@173.03 frag@149.03 loss@136.02 frag@168.05 loss@189.04 loss@143.04 loss@234.17 loss@140.06 loss@237.05 frag@158.02,0.2371713668 0.07499593496 0.04101427272 0.04070375115 0.03928675875 0.03416604549 0.03318878636 0.02860501036 0.02693085186 0.02541938797 0.01864278875 0.01763525978 0.0153464051 0.01333781704 0.0122423172 0.008738999255 0.007546934765 0.007496242877 0.007006383501 0.006603882182
306,loss@234.1 frag@105.03 frag@202.12 frag@95.05 frag@253.13 frag@161.06 frag@77.04 frag@103.05 frag@177.05 frag@105.08 frag@145.03 frag@184.02 frag@105.04 loss@305.15 frag@175.12 frag@125.06 loss@225.06 loss@352.11 frag@91.06 frag@119.05,0.4899888337 0.2584790885 0.1794829369 0.01774158329 0.00567772612 0.005430231802 0.005414831452 0.003213478951 0.002199370647 0.002049268922 0.001728932024 0.001636526664 0.001581336721 0.0009747328004 0.0008788513951 0.0008517437964 0.0008044264978 0.0007606981671 0.0007353603723 0.0007321499288
307,frag@106.06 loss@215.11 loss@193.1 frag@231.12 loss@258.11 loss@164.12 loss@305.14 frag@148.08 loss@189.08 frag@120.04 loss@225.13 loss@233.12 frag@133.06 loss@196.09 frag@147.05 loss@187.11 loss@249.09 loss@325.14 loss@197.11 loss@229.12,0.3587211072 0.09454083443 0.05067776144 0.04930790514 0.03608199582 0.03401266783 0.02106519789 0.0187661238 0.01602297463 0.009032802656 0.008829870261 0.007772575598 0.006833660416 0.006073011085 0.00604118919 0.005802666768 0.005435527302 0.004982130136 0.004735880997 0.004484996665
308,loss@336.16 frag@139.12 frag@242.12 loss@294.11 loss@297.13 frag@271.16 frag@181.14 frag@278.11 frag@225.13 loss@263.14 frag@259.17 loss@167.0 loss@106.03 frag@303.11 frag@329.21 loss@160.13 loss@63.02 frag@165.12 frag@226.16 loss@378.09,0.1165263653 0.1073232144 0.01903790422 0.01716071181 0.01634852774 0.01149122324 0.00834267959 0.007821564563 0.006009562407 0.004968119785 0.004695743788 0.004064323381 0.004035164602 0.003926596139 0.003762944601 0.003748893039 0.003716424806 0.003568740794 0.003288515378 0.003220373532
309,frag@164.05 loss@42.05 frag@191.04 frag@43.03 loss@68.06 loss@122.08 loss@110.08 frag@165.03 loss@70.08 loss@82.05 frag@187.03 frag@146.04 loss@82.08 loss@233.0 loss@118.01 loss@54.05 loss@44.06 frag@207.02 frag@224.98 loss@240.03,0.1153987423 0.09901493043 0.07062315196 0.05514390767 0.04836955294 0.04407349601 0.04136367515 0.03711299971 0.03612334654 0.03069282509 0.02347018011 0.02158647031 0.02061192505 0.01654749736 0.01540306117 0.01450780686 0.01410717051 0.0137955118 0.01359886955 0.01267200056
310,frag@254.1 loss@111.04 frag@295.11 loss@271.18 frag@69.99 loss@233.04 frag@257.12 loss@198.02 frag@138.03 frag@244.12 loss@371.15 frag@170.0 loss@332.1 frag@184.98 frag@188.98 frag@181.14 frag@296.12 frag@316.18 frag@307.12 frag@91.03,0.08032441884 0.04432687536 0.01634270884 0.01064899657 0.009848205373 0.007707580458 0.007210455369 0.005605780054 0.005397951696 0.00489705056 0.004663756117 0.004657289479 0.004537898581 0.003777927486 0.00367304543 0.003564263927 0.003169172676 0.003055519424 0.0027203192 0.002573012607
311,loss@138.07 frag@174.09 frag@143.07 frag@188.07 frag@131.07 frag@144.08 frag@160.08 frag@171.09 frag@158.06 frag@132.08 frag@130.06 frag@117.06 frag@142.07 frag@158.08 loss@303.96 frag@146.06 frag@130.07 frag@145.09 frag@158.1 frag@148.04,0.489556998 0.2532218099 0.09733955562 0.04519652203 0.03593367711 0.01032297313 0.007030344103 0.005522418302 0.004207224585 0.003806929104 0.002800820395 0.002367940964 0.002250095131 0.002010726603 0.001832503011 0.001809906797 0.001725375652 0.00154762587 0.001471727388 0.001345623052
312,frag@56.05 loss@220.05 loss@269.02 loss@211.13 frag@84.08 loss@187.01 loss@261.06 frag@112.08 frag@84.09 loss@122.1 loss@154.07 loss@211.12 loss@157.07 loss@262.15 loss@216.02 loss@295.07 frag@82.06 loss@259.03 loss@283.1 loss@224.06,0.4461977482 0.3202707469 0.02301188558 0.01593315043 0.01473273523 0.01188909914 0.00862743333 0.008057996631 0.007017406169 0.006929270457 0.004950879607 0.00482847821 0.004756295122 0.004658076447 0.003972502425 0.003576597432 0.003155605169 0.003007549094 0.002937489888 0.002873767167
313,frag@171.08 frag@171.04 frag@157.06 loss@136.09 frag@143.05 loss@194.02 loss@164.08 loss@147.1 loss@122.0 loss@230.05 loss@259.08 frag@128.06 frag@170.98 loss@177.11 loss@162.07 loss@119.07 loss@159.1 loss@235.03 loss@214.13 loss@118.08,0.1991114914 0.08422135562 0.07220967859 0.06646559387 0.05891003087 0.03037554026 0.01790329069 0.01756987534 0.01716229506 0.01115841419 0.01069680601 0.009275970049 0.007131238468 0.006844682153 0.006603964139 0.005848367233 0.00558207836 0.004918632098 0.0048695812 0.004765222315
314,frag@155.06 loss@146.08 loss@248.1 loss@217.09 loss@171.05 frag@185.11 loss@56.0 frag@171.05 frag@145.04 loss@176.09 loss@177.06 frag@117.04 frag@172.08 loss@218.12 frag@142.06 frag@158.06 loss@303.06 frag@157.08 frag@172.05 frag@140.08,0.1150663421 0.05553650111 0.04929363355 0.03698353469 0.03660070151 0.03602698818 0.03496849164 0.02321272716 0.02175625786 0.02019506134 0.01656955294 0.0151898507 0.01446197461 0.01256326679 0.01165336184 0.01123584434 0.009948346764 0.009920572862 0.009673708118 0.009539794177
315,loss@179.07 frag@121.04 loss@221.08 frag@156.03 frag@119.06 frag@135.05 frag@159.06 frag@148.05 frag@132.06 frag@208.08 loss@179.04 loss@347.14 frag@123.06 frag@105.05 loss@206.08 loss@176.07 loss@170.05 frag@152.08 loss@209.1 frag@97.04,0.2779690623 0.1821177453 0.1766188145 0.1298937798 0.04759078473 0.04507747665 0.02236089669 0.01255859993 0.006276872009 0.005011847708 0.003810391994 0.003540049773 0.003462714143 0.003420904046 0.003098116256 0.002907198854 0.002793815918 0.002722263103 0.002640161896 0.002508899895
316,loss@98.07 frag@203.09 frag@252.11 loss@229.0 frag@208.1 frag@238.06 frag@287.11 loss@164.16 loss@166.1 frag@191.07 loss@57.07 frag@209.96 frag@303.12 frag@297.16 frag@313.07 frag@263.14 frag@223.1 frag@211.04 frag@232.07 frag@381.23,0.4569239914 0.2478277087 0.1527670026 0.01760081574 0.0157572832 0.0112656476 0.00569641497 0.004129373468 0.003250109265 0.00272896071 0.002623435576 0.002308928873 0.002303074813 0.002271572128 0.002159302356 0.001978430199 0.001837844262 0.001615385409 0.001503456268 0.001455402584
317,frag@244.1 loss@353.17 frag@217.15 frag@270.08 frag@186.94 frag@174.12 loss@308.14 loss@307.14 frag@278.11 frag@332.14 loss@299.16 frag@136.94 loss@251.19 frag@161.12 loss@266.02 frag@373.18 frag@255.05 loss@261.14 frag@179.98 frag@363.18,0.07943984121 0.04869776219 0.02378946543 0.02071948536 0.01733021252 0.0165830981 0.01214129105 0.01046906225 0.01028046943 0.01026910357 0.009249336086 0.00905723311 0.007940932177 0.0079192454 0.00646609813 0.005937998183 0.005301256664 0.004859938286 0.004609415308 0.004363415763
318,frag@252.12 frag@152.09 loss@242.03 loss@263.08 frag@212.04 loss@304.17 frag@208.05 loss@314.11 frag@228.09 frag@206.03 loss@361.12 frag@341.14 loss@317.19 frag@214.05 loss@312.04 loss@251.16 loss@212.02 frag@234.16 frag@338.11 frag@210.15,0.09224538505 0.07239898294 0.04530639201 0.02736550756 0.02090781555 0.01734000258 0.01560917869 0.01076766849 0.009324630722 0.007944108918 0.007012337912 0.006952645723 0.006619151216 0.006235479843 0.005904591642 0.005517421756 0.005217476748 0.00520530995 0.004841440823 0.004736980889
319,frag@202.08 loss@282.06 frag@298.13 loss@123.1 frag@319.12 frag@122.94 loss@343.14 loss@110.0 frag@198.11 loss@125.1 loss@125.04 loss@88.05 loss@128.09 frag@128.09 loss@258.08 frag@170.08 loss@138.08 loss@145.11 loss@145.15 loss@124.1,0.09460900724 0.08142285049 0.02892081253 0.02741306089 0.0256558191 0.02485184744 0.02360299975 0.02043397911 0.01742872037 0.01633404568 0.01525998022 0.01333578303 0.01290217042 0.01109284256 0.0105812829 0.01054845471 0.01022613794 0.008991950192 0.008797937073 0.00842578616
320,loss@270.13 frag@123.08 frag@117.07 frag@129.07 loss@306.17 loss@308.15 frag@147.08 loss@275.17 frag@191.15 frag@174.13 loss@229.15 loss@267.11 loss@261.04 frag@131.09 loss@242.14 frag@145.06 loss@174.1 frag@167.13 frag@215.12 loss@258.1,0.1108807549 0.09213193506 0.08037284762 0.05769886076 0.05708974972 0.0522528775 0.03977648169 0.03647595271 0.02684031986 0.02248097956 0.02220368199 0.02174745314 0.01551856566 0.01377777848 0.01048953738 0.008916504681 0.008841267787 0.008246930316 0.007056563627 0.00652376283
321,frag@198.08 loss@228.01 loss@272.04 loss@316.11 frag@227.08 frag@207.13 loss@259.07 loss@330.07 frag@199.05 loss@227.17 loss@142.15 loss@382.15 frag@288.11 frag@181.03 frag@221.09 frag@199.07 frag@222.08 frag@325.14 frag@241.02 frag@176.98,0.2456878275 0.146681428 0.1084630862 0.04200846329 0.04125378281 0.02907239646 0.01996114664 0.01389652025 0.01377326436 0.01275676116 0.007648930885 0.005349498242 0.005177392159 0.004808953032 0.004623459186 0.003795179538 0.003608172061 0.002811021404 0.002796289045 0.002613369841
322,frag@235.05 frag@192.02 loss@170.02 loss@148.09 loss@265.08 loss@198.03 frag@204.95 frag@141.08 frag@147.07 frag@146.07 frag@220.11 frag@167.13 loss@218.07 frag@163.02 frag@222.95 frag@245.16 frag@176.11 frag@131.97 loss@199.06 frag@225.14,0.2171484083 0.2025192678 0.1924839616 0.1109803021 0.07414607704 0.06858084351 0.008645086549 0.006731978152 0.005898125004 0.005471024197 0.004969211295 0.003811527509 0.00355692138 0.002960467944 0.002269401914 0.001934585744 0.001829998102 0.001532800496 0.001503516338 0.001409751596
323,loss@182.02 frag@119.07 loss@309.05 frag@134.1 frag@85.04 loss@287.03 frag@136.94 frag@146.1 loss@138.11 frag@323.16 frag@172.1 loss@306.1 loss@263.06 loss@126.01 frag@193.02 frag@270.08 frag@121.01 loss@325.04 frag@356.18 loss@343.23,0.1203636676 0.08151932806 0.05432925001 0.0422716327 0.02495839261 0.02374213934 0.01157288626 0.01142071746 0.01064228918 0.009535288438 0.007209312636 0.006665741093 0.006370596122 0.00603294 0.005799307488 0.005627054721 0.005308032501 0.004911649972 0.004902979825 0.004589605611
324,loss@131.09 loss@145.11 frag@199.05 frag@231.1 frag@194.1 loss@146.09 frag@272.09 frag@304.13 frag@210.11 frag@252.1 frag@141.98 frag@219.06 frag@238.09 frag@199.07 frag@195.08 loss@173.11 frag@247.05 frag@214.04 frag@247.11 frag@236.07,0.2053814083 0.1918656677 0.09674350917 0.09475025535 0.06346700341 0.06279820949 0.0284373872 0.02597147413 0.02278230153 0.01651388966 0.01541954 0.01094471198 0.01005801093 0.009311556816 0.008543941192 0.00775016984 0.006044001784 0.005858840887 0.004462755751 0.003464260371
325,loss@289.15 loss@243.0 loss@267.98 frag@58.96 frag@338.19 frag@251.12 frag@278.08 loss@263.17 frag@315.13 frag@337.13 frag@273.16 frag@250.11 loss@328.11 frag@284.13 frag@252.0 frag@296.12 frag@178.11 frag@131.1 loss@140.12 frag@308.16,0.1472193301 0.04883270338 0.04810900986 0.01241263375 0.01227368601 0.008922834881 0.008495355956 0.007606182247 0.007280606776 0.006902770139 0.006796277594 0.005997905973 0.005705678836 0.004780114163 0.004244197626 0.004040532745 0.003839915385 0.003737922525 0.003513343399 0.003441437846
326,frag@55.02 loss@171.09 loss@182.11 loss@211.08 loss@200.12 loss@183.09 loss@210.1 loss@198.1 loss@251.13 loss@202.13 loss@272.13 loss@184.12 loss@246.11 loss@157.07 loss@220.09 loss@170.11 loss@244.09 loss@248.1 loss@245.12 loss@291.08,0.4988562465 0.06788907945 0.06318020076 0.05540860817 0.05159343407 0.05066718161 0.04460196197 0.04174984992 0.0307590533 0.02055488527 0.01916251332 0.0175096076 0.00303312391 0.002246571006 0.001796710072 0.001418968895 0.001323053264 0.001205062843 0.001002108562 0.0009762936388
327,frag@196.01 frag@154.98 loss@283.13 loss@260.03 frag@274.12 frag@191.01 frag@108.01 loss@277.13 loss@338.11 loss@122.1 frag@291.12 frag@147.1 frag@222.04 loss@275.08 frag@77.02 frag@174.98 frag@225.04 frag@242.13 frag@226.02 frag@286.14,0.07673681527 0.02701301873 0.02493921109 0.02463888377 0.0146040814 0.01123304013 0.01086846087 0.01081419364 0.01058841497 0.009714010172 0.009693326429 0.008590423502 0.008023972623 0.00796896033 0.007890365086 0.007464301307 0.007358894218 0.006994109601 0.00694703823 0.006377873011
328,loss@248.14 loss@165.03 frag@173.55 frag@67.05 frag@83.05 frag@81.07 frag@57.03 frag@97.06 frag@95.09 frag@69.03 frag@109.1 frag@149.1 frag@71.05 loss@281.13 frag@107.09 loss@264.15 frag@85.06 loss@287.12 frag@97.03 frag@132.09,0.1947043985 0.1240434647 0.07591829449 0.06848116964 0.03869492561 0.03302840516 0.03185721487 0.02568073198 0.02083999291 0.01788427308 0.01576303691 0.01541385613 0.01503766514 0.01383129973 0.01157758664 0.0114154974 0.01065031346 0.009709091857 0.009219336323 0.008966230787
329,frag@65.04 loss@228.05 loss@229.07 loss@103.08 loss@249.08 loss@295.1 loss@235.1 loss@252.06 frag@92.06 loss@217.07 loss@206.03 frag@134.01 loss@228.06 frag@109.07 loss@225.06 loss@213.03 loss@217.02 frag@119.06 loss@143.04 loss@226.04,0.4369599223 0.109545745 0.1015119031 0.03389881179 0.02628060058 0.02341576852 0.0161247775 0.01495357044 0.01420197636 0.01415016968 0.01251132134 0.01235912461 0.01168851182 0.008156107739 0.007676779293 0.007027698681 0.005691106431 0.005209485535 0.004515373614 0.00397538254
330,frag@118.06 loss@266.09 frag@146.06 frag@119.07 frag@132.08 loss@220.09 loss@243.1 frag@146.1 loss@228.11 frag@178.09 frag@160.08 frag@130.06 loss@200.1 loss@251.04 loss@282.14 frag@145.09 loss@203.09 frag@145.08 loss@201.1 loss@253.05,0.1433065236 0.08385532349 0.08203340322 0.04850584641 0.045964811 0.03717248142 0.02918035537 0.02403591573 0.02160214446 0.01936064847 0.01581813395 0.01450117398 0.01436717529 0.01402502228 0.01364044938 0.01209968422 0.01059253979 0.009655287489 0.008854298852 0.008823581971
331,frag@133.08 loss@244.1 loss@184.07 frag@105.06 frag@133.04 frag@147.06 loss@213.05 frag@120.04 frag@145.08 frag@119.06 frag@131.06 frag@132.07 loss@190.07 frag@146.08 loss@280.1 loss@193.04 loss@214.11 loss@203.07 loss@201.08 loss@171.05,0.15189448 0.1320113391 0.06382445991 0.0556637682 0.04037920758 0.02974821627 0.02219810709 0.0174289681 0.01727411523 0.01716690883 0.01564502344 0.01426722668 0.01334067248 0.01250102464 0.01114327554 0.01036506332 0.009910977446 0.009675113484 0.009168516845 0.008688328788
332,frag@41.04 loss@235.09 frag@43.05 frag@44.01 loss@272.07 loss@213.16 loss@127.08 loss@216.98 loss@240.16 loss@284.08 loss@230.04 frag@245.13 loss@166.14 loss@342.06 loss@174.14 frag@174.03 loss@256.14 loss@287.14 loss@263.08 loss@169.13,0.3134770989 0.1689120084 0.06937593222 0.04887625203 0.0438461937 0.0363394767 0.02605300955 0.01547540072 0.01352489181 0.01332069561 0.01026312634 0.009608640336 0.006311061326 0.005376763176 0.005152834579 0.005101509858 0.004410800058 0.004246070515 0.004170915112 0.004036941566
333,loss@217.09 frag@144.08 frag@132.08 frag@131.07 frag@204.1 frag@142.07 frag@160.08 frag@115.05 loss@259.1 frag@174.09 frag@158.06 frag@142.06 loss@219.06 frag@145.09 loss@253.06 frag@143.07 frag@173.07 loss@267.11 frag@92.04 loss@348.05,0.3721328974 0.1344089955 0.08191081136 0.03598664328 0.02179330774 0.01984587125 0.01957175694 0.01697277464 0.01662408561 0.01617562212 0.0150877228 0.01503695827 0.01457212027 0.01328648068 0.01162417978 0.01074804831 0.008093841374 0.007321608718 0.007309135981 0.00718871085
334,frag@96.08 frag@44.05 frag@70.06 frag@98.1 loss@223.06 loss@257.15 loss@246.05 loss@237.15 loss@284.11 loss@301.1 frag@85.05 loss@243.08 frag@100.08 loss@233.13 loss@266.13 frag@70.07 loss@274.07 frag@110.1 frag@98.08 loss@81.97,0.148509413 0.09002553672 0.04605962709 0.03998189792 0.03542937338 0.03072754852 0.02799632587 0.02541739494 0.01890334301 0.01853151619 0.0182421878 0.01536082197 0.01463635825 0.0125360135 0.01195586938 0.01183758862 0.01091195829 0.01088500489 0.009804865345 0.009708101861
335,frag@194.06 loss@256.13 loss@266.12 frag@215.06 loss@282.15 frag@230.11 frag@114.09 frag@70.06 frag@43.04 frag@210.05 frag@98.08 frag@175.11 frag@85.05 frag@181.1 loss@270.16 frag@181.0 frag@250.07 frag@44.05 loss@332.15 loss@377.19,0.2866763175 0.2044672668 0.1837425083 0.1030005366 0.07750953734 0.02888133191 0.008232811466 0.006697921548 0.003531061579 0.003229640657 0.003129334655 0.002894537058 0.002583407098 0.002091113245 0.00208664313 0.002084156964 0.002078932244 0.001773523865 0.001697472646 0.001609426225
336,frag@206.07 loss@280.09 loss@135.09 frag@190.02 loss@340.1 frag@208.02 loss@309.13 loss@248.11 frag@98.03 frag@174.04 loss@188.0 frag@174.02 loss@300.17 frag@193.09 frag@267.05 frag@290.16 frag@156.02 loss@329.12 loss@198.02 frag@173.03,0.3072659969 0.248117134 0.1378372014 0.1046287566 0.07146012038 0.0526474379 0.004479083698 0.00283514359 0.001975867664 0.00181911781 0.001538424287 0.001483145752 0.001327789039 0.001281319885 0.001263417304 0.001159955282 0.001111953519 0.00103467796 0.0008745111409 0.0008423223044
337,frag@207.12 frag@163.11 loss@377.17 frag@239.11 frag@237.13 loss@158.13 loss@159.14 loss@334.19 frag@320.07 loss@345.14 frag@184.96 loss@303.17 loss@64.05 loss@358.13 loss@416.17 loss@50.04 loss@358.16 loss@283.06 loss@239.19 loss@297.17,0.1889231205 0.07440109551 0.03770146146 0.0242186673 0.01955531351 0.01623568311 0.01323597319 0.01154503878 0.007881193422 0.007771445438 0.007153905928 0.006955218967 0.006950962357 0.006888048258 0.006794542074 0.005617348943 0.005482274573 0.005343197845 0.004538312089 0.004270291887
338,loss@212.05 frag@148.07 loss@200.05 frag@180.04 frag@161.99 frag@204.04 loss@323.14 frag@139.07 frag@97.01 loss@238.05 frag@102.04 loss@245.07 loss@249.09 loss@169.02 loss@264.05 frag@194.09 loss@217.98 loss@191.03 frag@178.02 loss@391.12,0.09638433903 0.07632902265 0.05234201998 0.04109191895 0.03548431024 0.03439201415 0.03340519592 0.02912092395 0.02745505609 0.02187592722 0.02179916762 0.01351850946 0.008892277256 0.008315448649 0.008166349493 0.007799664978 0.007540705614 0.007279159967 0.006915163714 0.006727944128
339,loss@248.1 frag@201.04 frag@155.06 loss@241.07 frag@172.02 frag@145.06 frag@207.1 frag@259.14 frag@128.04 loss@265.16 frag@155.05 frag@151.05 loss@191.09 frag@145.07 frag@123.05 loss@183.11 loss@329.14 loss@183.06 frag@209.03 frag@156.05,0.1406901926 0.08234800398 0.07187618315 0.04370032623 0.03478955105 0.03344373778 0.019439606 0.01517528482 0.0143326642 0.01246863883 0.01244814787 0.01135041472 0.009463096969 0.008095160127 0.007966359146 0.007845496759 0.007153557148 0.006944132503 0.006778870244 0.006047956645
340,frag@201.13 loss@289.1 frag@73.06 loss@308.15 frag@147.01 loss@347.17 frag@209.13 frag@264.16 loss@380.17 loss@332.11 loss@229.15 loss@265.03 loss@227.17 frag@134.1 loss@306.17 loss@382.15 frag@254.11 frag@161.12 frag@259.01 loss@310.07,0.1862793267 0.06249140948 0.02764246613 0.02222586423 0.0202030912 0.01657811925 0.01563459449 0.01483424753 0.01233983878 0.01102446858 0.009647153318 0.009551934898 0.008879672736 0.008499311283 0.007378143724 0.007080653682 0.006845553406 0.006528653204 0.006270532496 0.006217821036
341,frag@91.05 loss@275.1 loss@272.14 loss@304.14 loss@296.12 loss@256.09 frag@91.06 loss@247.11 loss@213.15 loss@254.12 frag@147.08 loss@219.16 frag@121.06 loss@252.11 loss@213.03 loss@249.14 frag@131.09 loss@218.07 loss@238.14 frag@109.06,0.4327876866 0.09598870575 0.0672018826 0.06608270854 0.05539359897 0.01527139358 0.01475355495 0.01436556038 0.01128981728 0.009794574231 0.009564462118 0.008393080905 0.007071626838 0.006656806916 0.006161791738 0.006022004876 0.005661116913 0.005464951973 0.005155483726 0.005019940902
342,frag@74.1 loss@119.09 loss@100.08 loss@115.09 frag@232.06 loss@113.1 frag@177.13 frag@250.13 frag@211.09 frag@253.11 frag@258.11 loss@162.11 frag@234.08 loss@142.09 frag@281.99 frag@197.99 frag@182.07 frag@153.98 frag@283.12 frag@295.18,0.06116944924 0.02518579736 0.02090645954 0.01297991443 0.00819162745 0.007160564419 0.006886473857 0.006804063451 0.006133250892 0.006070560776 0.005766069517 0.005636736751 0.005298024509 0.005061033182 0.004400434438 0.003976147156 0.003554141382 0.003508194815 0.003037514398 0.00303610391
343,frag@139.05 frag@122.02 loss@180.13 loss@166.11 frag@71.06 loss@152.1 loss@213.12 loss@291.15 frag@182.09 loss@264.2 loss@210.17 loss@151.11 loss@277.03 frag@165.07 loss@152.09 loss@207.14 frag@94.03 loss@244.06 loss@153.09 loss@176.13,0.2287811786 0.151274547 0.1163207293 0.1160727292 0.08087851107 0.07480737567 0.068637155 0.01156785991 0.01129603572 0.00746270502 0.007253258955 0.005316596944 0.005091133062 0.003885279642 0.00384796178 0.003491980489 0.00292421109 0.002721593715 0.002455523703 0.002414751565
344,loss@257.08 frag@143.08 frag@174.09 loss@147.11 loss@159.1 frag@247.05 frag@145.09 frag@278.07 frag@173.07 frag@146.1 frag@158.06 frag@146.06 frag@130.07 loss@343.11 loss@267.11 loss@279.15 frag@145.05 loss@255.15 frag@117.06 frag@203.08,0.2239388525 0.1152147725 0.04233489186 0.03950716555 0.03039986454 0.02640673518 0.02198499441 0.01789559051 0.01580726728 0.01367179491 0.01207171567 0.01182635687 0.01101566292 0.01056062896 0.01015906036 0.008844207972 0.007992137223 0.006846812088 0.006652002223 0.006517551839
345,loss@99.07 loss@71.07 loss@45.06 frag@126.01 frag@163.07 frag@99.0 loss@114.08 loss@114.12 frag@226.09 frag@182.07 frag@200.05 loss@118.05 frag@167.98 loss@126.08 frag@325.03 frag@216.01 frag@264.06 frag@302.07 frag@189.0 frag@351.15,0.1026092097 0.0969992131 0.066883035 0.06281068921 0.06053374335 0.05710530654 0.04463195801 0.03239518404 0.02810450457 0.02316174097 0.01960308664 0.01799751446 0.01268137526 0.0121387681 0.01168581843 0.01137336716 0.01087239105 0.0107048722 0.01057019178 0.01002345514
346,loss@184.11 frag@161.06 loss@306.13 frag@131.05 frag@131.08 frag@123.08 frag@133.06 frag@103.05 loss@231.12 frag@117.07 frag@215.12 frag@128.06 frag@129.07 frag@115.05 loss@204.1 frag@133.07 frag@116.06 loss@321.16 loss@242.14 loss@364.12,0.2386540025 0.1253243685 0.07791367173 0.07022983581 0.06567056477 0.03222766891 0.01982564107 0.01488906052 0.0136005003 0.01121708285 0.008813008666 0.008391158655 0.007910726592 0.007514228579 0.007428291719 0.006494333968 0.006375236437 0.005934290588 0.005623442587 0.004925554153
347,loss@150.08 frag@154.05 frag@136.04 frag@150.05 frag@152.07 loss@169.07 loss@222.1 frag@175.05 loss@164.09 loss@182.07 frag@167.08 loss@189.13 loss@225.09 loss@176.13 loss@240.05 frag@206.05 frag@182.98 frag@114.07 frag@293.1 loss@259.06,0.09070123732 0.08602724969 0.07710785419 0.07052437961 0.07013563067 0.06743057072 0.05924056843 0.0565476492 0.05614542961 0.04205531254 0.04041301459 0.03192383423 0.0303905569 0.02919466607 0.01291550603 0.0124014169 0.009031494148 0.008585951291 0.007710149512 0.007092071697
348,frag@137.08 loss@210.08 loss@184.1 frag@218.14 frag@275.19 frag@149.08 frag@168.14 loss@195.14 frag@124.09 loss@263.12 frag@279.16 frag@183.11 frag@139.09 frag@244.08 frag@167.09 frag@270.04 frag@224.03 frag@83.07 frag@136.08 frag@259.03,0.3327103257 0.2953125834 0.1864105314 0.07332804054 0.03191046044 0.01027330756 0.003103416879 0.003008204978 0.00268844096 0.002448376501 0.002148544881 0.001857122756 0.001818852499 0.0016959731 0.001553880167 0.00124413718 0.001207722351 0.001145112794 0.00107076671 0.001028174185
349,frag@169.08 loss@59.04 loss@138.09 loss@57.02 frag@168.07 loss@146.05 loss@110.05 frag@201.07 frag@196.09 frag@197.11 loss@95.04 frag@181.08 loss@162.04 frag@170.08 frag@197.07 frag@209.07 frag@213.11 frag@225.07 frag@171.09 frag@183.09,0.08411619812 0.08133152872 0.06722254306 0.05609266832 0.0553660877 0.05382221192 0.05042558536 0.04161092266 0.03936375678 0.03698221222 0.02962366678 0.02952654846 0.02559498139 0.02542707883 0.02432719246 0.02149022184 0.02100157179 0.02061666735 0.01351009309 0.009671078995
350,loss@231.14 frag@42.03 loss@243.08 frag@71.06 loss@208.12 frag@70.07 frag@56.05 loss@249.07 loss@275.16 frag@207.15 frag@83.07 frag@130.09 frag@154.1 frag@84.08 frag@99.06 loss@274.07 loss@253.99 frag@70.06 frag@83.06 loss@259.0,0.2829787135 0.2681179047 0.05250288546 0.03377213702 0.02312958613 0.02126357146 0.01866124198 0.01247452479 0.01004676055 0.007928509265 0.00737279607 0.007245253772 0.006601573899 0.005464698188 0.005434326828 0.005057043862 0.004871555604 0.004448144231 0.004413671792 0.004397886805
351,frag@151.07 loss@189.11 loss@291.14 loss@335.13 loss@309.16 loss@330.15 loss@299.17 loss@273.07 frag@268.13 frag@176.14 loss@325.1 loss@248.07 loss@243.12 loss@269.16 loss@199.14 loss@220.15 frag@43.46 frag@288.04 loss@291.11 loss@321.11,0.4086587727 0.06075430289 0.04892044887 0.04882993177 0.03957907483 0.03709828854 0.03230559453 0.02842038311 0.01417373028 0.007776902523 0.00764418859 0.006830565166 0.005891162902 0.005421678536 0.005034396425 0.00502050668 0.004939737264 0.004355006386 0.00396102434 0.003788538743
352,loss@241.09 frag@238.12 frag@267.09 frag@183.02 loss@303.08 frag@176.02 frag@116.02 frag@259.05 frag@239.15 loss@347.13 frag@208.03 frag@209.04 frag@239.1 loss@156.02 frag@151.98 frag@383.06 frag@125.02 frag@171.99 frag@191.01 frag@88.02,0.3593372107 0.1072151065 0.08565788716 0.08369190246 0.06328708678 0.03062649444 0.01552149188 0.01086304337 0.009781695902 0.00772419339 0.005724601448 0.005652450025 0.004610932432 0.004221141338 0.004065711983 0.003937760834 0.003717535175 0.003633618355 0.003561750986 0.003560205689
353,loss@207.11 loss@228.14 frag@109.08 frag@80.05 frag@69.04 frag@107.06 frag@108.07 frag@66.03 frag@108.04 frag@94.06 frag@52.02 frag@110.06 frag@121.05 frag@92.05 loss@192.1 frag@81.06 loss@187.04 frag@112.02 frag@136.09 frag@93.06,0.2707360685 0.1930038631 0.1482789963 0.1369500756 0.07505059987 0.02049363963 0.01447312348 0.01020347048 0.008134566247 0.006850945763 0.003717363346 0.003659162205 0.003476041369 0.003238815814 0.003040126292 0.003027497325 0.00286918832 0.002836042317 0.002450369764 0.002408426721
354,loss@200.14 loss@327.09 frag@291.06 loss@159.12 frag@323.09 frag@184.96 frag@246.02 loss@290.14 loss@252.16 frag@143.15 frag@85.04 frag@209.01 loss@304.19 frag@297.18 frag@241.03 loss@377.15 frag@282.11 loss@263.12 frag@248.18 loss@297.14,0.02949154191 0.02083638869 0.01645975374 0.01443299931 0.01295030862 0.0125499079 0.0104525527 0.007977367379 0.007151724771 0.006911186501 0.006680898834 0.006532904692 0.006504693534 0.006477671675 0.005381580442 0.00456666993 0.004350072704 0.004240236245 0.003707064781 0.002955783624
355,frag@168.96 loss@157.09 frag@198.05 loss@143.08 loss@151.11 loss@166.97 loss@135.08 frag@284.14 loss@443.21 loss@171.11 loss@196.05 frag@244.99 frag@218.07 frag@144.05 frag@124.09 loss@133.08 loss@29.03 loss@174.09 frag@260.05 loss@123.08,0.3289657533 0.2410674691 0.1213292107 0.08485862613 0.0451788418 0.03704198077 0.02689269744 0.01852928475 0.01640548743 0.009668158367 0.003293135436 0.002907831222 0.002635960933 0.001824129256 0.001474483055 0.001247628825 0.001224949723 0.001187558752 0.001156752463 0.001106122392
356,frag@141.02 loss@274.06 loss@282.17 loss@265.02 loss@245.16 loss@281.16 loss@321.09 loss@326.13 loss@254.17 loss@333.15 loss@310.15 loss@323.08 frag@132.1 loss@244.03 loss@308.09 loss@292.04 loss@351.16 loss@307.12 loss@239.03 loss@251.11,0.4219447374 0.07011591643 0.04730148613 0.04497864097 0.0373490341 0.03224309161 0.03016050532 0.02353638411 0.01433344837 0.009846190922 0.009677625261 0.007499665022 0.006645938382 0.006122467108 0.00566480821 0.005601422396 0.005192963872 0.004743536003 0.004683110863 0.004488926847
357,loss@140.08 frag@169.06 frag@228.06 frag@182.05 loss@142.97 loss@296.16 loss@129.04 loss@314.17 loss@301.13 loss@174.11 loss@167.01 loss@63.97 loss@239.97 loss@177.97 loss@191.02 loss@139.02 loss@339.07 loss@401.15 loss@128.0 loss@216.99,0.3759787977 0.3347881734 0.07528608292 0.07352307439 0.026686823 0.01267274097 0.005984482821 0.005678805057 0.003103942145 0.002993773203 0.00295027229 0.002371998969 0.002021720167 0.001746578841 0.001730168005 0.001664970419 0.001614557346 0.001349847182 0.001298543881 0.001286694896
358,frag@173.08 loss@29.03 loss@99.11 loss@161.09 loss@203.02 loss@85.1 frag@199.05 loss@140.09 loss@131.09 loss@330.07 loss@81.08 loss@151.11 loss@210.96 loss@172.16 loss@138.1 loss@228.01 loss@57.02 loss@158.04 loss@97.09 loss@158.1,0.4809725285 0.1074727103 0.107184276 0.08609590679 0.05861334503 0.05606333166 0.01389998477 0.003805626184 0.003292917041 0.003117338289 0.002625289839 0.002445047256 0.002263439121 0.002064332832 0.002062166575 0.00195626705 0.00172546145 0.001631740597 0.001621015253 0.001597257098
359,frag@243.1 frag@252.09 loss@244.17 loss@275.09 loss@100.0 loss@344.2 loss@137.09 frag@255.1 frag@195.03 frag@198.07 loss@355.11 loss@220.94 frag@161.12 loss@133.11 frag@298.08 loss@143.05 frag@294.16 loss@254.18 loss@269.09 loss@126.0,0.195706144 0.14917247 0.1462372243 0.03492477909 0.01855078153 0.01542087737 0.01318685524 0.01082179695 0.009466560557 0.009192664176 0.008470226079 0.007231080439 0.006195250433 0.006170071661 0.006087313406 0.005757493433 0.005268512294 0.005204409827 0.00507897418 0.004864413291
360,frag@104.05 loss@108.06 loss@141.05 loss@147.03 loss@168.06 loss@86.02 loss@140.02 loss@188.94 loss@88.04 frag@158.05 loss@112.03 loss@103.01 loss@144.06 loss@87.02 loss@102.01 loss@106.02 loss@141.02 frag@132.04 frag@144.07 loss@98.01,0.4784018397 0.1074432135 0.08672634512 0.08592236042 0.06109157205 0.05187752098 0.01822920889 0.01223974954 0.004658924416 0.00437411014 0.00389568531 0.003875253024 0.003556973301 0.002870548284 0.002652242081 0.002522878116 0.002317500068 0.002038103528 0.001964490162 0.001955168787
361,frag@68.01 frag@57.04 frag@43.03 frag@156.06 loss@139.11 frag@126.03 loss@111.08 loss@84.03 loss@95.06 loss@369.18 loss@114.09 loss@86.05 frag@55.03 loss@124.12 loss@179.97 loss@44.06 loss@344.1 loss@109.04 loss@45.99 loss@163.02,0.131279707 0.08982361853 0.07200377434 0.03707023337 0.02936766483 0.02396561019 0.01811509579 0.01536059938 0.01506313868 0.01160850842 0.01036824659 0.01003132481 0.008874425665 0.00833560247 0.00810937956 0.007969195023 0.006949403323 0.006857144181 0.006665226538 0.00488079479
362,frag@171.1 loss@257.1 frag@239.13 loss@278.05 frag@95.04 loss@286.02 frag@135.01 frag@56.01 loss@288.1 frag@82.99 frag@314.1 loss@279.04 frag@201.03 frag@223.97 frag@256.16 frag@86.02 loss@267.19 loss@353.14 frag@124.99 frag@120.05,0.05425367504 0.05406955257 0.0519178398 0.04466990009 0.02862115949 0.02776342817 0.01428085193 0.010498574 0.0100493608 0.008271304891 0.008219226263 0.008082931861 0.00722264871 0.006933894474 0.006761447992 0.006721843034 0.006431590766 0.006410317961 0.006399992853 0.006149807945
363,frag@94.03 loss@217.08 frag@159.02 loss@265.07 loss@210.01 loss@226.99 loss@281.05 loss@179.01 loss@152.09 loss@273.05 frag@149.11 loss@219.05 loss@318.08 frag@181.04 loss@241.06 frag@151.09 loss@338.13 loss@220.07 frag@187.05 loss@240.05,0.3414922357 0.1507267207 0.1232735589 0.0731517151 0.06760655344 0.0400890708 0.03793989867 0.02341644093 0.01200126205 0.009180852212 0.004468555097 0.004193087108 0.003949885257 0.003830974456 0.003688304918 0.003629339393 0.002746085636 0.00242992444 0.002194428584 0.002180331387
364,loss@216.11 frag@143.06 frag@147.09 loss@269.06 loss@256.08 frag@55.04 loss@238.07 frag@168.06 frag@170.05 loss@172.06 frag@91.02 frag@171.06 loss@269.1 frag@273.13 frag@239.1 loss@174.07 frag@152.07 loss@313.11 frag@160.09 frag@229.06,0.2022490501 0.09545492381 0.0746081993 0.05113076419 0.03260882944 0.02952670865 0.02816434205 0.02436126582 0.01874778047 0.01637822762 0.0157354027 0.01531555317 0.01521836407 0.01230770629 0.008442610502 0.007781056687 0.006307473406 0.00578379631 0.005549841095 0.005410210695
365,loss@284.14 frag@71.07 frag@250.07 loss@197.12 loss@320.13 frag@69.07 frag@249.07 loss@283.16 frag@58.06 frag@167.12 loss@307.16 loss@316.15 loss@265.12 loss@310.14 loss@268.18 frag@276.12 frag@86.1 frag@129.1 loss@236.15 loss@257.06,0.1317297518 0.1168654263 0.106478855 0.09005284309 0.02636945248 0.02465090156 0.02388641424 0.02288002335 0.02231245488 0.01862310059 0.01036495436 0.00978071522 0.009326266125 0.009048210457 0.008892694488 0.007790110074 0.006777194794 0.006603882182 0.006484428886 0.006280526519
366,loss@138.04 frag@44.01 frag@53.0 frag@170.02 frag@138.02 frag@62.02 frag@41.04 loss@117.04 loss@253.07 loss@98.04 frag@141.0 frag@137.11 frag@140.03 frag@122.01 frag@193.13 frag@46.06 frag@157.01 loss@230.04 loss@231.0 frag@154.09,0.459202379 0.1538008898 0.1107363701 0.0939771533 0.06964062899 0.01754463091 0.0116629824 0.005050648004 0.004960561171 0.004538727924 0.002044198802 0.002032951917 0.002025914611 0.001807013992 0.001404247247 0.001398224384 0.001267009182 0.001239164849 0.0009917914867 0.0008967780741
367,frag@147.06 loss@260.06 frag@216.1 frag@145.08 loss@170.05 loss@133.02 loss@152.02 loss@212.07 loss@145.09 loss@227.11 loss@256.02 frag@128.05 frag@118.06 loss@198.08 frag@258.09 frag@187.12 frag@134.06 loss@269.12 loss@168.07 frag@229.13,0.2288471907 0.1057942137 0.06543900818 0.03782518208 0.02951007895 0.02839299291 0.02714181691 0.02516732365 0.02125535347 0.02084769867 0.01054525934 0.009043393657 0.008986916393 0.007967961021 0.005983814597 0.005902409554 0.005741854664 0.005704423878 0.005451444071 0.005240277387
368,frag@47.0 frag@222.05 loss@284.1 frag@249.08 frag@232.06 frag@211.09 frag@153.98 loss@330.07 frag@126.03 loss@129.05 frag@190.08 loss@44.05 loss@276.02 loss@205.93 frag@213.06 frag@185.08 loss@215.99 loss@139.11 loss@184.18 loss@111.11,0.1060846597 0.05548457801 0.04753302783 0.04299636185 0.03834090009 0.02770100906 0.0152001502 0.01168957818 0.01054221019 0.009758675471 0.009741836227 0.007020596415 0.006530511193 0.006017095409 0.005530572496 0.005342496559 0.004806625657 0.004727910738 0.004494698253 0.004286323674
369,frag@109.04 frag@110.99 frag@127.05 loss@209.12 loss@205.07 loss@204.13 loss@194.05 loss@194.12 loss@206.05 loss@196.1 loss@237.12 loss@222.15 loss@207.04 loss@202.97 frag@166.1 loss@192.07 loss@193.03 loss@211.07 loss@209.03 loss@235.05,0.2851813734 0.1268057972 0.04171573743 0.03753829747 0.03457181156 0.03280718625 0.02707084827 0.02630054578 0.02155240253 0.01984451525 0.01772645861 0.01696355641 0.01598327234 0.01561990287 0.01489336602 0.01337507088 0.01255949307 0.01237086207 0.01199285872 0.01067399606
370,frag@171.06 frag@143.06 frag@177.07 frag@189.07 frag@186.07 frag@158.07 loss@159.08 loss@188.07 loss@148.06 frag@189.08 loss@129.09 loss@132.07 loss@139.05 loss@155.05 loss@96.07 loss@137.1 loss@196.04 frag@178.01 loss@158.12 loss@256.08,0.07904855162 0.07326123118 0.06999026984 0.06204615533 0.05624573305 0.05425694212 0.04490230978 0.03993397206 0.03980317712 0.03500232846 0.03234568611 0.03073000908 0.02661434561 0.0265641883 0.02586221136 0.0254390724 0.02074930444 0.01949232258 0.01808599569 0.01669799536
371,frag@137.07 loss@164.1 loss@222.12 loss@160.97 loss@172.03 loss@194.07 loss@262.22 loss@165.12 loss@192.07 loss@180.13 loss@178.11 frag@155.08 loss@191.05 loss@177.1 loss@192.1 frag@109.05 loss@260.05 loss@164.11 loss@190.09 loss@259.16,0.4949221015 0.3695847392 0.04545091838 0.02591123432 0.01719941013 0.008669547737 0.006981193554 0.005693789106 0.002961220918 0.001951946178 0.001747338683 0.001559557393 0.0005074861692 0.0004829300451 0.0003752614721 0.000372968585 0.0003558468597 0.0003414468665 0.0003333381901 0.00032289917
372,frag@234.13 loss@271.17 frag@191.1 frag@206.17 frag@208.03 loss@207.17 loss@153.1 loss@302.11 loss@310.11 frag@276.11 loss@303.16 frag@270.13 frag@341.16 frag@259.05 frag@308.09 loss@318.08 frag@284.16 frag@228.93 frag@191.01 loss@167.12,0.09413976222 0.07475699484 0.01686223969 0.01602892391 0.01422339212 0.01392094605 0.01367755886 0.01348682866 0.01300104335 0.01212744229 0.0114985304 0.01090251002 0.01085726079 0.01023555547 0.009709043428 0.009588717483 0.00940128509 0.008863500319 0.008015397936 0.007904089987
373,frag@173.07 loss@230.11 loss@202.11 frag@161.11 frag@171.09 frag@146.06 frag@185.11 loss@233.1 frag@159.09 loss@160.1 frag@157.08 loss@62.02 frag@191.08 loss@174.07 frag@132.08 frag@173.11 loss@259.1 frag@148.1 frag@130.07 frag@201.07,0.3210513592 0.2588538826 0.2001359314 0.1266968548 0.008334167302 0.007013134658 0.005137675907 0.003198623192 0.002718666568 0.002628913615 0.002514518565 0.002335944213 0.002127711894 0.002016911749 0.001997695072 0.001715616323 0.001673977124 0.001560820849 0.001410853467 0.001283861813
374,loss@275.09 frag@242.05 loss@216.12 frag@251.11 loss@257.08 loss@261.04 loss@265.03 frag@181.12 frag@296.1 frag@174.13 frag@342.17 frag@209.13 frag@302.14 frag@254.02 frag@136.94 frag@356.18 frag@348.06 frag@161.12 frag@192.1 frag@389.22,0.1646259278 0.09922847152 0.05849955976 0.05775946379 0.03852274641 0.02651740983 0.01938227937 0.01933364384 0.0180498343 0.01603197493 0.01354409754 0.0127933789 0.009642243385 0.008671207353 0.007505241781 0.007466569077 0.00686203409 0.006222485099 0.005760222208 0.005491873715
375,frag@56.05 frag@82.06 loss@223.13 loss@183.11 frag@84.08 loss@263.15 loss@251.15 loss@196.12 loss@280.15 loss@209.13 frag@112.08 loss@251.13 frag@110.1 frag@83.07 loss@264.16 loss@251.12 loss@259.0 loss@122.1 loss@287.11 frag@84.09,0.2061389238 0.1487855911 0.09075760096 0.05358811095 0.05034337938 0.04061137885 0.03591687977 0.02676635794 0.02443392575 0.02357922867 0.02212078311 0.0209104903 0.01237254683 0.009102642536 0.008654185571 0.008155776188 0.008124352433 0.007790924516 0.006455565803 0.006096625235
376,frag@204.15 frag@227.08 loss@312.21 loss@248.03 frag@250.13 loss@76.09 loss@222.97 loss@223.95 frag@266.11 frag@258.06 loss@50.0 loss@457.19 loss@170.18 loss@75.08 frag@234.16 loss@155.99 loss@301.04 frag@255.15 loss@269.04 loss@360.08,0.2229152322 0.02126839571 0.01021063048 0.00757114822 0.007551883813 0.007466624491 0.00656615058 0.005177028012 0.003904873505 0.003771304851 0.003771140706 0.003535129596 0.003271194408 0.003226378234 0.003192278789 0.002901364118 0.002778266091 0.002604851034 0.002598765306 0.002378242789
377,frag@53.04 loss@285.07 loss@129.03 frag@81.03 loss@261.08 loss@259.02 loss@287.03 loss@162.06 loss@309.13 loss@120.03 loss@288.16 loss@271.05 frag@106.04 loss@198.01 loss@114.03 loss@236.04 frag@150.09 loss@253.09 loss@254.04 frag@345.17,0.4218081832 0.1515376121 0.07179111242 0.02084455825 0.01809893176 0.01293563657 0.0129045248 0.01049665827 0.01038593054 0.009468833916 0.009381421842 0.008489321917 0.008172863163 0.007755044382 0.00768174557 0.007524299901 0.00602552155 0.005683416501 0.005278977565 0.005181539804
378,frag@227.08 loss@137.09 loss@285.17 loss@300.1 loss@166.14 frag@214.0 loss@292.05 frag@319.15 loss@344.2 loss@299.16 loss@302.03 frag@364.1 frag@330.17 frag@212.13 loss@144.14 loss@369.14 loss@363.17 frag@210.98 frag@356.2 loss@244.17,0.04156677797 0.01994328201 0.01654037461 0.01600700617 0.01277217455 0.01138366107 0.009614995681 0.008296485059 0.008052713238 0.007677023299 0.007294320036 0.006903144065 0.006577672902 0.006500780117 0.006464184262 0.006091390271 0.006069031078 0.005975733977 0.00570945302 0.004963773303
379,frag@44.05 loss@247.13 loss@243.08 loss@257.15 frag@70.06 loss@246.06 frag@98.1 frag@110.1 frag@96.08 frag@100.08 loss@249.12 loss@263.13 loss@266.13 loss@251.08 frag@168.14 frag@84.08 loss@290.16 loss@262.15 loss@298.13 loss@237.15,0.223647207 0.05559078231 0.04844379053 0.03631789237 0.03576707095 0.03488237038 0.03096315265 0.03062291257 0.02893766947 0.02555440739 0.02537298761 0.01791331731 0.0165599063 0.01584908366 0.01381902955 0.01338247303 0.01237196382 0.01224649884 0.01110599004 0.009652235545
380,loss@223.16 frag@205.11 loss@187.16 frag@206.04 loss@419.21 frag@68.02 frag@238.11 frag@247.11 loss@317.15 frag@235.1 loss@178.15 frag@232.11 loss@22.0 frag@239.11 frag@224.11 loss@115.09 loss@169.16 frag@263.07 frag@324.15 loss@289.19,0.02914962173 0.02561669052 0.0236689765 0.02270214446 0.02160682529 0.02097227611 0.0201895088 0.0190414656 0.01707559079 0.01651601866 0.01533030253 0.01466073748 0.01441330276 0.01410931535 0.01336069964 0.01199558564 0.01169792376 0.01149674878 0.01130717993 0.01119598933
381,frag@121.1 frag@147.12 frag@107.09 frag@95.09 frag@133.1 frag@109.1 frag@135.12 frag@161.13 frag@123.12 frag@157.1 frag@93.07 frag@159.12 frag@187.15 frag@145.1 frag@81.07 frag@125.1 frag@111.08 frag@189.16 frag@173.1 frag@175.15,0.02331512608 0.0215680059 0.02129827999 0.02092772722 0.01926043071 0.01735728979 0.01677619107 0.01656587049 0.01603782736 0.01522886008 0.01372577157 0.01369050145 0.01037901267 0.01032287348 0.009403978474 0.008395247161 0.007919095457 0.00771428505 0.007616714574 0.007589675486
382,loss@183.03 frag@180.06 frag@162.12 frag@159.01 frag@261.05 frag@303.09 frag@228.07 frag@292.08 frag@262.07 loss@205.04 loss@178.99 frag@211.09 loss@143.03 frag@249.08 loss@111.11 loss@50.04 loss@124.09 frag@248.08 loss@211.18 loss@97.1,0.1154077128 0.1070130691 0.07032050192 0.02749799006 0.02006505616 0.01942599379 0.01107385661 0.009872500785 0.009619968012 0.009445898235 0.009097850882 0.008789447136 0.007026038598 0.006735665258 0.006079770159 0.005883337464 0.005656931084 0.004906023853 0.004792904947 0.004641098902
383,loss@160.04 loss@94.01 frag@190.08 frag@279.08 frag@267.06 frag@282.09 frag@297.12 loss@118.07 frag@228.07 frag@303.11 frag@248.08 loss@97.08 frag@213.06 loss@112.07 loss@99.06 frag@244.09 loss@73.07 loss@56.05 frag@284.11 frag@342.1,0.1163617224 0.1073263288 0.0456722714 0.04456613585 0.03778306022 0.02706338465 0.02531878464 0.0231054239 0.01658060215 0.01193461195 0.01166110486 0.01125623938 0.01009202749 0.00971954409 0.008534751832 0.008293245919 0.007250543684 0.006952785887 0.006255630404 0.005573884118
384,frag@87.09 loss@232.13 loss@284.13 loss@282.11 frag@101.11 loss@172.09 loss@258.15 loss@174.1 loss@310.14 loss@236.11 loss@199.14 loss@342.18 frag@234.11 loss@306.15 frag@134.1 loss@435.14 frag@113.07 loss@226.13 frag@175.11 frag@73.06,0.356087476 0.067402035 0.06154631823 0.06133830547 0.06088355184 0.04610718787 0.04217786714 0.03916526958 0.03552586213 0.03509476781 0.01462581102 0.01405145414 0.01160688139 0.01046703011 0.009423458949 0.006039048079 0.004647228867 0.004409275018 0.004270572681 0.003625856945
385,loss@232.09 frag@228.11 loss@289.11 frag@223.01 frag@288.11 frag@244.11 frag@159.09 frag@221.09 frag@174.06 frag@210.13 frag@198.08 loss@259.11 frag@286.12 frag@330.12 frag@276.11 frag@257.11 frag@256.1 frag@203.13 frag@173.11 frag@217.1,0.403801918 0.1715172231 0.071467489 0.07054650784 0.06990618259 0.05026105046 0.02641233616 0.00902055297 0.008565627038 0.008037022315 0.005747186951 0.005549639929 0.003958324902 0.003760046558 0.003732646583 0.002678042976 0.002545166994 0.002025122521 0.001899389899 0.001812102855
386,frag@190.1 loss@218.12 frag@189.08 loss@213.13 frag@158.07 loss@176.09 loss@217.12 frag@159.06 loss@188.07 loss@198.15 frag@161.09 frag@186.1 loss@303.14 loss@193.08 loss@179.11 loss@175.11 loss@190.12 frag@200.12 loss@165.09 loss@170.15,0.2806878984 0.1586252153 0.07433794439 0.05983653292 0.04172164202 0.02617761679 0.02341298014 0.02188025787 0.02011948451 0.01965988427 0.01954253577 0.0136947576 0.008048878983 0.006816840731 0.005766038317 0.005238185171 0.004577583633 0.004270157311 0.004213904031 0.004169702996
387,loss@170.07 frag@238.05 frag@223.03 frag@258.1 frag@213.07 loss@95.99 frag@211.04 frag@285.09 frag@221.11 frag@217.04 loss@159.07 loss@194.02 frag@170.07 frag@187.06 loss@60.04 frag@143.12 frag@189.07 frag@130.04 frag@247.07 frag@207.13,0.4571590126 0.1341470629 0.1170377433 0.07005337626 0.02006481029 0.0128033543 0.01148093212 0.008464677259 0.007810365874 0.007707389537 0.007472839672 0.006910739467 0.00348763587 0.003309827298 0.003230638336 0.002782201162 0.002778642811 0.00235229847 0.002268932993 0.00225521042
388,frag@56.01 loss@300.1 loss@324.14 loss@244.11 loss@276.05 frag@168.12 loss@79.04 loss@213.16 loss@272.03 loss@195.15 loss@251.16 loss@288.1 loss@404.12 frag@157.98 loss@256.14 loss@257.1 frag@337.13 frag@174.08 frag@299.1 loss@287.14,0.1754243523 0.03851111978 0.009800850414 0.0063040643 0.006204417441 0.005436271895 0.005112650804 0.004936719779 0.004247993696 0.00419859495 0.004086712841 0.003606061218 0.00348977535 0.003458695952 0.003039403819 0.00293267169 0.002886301372 0.002783132251 0.0025170804 0.002265499206
389,frag@202.06 frag@203.04 loss@249.18 loss@169.01 loss@202.15 loss@301.05 loss@180.14 loss@188.14 loss@301.03 frag@139.06 loss@259.14 loss@166.12 loss@302.07 loss@213.04 loss@285.06 loss@129.13 loss@256.08 loss@303.1 loss@182.12 loss@204.14,0.3151493073 0.154027164 0.08391649276 0.06339963526 0.04635533318 0.04603650421 0.03295601159 0.01781539991 0.01332197338 0.009115938097 0.007498793304 0.007261151448 0.007236541249 0.006787250284 0.00466856081 0.004025353119 0.003709807526 0.003677657107 0.003646487137 0.003263466526
390,frag@148.08 frag@150.09 loss@234.14 loss@216.1 loss@189.08 loss@233.12 loss@262.13 loss@225.11 loss@258.11 loss@260.12 frag@178.12 loss@288.11 loss@209.11 loss@267.12 loss@259.13 frag@106.06 loss@192.09 loss@187.07 loss@208.1 frag@138.09,0.2948357463 0.161840409 0.07206621021 0.07142169774 0.05298041925 0.05011580512 0.04818211123 0.0299418997 0.02676878311 0.02666833811 0.02567999065 0.02555737644 0.02530727163 0.003520118305 0.003237508237 0.002647519344 0.002618575701 0.002359498758 0.002344314009 0.002325792564
391,frag@159.08 loss@176.08 loss@198.07 loss@171.95 loss@225.12 loss@185.03 loss@186.04 frag@215.07 loss@351.02 frag@310.12 loss@356.11 loss@270.13 loss@215.1 frag@169.03 loss@92.06 loss@364.16 loss@414.12 frag@145.06 loss@328.2 loss@376.13,0.4968979359 0.2549028695 0.2050813437 0.02531751245 0.0007569189183 0.0007315210532 0.0005151696387 0.0005149322096 0.0005085766315 0.0004882398935 0.0003521376348 0.0003131325939 0.0002621975727 0.0002559522691 0.0002399650839 0.0001867045357 0.0001821962942 0.0001812595146 0.000160567768 0.0001577516086
392,frag@140.05 loss@211.1 loss@185.07 loss@144.05 loss@161.02 frag@152.05 loss@249.08 frag@154.06 loss@174.04 loss@143.06 loss@253.14 loss@197.08 frag@323.11 loss@226.12 loss@219.06 loss@159.07 loss@94.03 loss@224.09 loss@244.1 loss@210.15,0.4909467697 0.2183910757 0.1347374022 0.09456067532 0.03390191868 0.004144892562 0.001955916872 0.001615056652 0.001473175595 0.001257270924 0.0009170555859 0.0008381934604 0.0006849140045 0.0005844188854 0.0005476589431 0.0005131118232 0.000421192497 0.0004040398635 0.0003943815536 0.0003717308282
393,frag@176.04 loss@304.1 loss@274.09 loss@124.13 loss@292.14 loss@334.11 frag@328.14 frag@253.06 frag@184.96 loss@288.05 frag@194.06 frag@213.99 loss@393.15 frag@293.15 loss@305.17 loss@117.09 frag@224.16 frag@268.1 frag@503.34 loss@252.13,0.2214924097 0.1084359884 0.0934952274 0.06120378897 0.04476578161 0.04287885875 0.03096008673 0.03056733496 0.02923165821 0.02752831206 0.02560432442 0.01582921855 0.00960457325 0.006845210679 0.006642445456 0.006050802302 0.005430128425 0.00538567733 0.00521714054 0.004879584536
394,frag@137.09 frag@163.1 loss@198.15 loss@255.14 frag@201.11 frag@190.13 frag@175.1 frag@136.09 loss@164.11 frag@148.09 loss@141.01 loss@237.04 loss@233.16 frag@165.11 loss@146.1 loss@151.08 frag@176.09 loss@295.13 loss@165.1 frag@162.1,0.1336473376 0.1173843145 0.06549632549 0.03481487185 0.03408515826 0.0226929225 0.02189171314 0.01805042662 0.01698230579 0.01450659521 0.01363281533 0.01243118197 0.009991774336 0.009696848691 0.008092426695 0.00791206304 0.007830767892 0.007489404641 0.007288635243 0.007249601651
395,loss@156.05 frag@144.1 frag@154.01 frag@315.14 frag@256.15 frag@179.06 frag@207.06 frag@80.02 frag@174.04 frag@165.04 frag@207.04 frag@100.02 frag@237.03 frag@217.14 frag@149.05 frag@283.07 frag@170.08 frag@287.15 loss@0.04 frag@168.05,0.4771952033 0.1367316544 0.1052221283 0.09132619947 0.03247076273 0.03205019608 0.006738053635 0.002554322593 0.002008110285 0.001982847927 0.001739171101 0.00159784779 0.00157247833 0.001562755089 0.001457934733 0.001405101968 0.001395258005 0.001358006615 0.001278468058 0.001117273467
396,frag@67.05 loss@180.12 loss@246.13 loss@226.16 loss@196.15 loss@232.18 frag@97.06 frag@85.06 loss@276.13 loss@248.14 loss@236.17 frag@81.07 frag@123.12 frag@263.09 loss@293.15 loss@265.13 loss@194.13 loss@311.12 loss@208.02 loss@266.1,0.3808915019 0.1210840791 0.07880519331 0.05540588871 0.04231369123 0.03414740786 0.02680871449 0.02189557999 0.01528773643 0.01499115955 0.01371092442 0.01040556282 0.009756700136 0.008752632886 0.00623777695 0.005469981581 0.005468135234 0.005276508164 0.005219786428 0.004693023395
397,frag@137.06 frag@163.06 loss@270.09 loss@253.13 loss@282.1 loss@292.12 loss@234.13 loss@230.1 loss@286.09 loss@282.09 loss@329.11 loss@101.12 loss@136.13 frag@351.09 loss@238.2 frag@339.09 loss@341.13 loss@326.12 loss@265.1 loss@327.12,0.2810327113 0.1489965022 0.04986455664 0.03740952909 0.03404166549 0.03219964355 0.02757309005 0.02543955669 0.0225356631 0.01838912629 0.01607874781 0.01502550859 0.01324746478 0.01234479621 0.01227476541 0.01111006737 0.009942029603 0.00969832018 0.007576044183 0.006799014751
398,loss@210.09 frag@163.08 frag@177.06 loss@287.08 loss@215.1 loss@335.09 loss@171.96 loss@336.08 frag@249.13 frag@143.09 loss@266.19 frag@142.08 frag@163.04 loss@308.16 loss@280.16 frag@278.07 frag@227.09 loss@181.13 frag@165.09 loss@173.01,0.4463842511 0.3519181311 0.1142262518 0.008305458352 0.004503411241 0.004275503568 0.003406957258 0.003387641162 0.003178881714 0.003051176202 0.002900292864 0.002570247278 0.002241801005 0.002178633818 0.001663769246 0.001474375022 0.001460638712 0.001446488313 0.001392810489 0.00124580157
399,loss@28.03 loss@46.04 frag@229.09 frag@272.13 frag@293.13 frag@298.06 frag@239.02 frag@288.04 frag@72.98 frag@282.14 frag@218.08 frag@237.0 frag@370.2 frag@315.09 frag@305.07 frag@255.17 frag@306.17 frag@212.97 frag@273.14 frag@329.11,0.2631619871 0.2063930035 0.07803165913 0.03487336263 0.02660154924 0.02461001277 0.01771666668 0.01679622941 0.01417706441 0.01283195894 0.01121331286 0.01005465444 0.009443780407 0.008289875463 0.00656875968 0.005692730192 0.005447890144 0.004967987537 0.004699004814 0.004644609522
400,loss@166.08 frag@165.07 frag@212.04 loss@151.1 frag@168.1 loss@187.13 loss@130.12 loss@226.18 frag@285.13 loss@198.15 frag@71.06 loss@97.03 frag@196.11 loss@19.04 loss@356.09 loss@241.13 loss@250.12 frag@167.09 frag@205.02 loss@297.16,0.07664375007 0.07539620996 0.04752609134 0.04690078273 0.02832780033 0.0183317177 0.01782143861 0.01281697303 0.0122176921 0.01198679022 0.01175346132 0.01119760051 0.01090071723 0.01080310624 0.009548028931 0.009078086354 0.00808415655 0.008061259054 0.007444802206 0.007210970856
401,frag@57.04 frag@142.03 loss@322.09 frag@156.06 loss@171.98 loss@179.97 loss@233.04 frag@190.03 frag@55.03 frag@100.5 loss@446.19 loss@156.15 loss@153.15 loss@110.98 loss@316.17 loss@170.99 loss@172.04 loss@212.02 frag@283.08 loss@62.05,0.2198569775 0.1341441274 0.04735996574 0.01646414772 0.01236008946 0.009232750162 0.008758482523 0.006936501712 0.006034663878 0.005884462968 0.004463674501 0.004284293856 0.003735199338 0.003505924717 0.003400840331 0.003344512079 0.003150132252 0.002877332037 0.002817634493 0.002640655031
402,loss@239.11 frag@205.13 frag@179.0 frag@301.09 frag@184.99 frag@216.13 loss@236.16 loss@322.14 frag@167.08 loss@257.06 frag@197.16 frag@165.04 frag@87.03 frag@206.03 frag@157.03 loss@226.09 frag@309.2 frag@46.35 frag@228.96 frag@146.01,0.3526016474 0.1179935783 0.0561904572 0.04320479184 0.03470755368 0.03021869995 0.0258172527 0.02241707221 0.01000953093 0.007532964461 0.005626045633 0.005621985532 0.005360332318 0.004650404677 0.003825486638 0.003601023695 0.003573977388 0.003515029792 0.003387338249 0.002900791587
403,frag@188.05 loss@262.09 loss@198.02 loss@189.97 loss@191.99 loss@336.18 loss@250.09 loss@252.03 loss@267.98 loss@183.14 loss@62.05 loss@206.18 loss@139.07 loss@186.11 loss@148.07 loss@208.17 loss@180.0 frag@171.03 loss@282.03 loss@339.18,0.4692993164 0.1470094621 0.08528059721 0.04207587615 0.02539796568 0.01351121068 0.006937209051 0.006688904483 0.005196641199 0.004340772051 0.002698278753 0.002678143792 0.002326410264 0.002267649863 0.002170753432 0.002151235007 0.002002750058 0.001936528133 0.001853691763 0.001848917804
404,frag@57.06 loss@263.08 loss@296.08 frag@228.09 loss@284.11 loss@256.06 frag@88.04 loss@247.06 loss@284.08 frag@60.04 loss@292.14 frag@84.07 loss@243.08 loss@223.17 loss@324.13 loss@339.09 loss@230.04 loss@345.1 loss@199.0 frag@168.14,0.319185853 0.09574142098 0.06244204938 0.05927521363 0.05055236071 0.0465323925 0.03512831405 0.01999705844 0.01972298324 0.01780771464 0.01641324721 0.01223665848 0.008193208836 0.006223092321 0.005888692103 0.005329552107 0.005244423635 0.005231116433 0.004605002701 0.00458874274
405,frag@138.09 loss@248.12 frag@166.09 loss@250.14 frag@183.11 loss@257.09 loss@325.11 frag@275.18 loss@220.09 loss@251.15 loss@225.14 frag@55.02 loss@256.09 loss@247.1 loss@289.14 loss@296.12 loss@247.09 loss@259.1 loss@265.08 loss@227.15,0.3086779714 0.2499809563 0.1134923995 0.1044355929 0.04423258454 0.03389622271 0.01822672412 0.006082303356 0.004939013626 0.004887429997 0.004799952265 0.002954616677 0.002788816113 0.002781755757 0.00262734131 0.002514350927 0.002355420962 0.002338866005 0.00208634953 0.001815459807
406,loss@115.06 frag@100.02 loss@144.09 loss@143.06 loss@142.07 frag@204.07 frag@138.0 frag@166.0 frag@131.0 frag@74.1 frag@228.05 frag@73.01 frag@145.02 frag@71.03 frag@315.02 frag@286.09 frag@303.15 frag@336.08 loss@109.13 frag@157.09,0.2138947695 0.1243561134 0.08543938398 0.08426652849 0.07720381021 0.06780152768 0.03220948949 0.0305554159 0.01538130734 0.01343603246 0.01307181083 0.01174407639 0.01067766547 0.01050493773 0.01031879336 0.009796936996 0.007066436112 0.00597853912 0.005302540492 0.005227280781
407,frag@332.16 frag@343.1 loss@146.12 frag@265.13 frag@231.08 frag@171.1 frag@260.16 frag@260.09 frag@241.03 frag@202.15 loss@220.06 loss@257.1 loss@75.99 frag@298.12 loss@251.03 loss@368.14 loss@134.1 loss@104.08 loss@66.02 loss@212.0,0.02720906585 0.02010357939 0.01885662973 0.01884019561 0.01716178656 0.0171430409 0.01511388458 0.01501149125 0.009216140024 0.007529573049 0.006613128819 0.006360172294 0.0059345318 0.005858581979 0.005060944241 0.005040021613 0.004261352587 0.00425226707 0.004225989338 0.00389965158
408,frag@102.05 loss@140.11 frag@182.06 loss@126.09 loss@227.99 loss@138.12 loss@153.13 loss@84.03 loss@72.04 loss@176.98 loss@131.13 loss@211.99 frag@234.12 loss@127.07 loss@269.04 loss@134.09 loss@104.07 loss@249.04 loss@151.09 loss@127.11,0.3836258054 0.1758933216 0.04384816065 0.02329780161 0.01381353755 0.01126380265 0.009678949602 0.008269604295 0.006799374707 0.006275076419 0.005508165807 0.005202890839 0.004815642722 0.00458256295 0.004492625128 0.004467618186 0.004259430803 0.004196734633 0.00385836768 0.003704361385
409,frag@62.02 frag@288.1 frag@302.17 loss@156.14 loss@131.11 frag@46.06 loss@108.09 loss@70.07 frag@242.04 loss@82.08 loss@159.03 frag@255.03 loss@281.16 loss@237.97 frag@131.0 loss@231.0 loss@138.04 loss@253.07 loss@123.07 loss@98.04,0.1654662043 0.04311050847 0.0394141227 0.03725187108 0.03068214655 0.02029449493 0.01988231577 0.01801137067 0.01705140434 0.01493736356 0.01462473348 0.01386417449 0.01343593094 0.01204281021 0.01200545952 0.01179589052 0.01040076651 0.009725973941 0.009234617464 0.008864505216
410,frag@206.09 loss@206.1 frag@211.02 loss@309.02 loss@247.15 frag@138.03 loss@217.14 loss@125.0 loss@388.18 frag@269.15 loss@167.0 frag@178.11 frag@111.1 frag@272.16 frag@237.14 frag@209.99 frag@284.13 loss@329.04 frag@318.06 loss@273.17,0.06338008493 0.03801538423 0.01869050227 0.006174982991 0.005655921996 0.00510214176 0.005023050588 0.003979985137 0.003638680791 0.003597334493 0.003520738566 0.003396999557 0.003318491625 0.003105816664 0.002823434537 0.002789455233 0.002679350786 0.00263509131 0.002501834882 0.002439874923
411,loss@214.09 loss@185.05 frag@132.08 frag@118.06 frag@131.07 frag@117.06 frag@118.07 frag@130.06 loss@186.03 loss@131.07 frag@160.08 frag@144.08 loss@217.07 frag@142.06 frag@204.1 loss@160.05 frag@103.05 frag@115.05 loss@146.04 loss@166.07,0.1497811079 0.1284223497 0.08020278811 0.0661444962 0.05486584082 0.04939011857 0.04633201286 0.03362073749 0.03034421615 0.02557760105 0.02531338483 0.01639594138 0.01371924859 0.01084836759 0.01081933454 0.01081116777 0.01044448093 0.008453182876 0.007808929775 0.007612556685
412,loss@192.1 frag@108.06 frag@134.07 loss@175.11 frag@136.09 frag@122.07 loss@218.15 frag@165.08 frag@165.11 frag@176.09 loss@190.09 frag@201.11 frag@148.09 frag@149.08 frag@187.1 frag@163.1 loss@202.03 loss@185.1 loss@233.16 frag@231.12,0.3016615212 0.1584606618 0.1177126095 0.06027939171 0.04441865534 0.03413539752 0.0205234699 0.01815446652 0.01361332461 0.01235362887 0.01105817966 0.008264185861 0.007083497941 0.006202589255 0.005953650922 0.005544424057 0.005500587169 0.005423856899 0.004943765234 0.004712308757
413,frag@107.05 loss@206.09 loss@219.09 loss@231.06 frag@125.06 loss@286.11 loss@239.06 loss@274.14 loss@231.07 loss@195.11 loss@195.06 frag@105.07 loss@263.1 loss@220.11 loss@330.1 loss@257.11 loss@227.05 frag@135.08 loss@302.12 frag@79.05,0.4184779823 0.05345975608 0.04010286555 0.03953387961 0.02933277003 0.02770981006 0.0230334457 0.02034152672 0.01920988224 0.01898593642 0.01794787496 0.01079361979 0.01032024994 0.01021471433 0.007806628942 0.007164024748 0.006610543001 0.00619332632 0.006176894531 0.006028008182
414,frag@121.06 loss@189.1 loss@215.12 frag@135.08 frag@121.03 frag@161.1 frag@186.08 frag@151.08 frag@193.1 frag@78.05 frag@136.05 frag@202.12 frag@109.06 frag@141.08 frag@179.07 frag@172.11 frag@177.09 frag@173.09 frag@149.06 frag@236.15,0.3456570804 0.3014019728 0.1883878261 0.04434536025 0.02139443718 0.007041532081 0.00450916402 0.003473695135 0.003372724168 0.003274769289 0.003247231245 0.003239621874 0.002759623807 0.00235100463 0.002274119528 0.002258749446 0.001746340422 0.00159251655 0.001561403275 0.001492723008
415,frag@42.03 loss@196.08 loss@224.1 frag@54.03 loss@113.01 loss@179.02 frag@140.08 loss@204.01 loss@259.03 loss@248.02 loss@107.06 loss@222.02 loss@240.06 frag@56.05 loss@206.05 loss@187.01 loss@281.17 loss@157.04 loss@122.1 loss@143.06,0.3777693808 0.1760835797 0.1202903837 0.08978150785 0.07104249299 0.04155063257 0.02488510311 0.02487493493 0.01555796806 0.005318906624 0.005266312975 0.001906481106 0.0018354567 0.001798690297 0.001291752444 0.001169151044 0.0009931828827 0.0009541477193 0.0009454376996 0.0009063132457
416,frag@94.04 frag@127.02 frag@150.02 loss@130.03 loss@98.05 frag@230.93 frag@119.04 loss@129.02 loss@98.06 loss@48.0 frag@180.98 loss@137.07 loss@99.04 loss@104.03 frag@259.08 loss@112.0 frag@236.05 loss@105.0 loss@91.99 frag@274.1,0.1003271639 0.06010265276 0.0551879108 0.05329404026 0.03459684178 0.02696995251 0.02389122918 0.02366384305 0.0234300755 0.02270920761 0.0215258766 0.01621960476 0.01587176509 0.01581432112 0.01427307166 0.01387090329 0.01362975128 0.01338189561 0.01115915459 0.009922429919
417,loss@190.04 frag@201.05 frag@143.05 loss@191.02 frag@61.01 loss@136.07 loss@147.04 loss@108.02 loss@206.18 loss@77.02 frag@108.02 frag@222.09 loss@127.91 frag@176.06 frag@199.04 frag@228.06 loss@128.0 frag@46.99 frag@180.06 loss@127.09,0.3767164052 0.2815276682 0.1675086915 0.07489853352 0.01901155524 0.01115692686 0.003502800595 0.003153661499 0.003006901126 0.002701661084 0.002130626235 0.001939113718 0.001937620575 0.001554474933 0.001469317009 0.001415357576 0.001323365257 0.001266013249 0.001108195749 0.001106376527
418,frag@84.04 frag@85.09 loss@256.12 frag@164.07 loss@247.1 loss@245.12 frag@92.04 loss@285.12 loss@256.11 frag@241.11 loss@237.11 loss@281.08 frag@84.09 loss@259.02 loss@272.13 frag@99.06 loss@273.11 loss@312.16 frag@58.03 loss@220.09,0.1339101642 0.07319311798 0.05838767067 0.05774220452 0.04863407835 0.03970905021 0.03482783586 0.02397942171 0.02271183394 0.01938795857 0.01298100874 0.01023250725 0.008240533993 0.007612003479 0.007249155082 0.007070044987 0.007047818508 0.00637140777 0.006338405889 0.00622642599
419,frag@86.0 frag@202.09 loss@92.06 frag@77.0 loss@89.04 frag@65.99 loss@92.08 loss@90.98 frag@78.49 loss@80.04 frag@108.49 loss@176.05 loss@108.98 loss@83.06 loss@90.09 loss@130.01 loss@74.01 loss@91.01 frag@248.13 frag@161.02,0.1303194761 0.101083152 0.04383070767 0.03897310793 0.03643513471 0.02928045578 0.02788670361 0.02510824241 0.02312954888 0.01899344474 0.01774974167 0.01772640832 0.01765305549 0.01674155891 0.01274026651 0.01151077263 0.01033341326 0.0101170931 0.009371634573 0.009074295871
420,frag@65.04 frag@90.03 frag@118.05 loss@73.02 frag@51.02 loss@100.03 loss@112.03 loss@71.0 loss@85.02 frag@63.02 frag@117.04 loss@98.01 loss@99.03 loss@67.01 loss@114.04 loss@113.02 loss@82.02 loss@28.0 loss@43.99 frag@92.05,0.137148872 0.07295956463 0.03654439002 0.0319727771 0.03167561442 0.03119640797 0.02956200577 0.02793842182 0.02585136145 0.02411815897 0.023006225 0.0169340875 0.01679288596 0.01673281007 0.01654064283 0.01536915824 0.01407230832 0.01309967134 0.01291745529 0.01219105721
421,frag@252.06 loss@199.96 frag@242.05 loss@293.08 loss@335.09 frag@302.14 frag@296.1 frag@249.14 frag@258.99 frag@136.94 frag@225.09 loss@359.1 loss@142.08 loss@342.04 loss@323.14 frag@267.04 loss@356.1 frag@103.04 loss@206.96 frag@323.16,0.1048098877 0.07188278437 0.05710230395 0.04653865844 0.0463921614 0.03222452104 0.03040267527 0.02621894516 0.01027732156 0.009861910716 0.009540569037 0.009188560769 0.007597126067 0.007347099949 0.00663981773 0.006215690169 0.006198181305 0.006034907885 0.004914184567 0.004357165191
422,frag@110.06 frag@94.06 loss@245.09 frag@122.06 loss@254.08 frag@68.05 loss@233.06 loss@207.05 loss@266.06 loss@280.04 loss@261.15 loss@214.05 loss@251.08 loss@312.17 loss@267.12 loss@119.02 loss@194.11 loss@234.14 loss@236.09 loss@224.06,0.1941085905 0.1077824831 0.07477279752 0.06297830492 0.05124421418 0.04799715802 0.0271584522 0.02671838365 0.02399203926 0.01671435684 0.01465963386 0.008985009976 0.008360937238 0.008009760641 0.007843400352 0.007485937793 0.007373366039 0.00735474145 0.007041044999 0.006886353716
423,frag@151.96 frag@209.11 frag@176.13 loss@192.01 loss@253.98 frag@189.11 frag@87.0 loss@137.11 loss@213.16 frag@150.95 loss@294.01 frag@59.06 loss@184.05 frag@233.02 frag@101.0 frag@206.1 loss@141.07 frag@232.03 frag@299.1 frag@193.03,0.119508408 0.065021649 0.04564481601 0.02823223732 0.01448127162 0.01445778087 0.0133086564 0.01279422641 0.0109320702 0.007790214848 0.007582915947 0.006415919401 0.006072428077 0.005941779353 0.005509898998 0.00422167033 0.004078001715 0.003919434268 0.003707785858 0.003521720879
424,frag@220.05 loss@256.11 frag@217.1 frag@196.0 frag@87.07 loss@280.07 loss@264.11 frag@172.11 loss@290.09 loss@316.12 frag@178.09 frag@159.09 frag@247.05 loss@301.11 frag@110.05 frag@228.11 frag@146.08 loss@335.11 loss@228.09 loss@303.09,0.13704063 0.06119314581 0.05301744491 0.04686029255 0.04623571411 0.04410087317 0.04289454967 0.02190967277 0.02059200592 0.01730901189 0.01682832837 0.00994244311 0.009890675545 0.008421174251 0.007430209313 0.007422999479 0.007115716115 0.005899291951 0.005463461392 0.005388096906
425,frag@137.02 loss@153.0 frag@202.03 loss@171.11 loss@278.07 loss@327.14 loss@175.0 loss@110.0 loss@206.01 loss@328.08 loss@255.02 loss@278.06 loss@81.09 loss@145.02 frag@208.02 loss@257.04 loss@128.0 loss@355.07 loss@288.04 frag@70.04,0.3797813356 0.1054416969 0.07108290493 0.06196570396 0.04350913689 0.01635637134 0.01424950082 0.0142314937 0.01355942991 0.01272160094 0.0124095669 0.0117746722 0.009116784669 0.007858807221 0.007666600402 0.007044649683 0.006553348619 0.005819720682 0.005418454297 0.005298676435
426,loss@265.18 loss@271.09 loss@216.15 frag@84.04 loss@181.1 frag@110.1 frag@98.05 frag@247.14 frag@74.06 frag@85.08 frag@87.08 frag@113.07 frag@175.11 frag@154.04 frag@234.11 frag@67.05 loss@244.15 frag@195.95 frag@144.09 frag@218.12,0.1133630499 0.09441507608 0.07705721259 0.06570778042 0.05525458604 0.04816447943 0.03839717805 0.03266685456 0.02914558537 0.01288459729 0.0114177987 0.01095669717 0.01067725569 0.009358505718 0.009238614701 0.009135328233 0.00804764498 0.007769780234 0.007768595126 0.007151879836
427,loss@239.08 frag@67.05 loss@227.06 frag@81.07 frag@173.55 frag@95.09 frag@97.06 frag@93.07 frag@79.05 frag@83.05 frag@43.02 frag@109.1 frag@107.09 frag@71.05 frag@110.1 loss@215.08 frag@69.03 frag@57.03 frag@132.09 frag@147.12,0.3502548039 0.2238555253 0.1261565536 0.09531995654 0.05296012759 0.02297083847 0.01344604418 0.0127361659 0.007750629447 0.007589961402 0.006896352861 0.006710950285 0.005723622162 0.0044312994 0.003795876401 0.003236822551 0.003214086173 0.003209476359 0.002934714546 0.002374316333
428,frag@95.05 loss@221.05 loss@195.06 frag@77.04 loss@254.05 loss@231.06 loss@182.04 frag@79.05 loss@240.15 frag@111.04 loss@188.05 loss@231.07 loss@257.11 loss@274.14 loss@310.13 loss@236.05 loss@186.06 loss@256.05 loss@273.16 frag@107.05,0.3863927424 0.08727424592 0.0502111502 0.03344382346 0.0318258144 0.02923019975 0.02885127626 0.02162407339 0.01701519452 0.01568401605 0.01456308551 0.01448753476 0.01377564482 0.01346924342 0.01268181391 0.0116735464 0.00999874901 0.009201497771 0.008417654783 0.007766580209
429,frag@179.09 frag@178.08 loss@290.15 frag@215.03 loss@261.17 loss@270.16 frag@210.05 loss@345.16 loss@344.18 loss@290.14 loss@268.07 loss@297.14 loss@208.99 loss@320.19 loss@373.1 loss@350.14 frag@331.17 loss@278.14 loss@298.07 loss@192.12,0.2471511364 0.1620954126 0.04891574755 0.04626751319 0.02771208994 0.02316966839 0.02302264236 0.01728930324 0.01720599085 0.01621131226 0.01504971273 0.01119182818 0.008894891478 0.008311740123 0.007085291669 0.006685725413 0.006392382551 0.005722297356 0.004443683196 0.00419977447
430,loss@205.07 loss@244.1 frag@133.04 frag@216.1 frag@145.08 loss@200.07 frag@147.06 frag@130.03 frag@185.11 frag@220.05 loss@172.1 loss@188.1 frag@210.12 frag@161.07 loss@160.06 frag@141.03 frag@146.08 frag@135.05 loss@224.05 frag@110.99,0.1248858571 0.1101947725 0.1060857773 0.08006171137 0.04360686615 0.03964099661 0.02108081244 0.02059426159 0.02008083463 0.01706925407 0.0169271268 0.01612601243 0.01261040848 0.01087034401 0.01047852635 0.01046589669 0.007682959083 0.007142984774 0.006152692251 0.005836242344
431,frag@189.09 loss@101.12 frag@223.16 frag@71.07 loss@357.13 frag@281.09 frag@276.12 loss@280.08 frag@152.09 loss@329.15 loss@334.11 loss@312.14 loss@268.18 loss@292.15 loss@234.13 loss@19.04 frag@281.08 frag@272.07 frag@127.04 loss@368.17,0.07244308293 0.06501249224 0.04545805976 0.04475739598 0.04366139323 0.04282996431 0.03513379768 0.02452994697 0.02141017281 0.01850925386 0.01506376918 0.0135991089 0.01206957828 0.0108861886 0.01055514999 0.009730492719 0.009154602885 0.008692659438 0.008530277759 0.008415235206
432,frag@203.06 loss@42.01 frag@232.09 frag@182.08 loss@70.04 loss@97.05 frag@217.08 loss@103.03 loss@71.04 frag@264.15 frag@231.1 frag@243.07 loss@145.02 loss@76.02 loss@59.04 loss@229.01 frag@263.12 loss@112.1 frag@305.13 loss@143.11,0.1366788596 0.1239346489 0.1137941778 0.09220325947 0.08720839769 0.08279939741 0.07655065507 0.07247129828 0.07204858214 0.02402239665 0.01213355269 0.0116200177 0.0048585115 0.004347937182 0.003836283926 0.002959766891 0.002605268732 0.002326537622 0.002290997189 0.0022657183
433,frag@69.01 loss@206.02 loss@157.04 loss@138.15 loss@122.03 loss@175.97 frag@94.05 frag@213.03 frag@284.16 frag@206.17 loss@281.06 frag@207.02 frag@150.04 loss@169.07 frag@252.05 loss@273.01 frag@276.11 loss@148.06 loss@199.02 frag@144.02,0.0511829257 0.0433453694 0.03972772509 0.03133991361 0.02869049832 0.02597763576 0.02495222725 0.02070791461 0.0200286191 0.01957262494 0.01641091146 0.0145969158 0.01437287219 0.01364311576 0.01279485319 0.01243781019 0.01206110418 0.01047640294 0.01046221517 0.01014305186
434,frag@53.04 loss@237.1 frag@81.03 loss@247.1 loss@219.07 loss@210.14 loss@261.08 frag@93.03 loss@193.11 loss@221.07 loss@223.08 loss@271.05 loss@254.04 loss@245.11 loss@288.16 loss@213.1 loss@268.1 loss@195.09 frag@114.0 frag@99.06,0.3798407018 0.1800117791 0.08158746362 0.07779868692 0.055964306 0.04689479247 0.02377573401 0.01119191851 0.007454673294 0.00634314958 0.004631126765 0.004045886919 0.003932422493 0.00376328826 0.0035550436 0.003229232971 0.003131674137 0.003085386939 0.003042442724 0.002691678703
435,frag@118.07 loss@249.08 loss@227.09 loss@215.09 frag@118.06 frag@117.06 frag@253.13 frag@104.03 loss@185.05 frag@132.08 loss@287.1 loss@195.02 frag@146.06 frag@145.09 frag@131.07 frag@162.05 loss@262.06 frag@116.05 frag@103.05 frag@171.05,0.1617594957 0.09139021486 0.08318983763 0.07874137908 0.0637164861 0.02656366862 0.02459860593 0.02386630699 0.02171155065 0.01981366053 0.01400229149 0.01299746335 0.01145104878 0.009551390074 0.00902993232 0.008980636485 0.008744295686 0.008155452088 0.007950668223 0.007378526032
436,frag@188.08 loss@160.03 loss@152.03 loss@206.04 frag@231.12 loss@187.07 loss@261.16 loss@193.05 loss@175.04 frag@160.05 loss@192.07 loss@189.09 loss@149.1 loss@201.04 frag@174.07 loss@81.98 loss@164.06 frag@204.12 loss@167.07 loss@169.06,0.4498302937 0.1686962545 0.1185087264 0.1179053858 0.0174175445 0.01629666798 0.007738358807 0.005184815265 0.004699535668 0.004257100169 0.003785142908 0.003068121383 0.002933032345 0.002266037278 0.002154547954 0.002110698959 0.001796246972 0.001786067151 0.001683853916 0.001626875601
437,loss@185.08 frag@147.09 frag@161.07 frag@132.07 frag@147.06 frag@159.06 frag@161.11 loss@205.09 frag@146.08 frag@133.08 loss@214.11 frag@187.12 loss@199.03 frag@131.06 frag@286.12 loss@243.14 frag@145.08 loss@241.12 frag@229.13 loss@150.08,0.3187116981 0.2560766339 0.06671957672 0.02319774777 0.02154251002 0.02077353559 0.01573655009 0.01423408743 0.01237754803 0.008970470168 0.007204862777 0.005743362475 0.005480266642 0.005128420889 0.005098138936 0.004845126066 0.0043743602 0.004220911302 0.004186589736 0.00362444995
438,frag@190.06 loss@110.07 loss@68.04 loss@143.05 frag@270.11 loss@96.07 frag@219.08 frag@335.17 frag@260.18 loss@325.02 loss@192.96 frag@172.05 loss@108.03 loss@173.01 loss@107.08 loss@146.18 frag@297.09 frag@222.1 loss@178.08 frag@116.05,0.3512434363 0.1888274997 0.1267782301 0.07702838629 0.03965346888 0.02503021993 0.01988341659 0.01414658036 0.01038397849 0.009098985232 0.007997766137 0.0079698544 0.007514833007 0.006322332192 0.006001022644 0.005475495011 0.00535295764 0.003903611097 0.002206213074 0.002163401106
439,frag@269.18 frag@224.08 frag@217.07 loss@216.98 frag@226.07 loss@211.98 frag@250.13 loss@369.18 frag@234.16 frag@193.03 loss@272.07 frag@280.06 frag@165.14 loss@221.01 loss@104.99 loss@248.03 frag@256.11 loss@292.14 loss@306.08 loss@325.07,0.09021175653 0.06326606125 0.05231981725 0.02836305834 0.02680957131 0.01382815372 0.01291432139 0.01238969713 0.01056152303 0.00940974243 0.008293003775 0.007058939431 0.006709343754 0.005168894306 0.004694188479 0.004571022 0.004524011165 0.004476411734 0.003877970157 0.003667046316
440,loss@2.02 loss@115.07 frag@322.15 frag@268.12 frag@271.05 loss@82.03 loss@81.04 loss@29.03 frag@333.13 frag@224.09 frag@246.12 loss@217.0 loss@236.02 loss@127.11 frag@158.96 frag@198.03 frag@192.15 frag@279.08 loss@118.02 frag@328.08,0.1469965577 0.0980168581 0.05391462147 0.04367259517 0.04023822024 0.03987236694 0.02304763161 0.01521726325 0.01327392831 0.01297838893 0.01058079954 0.01048046816 0.00991247315 0.008848953061 0.008161304519 0.007648703177 0.006925061811 0.006530494895 0.006452612579 0.005950666498
441,loss@120.08 frag@253.11 frag@262.11 loss@98.08 frag@229.04 loss@142.09 frag@262.1 frag@116.0 loss@101.1 loss@88.09 frag@236.06 loss@102.1 frag@276.1 frag@157.05 loss@144.12 frag@251.13 loss@173.97 loss@128.14 loss@88.08 frag@238.11,0.1140578985 0.09660392255 0.06828653812 0.06349331886 0.05656015873 0.04984598234 0.04617027193 0.04284181818 0.03789782897 0.03625324368 0.02711167932 0.01319533028 0.00741265621 0.006400306709 0.006294452585 0.006012348458 0.005752136 0.00534493709 0.005256022792 0.005195746198
442,frag@95.02 frag@113.03 loss@241.11 loss@219.04 loss@213.02 loss@231.03 loss@213.99 loss@184.98 loss@204.08 loss@181.11 loss@247.14 loss@266.11 loss@229.13 loss@274.2 loss@246.15 loss@224.09 loss@247.17 loss@183.99 loss@205.15 loss@169.07,0.3241432309 0.1676681489 0.1314622611 0.1043649018 0.061275132 0.03973514959 0.014643698 0.008222105913 0.008215881884 0.006449076347 0.005403627176 0.004611558747 0.003330516396 0.003287463915 0.002843372989 0.002621697262 0.002483378397 0.002455911832 0.002171832602 0.002087052213
443,frag@234.09 loss@276.1 loss@305.07 loss@223.01 frag@215.03 frag@215.11 loss@81.06 loss@341.21 loss@246.16 frag@260.07 loss@169.0 loss@161.0 loss@115.02 loss@116.03 loss@55.04 frag@85.04 loss@127.05 frag@311.04 frag@317.09 loss@318.16,0.2529899478 0.08467283845 0.04864569381 0.02921731025 0.02774143778 0.02091546729 0.01904593036 0.01856249757 0.01692536287 0.01680885628 0.01625582017 0.01517126244 0.01377784554 0.01093332935 0.009611242451 0.008192630485 0.007307637017 0.006507107057 0.006016954314 0.005361679476
444,loss@228.11 frag@119.07 frag@118.06 frag@133.09 frag@101.95 loss@252.06 frag@178.09 frag@146.1 frag@128.05 frag@146.06 loss@253.05 loss@194.1 frag@164.14 loss@266.09 frag@132.08 frag@156.05 loss@189.08 loss@239.05 frag@182.03 loss@310.12,0.1412635595 0.09850975126 0.0520475097 0.04811409116 0.04592874646 0.03736435249 0.02878094465 0.01757919975 0.01622326672 0.014590648 0.01032213401 0.01028912049 0.009393920191 0.008712615818 0.008281602524 0.00706847338 0.00673619099 0.006459204946 0.006449927576 0.005955289584
445,frag@259.11 loss@234.16 loss@218.99 frag@202.02 loss@109.0 frag@239.13 loss@172.13 loss@270.2 frag@251.1 frag@296.12 frag@138.03 frag@214.03 frag@245.14 loss@278.03 loss@96.11 frag@269.15 loss@78.17 frag@124.0 frag@242.08 frag@130.0,0.1091131419 0.06458300352 0.0606884025 0.05586746708 0.02328807302 0.01878983155 0.01822078228 0.01366306562 0.009548613802 0.009496613406 0.00791206304 0.006051943172 0.005812886171 0.005562591832 0.005489036441 0.005402808078 0.004659622442 0.004291363992 0.004195402376 0.004126208834
446,loss@126.03 frag@129.03 loss@110.02 loss@126.05 frag@185.97 frag@199.03 loss@158.05 loss@98.02 frag@264.07 frag@239.07 frag@309.11 frag@255.06 frag@166.01 frag@212.07 loss@146.02 frag@291.09 frag@258.07 loss@154.03 frag@286.03 frag@242.06,0.1514084488 0.1123950109 0.0954580605 0.08921460807 0.07886978984 0.06701754779 0.05922565609 0.04806070402 0.03411219269 0.03026218899 0.02021604776 0.01900145598 0.008152076043 0.007605327759 0.007069140207 0.006364399102 0.005067733116 0.004458118696 0.004210339393 0.004202043638
447,frag@181.09 loss@234.09 loss@246.09 frag@158.02 loss@287.05 loss@131.02 frag@149.02 frag@173.03 frag@98.02 frag@125.08 frag@208.11 frag@165.08 loss@242.13 loss@167.14 loss@174.03 frag@384.2 frag@57.99 frag@182.02 frag@169.94 loss@156.0,0.3781672716 0.2256110758 0.1627149582 0.08365299553 0.04761008546 0.03408629075 0.005904773716 0.002749224193 0.002123390557 0.001999027561 0.001806804677 0.00171958399 0.001686319825 0.001531057293 0.001447993796 0.001309623476 0.001292772009 0.001206883346 0.001034141635 0.0009331500623
448,loss@168.1 frag@138.13 frag@156.1 loss@314.06 frag@228.08 frag@246.07 frag@259.04 frag@257.06 loss@353.01 loss@376.18 loss@173.94 frag@315.07 frag@156.02 frag@235.04 loss@157.02 frag@290.22 loss@144.11 loss@333.13 frag@199.08 loss@292.08,0.335098505 0.1656305343 0.1070309356 0.07729958743 0.07178661972 0.03373467922 0.03302960843 0.01889718138 0.01163382269 0.007967622019 0.007731540129 0.005893464666 0.004661416169 0.004605114926 0.003573669586 0.003388963407 0.003083438147 0.003005600069 0.002870889613 0.002770145889
449,frag@128.03 loss@171.05 frag@125.02 loss@264.07 loss@273.09 frag@153.01 frag@168.02 loss@168.0 frag@228.05 loss@197.04 frag@106.05 loss@362.09 loss@200.08 frag@234.0 frag@86.01 loss@297.03 loss@192.05 loss@251.05 frag@155.04 loss@241.04,0.1538224965 0.1362757683 0.09033836424 0.06994126737 0.06286294758 0.03191740066 0.01986547746 0.01854726672 0.01403585635 0.01277468354 0.01224114746 0.01186832599 0.01172603015 0.009617106058 0.009330833331 0.008622664958 0.006311286706 0.006282911636 0.005736543797 0.005501821171
450,loss@30.01 frag@261.1 loss@47.04 frag@277.09 frag@193.09 frag@241.08 frag@252.09 frag@283.14 frag@352.18 frag@278.12 frag@264.11 frag@348.09 frag@283.2 frag@409.09 loss@220.94 frag@108.49 frag@311.09 frag@198.07 frag@281.13 frag@149.01,0.2611350715 0.1372587979 0.1342207193 0.08911877871 0.02071776055 0.01364956237 0.0131663233 0.01276547462 0.01078943629 0.008447140455 0.006717059761 0.005977661815 0.005781429354 0.005537266843 0.004812421743 0.004602390807 0.004246379249 0.004219832364 0.003712747712 0.003706506919
451,frag@123.02 loss@181.09 frag@151.05 loss@191.07 loss@166.12 loss@249.16 loss@314.08 frag@123.03 loss@345.15 loss@205.16 loss@322.14 loss@165.09 loss@186.07 loss@191.17 loss@252.18 frag@157.06 loss@169.07 loss@316.14 loss@270.15 loss@229.16,0.2956687808 0.1755077541 0.1711947322 0.08788817376 0.0540859513 0.03214614838 0.02162236348 0.01969209686 0.01736844331 0.01422568131 0.01080108806 0.008957671002 0.0084523689 0.007552753203 0.00674141245 0.00314365793 0.002778648399 0.002414631192 0.002370630391 0.002060268074
452,frag@219.12 loss@202.12 frag@173.95 loss@220.11 loss@264.1 frag@160.09 loss@192.11 frag@158.07 loss@272.1 frag@211.02 frag@120.06 loss@140.07 frag@156.95 frag@123.06 loss@206.12 frag@103.02 loss@234.09 frag@136.03 frag@161.07 frag@146.07,0.2050699294 0.1850093901 0.1209581494 0.120690003 0.05535691604 0.04988139495 0.04806823656 0.02204068191 0.02195663564 0.02062471956 0.0124569172 0.01165603381 0.006151607726 0.004427175038 0.003927518148 0.003617747687 0.003553723218 0.003184987465 0.002075157128 0.002010594122
453,loss@265.13 loss@271.16 loss@299.19 frag@263.09 frag@265.16 frag@296.09 loss@264.13 frag@162.97 loss@223.14 frag@83.01 frag@59.06 frag@252.06 loss@315.14 loss@366.17 loss@156.1 frag@215.11 frag@197.1 loss@304.17 frag@184.12 frag@153.09,0.04465769231 0.04090929031 0.03771235794 0.03508238494 0.02200988494 0.02132386342 0.01755084284 0.01556510106 0.01463665441 0.01442916319 0.01225586049 0.01152995136 0.0109941652 0.01074567344 0.01030724216 0.009330002591 0.00838980265 0.006941899192 0.00631419383 0.006303761154
454,frag@121.01 loss@263.06 frag@148.02 frag@167.99 loss@103.01 loss@231.02 loss@173.01 loss@101.0 loss@295.01 loss@266.01 loss@72.99 loss@96.01 loss@180.01 loss@197.01 loss@164.07 loss@197.03 loss@214.03 frag@159.97 frag@177.04 loss@197.07,0.2238055468 0.1284472942 0.1140761822 0.05155697837 0.0265951436 0.01156250574 0.01103148423 0.01015087124 0.008899799548 0.00833613798 0.008279561065 0.007439061534 0.006857905071 0.006222780328 0.006205612328 0.004900291562 0.004720985424 0.004176200368 0.004038373474 0.003918117844
455,frag@65.04 loss@209.07 loss@195.09 frag@178.06 frag@93.03 loss@242.1 loss@263.11 loss@268.1 loss@213.1 loss@194.06 frag@92.06 frag@66.05 frag@53.04 frag@106.07 loss@196.09 loss@268.09 loss@309.08 loss@181.07 loss@103.08 frag@121.03,0.2207038701 0.2197985202 0.2149912864 0.1515361667 0.1076232195 0.01497034915 0.005578625016 0.003729770659 0.00309126894 0.003003238002 0.002587901894 0.002550043631 0.001896682195 0.001809591893 0.001629228238 0.001602953998 0.001597877592 0.001514065545 0.001498558326 0.00131865486
456,loss@258.17 loss@228.12 loss@251.19 frag@69.99 frag@104.07 frag@184.11 loss@383.16 loss@264.14 frag@209.13 loss@334.09 frag@102.13 loss@297.15 loss@347.15 loss@251.14 frag@218.17 frag@184.98 frag@246.04 frag@254.02 frag@198.13 frag@311.2,0.08815252036 0.02827709913 0.0250953529 0.02455661446 0.02247518115 0.02246110328 0.0190631561 0.01479100343 0.007419101428 0.006331655663 0.006238609087 0.005834429525 0.005224490538 0.005130294245 0.004666272551 0.004377712496 0.004317794926 0.00363273127 0.00349939242 0.003403651528
457,frag@234.08 frag@200.09 loss@340.14 loss@215.99 frag@251.09 frag@306.12 loss@132.01 loss@114.09 frag@170.0 loss@157.1 frag@246.1 frag@268.11 loss@112.1 frag@213.06 loss@313.09 frag@240.08 frag@210.08 frag@307.19 loss@111.99 loss@449.22,0.1654319465 0.08343801647 0.07618298382 0.03224966303 0.02745122276 0.009870157577 0.009653212503 0.006988293491 0.006359811872 0.005132143851 0.004738843534 0.004534877837 0.004512433428 0.003665877739 0.00333402236 0.003108752193 0.003051145235 0.003034251276 0.002701271325 0.002623575972
458,frag@155.06 loss@185.05 loss@226.04 loss@212.1 frag@144.08 frag@115.05 frag@145.06 loss@131.07 frag@118.07 loss@244.05 loss@212.11 frag@105.06 frag@132.08 loss@168.05 loss@217.07 loss@249.08 loss@177.05 frag@103.05 frag@148.08 frag@67.02,0.1929316223 0.07112546265 0.04797188565 0.04417708516 0.02949143946 0.02695941553 0.02314659581 0.01932853088 0.01752013713 0.01556537114 0.01457553264 0.01371831167 0.01203910634 0.0109499665 0.0102683017 0.009909816086 0.009383346885 0.008898295462 0.008463939652 0.006714230403
459,loss@275.07 frag@213.03 frag@198.08 loss@195.14 frag@128.98 loss@241.15 loss@216.06 frag@323.08 frag@174.98 loss@266.13 frag@161.11 frag@244.05 loss@269.15 frag@168.11 frag@196.01 frag@328.13 frag@183.05 frag@87.05 frag@225.04 frag@247.14,0.07713644952 0.05568170175 0.03873528168 0.0359721221 0.03538227454 0.03405807912 0.0252895467 0.01840877905 0.01733008213 0.01566791907 0.01492794324 0.01413446385 0.01397776697 0.01172987837 0.009998090565 0.009638223797 0.008469866589 0.008307352662 0.006075059529 0.005906151608
460,frag@96.06 loss@234.11 loss@221.12 loss@141.09 loss@208.12 loss@281.12 loss@254.01 loss@275.04 loss@203.05 loss@186.99 loss@210.06 loss@182.1 loss@193.09 loss@246.08 loss@235.17 loss@192.07 loss@261.08 loss@165.12 loss@213.09 loss@160.07,0.4953002334 0.3709489703 0.02574218251 0.01439027768 0.007806439884 0.003791577183 0.002283644164 0.00225370517 0.002187482547 0.001921538264 0.001678535482 0.001662591123 0.001476207166 0.001471224823 0.001406054012 0.001317213755 0.001228612149 0.001211875817 0.001211705967 0.001141363173
461,frag@134.06 loss@203.1 loss@257.13 loss@234.17 frag@106.07 loss@183.08 frag@106.06 loss@143.04 loss@183.07 loss@197.11 loss@193.1 loss@247.07 loss@176.1 loss@201.06 loss@217.06 loss@242.11 loss@206.09 loss@222.1 loss@154.08 loss@244.12,0.4340422451 0.05685499683 0.05558246002 0.04113351181 0.02679431438 0.02197204344 0.01647503674 0.01432759315 0.01403600816 0.01395909023 0.01091558579 0.007690804079 0.007538009901 0.007107731886 0.007092131302 0.006108239759 0.006003123242 0.005808380432 0.005763388239 0.005482193548
462,frag@196.09 loss@43.03 loss@179.14 loss@110.05 frag@206.05 loss@140.09 loss@153.13 loss@144.1 frag@176.13 frag@267.12 loss@174.12 frag@301.15 frag@157.05 frag@226.07 frag@252.13 frag@236.1 loss@153.07 frag@246.12 loss@117.05 frag@168.07,0.05617903173 0.05107371137 0.047581058 0.02727195807 0.02618344314 0.02613044344 0.0242809467 0.02140733227 0.0164265018 0.01530524064 0.01207226794 0.01095360145 0.01059835497 0.01057552733 0.009915553965 0.009520856664 0.009172167629 0.00894679036 0.008746052161 0.008095742203
463,frag@208.09 loss@126.12 loss@161.12 frag@191.09 loss@133.08 frag@277.08 loss@316.13 frag@181.1 loss@128.1 loss@115.1 loss@183.14 loss@164.16 loss@119.09 frag@195.08 loss@214.13 loss@167.11 frag@309.2 frag@212.12 frag@295.17 loss@243.16,0.3246478736 0.1750013977 0.1735527813 0.07300687581 0.05181049556 0.04350439832 0.04123812541 0.01607295871 0.01213153917 0.006067230366 0.00489717396 0.00343332137 0.003115363419 0.002635251032 0.002420931356 0.002208066173 0.002085848246 0.002039265819 0.001750293537 0.001664920012
464,loss@266.07 frag@169.03 frag@102.01 loss@297.09 frag@162.98 frag@260.09 loss@346.1 loss@321.16 loss@176.05 loss@310.13 frag@87.5 loss@357.11 loss@323.14 frag@199.06 loss@655.25 loss@215.1 frag@130.08 frag@244.1 frag@202.09 loss@457.22,0.2641036212 0.223719269 0.1469707489 0.0975497216 0.04797600582 0.01630210504 0.01146603469 0.005538645666 0.004464182537 0.004099999089 0.00407950813 0.003381672315 0.003012794303 0.002418499906 0.002125770086 0.002097224584 0.002086685272 0.002048617695 0.002009424847 0.001970451325
465,frag@86.06 loss@224.13 loss@211.12 loss@259.1 frag@99.05 loss@269.15 loss@281.1 loss@182.01 loss@320.06 loss@283.13 frag@87.05 loss@314.12 loss@332.05 loss@321.18 loss@333.11 loss@178.07 loss@173.02 frag@84.08 loss@300.07 loss@260.15,0.4237304628 0.1258115321 0.1012618393 0.08730981499 0.05450640619 0.04630881548 0.01931654289 0.01638463885 0.01179180574 0.007318878546 0.005089820828 0.004834217951 0.003768761642 0.003298889613 0.00289659854 0.002307689982 0.002293050755 0.002185245743 0.001940158778 0.001907152473
466,frag@42.03 loss@206.02 frag@82.07 loss@271.06 frag@70.07 loss@272.09 frag@68.05 loss@221.15 frag@83.06 frag@207.15 loss@199.0 loss@156.04 frag@96.08 loss@221.04 frag@98.06 frag@82.06 frag@56.05 loss@117.04 loss@209.13 loss@163.02,0.2269925624 0.1981254965 0.1061543524 0.05375815928 0.04744004086 0.04297983274 0.01380507462 0.01191946212 0.009828439914 0.009300500154 0.0086981887 0.008281139657 0.00769739598 0.007122949697 0.00635596551 0.00606811 0.006002553273 0.005861833692 0.005464679096 0.005206258968
467,frag@227.13 loss@205.13 frag@223.02 loss@253.03 loss@195.14 loss@216.04 loss@317.14 frag@144.02 loss@269.15 frag@198.98 frag@222.04 frag@203.15 frag@151.98 frag@174.02 loss@203.15 frag@191.01 loss@173.02 frag@208.97 loss@158.66 loss@270.1,0.1255238056 0.09522780031 0.06454495341 0.05275927857 0.04395461828 0.02595448121 0.02517204732 0.02117034979 0.02031540871 0.01912689209 0.01815346815 0.01683962718 0.01323412452 0.01277542301 0.01028390601 0.009373550303 0.009186129086 0.007711582351 0.006554689724 0.006130332593
468,frag@79.05 loss@244.12 loss@221.1 loss@240.06 loss@223.08 loss@267.1 loss@315.11 frag@43.02 loss@213.1 loss@266.14 loss@310.12 loss@186.05 loss@268.1 loss@245.11 loss@311.03 loss@245.08 loss@325.14 loss@192.06 loss@223.12 loss@265.17,0.4514738917 0.06371636689 0.02874760702 0.02849256992 0.02826577052 0.02531650104 0.02318321355 0.01198160928 0.01150782406 0.01115953177 0.01111468952 0.01040462498 0.010237379 0.008708541282 0.00690715434 0.006372460164 0.00555018615 0.00528787449 0.005122534931 0.004976113793
469,frag@105.07 loss@182.04 frag@79.05 frag@116.06 loss@279.07 frag@131.05 frag@103.05 frag@95.05 frag@111.04 frag@123.08 loss@254.05 frag@135.08 loss@324.12 loss@231.07 loss@221.05 loss@210.05 frag@107.05 loss@167.1 loss@220.03 frag@121.01,0.1030449942 0.07765450329 0.07265140861 0.04869581014 0.04114684463 0.02465835586 0.02254603431 0.02044918388 0.020208437 0.01761418208 0.01629343629 0.01579351164 0.01579147577 0.01532183494 0.01444920525 0.01174093783 0.01068378519 0.01003074553 0.009810425341 0.009490781464
470,loss@127.1 loss@101.08 frag@215.08 frag@187.05 loss@99.1 frag@212.12 loss@139.07 loss@113.12 frag@218.07 frag@234.94 frag@219.06 loss@126.08 loss@69.06 frag@194.97 frag@243.11 frag@186.04 loss@126.09 loss@139.11 loss@173.14 frag@291.18,0.1097439975 0.1005658656 0.0750837177 0.06817153096 0.06145720929 0.05366697907 0.05285951495 0.03719620779 0.03683271259 0.0275533516 0.02505093627 0.01843535155 0.01689912193 0.01499863807 0.0144397812 0.01261277404 0.0115930941 0.01072439551 0.009753040038 0.009648679756
471,frag@212.08 loss@141.03 loss@160.08 loss@237.07 loss@261.07 frag@222.95 frag@121.01 loss@167.01 loss@152.0 frag@139.01 loss@212.05 frag@130.03 frag@123.0 frag@258.17 loss@186.0 loss@178.09 frag@75.03 loss@307.11 frag@185.09 loss@222.03,0.4309731126 0.141817838 0.1328307241 0.1011217907 0.0665107891 0.03353572637 0.006526623387 0.004982337821 0.003220841754 0.003217086196 0.003151913173 0.002901247004 0.002340794774 0.002258853521 0.00215266319 0.001675356296 0.00166044361 0.001447878545 0.00135771127 0.001299391966
472,loss@44.03 loss@16.03 loss@15.02 loss@43.02 loss@30.05 loss@58.04 loss@32.03 frag@226.06 frag@237.05 loss@60.06 frag@313.07 loss@33.03 frag@270.05 frag@242.06 frag@331.08 frag@286.05 frag@316.06 frag@300.06 frag@249.09 frag@238.06,0.06309334934 0.04936942458 0.04712777585 0.04527714849 0.03525905684 0.03323765099 0.02483302914 0.0183245074 0.01815373264 0.01706573367 0.01705362648 0.01689028367 0.01629555784 0.01521757804 0.01518940646 0.01355383359 0.01201035548 0.01195649523 0.01053850632 0.01028704084
473,frag@172.92 loss@259.08 loss@117.09 loss@92.06 loss@91.05 frag@116.93 loss@230.99 loss@216.97 loss@122.0 loss@191.02 frag@143.05 loss@119.05 loss@356.14 loss@272.08 loss@136.09 loss@301.13 frag@156.02 frag@193.09 loss@175.14 frag@151.02,0.4039063454 0.1388726085 0.05793661252 0.04751286656 0.04367604107 0.0381049104 0.03094272688 0.03016284853 0.01744496636 0.01105629839 0.008630196564 0.008327740245 0.006091891322 0.004570506979 0.004377685022 0.004341642372 0.004322947003 0.004268746357 0.003770073643 0.003488647286
474,loss@174.06 frag@144.05 frag@67.03 frag@103.03 loss@157.09 frag@197.07 loss@196.01 frag@157.02 frag@303.11 frag@236.1 loss@212.11 loss@212.1 frag@125.0 frag@164.03 loss@127.05 frag@128.02 frag@151.99 frag@137.05 loss@118.07 frag@126.07,0.3582817614 0.1368208081 0.07333008945 0.03031138517 0.01747377589 0.01531600859 0.00938390661 0.008963113651 0.0086610578 0.008127865382 0.007150564808 0.006804746576 0.006544671487 0.006371426396 0.005817178637 0.005643941462 0.005339063704 0.005207427312 0.004690971691 0.004678697325
475,frag@67.05 loss@256.09 frag@57.03 loss@227.15 loss@263.15 loss@278.12 frag@43.02 loss@185.11 loss@245.11 loss@233.11 frag@83.05 loss@296.12 loss@261.11 loss@295.12 frag@81.07 loss@314.13 frag@97.06 loss@258.1 loss@224.08 loss@236.15,0.3637032211 0.1797505468 0.05755455047 0.04889182001 0.03614303097 0.02567660995 0.02394494228 0.02265931293 0.01351965871 0.008480289951 0.007845402695 0.007209590171 0.007071991917 0.006944486406 0.006293962244 0.006020518485 0.005266068969 0.005134400912 0.00504843099 0.004868409596
476,frag@81.06 loss@278.05 loss@264.07 loss@244.02 loss@257.1 loss@336.09 loss@267.19 loss@227.03 loss@288.1 loss@79.04 loss@279.04 loss@137.11 loss@276.0 loss@286.02 loss@300.05 loss@201.97 loss@279.02 loss@292.16 loss@55.02 loss@281.04,0.4787878394 0.08429767191 0.08370262384 0.07114624232 0.01839246228 0.0108509222 0.009955201298 0.009786877781 0.006127503701 0.005484368186 0.005031476729 0.004363891669 0.00386468973 0.003704452422 0.003651286941 0.003531669267 0.003418483306 0.003326224629 0.003178061685 0.002942622872
477,loss@127.04 frag@80.05 frag@92.05 frag@114.07 loss@201.07 loss@221.04 loss@146.1 loss@172.04 frag@107.06 frag@172.07 frag@69.04 frag@108.04 loss@125.03 loss@187.04 loss@100.04 frag@93.06 frag@110.06 frag@96.04 loss@170.08 frag@118.03,0.2862144113 0.2728849053 0.03441877291 0.03034539148 0.02170420811 0.01859943196 0.01742735133 0.01654475927 0.01545504387 0.01512152422 0.01425543427 0.01325201616 0.01201456226 0.01201158296 0.009791047312 0.008593089879 0.006929029711 0.006751305889 0.006450094283 0.006436884869
478,frag@277.1 loss@304.19 loss@144.14 frag@96.09 frag@327.08 loss@227.17 frag@208.13 frag@184.11 loss@254.18 frag@71.09 loss@383.16 loss@277.17 frag@273.03 loss@370.14 loss@432.11 frag@228.09 loss@169.13 loss@281.02 frag@151.99 frag@225.16,0.06853673607 0.0337969102 0.0216911044 0.0181132406 0.01730492152 0.01659993082 0.01494799368 0.01447718125 0.009065449238 0.008529034443 0.007132653613 0.007097376511 0.006660852581 0.005259715486 0.005057659466 0.004955853336 0.004868507385 0.004786943085 0.004466539714 0.004364025779
479,frag@200.11 loss@270.1 frag@212.11 loss@243.16 loss@171.14 loss@147.06 loss@47.0 loss@247.13 frag@126.08 loss@224.13 loss@190.09 loss@304.13 loss@204.11 loss@243.14 frag@154.08 loss@174.14 frag@153.1 loss@267.15 loss@242.13 frag@253.11,0.2749632597 0.2283797115 0.192586422 0.07987181097 0.06771227717 0.05008384958 0.03035674058 0.003419692628 0.002960211365 0.00204899488 0.00191461842 0.001873842441 0.001715153339 0.001373902196 0.001339021372 0.001017686329 0.001006416045 0.0009902482852 0.0008631022065 0.0007973708562
480,frag@103.05 loss@231.09 loss@225.06 loss@227.09 loss@226.04 loss@204.1 loss@298.11 frag@131.05 loss@245.08 loss@279.07 loss@188.05 loss@215.09 loss@201.09 loss@164.03 frag@77.04 loss@352.11 loss@202.05 loss@213.06 loss@220.03 loss@210.07,0.4281569123 0.06632058322 0.0454589203 0.03912112117 0.02527015656 0.02167262882 0.01512996294 0.0136635052 0.01243432052 0.01080627833 0.009466481395 0.008620530367 0.008429963142 0.008217643946 0.008168661967 0.007429334335 0.006026772317 0.005967213307 0.005596191622 0.005585975479
481,loss@163.08 loss@194.03 frag@135.07 frag@137.05 frag@134.05 frag@159.03 frag@200.06 frag@134.02 loss@190.01 loss@139.01 frag@174.1 frag@161.05 frag@136.06 frag@121.05 frag@99.03 frag@224.03 loss@175.05 frag@256.06 frag@116.03 loss@250.01,0.2828943431 0.07944200188 0.06218060851 0.05317311361 0.04116697237 0.02883977443 0.02476196364 0.02362257801 0.02073432133 0.01446647011 0.01294315513 0.01186021417 0.0108518824 0.009357610717 0.008999881335 0.008742514066 0.006704437546 0.006364755798 0.00592773594 0.005020472221
482,frag@117.07 frag@129.07 loss@169.1 frag@145.06 frag@147.08 loss@229.15 loss@242.14 loss@285.14 loss@271.11 loss@247.11 loss@261.04 loss@184.11 loss@270.13 frag@123.08 frag@130.08 loss@169.09 frag@128.06 loss@174.1 frag@155.05 frag@131.09,0.1474080384 0.1032214314 0.06919126958 0.04977937788 0.04670398682 0.03921288997 0.02672325075 0.02483695745 0.02057554573 0.01652831212 0.01542685553 0.01520387083 0.01378747169 0.01345502026 0.01307795476 0.01293137111 0.01208548062 0.01146869361 0.01114146318 0.01106064301
483,loss@133.05 loss@270.11 frag@278.09 frag@273.11 frag@247.06 loss@197.99 frag@276.08 frag@291.09 frag@321.12 frag@310.0 frag@328.01 frag@214.98 frag@224.11 frag@199.07 frag@271.09 frag@251.11 frag@144.1 frag@207.13 frag@295.09 frag@211.07,0.2924418747 0.139474377 0.08730559796 0.06605544686 0.04897904769 0.03745255619 0.03025891446 0.0289138183 0.02511503547 0.02308237739 0.006375093479 0.005421741866 0.004782307427 0.004620813765 0.004021549132 0.003830398666 0.003768497147 0.003653524676 0.003575796494 0.003189825919
484,frag@176.11 loss@160.09 loss@223.1 loss@248.07 loss@218.07 loss@186.12 loss@238.1 loss@216.07 loss@277.12 loss@179.07 loss@188.08 loss@233.11 loss@254.14 loss@285.15 loss@231.13 loss@230.12 loss@204.08 loss@218.09 loss@183.08 loss@225.1,0.4916588664 0.2861989439 0.04885246605 0.02337644808 0.01314995531 0.00492063025 0.004001241643 0.00335122901 0.002907267073 0.002861448796 0.002764702076 0.002318825806 0.002125687897 0.002086739521 0.002080466365 0.002076361328 0.002022905741 0.00164880848 0.001546367537 0.001467084861
485,frag@125.04 loss@209.09 loss@222.09 frag@151.06 frag@111.03 loss@221.09 frag@97.01 frag@135.03 loss@181.06 loss@233.09 loss@207.13 loss@211.07 loss@286.07 loss@223.1 loss@233.14 loss@180.1 loss@206.11 frag@188.04 frag@314.13 loss@330.09,0.3303005099 0.2074182928 0.1788596511 0.06179880351 0.04801370576 0.0475381203 0.03816846386 0.004241012502 0.004006301984 0.003930514678 0.003390590893 0.002790449886 0.002443567384 0.002411572961 0.00196508388 0.001955433749 0.001939779846 0.001484829234 0.001435767976 0.001270810841
486,frag@189.06 loss@185.02 loss@259.09 loss@214.05 loss@209.02 loss@249.02 loss@227.06 loss@186.05 loss@210.04 loss@306.07 frag@138.07 frag@111.01 loss@225.02 loss@273.07 loss@332.08 loss@285.06 loss@246.08 loss@260.06 loss@318.04 loss@58.02,0.4796851277 0.2177128643 0.04955461994 0.02928541973 0.01122694928 0.007268045098 0.005762177054 0.005700631998 0.005113210995 0.00434688665 0.004259996116 0.00408011768 0.003886692226 0.003086463315 0.003046059981 0.002940841019 0.002713845344 0.002586282091 0.002566221403 0.002332163276
487,frag@192.08 loss@121.05 loss@108.02 loss@95.07 loss@124.04 loss@107.02 frag@183.0 loss@123.02 frag@61.01 frag@150.01 frag@207.03 frag@201.05 frag@204.08 frag@150.02 frag@248.05 loss@139.04 loss@231.02 frag@115.06 frag@133.01 frag@182.96,0.2637289464 0.1813454181 0.08297706395 0.06499541551 0.05253970623 0.04872841761 0.02832672186 0.02019396611 0.01238890272 0.01087041385 0.009774396196 0.007842010818 0.005687170662 0.004647545051 0.00439198548 0.004244547803 0.004060416482 0.003850712674 0.003632984823 0.003536252305
488,frag@105.07 loss@268.09 loss@231.07 frag@135.08 loss@235.06 loss@219.09 loss@239.13 loss@200.05 loss@242.08 loss@209.08 frag@147.08 frag@79.05 frag@121.06 loss@219.11 loss@192.06 loss@263.1 loss@228.06 loss@245.08 loss@304.11 loss@286.08,0.3741499782 0.06436179578 0.04955389351 0.03783103824 0.02553541958 0.01991695538 0.0173896458 0.01500159502 0.01472687908 0.01467010751 0.01427806728 0.01397429127 0.009686468169 0.009509276599 0.009384966455 0.007843301632 0.007681043353 0.007162537891 0.007111938205 0.006660905667
489,loss@178.12 frag@179.13 frag@205.14 loss@271.07 frag@153.11 loss@255.17 frag@265.05 frag@122.07 frag@231.16 frag@190.13 frag@162.1 frag@193.11 loss@289.13 frag@136.09 loss@261.09 loss@165.09 loss@209.06 frag@200.05 loss@170.15 loss@166.12,0.2667232454 0.1641215384 0.1114661172 0.09287329018 0.07329966128 0.05739102885 0.02486170642 0.01392046735 0.01178858802 0.01029626001 0.007746835705 0.004606388975 0.003867215244 0.003726879135 0.003319129813 0.003212951357 0.003171164775 0.003147080308 0.003112347564 0.003056711052
490,loss@235.03 frag@145.07 frag@144.96 loss@315.12 frag@95.05 frag@116.06 loss@364.08 loss@154.09 frag@121.01 frag@107.05 frag@77.04 loss@195.06 frag@91.05 frag@111.04 loss@182.04 frag@91.06 frag@79.05 frag@125.06 loss@188.05 loss@256.05,0.1363816857 0.1125531048 0.08646658808 0.05368583649 0.04636346921 0.03223855048 0.02940899879 0.02888487838 0.02178654075 0.01941762306 0.01883586124 0.0137092052 0.0123816859 0.01141214743 0.0106761083 0.009912398644 0.00970335491 0.008996570483 0.007751886267 0.007180941291
491,loss@107.05 frag@229.07 frag@181.01 frag@311.11 frag@239.09 loss@333.08 loss@52.02 frag@293.09 frag@335.14 frag@197.1 frag@233.02 frag@155.11 frag@240.06 loss@161.04 loss@63.02 loss@145.97 frag@87.01 loss@66.01 loss@50.04 loss@65.06,0.173903808 0.1523054987 0.1069734469 0.01038672309 0.009718150832 0.008616915904 0.008011193946 0.006115597207 0.006074582692 0.005810719915 0.005539992359 0.004797697533 0.004686862696 0.004182020202 0.003949836362 0.003751310054 0.003679532791 0.003088493366 0.003020884236 0.002765177516
492,frag@80.05 loss@139.06 loss@213.11 frag@108.04 loss@221.04 loss@170.08 loss@155.06 loss@255.01 frag@94.06 loss@241.99 loss@236.08 frag@126.05 loss@137.05 loss@212.06 loss@200.02 loss@231.08 loss@218.15 frag@96.04 loss@180.08 loss@200.06,0.4348819256 0.3007716238 0.07541646808 0.04712364823 0.02321518958 0.02183021046 0.007537386846 0.006277358625 0.005805665627 0.005569732748 0.004173853435 0.003339621937 0.0030563951 0.002812897088 0.002540281042 0.002504712204 0.002502730349 0.002283705398 0.002264502691 0.002129873261
493,loss@144.04 frag@153.08 frag@304.12 loss@303.11 loss@396.13 frag@73.06 frag@227.08 frag@153.98 frag@306.12 loss@128.09 loss@347.17 frag@183.06 frag@269.13 frag@327.14 loss@166.1 frag@142.12 frag@246.08 frag@180.99 frag@234.1 frag@212.97,0.29747051 0.1679553688 0.158026427 0.1269203871 0.01946149394 0.009882512502 0.008818394504 0.006448230706 0.005730774254 0.004789180122 0.003712152364 0.003660664428 0.003585915547 0.003490196541 0.003433186328 0.003366321092 0.003347267164 0.003246325301 0.003025728976 0.002925477689
494,frag@137.03 loss@259.14 loss@280.13 frag@239.1 loss@195.12 loss@302.09 loss@170.1 frag@139.06 loss@219.07 loss@207.1 frag@86.07 frag@46.24 loss@167.09 frag@95.01 loss@205.09 loss@270.15 frag@180.1 frag@318.16 frag@175.06 frag@391.18,0.3684337437 0.1511679292 0.1119914576 0.05783076957 0.05614810437 0.04576228559 0.0454977937 0.01266632974 0.007554871961 0.005964165553 0.005910372362 0.0031388551 0.002970801201 0.002505722921 0.002482360695 0.002322677756 0.002309783129 0.002016341081 0.002014269354 0.001896268339
495,frag@165.07 frag@167.09 frag@153.07 loss@167.11 frag@152.06 loss@158.11 frag@181.06 loss@153.09 loss@170.14 frag@166.08 loss@167.09 loss@124.06 loss@151.1 frag@171.04 loss@197.12 frag@181.1 loss@158.14 loss@125.1 loss@159.06 frag@144.95,0.1026787534 0.08550722152 0.0701096952 0.05772625655 0.04894202948 0.04717774317 0.04583292827 0.04131241888 0.03670046106 0.03037836403 0.02760022134 0.02307822742 0.02226118743 0.0219101999 0.02158047818 0.01891975477 0.01760336384 0.01638838835 0.0144128995 0.01232906058
496,frag@165.09 frag@192.1 loss@289.08 loss@305.22 loss@199.95 frag@119.08 loss@321.16 loss@430.26 loss@349.15 loss@344.12 loss@386.17 loss@264.14 loss@370.11 loss@302.02 loss@331.05 loss@315.09 loss@371.13 loss@291.0 loss@361.14 loss@320.21,0.2833928168 0.1823526919 0.033412572 0.02162711695 0.01767171919 0.0141992243 0.01222085021 0.01183787361 0.01131177507 0.01037700288 0.009036854841 0.008052430116 0.007963019423 0.005328481551 0.005021667574 0.004866688978 0.003947728779 0.003901353339 0.003869490465 0.003846781095
497,frag@106.05 loss@171.05 loss@200.04 loss@186.0 loss@184.05 frag@75.03 loss@279.02 frag@133.05 loss@197.04 loss@261.07 loss@0.02 frag@118.05 frag@256.16 frag@231.08 frag@84.05 loss@181.01 frag@218.03 loss@131.03 frag@146.08 frag@158.04,0.2189219892 0.1669284403 0.04639340565 0.039531596 0.02301487885 0.02093809843 0.01608732156 0.0159361437 0.01378974598 0.01025991235 0.007556114346 0.006955673918 0.006138419732 0.006131954025 0.005571261514 0.005229596514 0.005200023763 0.004730425775 0.004698005039 0.004180182237
498,frag@82.04 frag@174.96 loss@194.03 frag@224.06 loss@313.15 loss@251.01 frag@148.06 frag@150.06 frag@109.05 frag@136.04 loss@187.99 loss@155.01 frag@173.04 loss@141.09 frag@111.01 loss@60.08 frag@165.07 loss@175.04 frag@71.06 loss@246.04,0.06976868212 0.0654200837 0.06351434439 0.03101862408 0.02948161401 0.01798615418 0.01679463685 0.01347870193 0.01333505474 0.01288915612 0.0123282792 0.01076474786 0.009839180857 0.008345559239 0.008197785355 0.008178585209 0.00800927449 0.007182400208 0.007161270361 0.007119516376
499,frag@185.09 loss@144.1 frag@246.12 loss@165.01 frag@157.05 frag@103.03 loss@134.05 frag@141.06 frag@267.12 frag@169.08 frag@181.08 frag@231.08 loss@142.09 loss@153.13 loss@119.0 loss@195.08 frag@280.09 frag@188.09 loss@158.02 loss@162.04,0.08594260365 0.04457269982 0.04091801494 0.01819306612 0.01775096171 0.01289913151 0.01018388011 0.00994725991 0.009414069355 0.008230147883 0.006528028287 0.006434609182 0.006178219337 0.005917164031 0.005861169659 0.005620394368 0.005462680012 0.005414981395 0.005372703075 0.005359745119
500,loss@46.01 frag@78.01 frag@171.07 loss@60.02 frag@186.05 frag@174.02 loss@74.0 loss@43.99 loss@45.0 loss@88.02 loss@74.04 frag@308.1 loss@59.01 frag@257.09 loss@87.03 frag@131.07 loss@115.03 loss@27.99 loss@72.02 loss@28.0,0.08695408702 0.06593834609 0.0507270731 0.04138755053 0.03817230463 0.03009299748 0.02279194444 0.02244682796 0.02055505849 0.01886531524 0.01812652871 0.01720938087 0.01713415049 0.01699322276 0.01661598496 0.01629082672 0.01439214777 0.01397793926 0.0137404725 0.01231301576
501,frag@129.04 loss@188.06 loss@177.03 frag@116.05 frag@89.04 frag@128.05 frag@104.05 frag@190.05 frag@147.05 loss@185.04 frag@253.1 frag@105.04 frag@146.06 frag@103.05 loss@108.06 frag@117.06 loss@139.03 frag@162.03 frag@130.06 loss@353.09,0.4568896294 0.4340979755 0.0554677546 0.01040912233 0.009916364215 0.003609186271 0.003353490261 0.00253883237 0.001442502486 0.001231863396 0.001135958126 0.001014985377 0.0008403569809 0.0007177049411 0.0006010416546 0.0005887004663 0.0005459306994 0.0005400487571 0.0004813271516 0.0004518333881
502,frag@79.05 loss@276.12 loss@276.13 frag@125.06 loss@284.09 loss@284.15 loss@324.15 loss@242.11 loss@269.11 loss@198.14 loss@220.11 loss@190.14 loss@349.11 loss@231.11 loss@224.09 loss@378.12 loss@309.11 loss@339.15 loss@210.13 loss@250.07,0.4373374581 0.1325346828 0.104184933 0.0338146612 0.0262600556 0.01362792961 0.009417149238 0.008230862208 0.007955865934 0.007437135093 0.007306821179 0.006060202606 0.004430348985 0.004288966767 0.004221152049 0.004142410122 0.004101926927 0.004083574284 0.004078697413 0.004027513321
503,loss@234.12 loss@188.12 frag@320.15 frag@433.19 frag@196.03 loss@268.17 frag@215.11 frag@246.14 frag@205.12 loss@353.1 loss@235.98 loss@263.14 frag@240.07 frag@71.03 frag@217.12 frag@208.96 loss@327.17 frag@138.03 loss@223.14 loss@350.12,0.07390682399 0.06442463398 0.03954397887 0.03457339853 0.0278282892 0.0259501189 0.02411433496 0.02357800119 0.02324480005 0.01764236949 0.01491401345 0.01317729428 0.0110629648 0.009346349165 0.008961240761 0.008851528168 0.008800694719 0.008658728562 0.00730541721 0.006634281017
504,frag@103.04 loss@165.02 loss@132.02 frag@229.1 loss@192.0 loss@180.03 frag@187.0 frag@233.12 loss@266.01 frag@159.97 frag@207.05 loss@134.0 loss@143.05 frag@326.05 frag@75.02 frag@302.96 frag@182.02 loss@170.0 frag@222.02 loss@92.0,0.173276186 0.1151881739 0.0896056965 0.03345084563 0.03031603247 0.02314938232 0.02084439434 0.01820103452 0.012131867 0.01187081169 0.01076013781 0.01023594104 0.009710678831 0.009661298245 0.009130982682 0.007888563909 0.00732442271 0.006732878741 0.006416654214 0.006238437723
505,loss@87.07 frag@88.08 frag@267.14 loss@102.09 frag@216.11 frag@229.03 frag@199.01 frag@270.07 frag@248.09 frag@293.15 frag@243.02 frag@241.06 frag@254.04 frag@295.17 frag@231.0 frag@211.09 frag@236.07 loss@130.11 frag@157.09 frag@281.15,0.4257185161 0.2438753843 0.0331790261 0.03153019026 0.02580702119 0.01794885844 0.01785344444 0.01336707268 0.01323443092 0.0113121951 0.01036522165 0.009858677164 0.009098078124 0.006200741511 0.005923530087 0.004668247886 0.004173228517 0.003127021948 0.002621438587 0.002323008375
506,loss@109.05 frag@205.1 frag@203.12 loss@136.1 frag@215.13 frag@229.15 frag@201.11 frag@145.01 frag@162.08 frag@193.14 frag@230.14 frag@196.09 frag@146.05 frag@180.09 loss@147.09 frag@177.03 frag@154.08 frag@267.08 frag@122.07 frag@122.02,0.3662475348 0.1820014566 0.1311585009 0.1078596264 0.04889373481 0.01650010049 0.01170608401 0.01061471924 0.009288311936 0.008910573088 0.008072841913 0.004047458991 0.003071823856 0.002114737872 0.002107402775 0.00207521813 0.001937208814 0.001798163983 0.00176777225 0.001738857478
507,loss@57.06 frag@219.09 frag@191.09 loss@100.1 frag@194.07 loss@43.04 loss@128.13 loss@128.1 loss@155.11 loss@86.08 frag@283.09 frag@249.1 loss@113.1 frag@198.03 loss@32.05 loss@88.06 loss@116.09 frag@216.95 loss@60.07 loss@143.11,0.08620322496 0.05829977989 0.05376751721 0.04732944071 0.04291849583 0.0388998501 0.03887225688 0.03066900931 0.02599595487 0.02465842851 0.02404556423 0.02299727686 0.02115613781 0.01628822275 0.0160341952 0.01569428295 0.01495563705 0.01307292189 0.01251092646 0.01122207195
508,frag@105.04 frag@121.04 loss@179.06 frag@132.06 loss@191.11 loss@208.08 loss@206.08 loss@219.05 loss@203.05 loss@235.04 loss@347.14 loss@244.13 frag@51.02 frag@120.06 loss@177.09 loss@240.1 loss@191.06 loss@180.05 loss@227.11 loss@219.07,0.1880463213 0.1611467004 0.138894558 0.1353752166 0.1058277711 0.07031547278 0.05353309959 0.04055785015 0.02750884928 0.01656089537 0.002550778911 0.002439203206 0.002318205312 0.002139349002 0.001926424331 0.001903388882 0.001680398127 0.00119305437 0.001145960414 0.001086103963
509,frag@191.06 loss@213.08 loss@218.05 loss@251.11 loss@290.11 loss@251.02 loss@320.09 loss@325.08 loss@279.05 loss@292.04 loss@282.05 loss@305.08 loss@239.11 loss@220.07 loss@183.12 loss@297.97 frag@191.01 loss@252.01 loss@285.05 loss@194.05,0.4949283004 0.1199311763 0.1142757535 0.1041717753 0.03808096796 0.01453094278 0.01436269283 0.01381755248 0.00887642242 0.008247831836 0.007621192373 0.00189077016 0.001527416403 0.001160762156 0.001142882858 0.001024984638 0.001014224603 0.001006685896 0.0009594319272 0.0009415381937
510,loss@268.05 frag@119.05 loss@211.05 frag@162.05 loss@218.06 loss@131.08 frag@119.06 loss@217.09 frag@115.05 loss@215.14 frag@116.05 frag@160.08 frag@142.06 frag@158.06 frag@131.07 frag@132.08 frag@118.07 frag@117.06 frag@92.04 frag@118.06,0.1502190083 0.1474848986 0.1048537642 0.0857014358 0.07345595211 0.04021854326 0.03941139951 0.03860438615 0.02661619522 0.01440508571 0.01418267936 0.01223847084 0.01039056852 0.008695757017 0.008599530905 0.00728480937 0.006956717931 0.006857536267 0.00629984308 0.006101756357
511,frag@55.03 frag@204.04 loss@128.04 loss@172.04 loss@170.0 loss@127.03 frag@72.94 frag@102.0 frag@67.02 loss@233.04 loss@115.04 loss@239.09 loss@111.04 loss@292.06 loss@174.05 loss@277.06 frag@216.09 loss@127.04 frag@277.99 frag@222.95,0.2158582509 0.0957782045 0.06829286367 0.06288260221 0.05886219069 0.03321881592 0.02188114449 0.01557038072 0.01293979026 0.01152805891 0.008728815243 0.005177860148 0.004714373965 0.004378759302 0.00386452931 0.003356776666 0.003344642697 0.003342350945 0.003172671655 0.003167891409
512,frag@188.04 frag@75.0 loss@168.11 frag@269.1 frag@212.09 loss@280.11 loss@170.13 frag@194.05 frag@224.14 frag@288.04 frag@141.04 frag@126.06 loss@256.05 loss@204.16 frag@124.06 loss@204.0 loss@294.12 loss@193.15 loss@320.12 frag@55.02,0.1322845072 0.1041486487 0.1035782769 0.05009221286 0.01555816457 0.01337058097 0.01193226781 0.008751918562 0.008071438409 0.005932691973 0.005696663167 0.005215232726 0.004954551812 0.004882877227 0.004639581311 0.004544536583 0.004477533046 0.004457206931 0.004209198523 0.004119588993
513,frag@135.09 loss@200.08 frag@133.08 frag@120.07 loss@280.1 loss@205.09 loss@308.08 frag@120.04 frag@125.01 frag@114.0 loss@204.13 loss@199.05 loss@198.08 loss@176.06 frag@110.06 loss@251.09 frag@163.09 loss@296.08 frag@94.06 frag@68.05,0.1960749179 0.1199257523 0.06851167232 0.05831480771 0.05453975499 0.03874151781 0.03239093348 0.01701337285 0.01670702547 0.01558059268 0.01247271243 0.0122795403 0.01096959412 0.01075248979 0.01038208045 0.009833473712 0.009249339812 0.008753984235 0.008045689203 0.006426603068
514,frag@209.04 loss@247.04 frag@205.03 frag@108.01 loss@265.06 loss@207.03 loss@273.05 loss@178.06 loss@291.07 frag@239.15 frag@128.09 frag@255.08 loss@268.02 loss@205.13 frag@165.06 loss@285.05 frag@177.1 frag@220.11 loss@300.09 frag@168.05,0.0828723833 0.06514500082 0.03611532599 0.03006248549 0.02918050066 0.02583117224 0.01625467464 0.01608791575 0.01536489092 0.01375913434 0.01314407866 0.01294592768 0.01202301774 0.01055830251 0.01054414269 0.01045798883 0.009744951501 0.009467468597 0.008904499002 0.008811885491
515,frag@145.06 frag@155.06 frag@155.05 frag@157.06 loss@171.07 loss@176.11 loss@200.11 loss@147.1 loss@162.07 loss@136.07 loss@230.05 loss@172.05 loss@144.06 loss@177.11 loss@127.09 loss@158.03 loss@165.0 loss@171.96 loss@314.12 loss@174.09,0.2022433132 0.132916525 0.08091912419 0.07783073187 0.05384550616 0.04994625226 0.0481508486 0.0450418517 0.03993661702 0.03184696287 0.03099565767 0.02981815487 0.02806809358 0.01708771102 0.01350792963 0.01114930958 0.009811935946 0.007078657392 0.005542902742 0.005412508734
516,frag@251.07 loss@175.12 loss@46.07 loss@49.05 frag@262.12 loss@248.03 frag@277.1 frag@214.04 frag@227.08 frag@252.08 loss@112.09 frag@194.15 loss@142.15 frag@271.05 frag@279.17 loss@270.06 loss@129.11 frag@345.06 loss@181.05 frag@177.02,0.2381142229 0.09187552333 0.07796229422 0.0495524928 0.03447828814 0.02355457842 0.01620055363 0.00942756515 0.007800342049 0.007380132098 0.007171063684 0.006798260845 0.006470408756 0.005910246167 0.005720245652 0.005602743477 0.005592707545 0.004940489307 0.004831893835 0.004729256034
517,frag@105.07 frag@79.05 loss@239.04 loss@245.08 loss@232.15 loss@240.15 loss@223.14 loss@211.06 frag@135.08 loss@239.13 loss@192.06 loss@279.07 loss@222.11 loss@231.11 loss@301.15 loss@231.07 loss@263.1 loss@292.11 loss@167.1 loss@303.13,0.2529664338 0.1911090463 0.05053116381 0.03882599622 0.03418600932 0.02373521402 0.02336433716 0.01918400265 0.01800140552 0.01260505151 0.01227663737 0.01027709804 0.01024550851 0.009332627989 0.009253997356 0.009120194241 0.00835515745 0.007866838947 0.006979837082 0.006900046021
518,frag@167.03 loss@149.06 loss@120.06 frag@227.03 loss@234.21 loss@287.05 loss@163.06 loss@253.03 frag@256.96 loss@166.97 loss@237.97 loss@230.99 loss@293.07 loss@54.02 loss@68.01 frag@230.12 loss@108.07 loss@121.05 loss@342.1 frag@335.11,0.4285072982 0.2892479897 0.1766853034 0.06615980715 0.006530412007 0.003414690495 0.002560491674 0.001586141065 0.0009925664635 0.0008436964126 0.0007733169477 0.0007451008423 0.000659754558 0.0005714771687 0.000544790586 0.0004058578925 0.0003868113563 0.0003686701821 0.0003124551149 0.0003066718346
519,loss@151.1 frag@184.1 frag@170.06 frag@204.07 loss@309.18 frag@198.08 loss@153.09 loss@191.04 loss@186.03 loss@273.12 loss@211.1 frag@160.08 loss@256.1 frag@142.07 loss@280.12 frag@176.07 frag@322.19 frag@180.05 frag@209.03 loss@260.03,0.162680462 0.1370779574 0.06549081951 0.05495428294 0.03216506913 0.01382923406 0.0130463792 0.01217718143 0.009620897472 0.009266491048 0.008861411363 0.008796115406 0.008140114136 0.006314449478 0.006222764496 0.005957643501 0.005771010183 0.005444086157 0.005254153628 0.005041405559
520,loss@153.03 frag@111.01 frag@143.03 frag@135.1 loss@225.02 frag@239.15 loss@179.0 loss@243.03 loss@274.05 frag@138.07 loss@277.07 loss@216.04 loss@209.02 loss@173.02 loss@336.11 frag@202.03 loss@195.11 loss@285.05 loss@179.01 loss@206.01,0.1902363002 0.1253465563 0.1102489159 0.05687123165 0.0345371291 0.02509437874 0.02491823398 0.02472486161 0.01727082953 0.01318214368 0.01304829773 0.01254744455 0.01177705266 0.01138386969 0.01126104407 0.01105994266 0.01024352387 0.008709000424 0.007818371989 0.006766973063
521,frag@186.09 loss@187.06 loss@142.01 loss@189.01 loss@153.15 loss@126.14 loss@184.02 loss@259.12 loss@211.03 loss@317.14 loss@172.04 loss@206.06 loss@169.1 loss@220.17 loss@183.14 loss@296.08 loss@222.07 loss@248.15 loss@123.02 loss@239.07,0.4987561107 0.2620505691 0.1006775647 0.05262306705 0.01106961817 0.00960552413 0.004981902428 0.004146686755 0.002628680551 0.001244059415 0.001077855937 0.001066840836 0.0008877911605 0.0008610130753 0.0007233733195 0.0006065996713 0.0006053323159 0.0005678135785 0.0004984834814 0.000493252126
522,loss@177.04 frag@241.09 loss@214.06 frag@216.05 frag@171.07 frag@329.12 frag@152.03 loss@137.02 frag@305.14 frag@95.99 frag@176.06 frag@123.0 frag@59.99 frag@298.99 frag@178.01 frag@193.08 frag@150.04 frag@223.05 loss@224.03 loss@188.14,0.336722374 0.2169036716 0.1259466559 0.1234830171 0.01864192076 0.0156259127 0.01290507521 0.01193747949 0.01007233094 0.009019356221 0.006070394535 0.004571083467 0.003626201767 0.003011690453 0.002606264316 0.002307718853 0.002194158733 0.002008657437 0.001876730239 0.001732997247
523,frag@53.04 loss@269.07 frag@65.04 frag@81.03 loss@221.1 loss@240.06 loss@268.1 loss@242.1 loss@209.05 loss@286.07 frag@176.98 loss@223.08 loss@195.09 loss@248.06 loss@209.07 loss@276.11 loss@103.08 loss@235.1 loss@278.08 frag@92.06,0.2540454268 0.1123022288 0.1116306856 0.07491056621 0.07095259428 0.05906381086 0.03158420697 0.02135103755 0.01539571676 0.01507806499 0.01207309589 0.01165309176 0.009339764714 0.005600959528 0.004780923482 0.004366280977 0.004186157137 0.00414871471 0.003810434369 0.00327076111
524,frag@130.07 loss@240.13 loss@215.09 frag@118.07 loss@228.09 frag@145.09 loss@203.09 frag@132.08 loss@215.14 frag@158.06 frag@159.09 frag@118.06 frag@142.06 frag@131.07 frag@178.09 frag@146.1 frag@160.08 frag@173.07 loss@264.11 frag@130.06,0.2076907307 0.1598419994 0.04770442098 0.03921823576 0.02604242601 0.02505341731 0.02436113171 0.02030877769 0.01942846365 0.0186586827 0.01638414897 0.01596728899 0.01239595655 0.01174783427 0.01081398688 0.01077632792 0.01066889521 0.01021220628 0.009769393131 0.009289438836
525,frag@124.05 loss@182.14 frag@112.09 loss@174.14 loss@236.19 frag@208.0 loss@138.14 loss@202.17 loss@166.15 loss@242.04 loss@270.17 loss@156.14 loss@124.01 loss@129.12 loss@326.15 loss@185.0 loss@259.17 loss@328.03 loss@317.15 loss@235.01,0.3037199676 0.212222904 0.113738358 0.1131864041 0.07489152998 0.0595160611 0.01394828688 0.007934354246 0.007216207683 0.005076026078 0.003302286379 0.0029392133 0.002756344154 0.002313234145 0.002137819538 0.00194917433 0.001551462803 0.00151200511 0.001396402484 0.001229590271
526,frag@65.04 loss@212.09 frag@220.06 frag@119.06 frag@92.06 frag@134.02 frag@67.02 loss@228.06 loss@192.04 frag@116.03 frag@105.06 frag@106.06 frag@111.03 loss@110.01 loss@138.11 frag@109.01 loss@227.04 loss@186.09 frag@126.04 frag@121.04,0.140618369 0.06228472292 0.05197137594 0.04109118134 0.02400691248 0.01562214736 0.01492806803 0.01180349477 0.01091533434 0.01077380776 0.009406694211 0.009189376608 0.009104507975 0.007304742932 0.007194120903 0.006947050337 0.006938473321 0.006764983293 0.006397305522 0.006101208739
527,frag@95.05 loss@221.05 loss@195.06 loss@154.09 loss@274.14 frag@77.04 loss@310.13 loss@182.04 frag@111.04 loss@188.05 loss@231.06 loss@273.16 frag@107.05 frag@79.05 loss@236.05 loss@257.11 loss@243.15 loss@256.05 loss@286.11 loss@401.15,0.4124466777 0.1022107601 0.08155560493 0.04360123351 0.03312050179 0.03023854829 0.01746726595 0.01742450707 0.01340244059 0.01283952501 0.01224289369 0.01215751655 0.01004361361 0.009617046453 0.008185915649 0.007742497139 0.00743252039 0.006977147888 0.006554999389 0.006510069128
528,loss@242.01 frag@120.07 loss@253.06 frag@208.07 loss@221.08 frag@312.12 loss@264.11 loss@237.11 frag@92.06 frag@184.02 loss@195.11 frag@67.02 frag@125.06 frag@121.01 loss@240.1 frag@119.06 frag@207.1 loss@315.15 frag@120.06 frag@130.02,0.05995221436 0.04345083237 0.033845976 0.03208101168 0.02034358867 0.01988538727 0.01926309057 0.01857548207 0.01753696427 0.01560312975 0.01368198916 0.01312502567 0.0128240427 0.01151343435 0.0114124706 0.01101853419 0.01098402683 0.008746081963 0.008118361235 0.007638060488
529,loss@169.03 frag@117.06 loss@197.02 frag@130.06 frag@132.08 frag@116.05 frag@104.03 frag@103.05 frag@131.07 frag@115.05 frag@128.05 frag@144.07 frag@146.06 frag@118.06 frag@160.08 frag@130.07 frag@157.08 frag@158.06 loss@139.03 frag@174.09,0.35139817 0.1615651697 0.1214800328 0.05131375417 0.03950378299 0.02933198214 0.02452148683 0.01870316826 0.01759656332 0.01295508351 0.01253859606 0.009506694041 0.009006544016 0.00882924255 0.008622378111 0.006866876036 0.006310853641 0.005606869236 0.00533628976 0.004713593051
530,loss@201.0 loss@198.12 loss@338.16 frag@69.99 frag@138.08 frag@210.98 frag@330.19 frag@184.96 loss@298.15 frag@128.01 frag@221.02 loss@206.1 frag@138.03 frag@221.15 frag@179.02 frag@308.08 frag@185.95 frag@287.03 loss@384.14 frag@282.11,0.0505469963 0.01208927389 0.01106660627 0.008311267011 0.006583983544 0.00570812216 0.005576372612 0.005240250845 0.00429284526 0.003916466143 0.003567993408 0.003546723165 0.003434589365 0.003309596097 0.002943478292 0.002686190652 0.002569091273 0.002395275049 0.002312080236 0.002288418589
531,frag@103.05 frag@133.06 frag@131.05 loss@191.06 frag@161.06 loss@233.07 loss@213.06 loss@206.09 loss@204.1 loss@217.07 loss@186.04 loss@223.07 loss@241.18 loss@202.05 frag@104.06 loss@220.03 loss@273.08 loss@210.07 loss@160.05 loss@451.17,0.2078198195 0.1212752685 0.1024973169 0.06308735162 0.04025990143 0.03899404034 0.03584961593 0.03411079943 0.03291641176 0.03008648567 0.02152958326 0.0178436134 0.01490949467 0.01440303586 0.01368935779 0.01314902864 0.01275646407 0.01119343657 0.01034366991 0.009155335836
532,frag@174.06 loss@215.08 loss@156.08 loss@123.05 frag@186.06 loss@270.11 frag@163.05 loss@130.07 loss@112.09 loss@213.14 loss@206.07 frag@168.08 frag@270.11 frag@189.07 loss@301.11 loss@151.06 frag@196.05 loss@158.06 frag@172.05 loss@241.05,0.4433426559 0.2676354051 0.1392177492 0.04531084746 0.02954418398 0.009568355046 0.007268381771 0.006522301119 0.004877250176 0.002220854163 0.001431283075 0.001401821035 0.00136078964 0.00124544953 0.001229555695 0.001011546818 0.0009141103365 0.000886956288 0.0008332767175 0.00076339097
533,frag@124.06 frag@170.04 loss@292.09 loss@291.06 loss@230.1 loss@280.11 loss@309.13 loss@229.06 loss@191.03 loss@244.98 loss@276.16 frag@206.06 frag@208.05 loss@247.1 loss@253.13 loss@283.08 loss@227.06 loss@312.16 loss@281.15 loss@348.08,0.2842055559 0.1158247814 0.06159779802 0.05480889603 0.02696616575 0.01869843341 0.01644635387 0.01636440493 0.0142758321 0.01264535915 0.01243198849 0.008485562168 0.007547884714 0.0072240429 0.007012247574 0.006523715798 0.005873766262 0.005297975149 0.00494153006 0.004933680408
534,loss@192.08 frag@189.04 frag@273.09 frag@122.04 frag@194.08 frag@118.04 loss@252.06 frag@165.05 frag@107.01 frag@309.09 frag@122.94 frag@325.06 frag@56.96 frag@117.03 frag@129.09 frag@139.04 frag@185.04 frag@163.04 frag@176.07 frag@184.02,0.4700146019 0.2020029426 0.0517973192 0.03769740835 0.009029380046 0.00851860363 0.007692357525 0.007459557615 0.007353109308 0.006539616734 0.005338031799 0.005283833016 0.004965858534 0.004510779865 0.003540172009 0.003402347676 0.003374801716 0.003100936767 0.00303310412 0.002917047124
535,frag@111.05 loss@182.08 loss@183.06 loss@152.0 loss@234.0 loss@150.02 loss@76.04 loss@222.01 loss@120.05 loss@318.09 loss@306.14 loss@144.05 loss@197.02 loss@293.06 loss@211.07 loss@222.07 loss@160.08 loss@342.13 loss@200.07 loss@172.1,0.4965391457 0.15751037 0.114594616 0.0893092081 0.03820911795 0.01236070693 0.01190209296 0.009360779077 0.008456412703 0.004386643413 0.004301888403 0.003037058981 0.002351326635 0.001904570963 0.001698233886 0.001458295039 0.001381007256 0.001153103658 0.00111361756 0.00100014708
536,loss@151.03 frag@160.08 frag@118.07 loss@131.05 frag@188.07 frag@132.08 frag@204.1 loss@227.11 loss@194.1 loss@76.04 frag@115.05 frag@144.08 frag@132.04 loss@186.03 frag@131.07 loss@207.01 loss@165.05 frag@272.04 frag@326.13 frag@209.02,0.09069896489 0.07327827811 0.07215431333 0.07123430818 0.05777571723 0.04708102345 0.03587074578 0.02584930137 0.02407926694 0.01816880889 0.01455611642 0.01390953362 0.01362928934 0.01264848001 0.01239227224 0.009968017228 0.009868700057 0.009174896404 0.009099954739 0.009032222442
537,frag@161.1 loss@260.14 frag@135.08 loss@288.17 loss@298.14 frag@119.08 loss@320.16 loss@279.11 loss@295.14 loss@314.09 loss@310.16 loss@322.14 loss@292.18 frag@107.05 loss@327.15 loss@351.14 loss@217.13 loss@198.13 loss@339.15 loss@232.15,0.3730624318 0.05257518962 0.05130374059 0.04208129644 0.0380025655 0.02845346555 0.02651357464 0.02575298958 0.02447138168 0.01728378795 0.0157273151 0.01348915603 0.01348851155 0.01266965549 0.01176167 0.009035391733 0.008444365114 0.008240425959 0.007715551648 0.006472513545
538,loss@217.0 loss@297.16 frag@233.06 frag@263.11 frag@232.11 loss@153.13 frag@234.12 frag@154.12 frag@102.05 loss@84.04 loss@92.05 frag@74.1 frag@205.1 frag@146.05 frag@292.14 loss@342.07 loss@140.09 frag@136.01 frag@253.11 loss@169.16,0.1506672949 0.0933265388 0.08150982857 0.07093958557 0.04455508664 0.03241072223 0.02628770284 0.02364572696 0.01556212083 0.01445047185 0.01207194384 0.01046722196 0.007374077104 0.006437662989 0.006370312069 0.005328599364 0.005069904029 0.004810715094 0.004052156582 0.003892048495
539,frag@115.05 loss@168.05 loss@200.09 loss@115.04 loss@219.06 loss@232.05 loss@108.99 loss@114.04 loss@46.02 loss@178.04 loss@55.04 frag@142.07 frag@117.07 frag@172.05 loss@165.07 loss@348.05 loss@262.16 frag@306.11 frag@176.07 loss@205.06,0.4688359201 0.3278697133 0.07770510018 0.01405927539 0.007818197832 0.005855090916 0.004470434505 0.004100251477 0.003902571276 0.003589985659 0.003047138453 0.002966749016 0.002642211737 0.00256820512 0.001764159068 0.001625768258 0.001509467489 0.001382780378 0.001333309221 0.001263117534
540,frag@195.09 loss@224.11 frag@241.99 loss@136.09 loss@254.06 loss@137.08 frag@302.09 frag@158.05 loss@190.13 frag@236.08 frag@211.05 frag@145.04 frag@180.1 loss@348.14 loss@269.1 loss@146.07 loss@213.14 loss@227.13 loss@111.06 frag@202.1,0.2497272789 0.1605127752 0.07415807247 0.0735777244 0.05033668876 0.04990373179 0.03344058618 0.02560350113 0.01346183848 0.009439449757 0.008707140572 0.007896672003 0.006597614381 0.006328134798 0.006091712508 0.00599492481 0.004875889514 0.004722427577 0.004268592224 0.003598024603
541,loss@234.15 loss@250.09 frag@193.11 frag@210.02 frag@194.13 frag@166.12 loss@263.17 frag@193.14 frag@192.14 frag@275.11 frag@273.17 loss@309.09 frag@177.14 loss@202.99 frag@140.07 frag@242.11 loss@326.07 frag@164.08 frag@110.07 frag@266.07,0.2178496569 0.1112338305 0.07033146918 0.0507898666 0.04872266948 0.04691828787 0.04307267442 0.03063989617 0.02917857841 0.0221974887 0.02151511796 0.02149418183 0.01843973063 0.01525088958 0.00668762438 0.006556167267 0.006074240897 0.005768090487 0.004872357007 0.00454284437
542,loss@198.11 frag@202.16 loss@251.15 frag@164.07 frag@151.12 loss@153.09 frag@243.06 loss@283.13 frag@108.08 frag@157.13 frag@126.08 loss@333.14 loss@247.13 frag@139.09 frag@183.11 frag@243.12 frag@128.08 frag@218.12 frag@236.11 frag@131.97,0.209991619 0.03939674795 0.029526636 0.02901688963 0.02694353275 0.01904375106 0.01799712703 0.01582975127 0.01494601928 0.01404066011 0.01220622007 0.01200777665 0.01134042814 0.01064821985 0.009358065203 0.00675245095 0.006310312077 0.005593031645 0.00545376027 0.005211270414
543,frag@82.06 frag@97.08 frag@83.06 loss@209.06 frag@111.09 loss@255.07 loss@183.14 loss@163.05 frag@56.05 loss@241.06 loss@197.15 loss@229.05 loss@238.06 loss@182.12 frag@82.07 frag@83.07 loss@242.05 frag@69.06 frag@177.03 loss@271.02,0.1741053611 0.09042568505 0.06123201177 0.03834441304 0.02604572661 0.02565704659 0.02489191107 0.02352892049 0.02038212493 0.01985135302 0.01932993904 0.01761949062 0.01718407683 0.01706668176 0.01695054024 0.01683792099 0.0166042801 0.01640472747 0.01470748708 0.01344786305
544,frag@192.07 loss@102.07 frag@87.04 loss@114.07 loss@142.06 loss@126.07 loss@130.06 frag@212.09 loss@96.09 frag@73.04 loss@253.01 frag@65.0 frag@223.98 frag@98.98 frag@247.13 loss@252.05 loss@96.06 frag@318.07 frag@246.11 frag@224.08,0.1059067771 0.09794456512 0.08031968027 0.07550114393 0.07385309041 0.06489181519 0.05852007493 0.04037433118 0.03287058324 0.0289040003 0.02100333385 0.0203306675 0.0170082245 0.0164933335 0.01634564064 0.01406588871 0.01401500683 0.01042137947 0.009985279292 0.009012985043
545,frag@197.09 frag@152.01 loss@167.14 loss@156.16 loss@180.14 loss@148.04 loss@383.14 frag@199.08 loss@172.02 frag@279.05 loss@138.0 loss@213.99 loss@232.03 loss@223.17 loss@235.98 loss@287.17 loss@248.04 loss@342.05 loss@294.0 loss@209.01,0.2786265612 0.1631183177 0.1346974522 0.06915055215 0.03974046558 0.01962661557 0.01174887363 0.0116026774 0.005538460333 0.005371010397 0.004673552699 0.004584360402 0.004229432903 0.003346513025 0.003274036106 0.002918632934 0.002801663009 0.002709918423 0.002694024704 0.002652098425
546,loss@206.11 frag@126.05 frag@179.08 frag@108.04 loss@180.09 loss@295.13 frag@136.04 loss@247.1 frag@163.09 loss@291.08 loss@245.12 loss@249.1 loss@178.11 loss@235.1 loss@194.11 loss@222.1 loss@196.09 loss@221.12 loss@223.1 frag@120.04,0.3333416581 0.2825356424 0.1007046849 0.06571741402 0.04988410324 0.03978435323 0.02080677263 0.006372814998 0.005859413184 0.00482793618 0.003797551151 0.003690350335 0.003344309516 0.003083173884 0.002977368189 0.002882133704 0.002594911261 0.002228606492 0.002071516821 0.0017593886
547,frag@200.08 loss@143.07 frag@174.1 loss@142.01 loss@173.1 frag@299.07 frag@132.06 loss@241.07 loss@108.08 loss@190.01 loss@176.07 loss@177.05 frag@268.14 frag@158.07 loss@163.11 loss@188.07 frag@159.06 frag@230.17 frag@132.07 frag@93.04,0.4069769979 0.3712161481 0.03832765296 0.01209496707 0.008886805736 0.005526183639 0.005091449246 0.004278433044 0.003140532179 0.002595971106 0.002436580602 0.002356240526 0.002240670379 0.002095003845 0.001951003331 0.001896547154 0.001811733469 0.001773750642 0.00171196775 0.001635747263
548,frag@185.07 frag@203.08 loss@160.1 loss@265.12 loss@188.09 loss@149.12 frag@213.07 loss@246.18 loss@331.09 loss@303.14 frag@159.09 loss@203.09 frag@199.09 loss@344.17 loss@274.19 loss@230.05 loss@142.11 loss@129.09 loss@173.11 loss@173.12,0.2889882326 0.1119198874 0.1065912172 0.08752565831 0.08038932085 0.07020942122 0.06759459525 0.02567339502 0.02223125473 0.01707687601 0.007624361198 0.00464227004 0.003936222289 0.003195869038 0.003172199475 0.002538175788 0.002517028479 0.002451147884 0.002354033291 0.002189440653
549,frag@135.05 loss@179.05 loss@216.05 frag@83.03 loss@222.03 loss@275.14 loss@305.01 loss@129.01 loss@160.08 loss@166.02 loss@205.07 loss@152.0 loss@173.01 frag@139.03 loss@244.1 loss@177.05 loss@222.12 frag@172.05 loss@210.06 loss@180.07,0.3813548684 0.1402516514 0.1195070744 0.1076106057 0.07827978581 0.06256013364 0.04342108965 0.003476021811 0.003038204974 0.002204053802 0.001698772772 0.001463307068 0.001450260286 0.001274902024 0.001242650673 0.001222994411 0.001074416912 0.001039798721 0.0008971628267 0.0008386245463
550,frag@155.02 loss@132.06 loss@173.06 frag@262.16 frag@234.97 frag@187.98 frag@198.16 frag@143.08 loss@147.08 frag@148.04 frag@197.11 frag@323.15 frag@118.04 frag@273.11 frag@170.08 frag@291.15 frag@231.11 frag@206.08 frag@189.01 frag@147.06,0.3352118731 0.2608847022 0.2236013263 0.04267247394 0.02831522748 0.01570367068 0.01299000345 0.008315132 0.003803778673 0.00281059579 0.002012559446 0.001794899697 0.001770751667 0.001648088917 0.001543483348 0.001436856925 0.00141613395 0.001015184331 0.0009797670646 0.0009089844534
551,loss@264.14 loss@277.17 loss@324.14 frag@237.14 frag@306.16 frag@272.05 frag@195.19 frag@102.13 loss@307.18 loss@251.19 loss@257.18 frag@225.12 loss@379.12 frag@323.09 frag@99.98 loss@252.17 loss@260.2 loss@341.19 loss@312.2 loss@281.02,0.03472397849 0.02857842483 0.02383180335 0.02179941721 0.01861692593 0.01546013728 0.01378122251 0.0118386047 0.01136504486 0.01057007536 0.008397066966 0.007962659933 0.00764131546 0.007404368836 0.005756462459 0.005288574845 0.004945852328 0.004862945992 0.004722471815 0.004355153069
552,frag@292.12 loss@246.16 frag@317.09 frag@234.09 frag@297.18 frag@170.09 frag@323.11 frag@71.93 frag@153.14 frag@215.11 loss@318.16 loss@134.0 frag@298.11 loss@169.0 loss@79.02 loss@305.07 frag@335.14 loss@337.13 loss@180.0 frag@291.06,0.07897405326 0.03250337392 0.02035431564 0.01848073117 0.01559235994 0.01552649122 0.013567538 0.01320879348 0.0126214195 0.01009210013 0.007850573398 0.006568827666 0.006058867555 0.005985555705 0.004987259395 0.004767816048 0.004559259396 0.004068914335 0.003894645255 0.003828637302
553,frag@96.08 loss@137.12 frag@97.09 frag@98.1 loss@384.17 loss@263.08 loss@355.16 loss@333.09 loss@204.02 frag@70.07 loss@287.14 loss@346.09 frag@57.06 loss@260.04 frag@44.05 loss@468.23 frag@142.09 loss@168.14 loss@246.17 frag@124.11,0.265981108 0.1935219765 0.06227137893 0.04589423537 0.02718476951 0.02599664964 0.02211375348 0.02146832459 0.02001026087 0.0179880783 0.01639369316 0.01422313415 0.01393616013 0.01192253642 0.01160255075 0.01152031031 0.009328675456 0.008393322118 0.006828657351 0.006596034393
554,frag@97.06 loss@251.07 loss@329.17 frag@113.06 frag@67.05 loss@275.15 loss@234.05 frag@41.04 loss@220.15 loss@239.16 loss@360.13 loss@230.16 loss@163.14 loss@268.15 loss@209.18 frag@69.03 loss@243.07 frag@43.02 loss@355.07 loss@223.09,0.434625417 0.2895660996 0.09425405413 0.02270389162 0.0206083525 0.005325996317 0.004465953913 0.004357409663 0.00386946043 0.00386803248 0.003292545211 0.003091240535 0.002847344149 0.00254169642 0.002291447017 0.002272029873 0.00219372008 0.00206236192 0.001978880726 0.001918673748
555,frag@159.07 loss@159.07 frag@175.06 loss@170.03 loss@133.06 frag@187.06 loss@57.07 loss@113.13 loss@129.1 loss@100.13 loss@203.96 frag@324.12 loss@113.06 frag@155.06 loss@176.11 loss@222.01 frag@258.1 frag@145.06 loss@163.06 frag@172.08,0.2881169617 0.192270726 0.1150366664 0.08559133112 0.08508949727 0.07093559951 0.05302791297 0.01584712416 0.007702433039 0.007380048279 0.005380930379 0.004708996974 0.004025240894 0.003303576494 0.002854257822 0.002689499175 0.002541558817 0.002469926374 0.001785472734 0.001718632411
556,frag@179.03 loss@152.05 frag@210.09 loss@93.02 loss@95.11 loss@260.18 loss@96.02 loss@114.1 loss@148.0 loss@263.98 loss@78.92 loss@114.07 loss@68.03 loss@240.03 frag@161.02 loss@526.23 loss@124.05 loss@294.1 loss@135.01 loss@176.12,0.2921564579 0.2188909501 0.1952141076 0.107496351 0.03796998784 0.03040540777 0.02199024893 0.01284781937 0.007462379988 0.006925764494 0.004172026645 0.003780776402 0.002779898001 0.002470064908 0.002159778494 0.002072002739 0.00178284233 0.001613420318 0.001565914718 0.001470732153
557,frag@94.07 loss@205.12 loss@239.14 loss@221.04 loss@260.13 loss@162.08 loss@188.13 loss@243.08 loss@187.08 loss@208.12 loss@230.01 loss@108.08 loss@284.12 loss@199.0 loss@278.17 loss@231.14 loss@221.15 loss@188.08 loss@248.16 loss@226.08,0.4964453578 0.3281834424 0.09503436834 0.01295780484 0.004081563558 0.002557823667 0.002551718149 0.002341286745 0.002124670194 0.002091255505 0.001807312714 0.00171456777 0.00160134607 0.001568852458 0.001512412564 0.001304996433 0.001297830255 0.001251545153 0.001064493787 0.001024481258
558,frag@177.02 loss@170.12 frag@317.13 loss@348.13 loss@184.01 frag@223.07 loss@263.12 frag@303.15 frag@113.08 frag@330.15 loss@168.02 loss@327.11 loss@284.1 loss@131.09 frag@213.11 frag@154.95 frag@143.15 frag@207.12 frag@221.15 frag@326.08,0.1592799872 0.06362761557 0.04922870174 0.02462490276 0.01088126004 0.009536214173 0.009156841785 0.009097904898 0.00743130967 0.00511128502 0.004554328043 0.004363632295 0.00394763425 0.003881701734 0.003695668653 0.003629926126 0.003609080799 0.003603749909 0.003487654962 0.003346016165
559,frag@276.11 loss@129.1 frag@144.02 frag@319.17 frag@168.0 loss@130.05 frag@328.13 frag@259.05 frag@128.09 loss@331.08 loss@185.13 frag@327.11 loss@394.07 frag@284.16 loss@303.16 loss@302.11 frag@287.15 loss@207.01 loss@268.03 frag@341.16,0.03560587391 0.02676360868 0.02320580371 0.02158899233 0.01379907131 0.01239300612 0.01183802914 0.01146387029 0.01126438566 0.01034135278 0.01024164446 0.01013030764 0.009870008565 0.009738411754 0.009497825988 0.008616026491 0.008551205508 0.008525966667 0.007960477844 0.007718727924
560,loss@138.05 loss@44.04 frag@237.09 loss@85.06 frag@262.06 frag@260.12 loss@208.0 frag@264.08 loss@137.07 loss@44.05 frag@253.09 loss@32.05 frag@229.08 loss@92.07 frag@275.13 frag@240.04 frag@272.06 loss@71.05 frag@194.07 loss@78.92,0.1156031787 0.08400890976 0.07215043157 0.05936423317 0.05770719051 0.05061576143 0.04512791708 0.03920701146 0.02315086313 0.02189723589 0.02117352374 0.02048851363 0.01804326661 0.01798114367 0.01496144757 0.01455164235 0.01028741337 0.009990581311 0.008493469097 0.00799201522
561,frag@119.09 frag@131.09 frag@147.08 frag@145.1 loss@296.13 loss@236.07 loss@328.07 loss@275.12 frag@149.1 frag@175.11 loss@257.08 loss@308.13 loss@296.09 loss@330.13 loss@205.15 frag@143.09 loss@287.12 loss@230.13 loss@181.1 loss@258.16,0.1914519817 0.1199958026 0.04246427864 0.03390232474 0.02965106815 0.0261363741 0.02464506961 0.01793611795 0.0170646105 0.01602426916 0.01468981244 0.01429732889 0.01390791498 0.01247866731 0.01134931855 0.01099041384 0.01095597539 0.01079504099 0.0107451845 0.01066209376
562,frag@65.04 loss@204.05 loss@251.06 loss@225.06 loss@240.06 frag@67.02 loss@227.05 loss@239.05 loss@213.03 loss@228.06 loss@235.04 loss@258.07 loss@215.02 frag@119.06 loss@162.01 frag@92.06 loss@315.12 loss@268.09 loss@238.05 loss@237.08,0.4674695432 0.2551467717 0.07522613555 0.05651613325 0.01455682423 0.01112755947 0.009449731559 0.0094014965 0.005508027971 0.004888077267 0.00364327943 0.003118170425 0.002644051099 0.002614363329 0.002588863485 0.002331160009 0.002208336489 0.001791000599 0.001740953885 0.001719103078
563,loss@141.08 loss@113.08 frag@179.04 frag@209.08 frag@218.05 loss@128.09 loss@103.1 frag@252.1 frag@249.05 frag@221.08 loss@129.11 frag@260.06 loss@86.07 frag@269.13 frag@251.13 frag@181.07 frag@200.04 frag@216.11 frag@260.1 frag@197.08,0.1985864937 0.1722988188 0.1029931381 0.08735164255 0.04227623716 0.03947780654 0.03443722799 0.03124263324 0.02852982469 0.02317516878 0.01460747048 0.01362472028 0.008278013207 0.008133721538 0.008098796941 0.006009137724 0.005950638093 0.004578221589 0.004534533713 0.003806538414
564,frag@216.07 loss@244.14 frag@218.06 loss@243.04 loss@170.06 loss@342.17 loss@177.11 frag@203.05 frag@228.08 loss@106.04 frag@325.07 loss@189.01 loss@286.09 frag@173.06 loss@233.99 loss@170.14 loss@283.06 loss@204.14 loss@235.05 loss@162.12,0.3019330502 0.2480437011 0.1640141755 0.1278769225 0.04726012424 0.004466447514 0.004301283974 0.0037604135 0.002981332364 0.002636299934 0.002091145841 0.001680960064 0.001654353342 0.001448126975 0.001208378584 0.001201295992 0.001196043217 0.001189178089 0.001100631547 0.001055951463
565,loss@93.06 frag@226.04 frag@305.11 frag@172.93 frag@228.08 frag@225.03 frag@143.02 frag@323.14 loss@119.04 loss@78.04 frag@237.1 frag@230.02 frag@243.03 frag@218.13 frag@231.04 frag@116.97 loss@104.04 loss@136.1 frag@246.07 frag@218.07,0.3753069043 0.07168769836 0.04999345914 0.02880687639 0.02665567957 0.02461063862 0.01742945053 0.01715258881 0.0160275232 0.0102912914 0.008022345603 0.007140184753 0.005362101365 0.005306270905 0.005156604107 0.004799823277 0.004525774159 0.004453433678 0.004407140892 0.004258161876
566,frag@67.05 loss@241.14 loss@284.08 frag@43.02 loss@274.12 loss@233.11 frag@83.05 loss@264.12 frag@97.06 loss@266.14 loss@240.11 loss@226.1 loss@229.11 loss@239.04 loss@224.08 frag@69.03 loss@252.11 loss@288.13 loss@281.13 loss@223.12,0.3621906936 0.07998622954 0.05716968328 0.04459100217 0.01938138343 0.01931906492 0.0147586111 0.01455267426 0.01313854102 0.01164190751 0.01133702975 0.0113237286 0.01072168257 0.01047949027 0.01047540363 0.01017957274 0.009846466593 0.00979743991 0.009491024539 0.009073421359
567,loss@133.07 frag@211.08 frag@209.1 loss@98.11 frag@265.09 loss@115.05 frag@182.07 frag@194.07 frag@195.08 loss@136.07 loss@200.94 loss@314.21 loss@117.0 frag@197.06 loss@145.97 loss@104.03 loss@35.98 frag@171.08 loss@99.05 loss@58.03,0.1623736173 0.1409413666 0.09692090005 0.08451255411 0.07776813954 0.05660290644 0.05317131802 0.03458781913 0.0258262679 0.02148205228 0.01650063694 0.01486771367 0.01400945336 0.007802349981 0.007343988866 0.006971022114 0.006470567081 0.006320614833 0.005829970352 0.005243629217
568,loss@246.12 frag@140.07 frag@184.01 frag@238.02 frag@128.07 loss@246.06 loss@157.12 loss@231.15 loss@248.19 loss@144.11 loss@247.13 frag@100.08 loss@87.1 frag@112.08 loss@242.05 frag@44.05 frag@230.03 frag@74.02 frag@71.09 frag@154.1,0.1419075131 0.0934260115 0.06517212838 0.04375503957 0.03574057668 0.0299274791 0.02936122939 0.02503328584 0.02365055308 0.02080438845 0.0100664394 0.009278993122 0.009243759327 0.008816152811 0.008625445887 0.008016495034 0.007952768356 0.007470129058 0.007146479096 0.006528244354
569,frag@94.06 loss@219.14 loss@222.14 frag@122.06 loss@287.07 loss@267.08 loss@245.09 loss@236.08 loss@210.1 loss@277.13 loss@264.04 loss@251.13 loss@235.11 loss@261.15 loss@251.08 loss@214.05 loss@195.13 loss@194.11 loss@198.08 loss@224.06,0.4569956362 0.1362231225 0.1086181477 0.03100571781 0.02990119904 0.02485325374 0.02014763467 0.007786473725 0.007010316476 0.005056068301 0.004476874135 0.004190964159 0.004180234857 0.004132944159 0.004077422433 0.003922512755 0.003626534715 0.003615953028 0.003544580657 0.003415134968
570,frag@75.02 loss@76.03 loss@111.01 frag@323.11 frag@187.0 loss@91.01 frag@294.07 loss@122.02 loss@135.0 frag@261.09 loss@97.03 frag@208.05 frag@293.12 frag@161.02 loss@161.04 loss@108.02 loss@192.0 frag@167.04 frag@91.04 loss@130.99,0.1968996823 0.09808494896 0.08029606193 0.06424690783 0.05269668251 0.03739167005 0.0263248682 0.0255273208 0.02476574853 0.02381244861 0.01919777319 0.01772088744 0.009609316476 0.007720992435 0.007480873261 0.00671516126 0.005969718099 0.00527322432 0.005140161607 0.00498304097
571,frag@187.08 loss@212.05 loss@310.07 frag@292.07 loss@143.01 frag@296.11 frag@185.1 frag@282.09 frag@277.13 loss@298.07 frag@245.02 loss@156.06 frag@199.11 frag@285.11 frag@320.16 frag@342.17 frag@255.09 loss@288.01 frag@213.13 frag@225.09,0.1833817661 0.1549734771 0.07273587584 0.02837233432 0.02763827331 0.01404537633 0.01324542146 0.007138754707 0.006570786238 0.005486678332 0.005269990768 0.004517774563 0.004009476863 0.003916141577 0.00386083289 0.003173618112 0.003022690071 0.002746942686 0.002739260206 0.002608180512
572,frag@58.06 frag@72.08 frag@100.08 frag@86.1 frag@58.07 loss@316.15 loss@162.12 loss@304.13 frag@100.11 loss@266.9 loss@157.15 loss@322.07 frag@128.11 loss@206.13 loss@213.94 loss@320.08 loss@329.16 loss@267.06 loss@169.15 loss@288.22,0.1142493561 0.1036829278 0.05980426446 0.05631812662 0.03870891407 0.03562812507 0.02577947266 0.0230222512 0.02069176175 0.01895959862 0.01790290512 0.01670254767 0.0149077829 0.01317449007 0.01295645349 0.01273422688 0.01255375426 0.01231178828 0.01190365758 0.01176423579
573,loss@160.07 loss@139.08 frag@214.1 frag@236.08 frag@216.08 frag@240.11 frag@280.11 frag@224.12 loss@86.07 frag@196.1 frag@215.09 frag@271.11 frag@320.11 loss@224.99 frag@295.12 loss@179.04 loss@109.06 loss@157.06 loss@128.09 loss@106.05,0.2097051144 0.1151162237 0.1024713293 0.07351832092 0.0585295707 0.04560631141 0.03535928577 0.03296888247 0.0327524133 0.02720979787 0.02573924884 0.02310086973 0.01655089296 0.01597332209 0.01419827715 0.01363907848 0.009810050018 0.007576188538 0.005939397961 0.004663047381
574,loss@285.09 frag@164.06 frag@101.06 frag@157.13 loss@243.12 frag@300.17 frag@202.16 frag@315.1 frag@191.1 loss@222.1 frag@245.09 frag@172.02 loss@259.1 loss@233.1 loss@325.1 frag@182.13 loss@291.1 loss@328.15 frag@180.05 frag@272.18,0.06485017389 0.0645256266 0.01712338813 0.01674822532 0.01622347906 0.01502296608 0.01496067271 0.0142612448 0.01359912008 0.01237426419 0.01234076079 0.01202357747 0.01153292786 0.01076918188 0.008288789541 0.007454965264 0.00719662616 0.007085938472 0.006706804503 0.006411198527
575,frag@136.06 loss@167.07 frag@135.07 loss@132.04 loss@116.05 frag@128.03 frag@126.07 frag@137.05 loss@146.06 frag@112.02 loss@149.07 loss@174.05 loss@156.04 frag@112.05 loss@184.04 loss@204.08 loss@133.07 frag@98.01 frag@44.98 frag@173.04,0.0651987195 0.06285206974 0.06067431346 0.05775363743 0.04237828031 0.04169658944 0.03638669476 0.03499504551 0.03319907561 0.03239458427 0.02841119282 0.02778670937 0.02426345088 0.02260372229 0.02128099091 0.02091159485 0.02075273916 0.01716767438 0.01429954823 0.01381241158
576,frag@44.05 loss@275.11 loss@234.05 loss@252.13 loss@271.14 loss@290.12 loss@81.97 loss@154.01 loss@209.98 loss@267.04 loss@246.05 loss@249.12 loss@316.15 loss@290.16 loss@152.13 loss@214.14 frag@110.1 loss@328.13 loss@298.19 frag@70.06,0.4779959917 0.1001232341 0.08963732421 0.06452258676 0.05512155592 0.04241830111 0.02505471557 0.01518170722 0.01503127348 0.01341972779 0.006842108909 0.006163130049 0.005752969533 0.004330749158 0.003267674241 0.002674154704 0.002427645493 0.002411013469 0.002273594262 0.002191660227
577,loss@273.09 frag@268.09 frag@143.06 loss@267.02 loss@238.07 frag@163.12 frag@76.02 loss@179.14 frag@171.06 loss@213.13 loss@155.05 frag@229.06 loss@269.06 frag@211.02 frag@168.06 loss@296.05 frag@245.11 loss@172.06 frag@364.1 frag@259.11,0.1003383622 0.06539759785 0.05308543518 0.05237000063 0.04979606718 0.02605194785 0.02385627851 0.01967545599 0.01860686019 0.01811321266 0.01601277478 0.01450597029 0.01317583304 0.01053228416 0.009934747592 0.00992768351 0.00916173216 0.007336729672 0.00665348256 0.005601634737
578,frag@122.06 frag@94.06 loss@221.1 loss@235.11 loss@254.08 loss@245.09 loss@190.08 loss@207.1 loss@222.14 loss@247.07 loss@234.14 loss@235.1 loss@207.05 loss@287.13 loss@227.03 loss@240.06 loss@291.08 loss@267.08 loss@194.09 loss@246.02,0.3000340164 0.1596654058 0.1041315421 0.06543274969 0.03677641228 0.03054628521 0.01646346785 0.01129750349 0.01046038698 0.007627480663 0.007092663553 0.006258453708 0.005354405381 0.005088571925 0.004970221315 0.004916469101 0.004819739144 0.004783207551 0.004679878708 0.004521357361
579,frag@198.13 loss@144.14 loss@299.16 frag@69.99 frag@184.11 loss@298.15 loss@311.16 frag@348.06 loss@279.15 frag@336.21 loss@168.01 frag@215.12 loss@251.14 frag@249.97 frag@305.12 frag@254.02 frag@327.12 frag@260.16 frag@319.15 frag@130.02,0.0232418105 0.02260912769 0.01937717758 0.0175810717 0.01600083336 0.01588122547 0.01341003552 0.01166796312 0.009632615373 0.008989634924 0.008384738117 0.00785858836 0.007082514931 0.0069901729 0.00695501687 0.006379494909 0.005252846982 0.00459232321 0.004043237306 0.003774240147
580,frag@192.03 loss@128.03 frag@293.14 loss@115.04 frag@260.05 frag@156.01 loss@128.04 loss@190.04 loss@227.0 loss@116.05 frag@203.0 loss@101.04 loss@128.06 frag@210.04 frag@148.06 loss@203.95 loss@111.02 loss@193.01 loss@100.02 loss@360.07,0.2679644823 0.2528998852 0.05608356744 0.02324834466 0.01627479121 0.01062684227 0.01019161195 0.009629744105 0.009427246638 0.008526015095 0.008369462565 0.006366311107 0.005606570747 0.005065971985 0.005012065638 0.004815971944 0.004796121735 0.004661527462 0.004212978296 0.00387538923
581,loss@99.08 frag@248.08 loss@73.07 frag@279.08 frag@283.12 frag@282.1 frag@242.08 frag@333.13 loss@99.06 frag@282.09 loss@74.06 loss@56.05 frag@192.15 frag@285.13 frag@231.09 frag@276.07 frag@291.99 loss@117.1 loss@189.96 loss@269.04,0.144529134 0.1278183609 0.06318793446 0.0404060632 0.02937003039 0.01869869791 0.01730574295 0.0113837244 0.01082919724 0.01066190097 0.01014643442 0.00977513846 0.00897068996 0.008295440115 0.006735255476 0.006049178075 0.005733247381 0.005567996297 0.004713780712 0.004610645585
582,loss@288.1 loss@227.16 frag@239.13 frag@316.16 loss@263.08 frag@232.11 frag@301.11 loss@175.16 frag@315.12 frag@144.99 loss@256.14 loss@224.0 frag@206.09 frag@338.11 loss@488.04 loss@251.16 loss@141.11 loss@285.17 frag@71.09 loss@225.88,0.0624108091 0.04219830781 0.02590648085 0.01897306368 0.01867968962 0.01650628075 0.01498628687 0.01010011416 0.00900912378 0.007783633657 0.007195057813 0.006671515759 0.006234423723 0.005442279857 0.005394819193 0.005229282193 0.005150546785 0.005100561772 0.00481163431 0.004672675394
583,loss@163.03 frag@174.08 frag@181.02 frag@169.02 loss@293.1 loss@258.01 frag@55.04 frag@273.13 loss@124.1 loss@227.14 loss@60.03 frag@184.04 frag@154.01 frag@83.02 loss@128.05 loss@230.04 loss@211.14 loss@344.97 loss@255.05 loss@92.01,0.2144827247 0.2051987797 0.126390487 0.0878688246 0.07811412215 0.06595783681 0.01196635887 0.007092463784 0.006327222101 0.006235457491 0.005439684261 0.004440941848 0.004107462242 0.003446462564 0.00290258741 0.002413000679 0.002375849057 0.001938007772 0.001926628407 0.001903552446
584,loss@300.12 frag@211.12 loss@297.15 loss@280.15 frag@215.06 frag@180.11 loss@308.1 frag@126.1 frag@212.06 frag@213.0 frag@72.08 frag@74.06 loss@333.13 loss@396.14 frag@217.13 loss@235.98 loss@144.11 frag@201.1 frag@101.01 frag@281.09,0.138840422 0.1352782845 0.09842152148 0.04979608953 0.04047645628 0.03847518936 0.01873253845 0.01198317949 0.007547619753 0.007017693017 0.006014699116 0.005692816339 0.005508448929 0.005348129198 0.004899728112 0.004474959802 0.004468857311 0.004458836745 0.004310744815 0.004273039754
585,frag@146.06 loss@181.08 frag@118.06 loss@149.03 loss@184.08 frag@130.06 frag@128.05 loss@229.12 frag@145.08 frag@178.09 loss@199.07 loss@203.08 loss@175.03 loss@202.06 loss@199.09 loss@200.1 frag@173.07 loss@287.1 loss@203.11 loss@201.09,0.1853732467 0.09440967441 0.05303592235 0.05173805356 0.04352055117 0.04219465703 0.04124796763 0.03953841329 0.03062261827 0.02877508104 0.02355045825 0.02223329619 0.01688272692 0.01416278072 0.01002341602 0.008924886584 0.008217643015 0.007996311411 0.007757012267 0.00753688952
586,frag@189.05 loss@133.09 loss@150.07 frag@172.96 loss@166.1 loss@248.11 frag@281.15 loss@283.12 frag@297.15 frag@208.02 frag@183.1 loss@374.15 loss@282.16 loss@348.16 loss@356.14 loss@323.19 loss@203.09 loss@348.14 frag@170.98 frag@286.12,0.2561276555 0.1298463345 0.1277776808 0.1224078462 0.069105573 0.05030040815 0.03075336479 0.02008897811 0.01761819981 0.01329661906 0.01179893967 0.009455494583 0.009128144942 0.007244539913 0.007033685688 0.005997926928 0.005326954182 0.005181534216 0.004964548163 0.004418614786
587,frag@217.12 frag@258.99 loss@229.17 frag@195.98 frag@69.49 frag@215.11 frag@292.12 loss@338.14 frag@277.07 loss@115.02 frag@225.94 loss@158.98 frag@240.05 frag@184.12 loss@306.16 frag@227.06 loss@231.95 frag@266.06 frag@124.0 loss@291.09,0.0330988802 0.02446512319 0.02342400141 0.01967369579 0.01845456846 0.01639066637 0.01600783132 0.01300431509 0.01078343205 0.009119058028 0.008117141202 0.008041050285 0.007154483814 0.006032814737 0.005820122547 0.005756809842 0.005535864271 0.005440928973 0.005389107391 0.005255621392
588,frag@169.1 frag@268.1 loss@252.14 loss@292.17 frag@230.06 loss@337.17 loss@270.16 frag@233.15 loss@320.13 loss@276.14 loss@266.15 frag@218.15 loss@234.13 loss@312.14 loss@388.2 loss@332.15 loss@479.16 loss@304.1 loss@313.14 loss@198.13,0.3111921549 0.05772418529 0.05666317046 0.04844809324 0.04826749489 0.04095659405 0.02667183802 0.01591099612 0.01539805625 0.01475958154 0.0143646989 0.01409394201 0.009609996341 0.008641069755 0.007346089464 0.006285762414 0.005165130831 0.004841776565 0.004498593975 0.004491345491
589,loss@170.12 loss@124.1 loss@143.1 frag@257.14 frag@262.12 frag@162.12 frag@257.11 loss@171.1 loss@112.09 loss@117.03 loss@278.11 frag@313.13 loss@155.09 frag@147.0 loss@89.05 frag@250.12 frag@183.09 loss@275.07 frag@300.11 frag@213.11,0.07571003586 0.06817715615 0.05978474393 0.05653567612 0.03933948278 0.03469436616 0.03108838201 0.02928431705 0.02543164045 0.02153149806 0.01716455631 0.01551968418 0.01272811741 0.01221679058 0.01125393622 0.01118579879 0.008832768537 0.006901031826 0.006763631012 0.006296189968
590,frag@110.04 loss@173.08 loss@242.09 frag@112.06 loss@199.09 loss@257.08 frag@162.97 frag@172.06 loss@217.1 loss@177.08 frag@102.04 loss@158.07 loss@212.05 frag@182.95 frag@219.02 loss@211.05 loss@227.09 loss@181.08 loss@202.09 loss@254.05,0.374746412 0.2589260638 0.1993754953 0.1007252336 0.003018397372 0.002930009738 0.002833110513 0.002656234894 0.002138446318 0.001425641705 0.00135212671 0.001288063126 0.001283838297 0.0009701876552 0.0009079896263 0.0008895025239 0.0007811029791 0.000653606432 0.0006519852323 0.0006051152595
591,frag@125.06 frag@92.03 loss@217.05 loss@264.09 frag@130.02 loss@242.01 loss@220.11 loss@237.11 frag@184.02 loss@227.09 loss@204.06 frag@156.04 loss@274.14 loss@263.09 loss@309.11 loss@316.12 loss@277.11 frag@105.05 loss@204.07 loss@221.08,0.2170303762 0.1204548627 0.04577400908 0.03923552856 0.01509002689 0.01467738859 0.0127901556 0.01256819256 0.01251614559 0.01244979352 0.01234162692 0.01200444717 0.0109027233 0.009702550247 0.008672834374 0.008525933139 0.008195275441 0.007839548402 0.007643201854 0.007406455465
592,loss@209.05 frag@149.02 loss@193.08 loss@218.02 frag@199.12 frag@193.13 frag@174.97 frag@121.04 frag@149.03 loss@252.09 loss@276.06 loss@280.03 frag@318.16 loss@175.01 frag@385.13 loss@242.11 frag@141.03 loss@208.08 frag@187.12 frag@196.05,0.1073403582 0.1006055474 0.06870476902 0.06484378874 0.06111073121 0.04290223494 0.04138450325 0.02882504277 0.02450176515 0.02155519836 0.01015605126 0.008681432344 0.007996131666 0.007795102894 0.007412802428 0.00712736696 0.006552876439 0.005434261169 0.005295473151 0.004788146354
593,frag@133.08 loss@178.06 loss@203.07 loss@206.06 frag@132.07 frag@121.08 frag@282.12 loss@203.04 loss@193.09 loss@176.06 loss@180.07 frag@125.01 loss@199.07 loss@214.11 frag@172.04 loss@222.12 frag@131.06 loss@197.05 frag@149.02 frag@170.05,0.4310388267 0.2051990628 0.1976721585 0.02796084061 0.01519508194 0.01108870935 0.006472109351 0.005634512752 0.005562255159 0.00518674776 0.004554593936 0.004308599979 0.003996786661 0.003615226597 0.002882776316 0.002648298163 0.002582679968 0.002572916215 0.002490489278 0.002307529794
594,loss@182.06 frag@195.09 frag@194.08 loss@176.12 frag@182.08 frag@193.09 loss@148.01 loss@144.09 frag@208.11 loss@421.99 frag@316.11 frag@205.06 frag@197.04 loss@120.06 loss@136.09 frag@320.12 loss@158.11 frag@280.11 loss@218.04 frag@152.05,0.282674253 0.2370039523 0.1957922131 0.1791557819 0.02393504232 0.008064365014 0.006410897709 0.003612739034 0.003210288938 0.002563147573 0.002004255308 0.001974307699 0.001566337538 0.001525567612 0.001461815438 0.001342062722 0.001161149819 0.00109162624 0.0009615562158 0.000936265802
595,loss@178.07 frag@178.1 frag@211.01 frag@185.03 loss@184.15 frag@169.98 frag@251.04 loss@64.03 frag@220.01 frag@130.04 loss@113.06 frag@147.03 frag@200.93 frag@336.17 frag@155.05 frag@155.06 frag@189.1 loss@135.03 frag@93.04 frag@179.03,0.4375786185 0.323363781 0.0609934926 0.03322410583 0.02986419573 0.02123183757 0.0155800255 0.01233602874 0.003952851053 0.003791966243 0.002272161655 0.001981448615 0.001900691073 0.001733666286 0.001402670285 0.001275239862 0.001209987211 0.0009031581576 0.0008590230718 0.0008556626271
596,frag@165.1 loss@185.09 loss@364.14 frag@243.06 frag@74.93 loss@213.12 loss@207.16 frag@202.16 loss@303.1 loss@222.12 loss@246.05 loss@263.16 loss@120.09 frag@124.03 loss@188.15 frag@220.12 loss@251.12 loss@241.01 loss@301.1 loss@182.1,0.3880723715 0.2730331719 0.0588548407 0.04104456678 0.01532913279 0.0074474914 0.006401802879 0.005261997692 0.004857701249 0.004814087413 0.004619981162 0.004166733939 0.004023045301 0.003711929312 0.003658381524 0.00346171041 0.00321180746 0.003025105456 0.002991376212 0.002536361804
597,frag@123.04 loss@197.09 loss@239.1 loss@168.04 loss@224.02 loss@274.14 loss@377.13 loss@227.07 loss@297.06 frag@95.05 loss@320.05 frag@111.04 loss@313.1 loss@396.09 frag@158.99 loss@232.11 frag@81.03 loss@355.15 loss@264.09 loss@330.09,0.4924103916 0.1746758819 0.149143979 0.118321985 0.02492056042 0.005973478779 0.003810003167 0.00217621401 0.00193517725 0.001786437468 0.001440803171 0.001294782851 0.001279030112 0.001250188099 0.0009019976133 0.0008654028643 0.0008639108855 0.0007739951834 0.0006544993958 0.0005030333414
598,frag@78.05 frag@111.04 frag@139.04 loss@209.08 loss@283.08 loss@232.11 loss@318.1 frag@124.06 loss@236.05 loss@195.06 loss@401.15 frag@179.07 frag@123.04 loss@281.11 frag@121.06 frag@97.01 frag@79.05 loss@309.13 loss@257.11 loss@168.04,0.1463407129 0.09213674814 0.06774690747 0.05745118111 0.05126399547 0.03589392826 0.03457205743 0.02568732947 0.0192612689 0.0188917499 0.01246403158 0.01101747062 0.01097133569 0.009378102608 0.008850734681 0.008645427413 0.00862974301 0.00825665798 0.006814884953 0.006772060413
599,loss@197.06 frag@130.01 loss@129.0 frag@155.0 frag@111.99 frag@238.03 frag@59.02 loss@250.96 loss@126.08 loss@223.04 frag@205.14 frag@134.03 frag@172.13 frag@155.04 loss@196.14 frag@204.12 frag@134.05 frag@240.06 frag@97.08 loss@162.04,0.3169116974 0.1909403652 0.08866297454 0.0674270764 0.04335884377 0.03937685117 0.02910675295 0.01395765785 0.009646489285 0.008129211143 0.006498571485 0.005861308891 0.004930946045 0.004913441837 0.004538143519 0.004333414137 0.004319489002 0.003668186255 0.003605930367 0.003569871653
600,frag@218.1 loss@174.13 loss@176.0 loss@171.0 loss@268.04 loss@339.11 frag@220.13 loss@227.02 frag@136.06 loss@279.15 loss@331.19 loss@424.02 frag@291.1 loss@174.11 frag@210.04 loss@279.01 frag@237.02 frag@119.04 loss@201.13 loss@159.05,0.3482559323 0.1134210452 0.06150965765 0.04771433026 0.04596955329 0.04430188984 0.04235849902 0.02548496984 0.01523347758 0.01519153826 0.01318010967 0.008993884549 0.00674854219 0.0060612862 0.005862905178 0.005071233027 0.00392130902 0.003545416053 0.003496613819 0.003433937673
601,frag@94.04 loss@82.04 frag@170.96 loss@97.03 loss@127.05 frag@46.07 loss@242.03 frag@238.02 loss@87.05 loss@127.11 loss@236.02 loss@72.07 loss@72.04 frag@232.04 loss@138.12 frag@267.16 frag@145.01 frag@201.08 loss@261.09 loss@84.07,0.1908281595 0.1229799464 0.105035454 0.06157773733 0.05987873301 0.05344316363 0.02975141443 0.0171989724 0.01626587287 0.0151651632 0.008975444362 0.008611242287 0.008478133939 0.007974980399 0.006826060824 0.0066050319 0.00601738086 0.005961006042 0.005841820035 0.005320345983
602,loss@119.04 loss@182.13 frag@82.05 frag@129.02 frag@224.01 frag@124.1 frag@300.1 frag@249.08 frag@198.0 frag@97.08 frag@67.04 frag@172.93 frag@177.03 frag@42.03 frag@134.96 frag@112.05 frag@67.03 frag@81.04 frag@57.04 frag@68.01,0.3006561399 0.1930176169 0.1620935649 0.1029171646 0.04727965221 0.04650298506 0.01148438547 0.01086101029 0.008303483948 0.005364098586 0.005359123461 0.004248566926 0.004030756652 0.003989241086 0.002481818898 0.002472883556 0.002107903827 0.002076623496 0.002038784092 0.002034693258
603,frag@173.55 loss@165.03 loss@300.06 loss@239.08 loss@281.13 frag@81.07 frag@83.05 frag@57.03 frag@67.05 frag@109.1 frag@95.09 frag@97.03 frag@69.03 loss@339.14 loss@276.07 loss@363.11 loss@805.41 loss@215.15 frag@107.09 frag@71.05,0.3700507879 0.1486336589 0.1350318491 0.06886406988 0.01960966364 0.01780042239 0.0140399253 0.009461588226 0.007328954991 0.006220994052 0.005961786024 0.005613151006 0.005289844703 0.005102107301 0.005074055865 0.004636439495 0.003892792622 0.003852022113 0.003824880579 0.003719032044
604,loss@234.2 frag@122.05 frag@59.03 loss@232.06 frag@66.05 frag@179.98 frag@288.14 loss@245.0 loss@88.18 frag@249.0 frag@399.14 loss@233.97 frag@250.15 loss@203.01 frag@412.22 frag@108.05 loss@292.14 loss@242.02 frag@234.04 frag@276.14,0.04921662435 0.0354822129 0.0304967016 0.02076489665 0.00692827953 0.006441670936 0.005272099283 0.004658436403 0.004548888654 0.004131997935 0.003906236729 0.003856797237 0.003710747464 0.00348007842 0.00333118462 0.003319846466 0.002985630184 0.002948202426 0.002843165072 0.002779107541
605,frag@217.12 frag@215.11 loss@338.14 frag@74.1 loss@285.03 frag@186.13 loss@327.09 frag@248.08 frag@260.07 frag@267.06 loss@303.05 frag@317.09 frag@92.02 frag@298.11 loss@356.09 frag@293.04 frag@227.12 loss@263.14 loss@304.15 loss@280.12,0.03840858862 0.03757879883 0.0364542529 0.03587463126 0.0332230106 0.02705290355 0.01540041249 0.01524574496 0.01295342669 0.01258448884 0.00940697547 0.008065470494 0.007495266851 0.005584492814 0.00526696071 0.004959169775 0.004676406737 0.004563520197 0.003837544238 0.003494077362
606,frag@190.07 loss@85.07 loss@204.03 loss@116.11 loss@149.11 loss@145.09 frag@267.12 loss@110.05 loss@147.06 frag@215.09 loss@238.07 frag@207.08 frag@267.13 frag@194.05 frag@223.12 frag@237.07 loss@170.13 frag@59.03 loss@333.14 frag@176.05,0.4374609292 0.1141321883 0.1132638752 0.09999925643 0.08862029761 0.01289511751 0.007520293817 0.005194485188 0.005009274464 0.003924022894 0.003675041255 0.003130646655 0.003130153986 0.002429144923 0.002122570528 0.001989516197 0.001879745047 0.001703460701 0.001642162213 0.001629868057
607,loss@56.06 frag@205.05 loss@74.07 frag@229.05 frag@365.1 loss@72.06 frag@130.05 loss@86.07 frag@261.11 loss@100.09 frag@215.14 loss@84.09 frag@219.07 frag@341.1 frag@243.07 frag@367.12 frag@221.13 frag@266.07 frag@283.06 frag@379.12,0.1534665674 0.07379908115 0.06640759856 0.06248045713 0.05084734038 0.04784044996 0.04329818487 0.04240773991 0.03056220338 0.02911521308 0.0283202976 0.0223123841 0.02052573301 0.01775165275 0.0168909654 0.01373008359 0.01336317789 0.01251159329 0.01202335674 0.01037856936
608,loss@238.08 frag@74.01 loss@198.05 loss@196.05 frag@197.04 frag@141.04 frag@234.03 frag@381.17 frag@102.04 frag@180.05 frag@199.02 frag@157.04 frag@317.09 frag@236.11 frag@179.01 loss@55.04 frag@221.1 frag@142.95 frag@135.03 frag@179.99,0.2205085456 0.2074154019 0.1552319378 0.1062200144 0.09738660604 0.09620292485 0.02334275842 0.01714445651 0.01711661927 0.003564965911 0.001941216644 0.00132949953 0.001325065386 0.001311463886 0.001036466332 0.0009457968408 0.0009217116167 0.000880347623 0.0008700539474 0.0008294823929
609,loss@130.04 frag@170.03 frag@149.03 frag@125.08 loss@289.13 frag@99.06 loss@314.14 loss@221.1 frag@149.02 frag@179.08 loss@144.02 loss@280.07 frag@93.03 loss@264.11 loss@278.09 frag@291.15 frag@92.06 loss@221.07 frag@151.98 loss@214.04,0.1345733553 0.08001134545 0.04954792559 0.04493857548 0.04294550046 0.0373637341 0.03427598998 0.03405202553 0.03244709969 0.02932181582 0.02316258848 0.01460442133 0.012554924 0.01070076134 0.009455960244 0.008230304345 0.006793483626 0.006341497414 0.006034164224 0.005803262815
610,frag@203.07 loss@230.13 loss@238.17 loss@232.14 loss@198.13 loss@265.1 frag@175.08 loss@275.19 loss@302.17 loss@232.08 loss@296.13 loss@224.15 loss@308.13 loss@216.1 loss@248.14 loss@292.15 loss@236.15 loss@297.11 loss@320.2 loss@296.2,0.4747847021 0.1384413242 0.09622144699 0.07527634501 0.04895602912 0.02508755587 0.01734923944 0.009728619829 0.005684040487 0.005131107755 0.004238639958 0.003835659008 0.003376123495 0.003126065712 0.002946339548 0.002709182212 0.00235483353 0.002262973925 0.002257750835 0.00204779068
611,frag@103.05 frag@115.05 loss@245.08 loss@210.07 loss@214.09 loss@223.07 loss@213.06 frag@131.05 loss@279.07 loss@165.07 frag@104.06 loss@217.07 loss@273.08 loss@200.09 loss@202.05 loss@201.09 loss@197.02 loss@177.03 loss@348.05 loss@238.0,0.2451887131 0.1942097396 0.08693881333 0.06749037653 0.05386870354 0.02810424566 0.01997097954 0.01130820066 0.01059407275 0.01018664613 0.009128711186 0.008764872327 0.007964282297 0.007173136342 0.006768615916 0.005973214284 0.005731393583 0.005079544615 0.005069449544 0.004856003448
612,frag@74.93 frag@122.04 frag@155.07 loss@234.2 loss@193.08 loss@272.11 loss@163.04 loss@185.05 loss@186.03 frag@257.13 loss@272.1 loss@329.07 frag@221.09 loss@185.09 frag@150.03 loss@78.01 frag@249.0 loss@238.12 loss@252.06 loss@162.06,0.1656890064 0.1078726649 0.1031593308 0.06932593137 0.05482093245 0.05073082075 0.04564718157 0.04313026369 0.02259759419 0.01473995205 0.01067308616 0.01035903487 0.009959313087 0.009948106483 0.006042576395 0.006034453399 0.006031378172 0.005144248251 0.004395616706 0.003997414373
613,frag@126.13 loss@262.18 loss@281.09 loss@299.06 loss@291.11 loss@537.29 frag@98.1 loss@236.16 loss@379.03 loss@302.14 loss@224.19 loss@162.1 loss@251.08 frag@353.16 loss@298.13 loss@266.06 loss@264.15 frag@182.01 loss@290.16 frag@70.06,0.4306693971 0.1094834954 0.09354230016 0.08539619297 0.06418886036 0.02450048737 0.02055273019 0.01183725987 0.009081397206 0.008810515516 0.006880974863 0.004894703161 0.004842007067 0.004196295049 0.004009160679 0.003531353548 0.003496682039 0.002983373124 0.002871876583 0.002746064449
614,frag@84.08 loss@257.12 loss@213.15 frag@112.08 loss@276.07 frag@56.05 frag@82.06 frag@84.09 loss@251.12 loss@296.12 loss@196.12 frag@129.1 loss@259.1 loss@278.13 loss@223.09 loss@199.12 frag@138.09 loss@264.16 frag@110.1 loss@122.1,0.4212058783 0.3382339478 0.07383253425 0.03008659743 0.0136395013 0.01126514282 0.009277046658 0.007490846794 0.006656636484 0.005429942627 0.00429572491 0.003221281338 0.003125865245 0.002862448571 0.002613676712 0.002500799485 0.002364592394 0.002145895967 0.001901243115 0.001563468482
615,frag@135.04 frag@105.03 frag@107.05 frag@163.04 loss@240.1 loss@242.11 loss@310.17 loss@252.09 frag@95.05 loss@286.14 frag@125.06 loss@310.97 loss@292.13 loss@307.1 loss@277.11 loss@302.12 loss@328.14 loss@291.16 loss@250.07 frag@117.03,0.1717517227 0.1211445108 0.06686995178 0.04543612525 0.02949128859 0.02820386738 0.02361425757 0.02269189991 0.02135482803 0.02014551871 0.01780078188 0.0173341576 0.01670778543 0.01576190256 0.01503933687 0.0143486103 0.01261963882 0.0123570133 0.01143325306 0.01066533849
616,frag@79.05 loss@279.1 frag@107.05 loss@195.01 loss@327.16 loss@265.15 loss@301.15 loss@263.1 loss@272.15 loss@286.11 frag@120.09 loss@260.14 frag@105.07 loss@282.1 frag@135.08 loss@232.15 loss@315.2 loss@190.14 frag@125.06 frag@111.04,0.3266580105 0.1780574769 0.08424115181 0.04325748608 0.03296076134 0.02172423899 0.01895317063 0.0180872418 0.01418238692 0.01250431594 0.01146431919 0.01033901423 0.007687646896 0.007123358082 0.006405565888 0.006034790073 0.005813471973 0.005293176044 0.005189706571 0.004669130314
617,loss@232.01 loss@125.01 loss@205.04 frag@76.02 frag@206.05 loss@181.02 frag@124.04 frag@316.16 frag@170.03 loss@174.12 frag@99.01 frag@265.11 frag@125.03 loss@178.99 frag@150.04 frag@128.03 frag@209.05 frag@193.13 loss@199.05 frag@407.14,0.07276750356 0.04541842639 0.04022395611 0.04009788856 0.02017154358 0.01900117658 0.01754833572 0.01565986313 0.01376747806 0.01041339338 0.009944943711 0.009327453561 0.008507099003 0.008307279088 0.00753031997 0.007177283987 0.00701559661 0.006949963048 0.006918152329 0.006665058434
618,frag@108.06 loss@177.13 frag@146.03 loss@70.05 frag@165.08 frag@165.11 frag@178.13 loss@154.12 loss@140.13 loss@140.12 loss@186.11 frag@223.12 loss@228.99 frag@148.07 loss@153.15 loss@331.19 frag@207.11 loss@159.15 loss@345.11 loss@304.02,0.2010940313 0.07870087773 0.06115249172 0.05845095217 0.05158314854 0.05153751746 0.04264143482 0.04153149948 0.04070141539 0.03781569004 0.02943564393 0.02796522714 0.02083964087 0.01946071535 0.01802537031 0.01476405188 0.01213578228 0.01190979406 0.011905808 0.007853476331
619,loss@224.16 frag@211.11 frag@349.14 loss@316.07 loss@180.0 frag@172.97 loss@383.2 frag@56.04 loss@154.17 loss@311.01 frag@219.0 frag@116.97 loss@94.12 loss@216.99 frag@300.1 frag@71.93 frag@283.02 frag@128.12 frag@181.13 frag@250.13,0.1273273379 0.06665375084 0.03153311089 0.02711299248 0.006993446033 0.004806535784 0.003862530924 0.003663576208 0.002914370969 0.00269819703 0.002561865374 0.002541167662 0.002480637282 0.002474154346 0.002460131887 0.002408277476 0.002375707263 0.002300070832 0.002258058405 0.002120357705
620,frag@157.04 frag@130.0 loss@263.14 loss@277.06 loss@188.14 loss@337.15 loss@249.13 loss@290.07 loss@180.02 loss@138.01 loss@333.05 loss@238.07 frag@304.06 loss@154.05 loss@237.04 frag@217.12 loss@191.96 loss@248.0 loss@167.11 loss@186.15,0.2851395905 0.1717228144 0.1585285515 0.1224183366 0.0450601466 0.02424383536 0.01934784837 0.0101101324 0.007422204595 0.006116954144 0.004410938825 0.004392812029 0.003815519856 0.003339702263 0.00316646602 0.002706963569 0.00269676419 0.002642559353 0.002619463252 0.002202023519
621,loss@229.09 frag@172.06 frag@172.1 frag@144.07 loss@201.09 loss@358.23 loss@131.07 loss@231.1 loss@172.1 frag@105.06 frag@133.09 loss@229.12 frag@220.05 loss@149.08 loss@199.09 frag@199.02 loss@214.0 frag@145.08 frag@223.0 frag@329.12,0.4378792644 0.2362828404 0.2186622471 0.02157909051 0.00938172359 0.00572160352 0.005424342584 0.004560546484 0.00311801699 0.002406027867 0.002273484366 0.001909189159 0.001889813691 0.001647890778 0.001615114859 0.001338925096 0.001163618756 0.001104351482 0.0009891189402 0.0009319156525
622,frag@206.03 loss@203.14 frag@283.07 loss@259.11 loss@312.07 frag@288.12 loss@269.1 loss@133.1 loss@238.09 frag@222.04 loss@299.03 frag@201.02 loss@274.03 loss@232.99 frag@167.08 loss@260.08 frag@376.12 loss@241.17 frag@243.05 loss@154.01,0.2048189491 0.0827229768 0.0637748763 0.03029043414 0.02803024091 0.02718910575 0.02190642804 0.01587510295 0.01577723958 0.01226559002 0.01150775701 0.01031902432 0.01006841194 0.009222771041 0.008817494847 0.007823249325 0.007175371516 0.006302748807 0.006215495523 0.006104355212
623,frag@117.06 loss@87.03 loss@91.03 loss@88.04 frag@116.05 loss@70.01 loss@74.02 loss@90.04 loss@131.0 loss@86.02 loss@142.04 loss@74.01 loss@72.99 loss@47.01 frag@104.05 frag@144.07 loss@89.02 loss@73.02 loss@85.02 loss@45.0,0.376260072 0.1410519332 0.04467408732 0.02715684287 0.0233143419 0.0227531027 0.02148811705 0.01896909252 0.01725446805 0.01498851087 0.01496856939 0.01419048477 0.01274423767 0.012334764 0.01167701557 0.01113637909 0.007980968803 0.007959609851 0.007584718056 0.007506769616
624,frag@93.07 loss@269.14 loss@274.12 frag@67.05 loss@229.11 frag@81.07 loss@212.14 frag@107.09 frag@95.09 loss@290.17 loss@151.14 frag@109.1 loss@258.18 frag@133.1 loss@421.16 frag@97.06 frag@43.02 loss@208.03 frag@119.09 loss@265.17,0.2943567634 0.1508723944 0.09897208959 0.0569982864 0.05674271286 0.03113666177 0.01846250147 0.01786551997 0.01598439738 0.01488236431 0.009977472946 0.009304767475 0.009130714461 0.008105599321 0.007684309501 0.007619909942 0.007148174103 0.006790795829 0.00657260837 0.006270248909
625,loss@170.18 frag@204.03 frag@277.1 frag@271.05 frag@239.05 loss@155.99 frag@205.07 loss@154.15 loss@278.01 frag@255.02 loss@312.0 loss@136.0 loss@287.14 loss@37.03 frag@217.11 frag@341.06 frag@235.06 frag@260.1 frag@240.09 frag@105.0,0.05128418282 0.02958512492 0.02203932963 0.01074782386 0.009158045985 0.007941477932 0.006911741104 0.006330682896 0.005423328374 0.004833352752 0.004779817071 0.004678930622 0.004223297816 0.004042666871 0.003843032522 0.003611434717 0.003366541816 0.003282871796 0.003216975369 0.003203865141
626,loss@233.1 frag@242.09 frag@238.13 frag@233.11 frag@207.08 frag@221.11 frag@189.08 loss@196.04 frag@190.1 loss@179.04 loss@116.07 loss@188.07 frag@186.07 loss@213.13 loss@139.05 loss@145.09 loss@150.09 frag@231.05 loss@238.07 frag@175.1,0.3269429803 0.1725918949 0.08625863492 0.05540790409 0.04342314973 0.0187861193 0.01601684466 0.01253286097 0.0123555949 0.0078370478 0.007543739397 0.00462341262 0.004174718633 0.003751802957 0.003613276407 0.003354573855 0.003094020067 0.002923568012 0.002848578617 0.002786489436
627,loss@118.06 frag@224.09 frag@256.11 loss@116.12 frag@284.1 loss@97.1 frag@282.16 loss@145.09 loss@100.08 frag@214.06 frag@230.09 frag@294.1 frag@246.1 loss@170.12 frag@303.15 frag@341.12 frag@213.11 frag@178.04 loss@145.97 frag@173.05,0.3057391644 0.153501153 0.1483907253 0.05555035174 0.02436185069 0.01955308206 0.01678927243 0.01457381807 0.01196535584 0.009651470929 0.006281841546 0.006093994714 0.005922967568 0.004372950643 0.004326048307 0.004263314884 0.003771145362 0.002876105253 0.00286563905 0.002731202869
628,loss@270.15 frag@218.11 loss@251.14 frag@127.01 frag@409.09 frag@251.11 frag@230.06 frag@69.99 frag@198.13 frag@301.13 frag@233.08 frag@206.09 loss@304.12 frag@261.08 frag@267.03 loss@307.18 frag@237.14 frag@128.99 frag@128.0 loss@310.16,0.3465594053 0.02843769826 0.02454039454 0.01497705653 0.01337934565 0.0130197769 0.01221369766 0.007910521701 0.006461196579 0.006294715684 0.00423650723 0.00423067715 0.004078221507 0.004012035672 0.003916675691 0.003843148006 0.003811869537 0.003634093795 0.003587859217 0.003207229543
629,frag@155.09 frag@171.08 frag@175.08 frag@143.09 frag@173.1 frag@159.08 frag@185.1 frag@189.09 frag@199.11 frag@168.09 frag@197.1 frag@137.1 frag@223.11 loss@268.17 loss@281.21 loss@323.15 frag@181.1 frag@237.16 loss@200.19 loss@369.16,0.04388882592 0.03871151805 0.03400274366 0.03213349357 0.03167518601 0.02321358956 0.01822637767 0.01667100191 0.01605240256 0.01503463276 0.01052450109 0.0101783853 0.009405203164 0.008141577244 0.007917326875 0.007801035419 0.00721003022 0.006515676156 0.006347412709 0.006018085871
630,frag@151.08 loss@190.15 loss@277.14 loss@300.16 loss@263.19 loss@341.15 loss@269.16 loss@297.11 loss@351.13 loss@276.14 loss@265.09 loss@286.14 loss@199.08 loss@270.14 loss@273.13 loss@277.15 loss@150.09 loss@266.16 loss@189.1 loss@218.14,0.4785253108 0.09522682428 0.09065487236 0.05499424413 0.0256700702 0.02359784395 0.02284972928 0.01928876527 0.01650612615 0.009639403783 0.007062030025 0.005436424632 0.005376035348 0.004771641456 0.003327189712 0.002271126257 0.002230266109 0.002095534699 0.001980666071 0.001902514952
631,loss@224.06 frag@80.05 loss@212.03 frag@94.06 frag@108.04 frag@122.06 loss@228.07 loss@187.04 frag@110.06 frag@92.05 frag@96.04 frag@68.05 loss@233.06 loss@220.07 loss@206.05 loss@214.05 loss@180.09 frag@107.06 loss@76.99 loss@119.02,0.09817194939 0.09784884751 0.08907019347 0.08884175122 0.07590954751 0.06250666827 0.02769299224 0.02137256414 0.02016269416 0.01511359401 0.014477605 0.01066849101 0.01028078422 0.00938996207 0.009140553884 0.009072544053 0.008744289167 0.008397385478 0.007649485487 0.006924192421
632,frag@160.09 loss@213.09 frag@174.07 loss@246.11 loss@187.07 loss@193.11 loss@285.12 loss@188.08 loss@218.08 loss@193.09 loss@176.09 loss@162.08 loss@220.13 loss@178.1 loss@210.14 loss@217.12 loss@219.07 loss@205.09 loss@330.17 loss@296.15,0.2759460509 0.2470815629 0.2172959745 0.05476181582 0.01315358188 0.01002280042 0.009647846222 0.007785640191 0.007502501365 0.006684773602 0.006061438937 0.00549150724 0.003961605951 0.003674881533 0.003577074502 0.00347543438 0.003310260363 0.003145928727 0.00292282179 0.002786253579
633,frag@95.07 loss@234.12 frag@206.09 loss@278.19 frag@268.11 frag@218.11 frag@168.02 frag@214.12 loss@288.1 loss@78.17 frag@137.09 frag@95.06 loss@359.11 frag@153.11 frag@96.06 frag@211.02 frag@289.1 frag@82.98 loss@306.03 loss@264.07,0.1583350152 0.1048837826 0.0549304001 0.03861904517 0.02002977021 0.01333186682 0.01267762296 0.01192832459 0.01059696823 0.009840772487 0.005947268102 0.00579251023 0.005693582818 0.005322836339 0.005116842221 0.00390235614 0.003684511175 0.003411872312 0.003382243216 0.003081509378
634,loss@114.1 frag@203.09 frag@237.11 frag@221.08 loss@260.19 frag@223.1 loss@279.17 frag@208.1 loss@323.16 loss@295.14 loss@155.11 frag@253.12 frag@199.04 frag@337.07 loss@125.09 frag@191.07 loss@166.15 loss@265.12 loss@211.17 loss@149.04,0.1762836128 0.1526469439 0.1124472991 0.05328935757 0.04999868199 0.02833506465 0.02686203644 0.01919434406 0.01607063226 0.01511502732 0.01473163906 0.01029460784 0.009974355809 0.009381968528 0.008628478274 0.008417219855 0.007288337685 0.00652469974 0.006508547347 0.005774348043
635,frag@226.1 loss@262.08 frag@222.1 loss@252.08 frag@248.11 loss@387.14 frag@255.11 loss@323.16 frag@199.11 loss@295.16 loss@60.04 loss@359.14 loss@379.13 frag@419.1 loss@270.09 loss@286.09 loss@600.21 loss@149.04 frag@311.09 frag@203.09,0.2025676072 0.2013983577 0.1831432134 0.162803039 0.0512525849 0.04522584751 0.01209146436 0.009297205135 0.00852608867 0.004912321456 0.004796619527 0.003647134639 0.003296259791 0.002913239645 0.002453705994 0.002236418426 0.002222117037 0.002160874195 0.002017874736 0.001975673949
636,frag@81.07 frag@67.05 loss@169.11 loss@181.11 frag@95.09 loss@112.09 loss@187.12 loss@224.15 loss@154.1 loss@236.15 loss@185.11 loss@262.14 loss@281.14 loss@199.12 frag@142.12 loss@239.16 loss@199.17 frag@99.08 loss@264.12 loss@161.14,0.2417466342 0.1278096437 0.05100219697 0.0499756746 0.04936705902 0.02224248461 0.02210714109 0.02209164947 0.01943664812 0.01839145832 0.01765856147 0.01584407501 0.0147126345 0.01183137391 0.01076257415 0.01063805073 0.009511726908 0.009305335581 0.00917961169 0.009135682136
637,frag@101.02 loss@211.14 loss@228.03 loss@229.99 loss@321.1 loss@247.0 loss@128.05 loss@272.05 loss@241.02 loss@209.14 loss@332.09 loss@248.16 loss@254.07 loss@244.02 frag@83.02 loss@257.09 loss@223.09 loss@252.05 loss@169.13 loss@274.04,0.4909957349 0.1126895323 0.0892412141 0.07305026054 0.06332617253 0.04724127427 0.00929307472 0.008131834678 0.005711113568 0.003201161278 0.00293833809 0.002581194509 0.002413383219 0.002402929123 0.001950287609 0.001576187555 0.00153129315 0.001495913602 0.001429653261 0.001393284067
638,frag@173.54 loss@245.13 loss@214.99 frag@151.02 frag@115.04 frag@309.12 loss@310.15 loss@275.01 frag@69.03 frag@370.17 frag@455.35 loss@744.25 loss@264.17 loss@298.17 loss@204.0 frag@83.05 loss@323.08 loss@68.03 loss@362.2 frag@168.04,0.4829906225 0.3704819679 0.1151337028 0.002912662923 0.002765275072 0.001891845837 0.001641558134 0.00162204972 0.001413423452 0.0009506160277 0.0008257252048 0.0007977990899 0.0007126696873 0.0004816043074 0.0004682921572 0.0004423760693 0.0004255131353 0.0004241243587 0.00041693612 0.0004133879847
639,frag@202.07 loss@105.06 frag@256.05 loss@136.08 frag@310.13 loss@157.92 loss@67.08 loss@173.04 loss@196.98 loss@243.16 loss@60.08 loss@41.03 loss@158.1 loss@79.99 loss@138.12 loss@139.01 loss@173.06 loss@155.03 frag@149.05 frag@240.01,0.3135152459 0.2679388821 0.08788011223 0.07675135881 0.05662933365 0.03164616972 0.01959502324 0.005733887665 0.004813278094 0.00401494978 0.003835471114 0.002572799334 0.001918116934 0.001796199358 0.001690531615 0.001555661554 0.001456693048 0.001448356779 0.001408748096 0.001391966594
640,loss@225.17 frag@274.05 frag@255.03 loss@151.05 loss@314.17 loss@177.15 frag@315.13 frag@192.07 frag@210.04 frag@196.06 frag@309.12 loss@281.16 frag@122.01 loss@253.01 loss@108.09 frag@286.09 frag@254.04 loss@310.05 frag@84.0 loss@297.1,0.1302750111 0.08357595652 0.07869330794 0.05649681017 0.0493305698 0.032861121 0.02190245688 0.02109569125 0.01384748518 0.01319312863 0.01300997287 0.01011911407 0.009604962543 0.009426602162 0.008720909245 0.008086400107 0.007391356863 0.006816073321 0.005275517236 0.004982924089
641,frag@95.05 loss@240.15 loss@186.06 loss@227.04 frag@79.05 frag@77.04 loss@274.14 loss@243.15 loss@232.11 loss@257.11 loss@302.15 loss@239.1 loss@266.14 loss@223.08 frag@105.03 loss@222.05 loss@352.11 loss@244.12 loss@245.08 loss@263.1,0.3826470077 0.1102852449 0.06751110405 0.04570740461 0.04441922903 0.03107059933 0.02301216684 0.01714266464 0.01467450988 0.01004853565 0.008897178806 0.008875737898 0.007197669707 0.007018768694 0.006843985058 0.006414340343 0.006315281149 0.006214028224 0.00591746904 0.005841259845
642,frag@166.05 loss@260.07 loss@282.04 loss@255.05 loss@242.15 loss@273.07 loss@299.03 loss@163.97 loss@200.06 loss@218.0 loss@58.02 loss@155.02 loss@184.99 loss@259.09 frag@140.03 loss@286.06 frag@247.14 loss@246.04 loss@242.07 loss@349.07,0.4708124101 0.1468195468 0.08422522247 0.07455809414 0.01635699533 0.006220357027 0.006155578885 0.006052221637 0.005949782208 0.005864358973 0.005757923238 0.004410712514 0.004142094404 0.003284666687 0.003280950012 0.002941058483 0.002902168082 0.002897818107 0.002669325098 0.002573275939
643,frag@57.03 frag@67.05 loss@164.12 frag@81.07 frag@95.09 loss@265.17 frag@43.02 frag@136.11 frag@234.11 frag@97.06 loss@313.12 frag@99.08 loss@240.01 loss@181.1 loss@278.12 loss@281.13 loss@300.2 frag@175.11 loss@421.16 loss@293.05,0.09731392562 0.0937397927 0.05106372386 0.04477185383 0.01804965548 0.01740929857 0.01547294576 0.01414320059 0.01350747235 0.01327846665 0.01327622682 0.01325262059 0.01164316107 0.01107241027 0.01091285609 0.01022923738 0.009647880681 0.008991362527 0.008477942087 0.008029203862
644,frag@92.03 loss@220.06 frag@104.03 frag@75.03 loss@186.0 loss@200.04 loss@194.99 loss@201.08 frag@106.05 loss@197.02 loss@213.05 loss@346.14 loss@264.1 frag@133.05 loss@74.02 frag@156.95 frag@273.06 loss@254.05 loss@282.02 frag@103.02,0.2583744824 0.2484710068 0.1014437973 0.06575420499 0.02324163355 0.02322025411 0.01456700824 0.007198960986 0.006244685967 0.006036915816 0.005328356754 0.005266676657 0.005075149238 0.005043489859 0.004558550194 0.004520562943 0.004202014767 0.003538324963 0.003455456579 0.003266040934
645,loss@291.1 loss@198.0 frag@165.06 frag@108.01 frag@220.14 loss@198.08 frag@160.97 frag@226.02 frag@135.06 loss@259.06 loss@232.17 loss@195.03 frag@116.02 loss@295.07 frag@77.02 frag@139.1 frag@119.03 frag@264.14 loss@302.11 loss@268.03,0.04871129617 0.04281434044 0.04226020724 0.03975358978 0.03407881781 0.03378389776 0.02410239168 0.02313377149 0.02179489098 0.01654734462 0.01131366286 0.0112030739 0.01107301936 0.01022457145 0.00955623202 0.00911233481 0.009110596962 0.009054495953 0.008907438256 0.008154849522
646,loss@75.07 frag@214.06 loss@124.07 frag@169.07 frag@200.05 loss@100.08 frag@157.05 frag@283.11 frag@213.11 loss@72.04 loss@2.02 frag@190.03 loss@86.05 loss@70.02 loss@43.05 frag@279.08 loss@251.0 loss@81.04 frag@186.04 loss@168.02,0.2119209319 0.190777868 0.1354455799 0.1132010818 0.03715132549 0.02313451469 0.02140027471 0.01315749623 0.008329235017 0.006932290737 0.006517801434 0.005323069636 0.005243502557 0.004526885692 0.004173780326 0.003983533941 0.003805416403 0.003732489422 0.003705728799 0.0035635198
647,frag@301.11 loss@256.14 loss@288.1 loss@141.11 frag@315.12 loss@250.99 loss@175.16 frag@300.08 frag@153.14 loss@279.04 frag@144.99 loss@267.19 loss@488.04 loss@240.2 frag@111.07 frag@196.97 loss@287.14 frag@296.18 loss@370.1 frag@265.02,0.08119881153 0.03182145208 0.02665397897 0.02381185442 0.02271601558 0.02066475153 0.01632809453 0.01480049454 0.01227306016 0.01148193981 0.007453848142 0.007109608501 0.007060082629 0.006954949349 0.005969524849 0.005926990882 0.005573109258 0.005454818252 0.005438840017 0.0047364356
648,frag@228.1 loss@176.14 loss@314.17 frag@183.03 loss@323.12 frag@153.09 frag@293.12 loss@244.98 frag@214.09 frag@257.05 loss@276.16 frag@273.16 frag@455.35 frag@223.04 loss@296.16 loss@303.17 loss@342.12 loss@174.14 loss@283.06 frag@294.14,0.1077612936 0.09132933617 0.07693121582 0.06855370849 0.05680602416 0.04151142389 0.01866566204 0.01641871594 0.01623019017 0.009946829639 0.009052277543 0.008095650934 0.007512393408 0.006936943624 0.006834620144 0.006635905709 0.006243846379 0.00594754843 0.005505815614 0.005470972974
649,loss@129.08 frag@163.05 frag@145.04 loss@141.12 loss@206.07 frag@83.99 loss@143.13 frag@225.1 frag@266.08 frag@186.06 loss@213.14 loss@107.06 frag@218.04 loss@129.07 frag@84.0 frag@213.14 frag@156.99 frag@246.15 frag@224.99 frag@241.13,0.2100111693 0.1710214317 0.1015281305 0.08624473214 0.07626772672 0.05393384025 0.04015904292 0.03286828846 0.01518195402 0.01374774519 0.011503838 0.01117976941 0.01068088133 0.009054982103 0.009038701653 0.007270431146 0.00726626534 0.007218263578 0.006831429899 0.00652382616
650,frag@121.08 loss@136.06 loss@164.06 loss@215.07 loss@192.05 frag@177.1 loss@200.06 frag@134.08 frag@154.03 frag@122.08 frag@191.12 loss@200.08 loss@223.04 loss@198.08 loss@218.03 loss@172.06 frag@96.04 frag@136.1 loss@175.09 loss@313.11,0.2867923379 0.108804293 0.08932176232 0.06227675825 0.04237431288 0.03603765741 0.02904801816 0.02538808063 0.02454303764 0.02115613036 0.01607577503 0.01416100562 0.01332395803 0.01256355643 0.01021581329 0.01005656831 0.009178500623 0.007883108221 0.007417087909 0.006531838328
651,frag@185.06 loss@132.09 loss@250.06 frag@171.08 frag@171.03 loss@233.96 loss@182.09 frag@46.07 frag@230.98 frag@200.03 frag@199.08 frag@98.05 loss@172.02 loss@163.12 frag@132.09 frag@199.04 loss@114.05 frag@317.21 loss@113.13 frag@245.08,0.3825449347 0.2306703776 0.2023796886 0.04104990512 0.02508308738 0.02273592912 0.01324727666 0.006645735353 0.004110222217 0.003033885965 0.002768941456 0.002280825516 0.001563429134 0.001384224859 0.001261252561 0.001255708979 0.001160000684 0.001149530755 0.001114249695 0.001030479907
652,frag@120.06 loss@178.1 loss@177.09 loss@206.12 loss@202.09 loss@225.13 loss@299.08 loss@193.11 frag@134.07 loss@203.11 loss@189.08 loss@176.07 loss@277.12 loss@246.11 loss@219.07 loss@208.08 loss@235.14 loss@204.09 loss@220.12 frag@146.07,0.4841956198 0.3008517921 0.02574140206 0.02288823947 0.02284445241 0.01146449894 0.01011171192 0.007889525034 0.005346462131 0.004331707489 0.003765556728 0.003272614675 0.003249640809 0.00312246196 0.002872955287 0.00282435189 0.002760312986 0.002628749702 0.002627747133 0.002625172492
653,frag@147.08 frag@133.06 loss@223.14 frag@123.08 loss@204.1 loss@330.17 frag@105.07 frag@135.08 loss@209.12 loss@219.09 loss@217.11 loss@259.12 frag@161.06 loss@275.06 loss@233.02 frag@129.07 loss@241.18 frag@117.07 loss@230.12 loss@206.12,0.1617127657 0.1374384761 0.09122487903 0.06431667507 0.03408857435 0.03402679414 0.03229403868 0.02609446272 0.01794417016 0.01272405498 0.01268267073 0.01106864866 0.00973190181 0.009426830336 0.008779099211 0.00860042125 0.008160458878 0.007526422851 0.006495929789 0.006467877887
654,frag@198.1 frag@237.11 frag@228.12 loss@255.11 loss@166.08 frag@284.09 loss@298.15 frag@271.12 loss@313.09 frag@252.11 loss@341.12 loss@171.12 frag@230.06 frag@225.08 loss@234.23 loss@333.16 loss@167.09 loss@265.12 loss@44.05 loss@301.09,0.203399688 0.1140675023 0.03454068676 0.02733905241 0.02063364908 0.01799320802 0.01396624465 0.01287709549 0.01064525358 0.007628445048 0.006679040845 0.00650678575 0.006034458522 0.004975487944 0.004320306703 0.003520466387 0.00346428738 0.002895022742 0.002761317417 0.00270787254
655,frag@116.05 frag@144.04 loss@151.06 loss@161.05 frag@89.04 frag@162.05 loss@173.05 loss@213.07 loss@177.06 frag@172.05 loss@205.06 frag@172.04 loss@254.06 frag@190.05 frag@134.06 loss@156.08 loss@140.07 loss@215.14 frag@144.06 loss@189.04,0.1575604528 0.1365276724 0.127573669 0.0911032632 0.06136379018 0.05476943776 0.03822788969 0.02798346244 0.02491468005 0.02247450128 0.02161262557 0.01651149243 0.01472471934 0.01401298773 0.01179324463 0.0112906741 0.008850462735 0.008126203902 0.006680089515 0.00518687116
656,frag@277.99 loss@163.04 loss@78.01 frag@218.02 frag@152.04 frag@182.02 loss@175.99 loss@90.0 frag@251.05 loss@245.0 frag@320.08 frag@232.08 frag@217.15 frag@174.12 loss@99.01 loss@160.01 frag@281.13 frag@179.02 loss@106.13 frag@348.99,0.0325668864 0.01746627316 0.01380783133 0.01327371132 0.00839386601 0.007819273509 0.007742647547 0.00739313988 0.007160384208 0.007048954256 0.006948121823 0.006848429795 0.005061185453 0.00505384896 0.004989061039 0.00426839944 0.004137695301 0.003695067484 0.003489788156 0.003444520058
657,frag@261.08 loss@103.08 loss@330.12 frag@232.08 frag@130.02 frag@283.14 loss@312.1 loss@233.99 frag@106.04 loss@254.18 frag@218.02 frag@241.02 loss@185.99 frag@198.13 frag@264.11 frag@348.06 frag@281.13 frag@157.98 loss@216.08 frag@90.04,0.1146341413 0.1021339744 0.08105099946 0.02555587701 0.01073776186 0.008614254184 0.007299057208 0.005519436207 0.005245248787 0.005105252378 0.004853505176 0.004687979352 0.00461116014 0.004379711114 0.003964445088 0.003631711472 0.003607943887 0.003375260159 0.002982571023 0.002957258141
658,loss@325.07 frag@144.99 frag@233.16 loss@267.19 loss@175.16 frag@300.08 loss@240.2 frag@211.14 loss@256.14 frag@265.02 frag@311.2 loss@141.11 loss@285.16 loss@406.1 loss@279.18 frag@312.11 loss@225.15 frag@210.0 frag@62.06 frag@301.11,0.03440058604 0.02654525824 0.02317103371 0.01301737782 0.01271752827 0.01189661678 0.009454054758 0.008735000156 0.007963558659 0.007234887686 0.007074925117 0.006450070068 0.005146260839 0.004985616077 0.004679882433 0.004670615308 0.004519187845 0.003925131168 0.003852583468 0.003781333799
659,frag@158.1 frag@160.11 loss@231.1 loss@258.1 loss@244.16 loss@225.14 loss@342.16 frag@145.09 loss@220.09 loss@267.11 frag@146.1 loss@191.1 loss@257.12 frag@241.99 loss@242.12 frag@132.1 loss@217.11 loss@274.06 frag@147.08 frag@133.07,0.280580312 0.1793967932 0.1617649347 0.1209605262 0.06759036332 0.0376110971 0.006377853919 0.005757315084 0.005668276455 0.005202554166 0.004686899483 0.004099318758 0.003344876226 0.002585090464 0.002457374241 0.00233308156 0.002250497462 0.002037112368 0.001990549732 0.001950500766
660,frag@156.08 frag@184.08 frag@170.1 loss@173.11 loss@130.07 loss@185.15 loss@272.12 frag@157.09 loss@133.11 loss@331.11 loss@149.01 loss@118.09 loss@297.02 frag@220.1 loss@279.15 loss@241.97 loss@112.09 loss@252.97 loss@328.18 frag@326.11,0.1884520054 0.1158084273 0.08730830997 0.07056167722 0.05593206361 0.05256576836 0.04038721696 0.03836899251 0.03477640077 0.03179584444 0.02819764428 0.01764127798 0.0166649241 0.01528607775 0.01132838149 0.009122859687 0.007848616689 0.007046883926 0.006940199528 0.006423602346
661,frag@137.01 loss@181.05 loss@155.08 frag@256.09 frag@111.02 loss@259.07 loss@183.1 frag@253.06 loss@279.14 loss@259.15 loss@153.1 loss@104.04 frag@238.05 frag@156.99 loss@232.03 loss@140.04 frag@213.04 loss@263.12 loss@153.06 frag@214.04,0.3372192681 0.2175092548 0.1826136708 0.0725004971 0.03796206787 0.0147832958 0.005033625755 0.004957548808 0.004854386672 0.004144288599 0.003888901789 0.003626466263 0.003581968835 0.002811707091 0.002609971445 0.002558955457 0.002558768028 0.002212786581 0.002143393271 0.001978877466
662,loss@110.04 loss@108.0 loss@94.01 frag@232.08 frag@235.99 frag@244.09 frag@65.01 frag@59.93 frag@264.11 frag@320.12 loss@80.04 frag@242.12 frag@200.07 frag@223.08 frag@383.12 frag@327.05 loss@98.05 frag@215.07 frag@226.11 frag@212.96,0.1465045959 0.09517012537 0.09135694802 0.01955403015 0.01763566583 0.01223349478 0.01089087967 0.01069347002 0.009948380291 0.009723821655 0.007524846587 0.007418737747 0.007217383943 0.006206045859 0.00612827111 0.006084652152 0.005951423664 0.005540662445 0.005185558461 0.005079008639
663,frag@111.04 loss@238.05 frag@81.03 frag@78.05 loss@247.02 loss@232.11 loss@268.1 loss@283.08 loss@284.03 loss@281.11 loss@257.11 frag@65.04 loss@194.06 loss@228.08 loss@223.08 loss@168.04 loss@236.05 loss@221.1 frag@53.04 loss@401.15,0.2665474713 0.09288916737 0.09286937118 0.05985984206 0.05208796635 0.04264659807 0.03759843111 0.0243463628 0.02044501156 0.01256249286 0.0114677269 0.008812771179 0.007359263487 0.007223436609 0.006667564157 0.006352442782 0.006324226037 0.006246881559 0.006080983207 0.005272797775
664,frag@91.05 frag@119.05 loss@169.09 loss@236.13 loss@218.14 loss@218.07 loss@247.08 loss@243.1 loss@217.11 loss@247.11 loss@203.13 frag@91.06 loss@220.16 loss@246.14 loss@255.13 loss@223.1 loss@225.1 loss@221.14 loss@213.03 loss@232.16,0.4152816534 0.05063862726 0.03064853139 0.03014794365 0.02635615878 0.02439057827 0.02344804816 0.02073929645 0.01863642037 0.01812827028 0.01541548874 0.01465343591 0.01458323747 0.01413339935 0.01309833676 0.01265776902 0.01249663532 0.01225284953 0.01207135618 0.01193805039
665,loss@176.99 frag@194.07 frag@296.11 loss@130.12 loss@172.0 frag@230.06 frag@317.12 frag@192.13 frag@296.12 frag@260.12 loss@356.09 frag@325.12 loss@166.08 frag@274.09 frag@233.06 frag@271.11 frag@245.02 loss@385.14 frag@295.12 frag@237.09,0.1274341494 0.0480449833 0.03794043884 0.02405471541 0.02016539499 0.0201540105 0.01315835118 0.01258672867 0.01236397959 0.01142475102 0.01098762173 0.007005168591 0.006540005561 0.005173698068 0.005077085923 0.005026447121 0.004810038488 0.00476822583 0.004027973861 0.003781384556
666,frag@194.03 loss@192.01 frag@106.05 frag@162.97 loss@226.0 frag@101.0 frag@232.03 frag@209.11 frag@234.05 loss@286.02 frag@180.98 frag@107.07 frag@95.99 loss@257.1 loss@184.05 loss@178.97 frag@238.03 frag@299.1 loss@225.18 loss@253.98,0.05154572427 0.04912336543 0.03108831681 0.02984384261 0.02265112847 0.0224868115 0.02125318535 0.02042830922 0.01632635295 0.0148779694 0.0132998405 0.01314229798 0.01289604418 0.009852746502 0.00947360415 0.0088228276 0.008556489833 0.007036658004 0.006977421232 0.005578509532
667,frag@121.06 loss@261.12 frag@109.06 loss@267.13 loss@294.13 loss@264.13 frag@91.05 frag@43.04 frag@147.08 frag@131.09 loss@293.17 loss@277.12 frag@120.08 loss@276.11 frag@110.02 loss@272.14 frag@274.18 frag@91.06 loss@285.11 frag@136.11,0.13627325 0.123387143 0.09458827227 0.06460841745 0.05527505651 0.05044845492 0.04446219653 0.03746138886 0.02323975042 0.02076238021 0.01481263526 0.01425990649 0.01132372022 0.01110234391 0.0100614829 0.009919858538 0.00900493376 0.008532133885 0.008185152896 0.005900879391
668,frag@162.04 loss@254.09 loss@198.96 loss@278.11 loss@77.08 loss@316.09 loss@162.02 loss@88.11 loss@170.97 frag@238.05 frag@263.08 loss@127.05 frag@275.15 loss@294.06 frag@238.02 loss@47.0 frag@109.0 loss@140.04 loss@230.06 loss@177.15,0.4428698123 0.1084718853 0.0850148797 0.07515305281 0.05405065045 0.04878935963 0.03007938713 0.009603530169 0.008163524792 0.007197040133 0.00454642484 0.00341555872 0.0033982147 0.003250891576 0.003056785092 0.002824380761 0.002809355268 0.00261127064 0.002570369979 0.00197331002
669,frag@204.05 loss@106.08 frag@251.1 loss@161.11 loss@291.09 frag@282.07 frag@260.09 frag@329.14 loss@106.06 loss@328.1 loss@175.02 loss@358.04 frag@158.08 frag@230.09 loss@159.11 frag@136.03 loss@140.02 frag@195.09 loss@169.18 loss@176.08,0.2362868041 0.190689221 0.1417749822 0.09865607321 0.01459203009 0.01033618487 0.00871804636 0.00655010948 0.005819062702 0.005742817186 0.005251237657 0.005088130478 0.005065172911 0.004628300667 0.003860313445 0.003850779496 0.00356097403 0.003535487456 0.003518601414 0.002909144387
670,loss@214.09 frag@118.06 frag@118.07 loss@240.13 loss@215.09 frag@132.08 frag@146.06 frag@103.05 loss@217.09 loss@146.04 frag@160.08 frag@131.07 frag@104.05 loss@227.11 frag@130.06 frag@117.06 frag@132.04 frag@133.07 loss@187.1 frag@158.06,0.09284452349 0.08699885756 0.0754621774 0.07219438255 0.05557275936 0.0355572626 0.0332868211 0.03306137398 0.0277068764 0.02603053302 0.02476947755 0.02476626448 0.02125915885 0.01996744238 0.01655608043 0.0158439707 0.01392423734 0.01071872748 0.009775238112 0.009541619569
671,loss@115.02 loss@121.1 frag@225.06 frag@265.14 frag@198.07 frag@237.99 frag@230.04 frag@68.99 frag@264.11 frag@85.04 loss@227.1 frag@409.09 loss@161.91 frag@228.02 loss@61.98 loss@327.11 loss@215.95 loss@220.99 frag@475.2 loss@129.98,0.1199598759 0.08264850825 0.04528116807 0.02132858709 0.01024131104 0.00968287047 0.0071624103 0.006921850145 0.006569025572 0.006224448327 0.005902728532 0.005375504959 0.005010010675 0.004000714049 0.003978301305 0.003428159514 0.003290700261 0.0029912889 0.002972718561 0.002915493445
672,loss@199.06 frag@131.07 frag@132.08 frag@146.06 frag@117.06 frag@130.06 frag@118.06 loss@185.01 frag@158.06 loss@149.03 loss@228.11 frag@174.09 frag@115.05 loss@194.1 loss@214.09 loss@217.09 loss@251.04 loss@243.1 loss@153.99 frag@160.08,0.1167252809 0.1068463326 0.05432470143 0.04814618826 0.04568268731 0.04170084372 0.03557981551 0.03147544339 0.02823203057 0.02061825246 0.01799059287 0.0173419714 0.01587286964 0.01496202406 0.0120075196 0.01195577998 0.0113906078 0.009806552902 0.009540737607 0.009001151659
673,frag@83.05 loss@261.11 loss@224.08 loss@240.11 loss@226.1 loss@252.11 frag@69.03 frag@71.05 loss@223.09 loss@281.13 frag@67.05 loss@208.09 loss@233.11 loss@238.14 frag@57.03 loss@307.06 loss@337.18 loss@238.11 loss@227.15 frag@99.04,0.3780774176 0.08791175485 0.06759018451 0.06716801226 0.05991894007 0.05039977282 0.03964982182 0.02607928216 0.02064500377 0.01856326126 0.01662830077 0.01518300362 0.01367680915 0.01189252548 0.009977678768 0.009951105341 0.006803806406 0.004404991865 0.004352053162 0.00360999722
674,frag@176.08 loss@161.06 loss@204.04 loss@238.04 loss@178.06 frag@150.05 frag@170.05 frag@149.02 loss@126.02 frag@160.09 loss@192.11 loss@161.11 loss@208.08 frag@149.03 loss@152.06 loss@213.07 loss@172.06 frag@191.08 frag@152.07 loss@165.04,0.4834766388 0.2220756859 0.1346908361 0.1161798686 0.005045362283 0.003040154465 0.001892058062 0.001484369859 0.001281401841 0.00100294291 0.0009033335955 0.0008693034179 0.0007658571121 0.0007444352377 0.000663500512 0.0006346048904 0.0005904831341 0.0005652686232 0.0005538401892 0.0004933417076
675,frag@95.05 loss@186.06 loss@221.05 loss@227.04 frag@77.04 loss@210.03 loss@182.04 loss@208.07 frag@79.05 loss@240.15 frag@125.06 frag@105.04 frag@121.01 loss@243.15 loss@201.06 loss@341.1 loss@239.1 frag@111.04 loss@203.03 frag@80.06,0.3667716384 0.1269042492 0.07355000079 0.05445948243 0.05164084956 0.04549149424 0.04113076255 0.02441453189 0.01647423953 0.01526881289 0.01264398824 0.01006516255 0.009532503784 0.008974257857 0.008238509297 0.007149786223 0.006288590841 0.006000515074 0.004950698931 0.004731043708
676,loss@210.11 frag@179.12 frag@193.07 frag@215.1 frag@409.2 loss@234.12 frag@95.07 frag@56.01 frag@127.12 loss@268.07 loss@268.14 loss@259.07 frag@218.11 frag@220.11 frag@85.09 frag@220.02 frag@268.11 frag@171.11 frag@99.05 frag@248.1,0.4538214505 0.1737037599 0.1610324234 0.06839708239 0.01830532588 0.01234899834 0.007247976027 0.00389228412 0.002181839431 0.0020792305 0.001997986808 0.001631623949 0.001380307134 0.001377779408 0.001192689291 0.001115983701 0.00107904023 0.0009810205083 0.0009480276494 0.0009355911752
677,frag@125.02 loss@216.01 loss@144.02 frag@138.01 loss@225.07 loss@226.09 loss@259.09 loss@285.13 loss@58.02 frag@153.01 loss@167.04 frag@212.06 frag@76.02 frag@149.07 frag@151.03 frag@44.98 loss@200.06 frag@165.06 frag@124.02 frag@140.03,0.1597654969 0.08002337068 0.07573772967 0.0606780909 0.03437363356 0.01444232836 0.009652554989 0.009322622791 0.006923427805 0.006897328887 0.006861377973 0.006452105939 0.005251814146 0.005116697401 0.004842251074 0.004557943437 0.00443646498 0.003939430229 0.003921451047 0.003720498178
678,frag@176.13 frag@150.05 loss@110.06 frag@177.1 frag@224.03 loss@180.07 loss@205.04 frag@154.03 loss@199.05 frag@160.07 loss@177.02 frag@107.07 loss@187.01 frag@149.07 loss@199.07 frag@120.04 frag@151.1 loss@227.03 loss@152.07 frag@133.08,0.0791895017 0.04990091547 0.04932131618 0.01988234743 0.01791305654 0.01623741537 0.01191867422 0.01175809372 0.01157024503 0.01057230309 0.01009008195 0.009954679757 0.009443322197 0.009313107468 0.009213823825 0.009036288597 0.008728753775 0.008289559744 0.007491915021 0.007188757416
679,frag@184.11 loss@290.14 loss@304.15 frag@284.13 frag@218.17 frag@237.14 loss@383.16 frag@195.19 frag@184.12 frag@102.13 frag@412.22 loss@375.16 frag@287.14 loss@320.19 loss@201.15 loss@251.19 frag@270.06 frag@225.12 frag@209.13 loss@454.15,0.04407702386 0.02210670337 0.01870518923 0.01613161713 0.01265480183 0.01262885705 0.01164821442 0.007084592711 0.00675364444 0.005257907789 0.005193024874 0.004975552205 0.004946974572 0.004792504944 0.004603003152 0.004438552074 0.004349615425 0.004041008651 0.003880444681 0.003876398085
680,frag@213.09 loss@150.05 loss@136.04 frag@241.07 frag@274.06 loss@92.05 loss@135.02 loss@161.04 loss@130.03 frag@274.07 frag@264.08 frag@283.08 loss@255.0 frag@59.99 frag@116.04 loss@261.96 loss@39.05 loss@137.07 frag@100.5 frag@293.13,0.2498084009 0.2125422657 0.1072296724 0.0793730095 0.06453127414 0.04368824512 0.01650588773 0.007716318127 0.007683142554 0.006812049542 0.005544180982 0.004294225015 0.004154582974 0.003844109131 0.003715732368 0.003109301208 0.002905919915 0.002877306659 0.00281313993 0.002809327561
681,frag@94.04 frag@119.04 loss@132.03 loss@99.04 frag@168.01 loss@236.02 frag@156.01 loss@104.04 loss@42.03 frag@211.03 loss@249.04 frag@269.05 loss@377.1 frag@67.03 loss@82.04 loss@72.04 loss@150.05 loss@151.04 loss@124.07 frag@245.11,0.08192040026 0.06696026027 0.06391510367 0.05933920294 0.04989730939 0.02748799883 0.02552112006 0.01725027524 0.01365546323 0.01213557459 0.009718328714 0.009618971497 0.009595520794 0.009406953119 0.008505692706 0.008124839514 0.007728039753 0.006870871875 0.006597622298 0.006274322513
682,loss@257.03 frag@256.06 loss@216.04 frag@197.97 loss@306.14 frag@224.06 frag@269.09 frag@203.15 loss@279.03 frag@164.06 frag@212.09 frag@153.06 frag@111.01 loss@265.06 frag@259.05 loss@239.02 loss@182.05 loss@264.04 frag@135.03 loss@273.05,0.08199428022 0.07277072966 0.06423565745 0.06302786618 0.04636844993 0.02837125212 0.02605767548 0.02391205169 0.01820345223 0.01571024209 0.014090362 0.01400571782 0.01373397186 0.01089525595 0.009930897504 0.008519980125 0.00758324191 0.007257881109 0.007120057009 0.006782195065
683,loss@50.04 loss@123.05 frag@212.07 frag@188.03 loss@113.99 frag@282.08 loss@104.05 frag@183.04 frag@251.08 frag@229.0 frag@184.05 frag@167.02 loss@57.03 loss@86.06 loss@88.1 frag@217.05 frag@104.01 frag@216.03 loss@339.13 frag@258.07,0.07297149301 0.0620733723 0.05074445903 0.04169036821 0.03566702455 0.03075835295 0.03028124012 0.01990460977 0.01843676157 0.01688732952 0.01295194123 0.0100997556 0.009971304797 0.00845455844 0.008010411635 0.006647457369 0.006328202784 0.005961942952 0.005297659896 0.005049022846
684,loss@185.03 frag@115.05 loss@316.1 frag@145.06 frag@161.06 frag@117.07 frag@247.01 frag@116.06 frag@103.05 frag@159.07 frag@128.06 loss@178.04 frag@131.05 frag@131.07 frag@129.07 frag@239.12 frag@155.06 loss@376.13 loss@279.07 frag@123.08,0.300822258 0.255282104 0.1228361726 0.03200723231 0.02777051926 0.02184298448 0.0197815951 0.01895694807 0.01327566989 0.009747141972 0.009034418501 0.008384935558 0.007879050449 0.007457060739 0.006123081781 0.006023629103 0.004175714217 0.003792438423 0.003631561762 0.003584470134
685,frag@107.06 frag@79.04 loss@152.06 loss@134.05 loss@194.08 frag@80.05 loss@231.08 loss@224.04 loss@150.04 loss@262.05 loss@219.02 loss@231.09 loss@199.03 loss@277.96 loss@184.02 loss@280.1 loss@182.03 frag@118.05 loss@94.02 loss@209.93,0.3134329617 0.1024672836 0.08897361904 0.07799190283 0.06400393695 0.05617014691 0.04303869978 0.04070813954 0.02069376409 0.01095993724 0.01052237209 0.01043783873 0.009326413274 0.00891281385 0.008281677961 0.00819489453 0.00495358929 0.003936330322 0.003522134153 0.003477470018
686,loss@228.1 frag@105.07 frag@79.05 frag@135.08 frag@116.06 frag@123.08 frag@57.03 frag@147.08 frag@149.1 frag@240.12 frag@119.09 frag@133.06 frag@105.08 loss@260.14 frag@93.07 frag@131.09 frag@134.1 frag@163.08 loss@296.09 frag@207.1,0.489449203 0.312376678 0.1263358742 0.01409135759 0.005638416391 0.005449379794 0.004106697161 0.003452037228 0.003109478857 0.002645103261 0.002539044945 0.002340751234 0.002070127288 0.001644781791 0.001531014335 0.00147754699 0.001319338684 0.00120015163 0.001125177019 0.001086606761
687,frag@135.0 loss@229.1 loss@252.03 frag@98.01 frag@99.03 frag@44.98 frag@92.05 frag@54.03 loss@220.14 loss@172.07 frag@93.06 loss@186.09 frag@58.99 loss@128.04 frag@80.05 loss@208.05 frag@126.04 loss@270.03 frag@208.07 loss@221.04,0.1326328814 0.1133247241 0.06907524914 0.02680882066 0.02449874952 0.02084347606 0.01654435508 0.0130179273 0.01197604742 0.01179217454 0.0109925326 0.01071514003 0.009960946627 0.008749921806 0.007883214392 0.007777779363 0.007774226833 0.007703369018 0.007007698994 0.006415569689
688,frag@205.04 loss@122.04 loss@94.04 loss@150.03 frag@241.05 frag@225.05 loss@162.03 frag@177.05 loss@100.01 frag@80.04 frag@167.04 frag@331.13 loss@82.0 frag@252.95 loss@91.01 loss@149.04 loss@127.0 frag@309.11 frag@161.02 frag@178.95,0.1187498719 0.1099165976 0.1018994749 0.09426543117 0.0904064998 0.06693033129 0.0553380996 0.0491746366 0.04883048683 0.03392514214 0.01237168349 0.0101400204 0.007832556963 0.006207142491 0.005919066258 0.005303014535 0.005092651583 0.00469245296 0.004311888479 0.004287703428
689,frag@91.05 loss@154.09 loss@257.07 loss@256.09 loss@218.07 loss@326.14 loss@225.1 loss@254.12 frag@91.06 loss@238.02 loss@253.05 loss@289.09 loss@227.05 loss@295.12 loss@247.11 frag@121.06 loss@286.08 loss@298.12 frag@109.06 loss@311.13,0.4535552263 0.07279993594 0.05089238659 0.03944272548 0.02520427667 0.02171874419 0.01598662511 0.01413734723 0.01362525765 0.0128701143 0.01249085553 0.01224038657 0.01188546419 0.01049550902 0.009220128879 0.008383844979 0.008097456768 0.006099737715 0.005411685444 0.004856775515
690,frag@164.03 loss@142.03 loss@129.99 loss@140.0 loss@167.01 loss@184.04 frag@136.01 loss@220.14 loss@216.99 frag@197.05 loss@156.07 loss@167.03 loss@127.01 loss@132.03 loss@152.0 loss@326.07 loss@126.04 loss@203.12 loss@382.17 loss@174.09,0.4275902808 0.1208804771 0.0763585642 0.07057905942 0.07026743144 0.04473392665 0.01848522946 0.007323061116 0.005050336942 0.004762372933 0.004559123889 0.004050651565 0.003416306805 0.003278747201 0.002919163788 0.002804405289 0.002717948984 0.002686514519 0.002578965388 0.002481382573
691,loss@112.07 loss@118.07 frag@250.08 loss@156.07 frag@190.08 loss@77.06 frag@184.97 loss@62.05 loss@180.0 frag@170.0 frag@142.03 frag@317.09 frag@99.0 frag@171.03 frag@220.04 frag@155.11 frag@219.0 frag@136.01 frag@218.07 loss@80.99,0.07528216392 0.06908760965 0.04642421752 0.0395726338 0.03075648844 0.02892896533 0.0216844324 0.02034120448 0.01724823192 0.0168402642 0.01436332148 0.009671426378 0.007206954528 0.006512865424 0.006425978616 0.005582938902 0.005047470331 0.004559835419 0.004203662742 0.004114198033
692,loss@190.1 frag@172.11 loss@257.14 frag@161.06 frag@195.05 frag@219.02 loss@134.11 frag@73.06 frag@135.08 frag@190.09 frag@236.15 loss@208.11 frag@123.08 loss@194.13 loss@232.13 frag@104.06 frag@133.06 frag@201.13 frag@328.15 frag@173.09,0.3082261086 0.2081195414 0.1273558885 0.0603790395 0.05056301877 0.04250441119 0.01549931336 0.01510617882 0.01428871974 0.008074150421 0.006806771737 0.005745788105 0.005675248336 0.004745334387 0.00422889553 0.004221671261 0.00420487579 0.004200551193 0.00403622631 0.003394324798
693,frag@204.11 loss@167.09 loss@261.13 frag@125.05 frag@202.1 loss@229.13 loss@270.15 loss@249.16 loss@254.06 loss@225.09 loss@206.12 loss@182.07 frag@463.24 loss@62.07 loss@166.12 loss@259.17 frag@302.09 loss@261.16 loss@281.19 loss@178.11,0.2771266699 0.2163858563 0.1600199789 0.1497057974 0.04554209486 0.01018463634 0.006374750286 0.006284399889 0.00576732913 0.004180655349 0.003551691771 0.003216830082 0.00321631087 0.002943386091 0.002839809051 0.002790805651 0.002251623198 0.0020793078 0.002054738346 0.001877901494
694,frag@106.06 frag@121.09 loss@209.11 frag@139.07 loss@233.12 loss@197.11 frag@125.08 loss@250.13 frag@178.12 loss@273.11 frag@148.08 loss@225.11 loss@272.13 loss@231.1 loss@235.13 frag@241.11 frag@187.12 loss@247.07 loss@188.13 loss@249.09,0.2536752224 0.0509220548 0.04146561399 0.03589982912 0.03575104848 0.03316189349 0.02993952855 0.02490689419 0.01190664619 0.01011662278 0.0089396853 0.008920704946 0.008908190764 0.008535624482 0.008257750422 0.008147171699 0.007981159724 0.007980606519 0.007802118082 0.007682109717
695,frag@322.17 loss@315.09 loss@195.15 frag@91.03 frag@106.08 loss@226.18 loss@201.15 loss@292.17 loss@266.04 frag@218.17 frag@156.0 frag@412.22 frag@294.05 loss@272.03 loss@182.97 frag@272.15 loss@236.03 loss@297.07 frag@337.13 loss@265.99,0.061203897 0.05531096458 0.03818853945 0.03168477118 0.02559483051 0.01521894522 0.008727379143 0.006134215277 0.005407012533 0.005156596191 0.005085687619 0.004639075603 0.004398635589 0.00435996009 0.003840670921 0.003467443166 0.003373581916 0.003292627633 0.003224651096 0.00309527386
696,frag@119.05 loss@229.07 frag@109.06 frag@104.06 loss@249.08 frag@91.05 loss@231.06 loss@228.05 frag@109.07 frag@91.06 loss@213.03 loss@225.06 loss@208.11 loss@215.14 frag@103.05 loss@330.1 frag@133.07 loss@242.08 loss@247.08 loss@263.09,0.2856379449 0.1620027274 0.04433285818 0.03170248866 0.02613063529 0.01946454495 0.01829648204 0.01788014546 0.01565906592 0.01525294222 0.01484692842 0.0131802205 0.01308780815 0.01161691453 0.009148802608 0.008105552755 0.007998935878 0.007342701312 0.006964989472 0.006395799108
697,frag@154.06 frag@154.07 frag@183.07 loss@102.06 loss@66.02 loss@66.01 loss@148.12 frag@322.16 loss@338.07 loss@154.04 loss@301.12 loss@165.01 loss@184.05 loss@29.0 loss@47.04 loss@208.92 loss@119.0 loss@104.03 loss@144.1 loss@114.02,0.1950056702 0.1333521307 0.1215457022 0.03991150483 0.02970749699 0.0170090422 0.01582931727 0.01565948687 0.01334872935 0.01095981803 0.009984348901 0.009075140581 0.00843331404 0.006592841353 0.006555906497 0.006389197428 0.006016990636 0.005770876072 0.005530037452 0.005515038036
698,frag@222.07 loss@31.04 frag@193.06 frag@157.05 loss@42.03 loss@104.04 loss@61.07 frag@187.05 loss@236.02 loss@75.07 loss@86.1 loss@56.03 loss@124.06 loss@29.03 loss@70.04 loss@138.01 loss@59.04 frag@186.04 frag@250.1 loss@43.04,0.155300647 0.1439569741 0.1425551027 0.05444966629 0.0478146486 0.0242148824 0.01994184777 0.01975601353 0.0192719046 0.01240548305 0.01234025415 0.01231805515 0.008561386727 0.008165064268 0.007665877696 0.007284993306 0.00685588643 0.006777866744 0.0067598694 0.006718038116
699,frag@95.05 loss@195.06 loss@257.11 frag@77.04 loss@256.05 loss@274.14 loss@236.05 loss@310.13 loss@154.09 loss@222.05 loss@254.05 loss@257.07 loss@231.06 frag@79.05 loss@188.05 loss@225.06 frag@107.05 loss@273.16 loss@231.07 frag@111.04,0.4098904431 0.08332787454 0.06496107578 0.03290891647 0.02813840844 0.02075710706 0.01751915552 0.01605812274 0.01585569978 0.01561586559 0.01559788641 0.01337516028 0.01167820022 0.01019167434 0.009652730078 0.009088748135 0.008817551658 0.008744332939 0.00839517545 0.008274038322
700,loss@263.06 frag@217.1 loss@273.09 frag@218.03 loss@347.15 loss@156.1 frag@69.99 frag@107.04 frag@315.06 loss@325.04 loss@264.07 loss@372.12 loss@306.16 frag@412.22 frag@111.1 loss@160.11 loss@251.03 frag@102.13 frag@174.12 loss@173.09,0.1012610868 0.03074005619 0.02965031192 0.01123787183 0.01036258973 0.008204389364 0.007136682048 0.00533327926 0.00474942429 0.004085911438 0.003902527504 0.003889552783 0.003515312681 0.003170788055 0.003128899029 0.00287667918 0.002651607385 0.00263928622 0.002524717711 0.002424440579
701,frag@80.05 loss@228.11 loss@209.05 frag@107.06 loss@247.05 frag@108.04 loss@130.04 loss@214.04 frag@193.13 loss@231.08 frag@109.08 loss@211.09 loss@215.03 frag@94.06 loss@262.05 loss@235.11 frag@93.03 frag@110.06 loss@263.11 frag@92.05,0.3307056725 0.1555326879 0.1343125254 0.05935313925 0.0326247476 0.02576790005 0.02164490335 0.01328332815 0.01268420834 0.01137019973 0.008639203385 0.008155323565 0.005903515033 0.005446832627 0.004955561832 0.004749433603 0.004586168099 0.003792882664 0.003783091903 0.003580957651
702,frag@123.07 loss@270.08 loss@233.03 loss@159.02 loss@318.05 loss@260.04 loss@317.06 loss@251.05 loss@261.02 loss@266.04 loss@328.09 loss@190.08 loss@365.07 loss@148.07 loss@284.07 frag@197.09 loss@278.17 loss@192.01 loss@345.11 loss@201.02,0.477332294 0.1082092077 0.09631295502 0.04653735831 0.03223511949 0.02596067451 0.02519061789 0.02498736046 0.006631348748 0.006250135601 0.004318423104 0.004279773217 0.004150935914 0.004027389921 0.003432145109 0.002342673251 0.00229338347 0.001777309226 0.001602354925 0.001438791514
703,loss@142.11 loss@170.11 frag@115.12 frag@231.06 frag@143.12 frag@159.09 frag@171.02 frag@239.04 frag@159.06 frag@126.08 frag@170.06 frag@334.14 frag@156.04 frag@189.08 frag@202.0 frag@336.17 frag@229.06 frag@159.05 frag@171.05 frag@173.07,0.2590079308 0.2344985902 0.0733197853 0.07043386251 0.06338609755 0.0317408517 0.0289478749 0.01819398068 0.008421516046 0.007442771923 0.007189523894 0.005848320201 0.005556369666 0.005508016329 0.005344226956 0.004393409472 0.00404819753 0.003898318624 0.003623911412 0.003574017668
704,frag@221.04 frag@234.1 loss@34.04 frag@239.09 loss@132.01 loss@58.08 frag@234.08 frag@235.11 frag@283.12 loss@72.09 frag@248.12 loss@48.06 frag@211.1 loss@76.05 loss@116.08 frag@255.07 loss@76.0 loss@95.06 loss@29.04 loss@45.03,0.105995439 0.09866189957 0.08500047028 0.06569629908 0.0368359834 0.034155678 0.02528444864 0.02122651786 0.02011508122 0.01907391287 0.01330078579 0.01149128191 0.01091620605 0.0107230721 0.009266037494 0.008836757392 0.008761403151 0.008598351851 0.007532631978 0.006141953636
705,loss@165.13 frag@175.07 frag@175.05 loss@201.99 loss@175.97 frag@209.07 loss@496.18 loss@155.08 loss@167.09 loss@164.09 loss@337.0 loss@281.19 loss@204.03 loss@123.07 frag@183.06 loss@222.17 loss@292.07 loss@130.05 loss@183.1 loss@313.06,0.310472697 0.2373740226 0.2038026601 0.0293139331 0.02123507485 0.01721351221 0.01547019277 0.004965409636 0.003820711514 0.003665550612 0.002940993523 0.00291342102 0.002796500223 0.002709693275 0.002585544484 0.002416518284 0.002410301473 0.002295225859 0.002238525311 0.002021440538
706,frag@199.07 frag@244.09 loss@125.07 loss@117.03 frag@144.03 loss@143.12 loss@269.04 frag@284.1 loss@60.0 loss@61.06 loss@50.0 frag@289.1 frag@250.13 loss@75.08 loss@201.13 loss@95.09 frag@266.11 loss@158.99 loss@95.06 loss@130.14,0.2411007285 0.1273255348 0.04673810303 0.03618646413 0.03223846853 0.01807633787 0.01297732908 0.01181050017 0.01166399568 0.01146529242 0.007848600857 0.006408043671 0.004068984184 0.003785990411 0.003417797387 0.003187041264 0.00290912576 0.0028908737 0.002802754054 0.00230981363
707,frag@155.08 loss@217.1 loss@243.11 frag@319.16 loss@193.1 loss@277.12 loss@199.09 frag@314.13 loss@164.08 loss@182.07 frag@139.07 loss@202.09 frag@141.01 frag@106.06 loss@178.97 loss@294.13 loss@248.07 loss@230.09 loss@180.1 loss@219.08,0.4634077549 0.2513461113 0.1634847969 0.01314581558 0.0108822491 0.005730382167 0.005087276455 0.004271022044 0.00298197777 0.002611340955 0.002339967526 0.00228623068 0.001988956239 0.001927380101 0.001925456454 0.0018193695 0.001691226149 0.00160294876 0.001545379637 0.001405930729
708,frag@149.01 loss@240.0 frag@205.12 frag@209.1 frag@283.14 frag@170.04 loss@277.08 frag@278.12 loss@252.08 loss@112.11 frag@157.07 frag@186.13 frag@278.07 loss@191.0 frag@235.99 loss@161.0 loss@328.2 loss@226.12 loss@80.99 loss@58.07,0.1275514662 0.07558511943 0.05365752801 0.03229401261 0.01457239874 0.0137495175 0.012392601 0.01095057745 0.009765218943 0.008689930663 0.007898612879 0.007414734457 0.007016273681 0.005303311162 0.005169333424 0.004472032655 0.004153931979 0.003799214261 0.003233765252 0.003219419625
709,frag@138.07 loss@206.14 frag@164.08 loss@137.06 loss@185.98 loss@253.04 loss@280.11 loss@286.04 loss@231.02 loss@60.08 loss@168.11 loss@325.16 frag@182.09 loss@120.05 loss@313.15 loss@295.01 loss@210.0 loss@265.07 loss@221.12 loss@243.06,0.3543061316 0.1348860264 0.1255455315 0.0977203846 0.05394393951 0.03114927746 0.02729798853 0.02691568248 0.01636552997 0.009455892257 0.009397646412 0.008338948712 0.006807067432 0.006785921287 0.006515657995 0.002643626183 0.002541337162 0.00251551508 0.002159719355 0.002023851965
710,frag@165.01 frag@231.04 loss@162.14 loss@203.99 loss@138.0 loss@344.04 loss@166.05 frag@138.08 loss@188.0 loss@186.15 frag@216.06 loss@313.09 loss@72.08 frag@232.14 loss@336.18 frag@347.07 loss@215.95 loss@138.01 frag@278.03 loss@270.06,0.2987982035 0.08888871223 0.07354880869 0.07066006958 0.05553910881 0.02766584046 0.02347613312 0.0111144213 0.009609471075 0.007082681172 0.006336389109 0.005594900344 0.005065419246 0.00390598923 0.003889206797 0.00364009128 0.003597545903 0.003508890746 0.003335566958 0.003280720441
711,frag@168.06 loss@167.05 loss@147.08 frag@174.07 frag@158.07 frag@186.1 frag@131.06 frag@144.06 frag@118.05 frag@273.13 frag@133.04 frag@160.09 frag@160.05 frag@132.07 loss@169.06 loss@86.02 loss@158.02 loss@140.02 loss@189.07 loss@189.04,0.4119136035 0.2763235569 0.1928401887 0.0200618878 0.0187172927 0.004594557919 0.003855961841 0.003145122202 0.002536378335 0.002525172196 0.002522580093 0.001631812542 0.001445805072 0.001201040228 0.00114142173 0.001136521809 0.001117732842 0.001015253831 0.0009574855794 0.0009457179112
712,frag@147.07 loss@147.07 loss@163.07 frag@201.08 loss@177.1 loss@148.08 frag@239.08 loss@250.17 frag@216.12 frag@196.11 frag@177.08 loss@190.09 frag@224.97 frag@212.08 frag@134.99 frag@166.08 frag@182.94 loss@218.12 frag@149.08 frag@141.08,0.3013556004 0.165622741 0.1444220841 0.123853609 0.08614301682 0.0739903003 0.03014324792 0.003100179834 0.002634668956 0.002476348076 0.002211581217 0.002096436685 0.002054839162 0.002037501195 0.002003200119 0.001927441917 0.001927364734 0.001796081779 0.001481529325 0.001469569746
713,frag@71.99 loss@43.01 loss@106.05 frag@99.0 frag@291.11 loss@156.07 loss@108.04 loss@42.01 frag@201.08 loss@56.03 loss@60.03 frag@220.09 loss@78.99 loss@128.99 frag@222.03 loss@265.01 loss@104.03 frag@114.03 frag@133.0 frag@218.07,0.236817956 0.1953824908 0.143587321 0.107139349 0.08252160251 0.01802858897 0.01630561054 0.01448285487 0.006896966603 0.006727051921 0.005221191794 0.00498859724 0.004849908873 0.004660612904 0.004428470042 0.00423052907 0.003910350613 0.003591829445 0.003018330317 0.002991319168
714,frag@142.03 loss@266.01 frag@259.12 loss@172.04 frag@254.1 loss@271.18 loss@355.16 loss@326.07 loss@233.04 frag@233.06 loss@130.0 frag@210.01 frag@264.03 frag@87.0 frag@317.12 loss@124.98 frag@273.16 frag@131.01 frag@326.1 loss@335.18,0.06823480874 0.02733899839 0.02279656567 0.01736154035 0.01638519578 0.01543397363 0.01251545176 0.009746680968 0.009554754943 0.005954341963 0.005775725469 0.005235434975 0.004064777866 0.003958299756 0.00393505767 0.003752795514 0.003710553749 0.003698443063 0.003508156631 0.003491284559
715,frag@84.96 loss@275.08 frag@242.13 loss@266.09 frag@147.1 frag@347.15 loss@260.03 loss@213.08 frag@198.94 loss@291.13 loss@308.09 loss@228.0 frag@208.03 frag@77.02 frag@171.02 frag@302.1 frag@113.02 loss@99.02 loss@195.99 loss@329.14,0.08998597413 0.07378603518 0.06886369735 0.05436875299 0.0393480435 0.02854142524 0.02501600608 0.02413118817 0.02400183119 0.0169538185 0.01626363955 0.01254003029 0.01189116575 0.01052706502 0.01034459285 0.009284486063 0.008064663038 0.007667504717 0.00737106055 0.007354503032
716,frag@272.08 frag@222.13 loss@117.99 frag@92.02 frag@248.14 frag@317.09 frag@215.11 loss@161.98 frag@298.11 loss@104.09 frag@217.02 loss@298.15 loss@337.13 frag@242.12 loss@336.09 frag@283.15 loss@180.0 frag@263.18 frag@298.12 frag@208.96,0.0430970639 0.03948191553 0.02921815775 0.0288439095 0.01486277301 0.01442945935 0.01226044912 0.01200842299 0.009853501804 0.009829622693 0.009075818583 0.009041657671 0.008839108981 0.008428485133 0.007589581423 0.007574622985 0.006488371175 0.006189890672 0.005564023275 0.0044579776
717,frag@107.05 loss@239.06 loss@227.05 frag@125.06 frag@79.05 loss@238.05 frag@111.04 loss@239.05 frag@105.07 loss@315.12 loss@274.14 loss@263.1 loss@257.11 loss@188.05 frag@91.05 loss@219.09 frag@135.08 frag@95.05 loss@195.06 loss@195.11,0.2788345814 0.1383660138 0.05927316099 0.05263244361 0.04727715999 0.03621125966 0.0313163735 0.01793736592 0.01678609103 0.01569782756 0.01522800792 0.01346013974 0.01159657445 0.01154002175 0.01137407962 0.009844024666 0.009811990894 0.007276745047 0.006691514049 0.006520666182
718,frag@55.03 loss@267.07 frag@97.05 loss@292.06 frag@244.06 loss@286.12 frag@216.09 loss@288.14 loss@356.15 frag@210.05 frag@84.07 frag@179.09 frag@204.04 loss@301.13 loss@277.06 loss@170.0 loss@290.15 frag@218.98 frag@181.0 loss@86.0,0.1524714082 0.0878552869 0.08135306835 0.04285045713 0.02955133654 0.02572564222 0.02514069341 0.02491596155 0.02262591384 0.01135552209 0.009440014139 0.006399584934 0.006163777318 0.004887460731 0.004801882431 0.004721002653 0.004711292218 0.003889963962 0.003671028186 0.003598526353
719,loss@162.09 frag@154.08 frag@195.12 frag@260.05 frag@299.15 frag@169.1 frag@192.09 frag@208.09 frag@86.08 frag@163.1 frag@194.07 frag@142.03 frag@371.22 frag@199.07 frag@127.07 frag@182.07 frag@181.1 frag@219.1 frag@229.04 frag@136.01,0.489883244 0.2409431636 0.1203181297 0.03725611791 0.0327529721 0.004490314517 0.003535564058 0.003421264235 0.001765747438 0.001745924936 0.001398055232 0.001321575954 0.001212521805 0.001096794731 0.001033248147 0.0009765696013 0.0009357588133 0.0008975507808 0.0008925675065 0.0008661677712
720,frag@266.13 frag@178.98 loss@362.09 frag@239.13 frag@202.02 loss@111.0 frag@281.1 frag@240.09 frag@229.14 loss@142.09 loss@37.03 frag@233.06 loss@410.18 frag@288.07 frag@283.11 frag@173.96 loss@96.11 loss@287.14 frag@307.11 loss@345.99,0.09491801262 0.0363377817 0.03531910107 0.01525458321 0.01492540259 0.0116615193 0.01021602098 0.010138046 0.007552263793 0.007544278633 0.006136392243 0.005861371756 0.005832903087 0.005067198537 0.004920157604 0.004712660331 0.004659069702 0.004420181271 0.004133952316 0.004023557529
721,loss@125.06 frag@134.05 frag@245.11 frag@239.06 frag@281.07 frag@156.01 frag@344.21 frag@305.14 loss@116.05 frag@119.04 frag@191.0 frag@110.03 frag@57.04 frag@150.06 frag@306.09 loss@141.07 loss@123.98 frag@293.07 frag@168.03 frag@82.04,0.4680406749 0.1505077183 0.06752010435 0.06525874883 0.05599145219 0.04806127027 0.01336632203 0.01083760895 0.007379974239 0.005957892165 0.003972840961 0.003139651148 0.002923188033 0.002911730437 0.002667895751 0.002139830031 0.002112213289 0.001917404588 0.00172835961 0.001635825494
722,loss@180.08 frag@93.06 frag@92.05 loss@164.07 frag@65.04 frag@80.05 frag@120.04 loss@211.09 frag@133.08 frag@99.03 frag@121.04 loss@218.96 frag@126.04 loss@162.01 frag@108.04 loss@152.06 loss@152.07 frag@96.04 loss@322.03 loss@120.06,0.4395931363 0.2864436209 0.1650712341 0.0279113315 0.007927621715 0.007138646673 0.005003618076 0.004768603947 0.004414936528 0.003746922128 0.003558126744 0.00268848869 0.002387227956 0.002386985347 0.001914182212 0.001853646827 0.001353136497 0.001237063436 0.001113883802 0.001112323254
723,frag@118.05 loss@200.04 frag@154.03 loss@151.01 loss@217.04 loss@212.07 loss@236.06 loss@201.05 frag@182.0 loss@197.01 frag@145.08 loss@256.02 loss@189.04 frag@135.1 frag@258.09 frag@128.05 frag@134.02 loss@145.09 frag@119.07 frag@125.01,0.1545892656 0.07014641911 0.06145325676 0.04048122466 0.03426905349 0.02508036233 0.01754257455 0.01724844798 0.01541795954 0.01288701501 0.0119551979 0.01183280721 0.01176057011 0.01111089159 0.009286445566 0.008501760662 0.00840802677 0.008302885108 0.008105059154 0.008079716004
724,loss@232.11 frag@43.02 frag@57.03 loss@247.02 frag@67.05 loss@238.05 loss@208.99 loss@421.16 frag@93.07 frag@81.07 loss@227.15 frag@83.05 frag@95.09 frag@111.04 frag@71.05 frag@107.09 frag@97.06 frag@85.06 frag@109.1 frag@69.03,0.2399798483 0.1363445967 0.1241790503 0.0794197917 0.06058690697 0.03435735404 0.02175413631 0.01677242108 0.01473912504 0.01359738037 0.01310949773 0.01077402011 0.01057529915 0.009852883406 0.009236448444 0.008733558469 0.008570413105 0.005513926037 0.005355790723 0.00520056393
725,frag@244.1 loss@296.08 frag@317.13 loss@171.14 frag@120.05 loss@233.99 frag@294.17 frag@179.98 frag@186.13 frag@332.14 frag@247.04 loss@154.17 frag@86.02 frag@54.05 loss@235.18 frag@139.12 loss@143.0 loss@261.14 frag@201.03 frag@149.12,0.0446604304 0.0440803282 0.02147243358 0.01555560529 0.009520069696 0.008039767854 0.006952190306 0.00661445735 0.005547634326 0.005389997736 0.004989146721 0.004879636224 0.004584314767 0.004424352199 0.004129194189 0.003925414756 0.003819521284 0.003810080467 0.003765549278 0.003669511992
726,frag@53.04 frag@81.03 loss@254.04 loss@204.0 loss@126.0 loss@230.16 loss@287.03 loss@147.0 loss@231.04 frag@109.03 loss@290.08 loss@164.01 loss@129.03 loss@269.11 loss@245.11 frag@99.04 loss@225.03 frag@208.04 loss@236.04 loss@346.1,0.2430498749 0.1243168563 0.05715937912 0.03918116167 0.03782038391 0.01839500479 0.01706492342 0.01331559941 0.01294240449 0.011723442 0.01013433095 0.009461048059 0.009406088851 0.009295236319 0.008768734522 0.007911277935 0.007900238968 0.007312634494 0.007263964508 0.006097209174
727,loss@20.01 loss@69.03 loss@280.06 loss@128.01 loss@28.01 frag@264.09 frag@267.1 frag@196.06 loss@123.08 frag@157.02 frag@265.1 loss@180.16 loss@86.08 frag@97.05 frag@270.1 loss@238.01 frag@183.04 frag@253.08 loss@131.99 frag@232.14,0.0651301071 0.05577475578 0.04042485729 0.03322506696 0.03199187294 0.02968014777 0.02967168577 0.02778937854 0.02744755149 0.02606152743 0.02304723673 0.02087637596 0.02085206099 0.01918931492 0.01860073023 0.01753053442 0.01654466987 0.01654085144 0.01270784158 0.01203491818
728,loss@160.02 frag@269.1 frag@257.1 frag@212.0 frag@58.96 frag@75.0 loss@356.2 loss@252.05 frag@222.08 loss@353.09 frag@171.94 frag@251.08 loss@186.96 frag@207.04 frag@255.1 loss@126.14 loss@396.19 frag@311.14 frag@239.01 loss@95.06,0.07750448585 0.06875820458 0.03924740106 0.02097436786 0.01719379611 0.01649106666 0.01393545605 0.01220775116 0.008318231441 0.008306580596 0.006360813975 0.005889370106 0.005731182639 0.004998400342 0.00472648209 0.004567384254 0.004307437222 0.004287967924 0.003964470234 0.003701952985
729,frag@109.06 loss@223.1 frag@137.06 loss@312.16 frag@123.04 loss@239.06 loss@280.11 loss@244.07 frag@180.04 loss@238.05 loss@330.09 loss@295.1 loss@306.09 frag@119.05 loss@223.08 loss@279.09 loss@289.09 loss@229.11 frag@111.04 frag@91.05,0.3078251481 0.0749508664 0.04004156962 0.03108201921 0.02327492647 0.02211013623 0.018082669 0.01729081012 0.01459673978 0.01455372758 0.01441436913 0.01437233854 0.01340695936 0.01213875692 0.01014315803 0.008941809647 0.008916561492 0.007372545078 0.006964336149 0.006611961871
730,loss@161.08 frag@177.04 frag@119.07 frag@134.06 frag@106.07 frag@329.08 frag@146.06 frag@128.05 loss@164.03 frag@175.09 frag@121.01 frag@164.14 frag@136.03 frag@118.06 frag@103.02 frag@223.01 frag@103.05 frag@178.09 frag@246.06 frag@106.06,0.4881038368 0.2275606841 0.08227707446 0.07057587057 0.02800308354 0.02359783463 0.01014968846 0.006189192645 0.005020427518 0.004394595046 0.003810113529 0.003599041142 0.00340742874 0.002665556036 0.002475626068 0.002268443583 0.002062185667 0.001972553786 0.001870324835 0.001809789101
731,frag@251.11 frag@223.11 loss@341.17 loss@289.1 loss@332.11 frag@209.13 loss@349.15 frag@210.97 frag@375.1 loss@311.16 frag@409.09 frag@298.08 loss@334.09 loss@369.16 loss@304.12 frag@323.2 loss@489.2 loss@323.16 loss@454.15 frag@131.1,0.1382759959 0.1189835221 0.04075816646 0.02247915044 0.01808770746 0.0154616721 0.01008768007 0.009852060117 0.008453621529 0.008433525451 0.00810748525 0.007690770086 0.006386402529 0.005375941284 0.004938023631 0.004879505839 0.004419405479 0.003664451651 0.003516260069 0.003410981968
732,frag@95.05 loss@195.06 loss@257.11 loss@254.05 loss@154.09 frag@77.04 loss@274.14 loss@231.07 loss@222.05 frag@79.05 loss@236.05 loss@231.06 loss@263.04 loss@256.05 loss@243.15 frag@111.04 loss@225.06 loss@196.07 loss@240.15 loss@308.06,0.4130861461 0.06874468178 0.04752441123 0.03553471714 0.03499795124 0.02971025184 0.02109462209 0.0185924843 0.01651333086 0.01349463779 0.01291361451 0.01169544179 0.01053914148 0.01044291351 0.01000137161 0.00858612638 0.007852337323 0.007795541082 0.00767544331 0.007595925126
733,frag@171.03 loss@208.02 frag@127.01 loss@271.06 loss@182.09 frag@156.02 loss@250.06 frag@338.11 loss@306.06 loss@172.07 loss@231.01 loss@247.14 loss@230.01 frag@96.02 loss@307.18 loss@316.13 loss@264.99 loss@253.18 loss@267.98 loss@173.0,0.2320526093 0.1108072549 0.05651196092 0.04089832306 0.02042886056 0.01728216372 0.01454643812 0.01269903127 0.009933459572 0.00835121423 0.006273427047 0.005724377465 0.005580840167 0.005152983125 0.004811962601 0.004673415329 0.004594637547 0.004001945723 0.003601100296 0.003524917876
734,loss@119.07 frag@117.07 frag@199.02 loss@277.08 frag@129.07 frag@128.06 frag@186.13 frag@116.06 frag@143.09 frag@278.07 frag@246.09 frag@205.12 frag@171.08 frag@145.06 loss@169.1 frag@131.05 frag@147.08 frag@186.09 frag@199.11 frag@181.12,0.4120803177 0.1307313591 0.1194592789 0.0649022907 0.03979559615 0.03549854457 0.02900787815 0.02048179321 0.01724152826 0.01687954739 0.006834100932 0.005703150295 0.005568349268 0.005015905946 0.003899027826 0.003746561008 0.003219487611 0.002952022012 0.002444855636 0.00230596913
735,loss@184.16 frag@139.0 loss@156.16 loss@110.12 frag@150.02 frag@230.1 frag@69.01 frag@245.07 loss@178.99 loss@125.12 frag@167.0 frag@212.05 frag@270.1 loss@70.08 frag@228.07 frag@199.08 loss@99.06 loss@232.03 frag@264.12 frag@192.05,0.131185621 0.1172168255 0.08413304389 0.03455863893 0.03453485295 0.02532126196 0.02201787941 0.01985033602 0.0168894548 0.0139837265 0.01388650201 0.01067815535 0.0106138885 0.009227794595 0.008439868689 0.008432981558 0.007833305746 0.006150947884 0.005719721317 0.005668357015
736,frag@186.1 loss@202.1 frag@158.07 loss@188.12 loss@158.08 loss@248.1 loss@176.09 loss@155.09 frag@172.09 frag@186.07 loss@220.08 frag@215.09 loss@372.05 frag@159.06 frag@190.1 loss@333.21 loss@259.11 loss@174.07 loss@196.04 loss@213.13,0.2389561683 0.2352600396 0.2183119953 0.12289951 0.01741412468 0.0139639955 0.01086708345 0.007297394332 0.004948213696 0.00470631104 0.003273403039 0.002964903135 0.002794413362 0.002757262439 0.002565586939 0.002553957282 0.002505130135 0.002280127024 0.001992309932 0.001852372894
737,frag@121.03 loss@208.13 loss@186.12 loss@200.13 loss@214.1 loss@250.13 loss@220.17 loss@225.13 loss@282.14 frag@121.04 loss@220.16 loss@185.12 loss@235.11 loss@306.19 loss@183.15 loss@248.15 loss@162.07 loss@272.13 loss@230.09 loss@244.13,0.4810036719 0.08599303663 0.05267970636 0.04992278293 0.04416771978 0.02146797813 0.020288812 0.01728874072 0.0149469832 0.01099248882 0.008750885725 0.007578888442 0.00757074682 0.007459240034 0.005413056817 0.005021363962 0.004912215751 0.004467252176 0.003810562892 0.003613732522
738,frag@141.07 loss@191.09 frag@123.05 loss@178.09 loss@206.12 loss@187.11 loss@222.07 loss@174.04 loss@151.14 loss@168.03 loss@150.09 loss@230.08 loss@135.06 loss@171.07 loss@258.11 loss@251.09 loss@241.07 loss@142.01 loss@195.99 loss@173.13,0.3718867898 0.1387227476 0.1272762716 0.09183873236 0.0618673563 0.05429394543 0.04167306051 0.0405212827 0.01236515399 0.006181525066 0.003248819383 0.002811862621 0.002753828885 0.002543697832 0.001749006682 0.001418384025 0.001402470283 0.001129450393 0.001078193774 0.001065984019
739,frag@125.07 loss@244.06 loss@296.11 loss@275.04 loss@260.04 loss@115.11 loss@235.02 loss@223.15 loss@210.99 loss@256.06 loss@181.02 loss@217.99 loss@198.94 loss@263.03 loss@202.03 loss@324.13 frag@96.06 frag@71.06 loss@277.96 loss@242.04,0.4677180946 0.1020092145 0.07321218401 0.03896235302 0.03602885827 0.03256513551 0.02332613617 0.02054041438 0.01405807864 0.01242802478 0.01078845281 0.01075123157 0.01013286132 0.008771702647 0.007157944143 0.005536914803 0.005450855941 0.004995517433 0.003673086176 0.003546167398
740,frag@234.1 loss@104.01 frag@221.04 frag@234.08 loss@34.04 frag@239.09 loss@72.09 loss@132.01 frag@251.09 loss@120.1 frag@249.11 loss@48.06 frag@289.09 frag@290.05 frag@235.11 frag@305.08 loss@58.08 frag@245.06 loss@95.06 loss@63.07,0.06575605273 0.061211586 0.05521848425 0.05436208844 0.05196604878 0.03143219277 0.02612712979 0.02381367423 0.01504527312 0.01357649267 0.01188300829 0.0117733432 0.01176091004 0.01160822716 0.01080935169 0.008970228024 0.008142519742 0.007987101562 0.007869560272 0.007195843384
741,frag@152.03 frag@180.06 loss@185.06 loss@205.04 loss@148.06 loss@241.07 loss@129.01 loss@184.02 loss@167.04 loss@124.09 loss@177.04 loss@157.03 loss@180.07 loss@152.0 loss@149.05 loss@97.1 loss@137.03 loss@140.06 loss@123.07 loss@101.05,0.3377271295 0.1187933087 0.09432996064 0.05650642887 0.02610500343 0.02588535845 0.01459556445 0.01418112591 0.01083996706 0.009635925293 0.009357495233 0.008319482207 0.007776168175 0.007161050569 0.006219368428 0.005994904786 0.005746141542 0.005305703264 0.005150636192 0.005099132191
742,loss@71.05 frag@229.08 frag@276.1 frag@284.12 frag@274.07 frag@285.05 frag@182.06 frag@207.03 frag@314.22 frag@272.06 frag@300.01 frag@308.07 frag@152.14 loss@215.96 frag@306.18 loss@71.06 loss@48.06 frag@272.1 loss@45.03 loss@45.07,0.1847062856 0.1037916839 0.03176602349 0.03010858595 0.02267826349 0.02122856677 0.007051643915 0.005482636858 0.0050755064 0.005026814993 0.004877120722 0.004636301193 0.004619485699 0.004355955403 0.00422310736 0.004035745282 0.00361486664 0.003280658042 0.00324254646 0.003144720336
743,loss@150.1 frag@186.08 frag@157.07 frag@341.17 frag@325.12 frag@274.09 frag@310.12 frag@131.04 frag@195.96 frag@185.1 frag@165.09 frag@289.15 frag@246.09 frag@168.09 frag@258.17 frag@110.04 frag@320.02 frag@226.14 frag@267.04 frag@141.08,0.4974786937 0.2729856372 0.07665177435 0.04394514114 0.0438949205 0.005837633274 0.005221126135 0.003056346206 0.00232710666 0.001827654312 0.001022531069 0.0008851927705 0.0007577862707 0.0007530322764 0.0006514975103 0.0006482579047 0.0006133727147 0.0005925020669 0.0005869158776 0.0005815476179
744,loss@140.05 frag@231.07 frag@245.13 frag@179.07 frag@287.09 frag@147.04 frag@203.03 frag@121.06 loss@258.12 frag@153.02 frag@69.03 loss@298.14 frag@287.06 frag@136.94 frag@254.11 frag@217.15 frag@78.05 frag@93.07 frag@213.02 frag@143.03,0.4741039872 0.2054803371 0.1267290115 0.03601646796 0.022354329 0.0143550681 0.01125513669 0.007580969017 0.006959558465 0.005797499791 0.005741257686 0.00488157291 0.002530777361 0.002217248781 0.002083659405 0.001975310501 0.001897322014 0.001642485382 0.001516886521 0.001481896266
745,frag@95.05 loss@195.06 loss@154.09 loss@236.05 loss@257.11 loss@256.05 frag@77.04 frag@78.05 loss@257.07 loss@273.16 loss@231.06 loss@263.04 loss@243.15 loss@274.14 frag@111.04 loss@308.06 frag@79.05 loss@188.05 loss@240.15 loss@222.05,0.399269402 0.06838807464 0.05761918426 0.04920455441 0.03672613576 0.03342938796 0.02902870439 0.02098193765 0.01960442774 0.0145129431 0.01305894088 0.01292589214 0.01085038763 0.008844501339 0.008740619756 0.00835910812 0.008333425038 0.007603480946 0.006243236829 0.006107144989
746,frag@69.03 loss@268.11 loss@269.11 loss@319.16 loss@347.16 frag@201.13 loss@306.1 loss@349.17 loss@273.15 loss@279.09 frag@83.05 frag@127.04 frag@97.06 frag@61.03 loss@278.1 loss@343.12 loss@140.05 frag@71.05 frag@81.07 loss@270.11,0.359649688 0.0885213688 0.08825281262 0.07567606121 0.02953331731 0.02506277524 0.01595378667 0.01557641849 0.01325052138 0.01305965427 0.01255771331 0.01066596061 0.009829804301 0.009759011678 0.008874092251 0.008399602957 0.007866532542 0.007516874932 0.007304988336 0.006636146456
747,frag@55.05 frag@57.07 loss@143.09 loss@117.08 frag@83.09 frag@72.04 loss@125.08 loss@139.1 loss@159.09 loss@157.11 loss@155.09 loss@129.12 loss@153.12 loss@171.13 loss@183.13 loss@155.13 loss@185.14 frag@156.98 loss@83.07 frag@102.09,0.2168125659 0.1150488406 0.05932385847 0.05118397996 0.04624966159 0.03861540928 0.03746179119 0.03433702886 0.03415042534 0.03365536034 0.03076460585 0.03075081855 0.0288758222 0.02022284642 0.01978300326 0.01723405719 0.01381871942 0.01376874838 0.01258511189 0.010616716
748,frag@43.02 loss@112.05 loss@98.04 loss@128.05 loss@138.03 loss@105.04 loss@127.08 loss@349.09 loss@231.0 loss@115.04 loss@46.0 loss@80.05 loss@101.06 loss@174.11 loss@129.04 loss@94.08 loss@229.0 loss@248.02 loss@259.01 loss@421.16,0.4910583794 0.1791953892 0.09623184055 0.0416274555 0.03057960048 0.01681822725 0.01462206244 0.01105594821 0.01011766214 0.008176570758 0.007181060966 0.005812146235 0.004528753459 0.004129706882 0.003382034367 0.003078611102 0.002781757619 0.00247997418 0.002464319579 0.002377215307
749,loss@184.08 frag@170.08 frag@267.05 loss@172.1 loss@212.07 loss@382.11 loss@273.07 frag@171.06 frag@107.07 frag@171.02 loss@205.07 loss@133.02 frag@145.08 frag@182.95 loss@293.09 frag@147.06 loss@200.07 loss@320.12 frag@173.07 loss@226.06,0.1049028039 0.09048065543 0.06475716084 0.04670762271 0.03769110516 0.0230886545 0.01657405496 0.015252457 0.01354554482 0.0129174497 0.01179950591 0.01118339133 0.009566705674 0.009470221587 0.009139820933 0.009104722179 0.008094306104 0.007890304551 0.007745338138 0.007399549708
750,frag@70.03 frag@114.05 loss@224.12 loss@223.11 loss@227.1 loss@212.08 loss@277.12 loss@339.12 loss@287.15 loss@264.18 loss@263.13 frag@101.01 frag@110.02 loss@313.12 frag@43.04 loss@278.13 loss@257.0 frag@281.04 loss@267.13 frag@98.02,0.3142337501 0.1565020233 0.1057016775 0.10322918 0.06755191833 0.06310369074 0.03823375702 0.02256805077 0.02080365457 0.01220577676 0.007437832188 0.007413844112 0.003533429233 0.003408234799 0.003221592866 0.002660491504 0.002432234352 0.002219464164 0.00153940008 0.001278609387
751,loss@269.09 frag@228.12 frag@201.13 frag@311.14 frag@312.16 loss@126.0 loss@144.03 frag@183.01 frag@222.08 frag@243.1 frag@153.0 frag@278.09 loss@309.21 loss@269.11 loss@265.03 frag@321.12 frag@161.94 loss@160.01 loss@343.11 frag@333.1,0.2740443647 0.0788501054 0.05949046463 0.03634724393 0.02558809333 0.02344925515 0.01478233654 0.01266574394 0.01219753455 0.009737714194 0.008643154055 0.007830175571 0.007457685657 0.007344908081 0.007293902803 0.006403816864 0.00572765246 0.005629651248 0.005227517802 0.004707925953
752,frag@92.05 loss@225.05 loss@199.03 frag@80.05 frag@119.06 frag@107.06 frag@65.04 loss@258.07 loss@250.05 frag@110.06 loss@218.03 frag@133.08 loss@235.1 frag@108.04 loss@194.08 frag@126.04 frag@120.04 loss@211.09 loss@262.05 loss@224.06,0.1988539994 0.1566546708 0.07128177583 0.06328935921 0.04310308024 0.03116606735 0.02763041109 0.02377334237 0.02134661376 0.02073847875 0.0205156859 0.01750864089 0.01598336361 0.0151153449 0.01461504865 0.01098280214 0.009617541917 0.008989055641 0.00764129078 0.007013607305
753,frag@149.06 loss@201.12 loss@279.12 loss@303.12 loss@291.12 loss@273.14 loss@271.03 loss@279.09 loss@307.14 frag@204.14 loss@322.1 loss@319.15 loss@285.11 loss@313.17 loss@306.11 loss@289.14 loss@327.17 loss@268.07 loss@252.11 loss@266.14,0.4590947032 0.07352758944 0.04895032942 0.03772306815 0.03127393872 0.02344902605 0.02297373489 0.02200849727 0.02019798197 0.02002432197 0.01968243718 0.01758798398 0.01510259509 0.01507718023 0.01467562001 0.01037248876 0.008885149844 0.007328239735 0.004173634108 0.004048528615
754,frag@41.04 loss@188.15 loss@276.08 loss@312.09 loss@284.05 loss@289.18 loss@243.06 loss@243.03 loss@198.14 loss@245.96 loss@96.06 loss@284.08 loss@325.09 loss@289.17 loss@164.13 loss@326.15 loss@339.14 loss@242.07 loss@286.15 loss@290.04,0.4696591794 0.1073457897 0.06635455787 0.05424240232 0.04756440967 0.03111399524 0.01381653734 0.01243907679 0.009373484179 0.006975880358 0.006129104644 0.005125563592 0.004878441803 0.004859876819 0.004692782182 0.004584345035 0.003978358116 0.003864557017 0.003466357477 0.003039571689
755,frag@91.05 loss@219.09 loss@247.08 frag@91.06 loss@239.06 loss@257.11 frag@147.08 frag@105.07 loss@227.05 loss@257.07 frag@109.06 frag@135.08 loss@303.13 loss@231.06 frag@121.06 loss@247.11 frag@116.06 loss@263.04 loss@235.06 frag@188.14,0.4701317549 0.4410835803 0.01324827131 0.007131319959 0.006327969022 0.004125344567 0.004049640149 0.003856734606 0.00373109919 0.003599637887 0.003235509619 0.002147763269 0.001960937865 0.001943652518 0.0018815269 0.001699207351 0.001545495354 0.001515913988 0.00103704771 0.001008844818
756,frag@67.05 loss@179.13 loss@228.15 loss@226.14 frag@174.03 loss@212.15 frag@110.1 loss@187.12 frag@97.06 frag@84.08 loss@267.16 loss@199.12 frag@83.09 frag@81.07 frag@95.09 frag@150.13 frag@85.06 loss@257.12 frag@112.08 loss@154.1,0.4370165467 0.2343458384 0.1468486041 0.05034200475 0.01548344828 0.007960340939 0.005974874366 0.004485975485 0.00380828511 0.003364532487 0.003204056295 0.003159858985 0.003143314039 0.001828800421 0.001679299981 0.001621592557 0.001584327547 0.001407262869 0.001377599896 0.001285917941
757,frag@146.07 loss@177.08 loss@145.06 loss@188.11 loss@202.09 loss@177.09 loss@175.11 frag@161.09 loss@473.29 frag@125.05 frag@190.1 frag@231.12 frag@120.06 loss@178.1 loss@334.13 loss@181.08 loss@188.07 loss@213.1 frag@126.06 loss@216.1,0.4370765686 0.1763488501 0.07224157453 0.06560492516 0.05299994722 0.05150037631 0.03843056411 0.03839649633 0.005451538134 0.004366919864 0.003439445747 0.003100646427 0.003067718819 0.002076357836 0.001930780592 0.001626449521 0.001382046263 0.001194893965 0.001164647867 0.001095222309
758,frag@144.08 frag@132.08 frag@130.06 loss@188.1 loss@174.08 frag@158.06 frag@130.07 loss@201.1 frag@160.08 loss@177.05 loss@203.09 loss@186.08 frag@142.07 frag@170.06 frag@172.08 loss@172.1 frag@174.09 loss@253.06 frag@131.07 frag@143.07,0.06947922707 0.06747168303 0.06026313454 0.04558947682 0.04320986941 0.04052184895 0.03922496364 0.03483173996 0.03181215376 0.03106644191 0.02583907545 0.02289808914 0.02233850397 0.01821130142 0.01812166348 0.01783988811 0.01602883451 0.01589208283 0.01548571046 0.01513333432
759,frag@90.95 frag@150.95 frag@55.93 loss@142.05 frag@101.04 loss@230.04 loss@200.03 loss@184.05 loss@94.12 frag@83.01 loss@292.2 loss@266.2 frag@208.14 loss@104.09 loss@94.1 loss@174.02 frag@115.01 loss@423.03 loss@181.01 loss@342.05,0.1151500195 0.1129740924 0.1053916365 0.08080211282 0.06473230571 0.05941371992 0.05764663592 0.03691390157 0.01926068589 0.01769132726 0.01564112678 0.01207019202 0.01028546132 0.01018272899 0.009461298585 0.007830507122 0.006986969616 0.005852749106 0.004732433707 0.004022858106
760,loss@88.06 loss@267.0 frag@238.04 frag@221.04 loss@296.04 loss@106.07 frag@236.09 frag@204.96 loss@145.02 frag@266.1 frag@263.1 frag@223.04 loss@58.98 frag@294.07 loss@215.99 loss@60.05 frag@312.08 frag@181.07 loss@179.97 frag@221.06,0.08996851742 0.08008943498 0.07627226412 0.06716582179 0.02987262979 0.02718976885 0.02640233748 0.02307803929 0.01687945239 0.01250268705 0.01185823139 0.008277518675 0.008222607896 0.007147852331 0.007096664049 0.006905091926 0.006651173346 0.006649581715 0.0065522152 0.006335582118
761,loss@196.1 loss@210.12 loss@235.07 loss@212.1 frag@225.14 frag@139.02 frag@140.08 loss@218.1 frag@248.1 frag@110.99 loss@201.11 frag@116.03 loss@226.04 frag@155.94 frag@134.02 frag@155.06 frag@151.06 frag@116.01 frag@445.2 frag@163.02,0.1096832231 0.07658554614 0.06434246153 0.05336405709 0.04882137477 0.03840700909 0.02695866302 0.0253227856 0.02019907907 0.01686481573 0.0150618162 0.01204925776 0.009860537946 0.009798406623 0.009368975647 0.009189813398 0.008807837032 0.006989568472 0.006384864915 0.00572815584
762,loss@239.12 frag@184.06 frag@231.02 frag@344.11 frag@232.08 loss@255.02 frag@237.08 loss@270.05 frag@166.01 loss@270.09 frag@203.03 loss@297.08 loss@216.08 frag@248.11 frag@113.06 frag@106.04 frag@310.12 frag@147.03 frag@349.12 frag@167.04,0.3966029882 0.2822628915 0.08332828432 0.03549573943 0.00886549335 0.004799381364 0.004278878681 0.003737665713 0.003652408253 0.00321439025 0.002402273472 0.001800693455 0.001675588777 0.001672360231 0.001651157858 0.001610900275 0.001457784441 0.001415170962 0.001321015647 0.001247359905
763,frag@199.09 loss@278.09 frag@170.06 frag@130.07 loss@293.13 loss@264.06 frag@172.08 frag@188.07 loss@305.08 loss@202.14 loss@325.12 loss@192.03 frag@158.06 loss@335.11 frag@160.08 frag@132.08 loss@342.13 loss@185.13 loss@300.07 frag@173.07,0.190464288 0.07104492188 0.06997093558 0.0688823238 0.03446922079 0.03321371973 0.02383153513 0.02336644754 0.02223819681 0.0214582812 0.02018250525 0.01890427992 0.01696309447 0.01533317287 0.0124841705 0.0115632927 0.01009633951 0.009790543467 0.008933403529 0.008585016243
764,frag@84.08 frag@98.1 frag@96.08 frag@112.08 loss@249.11 frag@110.1 loss@156.13 frag@126.09 loss@211.13 loss@186.14 loss@196.12 loss@184.12 loss@247.13 loss@204.15 loss@226.17 loss@264.16 loss@168.13 frag@44.05 loss@210.17 loss@250.17,0.1670467854 0.08519085497 0.04736640304 0.03351958469 0.03206793964 0.02899987809 0.02339826152 0.02014533617 0.01918205246 0.01815874316 0.01788693853 0.01728095487 0.01713682711 0.01523474697 0.01512429304 0.01365573984 0.01337772701 0.01257171575 0.0114587592 0.01097797137
765,loss@149.05 loss@137.05 frag@178.03 frag@179.06 frag@164.04 loss@135.04 frag@176.06 frag@108.02 frag@204.02 loss@175.07 frag@207.06 frag@196.04 loss@177.07 loss@185.06 loss@148.04 loss@121.02 loss@143.03 loss@138.06 frag@244.11 loss@120.02,0.1301228106 0.07135433704 0.06188028306 0.0549242571 0.0475999862 0.0472115688 0.04283077642 0.04005523399 0.03106975369 0.03034708835 0.02999443561 0.02803769521 0.02657756396 0.02654043026 0.02489866503 0.02247609757 0.0201648213 0.01167320833 0.01026218571 0.008944236673
766,frag@180.11 loss@267.14 frag@44.05 loss@209.15 loss@277.18 loss@317.11 loss@333.13 frag@70.06 frag@128.11 frag@98.08 frag@100.08 loss@168.13 frag@58.06 loss@281.09 loss@208.16 frag@270.16 frag@153.1 frag@96.08 loss@189.13 loss@276.14,0.1517454386 0.1347169131 0.07129985839 0.03834893927 0.0329022184 0.02981865779 0.02719855495 0.01954417303 0.018204147 0.01721515134 0.01705764234 0.01661926322 0.01137376763 0.01069604792 0.009366262704 0.009139942005 0.009109833278 0.008433675393 0.008385877125 0.00749142468
767,frag@208.08 loss@220.08 loss@276.06 loss@238.07 frag@117.05 loss@152.02 frag@84.99 frag@147.09 frag@247.05 frag@202.16 frag@156.03 loss@191.07 frag@162.05 loss@324.06 frag@160.07 frag@224.04 frag@312.09 loss@258.13 loss@208.01 loss@170.05,0.4427418113 0.3465892076 0.06397623569 0.04205927625 0.007235551253 0.005249470938 0.004715223331 0.00274133333 0.002678689081 0.002350424184 0.002326630522 0.001993652899 0.001904437435 0.001793256961 0.001690996345 0.001680503134 0.001669720048 0.001357632922 0.001264037099 0.00116231537
768,frag@179.0 frag@132.96 frag@205.13 frag@188.04 loss@193.06 frag@160.97 loss@221.02 frag@59.0 loss@200.06 loss@286.06 loss@239.02 loss@319.14 loss@245.01 loss@207.04 loss@298.03 frag@237.0 loss@195.03 frag@146.01 loss@245.96 loss@394.07,0.1670940071 0.04202403501 0.03871889785 0.03785098717 0.03233543411 0.02523557842 0.02257818356 0.02203150652 0.02113696188 0.02039531618 0.02010494471 0.01548358239 0.01384446584 0.01225435082 0.01106651407 0.01042423025 0.01001845486 0.008979378268 0.008334329352 0.007851278409
769,frag@93.07 loss@229.11 loss@283.09 loss@268.13 loss@243.13 loss@280.16 loss@286.18 loss@178.14 loss@168.12 loss@326.17 loss@290.17 loss@266.15 loss@363.15 frag@231.07 loss@281.14 loss@407.14 loss@370.13 loss@331.11 loss@254.1 frag@111.08,0.4201842844 0.05583236367 0.04580266401 0.04477177933 0.03042212687 0.02752754092 0.02205071971 0.02135643736 0.01825908199 0.01725302823 0.01476560347 0.01373675093 0.01169098448 0.01072825585 0.01000232808 0.009493578225 0.009086246602 0.008766603656 0.00763948774 0.006496215239
770,loss@210.12 frag@103.96 frag@225.04 loss@264.09 loss@319.14 frag@279.09 frag@174.98 frag@322.19 loss@332.08 loss@326.08 frag@200.01 frag@248.1 frag@374.15 frag@288.12 loss@239.02 loss@214.15 frag@200.93 frag@365.14 frag@197.0 loss@138.15,0.09413485229 0.04651081935 0.02367967367 0.01976769231 0.01890794002 0.01811064966 0.01705504954 0.01508751698 0.01501178648 0.01436604466 0.01247318368 0.01196206547 0.01157101244 0.01058829669 0.009133853018 0.008216270246 0.008127462119 0.008118490689 0.00778911449 0.007549818605
771,loss@276.1 frag@85.04 frag@190.05 loss@239.08 loss@213.14 frag@214.07 frag@312.16 loss@338.06 frag@159.1 frag@310.11 frag@141.05 frag@239.12 loss@299.11 loss@309.21 frag@146.1 loss@243.02 frag@153.08 loss@262.16 loss@274.12 frag@146.12,0.09688571095 0.08606141061 0.06586246938 0.05826860294 0.053648334 0.04889635742 0.03033520281 0.02689864859 0.01853992976 0.01599824801 0.01160344202 0.009223391302 0.008914619684 0.008211404085 0.007631969638 0.006745202467 0.006719599012 0.006661153398 0.006596520077 0.006569726393
772,frag@133.06 frag@147.08 frag@123.08 loss@248.09 loss@209.12 frag@105.07 loss@248.07 loss@204.1 loss@217.11 frag@135.08 frag@117.07 loss@251.09 loss@231.1 loss@219.16 loss@233.12 loss@233.02 loss@233.11 loss@220.03 loss@172.09 loss@204.08,0.1689036638 0.1277953684 0.09604723006 0.06575728208 0.03015694022 0.02216558903 0.01899576187 0.01779987477 0.01525319088 0.01403575577 0.009950079024 0.008821608499 0.008518747054 0.007749279495 0.007327940781 0.007089978084 0.006744470447 0.00671556266 0.006694927346 0.006540026516
773,frag@211.11 frag@237.13 frag@243.14 frag@227.11 frag@173.99 frag@273.03 frag@156.09 loss@180.15 loss@236.14 frag@211.15 loss@340.19 loss@342.17 loss@234.13 loss@309.17 loss@357.16 loss@328.19 loss@317.1 loss@297.14 loss@373.17 loss@88.18,0.07183178514 0.04107029364 0.03585748747 0.03395864367 0.0262291953 0.02084038593 0.02076879889 0.01839512028 0.0176416561 0.0149320662 0.01172650885 0.01131128892 0.01114378404 0.01055521145 0.009762626141 0.009423017502 0.008966707624 0.008449364454 0.008246491663 0.008058858104
774,frag@145.06 frag@117.07 frag@129.07 frag@147.08 loss@270.13 loss@275.1 loss@308.15 loss@275.12 loss@267.11 loss@261.04 loss@242.14 loss@304.14 loss@246.1 loss@255.11 loss@247.11 loss@306.17 frag@155.05 frag@128.06 loss@296.12 loss@191.1,0.1767773628 0.1560953557 0.04767468199 0.04462105781 0.0388834849 0.03488023579 0.02755495906 0.02752045169 0.02589691989 0.02518499084 0.02417166531 0.02113439515 0.01914400421 0.01472556591 0.01182269119 0.01121976878 0.01068106666 0.009685810655 0.009033041075 0.008439688943
775,frag@178.04 loss@140.09 loss@162.04 loss@114.06 frag@141.06 loss@297.03 loss@140.06 frag@168.07 frag@214.06 loss@86.05 loss@117.05 loss@177.07 frag@156.07 loss@98.06 loss@127.06 loss@214.01 loss@115.08 loss@154.07 loss@116.07 loss@59.04,0.4224113524 0.1276736408 0.1179678366 0.09107591957 0.03318428248 0.03164668009 0.01714292727 0.00814252533 0.007294125389 0.006358576007 0.00573395798 0.005090772174 0.00388225005 0.003723952221 0.003072897904 0.002803798066 0.002633721102 0.002231631661 0.002125840168 0.002080156934
776,frag@105.04 loss@208.07 loss@185.04 frag@77.04 frag@51.02 frag@95.05 loss@223.07 loss@201.06 frag@121.01 frag@105.06 frag@113.01 frag@130.03 loss@219.02 frag@104.05 loss@125.02 loss@189.05 loss@201.05 frag@199.12 frag@105.03 frag@123.04,0.3852474689 0.3376616836 0.1016663685 0.0340057984 0.02946922369 0.01410635561 0.01365296356 0.006123383529 0.004045456182 0.003965212964 0.00260301563 0.002523020841 0.00242982991 0.002211393556 0.002005899791 0.001927525038 0.001883696415 0.001740592881 0.001587926294 0.001573556801
777,loss@198.12 frag@95.07 frag@229.14 frag@291.12 frag@181.03 loss@259.09 loss@207.11 loss@482.12 loss@125.09 loss@388.12 loss@231.04 frag@191.11 loss@154.1 loss@196.14 frag@156.98 frag@182.98 loss@245.05 loss@316.13 loss@152.1 loss@257.16,0.2071218342 0.1958402395 0.06806103885 0.05096733943 0.03130752593 0.02485278249 0.01051896624 0.008559503593 0.008022174239 0.006124970969 0.006021966692 0.005659234244 0.00487047201 0.004306901712 0.004147130065 0.003791781608 0.003566223662 0.003546991851 0.003259947523 0.002953280695
778,frag@164.02 loss@258.02 frag@188.02 loss@334.08 loss@239.03 loss@254.03 loss@269.1 loss@326.13 loss@240.01 loss@323.05 loss@200.0 loss@146.99 loss@298.05 frag@183.02 loss@264.97 frag@186.99 frag@91.07 loss@410.01 loss@228.97 loss@269.16,0.3427746594 0.06563108414 0.05712387711 0.05470748991 0.04289676994 0.04148271307 0.02528287098 0.01790940948 0.01766945422 0.0121539915 0.009168829769 0.008171181194 0.007750075776 0.007338583935 0.007275906391 0.00717453612 0.006351450924 0.006173580419 0.005817528814 0.005270445719
779,frag@195.08 frag@156.06 loss@132.08 loss@80.99 loss@112.11 loss@288.96 loss@117.0 loss@156.06 loss@112.07 loss@112.1 frag@327.14 loss@351.15 loss@346.12 loss@310.07 loss@183.97 loss@227.17 loss@102.12 loss@308.0 loss@145.97 frag@183.08,0.2586234212 0.195342496 0.1943600327 0.07522215694 0.0506140627 0.02367214113 0.01130520552 0.008541913703 0.007188301068 0.006701236591 0.006483550649 0.005549885798 0.004724563565 0.004709992092 0.004130426329 0.004080674611 0.003915699199 0.003470546799 0.003336567432 0.002876021201
780,frag@132.04 loss@201.08 loss@220.04 loss@278.08 frag@105.06 loss@129.06 loss@315.13 loss@206.03 loss@183.98 loss@360.19 loss@314.14 frag@104.05 loss@194.08 loss@372.05 loss@216.05 loss@213.05 loss@299.08 loss@293.1 loss@202.06 loss@184.07,0.425155282 0.1537193358 0.05476506799 0.05188693479 0.0465724729 0.04585044459 0.03149269521 0.02406504191 0.007667699829 0.007108784281 0.006518598646 0.00541543588 0.004674243741 0.004485506564 0.004253099207 0.004226880614 0.00409997534 0.003445795504 0.003428354161 0.003112369915
781,frag@202.08 loss@123.1 frag@221.07 loss@173.0 loss@111.07 loss@122.03 loss@281.06 loss@137.01 loss@154.05 frag@276.11 frag@207.02 loss@76.02 loss@138.08 frag@320.06 frag@207.04 frag@243.04 frag@302.09 frag@165.04 loss@0.04 frag@94.05,0.1316849738 0.07387013733 0.03935943171 0.01899778098 0.01633504219 0.0155779412 0.01185247395 0.01155463792 0.01098546106 0.01052572392 0.009726769291 0.009470014833 0.00886995066 0.008616050705 0.008540044539 0.007729420438 0.00736551825 0.006959029473 0.006913796999 0.006858821493
782,frag@178.07 loss@199.11 loss@207.12 loss@245.01 loss@302.06 loss@319.14 loss@269.1 loss@310.08 loss@336.11 loss@241.15 loss@354.1 loss@183.12 loss@239.12 loss@321.11 loss@334.08 loss@314.1 loss@242.12 loss@314.05 frag@247.07 loss@320.1,0.4842662513 0.2852488756 0.05069313943 0.01224712003 0.009675139561 0.009325339459 0.008712281473 0.007046107668 0.006193612702 0.005773379002 0.005527378526 0.00436781114 0.003329402767 0.002833555453 0.002331134863 0.002077082871 0.002049128525 0.001752136042 0.001666491968 0.001625619829
783,frag@177.05 frag@153.02 frag@173.02 loss@124.05 frag@145.03 frag@191.03 loss@154.06 frag@139.04 loss@308.11 frag@151.04 frag@179.07 frag@187.04 loss@295.16 frag@203.03 frag@207.07 loss@368.11 loss@294.09 loss@320.05 loss@136.09 loss@148.02,0.07547217607 0.06021597981 0.04567506164 0.04483269155 0.04258330166 0.0397583358 0.03820514306 0.03647240251 0.03137979284 0.03000704572 0.02017400041 0.01703830063 0.01412923262 0.01357113011 0.01289899275 0.01238115225 0.01016451791 0.008980367333 0.008426055312 0.008395398036
784,frag@191.05 loss@261.1 loss@263.12 loss@294.11 frag@149.0 frag@169.17 loss@276.18 loss@292.16 frag@234.0 loss@271.12 frag@293.09 frag@365.08 loss@264.07 loss@257.1 frag@161.04 loss@299.1 loss@241.1 frag@132.03 loss@234.2 loss@302.05,0.3246504366 0.1359900087 0.1093961596 0.08801200241 0.07732007653 0.04275818914 0.0391869396 0.02419100329 0.00540463347 0.004818446469 0.004172774032 0.003020345699 0.002627104521 0.002484113444 0.002365111839 0.002354346449 0.001973547041 0.001912617241 0.001850287779 0.001670523081
785,loss@265.1 loss@277.1 frag@124.06 frag@154.04 loss@253.13 frag@302.17 loss@235.09 frag@237.03 frag@163.06 frag@57.03 loss@324.16 frag@81.07 frag@227.04 loss@224.07 frag@208.04 frag@67.05 loss@161.14 frag@82.04 frag@83.05 frag@95.09,0.1433215737 0.1419562399 0.06959440559 0.03914032131 0.03750111535 0.03084295057 0.02948778495 0.0244623404 0.02326139435 0.02125209384 0.01626922563 0.01507480722 0.01376017183 0.01330703963 0.01109879278 0.01097430196 0.01013664901 0.008901637048 0.008631244302 0.008139867336
786,frag@132.08 loss@263.09 frag@117.06 loss@227.09 frag@118.07 loss@326.09 frag@104.03 frag@116.05 loss@188.04 loss@217.07 frag@118.06 frag@156.04 loss@116.04 loss@204.06 frag@144.08 frag@145.09 frag@142.06 loss@242.09 loss@342.13 loss@262.06,0.1115253344 0.08918586373 0.08577603102 0.04077459499 0.03591911122 0.03244775534 0.01986023039 0.01962903887 0.01907381602 0.0185320247 0.01779702678 0.01657521166 0.01486450899 0.01483598631 0.01345569827 0.01280206628 0.01141828671 0.01139392797 0.01114195678 0.01020062156
787,frag@91.05 loss@257.07 loss@254.12 loss@290.13 loss@326.14 loss@154.09 loss@247.11 frag@91.06 loss@263.04 loss@311.13 loss@253.05 loss@295.12 loss@230.09 loss@256.09 loss@243.1 loss@225.1 frag@121.06 loss@258.1 loss@219.09 loss@238.02,0.4674743712 0.08797264099 0.08520341665 0.04545118287 0.04016097635 0.02009204775 0.0180715099 0.01142214984 0.01123160403 0.01059350278 0.01056172606 0.009644812904 0.007051439025 0.006455404218 0.00552398013 0.005512182135 0.005202986766 0.004974990152 0.004902533256 0.004677851684
788,frag@125.01 frag@125.02 frag@149.02 frag@124.02 frag@163.03 loss@165.04 frag@151.03 frag@175.03 loss@262.04 loss@181.04 frag@149.03 frag@109.01 loss@164.04 loss@180.05 frag@152.02 loss@199.07 loss@141.02 loss@191.05 frag@136.02 loss@178.02,0.089707762 0.07151117176 0.05860711634 0.04202726111 0.03345494345 0.02880700491 0.02843327262 0.02369922958 0.02249705046 0.02221151255 0.02207313851 0.02057952806 0.01981253363 0.01895323582 0.01836089417 0.01682010107 0.01629145816 0.01546575781 0.01542511862 0.01515825093
789,loss@198.17 frag@192.05 frag@188.06 loss@121.04 frag@279.16 frag@184.99 loss@173.99 loss@165.15 loss@90.05 loss@278.11 frag@180.14 loss@290.05 frag@301.09 loss@250.17 loss@254.16 loss@268.19 frag@170.15 loss@266.13 frag@224.03 frag@274.14,0.1902963072 0.1450823247 0.1384292841 0.05492672697 0.032637842 0.03169253469 0.03155876324 0.02767605707 0.02660039999 0.01638917252 0.01310285274 0.01090981904 0.007630779874 0.007202393375 0.006945186295 0.006750109605 0.006013632286 0.00569517212 0.004249571357 0.003969328478
790,loss@265.13 loss@278.12 frag@57.07 frag@55.05 loss@257.16 loss@184.13 frag@180.14 frag@82.06 frag@112.08 frag@74.02 frag@83.09 frag@85.06 frag@46.06 frag@56.05 loss@349.12 frag@154.09 frag@84.08 frag@69.07 loss@201.14 frag@102.09,0.1391403228 0.09263141453 0.07130368054 0.06144188344 0.04667805508 0.03528948873 0.03276769444 0.03243035078 0.03185818717 0.02902757749 0.02829747647 0.02079005167 0.01822737791 0.01484026387 0.01334471814 0.01257994398 0.0125029413 0.0118286889 0.008970325813 0.008810334839
791,frag@221.1 loss@298.06 loss@255.02 loss@344.15 loss@282.1 loss@0.03 loss@349.15 loss@410.06 loss@309.17 loss@354.07 loss@308.14 loss@312.08 loss@246.13 loss@252.08 loss@229.11 loss@314.07 loss@329.11 loss@374.13 loss@326.17 loss@252.22,0.4814120531 0.1539186388 0.06166949868 0.02108597942 0.009330826811 0.005722453352 0.005204160698 0.004485997371 0.004379555583 0.004143519327 0.00350241526 0.003476922866 0.003434783779 0.003225803841 0.003043801291 0.003029784188 0.00300443219 0.002770659514 0.002593754558 0.002541372785
792,loss@134.11 loss@142.15 frag@113.08 frag@226.11 frag@244.14 frag@200.09 loss@323.11 frag@281.09 loss@229.15 loss@211.17 frag@58.07 loss@343.19 frag@215.06 frag@230.08 frag@182.98 loss@320.13 frag@199.07 frag@288.13 loss@107.09 loss@236.14,0.1732616723 0.1575071514 0.1103680581 0.0653591156 0.03453425318 0.031048581 0.01942637376 0.01938892901 0.01788310707 0.01647643372 0.01339169312 0.01306425966 0.01127822697 0.0102912765 0.01024887618 0.009565703571 0.008908225223 0.00862328615 0.007308759261 0.005964478478
793,frag@172.09 loss@135.05 loss@144.07 loss@187.09 frag@189.11 frag@215.09 loss@153.07 loss@130.09 loss@149.07 loss@172.06 loss@211.97 frag@311.14 loss@172.08 loss@192.05 loss@302.08 loss@182.08 loss@149.11 loss@174.07 loss@132.04 frag@204.12,0.3838339746 0.1374231428 0.1132349744 0.06398148835 0.04704426602 0.04293702915 0.03273044527 0.02732181549 0.01675931178 0.01038355101 0.009841735475 0.009027977474 0.007792288437 0.006831547711 0.005429056473 0.004607879557 0.004172080662 0.003440816654 0.00251207198 0.002419907833
794,frag@128.05 loss@210.05 loss@169.05 loss@203.08 frag@146.06 loss@219.0 loss@184.06 loss@145.1 loss@171.02 loss@197.97 loss@98.0 frag@118.06 loss@201.1 frag@147.05 frag@192.01 frag@130.06 loss@149.03 frag@346.04 frag@117.06 loss@132.06,0.3919723332 0.1236441433 0.117842406 0.08742167056 0.02929543704 0.02330843173 0.01751453988 0.01671411656 0.01669538207 0.01631277055 0.01107245963 0.01090614032 0.008965023793 0.008421875536 0.007365569938 0.007095366716 0.007062072866 0.005081606098 0.003668327583 0.003493260127
795,loss@237.11 frag@125.08 frag@99.06 loss@252.12 frag@125.06 loss@237.1 frag@93.03 loss@199.08 frag@149.04 loss@280.07 frag@103.02 frag@110.05 loss@213.1 frag@189.14 frag@150.07 loss@264.11 frag@263.09 loss@195.11 frag@82.03 frag@120.04,0.1577942669 0.1353411973 0.08939230442 0.06019807607 0.04873082414 0.03693370521 0.03462773561 0.0286880862 0.0214106366 0.01904138364 0.01181100309 0.01044980809 0.009146982804 0.008659948595 0.008466499858 0.008217847906 0.006859016139 0.006517085247 0.006403600331 0.006091349758
796,loss@272.16 loss@296.16 frag@143.09 frag@107.09 frag@133.1 loss@258.15 loss@298.18 frag@109.1 frag@93.07 loss@308.16 frag@157.1 frag@121.1 frag@95.09 frag@145.1 frag@111.08 loss@258.16 frag@147.12 frag@81.07 frag@149.13 frag@149.1,0.1211737841 0.0894825086 0.05613552406 0.05511500686 0.05176993087 0.04658674449 0.04368946701 0.03666300699 0.03580455855 0.03446319327 0.02996568196 0.02039914764 0.01974473707 0.01770355925 0.01720502041 0.01402384788 0.01145143248 0.0113550378 0.009522006847 0.00942496676
797,frag@149.04 loss@203.04 frag@99.03 frag@126.04 frag@151.06 loss@221.09 frag@97.01 loss@247.07 loss@183.07 frag@111.03 loss@235.1 loss@203.1 loss@274.08 loss@264.08 loss@221.06 frag@65.04 loss@189.02 loss@207.07 frag@125.08 frag@93.06,0.209777236 0.1504089236 0.120607242 0.03328378499 0.02177529223 0.0195400659 0.01698360406 0.01265487634 0.01178805158 0.009895637631 0.009613175876 0.009460247122 0.009065335616 0.008434251882 0.007817155682 0.007094141096 0.006802001968 0.006662263069 0.006546682678 0.006208059378
798,loss@150.09 loss@148.07 frag@178.11 frag@127.1 frag@166.1 frag@188.09 frag@168.02 frag@177.11 frag@140.06 frag@107.02 frag@206.12 frag@207.98 frag@171.94 loss@194.12 frag@123.07 frag@162.08 frag@276.07 frag@309.13 frag@122.1 frag@212.06,0.2534619272 0.2231032997 0.1227141842 0.03633743152 0.02332047373 0.0223865211 0.01135772187 0.008367921226 0.006693136413 0.006659315433 0.00647628773 0.005751994438 0.005562013481 0.005126785021 0.004788147751 0.004666728433 0.003860781901 0.003710092045 0.003488082206 0.003334588138
799,frag@95.05 loss@240.09 loss@278.1 loss@305.15 frag@77.04 frag@105.03 loss@223.08 loss@396.09 frag@111.04 loss@276.04 frag@79.05 loss@243.15 loss@319.13 loss@274.17 loss@315.18 loss@302.15 loss@448.16 frag@125.06 frag@97.06 loss@480.16,0.4300695062 0.3340570629 0.08581422269 0.05673337355 0.03663754091 0.02550726384 0.004782468081 0.003750996664 0.002319853753 0.002182776807 0.001279391698 0.001178944483 0.001030227402 0.0006202678778 0.000617038284 0.0005067154416 0.0004288504133 0.0003577091557 0.0003445262555 0.0003180405474
800,frag@162.1 loss@193.12 frag@176.09 frag@148.09 loss@164.11 loss@190.09 frag@175.1 loss@135.08 loss@175.07 frag@162.08 loss@149.1 frag@174.1 loss@190.12 loss@185.1 frag@187.1 loss@109.06 frag@182.94 frag@188.09 loss@134.08 frag@188.12,0.0458313562 0.04265873134 0.0351857245 0.03114935011 0.02723537572 0.02684593201 0.02672875859 0.02591235004 0.02485107817 0.02476659417 0.02475154772 0.02409621142 0.02217514999 0.02211114392 0.02172452398 0.01971354708 0.01960791275 0.01829196326 0.01763346605 0.01749471016
801,loss@259.13 frag@141.14 frag@133.09 loss@269.12 loss@260.12 loss@259.12 loss@276.11 frag@138.09 loss@222.13 frag@243.16 loss@232.09 loss@215.01 frag@190.09 loss@233.13 frag@110.05 loss@256.12 loss@260.15 loss@177.1 frag@237.03 loss@350.15,0.3771747351 0.2509096265 0.1912323684 0.0234397687 0.005913871806 0.005092205945 0.004589101765 0.004070117604 0.003397641238 0.003376087407 0.002499066526 0.002322403248 0.002319512423 0.002261470072 0.002022543456 0.001446762471 0.001330343774 0.001325446763 0.001249327557 0.00124873803
802,frag@195.07 loss@266.1 loss@298.04 loss@146.14 loss@278.04 loss@292.09 loss@329.11 loss@168.08 loss@253.11 loss@186.17 loss@155.1 loss@358.13 loss@383.14 loss@305.12 loss@143.03 loss@253.1 loss@365.13 loss@270.12 loss@267.14 loss@283.06,0.4819948077 0.04587400332 0.0440835394 0.03145330027 0.01671206765 0.01278215833 0.01074006222 0.009490372613 0.008597910404 0.008527845144 0.007777534891 0.007286083419 0.007217389531 0.006828681566 0.005830712616 0.005310600158 0.005094151944 0.005091388244 0.004225206561 0.004211427644
803,loss@170.0 frag@259.12 loss@198.02 loss@283.11 frag@142.03 frag@171.03 frag@192.09 frag@146.05 loss@62.05 loss@205.01 frag@59.99 loss@191.99 loss@118.07 loss@326.07 frag@283.08 frag@240.0 frag@250.08 frag@323.19 loss@151.09 frag@334.17,0.07660065591 0.02858533897 0.0211071074 0.02065758593 0.02015702054 0.01531023439 0.01470065583 0.01433579996 0.01361649763 0.0118989218 0.01173048187 0.009364597499 0.007868968882 0.007541994099 0.00753987534 0.007030859124 0.006525087636 0.006509778555 0.005272773094 0.00518948352
804,loss@112.06 frag@94.05 frag@172.97 loss@210.15 frag@177.03 frag@67.04 frag@171.01 frag@238.02 frag@225.16 frag@69.01 frag@68.01 frag@247.14 frag@124.04 loss@128.05 loss@224.98 frag@44.01 frag@157.96 frag@135.0 frag@245.13 frag@182.01,0.4414443076 0.173123613 0.154589504 0.0358078517 0.03212148696 0.02892970666 0.009750464931 0.009572439827 0.007255936973 0.005774711724 0.004409619141 0.002266042633 0.002123271814 0.001954146428 0.001783206593 0.001771022216 0.001765137422 0.001653386513 0.00141382264 0.001384971547
805,frag@165.02 loss@274.19 loss@190.14 loss@318.11 loss@350.1 loss@394.16 loss@256.18 loss@326.1 loss@164.08 loss@209.08 loss@236.07 loss@330.16 loss@333.07 loss@186.05 loss@284.13 loss@279.1 loss@298.17 loss@296.11 loss@258.06 loss@135.07,0.4954515994 0.06896976382 0.06546880305 0.06033846363 0.0539912954 0.03272851557 0.02620612085 0.005044167861 0.003333056578 0.0031213318 0.002970761852 0.002940264996 0.002867178526 0.002727551851 0.002668495523 0.002550459234 0.002197610214 0.00214325171 0.002102290746 0.002045029076
806,frag@245.14 loss@279.0 frag@259.12 loss@251.05 loss@293.04 loss@257.1 frag@218.03 frag@168.02 frag@295.11 loss@88.0 frag@254.1 frag@96.05 frag@177.0 frag@124.01 loss@124.98 frag@106.05 loss@283.05 loss@375.09 frag@232.03 frag@187.14,0.04071136937 0.02752131782 0.02675269172 0.02564173192 0.0253638383 0.0203582719 0.01575459726 0.01253557857 0.0118724769 0.01124552172 0.01109311916 0.01089411136 0.009272396564 0.008647622541 0.008582337759 0.008444384672 0.008244522847 0.007866723463 0.007707700133 0.00729644578
807,loss@173.09 loss@140.07 frag@173.07 frag@159.09 frag@187.09 frag@130.07 frag@247.05 frag@142.06 frag@145.04 frag@144.07 frag@190.05 loss@283.01 loss@202.06 frag@220.05 loss@206.07 loss@216.06 loss@129.06 frag@172.06 frag@217.1 frag@253.1,0.156044811 0.1058396548 0.07298123837 0.04397322983 0.03001540527 0.02068973333 0.01873525046 0.01740551367 0.01456297468 0.01315305103 0.01077518892 0.01042580605 0.0091535151 0.008365245536 0.008278610185 0.008173449896 0.007936876267 0.007413296029 0.00722140912 0.007092121989
808,frag@118.03 frag@169.13 frag@181.14 loss@156.1 loss@206.1 loss@234.18 frag@107.04 loss@337.15 loss@241.03 frag@208.96 loss@130.0 frag@323.09 loss@307.03 loss@277.06 frag@246.12 loss@301.16 frag@177.0 frag@188.98 loss@292.16 frag@194.03,0.1036738902 0.0772697106 0.03066091239 0.02563652396 0.02056286111 0.0125820227 0.01088731829 0.01008953806 0.009926211089 0.00904757902 0.008718172088 0.00816027727 0.007973098196 0.007897286676 0.005840592086 0.005098253954 0.004515632056 0.004028354306 0.00389837171 0.003896101611
809,frag@115.05 frag@117.07 loss@198.09 loss@219.06 loss@216.14 loss@178.04 loss@231.12 loss@225.12 loss@55.04 frag@130.08 loss@116.1 frag@116.06 loss@376.13 loss@148.11 loss@292.11 loss@229.14 loss@205.15 loss@232.04 loss@81.06 loss@144.09,0.2124489546 0.2122432142 0.06816877425 0.05530286953 0.05190846324 0.04153702781 0.03259762377 0.0306673497 0.02934229746 0.02846971154 0.02386781573 0.02194466069 0.01696515083 0.01677492261 0.01178513095 0.009749852121 0.009129452519 0.007915815338 0.007130708545 0.006384517532
810,frag@91.05 loss@209.08 frag@91.06 loss@169.09 loss@236.07 loss@247.08 frag@116.06 frag@147.08 loss@298.12 loss@236.13 loss@247.11 loss@235.06 loss@219.09 loss@169.08 frag@117.07 loss@227.05 loss@259.04 frag@105.07 frag@120.08 loss@225.1,0.3729521334 0.2144601792 0.02756150439 0.02741558291 0.02250722423 0.02058885247 0.01774363033 0.01572178304 0.01226156764 0.01111929491 0.01054980885 0.01052530948 0.01037444919 0.01000933722 0.009083187208 0.007489429321 0.007430862635 0.007169184275 0.006995153613 0.006805430166
811,frag@226.12 frag@280.13 loss@337.09 loss@345.13 loss@130.12 frag@113.08 loss@343.1 frag@184.11 loss@298.15 frag@184.96 loss@327.11 loss@263.12 loss@234.13 loss@308.1 frag@320.99 frag@289.1 frag@246.04 loss@363.13 frag@338.08 frag@194.15,0.1413063556 0.04266604409 0.0247352384 0.02003076859 0.01418250054 0.01402557082 0.01367846411 0.01179645211 0.01050737407 0.009750854224 0.007226373069 0.006876940373 0.006767140701 0.00643618172 0.005972902756 0.005858678371 0.005604476668 0.005211299285 0.005144045688 0.005128943827
812,frag@240.1 loss@235.16 loss@276.09 frag@170.12 frag@183.15 loss@299.09 loss@269.03 frag@220.02 frag@336.19 loss@284.11 frag@305.03 frag@143.03 loss@242.15 loss@332.09 loss@286.05 loss@279.13 frag@204.95 frag@52.03 loss@319.05 loss@93.09,0.16327326 0.1267285645 0.1200131476 0.1001186743 0.08376029134 0.07718841732 0.05738027394 0.05664138868 0.02289302647 0.01919055171 0.005444388837 0.004214771558 0.003536254168 0.003342268057 0.003041765187 0.002577502979 0.002558019711 0.002454617061 0.002256969223 0.002192452084
813,frag@139.06 loss@216.07 loss@330.05 loss@234.18 loss@337.15 loss@186.15 loss@267.07 loss@340.11 loss@302.07 frag@109.04 frag@257.14 loss@290.07 frag@208.07 loss@277.06 loss@281.12 loss@259.14 loss@222.09 loss@263.13 loss@301.05 frag@119.02,0.4283948243 0.1150833815 0.044906158 0.03616534546 0.03417244926 0.02785405703 0.02398389205 0.0208568126 0.01812776364 0.01724495925 0.01416713279 0.008895604871 0.007886520587 0.005501290318 0.005274957046 0.005021709483 0.004288713913 0.004232439678 0.004135787021 0.003788948059
814,frag@164.11 loss@241.13 loss@296.15 loss@201.15 loss@251.14 loss@293.17 frag@291.17 loss@297.15 loss@260.2 frag@139.07 loss@259.18 loss@264.13 loss@375.16 frag@59.06 frag@127.01 frag@237.14 frag@337.13 loss@283.05 frag@189.11 loss@272.2,0.3670951724 0.1033083051 0.08868592978 0.0572944656 0.03806028143 0.02191599831 0.0204822477 0.005422965623 0.005369092338 0.005262644496 0.004992055241 0.004562125076 0.003816577606 0.003097188193 0.00285807834 0.002740507247 0.0027203348 0.002509062411 0.002358631231 0.002090761671
815,frag@110.06 frag@92.05 frag@93.06 frag@108.04 loss@180.09 frag@122.06 frag@126.04 loss@194.11 loss@254.07 loss@237.06 loss@207.05 loss@190.08 loss@235.1 frag@80.05 loss@212.06 loss@255.06 loss@282.07 loss@201.01 loss@201.07 loss@211.04,0.1177083775 0.1144248769 0.07214044034 0.06208264083 0.04279725999 0.03916279972 0.0340648368 0.02971493639 0.02610317431 0.02295084484 0.02267320827 0.02250925265 0.02108539641 0.02050543018 0.01976830512 0.01975533925 0.01490068343 0.01352991071 0.01243555732 0.01125213131
816,loss@85.05 frag@205.08 loss@73.05 frag@250.1 frag@223.09 frag@278.1 frag@230.08 frag@206.08 frag@208.09 frag@263.11 loss@98.07 frag@224.97 frag@290.1 frag@250.0 frag@231.1 frag@250.01 frag@222.07 frag@264.15 frag@237.07 frag@43.03,0.2888409197 0.2326121628 0.2008117288 0.09785789251 0.08214223385 0.01447155792 0.01200338546 0.006738157943 0.005462412722 0.005217104219 0.00328474422 0.003025302431 0.002502325224 0.001803108491 0.001763255452 0.001641902374 0.00139103469 0.001362783834 0.001265761792 0.001112921163
817,frag@105.07 frag@123.08 frag@147.08 frag@133.06 frag@135.08 loss@239.13 loss@219.11 loss@209.12 loss@242.08 loss@299.15 loss@219.09 loss@235.06 frag@129.07 loss@209.08 frag@117.07 loss@231.07 loss@227.05 loss@268.09 loss@175.1 loss@214.02,0.158897236 0.1203369722 0.0509477593 0.03742334619 0.03534666449 0.03035387583 0.02619968727 0.02231228165 0.02187137678 0.01940807328 0.01596644148 0.01488264464 0.01233973354 0.01180937234 0.009578032419 0.00944619067 0.009141428396 0.009116303176 0.008385686204 0.008110465482
818,frag@162.07 loss@233.08 loss@176.07 loss@189.07 loss@205.09 loss@251.09 loss@177.09 loss@215.04 loss@200.05 loss@233.12 loss@191.11 loss@262.12 loss@214.11 loss@218.03 loss@209.12 loss@175.1 loss@262.05 loss@109.09 loss@187.07 loss@189.1,0.4951136708 0.1769500971 0.1488126516 0.08131475747 0.04163803905 0.01379659399 0.001571257599 0.001279806136 0.001036742819 0.0009739845991 0.0009705814882 0.0009690379375 0.0009121892508 0.0008492077468 0.0008218637668 0.0006933821132 0.0006906729541 0.0005605313345 0.0005163107999 0.0005018837983
819,frag@96.04 frag@78.03 loss@162.08 frag@106.03 loss@122.05 loss@94.05 frag@124.04 loss@182.03 loss@123.03 loss@95.04 loss@89.98 loss@93.04 loss@80.03 loss@137.0 loss@200.02 loss@329.12 loss@180.14 loss@251.18 loss@243.01 loss@101.02,0.2417083234 0.1078015417 0.08168059587 0.07946786284 0.07260999084 0.06183098257 0.04812785611 0.02165292762 0.01804508641 0.01721025445 0.01597690955 0.01595961116 0.01496503875 0.01211601868 0.007762842346 0.006516825873 0.006039489526 0.005886793602 0.005575896706 0.005515845958
820,frag@174.13 loss@216.12 frag@73.06 loss@345.13 frag@209.13 frag@272.05 frag@215.12 loss@264.14 loss@297.14 loss@344.15 loss@348.11 frag@184.11 loss@277.17 loss@299.16 loss@266.02 loss@307.18 frag@348.06 loss@352.09 frag@102.13 loss@379.12,0.1093147248 0.05183833092 0.04563421384 0.02911846153 0.0206261538 0.01728241704 0.01718967594 0.009745430201 0.008795601316 0.008549365215 0.008447619155 0.008037805557 0.007360517047 0.007278303616 0.007131867576 0.006799216382 0.006638089661 0.006502438802 0.005485971924 0.005203166511
821,loss@232.06 loss@211.05 frag@208.07 frag@184.02 loss@232.04 frag@119.06 frag@67.02 frag@216.09 frag@118.03 frag@140.08 loss@218.06 frag@119.05 loss@268.05 loss@127.03 loss@268.07 frag@109.07 loss@217.03 frag@253.1 frag@97.04 frag@233.13,0.1503615677 0.09994331002 0.06624495238 0.06068112329 0.05301529914 0.05171462521 0.05072172359 0.03592331335 0.03084065765 0.0194211714 0.01455336809 0.01136357524 0.01105948351 0.01004963741 0.009701635689 0.008131776005 0.006845177151 0.00640333537 0.006385675166 0.006284780335
822,frag@120.04 loss@192.13 loss@221.07 loss@196.09 loss@222.14 loss@237.1 loss@183.07 loss@314.14 loss@216.09 loss@245.12 loss@181.07 loss@183.09 loss@190.07 loss@295.1 loss@205.12 frag@110.05 loss@180.08 loss@227.11 frag@123.06 loss@205.09,0.4936140776 0.1970041245 0.1606775671 0.09239316732 0.003984411713 0.003300277516 0.002875112696 0.002539190231 0.002065245062 0.001828167471 0.001756555866 0.00165751914 0.001607577316 0.001471101888 0.001352167339 0.001120868255 0.001102885115 0.001041171607 0.000991170411 0.0008783664089
823,loss@88.01 frag@278.08 loss@287.02 loss@313.05 loss@283.11 frag@163.01 frag@152.09 frag@194.1 loss@264.03 frag@210.06 frag@292.05 frag@218.13 loss@328.04 frag@62.06 loss@262.09 frag@201.12 loss@88.09 frag@258.06 loss@357.14 loss@346.15,0.07160095125 0.04420349002 0.03732865304 0.02534421161 0.02439489402 0.01669679396 0.01588087343 0.01020223368 0.009265864268 0.008563265204 0.00768565014 0.007313206792 0.007297155447 0.006781430915 0.0064725345 0.006370260846 0.00597208878 0.005763932131 0.005558938254 0.005544267129
824,loss@356.1 frag@203.05 loss@206.1 frag@138.03 frag@320.15 frag@266.06 loss@247.15 frag@257.12 loss@193.98 frag@195.98 frag@289.15 loss@288.01 frag@240.05 frag@185.99 loss@167.0 loss@368.07 frag@331.17 frag@291.06 loss@377.15 loss@222.99,0.06652584672 0.04254437238 0.0395816043 0.03056971543 0.01573780179 0.01344569214 0.01273468509 0.01043363567 0.01033023652 0.009073722176 0.008289339952 0.007724728435 0.007525278255 0.005948938895 0.004815812688 0.004160412122 0.004136427306 0.002895454178 0.002884692745 0.002598473802
825,loss@151.07 frag@152.08 frag@164.12 frag@192.11 loss@123.08 loss@141.09 frag@98.07 loss@203.12 loss@147.09 loss@260.11 frag@221.14 frag@258.12 loss@293.19 loss@174.09 frag@303.1 frag@225.99 loss@165.1 frag@180.09 frag@184.0 frag@109.04,0.1332439631 0.1316452473 0.1102956086 0.07441128045 0.07046726346 0.07004702836 0.06956150383 0.06738194823 0.05471910536 0.04628960416 0.02042701095 0.01928726584 0.006545157172 0.006378666498 0.004579370841 0.004243684001 0.003852935741 0.003535755677 0.002953552874 0.002891430631
826,loss@128.0 frag@190.04 loss@127.02 loss@147.04 loss@142.02 frag@193.08 loss@157.03 frag@222.09 frag@212.95 loss@154.03 frag@193.04 loss@187.03 loss@113.03 loss@176.04 frag@201.05 loss@354.17 loss@179.03 frag@202.04 frag@183.94 frag@166.01,0.05804364011 0.05142748728 0.04264180362 0.04141673446 0.0361732021 0.03379168361 0.03104207478 0.03009506874 0.02798766643 0.02796448208 0.02507886663 0.02252656594 0.02160808258 0.02138893306 0.02067317255 0.01859781146 0.01824853756 0.01798166148 0.01672305539 0.01595971547
827,frag@150.06 loss@234.16 frag@55.03 loss@111.04 loss@172.04 loss@301.07 frag@84.07 loss@292.06 frag@127.0 frag@79.03 loss@337.15 loss@172.13 frag@204.04 loss@277.06 loss@215.04 loss@233.04 loss@221.04 frag@214.03 frag@193.01 frag@190.01,0.2169730812 0.105918102 0.0874991715 0.059921626 0.02216417529 0.01162266452 0.01109637227 0.009618752636 0.008651520126 0.007743672933 0.007547067013 0.007467347663 0.006727723405 0.005997127388 0.005633833818 0.005577689502 0.005109158345 0.004598255269 0.003648532322 0.003422664478
828,frag@68.05 loss@239.09 loss@201.11 loss@251.09 frag@110.06 loss@224.06 loss@243.07 frag@114.0 loss@238.1 frag@208.07 loss@242.01 loss@226.04 loss@212.1 frag@69.06 loss@235.11 loss@252.07 loss@258.07 loss@234.14 loss@282.07 frag@94.06,0.3997131586 0.2264111191 0.04483840242 0.04454075173 0.02219033428 0.01765181683 0.01356469188 0.009147115983 0.008629234508 0.008588513359 0.008033518679 0.006463780999 0.005898622796 0.005685909651 0.00545525644 0.005412276834 0.004916841164 0.004734011367 0.004654403776 0.004102943931
829,frag@56.05 loss@184.13 loss@209.13 loss@196.12 loss@201.14 loss@288.2 loss@154.07 loss@238.06 loss@167.06 loss@187.01 loss@261.06 frag@84.08 loss@225.07 loss@173.13 frag@42.03 loss@143.09 loss@181.11 loss@227.95 loss@244.01 loss@211.13,0.4490011334 0.1009983122 0.07001008093 0.057510674 0.04470947012 0.0200041607 0.01962529123 0.0156516321 0.01363565587 0.01052664407 0.009730579332 0.008765623905 0.008049803786 0.007805247325 0.007711696438 0.006772469264 0.006477995776 0.005165196024 0.003952298313 0.003752696328
830,loss@179.12 frag@162.13 frag@118.92 frag@152.97 loss@156.11 frag@315.13 loss@240.16 loss@295.01 loss@276.16 loss@205.0 loss@208.02 loss@128.04 loss@235.09 loss@270.03 loss@237.05 loss@225.15 loss@200.14 loss@441.18 loss@312.14 loss@268.08,0.3062556386 0.1771931648 0.1362018436 0.1239121184 0.03152137995 0.02095636539 0.01014034636 0.0062704999 0.005910571665 0.005158695858 0.004680719692 0.004408209585 0.004067149013 0.003680356545 0.003559952835 0.003290899098 0.002897488419 0.002759176539 0.002052457072 0.001870311331
831,frag@95.06 frag@109.08 frag@122.07 loss@179.11 frag@136.09 frag@135.09 loss@178.11 loss@193.11 frag@163.09 frag@110.07 loss@193.09 frag@150.1 loss@221.12 frag@124.09 loss@220.13 loss@208.12 loss@207.1 loss@165.12 loss@165.09 frag@148.09,0.1112949774 0.06764236838 0.0452442579 0.03754701838 0.03749235719 0.03525145724 0.03513317183 0.03475831449 0.0347285755 0.03143281117 0.03038267605 0.02902123705 0.02480651066 0.02477999032 0.02471503057 0.02373115718 0.02182429656 0.01801020652 0.01760363951 0.0159349665
832,frag@228.09 frag@267.13 loss@327.11 frag@269.18 frag@217.07 loss@317.1 loss@385.14 frag@214.11 loss@302.03 frag@349.07 loss@303.11 frag@304.14 loss@315.17 loss@361.15 loss@60.0 loss@277.17 loss@139.12 loss@240.17 frag@243.14 frag@168.03,0.05773873255 0.04092813656 0.02523972094 0.01856076717 0.01659997925 0.01525386795 0.01179196499 0.007886655629 0.00713802129 0.00685921777 0.006008484401 0.005824929569 0.004997872282 0.004283791408 0.004207571037 0.00405805232 0.004007635172 0.003908725455 0.003424061229 0.0034099021
833,frag@69.07 frag@55.05 loss@167.13 frag@83.09 loss@96.06 loss@146.11 loss@199.16 loss@171.16 loss@211.16 loss@139.14 loss@195.16 loss@261.18 loss@155.17 loss@332.09 frag@97.1 loss@141.15 loss@214.17 loss@231.15 loss@726.37 loss@175.12,0.2905135453 0.1067663804 0.04110796377 0.03883904219 0.03692844883 0.0331582427 0.02346961387 0.02098992839 0.01956297271 0.01953679696 0.01610348374 0.01532413997 0.01502507832 0.01388593763 0.01319329068 0.01190846134 0.01024169941 0.009871708229 0.009586730972 0.009541398846
834,frag@136.05 loss@218.08 loss@226.13 loss@361.13 loss@342.09 loss@246.11 loss@193.11 loss@259.02 loss@199.13 loss@260.13 loss@235.14 loss@276.12 loss@219.07 loss@225.1 loss@272.13 loss@198.14 loss@265.14 loss@306.15 loss@310.14 loss@154.11,0.4974858761 0.2523012459 0.06376096606 0.02132080123 0.01688592136 0.01609843597 0.0140093118 0.00641629193 0.004481045064 0.004338947125 0.003481912892 0.003355984576 0.002866362222 0.002417335752 0.002150313929 0.0018257068 0.001553050708 0.001547072665 0.00135418796 0.001345062396
835,loss@45.02 frag@148.05 loss@267.03 frag@233.13 frag@303.1 frag@289.11 frag@298.16 frag@276.01 frag@196.02 frag@352.09 frag@211.01 frag@251.04 frag@252.07 loss@129.09 frag@350.13 frag@158.07 frag@182.1 frag@316.11 frag@344.21 frag@328.01,0.4333311319 0.311401546 0.05705209821 0.04870790988 0.04624088109 0.03998080269 0.0224957671 0.007794409525 0.001168616931 0.001064806245 0.001005749102 0.0009696873021 0.0008640564629 0.000562861911 0.0005320864148 0.0004807648656 0.0004582717665 0.0004339239094 0.000410652865 0.0003729492892
836,loss@106.06 frag@227.06 loss@131.03 frag@260.09 frag@231.08 loss@328.1 frag@282.07 frag@186.06 frag@303.15 loss@78.01 frag@259.11 frag@332.16 loss@291.09 loss@66.02 loss@358.04 frag@200.02 loss@129.06 frag@171.1 loss@102.01 loss@169.18,0.1994823366 0.1392805874 0.1329695731 0.08859345317 0.06549026072 0.03724871948 0.02202635817 0.01372145768 0.0128199188 0.008525019512 0.006453499664 0.006254725624 0.00602107076 0.005832727998 0.00548217399 0.005464628339 0.005105023272 0.00457917247 0.00434298953 0.004159749951
837,frag@119.06 loss@165.08 loss@193.07 loss@137.08 loss@219.1 loss@175.06 loss@203.06 loss@164.07 loss@231.09 frag@256.14 frag@145.04 loss@199.03 loss@152.04 loss@179.09 loss@120.06 loss@189.99 loss@220.09 loss@163.1 loss@203.05 loss@225.05,0.4701361954 0.1301760674 0.1031031311 0.06015432626 0.04909222201 0.04292857647 0.04011952505 0.02189179696 0.01332312636 0.01314964425 0.009210606106 0.003574801143 0.002780863317 0.002702460159 0.002415816067 0.002173099667 0.001785311149 0.001438431093 0.001214688411 0.001108093653
838,frag@60.04 loss@197.14 loss@197.13 frag@154.09 loss@223.17 loss@240.16 loss@241.99 loss@231.16 loss@285.16 frag@198.95 loss@169.13 loss@156.15 loss@212.16 loss@234.22 frag@126.09 frag@367.19 loss@202.99 loss@195.16 frag@83.09 frag@82.06,0.2033141851 0.08336355537 0.07527592778 0.06728789955 0.04967157915 0.03327878565 0.02518111654 0.02512953803 0.02486914769 0.01969535463 0.01688578911 0.01386422385 0.01366149448 0.01183221955 0.009314959869 0.0092516765 0.009040613659 0.00718421163 0.00656533381 0.006563274655
839,frag@151.09 loss@196.06 loss@226.05 loss@112.08 loss@250.02 loss@139.09 frag@95.06 frag@94.05 loss@188.99 loss@267.05 loss@255.17 loss@253.02 loss@302.04 loss@388.12 frag@94.03 loss@243.01 loss@220.07 loss@241.06 loss@296.02 loss@152.09,0.4261479378 0.1837274879 0.1272332519 0.01903940365 0.01630985178 0.01569218375 0.01356755383 0.01104107779 0.008689930663 0.008644338697 0.006531052757 0.005896264222 0.00555237662 0.004981686827 0.004773098975 0.004399670288 0.003717528889 0.003460527631 0.002988947788 0.002956250682
840,frag@79.02 frag@61.01 frag@62.02 loss@84.02 frag@46.99 loss@114.03 frag@64.0 frag@62.99 loss@98.04 loss@96.02 frag@134.96 loss@81.02 frag@151.01 loss@108.03 frag@68.01 loss@150.05 loss@93.03 loss@120.04 frag@123.99 loss@78.04,0.09525877237 0.09322176129 0.07794021815 0.04328484833 0.04246092215 0.03983790055 0.02808297426 0.0227506794 0.01562292874 0.0153829921 0.01507205516 0.01481241267 0.01347683743 0.01152916625 0.01132097375 0.01102444902 0.009381318465 0.00894306507 0.007647810504 0.006918280851
841,loss@151.09 frag@213.13 loss@249.04 frag@197.05 frag@283.08 loss@192.01 frag@59.99 frag@224.09 frag@192.13 frag@179.1 loss@309.05 loss@156.07 loss@62.05 frag@142.03 frag@233.06 frag@260.05 frag@317.11 frag@87.0 loss@311.14 frag@254.1,0.1521177292 0.1316090077 0.05795992538 0.02499083243 0.01817383245 0.01470433269 0.01205502264 0.01102798153 0.007821583189 0.007803731598 0.007452127058 0.006651138887 0.006169293076 0.0060120821 0.005543234292 0.005462069064 0.004695024807 0.004658727907 0.003987497184 0.003916941117
842,frag@103.05 loss@184.03 frag@131.05 loss@182.04 frag@77.04 loss@316.1 loss@170.02 frag@243.08 frag@133.06 loss@227.09 loss@313.07 frag@135.08 loss@352.11 loss@204.1 frag@95.05 loss@225.04 loss@171.07 frag@105.03 loss@279.07 loss@217.13,0.3894126713 0.3607825339 0.03417466581 0.01847605407 0.01356129348 0.01262230426 0.01091642585 0.01014147233 0.01006552577 0.009829510935 0.009578013793 0.008663978428 0.006030669436 0.004100184888 0.003208660055 0.00280397106 0.002783312695 0.002640248043 0.002539823996 0.002298547886
843,loss@111.04 frag@233.11 frag@258.08 frag@290.13 loss@182.09 loss@271.18 frag@171.03 frag@223.12 frag@329.1 frag@207.11 loss@74.06 loss@198.04 loss@140.13 loss@188.14 loss@194.02 frag@203.05 frag@171.94 frag@214.1 loss@196.02 loss@233.04,0.1137266755 0.1064814329 0.05428636819 0.02853600681 0.02271635085 0.01196469553 0.01187806297 0.01096130069 0.01048004441 0.008829578757 0.007943911478 0.006343969144 0.00610293122 0.006029696204 0.005622841418 0.00485436758 0.004316048697 0.004269863945 0.004114131443 0.004090688657
844,frag@173.09 loss@109.07 loss@255.15 frag@215.09 loss@140.02 frag@168.06 frag@186.07 loss@135.1 loss@147.11 loss@246.18 frag@217.1 frag@158.07 frag@171.06 loss@147.08 frag@143.06 loss@90.0 loss@238.07 loss@296.05 loss@169.18 loss@269.1,0.3215145171 0.2023567557 0.09166172892 0.07557595521 0.05787326768 0.0124674933 0.010169724 0.01011382416 0.008305935189 0.007475830615 0.006710159127 0.006439430639 0.00612940127 0.005832541734 0.005338077899 0.004686543252 0.004470600281 0.003906928003 0.003750185482 0.003481115913
845,loss@180.04 frag@89.04 loss@166.03 frag@238.08 loss@148.02 frag@117.03 frag@145.03 frag@191.03 frag@177.05 frag@149.02 frag@164.02 frag@149.03 frag@163.04 frag@139.04 frag@153.05 frag@105.04 frag@107.01 loss@354.09 frag@325.06 frag@173.02,0.3200815618 0.1215737611 0.08826376498 0.06542982161 0.04690246657 0.03581598401 0.02899985202 0.02795687132 0.02549483813 0.0197948236 0.01759309135 0.01606926136 0.01464939304 0.01306168735 0.01038694568 0.008933115751 0.008843021467 0.006860945839 0.005729993805 0.005367252976
846,frag@190.12 loss@226.11 loss@319.17 loss@254.11 frag@220.11 frag@162.09 frag@148.08 loss@270.14 loss@271.13 frag@161.09 frag@190.09 frag@172.11 frag@87.07 frag@151.08 loss@236.12 loss@277.12 frag@156.14 frag@128.08 loss@256.18 frag@146.12,0.4120174646 0.3343473077 0.05835618079 0.02885365672 0.01038408 0.009285638109 0.006846636999 0.006071535405 0.005204668269 0.005178024061 0.003669367405 0.003441884415 0.002735393122 0.002446382539 0.00209720619 0.002066592919 0.001999552827 0.001617214526 0.001598609379 0.001590339234
847,frag@91.05 loss@218.07 loss@239.05 loss@256.09 loss@253.05 loss@238.1 loss@247.11 loss@269.07 loss@243.05 frag@91.06 loss@225.1 loss@254.12 loss@213.03 loss@213.15 loss@219.16 loss@296.12 loss@285.15 loss@249.17 loss@332.17 loss@295.12,0.4661921859 0.06443551183 0.05020674318 0.04000281543 0.02771944739 0.02209224366 0.019122269 0.01429181825 0.0137338005 0.01251048874 0.0112205809 0.0107907895 0.01030953415 0.009087431245 0.00824110955 0.007693933789 0.006950465962 0.006335790269 0.006104714237 0.005384576507
848,frag@69.0 loss@120.04 loss@118.03 loss@134.09 loss@92.01 frag@68.01 loss@78.03 loss@109.01 frag@43.03 frag@222.98 loss@312.17 frag@142.03 loss@182.0 loss@130.03 frag@377.15 loss@101.1 loss@128.05 frag@62.02 frag@328.08 loss@193.0,0.4374338984 0.2172079235 0.1297299713 0.06443497539 0.04322841763 0.03222027421 0.009373762645 0.004074521363 0.00182258815 0.001599576091 0.001595749869 0.001479181228 0.001329747261 0.001072638202 0.001045268727 0.001028079307 0.0009724519914 0.0009592108545 0.0009504336631 0.0009499767912
849,frag@85.04 loss@276.1 frag@110.02 frag@171.02 loss@279.09 loss@255.1 loss@216.07 loss@325.11 loss@246.1 loss@267.13 loss@227.1 loss@285.11 loss@343.11 frag@214.11 loss@115.02 frag@109.07 loss@268.07 frag@73.05 loss@237.1 loss@237.11,0.2711068988 0.06309593469 0.03311399743 0.02707690559 0.02309374511 0.0205533281 0.01566537097 0.0130734127 0.008519543335 0.008206215687 0.008191711269 0.007137650624 0.007008673623 0.006661013234 0.006560616661 0.006308475509 0.006245788652 0.005999386776 0.005873741582 0.005679213442
850,loss@196.02 frag@193.08 loss@182.02 loss@223.0 loss@353.09 frag@143.06 frag@275.13 frag@216.08 loss@211.0 loss@98.0 frag@204.05 frag@195.96 frag@216.05 loss@137.02 frag@263.06 loss@285.04 frag@264.07 frag@122.94 frag@329.12 frag@223.05,0.1209019274 0.1128821447 0.04483634979 0.04293232784 0.03667832166 0.03631604463 0.03280189633 0.02969212271 0.02681286819 0.01364691649 0.01191441622 0.01096055191 0.009953338653 0.008486494422 0.007811906282 0.007590446621 0.007451323327 0.007313245907 0.00663850829 0.005715274718
851,frag@96.04 loss@237.11 loss@264.09 loss@247.1 loss@217.05 frag@78.03 frag@120.04 frag@67.02 loss@261.15 frag@114.0 loss@207.03 frag@92.05 loss@255.04 frag@93.03 frag@124.04 frag@106.03 frag@68.05 loss@262.05 frag@133.08 loss@252.07,0.2714234293 0.08505740762 0.08228258789 0.07329121232 0.03432398289 0.03014590777 0.02308980934 0.01764614135 0.0147298919 0.01239444688 0.009823449887 0.008979051374 0.008500878699 0.008437596262 0.008274524473 0.007895539515 0.007805697154 0.006889331155 0.006255053449 0.005921103992
852,frag@80.05 frag@107.06 frag@92.05 loss@225.05 loss@210.06 loss@258.07 loss@215.03 frag@94.06 frag@108.04 frag@110.06 loss@224.06 frag@119.06 loss@250.05 loss@235.1 loss@240.06 frag@109.08 frag@68.05 loss@218.03 frag@65.04 loss@211.09,0.1648216248 0.07101123035 0.06487140059 0.05014740303 0.049589362 0.04671328515 0.03400678188 0.02332269959 0.02323093079 0.02102478035 0.01976226643 0.01853597909 0.01653042622 0.01602171548 0.01472011302 0.01433215849 0.01363848615 0.01251576655 0.01246608607 0.01103120856
853,frag@158.96 loss@202.03 loss@138.01 loss@137.04 frag@217.11 loss@2.02 loss@210.96 loss@139.09 frag@153.01 frag@174.92 frag@206.0 frag@311.15 frag@264.06 frag@162.1 loss@220.0 frag@256.04 loss@241.0 frag@168.06 frag@206.12 loss@174.02,0.1075790823 0.07678241283 0.05187060311 0.0331591852 0.02499756403 0.02074738033 0.01993378811 0.01792212203 0.0162134897 0.01582946442 0.01471172925 0.01468004193 0.01268416643 0.01120432187 0.01063652616 0.01057133824 0.009983309545 0.008782889694 0.007897741161 0.006683430169
854,frag@65.04 loss@240.06 loss@222.05 frag@67.02 loss@239.05 loss@227.05 loss@253.05 loss@225.06 loss@228.06 loss@269.07 loss@257.11 loss@225.05 frag@119.06 loss@213.03 frag@92.06 loss@235.1 loss@237.02 loss@235.11 frag@53.04 loss@249.09,0.3976819217 0.07779888809 0.06426987052 0.04321407527 0.03058572486 0.02912943624 0.01764783822 0.01637273282 0.01627377234 0.01547058485 0.0140228495 0.01400786731 0.01221387461 0.01185954828 0.01106183697 0.01076187845 0.009757417254 0.007785436697 0.007541158702 0.007460901048
855,frag@213.1 loss@224.11 loss@149.12 frag@172.08 frag@324.12 frag@247.07 loss@174.1 loss@330.02 frag@145.06 loss@203.09 loss@185.01 loss@192.03 frag@158.06 loss@118.08 loss@271.11 loss@283.12 loss@191.13 loss@215.12 loss@165.07 loss@348.16,0.2484841496 0.05864839256 0.03143554181 0.02796334587 0.02632307634 0.0260161534 0.01816289686 0.01618683152 0.01489513461 0.01366689149 0.01342571713 0.01293902192 0.01240374893 0.01055691764 0.01017658599 0.009715003893 0.009305018932 0.008600361645 0.008023378439 0.007077865768
856,loss@186.1 frag@83.02 loss@172.08 frag@142.02 loss@131.1 frag@55.02 frag@196.12 frag@165.14 frag@72.94 loss@159.09 frag@114.0 frag@82.99 frag@187.12 frag@58.03 frag@152.07 loss@144.08 frag@169.02 frag@131.08 loss@158.08 frag@187.98,0.2199928761 0.1761900187 0.1658225805 0.1254623085 0.0857264027 0.07834350318 0.0232928507 0.01274302136 0.006756359711 0.005865871906 0.005216734018 0.00496640522 0.003455961589 0.003260995494 0.002950635739 0.002610211261 0.002343155676 0.002312930301 0.002151662018 0.002099043457
857,frag@44.05 frag@167.12 loss@214.14 loss@234.01 frag@168.1 frag@110.1 loss@249.12 frag@100.04 loss@81.97 loss@155.14 frag@85.05 frag@128.11 frag@181.13 loss@328.13 loss@171.1 frag@58.06 frag@100.08 frag@114.09 loss@168.14 loss@324.09,0.1214848831 0.09721283615 0.07605495304 0.07574399561 0.02900242992 0.02562161349 0.01582383737 0.01541130152 0.01443074644 0.01388761774 0.01371975616 0.01059220452 0.01042656507 0.009269994684 0.009217410348 0.009082295001 0.009075644426 0.008863776922 0.008821119554 0.008704708889
858,frag@180.04 loss@211.07 frag@228.03 frag@184.02 loss@199.06 loss@235.05 loss@100.99 frag@311.18 loss@253.0 loss@255.09 loss@225.08 loss@162.07 frag@259.14 loss@293.06 loss@198.05 loss@277.09 loss@232.06 frag@224.06 loss@232.07 frag@111.03,0.1842514426 0.1055808067 0.08250448853 0.0672699064 0.03752888739 0.02774330415 0.02140853554 0.02084425464 0.02066863142 0.01302885637 0.008466855623 0.007219226565 0.00634992728 0.00611048704 0.00563218724 0.004958135076 0.004944234155 0.004875339568 0.004299957771 0.004168087617
859,frag@173.54 loss@270.07 loss@257.01 loss@322.11 loss@193.15 loss@273.12 loss@120.09 loss@239.17 loss@269.17 loss@278.12 loss@327.13 loss@309.14 loss@189.15 loss@355.12 loss@336.15 loss@203.17 loss@335.16 loss@339.07 frag@196.13 loss@273.01,0.4740577936 0.07200258225 0.03292999044 0.03159274906 0.02920358442 0.02644495666 0.02416868322 0.02343720198 0.02329316549 0.01756604575 0.01687867194 0.01597150788 0.01584147476 0.01441040821 0.01364657097 0.01347865909 0.009025443345 0.008964981884 0.008426857181 0.005919831339
860,loss@124.12 frag@256.07 frag@257.1 frag@43.03 loss@235.19 frag@186.03 loss@140.12 frag@40.02 loss@344.1 frag@362.14 loss@297.18 loss@95.06 loss@179.97 frag@257.08 frag@303.09 frag@221.06 frag@151.01 loss@355.14 frag@156.06 frag@234.1,0.08269140124 0.05721658096 0.04936330393 0.01948252507 0.01613409258 0.01597330719 0.01451275777 0.01316449512 0.01304024179 0.01104248222 0.009822399355 0.009010231122 0.008391373791 0.008037001826 0.007258540951 0.00708869379 0.006807242054 0.006388040259 0.006351979915 0.005993247498
861,frag@167.05 loss@259.11 loss@248.07 loss@148.09 loss@290.06 frag@171.04 loss@188.12 loss@263.13 loss@245.09 loss@267.15 loss@175.11 loss@213.15 loss@141.09 frag@217.12 loss@243.12 loss@236.07 loss@285.09 loss@328.15 loss@206.15 loss@255.11,0.3959922791 0.1452683955 0.02048771828 0.01624572836 0.01345166191 0.01337375306 0.01289793942 0.007880901918 0.007425461896 0.007302641403 0.006437899545 0.004197699483 0.004012082703 0.003851960413 0.003571624169 0.003422427922 0.003316302085 0.003163682995 0.003141279332 0.002906092443
862,frag@193.1 loss@258.12 loss@224.14 loss@307.13 loss@374.14 loss@244.16 loss@294.13 loss@228.08 loss@215.13 loss@304.14 loss@272.14 loss@261.11 loss@246.15 loss@208.99 loss@326.1 loss@265.99 frag@170.04 loss@281.11 loss@140.13 loss@256.04,0.4834822118 0.1328117996 0.11303325 0.09238500148 0.05460835248 0.01326976623 0.0109709641 0.003572330112 0.002956336597 0.002624429762 0.002522529801 0.002335011028 0.001935626147 0.001796270022 0.001771131996 0.001584770507 0.001547509572 0.001488363603 0.001353614149 0.001291090739
863,loss@140.07 loss@160.11 frag@247.05 frag@198.07 loss@168.01 frag@143.06 loss@127.0 loss@255.15 frag@229.06 frag@215.12 frag@229.1 frag@69.99 frag@217.1 frag@204.05 loss@143.12 loss@243.99 frag@168.06 frag@312.16 frag@214.1 frag@224.18,0.06142150983 0.04398619756 0.04307219386 0.03997573256 0.03699557483 0.03574391082 0.02713316679 0.02127321623 0.01618900709 0.01519384235 0.01508195885 0.01129736193 0.007359667681 0.007067046594 0.005457628053 0.005183673464 0.005085370038 0.005036967807 0.004527259618 0.004352046177
864,frag@173.55 loss@228.02 loss@338.12 loss@144.11 loss@240.12 loss@63.96 frag@173.54 loss@395.07 loss@278.12 loss@167.08 loss@258.18 loss@237.18 loss@318.17 loss@264.17 loss@309.14 loss@283.16 loss@228.18 loss@307.06 loss@189.15 frag@196.01,0.4495111108 0.1319072843 0.04931836575 0.04148359597 0.0411734879 0.01312569436 0.01175936218 0.01058343705 0.009398186579 0.008534490131 0.008176935837 0.006747687235 0.006362431217 0.006304681767 0.005595838185 0.005365670659 0.004812082276 0.004804429132 0.004781437572 0.004725572187
865,loss@137.03 frag@210.07 loss@202.04 loss@71.01 frag@225.11 loss@102.05 frag@232.1 frag@245.04 loss@270.06 frag@205.07 frag@248.06 frag@226.0 frag@167.02 frag@170.96 loss@146.02 loss@87.05 frag@184.05 frag@263.1 loss@98.02 loss@258.03,0.1162685975 0.1145169958 0.09832530469 0.09508825839 0.09299340099 0.07787123322 0.05798957497 0.04758188501 0.03938155994 0.03564853966 0.01675918512 0.01453983132 0.01339120883 0.006312523969 0.005556918681 0.004756072536 0.003853973001 0.003417844884 0.003315385198 0.003216910874
866,frag@43.02 loss@233.05 loss@191.01 loss@293.06 loss@277.13 loss@253.05 loss@306.14 loss@270.07 loss@349.09 loss@186.05 frag@308.15 loss@204.05 loss@222.08 loss@304.06 frag@87.04 loss@212.19 loss@305.15 frag@175.12 loss@112.05 loss@263.15,0.4832468033 0.3003002107 0.06566929817 0.04067735374 0.0141717298 0.01033431012 0.006448158063 0.005206313916 0.003374328371 0.002585430862 0.002364142332 0.002276720479 0.001834873809 0.001776883146 0.001687981887 0.001617257949 0.001499994542 0.001436044578 0.001292325323 0.001245013089
867,frag@182.12 loss@166.08 frag@162.97 frag@59.06 frag@127.01 loss@315.14 loss@293.17 frag@225.13 loss@304.17 loss@201.15 frag@224.1 loss@241.13 frag@81.08 frag@446.2 loss@201.0 frag@237.14 frag@210.98 loss@341.19 frag@297.04 frag@218.17,0.05521861091 0.02512658015 0.02346647531 0.01724125817 0.0156462267 0.01550626289 0.01059976593 0.00950918626 0.009290834889 0.009071476758 0.008888676763 0.008291296661 0.007150512189 0.006371951196 0.006050062366 0.005701288115 0.004780224059 0.004414112307 0.004216324538 0.004215926863
868,frag@158.08 frag@156.07 loss@195.08 frag@129.06 loss@95.05 loss@148.03 loss@158.02 loss@122.06 frag@246.1 loss@138.02 frag@272.12 loss@134.03 loss@106.01 loss@149.02 loss@173.1 loss@284.1 loss@187.93 frag@144.07 frag@274.1 loss@116.07,0.1430007517 0.12951608 0.0833292678 0.07858784497 0.0702361539 0.06647708267 0.06470520049 0.06083269045 0.05564237013 0.01553564612 0.01546731032 0.01263634302 0.01213844493 0.0121247936 0.009219430387 0.008262431249 0.007654541172 0.006103113759 0.005452773068 0.004883908667
869,frag@196.02 frag@245.13 loss@284.09 loss@286.05 loss@298.06 frag@320.15 frag@207.07 frag@285.11 loss@134.02 loss@289.08 frag@301.19 loss@354.06 loss@81.03 frag@118.92 frag@210.06 loss@65.03 frag@94.99 frag@304.05 loss@312.08 loss@339.04,0.05750465021 0.04019145295 0.03249178082 0.01018664893 0.005527899601 0.004678120837 0.004325696267 0.003951763734 0.003875097958 0.003660659306 0.003502584761 0.003290462773 0.003209577175 0.003193680663 0.003074855544 0.002785560209 0.00251945341 0.002347141504 0.002288829768 0.002139230492
870,frag@245.06 frag@234.08 frag@221.04 loss@104.01 frag@200.09 frag@234.1 frag@251.09 frag@306.12 frag@273.05 frag@305.08 loss@132.01 frag@261.1 loss@85.08 frag@271.1 loss@106.0 frag@289.09 frag@263.14 frag@236.09 frag@269.13 frag@401.14,0.07412991673 0.03020384349 0.02857859246 0.02749079838 0.02248449624 0.01685309224 0.01577636786 0.01501735114 0.01277889498 0.01274413709 0.01149301045 0.009885242209 0.007325689774 0.006931140088 0.006613717414 0.006603555288 0.006091851741 0.005685729906 0.005386776756 0.005070195533
871,loss@291.1 frag@172.02 loss@266.13 loss@247.13 loss@223.06 frag@202.16 loss@259.06 frag@220.14 frag@164.06 frag@282.12 loss@277.13 frag@226.02 frag@126.08 loss@307.17 frag@276.11 frag@225.04 frag@108.01 loss@310.11 frag@191.1 frag@213.99,0.02660340257 0.02025013231 0.02006414905 0.01975513622 0.01882391423 0.01678870246 0.01508409809 0.01426978968 0.01369001251 0.0120703727 0.0113433823 0.01103522442 0.01102291793 0.009476169944 0.009415183216 0.008705612272 0.008379957639 0.008337589912 0.008008123375 0.007511945441
872,frag@338.14 loss@233.99 frag@211.09 frag@220.1 loss@143.12 loss@382.15 frag@167.02 loss@330.07 frag@223.07 frag@283.14 loss@147.0 frag@289.1 loss@228.01 frag@199.05 loss@340.05 frag@216.03 loss@47.04 loss@308.04 loss@142.15 frag@104.01,0.04741460085 0.0448721461 0.04384928569 0.03977041319 0.02277984098 0.01779075153 0.01546116639 0.01545110997 0.01509803906 0.01203213353 0.009100172669 0.008427915163 0.008088977076 0.007984466851 0.007964632474 0.006458037999 0.00631479919 0.006195205729 0.006171164569 0.006138295867
873,frag@135.06 loss@175.08 loss@173.07 loss@236.06 loss@170.08 loss@215.05 loss@223.05 loss@193.05 loss@250.15 loss@127.04 loss@192.07 loss@171.05 loss@223.04 loss@215.11 loss@158.08 loss@252.07 loss@192.05 loss@222.09 frag@191.12 loss@175.05,0.4908384085 0.0823899135 0.07728236169 0.05594710261 0.04903940484 0.03885104507 0.03645605966 0.03617849946 0.01577323303 0.01042179205 0.005300125573 0.005172906443 0.004963854793 0.004939205013 0.003780697938 0.003254723735 0.002733516041 0.00272442284 0.002466647886 0.002418566961
874,frag@106.05 loss@150.04 frag@118.05 frag@95.03 loss@197.04 loss@151.01 loss@200.04 frag@98.04 frag@172.07 loss@100.04 loss@109.98 frag@133.05 loss@125.03 loss@131.03 loss@94.02 loss@95.0 loss@0.02 loss@171.05 loss@136.02 frag@136.1,0.1151062548 0.1125498191 0.09835705906 0.08838448673 0.05588329583 0.03352903202 0.03000740334 0.02241606265 0.02131740376 0.01835090853 0.01507576741 0.01265125349 0.01171384193 0.009711515158 0.009690282866 0.009641959332 0.00923172012 0.007972217165 0.007134850137 0.006914487574
875,loss@199.08 loss@269.06 frag@189.11 frag@183.06 frag@162.97 loss@281.08 frag@164.0 loss@280.07 frag@155.07 frag@152.07 frag@218.0 frag@242.11 frag@133.09 frag@237.02 frag@170.03 loss@329.1 frag@229.12 frag@172.06 loss@305.1 frag@66.05,0.1456867754 0.1208322644 0.05383417383 0.04330411181 0.04147876427 0.02936834656 0.02878122032 0.02848196588 0.02837370336 0.02824942209 0.02686855011 0.02633715793 0.02269973978 0.02026045136 0.0103321299 0.008997943252 0.007704542018 0.00672299508 0.005908231251 0.005420330912
876,frag@151.02 loss@167.08 loss@122.07 loss@168.08 frag@161.01 frag@161.02 frag@143.0 frag@133.01 loss@130.99 loss@313.1 loss@154.9 loss@118.11 frag@115.04 frag@116.96 frag@195.99 loss@123.07 loss@342.1 loss@245.13 loss@256.97 loss@151.05,0.1368532479 0.1308155209 0.1271038353 0.1268009096 0.1214878559 0.095092915 0.05789709836 0.04599976167 0.01707170904 0.01316028927 0.01223805267 0.01136792637 0.01074643154 0.007245862857 0.003874571528 0.003448226256 0.003233287251 0.002955289092 0.002646255773 0.002163969446
877,frag@68.05 loss@235.07 frag@110.06 loss@201.11 loss@264.09 loss@273.11 frag@92.05 frag@94.06 loss@235.1 frag@67.02 frag@174.97 loss@270.04 loss@258.07 loss@240.06 loss@194.11 frag@109.08 loss@122.01 loss@235.11 loss@245.06 loss@253.1,0.234858647 0.04282266274 0.04184171185 0.03193013743 0.0316484049 0.03007547744 0.02971822023 0.01586746983 0.01578881592 0.01547539793 0.01437973045 0.01241019368 0.0116395792 0.01154579408 0.01131964009 0.01115947682 0.00912827719 0.008965269662 0.008565128781 0.007750208955
878,loss@195.1 frag@196.11 frag@108.08 frag@181.1 frag@166.08 frag@182.98 frag@177.11 frag@167.09 frag@165.07 frag@164.07 frag@123.05 frag@171.04 frag@122.1 frag@95.07 loss@151.1 frag@136.08 frag@141.07 frag@336.08 frag@240.03 frag@165.11,0.4848443866 0.3037912548 0.05264831707 0.01759328507 0.01583465748 0.01284868643 0.01283810288 0.00714293262 0.006615949329 0.006229736377 0.004859456792 0.002663232619 0.002547238488 0.00242107641 0.002062186832 0.001994233346 0.001860500546 0.001814087853 0.00150949962 0.001257470227
879,loss@180.1 frag@103.05 frag@136.03 frag@314.13 frag@133.06 frag@219.02 frag@131.05 loss@204.1 frag@104.06 frag@133.07 frag@199.12 frag@161.06 frag@130.06 frag@240.12 frag@133.04 frag@107.01 frag@117.03 frag@135.08 frag@163.04 frag@199.02,0.4796468019 0.2786990702 0.114010863 0.02597130649 0.0174943395 0.01234774478 0.009757387452 0.003610512707 0.002726342762 0.002607271541 0.002580991015 0.001703563845 0.001632223953 0.001617695671 0.001229230547 0.001220388338 0.001178324921 0.001115781604 0.001000350923 0.000976022915
880,loss@248.15 frag@120.08 frag@121.06 frag@147.08 frag@91.05 frag@131.09 frag@134.1 frag@148.11 loss@215.13 frag@121.03 frag@105.07 frag@167.13 frag@149.1 loss@226.13 loss@169.1 loss@247.11 loss@303.13 loss@207.06 frag@135.08 frag@91.06,0.2583717406 0.1357805282 0.08463899046 0.08026193082 0.03186196461 0.02248893119 0.02149198204 0.01498483028 0.01223996375 0.01070417278 0.00985418912 0.009846081957 0.007806777023 0.007508294191 0.006919775158 0.006287873723 0.006140493322 0.006085448898 0.00556091452 0.004972294439
881,loss@156.07 loss@118.07 frag@197.05 loss@107.0 frag@146.05 frag@99.0 frag@136.01 frag@290.13 frag@234.12 frag@239.05 frag@150.08 loss@186.11 loss@277.06 frag@142.03 loss@336.16 frag@260.05 frag@276.13 loss@333.05 frag@203.12 loss@180.02,0.1409484297 0.09468580782 0.08409962803 0.05353427678 0.02874158695 0.0193213243 0.01753534935 0.01053730026 0.01049019583 0.008707059547 0.007467391901 0.00702036079 0.005835328717 0.005679879338 0.005467864219 0.00524070533 0.005050950684 0.004950844217 0.004877361469 0.004805745091
882,frag@113.07 loss@221.13 loss@195.11 loss@181.1 loss@269.05 loss@216.15 loss@336.01 loss@276.16 loss@179.0 loss@354.12 frag@86.07 frag@169.0 loss@258.18 loss@307.1 frag@98.05 loss@342.18 loss@249.07 loss@177.11 loss@265.14 loss@309.16,0.4746870995 0.1434482187 0.1149207726 0.05187834427 0.04382498562 0.01341426186 0.01329028886 0.008923247457 0.005614596419 0.003494110657 0.003308292245 0.003221605672 0.0029910265 0.002694861032 0.002449146239 0.002107380191 0.002056535566 0.001870976179 0.001850561821 0.001823886298
883,frag@208.12 loss@304.12 loss@318.15 loss@318.13 frag@286.12 loss@295.14 frag@218.15 loss@432.15 frag@73.06 frag@288.06 frag@330.12 frag@173.06 frag@237.11 loss@303.14 frag@230.08 loss@302.02 frag@226.12 loss@265.12 loss@346.18 loss@106.04,0.2322505414 0.1630740166 0.1307694912 0.06097397581 0.0595466122 0.01241447311 0.01037507132 0.008610726334 0.007352208253 0.006383044645 0.006244470365 0.005582862534 0.005266004242 0.005019556731 0.004732017871 0.004439652432 0.003584502963 0.003227439942 0.002787203994 0.002703040605
884,loss@62.07 frag@79.03 frag@307.12 frag@230.06 frag@252.12 frag@282.1 loss@188.14 frag@296.12 loss@410.15 frag@172.01 frag@210.06 frag@278.08 frag@276.14 loss@53.05 frag@200.04 frag@152.09 loss@221.01 frag@224.12 loss@169.16 frag@212.04,0.1042339131 0.03522380814 0.02941446006 0.02724866569 0.0224229712 0.01971695758 0.01361097675 0.007368848659 0.00657184748 0.00624160422 0.005831669085 0.005659518298 0.005579203367 0.005404024385 0.005288357846 0.005162444897 0.004901349079 0.004618067294 0.004522833508 0.003894975176
885,frag@199.09 loss@157.13 loss@85.04 frag@186.06 loss@145.12 frag@220.1 frag@216.1 frag@239.08 loss@164.05 loss@301.12 loss@160.1 loss@191.04 loss@157.08 loss@255.1 frag@204.1 frag@174.06 loss@242.06 loss@130.07 frag@196.05 loss@192.03,0.1817802489 0.04233237728 0.03473814577 0.03232525662 0.02782841399 0.0225590039 0.02025258355 0.01919942535 0.01542412024 0.01349146944 0.01291628554 0.01247238275 0.01077210531 0.01077125221 0.01044118591 0.01033631526 0.008782533929 0.007480001077 0.006977665238 0.006963395979
886,frag@107.04 frag@87.0 frag@157.96 loss@140.01 frag@89.02 loss@172.04 frag@183.98 loss@186.96 loss@251.05 loss@294.01 frag@82.03 frag@209.99 loss@301.16 frag@72.94 loss@259.96 loss@130.0 loss@135.02 loss@229.97 loss@281.04 loss@289.03,0.1505239904 0.1227587685 0.08069241047 0.07142007351 0.0173605904 0.01195618045 0.01132700127 0.01044777688 0.01044078451 0.01036995277 0.009346901439 0.007775740232 0.007271915674 0.006859894376 0.006554258522 0.006094750948 0.00609183358 0.004814030137 0.004369943403 0.004226447549
887,frag@205.09 loss@115.0 frag@278.07 frag@195.98 loss@148.12 frag@289.1 loss@116.03 loss@116.06 loss@328.2 loss@118.11 loss@337.09 frag@185.06 loss@308.0 frag@264.11 frag@264.1 frag@293.08 frag@216.03 loss@298.15 frag@339.11 loss@77.02,0.2247630954 0.0445490852 0.03490228951 0.02325943112 0.01892426237 0.01662230492 0.01395959873 0.01277352404 0.006663058884 0.006514235865 0.004898631014 0.0044142236 0.004033694975 0.003982168622 0.003780211089 0.003374750027 0.003260719823 0.003154410748 0.003056296613 0.002953281859
888,frag@174.04 loss@219.08 loss@141.1 frag@169.04 frag@173.03 loss@154.05 loss@162.12 loss@137.08 loss@152.06 loss@306.19 loss@191.12 loss@166.09 loss@177.12 loss@259.14 loss@244.08 loss@330.02 loss@244.04 loss@412.12 loss@164.11 loss@353.05,0.2719669044 0.2427916527 0.1327430606 0.131206423 0.09068542719 0.0178044904 0.01582388207 0.007227731403 0.00375724351 0.003093346022 0.002920849714 0.002857381944 0.002754087793 0.002687894274 0.002511751838 0.002432950772 0.002272797748 0.001830685651 0.001806517714 0.001576328068
889,frag@150.07 loss@180.11 loss@311.07 loss@290.2 loss@290.1 loss@237.13 loss@293.07 loss@200.13 loss@302.14 loss@283.04 loss@179.11 loss@208.13 loss@312.18 loss@249.17 loss@237.16 loss@179.0 loss@216.1 loss@188.11 loss@205.11 loss@334.13,0.4955915809 0.1013037786 0.03675928339 0.03614057973 0.0285501834 0.02603907697 0.02288113162 0.01963249221 0.01715683192 0.01605782285 0.00701395236 0.00699490821 0.006866290234 0.006332005374 0.004351678304 0.003810802475 0.003531003371 0.00326728588 0.003232323797 0.002963494742
890,frag@134.04 frag@180.03 loss@64.0 loss@146.02 frag@107.03 loss@109.02 loss@115.01 loss@135.01 loss@103.99 loss@145.01 loss@84.0 loss@48.0 loss@71.98 frag@180.98 frag@221.02 loss@72.03 loss@104.99 loss@158.05 frag@289.08 loss@101.02,0.2649556696 0.0761417821 0.05588508397 0.04734445736 0.04403555393 0.04310930148 0.03445325419 0.03440279141 0.02928988636 0.02896844968 0.01758755371 0.01744208485 0.01125053968 0.0107349623 0.01073330455 0.009208309464 0.008782458492 0.00878165476 0.008309675381 0.008171199821
891,loss@255.08 loss@216.06 frag@131.06 frag@171.01 loss@217.13 frag@159.06 frag@132.07 frag@133.08 frag@120.07 frag@132.06 frag@161.11 frag@187.12 loss@269.13 frag@133.06 frag@146.08 frag@104.05 loss@188.94 frag@159.09 loss@220.05 loss@194.01,0.1759908199 0.1480482668 0.08400008827 0.05872075632 0.05043981597 0.03716619685 0.02651554532 0.0243718829 0.02430730872 0.02196344733 0.01977244765 0.01655480079 0.01334517356 0.01112396456 0.00822245609 0.008213490248 0.007522678003 0.005736346822 0.004728069995 0.004728051834
892,loss@50.04 frag@292.08 frag@233.02 frag@251.05 frag@293.04 frag@384.17 loss@146.01 frag@303.11 frag@281.1 frag@80.03 frag@234.99 frag@283.15 frag@217.02 frag@335.14 loss@338.14 loss@184.01 frag@150.95 loss@150.13 loss@84.04 frag@248.14,0.05093288422 0.03252102435 0.02209465951 0.0146814445 0.01107053738 0.009678859264 0.008291870356 0.007800662424 0.007343995851 0.007151562721 0.006525913719 0.005544892047 0.00488645304 0.004531028681 0.004288482014 0.004072550219 0.003876126604 0.003862021491 0.003753548488 0.003061949741
893,frag@147.06 loss@145.09 frag@145.08 frag@145.09 loss@212.07 frag@146.06 frag@173.07 loss@188.1 loss@234.07 loss@160.1 loss@168.06 loss@202.11 frag@118.06 loss@174.04 frag@157.08 frag@128.05 loss@243.14 loss@172.1 frag@187.09 frag@185.11,0.2044650912 0.1586894393 0.06578479707 0.04740796611 0.03574861586 0.03368130326 0.02923283726 0.01509000175 0.01500026882 0.01299847383 0.0127598308 0.01106389053 0.0103920633 0.01032675337 0.008409628645 0.007539060898 0.007417482324 0.007167862728 0.007061856799 0.006780429743
894,frag@121.05 loss@237.09 loss@208.05 frag@135.07 frag@93.06 loss@209.06 frag@151.06 loss@170.08 frag@108.08 frag@59.02 loss@194.11 loss@212.97 loss@229.99 frag@164.11 frag@80.05 frag@122.06 frag@110.06 frag@68.05 loss@184.1 loss@228.14,0.4407790601 0.2440086305 0.2193391174 0.01919738017 0.008362578228 0.00333256647 0.003255228279 0.002838164102 0.002054860815 0.001941625262 0.001789792441 0.001749132527 0.001699166489 0.001538191922 0.001447107526 0.001438035979 0.001151868026 0.001039106748 0.0009544485947 0.0009302640101
895,frag@249.11 frag@219.03 frag@271.1 loss@351.15 loss@234.03 loss@321.13 loss@345.14 loss@297.14 frag@230.05 frag@305.08 loss@112.07 frag@352.18 loss@132.01 loss@413.19 loss@65.98 loss@63.07 loss@84.05 loss@159.14 loss@226.01 loss@310.07,0.1448899209 0.1251072437 0.1087000445 0.05415439233 0.05028161034 0.04461719096 0.03292213008 0.02416793443 0.02351238206 0.02271659672 0.02084638551 0.01303211134 0.007560377941 0.004951006267 0.004491241649 0.00446700491 0.004209429026 0.004072913434 0.003710078076 0.003524153726
896,loss@288.07 frag@181.96 loss@270.08 frag@196.97 loss@279.13 frag@173.96 frag@180.03 loss@300.1 frag@210.06 frag@260.11 frag@140.98 frag@142.01 frag@68.03 loss@271.08 frag@198.95 loss@253.18 frag@116.99 frag@304.12 frag@191.11 loss@235.19,0.1159069017 0.03837966174 0.01656755432 0.01560389251 0.01197118685 0.008910820819 0.008233957924 0.008221847937 0.006300851703 0.00560446782 0.004887553398 0.004500281066 0.004324041307 0.004257875029 0.004202275071 0.00398538122 0.003054026281 0.002714983886 0.002710505622 0.002461880213
897,loss@184.08 frag@128.05 frag@118.06 frag@146.06 frag@130.06 loss@203.08 frag@182.03 frag@143.04 loss@145.1 frag@173.07 frag@192.01 frag@216.1 loss@199.07 frag@145.08 loss@148.08 loss@169.05 loss@201.1 loss@133.02 loss@210.05 loss@171.02,0.2856966257 0.07818437368 0.05944766477 0.05619981885 0.05522255972 0.0535467416 0.04781822488 0.04422521964 0.02133654617 0.0153889861 0.01463883091 0.01220305264 0.01037611533 0.009446277283 0.008957250975 0.006541587878 0.0062907557 0.005925521255 0.005727240816 0.005507581402
898,frag@109.05 loss@214.08 loss@241.08 loss@230.06 loss@265.04 loss@216.0 loss@289.05 loss@302.08 loss@165.14 frag@116.98 loss@295.05 loss@199.05 frag@201.1 loss@235.09 loss@181.04 loss@268.12 loss@172.03 loss@207.14 loss@244.06 loss@277.09,0.477817595 0.1293090284 0.1224560514 0.07698512822 0.03977701068 0.02338753454 0.01982923597 0.0194794666 0.01500156149 0.009281331673 0.006632859353 0.002491503023 0.002193351043 0.001821861602 0.001770304167 0.001604071702 0.001485983375 0.001453962992 0.001249776571 0.0012267743
899,frag@160.05 loss@134.07 loss@186.09 frag@132.06 loss@204.08 loss@215.11 loss@127.04 loss@177.09 frag@231.12 frag@146.07 loss@189.07 frag@106.06 frag@158.07 loss@553.2 loss@187.07 frag@139.02 frag@183.98 frag@162.07 loss@188.03 loss@189.08,0.3854274452 0.2462471128 0.1070432886 0.07409528643 0.04771260545 0.01393061318 0.00616417639 0.005329219159 0.0050368784 0.00440976955 0.004363234155 0.003305616789 0.003212069627 0.003127563745 0.002574472455 0.002096222015 0.002041838365 0.002035713755 0.002010721015 0.001802432933
900,frag@228.04 loss@111.08 loss@84.03 loss@139.11 frag@182.07 frag@250.13 frag@197.99 loss@269.04 frag@284.12 frag@177.13 frag@185.08 frag@377.16 frag@213.06 frag@232.06 frag@234.08 frag@233.06 loss@182.0 frag@234.16 loss@114.09 frag@126.03,0.05368177593 0.03944794834 0.02690919489 0.02486537211 0.02204207331 0.01569403894 0.01521000918 0.0116951149 0.009580051526 0.009030059911 0.008859525435 0.007972458377 0.006995793898 0.006752420217 0.006084308494 0.005577309523 0.005145941861 0.004878325853 0.004820395261 0.004741990007
901,frag@56.05 loss@157.07 frag@84.04 loss@63.03 loss@167.06 loss@155.06 loss@117.04 loss@131.06 loss@105.04 loss@210.15 loss@128.05 loss@216.02 loss@92.01 frag@42.03 frag@41.04 loss@225.07 loss@261.06 loss@259.0 frag@55.02 loss@157.04,0.3554865718 0.1278944016 0.109400861 0.04902999848 0.0488177985 0.04594325274 0.04541925713 0.04062528163 0.02919083275 0.01954985969 0.0157594122 0.01035789028 0.01018309873 0.00828849338 0.008197790943 0.008174752817 0.007122941781 0.005665564444 0.004346885253 0.004110563081
902,loss@152.11 frag@166.07 loss@131.04 frag@153.04 frag@110.03 frag@180.09 loss@92.05 frag@209.09 loss@119.06 frag@196.96 loss@132.04 loss@118.02 loss@131.06 loss@104.11 loss@159.99 loss@125.06 loss@135.04 loss@149.07 loss@123.14 frag@134.05,0.1497471333 0.1238387898 0.1012990549 0.09990110248 0.07612450421 0.073287718 0.06274918467 0.05001650006 0.02064234391 0.01845835708 0.01785138063 0.01158127096 0.009222604334 0.008646633476 0.006152233575 0.005730520934 0.005407216027 0.004830559716 0.004355972167 0.004094046541
903,frag@82.03 loss@222.08 loss@252.07 loss@224.09 loss@223.08 loss@212.1 frag@151.99 loss@197.08 frag@80.06 loss@226.04 loss@239.09 loss@251.09 loss@254.08 loss@173.07 frag@99.05 loss@239.07 loss@237.06 loss@266.04 frag@99.06 loss@196.08,0.4671389163 0.1474059671 0.1112105772 0.09782788903 0.05872133747 0.03058521263 0.02218759432 0.005452925805 0.002532806946 0.002272682032 0.002256129635 0.002052803757 0.001703428454 0.001681481022 0.001636215718 0.001543877646 0.001469576382 0.00118119258 0.001079622773 0.0009735202184
904,frag@207.09 frag@235.09 frag@218.08 loss@154.05 loss@222.04 loss@156.06 frag@179.99 loss@296.07 loss@129.05 loss@224.16 loss@87.06 loss@183.97 loss@97.06 loss@142.07 loss@108.05 frag@197.04 frag@142.95 loss@238.01 loss@35.98 loss@97.08,0.152825281 0.1424917579 0.1177759245 0.09367687255 0.09328336269 0.08387263864 0.05836829543 0.05191417038 0.02008393221 0.01872056909 0.0183987394 0.01010149252 0.00669305725 0.004322129302 0.00426314678 0.004006144125 0.00373355276 0.003717474872 0.003607191611 0.003365602344
905,loss@240.17 frag@228.09 frag@197.98 frag@304.14 frag@214.11 frag@180.96 loss@277.17 frag@288.13 frag@230.13 frag@226.11 frag@227.08 loss@317.1 frag@272.05 frag@173.97 frag@294.09 loss@139.12 frag@306.16 frag@217.07 frag@210.98 frag@247.03,0.1446264386 0.02407916263 0.01403354947 0.01205996145 0.0109733399 0.01085938606 0.0104596233 0.01043334417 0.009495202452 0.008362084627 0.007768450305 0.006280411035 0.006254477892 0.005696255248 0.005278368946 0.004816625733 0.004551636055 0.004431093577 0.004270356614 0.004030953161
906,frag@206.09 loss@261.12 loss@206.1 frag@274.18 loss@288.1 frag@315.12 frag@237.14 loss@172.13 loss@322.08 loss@288.21 frag@184.11 loss@125.0 frag@170.11 frag@269.15 loss@251.14 loss@139.12 frag@184.98 loss@256.13 frag@284.13 frag@168.12,0.09832835197 0.03892222047 0.03004029579 0.01634134911 0.01413457561 0.009808975272 0.005879503209 0.005865866784 0.005713439547 0.005610133521 0.005597349256 0.004678152967 0.004225322511 0.003548176959 0.003475765465 0.003364332719 0.003249286907 0.003198539838 0.003038278781 0.003004772589
907,frag@348.06 frag@182.02 loss@335.04 frag@315.06 loss@444.13 frag@42.57 loss@325.04 frag@136.94 loss@207.0 frag@218.02 loss@170.94 frag@326.17 frag@152.04 loss@101.0 loss@175.99 frag@251.05 loss@343.23 loss@265.99 loss@251.03 loss@379.12,0.02072289586 0.01534248516 0.015090595 0.01359613705 0.01223830041 0.01106860209 0.01060003601 0.009604186751 0.007944922894 0.007619399112 0.006376343314 0.005966059864 0.005917114206 0.005495325662 0.005454422906 0.005310935434 0.005309789907 0.005260095 0.005176747218 0.005000832025
908,frag@44.05 loss@265.11 frag@96.08 frag@70.06 loss@237.15 loss@187.08 loss@243.08 frag@125.11 loss@284.08 frag@98.1 loss@290.16 frag@97.09 frag@82.06 loss@236.09 frag@110.1 frag@98.08 loss@208.09 loss@266.11 loss@168.13 frag@60.04,0.1697956622 0.09085537493 0.07214739919 0.05932079628 0.05562772229 0.0505291 0.04719758034 0.03878890723 0.02792494744 0.02607553639 0.02138027363 0.01779788546 0.01679839194 0.0163854789 0.01119328011 0.009735839441 0.009107185528 0.008043657988 0.006648081355 0.006284599658
909,frag@149.07 frag@123.09 loss@194.07 loss@241.05 loss@201.04 loss@157.05 loss@200.01 loss@164.13 loss@227.03 loss@313.06 loss@281.03 loss@199.01 loss@225.18 frag@174.03 frag@85.09 loss@224.07 loss@198.06 loss@291.21 loss@277.1 loss@157.07,0.2699581981 0.1903803647 0.08994583786 0.06324908137 0.04786833003 0.03599008918 0.02616162971 0.02474322356 0.0209718626 0.01975133829 0.01583919488 0.01406568289 0.008861044422 0.007122978568 0.005750386976 0.005738759413 0.00571875833 0.005287065636 0.005249504466 0.004978926387
910,frag@146.02 loss@275.13 loss@260.16 loss@259.17 loss@167.17 loss@241.15 frag@189.07 loss@266.13 loss@182.18 loss@216.15 loss@184.19 loss@269.15 loss@210.15 loss@278.11 loss@270.15 loss@229.02 loss@243.14 frag@213.03 loss@268.19 loss@122.03,0.4785110056 0.1320078969 0.1314160228 0.06316302717 0.03290715441 0.02546413429 0.008839529939 0.006859548856 0.004789385479 0.004744918551 0.004336345941 0.003548354376 0.002940222155 0.002767961007 0.002722917357 0.002599980915 0.002065623412 0.001991704339 0.001895770198 0.001883862657
911,loss@160.11 frag@214.04 frag@246.12 frag@183.09 frag@246.1 frag@117.0 frag@293.08 frag@284.1 frag@264.1 frag@224.18 frag@195.09 frag@331.12 frag@108.96 frag@319.15 frag@122.05 loss@115.0 loss@143.12 frag@277.11 frag@87.01 frag@204.05,0.1579072475 0.09490672499 0.01284640934 0.01194554102 0.01013038494 0.008626390249 0.007235462777 0.006098544691 0.006066767033 0.005676737521 0.005341698881 0.00463678129 0.003859653138 0.003717917483 0.003500193125 0.003225894179 0.003015666036 0.002789939754 0.002664881991 0.002346789697
912,loss@258.09 frag@183.01 frag@287.07 loss@306.1 loss@269.11 frag@164.14 loss@257.09 frag@229.12 loss@276.11 frag@134.1 frag@146.1 frag@119.07 frag@172.11 frag@160.11 frag@220.06 frag@256.14 loss@279.09 frag@177.09 loss@242.06 frag@309.16,0.2038932592 0.1553423703 0.1332776099 0.08510485291 0.07577782869 0.03425536305 0.01677900925 0.01451737899 0.01392897684 0.01088155154 0.009980845265 0.009827756323 0.008406270295 0.00806374196 0.006444481201 0.006376098376 0.005622521043 0.005528503563 0.00528300833 0.005060671363
913,frag@164.07 frag@138.05 loss@207.13 frag@139.09 loss@248.13 loss@195.13 loss@233.14 loss@185.12 loss@183.11 loss@249.15 loss@212.13 frag@243.12 frag@111.98 frag@264.14 frag@139.1 loss@219.15 loss@260.05 frag@77.02 frag@108.08 frag@84.04,0.1504848897 0.1305168122 0.1103354469 0.1016584113 0.06582401693 0.06405829638 0.06062754989 0.05834754929 0.03788883984 0.02936311811 0.02346835099 0.02311200835 0.00800920371 0.007957962342 0.007658354472 0.005947415717 0.005442779511 0.004566954449 0.004120300058 0.003519933438
914,frag@143.01 loss@231.05 loss@272.08 loss@167.03 loss@218.01 loss@181.18 frag@145.02 loss@169.99 loss@194.12 loss@163.02 frag@151.03 loss@291.05 loss@206.02 loss@321.19 loss@187.99 loss@298.03 loss@216.03 frag@231.0 loss@212.99 frag@69.01,0.447350204 0.1307127625 0.119108662 0.0954779461 0.0383208245 0.02199325152 0.01868048497 0.009689049795 0.007709946018 0.004104855936 0.003706983523 0.002780190203 0.002698052209 0.00245128735 0.001952170278 0.001744938083 0.001459692139 0.001368826837 0.001343759708 0.00132516725
915,loss@171.08 frag@223.1 frag@200.03 frag@212.07 frag@284.11 frag@188.95 frag@222.09 frag@127.02 frag@252.11 loss@166.05 loss@154.05 loss@99.05 frag@241.1 frag@156.07 frag@183.08 frag@258.07 frag@171.03 loss@182.09 frag@356.09 frag@203.09,0.4707913995 0.1719094217 0.1074299142 0.05037617311 0.04198623076 0.0214176327 0.01876397803 0.006068051327 0.005431020632 0.004453097004 0.004318749998 0.003959122114 0.003826425876 0.003499801736 0.003053131746 0.002883551642 0.002845332259 0.00196331623 0.001928302227 0.001578814699
916,loss@212.1 frag@225.14 frag@67.02 frag@119.06 loss@185.05 frag@74.93 frag@133.09 frag@120.07 frag@282.12 frag@146.08 frag@148.08 loss@193.04 loss@226.04 frag@118.06 frag@144.14 loss@184.07 loss@179.09 frag@147.06 loss@170.02 frag@175.12,0.1294820905 0.05641608685 0.05466105416 0.05090924725 0.04566329345 0.0447265394 0.03737676889 0.01858855039 0.01463014167 0.01082961541 0.01077473909 0.008794114925 0.008360362612 0.008072962053 0.008071130142 0.007759151049 0.007445156109 0.006648755167 0.006505867932 0.006106333807
917,frag@102.04 frag@97.01 loss@227.04 loss@191.03 loss@200.05 frag@111.03 loss@221.09 loss@245.07 frag@99.03 loss@241.14 loss@283.08 frag@126.04 frag@85.01 frag@319.19 frag@151.06 loss@237.03 loss@209.09 loss@140.03 loss@186.06 frag@149.04,0.1728303134 0.1481067538 0.1286419779 0.05460884795 0.04281166196 0.03752210736 0.02519863471 0.02219441161 0.02109717019 0.02102146484 0.02069804445 0.01641520672 0.01335724629 0.01110372692 0.01108084619 0.009408394806 0.008655441925 0.008268412203 0.00807078369 0.007270136382
918,loss@182.1 frag@82.04 frag@208.04 frag@227.04 loss@291.15 frag@302.17 frag@124.06 loss@304.08 frag@167.08 frag@242.04 frag@201.08 frag@140.01 frag@195.95 loss@147.12 frag@206.03 frag@205.02 loss@133.1 frag@349.04 loss@230.1 frag@183.11,0.2418722063 0.08137315512 0.03020403907 0.02472537011 0.02387620881 0.0223268196 0.0178816691 0.01502889581 0.01260065753 0.01237857156 0.01172174048 0.01080257073 0.009294093587 0.009133028798 0.008528853767 0.008477967232 0.008144469932 0.007505885791 0.007030928973 0.006584380753
919,frag@44.05 loss@238.11 loss@249.12 loss@263.13 frag@232.13 frag@110.1 frag@70.06 frag@70.03 loss@262.11 frag@85.05 loss@234.05 frag@96.08 frag@114.09 frag@127.09 loss@237.15 frag@84.04 loss@249.07 loss@284.08 frag@98.08 loss@81.97,0.417004019 0.3886592686 0.04962584004 0.02349552885 0.01110326778 0.01083377935 0.01007673983 0.009836030193 0.007042039651 0.004857407883 0.004361174535 0.004245693795 0.003097560257 0.002432337264 0.002406733576 0.002133989474 0.002091253642 0.002052593278 0.002051807009 0.001945307013
920,frag@255.08 frag@257.13 loss@305.11 loss@260.03 frag@198.08 frag@216.14 loss@250.08 frag@257.11 loss@316.11 frag@221.09 frag@87.07 loss@259.07 loss@310.11 frag@199.05 frag@172.02 loss@195.99 frag@220.13 loss@207.14 loss@278.15 frag@128.09,0.04639082029 0.04387380183 0.03646091372 0.03627252206 0.03147482127 0.02753353119 0.02518663183 0.02222813852 0.02195736393 0.01682752371 0.01463710982 0.01336477604 0.01203351375 0.01180233806 0.0108299898 0.009439745918 0.009196158499 0.008640377782 0.008081630804 0.007683055475
921,frag@74.06 loss@196.13 loss@278.14 loss@208.16 frag@100.04 frag@82.06 frag@69.07 frag@41.04 frag@112.08 frag@55.05 loss@318.17 frag@57.07 frag@110.1 frag@128.11 frag@59.05 frag@82.07 frag@188.99 frag@154.1 frag@83.09 loss@274.09,0.2656125724 0.1740269363 0.1490304023 0.1257328838 0.07302834839 0.02239686437 0.008431278169 0.008167511784 0.007713988423 0.007433186285 0.007413180079 0.005738396663 0.005497356877 0.005245454144 0.00518381875 0.004175290465 0.003806887427 0.003482572036 0.003326749662 0.002968983259
922,frag@116.03 frag@182.0 frag@135.07 loss@248.1 loss@220.14 frag@245.05 frag@44.98 loss@251.01 loss@175.05 loss@130.09 loss@223.03 frag@98.01 loss@159.05 loss@252.07 frag@138.01 loss@154.08 loss@152.04 frag@148.06 loss@210.02 frag@137.05,0.07680398226 0.05459025502 0.02501858957 0.02418559976 0.01932209171 0.01874116808 0.01424760651 0.01299636159 0.01291727927 0.01106320042 0.01051881257 0.01027295645 0.01023516431 0.009701296687 0.00938639231 0.008993726224 0.007943364792 0.007667309139 0.007547973655 0.007512716576
923,frag@222.05 loss@160.04 loss@269.04 frag@233.06 frag@182.06 frag@246.12 loss@74.06 loss@129.05 frag@234.12 frag@192.15 frag@248.08 loss@71.06 loss@112.07 loss@72.04 frag@331.16 loss@43.05 frag@172.98 frag@234.99 frag@249.15 frag@232.06,0.03981531411 0.02513849735 0.02100532316 0.01625320129 0.01545344479 0.01491671056 0.01247195154 0.01132148691 0.01120055094 0.0106133325 0.009661098011 0.008939172141 0.00804875046 0.00793080125 0.007342041004 0.007207755931 0.007003446575 0.00680228183 0.006478593219 0.006167736836
924,loss@226.03 loss@200.99 loss@241.03 frag@272.16 frag@111.06 loss@172.0 frag@244.12 frag@171.11 loss@97.0 frag@218.0 loss@242.95 loss@123.06 frag@188.98 frag@318.06 frag@252.14 frag@314.12 frag@194.0 frag@118.0 frag@349.15 frag@269.15,0.05972348526 0.0582972765 0.01667423174 0.01310543437 0.00724977022 0.00692635728 0.006493590306 0.005555729847 0.004817605019 0.004652494099 0.004535169806 0.004450124688 0.004145688843 0.004112136085 0.003523615189 0.003411975456 0.003235674929 0.003115619998 0.003089205129 0.002872486366
925,loss@130.1 frag@166.02 loss@126.1 frag@255.1 frag@222.08 loss@111.1 loss@128.12 frag@194.05 frag@75.0 frag@210.04 loss@65.06 frag@232.04 frag@114.06 loss@204.16 loss@32.04 loss@102.1 loss@86.07 frag@237.02 loss@241.05 loss@276.99,0.1007099003 0.07798235863 0.0743952021 0.07170853764 0.07077625394 0.06927627325 0.06550893933 0.05688778311 0.04945070297 0.03283409774 0.02005235851 0.01668519713 0.01374475192 0.008803777397 0.008222810924 0.008060576394 0.007609217428 0.006677449681 0.006237219088 0.006049455144
926,loss@197.1 frag@173.06 frag@219.1 loss@252.1 frag@130.97 frag@171.08 loss@140.08 loss@213.18 frag@201.09 frag@297.15 loss@77.05 frag@317.21 loss@171.08 frag@324.12 frag@138.99 frag@225.08 frag@223.06 frag@199.06 loss@106.04 loss@130.07,0.4680150449 0.3354107738 0.1447808743 0.02240028419 0.008897163905 0.002278811065 0.001401749207 0.0008748871624 0.0008191672969 0.0006347813178 0.0005676285364 0.0004873191065 0.0004711041984 0.0004271876533 0.0004240371054 0.0003520584723 0.0003427943448 0.0002909449104 0.0002343983797 0.000201359755
927,frag@72.94 loss@228.12 frag@204.04 frag@83.01 loss@145.04 loss@186.06 loss@270.13 loss@101.09 loss@252.03 loss@219.06 loss@130.0 loss@239.09 loss@156.1 loss@282.03 loss@306.16 loss@134.0 loss@114.01 loss@292.06 loss@46.03 loss@301.16,0.4035550952 0.05088503286 0.04661013559 0.02264340222 0.01795025542 0.01793517917 0.01744696684 0.01470371801 0.01174651738 0.01108317822 0.01026969682 0.008108897135 0.007915044203 0.007084917743 0.006183094345 0.005844625644 0.004950416274 0.004766838159 0.004471313208 0.003866330953
928,frag@94.06 frag@80.05 frag@108.04 loss@235.11 loss@221.04 loss@247.1 loss@210.06 loss@215.03 loss@260.05 loss@207.1 loss@200.06 frag@107.06 loss@211.09 loss@287.13 loss@198.08 loss@262.05 loss@213.11 loss@224.06 loss@212.06 frag@110.06,0.1987392157 0.1688673496 0.04090606421 0.03633210063 0.03220313415 0.03124081716 0.03062996455 0.02136318386 0.01946119964 0.01693551987 0.01429894287 0.01269722078 0.01213808637 0.01031957194 0.0102832811 0.009577907622 0.008229175583 0.00729020033 0.007186011411 0.006730439141
929,frag@109.06 frag@139.08 loss@272.15 loss@281.11 loss@254.1 loss@301.14 loss@217.02 loss@332.12 loss@239.15 loss@238.14 loss@273.16 loss@371.14 loss@299.12 loss@343.12 loss@285.11 loss@237.14 frag@91.06 loss@300.08 loss@436.12 loss@331.12,0.3857640326 0.08595517278 0.05242424831 0.04978493974 0.03554638475 0.03315228224 0.03077809326 0.02403909341 0.02370141074 0.02269083634 0.02170988917 0.01593266055 0.01445716061 0.01231554057 0.009406251833 0.009003078565 0.007699297275 0.007110348437 0.00651845336 0.006186881103
930,loss@154.15 frag@100.11 frag@114.13 loss@232.03 loss@183.17 frag@265.06 frag@155.15 loss@399.18 frag@254.07 frag@154.16 loss@294.07 frag@111.07 loss@137.12 loss@209.15 frag@218.11 loss@277.18 frag@122.02 loss@214.17 frag@231.16 frag@71.09,0.2071829289 0.1023846418 0.09743084013 0.09315303713 0.02337697707 0.01951988786 0.01282939408 0.01211523917 0.01193311065 0.01041886024 0.008270310238 0.008267384954 0.006694518961 0.006539496593 0.006319334265 0.005800982006 0.005768197589 0.005620097741 0.005578782409 0.005225992762
931,loss@243.06 frag@212.09 frag@116.02 frag@270.04 loss@261.08 frag@192.07 frag@286.09 frag@220.06 frag@127.99 frag@259.05 loss@245.96 frag@208.08 frag@117.05 frag@247.14 frag@287.15 frag@156.03 frag@139.1 frag@108.01 frag@196.14 loss@289.18,0.2885532081 0.06271845847 0.04005342722 0.03281982616 0.02685035579 0.01840618066 0.01476932969 0.00909521617 0.009077149443 0.008409862407 0.007588109002 0.007437591441 0.0072627021 0.006791685708 0.006651683245 0.006335650571 0.005939692724 0.005278279074 0.005092770793 0.005030911416
932,frag@57.03 loss@248.09 loss@213.1 loss@346.14 loss@204.08 loss@174.11 loss@257.09 frag@72.94 loss@233.07 loss@172.09 loss@290.1 loss@210.05 loss@267.1 loss@249.09 frag@79.05 loss@228.1 loss@210.13 loss@336.14 loss@225.11 loss@221.11,0.4513812363 0.1134247407 0.07070785761 0.03578846529 0.02944864333 0.02823206224 0.0146954013 0.01441529952 0.01255240571 0.009420990944 0.009017211385 0.008550564758 0.007179576438 0.004460460506 0.004428111482 0.003731189528 0.003630311461 0.003429843811 0.003274134593 0.003073284402
933,frag@157.06 loss@200.07 loss@255.11 frag@203.05 frag@156.04 loss@329.14 frag@218.06 frag@238.05 loss@230.05 frag@304.16 frag@141.03 loss@301.11 frag@143.12 loss@170.06 frag@171.02 loss@174.09 frag@210.13 frag@111.05 frag@216.07 frag@159.04,0.3589859307 0.3297958672 0.1149780229 0.06846467406 0.0194785744 0.01146932226 0.006686915644 0.00273525645 0.00271335966 0.002633231226 0.002477674978 0.002320040716 0.002288351767 0.002194064204 0.002181414748 0.002125029452 0.00160366483 0.001545483246 0.001482538064 0.001476972364
934,frag@69.03 loss@273.15 loss@268.11 loss@284.05 loss@304.18 frag@83.05 loss@201.12 frag@127.04 loss@349.17 loss@264.12 loss@282.11 frag@81.07 frag@71.05 loss@285.11 loss@311.12 loss@209.14 loss@278.1 loss@275.15 frag@67.05 loss@185.18,0.4139790535 0.1677969098 0.05830591917 0.03535866365 0.02632769756 0.02219803073 0.01522539183 0.01002738811 0.009275957942 0.009231691249 0.008640339598 0.0059664906 0.005835485179 0.005484513473 0.005399483722 0.005225090776 0.005214299075 0.005193400662 0.004792665131 0.004433842842
935,loss@219.15 loss@251.17 frag@201.02 loss@301.09 frag@228.08 frag@249.08 frag@119.02 loss@178.01 loss@257.16 frag@219.13 frag@192.14 frag@228.12 frag@113.08 frag@281.09 frag@200.04 frag@182.98 frag@202.1 loss@229.13 frag@216.15 frag@337.17,0.09087701887 0.08284182101 0.07929617912 0.05756510422 0.05667464063 0.0537956357 0.04297478124 0.03056749143 0.02193622664 0.01515741181 0.01145805605 0.01065033209 0.01056668442 0.009675981477 0.007017179392 0.006723053288 0.006358967163 0.005974420346 0.005786527414 0.00559951039
936,frag@171.11 frag@203.05 frag@208.07 loss@256.08 loss@238.07 frag@147.09 loss@292.06 loss@250.04 loss@234.16 loss@313.11 loss@296.08 frag@159.06 loss@202.1 frag@193.01 loss@238.09 frag@130.1 frag@163.12 frag@111.0 loss@278.02 loss@233.1,0.1374182999 0.06564772129 0.05211713538 0.05027814209 0.04834306985 0.0397313647 0.03569407761 0.02660826035 0.02604686841 0.01939352788 0.0167663116 0.01644956879 0.01376385335 0.0133211026 0.009781950153 0.009522096254 0.008802854456 0.008492631838 0.007731350604 0.007625182625
937,loss@158.07 frag@143.04 frag@150.08 frag@137.05 loss@172.07 frag@136.06 frag@135.07 frag@134.05 loss@159.05 loss@127.08 frag@189.11 loss@186.09 frag@220.06 loss@116.05 frag@136.07 frag@126.07 frag@291.1 loss@46.03 loss@212.09 frag@164.09,0.3715548217 0.1490579247 0.1109199151 0.05739093199 0.04125592485 0.03761054575 0.02204964682 0.01563554071 0.01509416476 0.01295236964 0.01178591512 0.01135100704 0.01097678952 0.0105479518 0.009621916339 0.008297600783 0.007241666317 0.004416010343 0.00356965838 0.003135968931
938,frag@131.04 frag@172.07 loss@154.02 frag@162.97 loss@200.04 frag@183.98 loss@266.01 loss@172.04 loss@286.02 frag@89.02 frag@95.99 loss@294.01 loss@225.18 loss@201.07 frag@270.03 frag@194.03 frag@180.98 frag@232.03 loss@96.01 frag@218.03,0.0719794035 0.06243542209 0.05940458551 0.05544903129 0.0483649075 0.03524151444 0.03177452087 0.02017574571 0.01940858178 0.01748920977 0.01506929565 0.01340258215 0.01282832492 0.01149813924 0.01066883747 0.01030492503 0.009980125353 0.009977812879 0.008777791634 0.008514144458
939,frag@130.04 loss@179.04 frag@125.05 loss@193.06 loss@211.07 loss@226.06 loss@100.99 loss@170.05 frag@83.03 loss@163.11 loss@191.07 loss@119.03 frag@130.03 loss@152.03 loss@188.07 loss@129.09 frag@255.06 frag@112.06 loss@179.07 loss@319.14,0.3512109816 0.09842091054 0.0877892673 0.07276896387 0.05514466763 0.05369296297 0.02577415854 0.02395022102 0.011494576 0.00989232678 0.009088363498 0.008124868385 0.007118010893 0.006202183664 0.005466422997 0.00513029471 0.004840285983 0.004235382657 0.003542904044 0.003539975965
940,frag@93.04 loss@207.08 loss@109.09 loss@241.07 loss@163.11 loss@218.12 loss@178.09 loss@176.11 loss@167.07 loss@165.09 loss@179.04 loss@180.02 frag@193.08 loss@122.05 loss@165.11 loss@229.16 loss@149.1 loss@193.06 loss@179.07 loss@230.08,0.487064749 0.2121658474 0.137741223 0.04650355875 0.01751209795 0.007813884877 0.006934176199 0.005656379741 0.004933638498 0.003191897878 0.00288067665 0.002326870337 0.002109741559 0.001756320125 0.00158233894 0.001549053122 0.001456352999 0.001321299584 0.001221386017 0.001219840138
941,loss@166.06 frag@142.04 frag@233.1 loss@215.1 frag@115.02 frag@389.22 frag@74.01 frag@172.1 frag@102.04 frag@282.07 frag@194.04 frag@204.04 frag@186.94 loss@115.04 loss@135.09 loss@491.31 frag@305.03 frag@190.16 frag@161.06 frag@185.1,0.3334365189 0.2274395376 0.1826223135 0.1484885365 0.02458488941 0.0186052639 0.007278869394 0.004117086064 0.002049308503 0.001492740354 0.001299909432 0.001249804278 0.0008758837939 0.0008316370659 0.0008121932624 0.0007757589919 0.0007612358313 0.0007225997397 0.0006910228403 0.000629860675
942,frag@206.1 loss@244.11 loss@250.12 loss@284.09 loss@323.06 loss@192.01 loss@273.13 loss@276.05 loss@226.18 loss@241.13 frag@212.04 loss@251.16 loss@221.04 loss@225.15 loss@288.1 loss@187.13 loss@289.08 loss@344.07 loss@311.11 frag@108.05,0.4822867811 0.1485007554 0.1417023093 0.03465441242 0.0261046458 0.02499146014 0.02379129641 0.01950065978 0.007502545137 0.006499323994 0.00407352671 0.002321581356 0.002316516824 0.00226447382 0.002204242861 0.001916336245 0.001805284177 0.001432564575 0.001405204763 0.001400509966
943,frag@178.05 loss@242.06 loss@288.09 frag@199.06 frag@199.09 loss@150.07 frag@190.05 frag@189.05 loss@157.13 frag@130.07 loss@243.02 frag@151.02 loss@119.07 frag@116.06 frag@220.1 loss@328.06 loss@240.08 loss@178.04 frag@213.07 frag@203.08,0.280161947 0.2410113364 0.1995879263 0.1204753518 0.02747157402 0.01441727672 0.007933489978 0.006156510208 0.004663276486 0.00419510901 0.003874843474 0.00369841978 0.003661864437 0.003302386496 0.002937819809 0.002102230443 0.00189792295 0.001662035473 0.001554775867 0.001519586658
944,frag@290.12 loss@341.12 loss@171.12 frag@270.09 frag@171.03 loss@196.02 frag@222.09 frag@329.1 frag@245.08 frag@333.14 frag@282.08 frag@231.05 loss@126.05 frag@241.01 frag@257.12 frag@164.01 loss@71.01 loss@138.05 loss@76.03 frag@242.06,0.09108266234 0.0891046226 0.06311724335 0.05034150928 0.0459125042 0.03317694366 0.02443215437 0.01435945835 0.01205540914 0.01031969395 0.01006644871 0.007106257603 0.006957402918 0.006509740837 0.005540437065 0.005250575487 0.003973826766 0.003922080621 0.003779728198 0.003576421179
945,loss@250.11 frag@137.11 frag@151.1 frag@298.13 frag@163.01 frag@96.07 frag@150.1 frag@165.1 frag@56.01 loss@218.15 loss@261.16 loss@206.04 frag@150.06 frag@193.13 frag@53.0 loss@228.14 frag@69.04 frag@123.09 frag@140.0 frag@95.06,0.4672401845 0.2328870147 0.1721736938 0.01488960069 0.006269787438 0.005191936158 0.004787056241 0.003810452763 0.003774865763 0.003492668737 0.003411474871 0.003028218634 0.002982043894 0.002291242825 0.001701374538 0.001630015904 0.001475637429 0.001400392386 0.001340772258 0.001205462613
946,frag@156.04 frag@207.1 frag@186.06 loss@249.08 loss@222.07 loss@210.07 loss@244.1 loss@191.04 loss@116.03 loss@223.01 loss@223.07 loss@183.06 frag@157.06 loss@127.05 frag@131.04 frag@145.06 frag@155.06 frag@123.05 frag@227.06 loss@405.12,0.1574503034 0.07614597678 0.06956151873 0.0690343082 0.02771123871 0.02473438531 0.0201036986 0.01895953901 0.01265522838 0.01171860285 0.01168241538 0.01116643101 0.01027176995 0.009425514378 0.009381298907 0.008449310437 0.008234493434 0.00759764947 0.007200303487 0.006824327633
947,frag@107.05 loss@284.09 loss@257.13 frag@125.06 loss@220.11 loss@310.13 loss@223.08 loss@217.13 loss@274.14 loss@277.11 loss@327.15 frag@95.05 loss@330.1 frag@79.05 loss@320.11 loss@314.09 loss@201.12 frag@80.06 loss@278.1 frag@135.04,0.3764390349 0.1066499129 0.07463249564 0.04310693219 0.03630020469 0.0186430607 0.01855249889 0.01753054559 0.01561088581 0.01482133381 0.01454500761 0.0137904752 0.0125672156 0.01229668129 0.01121976227 0.01081994642 0.007212465163 0.006250891834 0.006027205382 0.005948271602
948,loss@173.04 frag@235.06 loss@143.0 frag@168.03 frag@214.03 frag@232.04 loss@127.05 frag@157.03 frag@94.04 loss@172.13 loss@173.06 frag@187.14 frag@267.06 frag@180.98 frag@114.07 loss@78.01 frag@226.07 loss@138.99 loss@164.05 loss@105.02,0.2284367532 0.1123382747 0.1086149663 0.09993231297 0.07101584971 0.04123147577 0.03001491912 0.01765082963 0.01177095715 0.01101843454 0.007408701815 0.006641039625 0.006465724669 0.006098642945 0.005091133527 0.004829083569 0.004607041366 0.004596729763 0.003924313933 0.003813232994
949,frag@132.06 frag@158.07 loss@211.06 loss@309.06 loss@255.08 loss@217.13 loss@188.02 loss@272.1 frag@133.06 frag@231.12 loss@183.16 loss@241.12 loss@189.08 loss@208.08 loss@197.11 loss@187.11 loss@202.09 frag@177.09 loss@211.08 frag@172.11,0.2511070967 0.08022811264 0.04525442049 0.03617157787 0.03105181269 0.02097344957 0.01913834922 0.01873634942 0.01694881544 0.01218160708 0.01217514928 0.01059764251 0.00985272415 0.007529926486 0.006654198747 0.00654549012 0.006474003661 0.006183401681 0.006061977241 0.005694531836
950,frag@176.05 loss@198.06 loss@170.04 frag@172.95 frag@136.07 frag@158.03 frag@143.04 frag@106.07 frag@153.05 frag@164.14 frag@195.99 loss@198.01 frag@160.05 frag@147.05 loss@125.05 loss@197.05 frag@69.04 loss@158.07 frag@122.94 frag@106.06,0.3945385814 0.2864915133 0.189694792 0.06095527485 0.009842740372 0.002418719698 0.002357220976 0.002158927964 0.001883075805 0.001449843636 0.001395126921 0.001341894618 0.00113082584 0.00111815345 0.001070041326 0.001049600076 0.0009446078911 0.0009129029932 0.0008595144027 0.0008591316873
951,frag@42.03 loss@259.11 loss@246.07 loss@222.02 loss@163.05 loss@258.08 loss@274.07 loss@261.06 loss@299.13 loss@169.04 loss@221.15 loss@282.08 loss@287.09 loss@217.16 loss@219.03 loss@157.04 loss@249.07 loss@206.05 loss@241.15 loss@272.09,0.4804804325 0.119142592 0.05441589653 0.02983781882 0.02015707083 0.01774683781 0.01600265317 0.01016967464 0.009268287569 0.009115141816 0.008333916776 0.007958522998 0.007940275595 0.007477053907 0.006505643483 0.006170107983 0.00614327006 0.00450149551 0.004331114702 0.004321303684
952,frag@144.06 loss@159.04 loss@305.09 frag@229.1 loss@130.02 loss@204.06 frag@286.03 frag@156.95 frag@383.12 frag@116.05 frag@89.04 frag@167.99 loss@29.0 loss@96.0 frag@244.1 frag@180.03 loss@102.01 frag@288.07 frag@213.08 frag@92.03,0.2938208282 0.2040080279 0.1326369196 0.1093155593 0.08486106992 0.04916274548 0.02529481612 0.0133729009 0.004461412318 0.004210169893 0.003406902542 0.002190256491 0.002105439547 0.001713283011 0.001700793044 0.001598861418 0.001538882148 0.001496040029 0.001208059606 0.001132985461
953,frag@130.06 loss@199.07 loss@184.07 frag@146.06 frag@132.08 frag@118.06 loss@185.05 loss@190.06 frag@128.05 frag@105.06 loss@201.09 loss@202.06 frag@117.06 frag@145.08 frag@178.09 frag@171.05 frag@118.07 loss@238.04 loss@217.07 loss@193.04,0.1091758087 0.08584658056 0.06141863763 0.05789763108 0.04559500515 0.04306831211 0.0367272459 0.03283448517 0.02446331829 0.02259537205 0.02192782983 0.01999485865 0.01689738035 0.01471607946 0.01272028964 0.01255136821 0.01125734951 0.01112062484 0.0109862024 0.01057389658
954,loss@166.09 frag@217.04 frag@223.1 frag@302.09 frag@69.01 frag@241.1 frag@172.96 frag@169.04 frag@161.03 frag@236.08 frag@275.08 frag@216.05 loss@159.03 frag@198.1 frag@150.04 frag@119.02 loss@60.04 frag@128.0 frag@182.96 frag@170.07,0.4780722857 0.3005163372 0.04156860337 0.03651114926 0.01195359416 0.01123988442 0.007286925334 0.005884385202 0.005066280253 0.004813461099 0.004300876986 0.003534547286 0.003505101195 0.003266413463 0.003243102692 0.002820455004 0.00280829845 0.00275986339 0.002666421467 0.002458871808
955,loss@73.0 loss@180.03 frag@182.02 loss@114.01 loss@145.04 frag@159.97 frag@172.06 frag@195.96 loss@61.98 frag@204.05 loss@343.23 frag@212.0 frag@65.99 loss@352.1 frag@103.04 loss@77.96 frag@250.98 loss@146.12 frag@130.08 frag@221.99,0.07269950956 0.07083240151 0.06388001144 0.02352136187 0.02324108034 0.02079167776 0.01724476553 0.01631574705 0.009921405464 0.009474925697 0.006621408276 0.00637666462 0.005976501387 0.005638950039 0.004731346853 0.004721026868 0.004654104356 0.004471083172 0.00428498676 0.004179868847
956,frag@110.02 frag@98.02 loss@216.06 frag@141.05 frag@59.0 frag@171.02 frag@86.99 loss@187.11 frag@102.04 loss@328.15 loss@267.09 frag@171.01 loss@292.06 loss@241.15 loss@243.09 loss@251.09 loss@256.09 loss@178.07 loss@241.14 loss@230.01,0.1126357019 0.103361316 0.09496701509 0.05553074181 0.03032847308 0.01646286063 0.01339236833 0.01055836305 0.009618878365 0.009519846179 0.008050823584 0.008013049141 0.007286475506 0.007153532933 0.006823027041 0.006785138976 0.006536770612 0.006006485783 0.005910364445 0.005727565847
957,frag@105.04 loss@201.06 loss@189.05 frag@77.04 frag@106.07 frag@51.02 frag@134.06 frag@105.06 loss@208.07 frag@199.12 frag@95.05 frag@104.05 frag@105.05 loss@171.06 loss@217.05 loss@240.1 frag@128.05 loss@201.05 frag@105.03 frag@118.06,0.3040080369 0.2587273121 0.1969694346 0.06075605005 0.0282808207 0.02223520167 0.02204714902 0.008701386862 0.007393242791 0.006216051523 0.005715539213 0.00401568925 0.00270237471 0.002665146254 0.00256347144 0.002437874675 0.00230658357 0.00212999736 0.002020182321 0.002001969842
958,loss@181.12 frag@82.07 frag@182.04 loss@235.17 frag@83.06 frag@214.08 loss@182.12 frag@166.1 frag@268.16 frag@176.02 frag@152.12 frag@140.03 frag@303.18 frag@198.98 frag@97.08 frag@115.06 loss@197.15 frag@154.1 frag@95.06 frag@56.05,0.3336069882 0.1349254996 0.08702393621 0.07658258826 0.07510938495 0.03972947225 0.03662829101 0.01679999009 0.01008017175 0.008413395844 0.007115754765 0.005802080035 0.005350736436 0.004001066554 0.003774416167 0.003304727608 0.002915034769 0.002714268165 0.00261352188 0.002599197207
959,loss@96.04 loss@104.05 frag@263.05 frag@167.04 frag@270.08 frag@285.08 frag@275.06 loss@164.05 frag@108.49 frag@80.04 frag@195.98 loss@121.07 frag@330.09 frag@264.1 frag@92.02 frag@75.02 frag@283.1 frag@257.04 frag@204.08 frag@337.11,0.2326595783 0.05993226543 0.02898941189 0.02570397407 0.007869395427 0.006858862471 0.006671253592 0.005840878002 0.005717419554 0.0048181694 0.004812851083 0.004374418873 0.004247095436 0.004137644544 0.003742347937 0.003619719995 0.003235046519 0.003120637732 0.002986968495 0.002942662919
960,frag@158.07 loss@269.13 frag@186.1 loss@193.08 loss@149.09 loss@264.1 loss@179.11 loss@192.11 loss@170.15 loss@163.04 loss@188.02 loss@177.09 frag@160.09 loss@208.08 loss@213.13 loss@183.16 loss@213.07 loss@179.06 loss@152.08 loss@193.09,0.3632864952 0.09518450499 0.09213632345 0.0344228521 0.03401552141 0.02608276904 0.02480427921 0.02274471708 0.01301935688 0.01276840549 0.01204163767 0.0109713478 0.007988778874 0.007470515091 0.007072381675 0.006305971183 0.005334508605 0.005161780864 0.00514549762 0.004961768631
961,frag@152.11 loss@241.1 loss@135.11 loss@363.14 loss@227.0 loss@285.04 loss@183.11 frag@201.11 loss@202.13 frag@208.11 frag@176.05 frag@207.11 frag@165.08 loss@342.14 loss@137.08 loss@300.14 loss@205.0 loss@188.13 frag@139.07 loss@164.09,0.4701602161 0.1870390624 0.1162956804 0.06420295686 0.03899156302 0.03383116052 0.006306448951 0.005395360757 0.003046181053 0.003041777993 0.002952012932 0.002924722154 0.002630251227 0.001868616557 0.001458968036 0.001365692588 0.001278346288 0.001208466245 0.001159940846 0.001111188903
962,frag@163.12 loss@313.19 loss@249.13 loss@255.14 loss@259.11 frag@206.05 loss@231.14 frag@259.11 loss@281.1 loss@280.05 loss@296.08 loss@275.16 frag@120.07 frag@196.11 loss@243.14 frag@171.11 frag@175.1 loss@337.15 loss@223.05 frag@268.05,0.2739349902 0.05496350303 0.04694507644 0.0407374166 0.03935920447 0.02495054528 0.01886369288 0.01715162769 0.01643938571 0.01591917127 0.01363992598 0.009668752551 0.009343756363 0.00902796071 0.008562021889 0.007084039506 0.006142957136 0.006057692692 0.005652290303 0.00546606211
963,frag@45.03 loss@229.08 loss@338.1 loss@300.17 loss@322.15 loss@289.06 loss@223.09 loss@278.12 loss@255.07 loss@227.15 loss@247.06 loss@263.15 loss@141.09 loss@289.12 loss@185.11 loss@120.06 loss@287.11 loss@279.16 loss@258.18 loss@421.16,0.4966858625 0.2256582528 0.09358873218 0.02947175875 0.01041835267 0.01005883887 0.008176702075 0.004764600191 0.004277567379 0.004020821769 0.003550925292 0.003418429988 0.002586442046 0.002451670356 0.002401588019 0.002216985449 0.001895178109 0.001814503456 0.001761623193 0.001508711372
964,frag@54.03 frag@95.06 loss@207.11 frag@55.04 frag@81.04 frag@96.04 frag@83.06 loss@273.03 loss@153.01 loss@228.14 loss@76.99 loss@213.04 frag@69.04 loss@122.05 frag@198.98 loss@257.02 frag@78.03 loss@223.04 loss@117.07 loss@388.12,0.1124614328 0.08267725259 0.05777209625 0.0468647182 0.04562380537 0.0353377834 0.03189928085 0.02449142374 0.02381888032 0.01503185276 0.01093281899 0.01060611755 0.0102051748 0.009227065369 0.009113803506 0.008959337138 0.008863450959 0.008636900224 0.008490729146 0.008420203812
965,frag@65.04 loss@228.05 loss@226.04 loss@249.08 frag@109.01 loss@295.1 loss@225.06 frag@134.01 loss@131.08 loss@229.07 loss@268.05 loss@213.03 loss@206.03 loss@217.07 loss@264.05 frag@119.06 loss@228.06 frag@92.06 frag@93.03 frag@109.07,0.3864236772 0.09517588466 0.06915462017 0.03791760653 0.03360563144 0.02811478823 0.02792633884 0.02348054387 0.021023212 0.01954837888 0.01416500658 0.01288199425 0.01249592565 0.009969044477 0.009174337611 0.0084470734 0.008015220053 0.007847719826 0.007094037719 0.006269320846
966,loss@150.06 frag@221.09 loss@301.12 frag@230.12 frag@231.08 frag@277.1 frag@251.15 loss@303.06 frag@295.03 frag@227.12 frag@143.08 frag@239.13 frag@185.98 frag@297.13 frag@303.11 frag@341.12 frag@130.0 loss@165.01 frag@303.15 frag@213.11,0.3036813736 0.1366475075 0.1287916154 0.09080654383 0.07776954025 0.02072728053 0.01584485173 0.01327709015 0.01227822341 0.007913012989 0.007850071415 0.005743519403 0.004701334052 0.004114828072 0.003197448328 0.003023180645 0.002939711558 0.002897957806 0.002545253839 0.00243598409
967,frag@111.0 loss@97.06 frag@190.08 loss@118.05 loss@156.07 frag@213.06 frag@268.11 loss@43.05 frag@286.1 loss@99.06 loss@316.14 frag@253.14 loss@113.07 loss@112.0 loss@104.04 loss@340.14 frag@228.08 loss@42.03 frag@339.12 loss@99.08,0.1737938672 0.06051319465 0.05322468281 0.0515910387 0.04955781996 0.03898017481 0.03496803716 0.02478646114 0.02264781669 0.01654535905 0.01219509449 0.01040691789 0.009958178736 0.009409306571 0.008635757491 0.008473962545 0.007763818838 0.007094637025 0.006430492736 0.006311129779
968,frag@133.03 loss@234.08 loss@218.04 loss@337.1 loss@212.19 frag@43.02 loss@189.11 loss@330.99 frag@308.12 loss@304.06 loss@396.09 frag@319.07 loss@197.08 loss@297.06 loss@224.02 loss@132.09 loss@574.15 loss@222.01 loss@265.16 frag@142.97,0.4817989767 0.3032423258 0.1070197225 0.03647619858 0.01752061024 0.003516153432 0.003078605514 0.001724082977 0.001621700358 0.001279717777 0.001199517632 0.001195831923 0.001068759011 0.001045707148 0.001005651546 0.0009449924692 0.0008730696281 0.0008462057449 0.0007345570484 0.0007128601428
969,frag@199.05 loss@170.15 loss@251.14 frag@223.02 frag@232.08 loss@242.13 loss@130.04 frag@289.1 loss@188.02 loss@108.0 frag@218.11 frag@283.14 frag@279.08 loss@268.14 loss@303.06 loss@255.18 frag@261.08 frag@143.15 loss@315.15 frag@161.09,0.06774888933 0.06018161029 0.0569463186 0.05069726706 0.03342458978 0.02300762385 0.02299376018 0.0137497345 0.008224772289 0.00531310821 0.00434871437 0.003965308424 0.003959610127 0.003844475839 0.003619653871 0.003530703019 0.003200366627 0.003156502964 0.003144746879 0.003026046557
970,frag@102.97 loss@292.09 loss@284.04 loss@327.1 loss@266.1 frag@143.99 frag@60.06 frag@224.07 loss@235.01 frag@285.13 loss@232.03 frag@197.09 frag@306.14 loss@283.07 loss@209.15 loss@278.04 loss@383.14 loss@361.12 loss@377.1 loss@344.18,0.2945269346 0.09936604649 0.07492627949 0.05564800277 0.039907787 0.02813212574 0.02717166021 0.02241898328 0.008397409692 0.007222240325 0.007062822115 0.0069060768 0.004977591801 0.004729975481 0.004673020449 0.004348279443 0.004296358209 0.004288334865 0.004260269925 0.004050816409
971,frag@68.05 loss@229.1 loss@263.11 frag@110.06 loss@288.16 loss@208.14 frag@94.06 frag@80.05 loss@228.11 loss@219.14 frag@92.05 loss@270.04 frag@107.06 frag@69.04 frag@109.08 frag@108.04 frag@152.02 frag@93.03 loss@274.15 loss@210.04,0.2630980015 0.1449207366 0.06471818686 0.05211285874 0.05108821765 0.05108393356 0.02908525243 0.01905274019 0.0183459837 0.01325509883 0.01197130047 0.01163212676 0.01015901007 0.006777305156 0.00665472541 0.006626183633 0.006078423467 0.005937197711 0.005663345102 0.005600974429
972,frag@297.04 loss@195.15 loss@256.14 frag@337.13 frag@61.04 frag@280.05 frag@253.07 loss@297.21 frag@144.99 frag@152.04 frag@247.18 loss@121.11 loss@201.0 frag@311.2 frag@210.98 frag@186.12 loss@339.16 frag@276.14 loss@19.04 loss@139.12,0.03546466678 0.02507865988 0.01924157329 0.0130133694 0.01300639566 0.01046373881 0.009400375187 0.006856202614 0.006658048835 0.006166868377 0.006087864749 0.006042296998 0.005868785083 0.005665321834 0.005403331481 0.005389179103 0.005273080897 0.005089969374 0.004994290881 0.004988997243
973,frag@220.08 frag@247.12 frag@235.08 loss@89.08 loss@58.05 loss@132.1 loss@61.09 loss@123.09 frag@222.06 loss@147.13 frag@257.07 loss@389.14 loss@128.11 loss@75.04 frag@262.13 frag@248.08 loss@75.07 frag@307.17 loss@88.08 frag@262.09,0.1275149584 0.08942037821 0.07596988231 0.06303474307 0.05767911673 0.04423237965 0.03430958837 0.03165894002 0.021044394 0.01487060357 0.01304606721 0.009700768627 0.008481891826 0.008359555155 0.008201790042 0.007495027035 0.007417167537 0.005838291254 0.005755940452 0.005711548962
974,frag@107.05 loss@274.14 frag@95.05 loss@257.13 loss@286.11 frag@79.05 frag@125.06 loss@277.11 loss@231.06 frag@77.04 loss@310.13 frag@105.03 loss@195.06 loss@197.11 loss@243.15 loss@231.07 loss@240.15 loss@201.12 loss@327.15 loss@330.1,0.2787257731 0.1091270447 0.1033426821 0.08347979188 0.0405879952 0.0350522995 0.02680749074 0.02242876217 0.01492462773 0.01289698854 0.01271860953 0.01073786058 0.010439937 0.01005215663 0.007544687949 0.007437188644 0.007210405078 0.006070496049 0.00581158651 0.005540496204
975,loss@190.11 loss@216.09 frag@130.03 frag@133.04 frag@147.05 frag@217.1 frag@152.98 loss@172.1 frag@110.05 loss@226.09 frag@180.1 frag@145.08 loss@218.11 loss@264.09 frag@125.01 frag@299.07 frag@120.04 frag@84.05 frag@242.13 loss@212.07,0.2869125009 0.1878928244 0.1479298025 0.1307646483 0.1146420836 0.06649379432 0.01078413427 0.002957612975 0.002170416061 0.001508855959 0.001421476831 0.001398673165 0.001300491858 0.001275768736 0.001086724806 0.001075547305 0.001070285914 0.001041079173 0.001027414692 0.000822955335
976,frag@229.12 frag@83.01 frag@204.04 loss@257.09 loss@329.1 frag@72.94 loss@154.09 loss@228.12 loss@347.15 loss@264.13 loss@334.09 loss@219.06 loss@146.12 loss@253.12 loss@116.1 loss@197.21 frag@172.06 loss@256.13 loss@374.07 frag@43.04,0.1311520189 0.1120285615 0.1071740091 0.02944404632 0.02733847126 0.02486895397 0.02434973046 0.01642337628 0.01427954901 0.00911412295 0.007170074619 0.005879146513 0.005567718763 0.005367561709 0.004906989634 0.004838397261 0.004806779791 0.004733293783 0.00461089937 0.004251307342
977,frag@166.06 frag@194.09 loss@247.14 loss@268.08 loss@313.14 loss@293.14 loss@276.16 loss@249.15 loss@243.0 loss@314.11 loss@206.13 loss@292.08 loss@278.14 loss@330.05 frag@113.07 frag@111.06 loss@260.05 loss@267.04 frag@153.1 loss@233.14,0.2744939923 0.2022185922 0.1722655594 0.1253840774 0.04835923389 0.02541304752 0.008163057268 0.008002864197 0.00482600648 0.004640394822 0.004358316306 0.003392836079 0.003184184898 0.003025260987 0.002831320278 0.002828659024 0.002807565965 0.002766987542 0.002615111647 0.00254041655
978,loss@134.02 loss@317.08 loss@315.08 frag@220.04 frag@218.02 loss@49.99 loss@90.0 frag@302.96 frag@285.11 frag@198.09 loss@122.02 frag@193.02 frag@186.13 frag@196.02 frag@278.14 frag@94.99 frag@143.03 loss@293.04 frag@174.08 frag@42.56,0.1616105884 0.04468720406 0.03841796145 0.02869713493 0.0185471084 0.01597505435 0.01485596318 0.0118751768 0.01177485473 0.01074285619 0.009792633355 0.009601900354 0.008583341725 0.008532731794 0.008355828002 0.008285728283 0.0072111669 0.006533062086 0.00628291769 0.006140915677
979,frag@123.03 frag@113.04 loss@197.08 loss@178.05 loss@179.08 loss@189.06 loss@256.1 frag@162.03 frag@158.99 loss@217.05 loss@279.05 loss@274.12 loss@381.12 frag@156.04 loss@210.07 frag@123.02 loss@183.06 loss@211.1 loss@274.13 loss@274.14,0.2404975593 0.1651612371 0.1055839211 0.08448380977 0.0790874511 0.06907030195 0.06439349055 0.04552068189 0.03257519379 0.02145969868 0.007498128805 0.004978115205 0.004081084859 0.003591360757 0.003212629352 0.002840523142 0.002402002923 0.00232965569 0.00172288937 0.001532979077
980,frag@150.06 loss@226.03 frag@200.04 loss@270.08 loss@286.12 frag@79.03 loss@256.06 frag@111.06 loss@221.01 loss@165.03 loss@219.03 frag@148.07 frag@122.07 loss@249.18 loss@327.03 frag@166.06 loss@283.07 loss@202.03 frag@275.11 frag@252.12,0.1476581097 0.1303325891 0.104798682 0.06790541857 0.05415126309 0.04314013198 0.03051986918 0.02495609596 0.01576177031 0.01136298105 0.00762300659 0.007011927199 0.006180248223 0.005585504696 0.004943488166 0.004942543805 0.004927733447 0.004764163401 0.004685141612 0.004300988745
981,loss@148.05 frag@157.01 frag@181.04 frag@123.01 loss@166.03 loss@88.11 loss@216.04 loss@147.04 loss@180.06 loss@230.99 frag@243.04 loss@159.03 loss@189.02 frag@297.09 frag@69.01 loss@139.04 loss@196.98 loss@138.04 frag@293.14 loss@149.06,0.3624141812 0.2413498908 0.12480212 0.1032217517 0.04217278957 0.01200244203 0.01066610496 0.008789569139 0.007227978669 0.00358149549 0.002265864983 0.001926469384 0.001871136017 0.001790796174 0.001788995462 0.001764139393 0.001534834621 0.001514715492 0.001267309533 0.001232023467
982,frag@212.04 frag@214.11 loss@216.07 frag@349.07 loss@235.09 loss@276.1 loss@187.13 loss@267.07 frag@323.09 frag@85.09 loss@208.06 frag@210.05 loss@234.05 frag@122.03 loss@330.05 frag@209.11 loss@266.04 loss@287.15 frag@73.05 loss@290.07,0.1382646412 0.1266211718 0.06859122217 0.06770604849 0.05153718218 0.03992414102 0.02984248474 0.0237925034 0.02251365967 0.01875188574 0.01433493569 0.01183826569 0.01088756043 0.01044206414 0.01040488575 0.008714908734 0.007872039452 0.005133294966 0.004161229823 0.00411851611
983,frag@68.05 loss@192.09 loss@168.09 loss@236.08 loss@194.11 frag@110.06 loss@287.11 loss@246.11 loss@213.11 frag@109.08 frag@122.06 frag@158.03 frag@80.05 loss@234.14 frag@95.07 loss@248.12 frag@166.09 loss@270.04 frag@94.06 frag@69.04,0.4622633457 0.2021055371 0.1252885759 0.07758139819 0.05051814392 0.02061257698 0.01820793003 0.00359918084 0.002692491282 0.002122720703 0.001310754451 0.001301288488 0.001147603616 0.001051679254 0.001004137564 0.0009630616405 0.0008733138675 0.0008042015834 0.0008015507483 0.0007656011148
984,frag@91.04 frag@65.04 loss@245.04 loss@279.13 loss@279.08 loss@95.01 frag@66.05 frag@128.97 loss@419.12 frag@178.06 loss@335.04 frag@134.01 loss@109.03 loss@212.23 frag@74.04 loss@197.21 frag@80.06 loss@231.08 frag@261.09 loss@245.02,0.1971434802 0.14534536 0.1364474893 0.1131798029 0.09310946614 0.07507815957 0.05865034088 0.03897327557 0.01405934431 0.009489808232 0.00499130832 0.004833538085 0.004337739665 0.003732723882 0.003539828351 0.002513926709 0.002426083433 0.00234795711 0.002076600213 0.002075589495
985,loss@245.1 frag@202.05 frag@90.04 loss@218.18 frag@161.12 loss@345.13 loss@310.07 loss@257.08 frag@294.16 loss@32.04 loss@377.15 loss@166.06 loss@174.16 loss@302.03 loss@332.11 loss@302.16 loss@340.12 frag@298.08 frag@342.17 frag@199.06,0.2905725539 0.2846226096 0.150076583 0.1156212389 0.02807477117 0.01035071258 0.004370776005 0.003535409225 0.002890832489 0.001818281831 0.00162225368 0.001475915778 0.001309294719 0.001304358128 0.001260248828 0.001085233293 0.00102734298 0.001016571536 0.00100055628 0.0009740740643
986,frag@112.02 frag@140.02 frag@70.99 loss@240.07 loss@212.07 loss@191.14 loss@243.05 loss@294.12 loss@223.03 loss@166.02 frag@71.0 frag@114.04 loss@153.02 loss@210.06 loss@193.02 loss@184.08 loss@152.06 loss@175.05 loss@217.04 loss@164.07,0.2070929259 0.1265600473 0.1134615391 0.09968132526 0.0942075029 0.06672468036 0.04140406847 0.01983730309 0.01834713668 0.01817961782 0.01645353809 0.01419688202 0.01399196312 0.01330957748 0.007242159452 0.004575795494 0.004041935783 0.003362919902 0.003355615539 0.003076746827
987,frag@79.05 loss@221.11 loss@231.11 frag@105.07 loss@222.11 frag@135.08 loss@254.08 frag@93.07 loss@280.14 loss@219.11 loss@288.13 loss@233.11 frag@121.06 loss@192.06 frag@123.08 loss@230.12 loss@221.03 loss@314.13 frag@131.09 loss@211.06,0.3178369105 0.227609396 0.1399249732 0.1286493987 0.01231737342 0.009929368272 0.00991563499 0.007854072377 0.006707219407 0.006212316919 0.005870271474 0.005215941928 0.004613711499 0.003964826465 0.003737887135 0.003580705961 0.003484820481 0.003416714026 0.002990423236 0.002760571428
988,frag@69.04 loss@214.12 loss@202.08 frag@164.09 loss@180.02 loss@160.96 loss@131.06 loss@244.11 loss@282.02 loss@197.04 loss@137.11 loss@193.05 loss@186.09 loss@223.04 loss@271.15 loss@346.14 loss@172.08 loss@248.02 loss@219.03 loss@145.06,0.4036889672 0.1826628596 0.1374924779 0.0808596909 0.05102357268 0.02468560264 0.009090130217 0.006586076692 0.006452140398 0.005062464625 0.005013161805 0.00447649695 0.003287228988 0.003268045839 0.002668018686 0.002485897159 0.001840284443 0.00181220274 0.001766723581 0.001515450655
989,frag@127.03 loss@258.08 loss@183.04 loss@263.05 loss@175.04 frag@160.03 loss@192.02 loss@153.01 loss@112.04 loss@302.04 loss@202.0 loss@311.05 loss@216.11 loss@256.08 loss@155.04 loss@136.03 loss@345.97 loss@217.16 loss@153.05 loss@201.04,0.4380073547 0.1007880047 0.0899329856 0.0584390834 0.04972822592 0.04855190963 0.02073214203 0.01857251488 0.009536534548 0.009179018438 0.009166684002 0.007469965145 0.006296595559 0.004667760339 0.003242310137 0.003222375177 0.003081260948 0.003008422907 0.002849665238 0.002751293126
990,frag@139.03 frag@113.02 loss@234.06 loss@224.07 loss@195.05 loss@226.09 loss@222.06 loss@340.16 loss@318.07 frag@259.03 loss@90.05 loss@254.08 loss@198.08 loss@208.04 loss@238.09 loss@183.05 loss@205.07 loss@155.01 loss@252.07 loss@225.09,0.2538912594 0.2301824242 0.09104415774 0.08537013829 0.08338221163 0.07538516819 0.06955943257 0.009356553666 0.006505587138 0.00631321175 0.005362926982 0.004958316684 0.004144848324 0.003716172883 0.003645466873 0.003529828507 0.003114807187 0.002313503297 0.002309665317 0.001993744634
991,frag@204.09 frag@273.1 loss@225.16 loss@93.0 frag@245.08 loss@283.06 frag@216.03 frag@257.04 loss@155.97 loss@148.12 frag@325.13 frag@229.07 frag@270.12 frag@437.34 frag@170.04 frag@185.06 loss@163.12 frag@388.09 frag@233.12 frag@251.13,0.1342543364 0.0831887126 0.05909251422 0.02416522056 0.01846956089 0.01452266518 0.01322833076 0.01014255174 0.009413694032 0.009005338885 0.008525310084 0.008405873552 0.008030369878 0.007285806816 0.00658518495 0.006455778144 0.005210643169 0.004923334811 0.004044193774 0.003828235436
992,loss@107.07 frag@174.05 loss@173.12 loss@218.13 frag@198.06 frag@214.13 frag@223.94 frag@298.14 frag@256.12 loss@78.19 frag@237.0 frag@302.13 frag@236.08 frag@186.07 frag@170.98 frag@254.11 frag@255.06 frag@222.07 loss@182.14 frag@168.11,0.1988904625 0.1906284392 0.1443410069 0.1125903353 0.07037852705 0.05071771517 0.04172669351 0.03622675687 0.03035673127 0.02048620209 0.01009082329 0.007564932108 0.004648527596 0.003218047088 0.003151864279 0.002325034235 0.002100902144 0.002005299088 0.001575474511 0.001560547855
993,loss@240.12 frag@55.05 frag@72.04 loss@184.13 loss@154.1 frag@41.04 loss@369.18 frag@82.07 frag@57.07 frag@56.05 frag@112.08 frag@83.09 frag@82.06 frag@69.07 frag@46.06 frag@102.09 frag@154.09 loss@353.12 loss@187.12 frag@59.05,0.247181803 0.159341976 0.1152896956 0.08519139141 0.04935354739 0.0428138189 0.02471548133 0.02216898091 0.02190560475 0.0157900881 0.01546744071 0.01384051051 0.01258535404 0.009373947047 0.008141803555 0.007044853177 0.005859580357 0.005596338771 0.005420910195 0.005282866769
994,loss@161.04 frag@94.99 frag@170.04 frag@263.09 loss@451.24 loss@297.07 loss@284.03 frag@66.05 loss@262.98 loss@335.04 frag@91.04 frag@136.94 frag@153.0 loss@257.96 loss@346.1 loss@258.12 loss@284.09 loss@120.03 loss@279.08 loss@283.06,0.07976538688 0.07345645875 0.07042014599 0.05672930554 0.0282231234 0.02537307702 0.0186775215 0.01062773541 0.01013926137 0.0100336438 0.008384259418 0.008378417231 0.007469727658 0.004849362187 0.004785475787 0.004213633016 0.003955658991 0.003870063229 0.003695358988 0.003495330689
995,frag@224.07 loss@255.03 frag@196.02 frag@157.03 loss@229.02 loss@301.03 frag@209.01 loss@264.09 frag@197.08 frag@185.03 loss@250.04 frag@184.02 frag@106.04 loss@193.13 loss@202.04 loss@192.16 loss@112.08 loss@346.07 loss@262.08 loss@160.01,0.1440713406 0.07653138041 0.07163814455 0.0261838492 0.02247779444 0.017663965 0.01304752007 0.01248085219 0.0124233691 0.01185100246 0.01125151478 0.01057183836 0.01017997414 0.006966484245 0.006936062593 0.006687645335 0.00666237995 0.006239334587 0.006145936437 0.005971571896
996,frag@232.13 loss@210.14 frag@101.11 frag@254.11 loss@183.16 frag@55.02 loss@288.12 loss@242.12 frag@86.07 frag@130.97 frag@113.02 loss@200.0 frag@180.1 frag@268.13 loss@269.16 loss@270.15 frag@220.11 frag@198.15 frag@228.11 frag@214.07,0.08523220569 0.06261578202 0.03405253962 0.03314316273 0.02934709005 0.02540418506 0.0173107218 0.01594032906 0.009475601837 0.00893031992 0.008595538326 0.008578423411 0.008276582696 0.008068533614 0.008005385287 0.007815057412 0.007688314654 0.007681469433 0.007297659758 0.006796168629
997,frag@114.04 frag@88.02 loss@267.09 loss@255.09 loss@243.09 loss@277.09 frag@87.03 loss@264.09 frag@57.99 frag@314.11 loss@251.06 frag@247.14 loss@199.06 frag@84.99 loss@239.06 loss@289.09 loss@207.07 loss@210.12 loss@280.11 frag@111.03,0.2553230822 0.1384206861 0.1164680794 0.1085527316 0.1042926461 0.07826772332 0.03731864691 0.01514354534 0.009988135658 0.009017885663 0.007772572804 0.005622721743 0.005230555311 0.004983503371 0.003068501595 0.002902327338 0.002847377444 0.002576344181 0.001990363933 0.001703259652
998,frag@187.12 frag@120.07 loss@184.07 loss@215.11 loss@229.12 frag@146.08 frag@145.08 frag@133.08 frag@147.09 loss@208.1 frag@159.06 loss@185.08 loss@191.08 loss@214.11 loss@243.14 loss@179.09 loss@205.09 frag@161.07 frag@147.06 frag@161.11,0.1413676143 0.1185284853 0.1042711809 0.09265266359 0.09165500104 0.06524362415 0.02187039144 0.01720143482 0.01477472484 0.01445437409 0.01031847391 0.009447316639 0.008170406334 0.008008388802 0.007632088382 0.007315207273 0.007149622776 0.007122847252 0.007073889952 0.006942177191
999,loss@270.12 frag@182.01 loss@271.12 loss@267.13 frag@74.93 frag@216.09 frag@215.06 frag@138.06 frag@91.03 loss@297.15 loss@297.08 frag@101.01 loss@275.1 loss@298.04 frag@133.09 frag@218.12 frag@126.1 loss@234.14 frag@256.1 frag@121.07,0.1272364259 0.1238001511 0.08434633166 0.05860077217 0.05503614247 0.05166485161 0.04013947025 0.03708684817 0.02312493138 0.01748390868 0.0152436588 0.012078139 0.01001022942 0.009843772277 0.007460189518 0.006072979886 0.003985420801 0.003774142591 0.003724974114 0.00369049306
