topic_id,top_words,top_probabilities
0,frag@91.05 loss@219.09 loss@247.08 loss@235.08 loss@217.11 loss@217.1 frag@91.06 loss@247.11 loss@298.12 loss@328.12 frag@109.06 loss@243.1 loss@230.09 loss@300.16 loss@225.1 loss@263.04 loss@213.03 loss@255.13 loss@265.05 frag@147.08,0.4163222611 0.02792300656 0.02556203492 0.02237006277 0.01631946675 0.01585539803 0.01426041685 0.01293060929 0.01228969079 0.01184230391 0.011720079 0.01133151539 0.009829117917 0.009425907396 0.009405182675 0.00886688754 0.008416322991 0.008021573536 0.007536994293 0.007477738429
1,frag@141.01 loss@179.1 frag@141.03 loss@253.13 loss@287.16 loss@305.12 loss@298.09 loss@359.17 loss@302.06 loss@336.1 frag@184.06 frag@314.13 frag@115.03 frag@131.03 frag@95.01 frag@180.1 loss@184.08 loss@101.0 loss@304.18 frag@110.02,0.3210667372 0.06178019568 0.05249203742 0.04784623161 0.04504874349 0.025133444 0.01302158553 0.01301135123 0.007194282487 0.005194270983 0.004137200303 0.003388494253 0.0031720181 0.003050601808 0.003044735175 0.002800198505 0.002662537154 0.002383023733 0.002338279504 0.002090274123
2,loss@195.14 loss@259.07 frag@248.1 loss@95.02 frag@182.01 frag@151.99 frag@93.04 frag@120.07 frag@144.14 frag@137.08 frag@174.97 frag@125.08 frag@83.06 loss@167.11 frag@95.06 frag@126.08 frag@99.06 frag@68.05 frag@124.09 frag@200.05,0.2028018534 0.05828963593 0.01231530309 0.004968842026 0.004331467673 0.003963169176 0.003485136665 0.003454771824 0.003317521885 0.003164157504 0.003135634353 0.002841187641 0.002811466111 0.002698098309 0.002651890973 0.002608618233 0.002595889615 0.002561957808 0.002501355251 0.002498197602
3,frag@137.03 loss@136.03 frag@344.21 loss@153.06 frag@156.98 loss@312.12 loss@64.03 loss@225.07 frag@150.06 frag@152.05 loss@165.12 loss@143.06 loss@222.12 loss@229.03 loss@139.04 frag@144.06 loss@138.04 loss@174.09 loss@252.03 loss@261.13,0.2692357898 0.1525612473 0.006230212282 0.005000938196 0.004801487084 0.004402848892 0.004316693638 0.00384505745 0.00349899265 0.003476675134 0.003108127275 0.002928721951 0.002859141678 0.00275593414 0.002716390649 0.00249476824 0.002439541509 0.002346756402 0.002343080007 0.002313451376
4,loss@176.11 frag@145.06 frag@155.06 frag@155.05 loss@165.0 loss@316.1 frag@211.01 frag@216.08 frag@159.07 frag@140.05 frag@258.1 frag@191.02 frag@166.1 loss@326.08 loss@170.09 loss@293.19 loss@185.03 loss@138.1 frag@175.06 loss@172.07,0.1446382701 0.07335013151 0.05432226881 0.03563594818 0.003684164491 0.003533279989 0.003448412986 0.003223314648 0.002832776867 0.002824565163 0.002794460161 0.002651862567 0.002511215629 0.002397731645 0.002326291753 0.002295393962 0.002239813562 0.002166196937 0.002108967863 0.001918587717
5,loss@252.07 frag@116.03 loss@294.08 frag@113.02 frag@82.03 frag@138.01 frag@170.03 frag@134.02 loss@279.08 frag@179.08 frag@55.02 frag@86.01 frag@141.04 frag@166.09 frag@206.06 frag@111.03 frag@71.0 frag@318.03 frag@124.02 frag@120.04,0.1774847358 0.0811387822 0.01973466389 0.008385298774 0.005571764894 0.005280894227 0.005128688645 0.005007332191 0.003827967448 0.003634411842 0.003471409669 0.003371897154 0.003257079516 0.003231319832 0.003205662826 0.003075278597 0.003016153816 0.002902569948 0.0028944558 0.002781643067
6,loss@132.09 frag@230.98 frag@317.21 frag@142.97 frag@205.04 frag@133.03 frag@144.09 frag@463.24 frag@76.04 frag@261.97 frag@297.16 loss@77.05 frag@117.07 frag@173.1 frag@298.16 frag@308.12 frag@238.04 frag@128.04 frag@208.02 frag@143.09,0.2658841312 0.0206662491 0.009986280464 0.004842109978 0.003061003052 0.002623608336 0.002410409972 0.002232987434 0.002003761474 0.001991876401 0.001935923588 0.001935557579 0.001913056592 0.001821595128 0.00181629986 0.001568924403 0.001543087303 0.00150790927 0.001447434188 0.001427426701
7,loss@129.12 loss@157.11 loss@131.09 frag@195.08 frag@141.02 frag@57.07 frag@262.12 frag@123.09 frag@74.02 frag@284.05 frag@202.1 frag@191.11 frag@129.1 frag@95.07 frag@184.96 frag@203.04 frag@112.08 frag@69.07 loss@168.16 frag@181.06,0.1424296647 0.1341112256 0.06679989398 0.01520835236 0.01195926126 0.009457852691 0.008989544585 0.008642597124 0.008541646414 0.008192531765 0.007823383436 0.00684744725 0.006586849689 0.006216509733 0.006159380544 0.005973577499 0.005618020426 0.005417050328 0.005279704928 0.004761134274
8,loss@216.13 loss@242.11 frag@162.0 frag@113.04 frag@198.15 frag@93.03 frag@241.11 frag@120.06 frag@74.93 frag@89.07 frag@162.09 frag@161.09 frag@151.08 frag@127.09 frag@110.05 frag@180.12 loss@315.15 frag@120.04 frag@150.07 frag@190.09,0.2141000479 0.1048808694 0.01336313318 0.01317790058 0.01114248298 0.01083972678 0.0100530684 0.009760015644 0.008573658764 0.00853720773 0.007858748548 0.007584471256 0.007307227701 0.007154004648 0.006945173256 0.006532891188 0.006183744874 0.005565931089 0.005232085008 0.005089041311
9,loss@188.07 loss@214.06 loss@307.11 frag@206.08 frag@284.14 frag@187.1 frag@246.06 frag@150.09 frag@125.05 frag@200.08 frag@182.0 frag@123.05 frag@190.06 frag@172.05 frag@158.07 frag@132.06 frag@218.09 frag@98.03 frag@138.06 frag@84.05,0.2068393081 0.07217669487 0.06252386421 0.008419037797 0.006066406146 0.006007885095 0.00552413892 0.004196053836 0.003935246728 0.003534321208 0.002751650289 0.00267755799 0.002560690977 0.002534055384 0.002475578338 0.0022887839 0.002228318248 0.002211480169 0.002160178265 0.002092977753
10,frag@84.96 frag@102.97 loss@125.05 frag@384.2 frag@198.94 loss@158.07 frag@159.02 loss@189.02 loss@193.99 loss@113.13 frag@171.04 loss@267.99 loss@191.01 frag@162.06 frag@113.03 frag@95.02 loss@214.04 loss@244.13 loss@348.08 loss@204.99,0.202158168 0.01328264084 0.008984774351 0.005865007639 0.004336685874 0.004212673753 0.004084732849 0.003815114731 0.003680117428 0.003352231579 0.003345512552 0.003206338733 0.003177710343 0.003010486253 0.003001791192 0.002924461849 0.002869009972 0.002838508692 0.002821325092 0.002756783972
11,loss@150.1 frag@186.08 loss@239.07 loss@293.08 frag@341.17 frag@323.16 frag@141.08 frag@229.12 loss@151.14 frag@231.12 frag@165.09 frag@150.07 frag@141.07 frag@178.06 frag@123.0 frag@80.06 loss@216.01 loss@201.13 frag@158.98 loss@253.12,0.1528288722 0.1262400597 0.1098469645 0.02804485336 0.02319564112 0.01324780378 0.009099700488 0.006199245807 0.005244967528 0.004743635189 0.003968964331 0.003317445284 0.003314447124 0.003306918312 0.003273745067 0.003046030179 0.003019826487 0.002855710452 0.00282861013 0.002802014817
12,frag@138.07 loss@137.06 loss@286.04 frag@164.08 loss@165.09 loss@231.02 loss@185.98 frag@162.07 loss@169.01 frag@99.06 loss@313.15 loss@262.22 frag@140.03 loss@207.08 loss@264.09 loss@193.09 frag@96.04 loss@277.07 loss@443.21 frag@150.06,0.3026127517 0.2002733648 0.03582716733 0.02110127918 0.009001963772 0.007506030612 0.004518316127 0.004445097875 0.004383294843 0.004239938222 0.004224325065 0.003521822626 0.00352032599 0.003513148986 0.003285966115 0.003155902727 0.003104837378 0.003045919118 0.002821846399 0.002651292132
13,frag@173.08 loss@228.01 frag@186.09 loss@85.1 loss@148.08 loss@176.11 loss@113.13 loss@257.05 frag@174.09 frag@147.07 loss@138.1 loss@100.13 loss@129.99 loss@203.02 loss@185.01 loss@78.05 frag@159.07 loss@131.1 loss@146.06 loss@136.04,0.3144952655 0.02163227089 0.01030521281 0.01012074295 0.007767721079 0.0053242133 0.004660141654 0.004380622879 0.003812917974 0.003603885882 0.003559894627 0.003390215104 0.00303866202 0.002943049651 0.002921349602 0.002876501298 0.002869564341 0.002745943144 0.002515605185 0.002380762948
14,frag@82.06 frag@111.09 frag@83.07 frag@82.07 frag@69.06 frag@56.05 loss@241.99 loss@318.05 loss@256.17 frag@60.04 frag@68.05 loss@259.0 loss@199.0 loss@321.19 frag@84.06 frag@122.06 frag@84.08 loss@301.08 frag@126.09 loss@92.01,0.1106556132 0.02149645984 0.02041955106 0.01796426997 0.01468208991 0.01461072732 0.01322128903 0.01195133291 0.01136640925 0.01024354529 0.01020703465 0.009724708274 0.009422985837 0.009400214069 0.008479597047 0.007787313778 0.007776908576 0.007113995962 0.006615925115 0.006305783056
15,loss@136.05 frag@213.14 frag@448.16 frag@190.09 frag@187.06 frag@176.07 loss@164.05 frag@338.14 frag@202.12 frag@286.03 frag@241.14 frag@123.01 frag@136.03 frag@118.04 frag@189.02 loss@165.05 frag@152.05 frag@199.01 frag@150.07 frag@200.12,0.2316925824 0.01078871731 0.01068735681 0.01012316626 0.007909410633 0.007524612825 0.007196456194 0.007008257788 0.006624931935 0.005311033223 0.005166315939 0.004491523374 0.004472952802 0.004355709534 0.004090179689 0.00362541154 0.003551886883 0.003462751396 0.00340440427 0.003038856201
16,frag@139.01 frag@129.01 loss@231.01 frag@130.01 loss@148.07 frag@197.09 loss@290.15 frag@139.0 loss@172.04 frag@259.12 loss@217.0 loss@288.14 loss@155.01 loss@161.03 loss@378.09 loss@455.15 loss@148.04 loss@123.02 loss@112.07 frag@150.01,0.1134449989 0.1023174301 0.06183611974 0.05525204539 0.04362580925 0.03579260409 0.03390945122 0.02930191159 0.02359359525 0.01786127128 0.01119359862 0.01109876111 0.006789151113 0.006007591262 0.003885106416 0.003788454225 0.003583620768 0.003513214877 0.003482591594 0.003429177683
17,frag@203.03 loss@287.05 frag@227.03 frag@199.03 loss@242.13 frag@309.09 frag@195.01 frag@344.11 frag@185.03 frag@231.02 frag@173.03 loss@203.06 loss@158.05 loss@163.14 loss@292.01 loss@276.06 loss@359.14 frag@175.04 frag@106.04 loss@362.12,0.1162601933 0.04700220749 0.03064513206 0.02815205045 0.02472713217 0.01396469306 0.009816682898 0.008689699695 0.007368711755 0.006894345861 0.004537842236 0.004255250096 0.003859784221 0.003718505148 0.003690265818 0.0030604247 0.003018139862 0.002815874992 0.002632722724 0.002538602101
18,loss@165.02 frag@195.99 loss@156.01 loss@137.01 loss@222.08 frag@293.19 frag@318.03 frag@152.02 frag@124.02 loss@225.07 loss@273.06 frag@109.01 loss@330.06 frag@182.01 loss@64.02 frag@115.06 loss@111.14 frag@155.98 frag@82.03 frag@175.03,0.07904237509 0.07694137841 0.05700837076 0.02508526109 0.01633095182 0.0093394164 0.008913196623 0.006321635563 0.004861066118 0.004420748446 0.004196633585 0.004141055979 0.003246715292 0.00314360112 0.003126111813 0.003123756032 0.003025473328 0.003019757336 0.002853710903 0.002850002609
19,frag@81.03 frag@53.04 loss@267.99 loss@236.04 loss@248.06 loss@228.07 loss@367.12 loss@319.98 loss@254.04 loss@256.97 loss@367.05 loss@287.06 loss@313.1 loss@245.03 loss@204.0 loss@271.05 loss@256.07 loss@266.12 loss@382.17 loss@153.04,0.3418093622 0.05281628668 0.02660934627 0.02616589516 0.02595629357 0.016750779 0.01533331256 0.01344856992 0.01051215921 0.008445507847 0.008340156637 0.007229939569 0.006786903366 0.005888548214 0.00577681791 0.005356868729 0.004424150568 0.004324893933 0.004020540044 0.00381890079
20,frag@139.03 loss@164.06 loss@210.08 loss@198.08 frag@125.0 loss@210.06 loss@166.02 loss@245.09 frag@259.03 frag@135.06 frag@113.02 frag@164.06 frag@270.04 loss@178.09 frag@125.02 loss@179.01 frag@144.04 frag@275.19 frag@125.01 loss@207.04,0.2550779581 0.09518244863 0.09023423493 0.06345230341 0.04127174243 0.01579678431 0.0155392196 0.009239068255 0.00679096207 0.006420301739 0.006235173438 0.006211770698 0.004913296551 0.004863732029 0.004735821858 0.004298573826 0.004063058645 0.003664910095 0.003283312311 0.003194099991
21,frag@225.07 frag@197.07 frag@198.08 loss@120.05 loss@167.02 frag@170.06 loss@146.05 loss@168.06 loss@221.98 loss@172.1 frag@170.08 frag@156.08 frag@168.07 loss@118.11 frag@169.08 loss@165.05 frag@179.06 frag@154.06 frag@210.13 frag@188.07,0.1024454385 0.0925623402 0.07875113189 0.05291715264 0.007300578058 0.006219187286 0.004415108822 0.003354432527 0.003340808675 0.003169663483 0.00307865371 0.0024995571 0.002416392788 0.002401657403 0.002351413248 0.002290453995 0.002278621076 0.002185771475 0.002160202479 0.002158929594
22,loss@118.04 frag@291.15 loss@144.02 frag@81.02 frag@106.04 frag@63.02 frag@117.04 frag@65.04 frag@208.11 loss@102.0 frag@77.04 frag@105.04 frag@106.07 frag@51.02 loss@101.04 frag@213.96 frag@95.05 frag@117.03 frag@144.96 frag@306.11,0.2246740013 0.03047778457 0.02110636048 0.01095173787 0.008664549328 0.007442111615 0.007241093554 0.006463364698 0.005836031865 0.005683943164 0.005494342186 0.005128303077 0.004647555295 0.004495775327 0.004302431829 0.003978758119 0.003924938384 0.003882150399 0.003840374062 0.003720222041
23,frag@146.06 frag@128.05 loss@328.12 loss@149.03 loss@131.1 loss@200.1 loss@187.93 frag@173.07 loss@215.12 loss@175.03 frag@130.06 frag@223.01 loss@164.03 frag@118.06 loss@168.06 loss@166.06 loss@330.04 loss@299.15 loss@296.06 loss@287.1,0.3005140126 0.05064021796 0.03766401112 0.02846221812 0.0254588984 0.01842380874 0.014831434 0.01377818268 0.0134880729 0.0133036375 0.01019012649 0.008544265293 0.008175258525 0.00772203831 0.007228559349 0.006168873515 0.005870593246 0.005666293669 0.005354648922 0.005280488636
24,frag@154.04 loss@224.07 loss@185.09 loss@235.09 frag@111.03 frag@153.05 frag@114.04 loss@184.98 loss@172.07 frag@318.03 frag@124.03 frag@189.14 frag@260.14 frag@113.02 frag@195.99 loss@305.1 frag@149.04 loss@277.07 frag@228.03 frag@162.13,0.2134820074 0.1774707288 0.07207625359 0.006604513619 0.004427161068 0.004404513165 0.004282677546 0.004011821467 0.003807266708 0.003501812229 0.003469157265 0.003343318822 0.003239323385 0.003215154167 0.003214743454 0.002829244826 0.002806079574 0.00270802225 0.002436003881 0.002343376866
25,loss@129.09 frag@220.99 frag@312.09 loss@172.07 frag@113.04 frag@113.07 frag@308.14 frag@147.09 frag@329.11 frag@150.01 frag@259.14 frag@250.07 frag@142.04 frag@317.11 frag@130.04 frag@89.07 frag@231.11 frag@180.1 frag@148.04 frag@208.07,0.2158731073 0.01026904583 0.0059944815 0.004905886482 0.004900153261 0.004570253193 0.004183172714 0.003456453793 0.003093863139 0.003003056161 0.002998385811 0.002863633214 0.002802819712 0.002669466427 0.002508812584 0.002364342101 0.002209924161 0.002195701003 0.00210900791 0.002046955517
26,loss@207.07 loss@248.13 frag@188.04 loss@183.11 frag@165.08 loss@339.12 frag@138.05 frag@162.06 frag@151.06 frag@127.06 frag@384.2 frag@124.06 frag@367.21 frag@243.12 frag@111.03 frag@111.06 frag@102.04 frag@353.09 frag@263.09 frag@97.01,0.1283699721 0.1065175831 0.08175679296 0.06318961829 0.02999698371 0.02313489653 0.01131662447 0.01004394982 0.009828298353 0.0094963843 0.008469582535 0.00818146579 0.006676365156 0.00630502915 0.005494631827 0.005483836867 0.005362206604 0.005286234431 0.005146967247 0.004740923177
27,loss@93.06 loss@42.01 frag@264.15 loss@20.01 frag@225.03 loss@43.01 loss@61.05 loss@119.04 frag@275.05 frag@267.1 loss@121.05 loss@78.04 frag@144.01 frag@143.02 frag@69.0 frag@226.04 loss@45.02 frag@237.08 frag@209.01 frag@218.07,0.0998596102 0.08958873153 0.0583646819 0.02918049693 0.0249648001 0.02301608026 0.02062498778 0.01415521745 0.01335986611 0.01048700977 0.009300622158 0.008823725395 0.008378524333 0.007093476132 0.006470607128 0.006328997668 0.006327134091 0.006220562384 0.00610033283 0.005688380916
28,loss@208.05 loss@216.99 frag@155.98 frag@204.95 frag@318.03 frag@111.03 frag@43.02 frag@59.0 frag@69.06 loss@159.01 frag@53.0 loss@174.11 frag@68.05 frag@259.04 frag@111.01 loss@156.01 frag@151.06 frag@96.07 frag@140.08 frag@144.0,0.2103482038 0.05246012285 0.04741119593 0.03506145999 0.02857756242 0.008149771951 0.007327278145 0.007246942725 0.006916284561 0.006640364882 0.006013125181 0.00593491178 0.005822032224 0.004676965997 0.004387385212 0.004101107363 0.003783116583 0.003462597495 0.002793545602 0.002660013037
29,frag@167.05 loss@171.11 loss@394.16 frag@239.08 loss@286.09 loss@196.01 loss@158.07 loss@166.97 frag@231.11 loss@175.14 frag@244.13 loss@143.08 frag@155.02 frag@249.13 frag@186.09 loss@396.29 loss@149.12 loss@135.1 frag@211.01 loss@111.08,0.2647784352 0.07435876131 0.01364665013 0.002738361247 0.002506664721 0.00242018979 0.002329225885 0.002029258525 0.001993099926 0.001909027924 0.001752599608 0.00174132071 0.001643634168 0.00155727216 0.001518719248 0.001458139741 0.001457266975 0.00143935869 0.001402139198 0.001344156335
30,frag@190.1 loss@176.09 frag@188.08 frag@174.07 frag@231.12 frag@161.03 frag@160.09 loss@205.09 loss@162.08 frag@159.06 loss@206.12 loss@187.07 loss@189.09 loss@218.12 loss@183.99 loss@261.16 frag@229.13 frag@212.08 frag@132.06 loss@176.07,0.1184347495 0.0782128647 0.06944587827 0.01695443131 0.01116658933 0.008242966607 0.006604593713 0.005624887999 0.004557481967 0.004425690509 0.003942267504 0.003766434966 0.003502990119 0.003312846413 0.003138640663 0.003133993829 0.003067957005 0.002793995198 0.002677380806 0.002662987914
31,frag@114.04 frag@87.03 loss@239.09 frag@44.98 loss@172.07 loss@183.01 loss@282.07 frag@88.02 loss@312.06 loss@229.08 frag@58.99 frag@326.18 loss@261.18 frag@134.02 loss@274.08 frag@447.13 frag@163.02 frag@71.0 frag@73.01 loss@196.08,0.2467473894 0.02083443664 0.02009470016 0.00388069707 0.003221758641 0.003062149277 0.00301205134 0.002611573087 0.002386527602 0.002320884028 0.002170338528 0.002110274509 0.002094506752 0.00206422573 0.001960796071 0.001902420307 0.001868736697 0.001796279685 0.001740539912 0.001555508934
32,loss@142.11 frag@115.12 frag@239.04 loss@170.11 frag@231.0 frag@171.02 frag@203.99 frag@263.15 frag@143.12 frag@127.09 frag@159.09 frag@228.14 loss@282.12 frag@334.14 frag@114.0 loss@182.12 frag@237.1 frag@173.06 frag@291.18 frag@227.08,0.3309203386 0.07846969366 0.04087314382 0.02539727092 0.008896038868 0.007885678671 0.005506624002 0.005412503146 0.004840208683 0.004230370279 0.004182885401 0.004142964259 0.003449339187 0.003418457694 0.003123183269 0.003082381329 0.002666202839 0.002585466718 0.002500620438 0.002449557884
33,frag@268.14 loss@229.1 loss@247.04 frag@174.1 loss@309.15 frag@132.07 frag@220.13 loss@120.03 loss@199.01 frag@212.08 frag@260.14 loss@364.14 frag@350.13 frag@159.04 loss@172.05 loss@217.12 frag@161.07 frag@177.08 frag@144.14 loss@222.12,0.1216148213 0.1038743258 0.04927435145 0.009889816865 0.004230778664 0.003954994958 0.003325236728 0.00317443558 0.0030799245 0.002958919154 0.002671012422 0.00266449945 0.002392931841 0.002326646587 0.002316294471 0.002274522558 0.002217518864 0.002204738092 0.002139527816 0.002054370008
34,loss@146.05 frag@179.06 loss@78.14 frag@368.13 frag@147.06 loss@173.06 loss@114.02 frag@160.02 loss@78.96 frag@198.16 loss@57.02 frag@225.07 frag@209.07 frag@144.1 loss@172.06 frag@171.07 frag@101.03 frag@141.0 frag@273.11 frag@136.02,0.228603974 0.1692418903 0.01952027529 0.01406208333 0.01027843449 0.005458716303 0.00508641731 0.004904137459 0.004240722395 0.003719353816 0.003184630536 0.003171043703 0.002971749287 0.002951138187 0.002602350898 0.002539604204 0.002536170883 0.002468383405 0.00227267947 0.002173701534
35,loss@138.04 loss@205.05 frag@143.06 frag@139.05 frag@149.11 frag@151.98 frag@68.01 frag@150.06 frag@170.13 frag@261.97 frag@53.0 frag@272.14 frag@383.06 frag@67.02 frag@193.13 frag@127.03 frag@298.06 frag@109.01 frag@188.12 frag@218.04,0.1700794995 0.1131460965 0.007981088944 0.007629812695 0.006978065707 0.005021711346 0.00497329887 0.004815613385 0.004483595025 0.004311678931 0.004244462587 0.004232257139 0.004210457671 0.003784819506 0.003606936429 0.003291584319 0.003241651691 0.003109675832 0.003054558765 0.002931350376
36,loss@205.11 loss@219.13 loss@218.14 loss@121.09 frag@135.08 loss@265.09 loss@187.1 loss@228.05 frag@253.1 frag@133.06 frag@119.05 frag@202.12 frag@159.06 frag@89.07 frag@105.08 frag@121.03 frag@161.1 frag@109.07 frag@409.2 frag@188.14,0.09512284398 0.06695657969 0.06529484689 0.0322281532 0.02732409351 0.02309354395 0.02109894529 0.0204641372 0.01780330576 0.01752244309 0.01724344678 0.01515353844 0.01474764012 0.01452103537 0.01413341053 0.01407394744 0.01221127249 0.01160304248 0.01009042934 0.008907337673
37,loss@256.09 loss@227.15 frag@83.01 loss@287.04 frag@55.02 frag@138.05 frag@138.09 frag@110.02 loss@296.12 frag@99.05 frag@376.15 frag@57.03 frag@73.01 frag@236.11 loss@238.05 frag@101.02 frag@91.05 frag@147.08 loss@224.08 frag@93.07,0.1534781307 0.06804772466 0.04401353374 0.03350520507 0.02653227001 0.01750911959 0.0128976712 0.01002813503 0.006998728495 0.006855891552 0.0062844567 0.005946645979 0.005839549005 0.005403744988 0.0051449975 0.005078540184 0.00492589362 0.004907129332 0.00464615738 0.004350065719
38,frag@121.03 loss@186.12 loss@220.16 loss@214.1 loss@282.14 loss@225.13 loss@220.17 loss@183.15 frag@121.04 frag@279.09 frag@149.06 loss@185.12 loss@200.13 loss@306.19 loss@208.13 loss@213.1 loss@295.11 loss@231.13 loss@248.15 loss@388.14,0.3987332582 0.04380235448 0.04095409065 0.03336177394 0.02891999297 0.02493204176 0.02315599099 0.01167398505 0.01040563174 0.007749478333 0.006590276491 0.00539515214 0.005086638499 0.005078572314 0.00425397465 0.003899662988 0.003186171176 0.003045282559 0.002897737315 0.002761703916
39,loss@236.16 loss@260.16 loss@262.18 frag@353.16 frag@213.0 frag@83.09 frag@231.15 frag@183.06 loss@248.16 frag@140.11 frag@353.09 frag@112.09 frag@165.04 frag@98.07 frag@136.05 loss@290.16 frag@179.0 frag@55.05 frag@110.1 frag@345.19,0.1056369543 0.08279062808 0.05405100435 0.01928572915 0.01471114624 0.0103875082 0.01019618195 0.00993311964 0.008251084946 0.007494173944 0.007313795388 0.007115748245 0.006590597332 0.0064703268 0.00638898043 0.006346582435 0.006015524268 0.005828527734 0.005674687214 0.00555274589
40,loss@141.1 frag@245.08 frag@98.05 frag@169.0 frag@70.04 frag@202.97 frag@127.01 frag@151.05 frag@310.12 loss@239.12 frag@97.05 frag@171.08 frag@233.13 frag@318.18 loss@324.18 frag@181.06 frag@256.05 frag@276.01 loss@190.96 frag@156.02,0.2729092836 0.08967976272 0.06396139413 0.01053482573 0.007384943776 0.006297444925 0.003524841508 0.003165300936 0.002836020896 0.002795248991 0.002715612529 0.002334279241 0.002293575089 0.002244679024 0.002187305596 0.002185899531 0.002149635227 0.001987874275 0.001873595174 0.001827725675
41,frag@148.05 loss@267.03 frag@316.11 loss@122.0 loss@336.05 frag@160.05 loss@188.07 frag@158.07 frag@132.06 loss@173.01 loss@180.04 frag@145.04 loss@134.02 frag@187.06 frag@161.06 loss@95.04 frag@118.04 frag@391.17 loss@165.05 frag@188.08,0.2013163567 0.07004786283 0.05505966395 0.01514611114 0.01479094196 0.007065019105 0.004596737213 0.00323072006 0.002635905519 0.002278062049 0.002179467119 0.002115906915 0.001775804441 0.001759616309 0.001677733031 0.001525731292 0.001479298575 0.001456760801 0.001427548123 0.001380637521
42,loss@139.06 frag@141.14 frag@44.01 frag@385.13 frag@55.02 frag@124.04 frag@163.05 frag@138.01 frag@83.09 frag@41.04 loss@255.01 frag@181.04 frag@126.05 frag@166.97 loss@183.09 frag@141.0 frag@106.03 frag@101.06 frag@272.18 frag@174.03,0.3567837477 0.1409940869 0.08128949255 0.02247787639 0.018091131 0.0104513187 0.007207304705 0.006656812038 0.006207097787 0.005866520107 0.005547126289 0.004613198806 0.004588379525 0.003636267502 0.003367317142 0.00317882956 0.002809691476 0.00275650085 0.002731976099 0.002633342519
43,frag@123.02 frag@123.03 frag@113.04 loss@186.07 loss@249.16 loss@322.14 loss@345.15 loss@314.08 loss@191.17 loss@270.15 loss@252.18 loss@261.13 loss@179.08 loss@181.09 loss@166.12 loss@205.16 loss@289.07 loss@316.14 frag@98.02 loss@200.13,0.2191923261 0.1184895635 0.05390120298 0.03277427703 0.02236079611 0.02191307023 0.02163438685 0.01898118109 0.01245872118 0.01224007457 0.01175973658 0.009727654979 0.007657817099 0.007545750588 0.006584970281 0.006336419377 0.005391295534 0.005213933997 0.005127978511 0.004868213087
44,loss@244.13 loss@202.08 frag@125.06 frag@135.05 frag@231.12 frag@187.98 frag@135.06 frag@153.05 frag@175.12 frag@176.11 frag@120.06 frag@112.06 loss@216.1 frag@149.04 frag@138.05 frag@164.11 frag@92.03 frag@201.14 frag@190.1 frag@106.06,0.1662142724 0.09157897532 0.01405161433 0.008605458774 0.007905884646 0.005889989901 0.00479079131 0.004743637051 0.00448146835 0.004390798975 0.004197998904 0.004163899925 0.00407755794 0.003769685049 0.003434482031 0.003341992619 0.003322517034 0.00328650116 0.003226606641 0.003205138491
45,loss@135.07 loss@164.05 frag@165.02 frag@213.14 frag@134.06 frag@172.05 frag@243.06 frag@175.05 frag@176.07 frag@168.08 frag@199.12 frag@195.02 frag@171.05 frag@162.05 frag@254.09 frag@196.05 frag@244.05 frag@202.12 frag@190.09 frag@90.05,0.2520816922 0.06516622752 0.009425822645 0.00681530172 0.00338804652 0.003257966368 0.003188932082 0.003061337862 0.003036826616 0.002973868744 0.002772692125 0.002764870645 0.002582576824 0.002539823297 0.002513599116 0.002461263444 0.002414049814 0.002353101736 0.002312767087 0.002296526916
46,loss@171.11 frag@310.12 frag@239.08 frag@167.05 frag@68.01 frag@211.01 loss@171.08 frag@143.0 frag@141.07 frag@168.07 frag@64.01 loss@166.97 frag@321.17 frag@128.04 frag@186.09 frag@187.07 loss@149.12 frag@277.08 frag@207.07 frag@108.06,0.1744927019 0.140673846 0.004478948656 0.003344357247 0.002563524293 0.002419006778 0.002255044179 0.002189875115 0.002180788433 0.002091042697 0.002068887232 0.001995701808 0.001982101239 0.001974954503 0.001967814984 0.001967492281 0.001846901141 0.001727795694 0.001644859556 0.001622912008
47,loss@324.18 frag@83.08 loss@335.13 loss@282.11 loss@350.09 loss@267.14 frag@151.07 frag@166.06 loss@307.16 frag@135.08 frag@239.04 frag@180.11 frag@250.07 frag@184.01 frag@190.12 frag@226.12 frag@121.07 frag@167.13 frag@67.06 frag@261.97,0.04329990596 0.02253601328 0.01915957965 0.01539218333 0.009932903573 0.007315243129 0.00564481318 0.004644098226 0.004296216648 0.003839922603 0.003703936469 0.003678967943 0.003675951855 0.003665079363 0.003623120952 0.003590170294 0.003446108196 0.003295131493 0.003243009327 0.003187074093
48,loss@159.13 loss@253.12 frag@231.15 frag@67.05 frag@171.95 frag@69.07 frag@198.02 frag@142.12 loss@187.12 frag@110.1 frag@43.02 frag@97.06 frag@95.09 loss@264.12 frag@136.05 frag@83.09 frag@57.07 frag@67.06 frag@81.07 frag@136.11,0.2451976836 0.08585744351 0.01170800719 0.01018192526 0.008381419815 0.007473335136 0.006610937882 0.006428503897 0.006278607994 0.005140878726 0.005006301682 0.004331975244 0.00402962463 0.003669411642 0.003387181787 0.003255280666 0.003008183092 0.002948331647 0.002839368768 0.002805917058
49,frag@74.01 frag@58.99 frag@317.09 frag@114.04 loss@165.02 loss@183.01 loss@81.02 loss@237.22 frag@44.98 loss@115.04 loss@168.05 loss@62.96 loss@116.05 loss@147.03 frag@107.03 loss@85.02 frag@57.99 frag@61.01 loss@267.03 frag@248.1,0.1131591201 0.07607127726 0.02206639946 0.004601048306 0.003943433054 0.003688967088 0.003111478407 0.003050318221 0.003039960284 0.002877369756 0.002837792737 0.002653190633 0.002619337989 0.002356306417 0.002325479873 0.002315700287 0.002215478104 0.002065146342 0.001990774414 0.001894872403
50,frag@220.09 loss@107.92 loss@79.93 loss@259.05 loss@138.1 loss@78.92 frag@232.09 frag@250.06 loss@289.05 frag@179.01 frag@141.04 frag@344.21 frag@219.09 frag@190.06 loss@139.08 frag@208.02 loss@200.94 frag@190.03 frag@247.09 frag@181.04,0.1568753719 0.09485016763 0.01528555341 0.004777207039 0.004075890873 0.003148383461 0.002469028113 0.002447190462 0.002173081972 0.002141186269 0.002134822775 0.002004880924 0.001892441418 0.001691730344 0.001595268259 0.00157480035 0.001425258 0.001393784885 0.001369586214 0.001349159167
51,frag@164.08 loss@169.01 frag@162.07 frag@138.07 frag@136.05 loss@179.13 loss@220.13 loss@246.11 frag@95.06 loss@254.01 loss@192.14 loss@165.09 frag@233.13 loss@221.12 frag@152.08 loss@193.09 loss@246.08 loss@263.16 frag@122.1 loss@171.13,0.2363526672 0.01916961558 0.007541816682 0.006405105814 0.006166980136 0.004519909155 0.004499272443 0.003867030377 0.003836945863 0.003322957084 0.00329306745 0.003249933245 0.003022488905 0.002757425187 0.002704825019 0.002675920026 0.002658445388 0.002640099032 0.002620283049 0.002446650527
52,frag@126.13 frag@112.04 loss@281.09 loss@299.06 frag@139.99 loss@148.04 loss@232.02 loss@537.29 loss@379.03 frag@323.14 frag@255.12 loss@307.11 loss@302.05 loss@138.06 loss@230.04 loss@289.11 frag@180.01 frag@140.14 loss@236.09 frag@330.08,0.1435776055 0.1425365061 0.05856915563 0.05255489796 0.04504644498 0.03426266462 0.02604648098 0.0250260178 0.01742230915 0.006173528731 0.005823369604 0.005604602862 0.004661824554 0.004122466315 0.003466021037 0.003390988568 0.003224821761 0.00313281687 0.003052018816 0.00291790138
53,loss@197.99 frag@166.01 frag@124.04 frag@230.07 frag@151.03 frag@81.06 frag@171.97 frag@163.03 frag@130.99 frag@170.98 frag@164.0 frag@160.97 frag@306.1 frag@263.06 loss@337.08 frag@136.02 frag@125.01 frag@303.09 loss@157.03 frag@158.04,0.259465754 0.01157200057 0.008517629467 0.006003754679 0.005473591853 0.003979410045 0.003651229898 0.002782209776 0.002524307929 0.002517696004 0.002484642202 0.00236865296 0.002301519504 0.002135651885 0.002118620789 0.002096742857 0.002016692189 0.001969688805 0.001918361755 0.001909118029
54,frag@142.12 loss@199.17 frag@129.1 loss@159.13 loss@181.11 loss@310.1 loss@288.18 loss@225.15 frag@110.1 loss@264.15 frag@67.06 frag@85.09 frag@83.09 frag@232.13 frag@69.07 loss@264.18 frag@138.09 frag@264.03 frag@43.05 loss@199.12,0.207883954 0.08731114864 0.04486083612 0.008520505391 0.004214670509 0.003827211214 0.00330649456 0.003168681404 0.00296218507 0.002858934226 0.002793210791 0.002751551103 0.002617470454 0.002387812594 0.002381335944 0.002374812029 0.002282976639 0.002278502332 0.00225065928 0.002200433286
55,frag@208.11 loss@155.08 loss@195.08 frag@182.98 frag@223.12 loss@273.09 frag@329.12 frag@293.1 loss@259.15 loss@347.09 loss@155.05 loss@315.13 frag@214.04 frag@257.11 loss@224.03 loss@123.14 frag@221.15 frag@76.02 frag@209.09 loss@78.1,0.1220048741 0.0858239457 0.08101058006 0.04619107395 0.04418412223 0.03613452241 0.02954120748 0.01633216813 0.01555603277 0.0141583113 0.0137775708 0.01362683903 0.01137540676 0.01035899669 0.008066008799 0.0044339085 0.00438940106 0.004365347326 0.003946294542 0.003230130067
56,loss@89.05 loss@63.03 loss@75.03 loss@77.05 frag@201.13 loss@105.04 frag@91.03 frag@214.04 loss@61.02 loss@100.13 frag@100.02 frag@216.14 loss@76.02 loss@46.0 frag@76.04 loss@101.05 loss@78.06 frag@269.02 frag@78.01 frag@156.08,0.08377518505 0.07883816957 0.06281104684 0.05467620119 0.02533448674 0.01343083568 0.01023078337 0.008943166584 0.008675801568 0.006531897932 0.006526899524 0.006486225408 0.006234530825 0.005564052612 0.00537086837 0.005310321692 0.005083594006 0.004787219688 0.00476640556 0.00470873015
57,frag@170.08 loss@139.08 frag@216.08 frag@254.13 loss@157.06 loss@187.03 loss@141.1 frag@134.99 loss@196.04 loss@136.08 loss@95.04 frag@198.08 loss@92.07 loss@151.01 frag@255.08 frag@204.07 loss@174.08 loss@197.03 loss@128.09 frag@152.07,0.2006844431 0.1261707395 0.02217192203 0.007069409825 0.002765504178 0.002642533043 0.002463156125 0.002073870273 0.002020558575 0.001889315899 0.001844935818 0.001655227388 0.001628863742 0.001613348257 0.001608589548 0.001548193279 0.001539193676 0.001531541697 0.001472108765 0.001431771787
58,frag@166.09 loss@333.07 loss@290.2 loss@239.07 loss@251.2 loss@287.11 frag@258.08 loss@267.12 loss@342.06 loss@364.14 frag@179.12 loss@95.04 loss@239.16 loss@294.13 loss@95.99 frag@231.12 loss@242.01 frag@163.01 loss@267.03 loss@261.08,0.2979587615 0.02315079421 0.00368977082 0.003642923199 0.003376474138 0.002639405662 0.002596721752 0.002345413435 0.002285818802 0.001901409007 0.001892764587 0.001756183687 0.001653324929 0.001558714313 0.001538025565 0.001534360694 0.001498797908 0.001493416727 0.001460752799 0.0013303546
59,loss@250.1 loss@168.13 frag@154.02 frag@203.1 loss@253.14 frag@114.0 frag@59.05 frag@116.07 frag@218.1 frag@83.09 frag@84.08 frag@181.06 frag@212.12 loss@212.12 frag@150.13 frag@67.06 frag@208.04 frag@142.09 loss@181.11 frag@191.15,0.1370136142 0.1334304661 0.08613262326 0.02505727299 0.01997076534 0.01834941842 0.01172131114 0.01081196405 0.008229012601 0.006807796191 0.006241866387 0.005779946689 0.005719700828 0.005436356645 0.005214125849 0.004908625502 0.004510029685 0.004215635359 0.004200939089 0.003950600047
60,loss@137.08 frag@126.06 frag@276.08 frag@211.05 frag@145.04 frag@267.05 loss@120.06 frag@204.05 frag@144.06 loss@139.1 frag@138.09 frag@231.12 frag@213.96 frag@208.11 frag@256.14 frag@180.1 frag@211.98 frag@194.99 frag@285.12 frag@56.96,0.3182997704 0.03560514376 0.02388101257 0.01588423923 0.01095166616 0.006457663607 0.005454734433 0.005409341305 0.004961103201 0.004539160058 0.004508442245 0.004150038119 0.003847495653 0.003668779042 0.003583981656 0.003254519077 0.003162701614 0.003131037345 0.003064980498 0.002896597842
61,loss@236.13 loss@200.13 frag@110.02 loss@199.1 frag@121.03 loss@208.13 frag@160.1 frag@123.02 frag@153.03 frag@85.04 frag@171.04 frag@149.06 frag@133.06 frag@173.01 frag@233.13 frag@355.2 frag@162.03 frag@281.14 frag@109.07 frag@376.15,0.1453301013 0.09084174782 0.07670725882 0.0685910359 0.02050486952 0.01686402969 0.0137753794 0.01146064233 0.0102230655 0.009619727731 0.008109345101 0.007622388657 0.007227505092 0.005943919532 0.005232200492 0.005208736286 0.005142250564 0.005074802786 0.004975792486 0.004895549733
62,frag@279.12 loss@201.99 loss@269.17 frag@250.0 frag@321.09 frag@182.08 frag@193.1 frag@307.1 loss@134.96 loss@218.01 loss@111.11 frag@275.08 frag@184.99 loss@161.12 frag@292.08 loss@268.17 loss@350.13 frag@65.0 frag@370.2 frag@186.07,0.04868848994 0.04134628549 0.01605512016 0.003389932215 0.003232896561 0.003150833305 0.002702868544 0.002471160609 0.002433229471 0.002406158019 0.002313903533 0.002242738614 0.002215760294 0.002190855797 0.002027371433 0.001959184418 0.001955901738 0.001908810926 0.001894137589 0.001884389203
63,frag@273.04 loss@220.15 frag@176.98 frag@142.1 loss@276.13 frag@207.13 loss@211.13 loss@210.13 loss@251.07 frag@264.03 loss@105.04 loss@302.13 frag@408.14 frag@162.08 frag@210.12 loss@80.21 loss@227.17 loss@397.09 loss@184.12 loss@244.15,0.1495649368 0.07623953372 0.04694160447 0.01062564552 0.005985390395 0.004948143847 0.003689386649 0.003080377821 0.003057255642 0.003019405063 0.002694191178 0.002616494894 0.00199373113 0.001984854694 0.00183321489 0.001812935923 0.001776812831 0.001677525695 0.001665472053 0.001583099482
64,loss@217.12 loss@207.14 loss@245.15 loss@282.12 frag@130.02 loss@286.14 frag@198.98 frag@231.06 frag@95.06 frag@243.16 frag@139.05 frag@159.06 frag@135.05 frag@99.06 frag@112.99 frag@163.09 frag@125.07 frag@159.05 loss@291.16 frag@171.11,0.1172908247 0.1134395748 0.03574504703 0.03093664907 0.01649301313 0.01637337729 0.0101277316 0.007500896696 0.006629772019 0.00642711902 0.005717591383 0.005482013803 0.005167192779 0.005098393653 0.005090882536 0.004832644481 0.004796386231 0.004553126171 0.004025930073 0.003886594204
65,frag@166.02 frag@194.05 frag@184.1 frag@336.08 loss@339.11 loss@157.08 frag@256.13 loss@240.05 loss@139.1 loss@240.03 loss@386.12 loss@292.09 loss@167.12 frag@212.09 frag@163.02 loss@333.14 loss@295.05 loss@324.06 loss@279.01 frag@137.03,0.1269031316 0.1031012982 0.04338026047 0.01360846218 0.003873532405 0.003285586135 0.002693779068 0.00257971487 0.002195517765 0.002028171672 0.002019914798 0.001992386766 0.001835148898 0.001759139588 0.001694916515 0.001693150029 0.001680859248 0.001670101774 0.001630275277 0.001626032521
66,frag@128.03 frag@103.03 loss@397.09 frag@113.02 frag@86.01 loss@239.07 loss@183.01 frag@344.21 frag@178.06 loss@128.99 loss@251.2 loss@252.07 loss@280.09 loss@223.04 loss@160.97 frag@136.07 frag@114.04 frag@116.03 frag@99.0 frag@127.03,0.08955858648 0.08028610796 0.03513446823 0.005697230343 0.00522891758 0.003938165959 0.003740937915 0.003635430476 0.003222788451 0.003025086829 0.002841926645 0.002518151188 0.0025034633 0.002375753364 0.002115037525 0.00211122958 0.002057982842 0.001965260599 0.001824213658 0.001822430408
67,frag@173.04 loss@147.09 frag@180.09 loss@260.11 loss@161.03 loss@165.1 loss@249.04 frag@257.14 frag@233.02 frag@262.13 loss@159.99 frag@244.08 loss@234.18 frag@174.92 frag@258.12 frag@282.13 frag@309.13 loss@259.15 frag@206.13 loss@156.04,0.1171052009 0.08766340464 0.08057431132 0.06626306474 0.06475203484 0.05949697644 0.02227843367 0.02198952623 0.01657573879 0.01367011573 0.01267354749 0.007033035625 0.00621236302 0.005088350736 0.004708222579 0.004651870113 0.004625102971 0.00442482112 0.003994406667 0.003526365617
68,loss@106.06 frag@220.95 frag@223.08 loss@30.01 loss@148.03 frag@232.04 frag@108.49 frag@248.13 loss@110.04 loss@102.99 frag@226.11 frag@293.08 frag@146.0 loss@29.0 loss@350.12 frag@260.09 frag@80.03 loss@175.02 loss@96.03 frag@271.11,0.01617619209 0.01392445154 0.01308723819 0.0125735933 0.01083219144 0.01060466748 0.009579686448 0.008246676065 0.007652169559 0.005690705497 0.005649191793 0.005593081471 0.005494398065 0.005413005129 0.004932387732 0.004912617151 0.004833608866 0.004826001823 0.004536039196 0.00439711567
69,frag@235.06 frag@112.01 frag@197.01 frag@202.02 frag@251.05 frag@186.98 frag@86.02 frag@301.11 frag@221.02 frag@76.02 frag@128.01 frag@399.14 loss@255.0 frag@232.03 frag@280.06 loss@158.99 frag@294.12 loss@337.06 frag@196.99 frag@177.0,0.002822932787 0.00274172239 0.002724429825 0.002452915302 0.001823214581 0.001801691367 0.001753603923 0.001589760534 0.001582733006 0.001450299751 0.00132127828 0.00120339205 0.00119171571 0.001154953381 0.001147637842 0.001116346335 0.001059854985 0.001030822285 0.0009960456518 0.0009950986132
70,frag@201.08 loss@182.1 frag@183.11 frag@328.14 loss@304.08 loss@176.09 loss@382.11 loss@151.1 loss@342.06 frag@188.08 frag@347.19 frag@155.0 loss@290.2 loss@60.08 loss@278.16 loss@204.06 loss@257.02 loss@299.14 frag@235.97 loss@189.01,0.2606350183 0.1398582011 0.01473877672 0.007716706488 0.006950398441 0.003158993321 0.003102077637 0.003089571372 0.002430307446 0.002088006819 0.001981075155 0.001739249332 0.001661407761 0.001612075604 0.001570554217 0.001561151585 0.001536934986 0.001471541938 0.001469671144 0.001451793127
71,frag@145.03 loss@177.06 frag@89.04 loss@386.12 frag@117.03 loss@354.09 loss@221.05 frag@163.04 loss@193.08 frag@219.02 loss@567.22 loss@254.06 loss@376.14 loss@414.12 loss@368.11 frag@177.05 loss@261.05 loss@267.09 frag@173.02 loss@388.14,0.2677310109 0.07033697516 0.0681020394 0.04194964841 0.02676236629 0.01311122719 0.01064580027 0.009242490865 0.008362465538 0.008045894094 0.006834129803 0.006774831098 0.005772566888 0.005583868362 0.005580943078 0.005278803408 0.004801720381 0.004730850924 0.004698390607 0.004037244711
72,frag@205.06 loss@273.1 loss@193.15 frag@130.99 frag@263.09 loss@259.07 loss@236.1 frag@197.03 loss@281.05 loss@247.17 frag@165.05 loss@116.06 frag@209.03 frag@155.07 frag@109.03 loss@248.13 frag@40.9 frag@176.98 loss@189.06 loss@234.0,0.1927871406 0.05864091218 0.05669818074 0.02291553281 0.01861383952 0.008794924244 0.005380074028 0.004354669247 0.002283041598 0.002187887905 0.001805734122 0.001694697887 0.001679346897 0.001667491742 0.001592702349 0.001572339097 0.001568671782 0.001476586331 0.001467035385 0.001398839988
73,loss@113.12 loss@99.1 frag@234.94 frag@252.95 loss@96.09 frag@159.01 loss@81.09 frag@223.98 frag@318.07 frag@179.06 loss@69.06 frag@187.05 frag@265.06 loss@95.11 frag@301.19 frag@225.07 frag@323.15 frag@145.0 frag@175.02 loss@253.07,0.1108387485 0.0904263407 0.06112200394 0.05035729706 0.03404051811 0.02629002556 0.02463714033 0.02339128777 0.01945761777 0.01878206059 0.01601774059 0.01507640257 0.0109866485 0.0102581894 0.01020828914 0.01016284805 0.01009512413 0.009687077254 0.009199616499 0.008506852202
74,frag@127.04 loss@294.1 loss@368.17 loss@364.14 frag@109.03 loss@215.01 frag@151.04 frag@97.03 loss@377.19 loss@445.16 frag@122.04 loss@194.13 frag@57.03 loss@125.04 loss@421.16 loss@277.07 loss@402.14 loss@244.56 loss@833.44 frag@99.04,0.3451906443 0.1583040804 0.03214501962 0.00603443291 0.005605877377 0.005161582958 0.005055864807 0.004946921952 0.004717411939 0.004340409767 0.004246477969 0.003880940378 0.003688997589 0.003321973141 0.003169076517 0.002793905092 0.002642409876 0.002611871576 0.002553355182 0.002459596843
75,loss@194.09 frag@93.06 frag@138.05 frag@110.99 frag@93.03 frag@123.03 loss@174.06 frag@97.04 frag@281.14 frag@122.1 frag@314.13 frag@231.12 frag@207.98 frag@147.05 frag@99.03 frag@136.11 frag@197.07 frag@123.06 frag@125.0 frag@243.12,0.2471855879 0.007352043875 0.007069167681 0.006960393395 0.006681795698 0.005644065328 0.005450850818 0.005292931572 0.005213026423 0.005159769673 0.004881571513 0.003943816293 0.003812088398 0.003400022164 0.003396949731 0.003333498258 0.003098746063 0.003023044672 0.003000114346 0.002944329288
76,loss@261.12 loss@284.08 frag@81.03 loss@269.03 loss@312.1 loss@160.96 loss@256.07 frag@57.99 loss@283.06 frag@93.03 loss@279.13 frag@198.94 frag@53.04 frag@243.16 frag@128.03 frag@347.02 frag@241.02 frag@101.02 frag@178.07 frag@170.12,0.07318320125 0.06930485368 0.04582315311 0.03276106343 0.03027361445 0.02991854399 0.02907633409 0.009915326722 0.009185196832 0.008300730027 0.006767936517 0.006589425262 0.006422245875 0.005559519865 0.005105033517 0.004957041703 0.004610197619 0.004315429367 0.004223824479 0.00407696981
77,frag@199.09 loss@242.06 frag@220.1 loss@133.11 frag@264.11 loss@327.11 loss@385.13 frag@189.05 loss@145.12 frag@195.01 frag@247.05 loss@88.1 loss@46.07 loss@150.07 frag@130.07 frag@170.06 frag@215.12 loss@302.16 frag@213.07 loss@208.18,0.1600032896 0.0690774098 0.06264360994 0.04369140044 0.03506723791 0.01488758158 0.01461690385 0.01089410484 0.008310418576 0.007585937623 0.007333120797 0.006288855802 0.005445001181 0.005368409678 0.004549818113 0.003572737798 0.00326915714 0.003168855794 0.003077190137 0.003007049672
78,loss@200.12 loss@263.12 frag@112.08 frag@84.08 frag@84.09 frag@127.09 loss@228.11 frag@82.06 frag@68.05 frag@101.02 frag@155.12 frag@57.07 frag@96.08 frag@126.09 frag@99.05 frag@67.06 frag@290.22 frag@141.1 frag@198.15 frag@191.05,0.2699516714 0.04968261346 0.02024688385 0.01687375642 0.01017025858 0.007878215052 0.007448786404 0.007199201267 0.00715831155 0.00687460741 0.006498061121 0.006066435017 0.005736419931 0.005695718341 0.005638411734 0.005637774244 0.005548939575 0.005542328581 0.005411625374 0.005238401238
79,frag@43.02 loss@349.09 loss@105.04 loss@80.05 loss@128.05 frag@97.06 loss@156.01 frag@67.05 loss@98.04 loss@421.16 loss@273.06 frag@79.02 loss@112.05 loss@248.02 frag@57.03 loss@115.04 frag@56.96 loss@171.0 loss@101.06 frag@87.04,0.3624953926 0.02496084385 0.0221596621 0.007696217392 0.004804736935 0.004668918904 0.004635978024 0.003779302584 0.003692200873 0.003657603171 0.003620228032 0.003395289183 0.003101893468 0.003089373 0.002943927655 0.002852449426 0.002734192647 0.002671052935 0.002647203626 0.00260356022
80,loss@277.14 loss@283.13 loss@309.14 loss@309.16 frag@151.08 frag@136.08 loss@297.15 frag@108.08 frag@100.1 loss@310.03 frag@310.17 frag@151.07 frag@243.16 frag@180.11 loss@263.19 frag@127.12 frag@181.11 loss@303.12 frag@351.09 frag@218.12,0.08140918612 0.04919835925 0.02270746231 0.0187071003 0.01604677923 0.01453257725 0.01432531048 0.007254126947 0.006502517033 0.006163613405 0.005388403777 0.005286761094 0.004990126006 0.004347622395 0.004310670774 0.004255229142 0.004093429539 0.004018029198 0.003827270819 0.003805828979
81,frag@123.07 frag@165.04 loss@216.06 loss@217.13 loss@255.08 frag@131.08 loss@209.03 loss@187.11 loss@194.12 loss@144.01 loss@272.08 frag@98.02 loss@180.07 loss@226.05 loss@267.12 loss@152.07 frag@122.06 loss@314.12 loss@191.08 loss@173.05,0.1997750849 0.08526143432 0.0351588428 0.01246907748 0.00779311033 0.006195924245 0.005400539376 0.005123490933 0.004177075811 0.004101478495 0.003635251196 0.003500099992 0.003458338324 0.003379374743 0.003105631564 0.003034492489 0.003005527426 0.002843754599 0.002682994353 0.002321704524
82,loss@156.13 frag@200.11 frag@112.09 loss@174.14 loss@236.19 frag@208.97 loss@182.14 frag@153.1 loss@210.17 frag@150.13 frag@83.09 frag@114.13 frag@96.08 frag@126.08 frag@249.07 frag@154.12 frag@166.06 frag@178.08 frag@140.11 loss@129.12,0.2292768806 0.08236790448 0.07983164489 0.04623538628 0.02626039833 0.02108146623 0.01156330109 0.008453295566 0.007435310632 0.006535820663 0.005552658346 0.004826831166 0.004639734048 0.004042246379 0.00386910839 0.003787998343 0.003693501232 0.003466280643 0.003413650673 0.003255723976
83,frag@174.06 frag@204.07 loss@173.11 loss@161.11 loss@282.06 frag@176.07 loss@245.1 loss@252.97 loss@149.11 loss@131.09 frag@158.06 loss@177.1 frag@130.06 frag@157.09 loss@131.1 loss@174.07 loss@296.06 frag@213.1 frag@182.1 loss@117.08,0.1580815315 0.1392332017 0.1384144872 0.043196816 0.03143687546 0.02485031076 0.01307545789 0.01032529119 0.007001528982 0.006291993894 0.004576941952 0.004500035662 0.004354700446 0.004296859726 0.004236426204 0.004111445509 0.004039682448 0.003864974249 0.003592681605 0.003330398118
84,frag@162.0 loss@268.12 loss@257.06 frag@157.0 frag@313.12 loss@153.06 frag@180.12 frag@140.14 frag@220.11 frag@156.98 loss@216.13 frag@137.04 frag@127.09 frag@162.06 frag@198.08 frag@217.06 frag@84.06 frag@59.03 loss@129.15 loss@199.12,0.1400670856 0.07953579724 0.04751532525 0.02182289585 0.01957537234 0.007917479612 0.006940903142 0.006803927943 0.005258402321 0.004983918741 0.004396811593 0.003494809847 0.003374820109 0.003238886362 0.003199200612 0.003070687642 0.003035655478 0.002898336621 0.002780190436 0.002697207499
85,frag@109.04 frag@127.05 frag@137.07 loss@192.07 loss@222.12 loss@165.12 loss@172.03 loss@194.07 loss@151.08 loss@216.07 loss@248.08 loss@281.12 loss@337.15 loss@214.08 loss@340.11 loss@302.07 loss@202.97 loss@254.16 frag@97.04 loss@207.08,0.2796214521 0.06011845544 0.05092634633 0.03761823848 0.02910798788 0.02800414711 0.02663434856 0.01897902787 0.01178127807 0.01163683925 0.01033308543 0.01018269919 0.009317127988 0.008571708575 0.008482216857 0.007639351767 0.007408297621 0.006756269373 0.006343760993 0.005856673699
86,frag@140.03 frag@138.01 frag@152.03 loss@129.04 loss@225.07 loss@107.02 loss@157.03 loss@181.12 loss@205.08 loss@216.02 loss@230.04 loss@100.02 frag@179.05 loss@200.02 loss@102.03 frag@150.01 frag@132.96 frag@77.0 loss@86.01 loss@155.01,0.203218475 0.05930842459 0.006359368097 0.006043875124 0.00533338869 0.004497727845 0.00437675789 0.004273134284 0.00366979721 0.003469317453 0.00339228916 0.003240747377 0.003086683573 0.002813772764 0.00263158395 0.002613280434 0.002576755127 0.002527212957 0.002355745295 0.002122281585
87,loss@28.03 loss@46.04 frag@229.09 frag@218.08 frag@293.13 frag@342.1 frag@272.13 frag@239.02 frag@282.14 loss@74.04 frag@305.07 frag@306.17 frag@321.14 frag@246.1 frag@72.98 loss@87.04 frag@288.04 loss@97.1 loss@129.99 frag@384.11,0.1649488509 0.1344792545 0.04332839698 0.02150294743 0.02121624164 0.01710274629 0.01681463048 0.01135944296 0.00896263402 0.006299866363 0.005954203662 0.00581156509 0.005487723742 0.005452368408 0.005408892874 0.00508968858 0.004921116401 0.004110085778 0.003867314663 0.003829724388
88,frag@130.07 frag@157.08 frag@173.07 loss@319.11 frag@171.09 frag@201.07 frag@158.08 loss@174.08 frag@144.07 frag@158.06 loss@173.1 loss@95.04 loss@220.08 loss@168.06 frag@199.09 loss@255.15 frag@185.07 frag@146.06 loss@160.1 frag@159.09,0.07339883596 0.0629318133 0.06209947541 0.03481447697 0.02649339847 0.02641005255 0.02285268344 0.01193676423 0.008592129685 0.008107570931 0.008046577685 0.007808100898 0.007618506905 0.007348338142 0.007340034004 0.006970831659 0.00680798851 0.006768950261 0.0067428248 0.006598806009
89,frag@141.05 loss@267.09 frag@57.99 loss@287.15 frag@114.04 loss@220.09 frag@115.03 frag@171.02 loss@277.09 frag@309.16 frag@144.07 frag@220.05 loss@287.04 loss@251.06 loss@262.06 loss@247.1 frag@133.09 loss@225.14 loss@170.04 loss@171.05,0.2685954273 0.1545880735 0.005543800071 0.005460731685 0.004963784479 0.004256421234 0.004150128923 0.003743380541 0.003631391097 0.003034248482 0.002692538779 0.002456048271 0.002441245131 0.002351500327 0.002156154718 0.00204389682 0.002013323829 0.002008032985 0.001946057426 0.001944100484
90,loss@158.08 frag@251.1 frag@127.99 frag@201.07 frag@144.07 loss@133.02 frag@158.08 loss@186.1 loss@161.11 frag@134.08 frag@171.09 frag@157.08 frag@209.04 loss@145.05 frag@71.03 frag@174.06 frag@169.08 loss@144.07 frag@185.07 frag@226.0,0.2437902242 0.08471194655 0.02005401067 0.01658381708 0.01054639276 0.009310091846 0.00474487897 0.004511788953 0.004371190909 0.004160089884 0.004093066789 0.003940386232 0.003795179306 0.003740389831 0.003592864145 0.00354016223 0.003424186958 0.003106923075 0.003040437587 0.002932390664
91,loss@157.07 frag@100.02 loss@155.06 loss@128.05 frag@55.02 frag@188.9 frag@123.09 frag@67.04 frag@56.05 frag@112.08 frag@58.03 loss@339.11 frag@41.04 frag@157.96 frag@57.07 frag@136.07 loss@144.08 frag@169.02 frag@84.09 loss@171.0,0.2463556826 0.1408235431 0.07100045681 0.02019780129 0.0197783988 0.01818432845 0.0163508486 0.01532908343 0.01003633253 0.007711660117 0.006210656371 0.005269630346 0.005121859722 0.005002006888 0.004355644342 0.004347078968 0.004212982953 0.003851164598 0.003569666529 0.003433452686
92,loss@126.12 frag@208.09 frag@195.12 frag@247.11 loss@270.16 loss@316.13 frag@206.04 frag@239.11 loss@333.09 frag@181.1 frag@224.16 frag@191.11 loss@133.08 loss@166.05 frag@195.08 frag@329.19 loss@115.1 loss@352.21 frag@169.1 frag@309.2,0.156604737 0.09838309139 0.04571513459 0.03902935982 0.03818557411 0.03801030293 0.03732192516 0.02223272249 0.01607020199 0.01031851955 0.008862453513 0.006994822528 0.006314174738 0.006179523654 0.004885972477 0.004568517208 0.004421835765 0.004025087226 0.003883789526 0.003718055319
93,frag@142.04 loss@234.16 loss@167.98 loss@223.01 loss@290.07 loss@210.09 frag@212.08 frag@158.0 loss@397.09 frag@377.07 frag@305.03 loss@227.1 loss@259.12 loss@171.05 frag@111.05 frag@172.1 frag@231.13 frag@98.03 frag@218.06 loss@161.07,0.3052377105 0.121629253 0.01876991801 0.01639950834 0.01594455168 0.00847417023 0.007649099454 0.007331914734 0.006493865512 0.006032241974 0.005240385421 0.00520573277 0.004905053414 0.004691954236 0.004452106077 0.003705548123 0.003699502908 0.003138495376 0.002973460592 0.002768772887
94,loss@125.08 frag@260.14 frag@257.09 frag@197.12 frag@344.21 frag@293.97 loss@143.09 frag@176.13 frag@126.09 frag@67.06 frag@154.16 frag@345.19 frag@155.12 frag@73.04 frag@213.0 frag@181.1 frag@176.05 frag@233.14 frag@135.0 frag@125.11,0.3458125889 0.01058849506 0.007367602549 0.006606100593 0.004273520783 0.004229980987 0.003793615149 0.003755910089 0.003595323768 0.003398218891 0.00272515812 0.002704133978 0.002689919202 0.002664308064 0.002645795001 0.002531058853 0.002478807233 0.002457674127 0.002438338008 0.002412629081
95,loss@169.03 loss@197.02 loss@212.05 frag@125.01 frag@139.03 frag@160.11 frag@125.02 frag@75.03 loss@141.03 frag@163.02 frag@84.99 frag@190.05 loss@197.03 frag@292.13 frag@141.03 frag@220.13 frag@240.12 frag@129.02 frag@303.09 frag@145.09,0.2047082037 0.06197829172 0.04457709566 0.01262023579 0.01133222412 0.009190493263 0.008784092963 0.008412177674 0.00837271288 0.007138369605 0.007020877674 0.006420110352 0.006129347254 0.00561184017 0.005490930285 0.005107297562 0.004793720786 0.004523736425 0.0045019635 0.00438873237
96,loss@202.13 frag@217.14 loss@227.13 loss@199.14 frag@67.06 frag@171.01 frag@188.13 frag@129.1 frag@55.02 frag@166.09 frag@174.03 frag@57.03 frag@101.02 frag@279.16 frag@172.09 frag@67.05 frag@87.04 frag@130.97 frag@83.09 frag@183.06,0.1550285816 0.06908050179 0.02739456296 0.02049099654 0.007187322713 0.00562759256 0.005172010977 0.005143371411 0.004446195904 0.00325772143 0.003197709098 0.002996461932 0.002832093509 0.002704773331 0.002494340995 0.002445037011 0.002331545809 0.002284817165 0.002266609808 0.002250590594
97,frag@206.08 loss@141.04 loss@111.03 loss@143.05 frag@228.03 loss@93.02 frag@156.01 frag@348.09 frag@345.12 frag@205.08 frag@77.0 loss@112.02 loss@101.05 loss@556.18 frag@184.06 frag@63.02 frag@167.04 loss@96.02 frag@151.01 frag@319.07,0.1527869999 0.1287736744 0.109762691 0.04907052219 0.04876087233 0.02740105428 0.01732530631 0.007656318136 0.006921862718 0.005204215646 0.004198814277 0.003835730022 0.003729282646 0.003442333778 0.003270470304 0.003144014161 0.002946334193 0.002721777186 0.002575525548 0.002525714226
98,frag@167.08 loss@143.03 loss@250.12 frag@278.13 frag@208.05 loss@50.04 loss@133.1 loss@218.17 loss@110.12 loss@133.05 loss@382.11 frag@185.09 frag@212.04 loss@151.1 loss@226.0 loss@326.12 loss@249.12 frag@149.07 frag@167.09 loss@135.07,0.2850544751 0.09174324572 0.07424161583 0.05185942724 0.03516143188 0.01862723753 0.01822435856 0.01179763116 0.008347180672 0.008256702684 0.007050508168 0.004599249922 0.004462249577 0.004145240877 0.003913902212 0.003735667095 0.003200094216 0.003119355999 0.003014214104 0.002945599146
99,loss@161.08 frag@134.1 frag@329.08 frag@119.07 frag@129.07 frag@146.06 frag@147.07 frag@308.14 frag@174.09 frag@117.07 frag@145.09 frag@141.08 loss@182.02 frag@223.01 frag@162.09 frag@351.18 frag@122.1 frag@145.06 loss@170.02 frag@141.07,0.3031235933 0.1327572912 0.02353553846 0.01435490325 0.01261856407 0.0124613652 0.01079586614 0.009462474845 0.009097231552 0.008327446878 0.007568882313 0.007311224937 0.006333303638 0.006210008636 0.006082031876 0.00590780098 0.005864619743 0.005560946651 0.005474012811 0.004799366463
100,frag@165.05 frag@122.04 loss@236.1 loss@208.11 frag@150.03 loss@299.05 loss@238.12 loss@297.05 frag@155.07 frag@137.06 loss@196.07 loss@299.04 loss@324.18 loss@218.09 loss@208.15 frag@151.04 frag@113.04 loss@223.12 loss@252.1 frag@123.04,0.2623768151 0.0761526078 0.06541962922 0.03227126598 0.01713918336 0.01258266997 0.01092805713 0.01045967545 0.01028376911 0.006898828316 0.005532817449 0.004918491468 0.004875790793 0.004367809743 0.003893160727 0.003843383165 0.003208280774 0.003068070626 0.003048343351 0.002634751843
101,frag@141.02 loss@130.07 loss@188.15 loss@158.07 frag@195.99 loss@311.12 loss@112.09 loss@154.06 frag@131.03 loss@64.02 frag@115.04 loss@563.19 frag@155.07 loss@198.06 frag@145.09 loss@191.1 loss@248.02 frag@47.9 loss@341.1 loss@96.06,0.3278702796 0.2021132708 0.0492725186 0.004846762866 0.00395671837 0.00281035807 0.002664997475 0.002438852331 0.00218594633 0.00218105875 0.002164744539 0.002075811848 0.001972824801 0.001705914736 0.00163291092 0.001602476696 0.001599474228 0.001594386529 0.001581799006 0.001549930312
102,frag@231.05 frag@286.11 loss@367.11 loss@365.14 frag@204.07 frag@176.11 loss@227.13 loss@164.02 loss@110.07 loss@325.12 frag@264.07 frag@172.08 loss@164.04 loss@191.04 loss@94.03 loss@157.08 loss@196.04 loss@306.12 loss@203.02 loss@158.1,0.1016521454 0.04665426165 0.01573826 0.01324644964 0.007233513054 0.00572925387 0.004602032248 0.004052193835 0.003452767385 0.003149922239 0.002701633843 0.002679962898 0.002676541451 0.002671638737 0.002603842178 0.002535467967 0.002377485391 0.002191826934 0.002058637328 0.001961992355
103,loss@315.16 frag@172.99 frag@101.01 loss@195.01 loss@237.18 loss@261.04 loss@331.19 frag@165.05 frag@301.04 loss@329.15 loss@254.17 frag@183.1 frag@153.08 loss@357.13 frag@46.13 frag@413.16 loss@198.97 loss@334.11 frag@188.03 loss@356.17,0.0561648421 0.0493311137 0.03966199607 0.03859851137 0.03571018204 0.0314813517 0.02770771272 0.01649394631 0.01238607336 0.01166482083 0.01049525011 0.008637126535 0.007621524855 0.006747720297 0.006662955973 0.006008194759 0.005755810998 0.0057368665 0.005536674056 0.005420595873
104,frag@151.09 frag@191.08 loss@152.09 frag@134.08 loss@338.13 loss@202.01 loss@192.09 loss@226.99 loss@107.06 frag@245.13 loss@124.1 loss@293.16 frag@282.12 loss@321.1 loss@120.06 loss@158.08 loss@253.02 loss@161.06 loss@159.09 loss@205.03,0.1423868388 0.1137606204 0.08441399783 0.05842786282 0.02685534395 0.02477573976 0.02161058784 0.01769762859 0.01686276495 0.01511825994 0.0145630464 0.01289310399 0.006892699283 0.006661867723 0.005818148144 0.005626899656 0.005412756 0.004947942216 0.004078330472 0.003917751834
105,frag@222.1 loss@333.12 frag@194.07 frag@226.12 frag@205.09 frag@230.04 loss@156.06 loss@373.1 loss@223.99 loss@365.15 loss@288.96 frag@202.05 frag@259.09 loss@385.14 frag@275.07 loss@122.0 loss@297.02 loss@387.14 loss@245.1 loss@328.07,0.07619513571 0.06832413375 0.0427845791 0.03155345097 0.03060520627 0.02097673528 0.01988376118 0.01782355085 0.01381226443 0.01299436763 0.009895563126 0.009281298146 0.009000268765 0.008384522982 0.008367041126 0.007291897666 0.00704778824 0.006050865632 0.005601678509 0.005502019543
106,frag@170.1 frag@198.09 frag@169.09 frag@155.07 loss@118.09 loss@297.02 frag@355.2 frag@222.13 loss@102.06 loss@213.14 loss@237.22 loss@143.07 loss@293.02 frag@184.08 loss@173.02 frag@158.1 loss@167.09 loss@330.07 frag@154.06 loss@0.03,0.1500817686 0.08640313148 0.04205698892 0.02808155306 0.02688333206 0.0226089973 0.01017135754 0.006221238058 0.003940447234 0.003800054779 0.003665749682 0.003281054553 0.003212462412 0.003192905802 0.002735787537 0.002682554536 0.002572170459 0.002438172931 0.002359131118 0.002332276432
107,loss@191.06 loss@205.06 loss@273.08 loss@191.04 frag@209.02 frag@286.05 frag@136.03 loss@291.09 frag@384.2 frag@292.13 frag@161.08 frag@98.04 frag@143.05 frag@131.04 frag@225.1 frag@285.12 frag@270.04 frag@246.09 frag@329.12 loss@171.03,0.1794503033 0.04122525826 0.02971258946 0.02792551927 0.01491213497 0.01085101347 0.01074546017 0.01028197724 0.008997672237 0.007721906528 0.007448804099 0.005622062366 0.00529904943 0.004473691341 0.004339057952 0.004164534155 0.004119408783 0.004098434467 0.004086380824 0.003958179615
108,loss@204.08 loss@248.09 frag@176.11 frag@133.06 frag@187.98 frag@157.06 frag@123.05 frag@173.95 frag@160.11 frag@162.07 frag@146.07 frag@121.03 frag@161.06 frag@239.21 frag@246.06 frag@123.06 frag@106.06 frag@244.13 frag@385.13 frag@161.04,0.2143079638 0.06206149608 0.01336762775 0.009862218983 0.008095123805 0.007992664352 0.006179254036 0.005963164382 0.005827747285 0.005268929526 0.004823387135 0.004667681176 0.00449955184 0.004363428801 0.004326083697 0.004256043583 0.003998470958 0.003709177487 0.003564126091 0.003377772868
109,frag@46.07 frag@238.07 frag@269.04 loss@222.08 frag@231.0 frag@174.96 loss@244.07 loss@105.06 loss@181.07 frag@286.05 frag@216.09 loss@226.05 loss@276.1 loss@132.09 loss@306.14 frag@341.19 loss@273.05 loss@97.03 frag@215.03 frag@211.12,0.1026980281 0.05890024081 0.04747297987 0.01196623221 0.006768325344 0.004620703869 0.004533015657 0.004033158999 0.003950721584 0.003830498783 0.00316466135 0.00278316508 0.002415149473 0.002397463191 0.00232180045 0.002219614573 0.002216364024 0.002108077286 0.002082374645 0.002053037053
110,frag@101.03 loss@281.06 loss@340.1 frag@206.07 loss@146.14 frag@170.04 loss@204.0 frag@174.02 frag@127.06 loss@291.13 frag@155.94 loss@168.08 frag@218.06 frag@194.99 frag@193.11 loss@280.09 loss@356.15 frag@309.16 frag@343.19 frag@98.03,0.123210378 0.09099932015 0.07855172455 0.03619266674 0.01277384441 0.007417561952 0.004019282758 0.003938832786 0.003617070848 0.003469838062 0.003160476917 0.003029640531 0.002735004527 0.002370946808 0.002356873592 0.002246838994 0.002178101335 0.001938508125 0.001935322653 0.001869943575
111,frag@175.05 loss@165.13 loss@140.09 frag@175.07 loss@174.12 frag@206.05 frag@192.05 loss@202.15 frag@178.04 loss@183.0 loss@164.09 frag@176.09 loss@250.17 loss@225.09 loss@183.1 loss@175.09 frag@329.12 frag@396.17 frag@198.99 frag@267.13,0.2153234035 0.1330000162 0.04572424665 0.04025547579 0.03810637817 0.03495645523 0.0182615146 0.01119934488 0.006902449764 0.004362079315 0.003736359533 0.003522495972 0.003013879061 0.002867116826 0.002841363894 0.002801066032 0.002792129992 0.002661112463 0.002572956728 0.002506883815
112,frag@69.04 loss@175.08 frag@176.05 loss@173.07 frag@191.12 loss@197.04 frag@142.02 loss@261.1 loss@193.05 loss@180.02 frag@115.01 loss@145.06 frag@164.09 loss@199.01 loss@214.12 loss@286.02 frag@82.03 loss@100.04 loss@234.2 loss@146.1,0.1983107477 0.06793113798 0.06787648797 0.05692148209 0.03153240308 0.02875573561 0.02177061141 0.02154668607 0.01558158919 0.0126942629 0.0109993685 0.008355938829 0.008036235347 0.007342064288 0.006951339543 0.006511709653 0.006473982707 0.00628807256 0.006104148924 0.006078965031
113,frag@175.09 loss@190.06 frag@133.04 loss@216.08 loss@180.01 frag@177.04 loss@151.01 loss@130.15 frag@253.1 loss@213.05 loss@197.01 frag@104.05 frag@187.09 frag@308.14 loss@399.2 frag@147.06 loss@108.06 frag@131.06 loss@164.03 loss@204.05,0.1431034207 0.1263057441 0.1169238761 0.07530079782 0.06594098359 0.05543874204 0.02827762999 0.02253547683 0.01309453417 0.01037456281 0.009266356938 0.009108615108 0.008436111733 0.008167690597 0.005792675074 0.005693338346 0.005621375516 0.004689451307 0.004627943039 0.004558823537
114,loss@190.04 frag@261.09 loss@132.08 loss@136.07 loss@104.08 loss@224.16 loss@55.04 frag@115.05 frag@233.12 frag@83.01 frag@292.12 frag@233.1 frag@143.05 frag@246.09 frag@117.07 frag@263.18 frag@130.08 loss@178.04 frag@91.04 frag@207.05,0.1017372608 0.06713376939 0.05368815735 0.05319020152 0.03575811908 0.03340046108 0.02462905832 0.01633372717 0.01432312001 0.01359417476 0.01309617516 0.01012032572 0.009667876177 0.009025134146 0.008986255154 0.008326182142 0.007522659376 0.007288665511 0.00639881473 0.006193780806
115,loss@242.07 frag@347.19 frag@55.02 frag@109.01 frag@124.04 frag@53.04 frag@206.06 frag@149.04 frag@247.14 frag@272.18 frag@110.05 frag@99.03 frag@93.03 frag@109.03 frag@124.06 frag@141.02 frag@65.04 frag@323.08 frag@101.02 frag@213.96,0.2028520107 0.008469714783 0.007181901485 0.005608792417 0.004966194276 0.004354279954 0.004311229102 0.004193474539 0.003869448788 0.003719303757 0.003604553174 0.003383946605 0.003314696485 0.003238186473 0.003218505299 0.003001172794 0.002875342034 0.002814069157 0.002734591952 0.002706171246
116,loss@160.12 frag@308.06 frag@304.16 loss@188.12 frag@231.11 frag@151.05 frag@178.08 frag@239.21 frag@159.04 frag@140.14 frag@206.08 frag@177.08 frag@205.02 frag@353.07 loss@198.14 frag@183.95 loss@199.14 frag@144.14 frag@179.09 frag@201.08,0.2466323078 0.08834985644 0.03408097848 0.02791312709 0.006282400806 0.004089703318 0.003958264831 0.003434581682 0.003041598946 0.003003181657 0.002973349765 0.002949544229 0.002546970267 0.002534209983 0.002414211631 0.002405950101 0.002242552349 0.00215718546 0.002048994182 0.002041833242
117,frag@113.01 loss@217.08 frag@141.0 frag@85.01 frag@160.97 loss@282.07 loss@134.02 loss@180.05 loss@249.06 frag@206.06 loss@237.06 loss@226.06 loss@226.08 frag@114.04 frag@279.09 loss@153.02 frag@247.14 loss@337.08 loss@201.03 loss@194.06,0.1649848223 0.1265840083 0.1141092554 0.05106480047 0.008265045471 0.007971353829 0.007482790388 0.004951209296 0.004797780886 0.003833932802 0.003211411182 0.003194948891 0.003098346293 0.002976187039 0.002675931901 0.002618788742 0.002597416751 0.002470362 0.002394631971 0.002354505938
118,frag@181.06 loss@123.04 loss@259.11 loss@169.04 loss@125.1 loss@141.1 frag@153.07 loss@232.06 loss@91.95 loss@192.08 loss@277.18 loss@283.1 loss@291.13 loss@221.16 loss@261.2 loss@309.18 loss@235.05 loss@253.07 loss@244.07 loss@189.03,0.3854719102 0.01366044208 0.01182447281 0.008873794228 0.005854652263 0.005308210384 0.004784071818 0.003826261731 0.003773267381 0.003451674711 0.003384120995 0.002966764383 0.002939412603 0.00280484464 0.002710694214 0.002544184448 0.002447082195 0.002393401228 0.002371703042 0.002370778006
119,frag@105.07 frag@133.06 frag@135.08 frag@79.05 loss@207.09 loss@192.06 loss@239.13 loss@213.06 loss@225.08 frag@103.05 loss@225.06 frag@105.08 loss@221.03 loss@228.06 loss@182.04 loss@279.07 loss@225.04 loss@167.1 loss@204.1 loss@245.08,0.241359815 0.04856359959 0.04300363362 0.03774001449 0.02326797321 0.02204653062 0.01804447919 0.01573771238 0.01542387344 0.01485987194 0.01253569312 0.01202305127 0.01063219085 0.01057031751 0.01037617493 0.009638969786 0.008825834841 0.008616633713 0.00857780315 0.007596788462
120,frag@190.12 loss@235.12 loss@270.13 loss@279.15 frag@87.07 frag@84.08 frag@84.09 frag@138.05 loss@268.04 frag@83.09 frag@237.02 frag@85.06 loss@288.13 loss@265.13 frag@203.07 frag@123.09 loss@196.13 frag@327.08 loss@134.11 frag@129.1,0.1850504279 0.1111030206 0.03802470863 0.03562646359 0.01322717592 0.009411438368 0.009076313116 0.006768246181 0.0066843112 0.006533953827 0.00650658831 0.005083960481 0.0043461686 0.003791169729 0.003678554203 0.003412482329 0.003282700665 0.003011509078 0.002952731913 0.002943727886
121,loss@185.11 frag@67.05 frag@43.02 frag@55.02 frag@93.03 frag@156.14 frag@355.2 frag@67.06 frag@45.03 frag@102.09 frag@112.08 frag@141.02 frag@100.04 frag@81.07 frag@97.06 frag@160.11 frag@191.11 frag@85.06 frag@69.03 frag@58.03,0.2832730412 0.02034021728 0.01310675777 0.01260471251 0.01137962937 0.01014018338 0.009432231076 0.00807931833 0.007356264628 0.006376193371 0.006103025284 0.006067764014 0.006040601525 0.00570808677 0.005295841023 0.005118597299 0.004759216681 0.003824832849 0.003458222607 0.003458207706
122,frag@187.02 loss@124.08 loss@67.08 frag@256.05 loss@152.07 frag@329.11 frag@243.04 frag@310.13 loss@188.14 loss@138.14 frag@222.07 loss@407.15 loss@158.06 loss@166.09 frag@300.18 loss@207.04 loss@2.0 loss@135.07 frag@209.09 frag@256.04,0.1172876284 0.06959220767 0.06105424464 0.04073056206 0.02520739287 0.0198007077 0.01595814526 0.01214453205 0.009094036184 0.00464919582 0.004282703158 0.003962391987 0.003869614331 0.003750501433 0.003640823765 0.003439473454 0.003420382272 0.003275384894 0.003155692713 0.003121278249
123,loss@234.09 frag@149.04 loss@264.1 frag@169.0 frag@103.02 frag@163.99 loss@202.12 loss@179.0 frag@219.12 frag@57.99 frag@111.03 frag@149.02 loss@225.97 frag@162.07 loss@283.08 frag@132.06 frag@150.07 loss@246.09 frag@113.01 frag@93.03,0.1283011436 0.1219339892 0.06185993552 0.01886181906 0.01712516695 0.009776646271 0.009097183123 0.008496535011 0.00663148798 0.005735400133 0.00523669878 0.004845201038 0.004799558315 0.004649728071 0.004451339599 0.003563434817 0.003518352751 0.003504063934 0.0034498116 0.003115010681
124,frag@99.05 loss@329.17 frag@182.01 frag@191.15 loss@180.15 frag@86.06 frag@82.03 loss@275.17 loss@279.16 frag@116.07 frag@176.98 frag@74.06 frag@85.08 frag@110.1 frag@131.08 loss@252.15 frag@84.04 loss@226.17 frag@188.13 loss@257.09,0.1446870118 0.0686660409 0.02293302678 0.01404907368 0.01320749987 0.007172314916 0.006599088665 0.006042069755 0.003732633311 0.003158023581 0.003134217346 0.002900967142 0.002891659969 0.002615463221 0.002368045738 0.002335279481 0.002320845611 0.002194638597 0.001963885035 0.001881120959
125,loss@125.1 loss@142.03 frag@138.0 frag@448.16 frag@154.08 frag@152.05 frag@187.1 frag@384.2 frag@212.08 frag@189.0 frag@181.06 frag@291.11 frag@250.06 frag@192.06 frag@152.08 frag@203.0 loss@167.03 frag@396.17 frag@136.01 frag@224.97,0.2036353797 0.10437949 0.09946038574 0.01507689152 0.007085578516 0.005024557468 0.005007307511 0.004043037537 0.003762729233 0.003610136453 0.003131075064 0.003082101233 0.003069401719 0.002809655387 0.002711425535 0.002399152843 0.002384801628 0.002358508995 0.002167945961 0.002129473723
126,loss@147.07 loss@163.07 frag@147.07 loss@150.06 frag@148.08 frag@141.08 frag@251.15 frag@239.15 frag@187.1 loss@148.08 frag@176.07 frag@191.08 frag@177.08 frag@231.11 frag@245.09 frag@212.08 frag@225.14 frag@191.12 frag@162.09 frag@148.09,0.1447704285 0.1112438217 0.1000734642 0.04352296889 0.02008651569 0.0106025748 0.01032881998 0.009579888545 0.008924322203 0.008808317594 0.007738349494 0.007419713773 0.007121481001 0.006611330435 0.006406100467 0.006403455511 0.006179074291 0.005785484333 0.005368539132 0.004752004985
127,frag@81.07 frag@79.05 frag@67.05 loss@224.15 loss@210.13 frag@93.07 loss@281.14 frag@109.06 loss@239.16 loss@208.02 loss@181.11 loss@266.15 frag@95.09 loss@190.14 loss@265.15 loss@237.14 loss@253.15 loss@229.11 loss@290.17 loss@314.13,0.1914617717 0.1583785415 0.02535265312 0.02465040982 0.0240868926 0.02021877654 0.01314603258 0.01116970275 0.01084936224 0.01050854474 0.01016601641 0.009832617827 0.009340748191 0.008550681174 0.008291858248 0.007891581394 0.006815974601 0.006786650978 0.006534107029 0.0063835904
128,frag@138.99 loss@204.14 frag@129.01 frag@139.01 loss@308.13 loss@278.18 loss@213.18 loss@155.01 loss@129.13 loss@167.01 loss@177.04 loss@301.13 loss@141.03 loss@298.18 loss@201.02 loss@318.1 loss@170.06 loss@218.98 loss@226.09 loss@210.07,0.2866744995 0.0915595144 0.06295692176 0.05547298118 0.02820296027 0.01755783707 0.01726267114 0.01652720571 0.01068431418 0.007338118739 0.006916997954 0.00643901946 0.006246761419 0.004036837257 0.003918841016 0.003560035722 0.003309120424 0.002872551326 0.002857225249 0.002821202623
129,loss@117.06 frag@197.06 frag@298.14 frag@211.04 frag@264.16 frag@210.13 frag@347.15 loss@155.12 loss@81.05 loss@164.05 frag@169.06 loss@45.02 frag@298.16 frag@299.14 frag@331.13 frag@179.05 frag@346.12 frag@123.01 frag@337.15 loss@135.07,0.3206712306 0.2040014118 0.02578331158 0.01567079499 0.01078313496 0.004974559881 0.004802274518 0.004474743269 0.003977995366 0.003849585075 0.003741514869 0.00283689308 0.00264269975 0.002540111076 0.002486787969 0.001872914727 0.001769873081 0.001737774583 0.001676924294 0.001663130126
130,frag@149.02 loss@165.04 frag@149.03 loss@167.14 loss@206.03 loss@289.13 loss@180.14 loss@148.02 loss@350.13 loss@219.05 loss@292.01 loss@181.07 loss@166.03 loss@252.06 frag@124.02 loss@255.06 frag@109.01 frag@93.03 loss@230.95 frag@175.03,0.2867141366 0.1183943599 0.06789177656 0.02670615353 0.02528979629 0.02067477442 0.01574520022 0.01292580925 0.008157407865 0.005596680567 0.005312315188 0.003289999673 0.003251696238 0.003238228383 0.003223252483 0.003074438078 0.002993757371 0.002641932573 0.002385712229 0.002366317669
131,frag@217.1 loss@146.08 loss@156.1 loss@173.09 loss@263.14 frag@189.07 frag@292.07 loss@93.04 frag@171.05 frag@239.08 loss@271.1 frag@308.14 frag@208.07 frag@168.06 frag@145.09 loss@226.09 loss@293.09 frag@178.01 frag@218.03 frag@120.07,0.2103756964 0.09363395721 0.04821403697 0.04005753621 0.02921998315 0.005866506603 0.005372661166 0.005292905029 0.005012847483 0.00463434495 0.004201624542 0.003589711385 0.003414867911 0.003355107969 0.003344591008 0.003238223027 0.003193606157 0.003084526164 0.003003536724 0.002922447864
132,loss@115.1 loss@73.09 frag@219.09 frag@191.09 loss@91.1 frag@116.11 loss@211.16 frag@291.05 frag@216.95 frag@248.09 frag@74.1 frag@181.13 loss@246.12 loss@128.1 loss@59.07 loss@128.11 frag@232.11 frag@258.11 frag@153.98 frag@309.2,0.08219627291 0.05096348003 0.0303426329 0.02867946029 0.02386765741 0.01712574437 0.01690802164 0.01431944221 0.01371175889 0.01249881461 0.01125737373 0.01009637769 0.008965912275 0.008692363277 0.008685776033 0.007819521241 0.006943342276 0.006710824557 0.006709531415 0.006520141382
133,frag@147.09 frag@132.07 loss@238.07 frag@145.08 frag@146.08 frag@133.08 loss@256.08 loss@177.01 loss@183.02 loss@262.99 frag@131.06 loss@197.05 loss@146.08 loss@199.07 frag@121.08 loss@189.09 loss@313.11 loss@308.07 frag@120.06 loss@185.04,0.2048072368 0.05120620504 0.02396046743 0.01349437796 0.01315132994 0.01162303239 0.009289241396 0.007690676954 0.007445701398 0.006566144526 0.006430345122 0.006250225939 0.005697485525 0.004076173995 0.003864933737 0.003818803001 0.003733536694 0.003633905202 0.003507588292 0.003436131403
134,frag@138.04 loss@134.05 loss@111.04 loss@174.01 frag@152.98 frag@184.04 frag@135.02 loss@165.04 frag@204.11 frag@84.05 loss@235.05 frag@170.03 loss@187.05 loss@180.07 loss@182.03 loss@193.13 loss@190.11 frag@173.05 frag@316.01 frag@140.02,0.2966625094 0.1678757668 0.03297269344 0.01765505597 0.01078092773 0.007514919154 0.006684997119 0.006269900594 0.005243534688 0.004882769659 0.00361213088 0.003451739671 0.003205017885 0.003130340483 0.003059693146 0.002933028154 0.002917042933 0.002877098974 0.002752528759 0.002733822213
135,frag@65.04 loss@112.03 frag@90.03 frag@118.05 loss@85.02 loss@100.03 loss@71.0 frag@51.02 frag@93.04 frag@63.02 loss@114.04 loss@98.01 loss@67.01 loss@109.03 loss@99.03 frag@92.05 loss@124.03 loss@113.02 frag@117.04 loss@27.01,0.1270855665 0.04693921655 0.03466783464 0.02590386569 0.02577208169 0.02339442261 0.02291849256 0.02105103806 0.019732669 0.01919225045 0.0189948976 0.01783476584 0.01751972549 0.01597577892 0.01539310161 0.01402237266 0.01341031119 0.01270702109 0.01212700084 0.01043066382
136,frag@162.06 loss@213.99 frag@104.02 loss@279.02 frag@196.03 loss@184.13 loss@232.07 loss@111.14 loss@222.08 loss@248.13 loss@234.17 loss@241.11 loss@214.0 loss@186.14 loss@167.06 frag@84.06 loss@276.15 loss@298.1 loss@271.19 frag@176.11,0.2851168215 0.0149144493 0.009489683434 0.006382262334 0.003041955177 0.002059049904 0.00204497925 0.002006947063 0.001831783098 0.001817404991 0.001775213284 0.001634046086 0.001589543768 0.001564687467 0.00154450757 0.00149723643 0.001475058263 0.001468185103 0.001408710377 0.001403278322
137,frag@191.03 frag@163.03 loss@148.02 frag@122.01 loss@111.14 loss@190.02 loss@177.97 loss@138.04 loss@240.04 frag@155.07 loss@178.08 loss@234.17 loss@168.04 loss@164.04 loss@146.07 loss@191.05 loss@179.0 frag@308.12 frag@109.01 loss@155.03,0.2694751024 0.06576420367 0.04707602784 0.02922326699 0.02822198905 0.01680297405 0.009478689171 0.006161116995 0.005862669088 0.005709253252 0.005540823564 0.005029132124 0.004539743531 0.004450030625 0.002891534474 0.00282539404 0.002611040836 0.002439929638 0.002375342883 0.002297556028
138,loss@193.07 loss@203.09 frag@204.05 frag@215.12 frag@302.22 frag@229.12 frag@70.99 frag@256.14 frag@71.0 frag@161.06 loss@231.09 loss@306.13 loss@64.04 loss@165.08 frag@174.04 frag@199.02 frag@142.06 frag@133.06 loss@175.06 frag@130.06,0.2340797484 0.1176144928 0.09564412385 0.05159702525 0.03417123482 0.03362788633 0.01827350818 0.01184569485 0.01146754064 0.01071350835 0.009869676083 0.008621834219 0.008031300269 0.007930749096 0.007143762428 0.006940234452 0.006101777311 0.005827667192 0.005406011362 0.005369169638
139,frag@150.02 loss@166.04 loss@104.04 loss@173.03 loss@137.07 loss@171.01 frag@165.01 loss@122.08 frag@186.96 frag@207.03 loss@394.08 frag@211.03 loss@33.99 frag@275.11 frag@203.0 loss@128.01 frag@142.03 frag@307.12 loss@215.99 loss@59.99,0.03321120888 0.02784274891 0.02295880578 0.01677454449 0.01463002712 0.01397554763 0.01241240557 0.01190579496 0.01161221415 0.01141893305 0.01032259874 0.009698112495 0.009694796987 0.009590403177 0.008680823259 0.00864774175 0.0080488557 0.00709063001 0.006770732813 0.006106792483
140,frag@241.12 frag@170.12 loss@266.01 loss@201.15 frag@194.03 loss@278.05 loss@143.0 frag@242.05 frag@193.02 loss@200.14 frag@218.03 frag@132.03 loss@323.06 frag@162.97 loss@225.15 loss@226.18 loss@226.0 frag@341.15 loss@127.05 frag@305.03,0.04209283739 0.03289762512 0.03168718889 0.030409839 0.02526829019 0.02479960397 0.02122892439 0.02071857266 0.01708450541 0.0159434285 0.01427738648 0.0130554568 0.01107059978 0.008966382593 0.007947911508 0.006833524443 0.006404251326 0.006090430543 0.005404046271 0.004839934874
141,loss@140.1 frag@161.01 frag@179.11 frag@291.08 loss@130.04 frag@215.06 frag@171.06 frag@347.15 frag@174.97 frag@318.03 frag@190.06 frag@130.99 frag@270.11 frag@196.0 frag@316.13 frag@151.02 frag@206.08 loss@153.08 frag@349.04 loss@231.0,0.3066749573 0.05799977854 0.04272241145 0.03957050294 0.007998210378 0.003805867862 0.003275989089 0.002968220506 0.002891750541 0.002674145158 0.002654824406 0.002458755625 0.002400710946 0.00229130988 0.002247664845 0.00224093115 0.002097598044 0.001979945926 0.001921797986 0.001839778619
142,loss@185.15 frag@247.14 loss@210.15 frag@112.08 frag@86.06 frag@150.13 frag@156.14 frag@110.1 frag@127.09 frag@84.04 frag@143.15 frag@181.13 frag@225.16 frag@99.05 frag@171.02 frag@128.11 frag@83.07 frag@156.08 frag@130.12 frag@56.05,0.2144921124 0.07978309691 0.06987767667 0.009079975076 0.008163771592 0.007525137626 0.007411032915 0.006769782864 0.006139557809 0.006118777674 0.005738310516 0.004551560618 0.004370831419 0.004123285878 0.003599068616 0.003560501616 0.003413714468 0.003386825323 0.003295138711 0.003190701362
143,loss@147.04 frag@190.04 frag@150.04 loss@218.15 loss@126.03 frag@142.01 frag@163.03 loss@173.05 frag@136.02 loss@337.08 frag@123.0 frag@299.07 loss@106.02 loss@148.05 frag@176.06 loss@202.02 frag@189.04 loss@219.05 loss@281.95 loss@141.02,0.1244067848 0.1218053252 0.1138186455 0.02264872566 0.01322248764 0.008390420116 0.006132924464 0.005369739141 0.004295237362 0.003809309332 0.003657224122 0.003460581414 0.003404488089 0.003289134707 0.003169881878 0.003095468739 0.002842420246 0.002805003664 0.002567997668 0.002527232282
144,frag@192.07 loss@253.01 loss@112.01 frag@122.01 frag@255.03 loss@123.94 frag@162.13 frag@210.04 loss@150.05 frag@82.04 loss@59.99 loss@314.17 loss@304.05 frag@318.17 loss@108.09 loss@240.04 loss@137.06 loss@205.98 frag@83.04 loss@300.04,0.1371094286 0.04560372233 0.04483145475 0.03612057492 0.02202232927 0.02178356983 0.0176781565 0.01748302579 0.01577925123 0.01489660516 0.006851899903 0.003898560302 0.003713001963 0.003530472983 0.003427242162 0.003133147024 0.002704719314 0.002698950004 0.00257433462 0.00254163146
145,frag@166.03 frag@193.04 loss@285.13 loss@192.04 loss@175.0 loss@154.03 loss@167.04 loss@210.14 loss@192.11 loss@286.04 loss@153.03 loss@224.01 loss@171.01 loss@337.08 frag@240.03 frag@124.02 loss@84.0 frag@109.03 loss@181.06 frag@175.03,0.198802799 0.1583213061 0.03540930897 0.02057060227 0.01317295898 0.01207542513 0.008652068675 0.006883769296 0.006658851635 0.006645830348 0.005393004045 0.004602901172 0.004480121192 0.004010156728 0.003761657747 0.003509763861 0.003495584708 0.003226075321 0.003175995778 0.002853585174
146,frag@225.1 loss@308.14 loss@309.21 loss@205.06 frag@310.11 loss@213.14 loss@151.1 frag@201.04 frag@323.11 frag@145.04 loss@78.05 loss@121.07 frag@178.06 loss@326.16 frag@182.1 frag@175.06 loss@39.02 loss@223.02 frag@246.15 frag@239.12,0.2089856863 0.03670256957 0.01953327842 0.006714654155 0.006278441288 0.004375959747 0.003722608788 0.002776772017 0.002656810451 0.002209889935 0.002091723261 0.002031440614 0.001996520674 0.001935279579 0.001885296195 0.001882703393 0.001856185845 0.001770102535 0.001728805481 0.001721229753
147,loss@221.1 loss@280.07 frag@296.09 loss@306.11 loss@273.13 frag@149.04 frag@196.05 frag@221.15 frag@207.98 frag@80.06 frag@178.09 frag@178.06 frag@92.06 loss@279.08 frag@204.14 frag@93.03 frag@151.08 frag@161.04 frag@291.15 frag@367.21,0.1982551068 0.04544009268 0.03152256832 0.02045096643 0.01692475565 0.009122832678 0.008106018417 0.007875725627 0.007116326131 0.00606842339 0.005639931653 0.004800151568 0.004610435106 0.004590146709 0.004295099992 0.004048307426 0.003861607052 0.003823758336 0.003201143583 0.003100890201
148,frag@59.05 loss@230.04 loss@176.01 loss@186.01 loss@272.05 frag@41.04 loss@291.2 loss@247.06 loss@281.09 loss@362.1 frag@97.1 frag@57.07 loss@244.03 loss@259.01 frag@208.04 frag@152.01 loss@128.05 loss@332.09 loss@272.07 loss@130.1,0.3434835672 0.06460497528 0.04129725695 0.03490392491 0.03377372772 0.01617225073 0.008756296709 0.007471529301 0.007198900916 0.005498819984 0.004862122703 0.003553648014 0.003142863745 0.002897070721 0.002874018159 0.002777169459 0.002756896894 0.002732490888 0.002459354466 0.002335880883
149,loss@15.02 loss@16.03 frag@300.06 loss@44.03 loss@43.02 frag@316.06 frag@294.08 loss@30.05 frag@329.07 frag@270.05 frag@301.14 frag@237.05 frag@168.01 frag@286.05 loss@58.04 frag@315.09 loss@57.03 frag@286.1 frag@250.01 frag@331.08,0.1108602881 0.09992285073 0.06427033991 0.04827522486 0.04314115644 0.03545786068 0.0343748033 0.02334027551 0.018819822 0.01848015562 0.0174755808 0.01735086553 0.01692824066 0.01633386314 0.01370428875 0.01287109312 0.01228996459 0.01165325288 0.01009926572 0.009951741435
150,frag@191.11 loss@140.12 loss@242.13 loss@158.12 loss@192.15 loss@193.16 frag@136.05 loss@447.16 loss@159.15 loss@143.15 frag@202.1 frag@173.03 frag@166.06 frag@150.13 loss@288.07 loss@111.1 loss@126.14 frag@217.09 frag@349.12 loss@159.13,0.1509650499 0.06307497621 0.05482118949 0.04533032328 0.03075553663 0.01856347173 0.01842756197 0.01784850098 0.007443624549 0.006589074619 0.006394194439 0.004853619728 0.003880471224 0.003838742385 0.003761064727 0.003713510698 0.003612969304 0.003366837977 0.00316529884 0.003158200299
151,loss@300.11 loss@246.09 loss@315.13 loss@329.14 loss@174.03 frag@156.04 frag@274.01 frag@173.03 frag@248.06 frag@185.04 frag@217.09 loss@301.11 frag@188.04 frag@247.05 frag@275.18 loss@290.2 frag@143.12 frag@208.08 frag@208.96 frag@170.05,0.09918386489 0.05609529465 0.01745477878 0.01163764484 0.01107519493 0.009369175881 0.006652661134 0.005613520741 0.005128968973 0.005088604055 0.004740714561 0.004023511894 0.003671694314 0.00340412627 0.003377773799 0.003356026718 0.003166380571 0.00305905682 0.002963799052 0.002900040708
152,loss@170.01 loss@176.03 frag@220.09 loss@190.05 loss@119.03 frag@144.0 frag@209.02 frag@135.1 frag@98.04 loss@123.08 frag@215.13 frag@201.05 frag@256.96 frag@72.98 loss@165.06 frag@319.04 loss@107.92 loss@208.06 frag@285.12 frag@323.15,0.05009554327 0.04595635831 0.03809801489 0.02585016005 0.02475511841 0.008973721415 0.007704264484 0.005797157995 0.005527312867 0.004546561278 0.003886400722 0.00345991482 0.003206694033 0.00300226314 0.002987895859 0.002876127372 0.002828049706 0.002821734641 0.002782574855 0.002674710471
153,loss@139.1 frag@83.09 frag@135.0 frag@69.07 frag@67.05 frag@81.07 loss@181.11 frag@140.11 frag@67.06 frag@181.1 frag@216.13 frag@95.09 frag@136.11 frag@150.13 frag@112.08 loss@153.12 frag@55.05 frag@124.08 frag@225.16 frag@57.03,0.3597163558 0.014535686 0.01093948726 0.007921533659 0.007821588777 0.005478393752 0.005183774978 0.004803606309 0.004631078336 0.004155621398 0.003753970377 0.0034962215 0.003400729969 0.003217606805 0.003191172844 0.003120303852 0.003037963761 0.003002480138 0.00285419682 0.002810764126
154,frag@149.06 loss@239.1 frag@102.04 frag@139.08 loss@363.15 loss@379.15 loss@252.08 loss@277.08 loss@423.17 loss@342.17 loss@322.1 loss@313.17 loss@451.17 loss@335.08 loss@327.17 loss@294.18 loss@273.14 frag@205.12 loss@370.13 frag@93.07,0.2503858507 0.05273765698 0.02038576454 0.02020768635 0.01646058634 0.01523866039 0.01304508559 0.0117215747 0.01171040256 0.01135758217 0.008819147944 0.008717574179 0.007876212709 0.006861688569 0.006812447216 0.006345455535 0.006174050272 0.006002745125 0.005522304215 0.005424465518
155,frag@172.06 loss@305.1 loss@244.11 loss@296.15 frag@228.11 frag@110.02 frag@217.1 frag@173.11 frag@122.04 frag@118.08 frag@409.2 loss@229.12 frag@171.06 frag@298.07 frag@164.11 frag@332.08 loss@255.1 frag@133.09 frag@204.04 frag@178.09,0.1638045758 0.05517653748 0.04844587296 0.04761579633 0.009406667203 0.008122277446 0.005043830723 0.00472952053 0.00377102592 0.003737423336 0.003656872781 0.003068532096 0.002985749627 0.002968088258 0.002947801957 0.00293562212 0.002877294784 0.002759303199 0.002741901204 0.002606083173
156,loss@124.09 loss@119.04 frag@228.07 frag@180.02 loss@128.07 frag@189.02 frag@180.06 loss@85.03 frag@157.05 loss@160.04 frag@67.03 frag@67.04 loss@114.06 frag@134.04 frag@168.07 loss@116.06 frag@176.06 loss@61.02 frag@160.06 frag@56.98,0.02464335226 0.02222828194 0.02149710059 0.01754426584 0.01701295562 0.01657577977 0.01417893637 0.01222287863 0.01113759447 0.009255404584 0.009156730957 0.009052650072 0.00867177546 0.007850578055 0.007603347301 0.007521583699 0.007329576649 0.007031826302 0.006977562327 0.006648436654
157,frag@172.09 frag@215.09 frag@173.09 loss@115.11 loss@153.07 loss@135.1 frag@158.07 loss@213.13 loss@174.07 frag@311.14 loss@220.08 loss@247.01 loss@170.1 loss@165.07 loss@193.08 loss@160.07 frag@157.06 frag@186.07 loss@333.21 loss@171.13,0.2389917374 0.06482367218 0.03853686154 0.02987739258 0.02008880861 0.01982348971 0.01312763337 0.01195019856 0.007523667999 0.005938960705 0.005310910754 0.004923720844 0.00482470775 0.004387583118 0.004280638881 0.004094110336 0.003495764686 0.003134454601 0.003103923053 0.003011821304
158,loss@176.03 loss@150.02 frag@319.04 frag@123.01 frag@222.95 frag@225.14 frag@159.11 loss@186.09 frag@56.96 frag@118.04 frag@120.06 frag@111.03 loss@190.05 frag@291.15 frag@328.11 frag@144.96 frag@208.07 frag@152.02 frag@332.06 frag@67.02,0.1421622038 0.05237062275 0.007629207801 0.005512420088 0.005505437963 0.005128790159 0.005123788491 0.004487333819 0.004032309167 0.003469412914 0.003348729806 0.00331436866 0.003269406268 0.003194693243 0.002972488757 0.002933270996 0.002891455777 0.002846000949 0.002803246258 0.002669082722
159,frag@241.09 loss@222.03 loss@305.01 loss@173.01 frag@290.13 frag@348.15 loss@306.01 frag@298.06 frag@135.04 frag@135.05 loss@270.03 frag@208.12 loss@250.07 frag@167.99 loss@641.25 frag@135.1 frag@395.21 loss@304.12 frag@143.05 loss@304.22,0.1078993008 0.1003304869 0.06472877413 0.04951528832 0.04459386319 0.01706008241 0.01560733188 0.01075656433 0.006580308545 0.005665663164 0.005336285103 0.005232267082 0.005147275049 0.004879333079 0.004553412087 0.004529116675 0.004520824645 0.00418059621 0.004137619399 0.004084524233
160,frag@117.06 loss@74.0 loss@101.01 loss@91.03 frag@128.05 frag@104.05 loss@87.03 frag@129.04 frag@131.07 loss@27.99 loss@55.99 loss@73.02 loss@85.02 frag@118.06 loss@97.02 loss@62.0 loss@88.03 frag@116.05 loss@115.03 loss@87.01,0.1033534482 0.04828923568 0.04092337564 0.02640991844 0.02639042772 0.02522463165 0.0233448036 0.02329571359 0.02178220637 0.01888071001 0.01816135086 0.01340268645 0.01288182754 0.01174200512 0.01128940005 0.01064184308 0.01059611049 0.01012556162 0.009816402569 0.009557981975
161,loss@161.12 frag@162.13 frag@167.05 frag@181.1 frag@283.17 frag@155.12 loss@218.18 frag@253.12 frag@150.13 frag@172.93 frag@142.97 loss@167.11 frag@233.14 frag@195.08 frag@370.2 frag@366.15 frag@143.09 frag@87.09 frag@175.08 loss@348.13,0.3385926187 0.04362905398 0.01070537046 0.009667784907 0.008897338994 0.006261989009 0.005489970557 0.005485040136 0.005248819478 0.004961332772 0.004649901297 0.00447215559 0.003813256975 0.003776138183 0.003767082933 0.003749166382 0.003534744028 0.003228667192 0.003212412121 0.002980953781
162,frag@69.03 loss@68.03 frag@41.04 loss@362.1 loss@229.0 loss@833.44 frag@87.04 frag@97.06 frag@97.03 loss@726.37 loss@445.16 frag@59.05 loss@805.41 frag@113.06 frag@83.05 frag@99.04 loss@282.11 loss@365.17 loss@479.21 loss@284.05,0.3587711155 0.2349598259 0.02875334211 0.01314114965 0.008531055413 0.007967646234 0.007647245191 0.007395005319 0.007293538656 0.006768575404 0.006138825323 0.006117219105 0.006074543577 0.005744058173 0.005719056353 0.005413903855 0.004925713409 0.004439219367 0.004400890321 0.004276906606
163,frag@95.09 frag@121.1 frag@107.09 frag@109.1 frag@147.12 frag@135.12 frag@123.12 frag@133.1 frag@161.13 frag@93.07 frag@157.1 frag@81.07 frag@159.12 frag@67.05 frag@145.1 frag@187.15 frag@125.1 frag@111.08 frag@173.1 frag@175.15,0.02600224689 0.02367113903 0.02298979275 0.02125883661 0.02042557858 0.01974294521 0.01872416213 0.01843591034 0.01546462905 0.0145153068 0.0136448713 0.01101255417 0.01084396057 0.009957879782 0.009520233609 0.009402726777 0.008576127701 0.007397986483 0.007026391104 0.007002789062
164,loss@212.12 loss@733.31 frag@67.05 frag@323.18 frag@100.04 frag@136.08 frag@112.08 frag@55.02 frag@67.06 frag@99.05 frag@85.06 frag@135.0 frag@84.08 frag@108.08 frag@74.06 frag@277.08 frag@110.1 frag@134.1 frag@241.99 frag@235.97,0.2947639823 0.01913261972 0.0108008692 0.009231836535 0.008628409356 0.008248500526 0.007149700075 0.006041089073 0.005123151932 0.004974548705 0.004459728487 0.004040285945 0.003998327069 0.003408040386 0.003393855644 0.003265004838 0.003123554401 0.002958615543 0.002884421963 0.00266462611
165,frag@168.08 loss@227.14 loss@309.18 frag@196.05 loss@77.08 loss@340.08 loss@151.06 frag@355.2 loss@316.22 loss@141.12 frag@353.14 loss@296.14 loss@213.06 loss@161.05 loss@280.12 frag@210.13 loss@222.13 loss@78.05 loss@209.07 loss@264.06,0.3185267746 0.08135796338 0.007112264633 0.004904284608 0.003119179979 0.002994602546 0.002955249511 0.002948562382 0.002692671958 0.002688242123 0.002528286073 0.00244006631 0.002046283102 0.00178869348 0.001657547895 0.001656847307 0.001598464325 0.0015902468 0.001567602507 0.001553293318
166,loss@202.12 frag@160.09 frag@116.03 frag@136.05 frag@146.07 frag@154.03 frag@169.0 frag@158.07 frag@143.06 frag@103.06 frag@219.12 frag@112.99 frag@233.11 frag@186.1 frag@384.2 frag@162.07 frag@123.05 frag@114.0 frag@51.03 frag@161.07,0.2498674244 0.0390730463 0.01163524669 0.01040792838 0.006787105929 0.006511745974 0.005250021815 0.004581998568 0.004542327952 0.004484358709 0.004358740989 0.003975879867 0.003728154115 0.003652589396 0.003628195263 0.003620283911 0.003446073504 0.003237984143 0.003137777094 0.002809212077
167,loss@230.12 loss@232.07 loss@195.13 loss@265.11 frag@174.03 frag@108.08 frag@138.05 frag@110.1 frag@93.03 frag@166.09 frag@94.06 frag@84.06 frag@231.12 loss@254.08 frag@69.06 frag@99.1 frag@131.97 frag@122.06 frag@164.07 frag@144.09,0.1647414118 0.08925242722 0.07787208259 0.03802413121 0.03603915125 0.02939149924 0.02089778148 0.0185564626 0.01652624272 0.01536113955 0.01346784923 0.01102218032 0.01030938048 0.009911471047 0.008250690997 0.008002153598 0.007530817296 0.006699855905 0.006461390294 0.006170483772
168,frag@170.07 frag@198.07 frag@214.1 frag@205.08 loss@95.05 frag@236.08 frag@320.11 loss@139.08 frag@143.06 frag@210.1 loss@117.03 frag@199.07 loss@67.04 loss@92.07 loss@212.08 frag@240.11 loss@194.02 frag@171.06 loss@116.07 loss@396.13,0.08414446563 0.04421290383 0.04253738374 0.02945731021 0.0211360082 0.02083130926 0.01384648867 0.01382222027 0.01312203798 0.01297695655 0.01269328687 0.01232898887 0.01224306412 0.01173041854 0.009644497186 0.007678406779 0.007656601723 0.007345732301 0.006064838264 0.005788019858
169,loss@103.03 frag@203.06 frag@218.1 frag@231.1 loss@130.04 frag@231.06 frag@327.12 loss@64.02 frag@205.08 frag@223.02 frag@275.05 loss@164.01 loss@75.03 loss@113.01 frag@230.08 loss@100.13 frag@99.01 loss@113.04 frag@219.1 frag@183.06,0.1847631186 0.1677150577 0.0584866032 0.05181339383 0.0118983509 0.009604781866 0.007487105671 0.006797107402 0.005110532045 0.005062337033 0.004702016246 0.004442424979 0.004236801062 0.003546266118 0.003392393934 0.003301014891 0.003037085058 0.002924945671 0.002901920117 0.002811872866
170,loss@165.07 frag@217.12 loss@393.13 loss@147.1 frag@206.09 frag@239.08 frag@158.98 frag@190.12 frag@141.08 frag@311.04 frag@310.12 frag@176.05 frag@157.06 loss@288.11 frag@123.01 loss@175.09 frag@161.99 frag@187.07 frag@107.07 loss@164.06,0.1494670659 0.09283942729 0.01928726025 0.01035255846 0.004545744974 0.004406273831 0.003202092601 0.002855954226 0.00268939184 0.002386092441 0.002265552292 0.002227426972 0.002223804826 0.001940709888 0.001938336063 0.001867725514 0.001841685153 0.001824919716 0.001817448996 0.001803629682
171,frag@103.05 frag@131.05 frag@115.05 loss@223.07 loss@208.07 loss@210.07 loss@217.07 loss@364.12 loss@158.09 frag@104.06 loss@348.05 loss@164.03 frag@117.07 frag@77.04 loss@234.08 loss@161.08 loss@279.07 loss@177.03 loss@171.96 loss@213.06,0.1759347767 0.108819589 0.07280060649 0.02733662911 0.02604251355 0.02222876064 0.01756604575 0.01626805961 0.01387204975 0.01370627619 0.01275858656 0.009681546129 0.008168865927 0.00811355561 0.007340047043 0.007131056394 0.007119429763 0.006641375367 0.006527850404 0.006377757527
172,loss@109.05 frag@135.07 frag@162.08 frag@121.05 loss@149.07 loss@161.07 frag@150.08 loss@132.04 loss@220.02 frag@197.11 loss@163.09 loss@177.07 loss@135.05 frag@291.1 frag@188.09 loss@130.09 frag@133.05 frag@148.07 loss@152.07 loss@132.07,0.159620598 0.1267106384 0.08791390061 0.07383125275 0.05073145777 0.05059858039 0.03342389688 0.02028934285 0.01295898762 0.008069314063 0.007966923527 0.007961599156 0.00789038837 0.007737503387 0.007733940147 0.007233621553 0.006031729281 0.005974234547 0.005060255993 0.004178688861
173,frag@131.06 frag@133.08 frag@161.07 frag@132.07 loss@203.06 loss@183.07 loss@199.03 loss@308.07 loss@194.08 frag@119.06 loss@194.01 loss@214.07 loss@213.05 loss@192.11 frag@147.06 loss@241.12 frag@120.04 loss@231.09 frag@146.08 loss@197.05,0.117115967 0.1095230058 0.0620794557 0.04248521477 0.02912706509 0.02505148016 0.01731643267 0.01636130363 0.01489845756 0.01357537415 0.01183375251 0.01097646914 0.01044999529 0.009823876433 0.009404067881 0.0092783086 0.009081053548 0.008984161541 0.00842644833 0.008151583374
174,frag@130.03 loss@173.08 frag@130.04 loss@237.07 loss@225.13 loss@185.04 loss@216.09 frag@112.06 loss@262.12 frag@224.04 loss@208.04 frag@147.05 frag@391.17 loss@177.11 loss@205.09 frag@145.09 loss@175.1 loss@147.1 loss@189.05 frag@145.06,0.2526524961 0.121302776 0.1181704774 0.03146782145 0.01158626005 0.009269843809 0.006444265135 0.004925458226 0.004463665187 0.004437159281 0.004120223224 0.003947409336 0.003929745872 0.003903205739 0.003680801718 0.00347883394 0.003351623658 0.003184585599 0.003103201278 0.003057964379
175,frag@162.07 loss@189.07 frag@161.06 loss@176.07 loss@177.09 frag@174.07 frag@146.07 loss@187.07 loss@364.08 frag@231.12 frag@133.04 frag@153.05 loss@200.05 loss@109.09 frag@120.06 frag@132.06 frag@149.04 frag@147.05 loss@292.1 loss@174.07,0.2875408232 0.09046167135 0.00835695304 0.00800785888 0.007005946711 0.005197863095 0.004005450755 0.003984052688 0.003703325754 0.003701939248 0.003647640813 0.003622847842 0.00352719496 0.003457348328 0.003426525509 0.002985541942 0.002676798264 0.002458757488 0.002436795039 0.00239854143
176,frag@121.04 loss@151.02 loss@191.11 frag@155.03 loss@200.02 frag@79.04 frag@135.05 loss@208.08 loss@213.09 loss@172.01 frag@78.03 loss@246.11 loss@193.09 frag@95.06 frag@93.03 loss@122.05 frag@123.01 loss@185.04 loss@201.05 loss@247.1,0.3306003809 0.09561411291 0.008656557649 0.007345494349 0.006077666301 0.006060009822 0.005953880958 0.005678763613 0.004630272277 0.00430820277 0.004036954138 0.003902988741 0.003515017219 0.003443134949 0.003270408604 0.003264832776 0.003264612751 0.003114931518 0.003036437556 0.003018586896
177,loss@153.09 frag@206.1 loss@249.1 loss@256.13 loss@198.15 frag@139.06 loss@363.14 loss@206.1 frag@105.0 frag@161.09 frag@318.06 loss@270.12 loss@383.14 frag@124.0 frag@223.0 frag@152.11 frag@128.08 frag@275.18 frag@184.11 frag@138.06,0.1543384045 0.1451358497 0.08202966303 0.05040118471 0.01733716018 0.01664467528 0.01252080593 0.009489556774 0.008614433929 0.008547240868 0.007977194153 0.007213087287 0.006593899801 0.006288720295 0.006173811387 0.005944856908 0.005935428198 0.005876614712 0.005839260295 0.005437445361
178,frag@148.11 loss@233.12 loss@232.16 loss@172.09 loss@200.05 frag@134.1 frag@79.05 loss@311.13 frag@105.07 frag@123.08 loss@249.17 frag@133.06 loss@204.12 frag@135.08 frag@190.12 frag@136.11 frag@67.05 loss@268.09 frag@84.09 loss@238.0,0.1590528041 0.1148845628 0.08354045451 0.04970150813 0.03619049489 0.02678099461 0.02317549661 0.02227489278 0.01850610599 0.01600449346 0.01389997825 0.01357306167 0.01315179095 0.01120191533 0.01043402683 0.01004756708 0.009275853634 0.008541489951 0.008365119807 0.008035067469
179,loss@184.12 loss@211.13 frag@112.08 frag@67.05 frag@110.1 frag@95.07 frag@114.0 frag@84.08 frag@67.06 loss@212.12 frag@129.1 frag@150.13 frag@99.08 loss@236.15 frag@207.98 frag@135.0 loss@196.12 frag@165.1 frag@108.08 frag@114.05,0.2063892782 0.07547329366 0.02050594985 0.01436385699 0.01122302655 0.009810290299 0.009008951485 0.008570644073 0.007296597119 0.007267588284 0.006805233657 0.005111948587 0.004966949578 0.004350614734 0.003649818944 0.003547891509 0.003464620328 0.0034550454 0.003439060645 0.003374536289
180,frag@149.05 loss@84.02 frag@377.07 loss@78.99 loss@158.1 loss@56.03 loss@126.04 loss@62.05 frag@342.1 loss@79.99 frag@280.08 frag@160.02 frag@235.11 loss@69.02 frag@156.01 frag@152.03 loss@72.02 loss@86.04 frag@282.14 loss@28.03,0.206240803 0.1408525407 0.05728438124 0.05381598696 0.01989234798 0.00835738983 0.004592666868 0.004365439061 0.004354951903 0.004180325195 0.003907420672 0.003515161341 0.003471214557 0.003196904203 0.003152775345 0.002598177642 0.002571086166 0.002423697151 0.002413222566 0.002388192806
181,frag@133.03 frag@323.11 loss@80.05 frag@91.04 loss@76.03 loss@229.17 frag@178.06 loss@111.05 loss@101.04 loss@212.19 frag@43.02 frag@378.1 loss@114.07 frag@193.05 frag@187.06 loss@310.06 loss@111.03 frag@343.13 frag@143.05 loss@294.98,0.2277847677 0.04779015481 0.03685859591 0.03434643522 0.02130867541 0.008743819781 0.008554943837 0.00744282594 0.006025406998 0.004087411799 0.003756280988 0.003662421368 0.003572630929 0.003404023824 0.003400094807 0.00312701473 0.003070574254 0.00266910973 0.002518218709 0.002485633362
182,frag@148.05 loss@188.07 frag@120.06 loss@267.03 loss@176.07 frag@132.06 frag@162.07 loss@206.12 frag@158.07 frag@160.05 frag@46.24 frag@146.07 loss@177.09 loss@219.07 loss@202.09 frag@136.05 loss@218.12 frag@136.03 frag@166.09 frag@150.07,0.2081106305 0.03687497228 0.03630581126 0.02020998113 0.01764919981 0.01011370309 0.007679508068 0.005933749955 0.005887574982 0.005038717762 0.004127464723 0.004006027244 0.003669464029 0.003516447265 0.003480177606 0.003401452675 0.003188800067 0.00304270559 0.002920815954 0.002849606797
183,loss@184.09 frag@140.06 frag@156.02 loss@216.15 frag@188.05 loss@186.15 frag@98.05 frag@254.15 frag@113.07 loss@159.06 frag@86.07 frag@171.04 frag@150.13 frag@179.09 frag@312.16 frag@340.2 loss@336.18 loss@169.12 frag@171.01 frag@130.12,0.2212098837 0.1487273127 0.05247420073 0.02466817945 0.01965264603 0.01238644496 0.008689867333 0.007030460518 0.005382112227 0.004908925854 0.004546805751 0.004411736503 0.004190256353 0.004076422658 0.003864132334 0.003666908713 0.003166310955 0.002756807022 0.002404826693 0.002389938338
184,frag@166.06 loss@218.08 loss@286.05 loss@286.12 loss@188.02 frag@136.05 frag@159.06 frag@146.07 frag@132.06 frag@233.13 loss@220.1 frag@69.06 frag@155.94 frag@318.06 frag@97.01 frag@161.09 frag@350.13 frag@174.07 frag@381.17 frag@224.07,0.1967622042 0.1410756707 0.0366224274 0.03576908633 0.03351841494 0.02536332421 0.01347659808 0.00668830052 0.005755890626 0.003996457905 0.003890748601 0.003871437861 0.003397959983 0.003369006095 0.003169247182 0.002693753457 0.002668147674 0.00256535993 0.002484622179 0.002341847168
185,loss@179.04 frag@180.1 frag@259.11 frag@271.11 frag@218.15 frag@268.09 loss@218.09 frag@211.98 frag@125.05 frag@308.14 loss@148.08 frag@51.03 loss@304.08 loss@393.13 frag@240.11 loss@178.11 frag@184.14 frag@185.07 frag@332.08 frag@135.05,0.2275562435 0.1670691669 0.05677285418 0.04479685798 0.0036032754 0.003216988407 0.003195982659 0.00275896606 0.002222015988 0.002073362935 0.001866804552 0.001820148434 0.001750554191 0.001739573665 0.001717085834 0.001663635485 0.001660827082 0.001594456378 0.001493905787 0.001472137636
186,loss@309.06 frag@123.01 frag@139.02 frag@148.07 frag@273.11 frag@332.06 frag@150.09 frag@224.04 frag@135.08 loss@161.1 loss@198.12 frag@69.04 frag@121.04 frag@190.1 frag@94.07 frag@56.96 frag@95.07 frag@231.12 loss@173.1 frag@187.98,0.1610249877 0.003565505845 0.003238848178 0.003097392153 0.002794736065 0.002611776115 0.002478933427 0.002352020238 0.002351810457 0.002334702527 0.002269020537 0.002259579021 0.002218958689 0.00219089468 0.002180601005 0.002142697573 0.002087079454 0.001989094773 0.001979644876 0.001962551149
187,loss@257.05 frag@198.94 loss@340.05 frag@173.08 frag@127.09 frag@182.01 frag@365.14 frag@254.11 frag@326.18 frag@184.02 frag@197.11 frag@347.15 frag@59.05 frag@74.93 frag@115.09 frag@148.02 frag@112.03 frag@241.02 frag@93.03 frag@81.03,0.2966372669 0.005860270467 0.004669566173 0.003530396847 0.002943760483 0.002810866805 0.002616311423 0.002341476269 0.002188307 0.002152620582 0.00210948824 0.002071068855 0.002018605126 0.001951984246 0.001877790433 0.001845930587 0.001809562673 0.001802424667 0.001751431148 0.001745424117
188,loss@157.02 loss@273.06 loss@156.01 loss@130.99 frag@124.02 frag@318.03 frag@149.04 frag@195.99 frag@151.1 frag@99.03 frag@82.03 frag@152.02 frag@205.03 frag@93.03 frag@255.12 loss@250.06 frag@143.03 frag@56.96 frag@149.03 loss@314.06,0.1418838948 0.07126645744 0.02538691461 0.0225687176 0.009078002535 0.007598921657 0.006159456912 0.005690010265 0.005234000273 0.005120972637 0.005044996738 0.004712748341 0.004360305145 0.004344026558 0.004135868978 0.004081749357 0.003633530578 0.003384933807 0.003364439355 0.003278451972
189,frag@138.05 loss@261.11 loss@234.15 loss@264.16 loss@245.05 frag@246.07 loss@265.14 loss@287.11 frag@81.03 frag@94.07 loss@236.17 frag@84.04 frag@45.03 frag@208.13 frag@122.06 frag@209.14 frag@67.05 loss@284.08 frag@186.99 frag@110.1,0.1948758662 0.08082459867 0.0457743369 0.02931337804 0.02768437937 0.01594805345 0.01260561496 0.01192718931 0.009314779192 0.008687501773 0.008240516298 0.005752301309 0.005556213669 0.005536283366 0.005418194924 0.004946963862 0.00462848926 0.004471877124 0.004427436739 0.0043785749
190,loss@224.12 frag@277.08 loss@263.13 loss@284.12 loss@289.14 loss@304.14 loss@252.11 loss@278.13 loss@247.09 frag@110.02 loss@247.17 frag@74.06 frag@116.07 frag@99.05 loss@276.18 frag@114.05 frag@112.99 loss@267.13 frag@127.09 frag@129.1,0.06782089919 0.04608545825 0.03003283776 0.02818349935 0.02655547298 0.02510017157 0.02072345838 0.01918219216 0.01641629077 0.01397990715 0.01281233691 0.01079827826 0.01070866734 0.009633973241 0.007856590673 0.006850874517 0.005748191848 0.005573091563 0.005516798701 0.005278704688
191,loss@250.08 loss@201.12 frag@89.07 frag@318.18 loss@231.03 frag@257.13 frag@105.03 frag@149.06 frag@190.09 frag@90.05 frag@121.06 frag@131.03 frag@208.08 frag@118.08 frag@275.18 frag@114.0 frag@194.08 frag@77.04 frag@184.02 frag@109.06,0.1438955069 0.1263414472 0.05677267164 0.0400245823 0.03965293989 0.03666172922 0.01054468565 0.007081183605 0.006605571136 0.006441820879 0.004750057124 0.004588622134 0.004283131566 0.004258831497 0.004231776576 0.004079868086 0.003927832935 0.00379637978 0.003795699682 0.003755860031
192,loss@249.14 frag@268.1 loss@208.99 loss@306.17 frag@142.12 loss@214.99 frag@180.04 frag@148.05 frag@87.06 loss@169.13 frag@175.11 frag@257.13 frag@193.1 frag@85.06 frag@129.1 frag@85.08 loss@333.07 frag@214.11 frag@149.1 frag@208.02,0.1983091384 0.07759356499 0.04293606058 0.02031150088 0.01073542703 0.008653893135 0.007293419447 0.006268485449 0.00534776086 0.005229480099 0.004943587352 0.004726936109 0.00449048169 0.003799924394 0.003775833407 0.003557486227 0.003411574988 0.003369236132 0.003255617572 0.003171717515
193,loss@178.07 frag@120.04 frag@119.06 frag@124.04 frag@135.06 frag@93.04 frag@150.13 frag@178.06 frag@89.07 frag@51.02 frag@65.04 loss@206.07 frag@162.05 frag@105.06 frag@281.14 frag@145.04 loss@192.09 frag@137.03 frag@147.03 loss@196.09,0.2903834581 0.01160844415 0.01007175539 0.008307015523 0.007960706949 0.006208191626 0.006199087016 0.00533859292 0.005224945955 0.005155253224 0.005116945133 0.005090353079 0.004999126308 0.004631251097 0.00462231366 0.004266557749 0.004122267943 0.004077464342 0.004031214863 0.004009231459
194,frag@167.07 frag@196.08 frag@182.1 frag@180.08 frag@238.09 frag@210.09 loss@135.07 frag@181.09 frag@208.11 loss@124.06 loss@122.0 loss@141.12 loss@539.22 loss@377.17 loss@169.11 frag@225.1 loss@308.14 frag@193.09 loss@123.05 loss@166.15,0.1050300151 0.05871776491 0.04758348316 0.03990224749 0.03023358993 0.02548114397 0.01549464278 0.008435741067 0.007364348043 0.007307632361 0.005340487231 0.005087940022 0.004817156121 0.0046431222 0.004484047182 0.004307879135 0.004166605417 0.003893661778 0.003809230635 0.00370086357
195,loss@192.13 frag@150.09 frag@196.11 loss@188.13 frag@136.08 frag@108.08 frag@122.1 frag@99.06 loss@262.13 loss@176.13 frag@94.07 loss@276.22 frag@245.09 frag@190.11 frag@110.05 frag@229.13 frag@123.05 frag@126.04 loss@184.12 frag@108.06,0.2502807379 0.2225744873 0.08358738571 0.03039598837 0.007209102623 0.007060926873 0.006478055846 0.004046781454 0.004005333874 0.003463924862 0.003242280567 0.003049012739 0.002996661235 0.002822346054 0.002641518367 0.002531929407 0.002525437623 0.002525064396 0.002347106813 0.002131170128
196,frag@162.09 frag@206.07 frag@191.05 loss@308.15 loss@275.1 frag@235.97 loss@263.06 loss@263.12 loss@328.12 loss@363.14 loss@130.04 loss@164.11 loss@138.11 frag@191.13 loss@259.1 loss@131.08 loss@232.09 loss@288.96 loss@250.06 loss@244.05,0.1642934233 0.1049252152 0.06529147923 0.01591625996 0.00516640814 0.004887518473 0.004694195464 0.004428175278 0.003631153842 0.003034101566 0.002947077388 0.002590174088 0.0025539489 0.002502648858 0.002494206186 0.002464029007 0.002362980973 0.00233197934 0.002302036854 0.002236711094
197,loss@182.11 frag@141.1 loss@212.15 loss@249.11 frag@174.03 frag@84.08 frag@150.13 loss@237.09 frag@112.08 loss@263.16 loss@251.13 frag@44.01 frag@110.1 frag@124.11 loss@223.13 frag@84.09 loss@299.1 loss@210.1 frag@55.02 frag@165.1,0.06872022152 0.04750533774 0.04391957819 0.03623097762 0.03153409064 0.02802654542 0.02741770819 0.02141038701 0.01939948462 0.01827313565 0.01511411089 0.01161668543 0.01088816673 0.00902638305 0.008613617159 0.007964183576 0.007854022086 0.007820373401 0.007577909622 0.006950187497
198,frag@150.07 frag@165.09 loss@290.2 loss@292.1 frag@120.06 loss@193.11 loss@311.07 frag@177.09 loss@302.14 loss@293.07 loss@217.13 frag@121.03 loss@192.04 loss@220.17 frag@134.07 frag@384.2 loss@265.09 frag@178.06 loss@237.16 loss@250.13,0.2199205458 0.10286621 0.02134400979 0.004522387404 0.00415073568 0.003871801309 0.003574606031 0.003438080894 0.003343611257 0.003255241783 0.003141676309 0.002940741135 0.002766067395 0.002654268872 0.00258212164 0.002525973134 0.002447149483 0.002272773068 0.00226659677 0.002216142369
199,frag@236.03 loss@140.08 frag@342.03 loss@85.04 frag@228.99 frag@229.12 frag@211.01 loss@353.09 frag@211.12 loss@183.06 loss@209.1 loss@166.02 loss@222.07 frag@216.1 frag@207.1 loss@239.07 frag@72.94 frag@165.02 frag@260.18 frag@312.17,0.1119724661 0.0659788698 0.04609990492 0.02272512764 0.004146369174 0.003149527358 0.002100941259 0.001985608833 0.001918549882 0.001724463073 0.001720181084 0.00169189868 0.001683990005 0.001589638414 0.001408167067 0.001323406235 0.001274198759 0.001247829758 0.001239062287 0.001234743162
200,frag@147.05 loss@180.1 frag@314.13 frag@160.11 frag@106.07 frag@133.04 frag@133.06 loss@211.04 loss@219.0 frag@139.03 loss@299.15 frag@391.18 loss@191.08 frag@178.07 frag@162.07 frag@125.04 loss@218.09 frag@199.12 frag@130.03 loss@220.03,0.2920276523 0.2625179887 0.02066929825 0.006814880762 0.005474197678 0.004822766874 0.004331615753 0.003578162519 0.00341433892 0.003356500762 0.003036732553 0.002951648319 0.002809967846 0.0027226198 0.002425277606 0.002404706087 0.002399076475 0.002257696353 0.002234236104 0.002140457742
201,loss@138.1 frag@199.1 loss@139.1 frag@232.09 frag@83.09 frag@211.01 frag@176.13 frag@173.95 loss@156.12 loss@252.05 loss@158.07 loss@199.12 loss@124.13 frag@227.08 frag@184.01 frag@191.13 frag@172.09 frag@220.12 frag@201.11 loss@288.07,0.2419254482 0.2334263921 0.005433727521 0.00438520126 0.003856460331 0.002730569337 0.002516975161 0.002423173748 0.002327646129 0.00231622206 0.00223158719 0.002096404321 0.002079658443 0.002069600858 0.0020014029 0.001996553969 0.001838157303 0.001818430261 0.001794290729 0.001731319237
202,frag@191.04 loss@125.12 frag@165.03 loss@280.06 loss@196.16 loss@283.11 loss@163.02 frag@218.13 frag@305.11 frag@232.14 frag@228.1 loss@288.14 loss@124.02 loss@45.99 loss@88.01 frag@231.95 frag@233.05 loss@244.99 loss@153.0 frag@227.18,0.122078225 0.06186969578 0.04810466245 0.03967053443 0.03861657903 0.03640230745 0.02985555492 0.02343128622 0.02266853116 0.01552324276 0.01519853901 0.01386916824 0.0126550626 0.01211047638 0.01032516547 0.01025663689 0.009959349409 0.009776780382 0.009035423398 0.008526502177
203,frag@151.03 frag@124.02 loss@157.03 frag@163.03 loss@350.13 frag@303.09 loss@111.11 loss@337.08 loss@155.02 loss@106.02 loss@330.06 loss@178.08 loss@283.02 frag@186.07 loss@262.05 loss@166.03 frag@153.01 loss@141.03 frag@156.02 frag@190.04,0.2690196931 0.01117998734 0.00930824969 0.007023676764 0.005607409868 0.005605683196 0.005019963719 0.004974768963 0.003303332487 0.003156492487 0.002952390583 0.002780727344 0.002599403495 0.002595170634 0.002485079924 0.002395169111 0.002255464438 0.002248714678 0.002235764172 0.002219174523
204,frag@182.94 frag@94.04 loss@240.14 loss@302.0 frag@172.96 loss@253.04 frag@238.03 frag@223.07 loss@58.07 loss@261.09 loss@138.12 loss@115.08 loss@126.09 loss@198.96 loss@265.04 loss@173.06 frag@150.03 frag@155.02 loss@300.14 loss@176.13,0.2451217026 0.1087774932 0.0719794929 0.03961638734 0.02869543619 0.01059380546 0.009539361112 0.004877412226 0.004389866721 0.004290304612 0.00414953148 0.003636095906 0.003624874633 0.003048407845 0.002969317138 0.002437894 0.002376288176 0.002166491235 0.002038874198 0.001967167249
205,loss@155.09 frag@154.04 loss@153.12 frag@260.14 loss@181.11 frag@114.04 frag@99.0 frag@201.08 frag@194.13 frag@83.09 frag@138.01 frag@110.1 frag@71.99 frag@154.01 frag@233.14 frag@155.12 frag@304.16 frag@69.07 loss@125.08 frag@72.04,0.3445426822 0.1846053749 0.009109455161 0.008891884238 0.007097469643 0.005384871736 0.005091105588 0.004768050741 0.003783112392 0.003760852618 0.003688220633 0.003464062 0.003371206578 0.003342940239 0.003309347201 0.003232352901 0.003203571774 0.003200617386 0.002998835873 0.002984575229
206,frag@118.04 frag@90.05 loss@49.99 loss@227.01 loss@186.09 frag@245.13 loss@188.03 loss@228.08 loss@138.04 frag@168.96 frag@273.09 frag@316.11 loss@193.05 frag@67.02 loss@160.97 loss@166.03 frag@377.07 loss@165.06 loss@180.06 loss@151.08,0.227578342 0.08605331928 0.01248106826 0.007750067394 0.004327911884 0.003089690581 0.002356980694 0.002296473831 0.002285379451 0.001800034312 0.001683113049 0.001641664072 0.00153522694 0.001429877593 0.001405383577 0.001392456354 0.001385748619 0.001320411568 0.001259223558 0.001241274294
207,loss@134.06 frag@156.01 frag@190.03 loss@136.08 frag@206.08 loss@182.07 frag@114.07 loss@116.05 frag@58.99 frag@143.04 frag@291.11 loss@133.02 loss@123.04 frag@149.05 loss@32.03 frag@220.09 loss@139.01 frag@331.1 loss@28.03 frag@179.01,0.1982651055 0.1945601702 0.1168361753 0.07300642133 0.009854320437 0.007316972129 0.00528926868 0.004605794325 0.00438855961 0.004123045597 0.003298541764 0.00290830154 0.002859896747 0.002817179076 0.002811499638 0.002660836792 0.002628747374 0.002621209715 0.002598963911 0.002462335397
208,loss@145.07 frag@192.02 loss@188.11 loss@179.05 frag@211.02 frag@133.09 frag@172.02 frag@155.05 frag@177.1 frag@146.07 frag@127.06 frag@119.07 frag@153.05 frag@225.99 loss@145.06 frag@257.11 frag@155.08 frag@176.05 frag@264.03 frag@210.12,0.1843763739 0.1146616265 0.08997328579 0.08151278645 0.01219202578 0.01006051805 0.006944104563 0.006288885139 0.005598288029 0.005355400499 0.005165132228 0.004921691958 0.004800270312 0.00463939365 0.004623303656 0.004442563746 0.004251712933 0.00408771541 0.003864285303 0.00361805805
209,loss@183.1 frag@110.01 frag@125.03 loss@179.02 loss@220.04 frag@179.08 frag@218.04 frag@170.03 loss@142.01 frag@138.08 frag@124.04 frag@151.99 loss@153.1 loss@287.97 frag@297.17 frag@343.19 frag@114.0 loss@154.02 loss@126.01 loss@155.08,0.132302314 0.0956870988 0.08238665015 0.03856092319 0.0287330281 0.02782365121 0.02347672358 0.02320577763 0.01169849094 0.00990447402 0.008512263186 0.007029930595 0.006548205856 0.004949967843 0.004915449303 0.004880597815 0.004863847513 0.004575959872 0.004502010066 0.004273809958
210,frag@154.07 frag@207.06 loss@279.14 frag@207.08 loss@211.97 loss@154.04 frag@168.03 frag@245.11 loss@39.05 loss@172.06 loss@135.05 frag@137.01 loss@249.13 loss@143.03 loss@187.09 frag@83.03 loss@235.05 loss@328.18 loss@250.96 frag@238.13,0.0908658877 0.06140816584 0.03197716177 0.02855769172 0.02681732364 0.02319834568 0.0179056637 0.01602025516 0.01166938897 0.009636110626 0.008799565956 0.008069780655 0.007520745508 0.006868354511 0.006063651759 0.005570107605 0.005144890863 0.005116726272 0.004941620398 0.004605309572
211,frag@99.08 frag@57.03 loss@364.14 frag@43.02 loss@445.16 frag@67.05 loss@202.13 frag@81.07 loss@223.09 loss@238.1 frag@97.06 loss@239.16 frag@79.05 loss@169.11 frag@127.04 frag@87.04 loss@172.09 loss@285.15 frag@97.03 loss@220.09,0.170712769 0.0956531167 0.0250463374 0.01128753554 0.0103169838 0.007888026536 0.006933480036 0.006477804855 0.005299988668 0.004673561081 0.004558602814 0.004353565164 0.004230989609 0.00414546486 0.004003275186 0.003797404701 0.003751919605 0.003448544769 0.003265208099 0.003254622454
212,loss@168.1 frag@138.13 frag@156.1 frag@74.06 frag@100.04 loss@376.18 loss@138.0 loss@254.2 loss@144.11 loss@290.11 frag@82.07 frag@324.13 frag@257.06 frag@67.05 loss@185.11 loss@215.15 frag@110.1 frag@44.05 loss@173.94 loss@333.13,0.1635210514 0.1016733125 0.06837171316 0.05751427263 0.0125089949 0.009161582217 0.007529741153 0.006563442759 0.006319669075 0.006041511428 0.005833202973 0.005627394654 0.005514305551 0.005306558684 0.005271656904 0.005210597534 0.00502085872 0.005003149156 0.004984482657 0.004766429774
213,frag@177.03 loss@177.97 frag@241.07 loss@292.01 loss@183.11 frag@203.04 loss@205.08 loss@255.05 frag@157.96 loss@210.15 loss@163.14 loss@136.07 loss@219.03 frag@72.94 loss@157.11 frag@201.04 loss@146.18 loss@239.08 loss@259.0 loss@131.1,0.2306922227 0.04424664751 0.02744998597 0.004170528613 0.00287647103 0.002867969219 0.002753361594 0.002738787793 0.00270198239 0.002646743553 0.00253110053 0.002403591527 0.002229653997 0.002114304574 0.002020802116 0.001934919623 0.001912117819 0.001843950595 0.001753845718 0.001610990963
214,frag@155.09 loss@122.07 loss@240.08 frag@201.09 frag@199.06 loss@324.12 frag@145.1 loss@150.07 loss@32.04 frag@173.1 loss@157.13 frag@165.09 frag@93.07 frag@107.09 frag@136.11 frag@149.1 frag@133.1 frag@147.12 loss@129.15 frag@105.07,0.170891121 0.1498200148 0.1465262324 0.1068860888 0.01835583523 0.01319536194 0.01091294829 0.009924208745 0.006264572497 0.006259289104 0.005718037486 0.004979895428 0.004517830908 0.004451395478 0.004432348069 0.004292333964 0.004241906106 0.003819756908 0.003507980611 0.003355332883
215,frag@141.07 loss@174.04 loss@151.14 loss@195.99 loss@168.03 loss@168.06 loss@171.07 loss@280.94 loss@185.08 loss@187.06 loss@160.1 loss@243.03 frag@123.05 loss@178.09 loss@189.99 frag@225.14 frag@141.08 loss@254.01 loss@135.06 loss@192.13,0.4115766883 0.08830410987 0.03015766665 0.02195526101 0.01203840412 0.005940138362 0.005797269754 0.004737915006 0.004030401353 0.003733036574 0.003417614382 0.003414905397 0.003333909204 0.003325521946 0.003253191244 0.002893299796 0.00281581236 0.002677570563 0.002183682984 0.001901756274
216,loss@167.07 frag@176.06 frag@107.02 loss@212.09 frag@216.05 loss@154.04 loss@144.06 frag@160.05 loss@165.0 loss@160.03 frag@155.06 loss@159.02 frag@299.07 frag@137.05 frag@151.05 frag@118.04 frag@75.03 frag@128.0 frag@160.04 frag@293.14,0.1725284904 0.08307762444 0.04166841507 0.03970509768 0.03181674704 0.01984720118 0.01550214551 0.01044732798 0.01038776617 0.01011291519 0.009620097466 0.008872476406 0.006456745788 0.005827520974 0.005005653482 0.00468515791 0.004458217416 0.003975352738 0.003725761781 0.003484939225
217,frag@106.03 loss@123.03 frag@78.03 loss@248.04 loss@89.98 frag@194.01 frag@152.98 loss@93.04 loss@251.18 loss@105.02 loss@378.1 frag@95.04 loss@134.02 frag@96.04 loss@330.06 loss@101.02 frag@220.04 frag@193.13 loss@182.03 frag@124.04,0.2079017311 0.04704559222 0.04235218838 0.03846570477 0.03682989627 0.03426760808 0.026442606 0.01972481422 0.0169209484 0.01269466244 0.01262754109 0.01051264629 0.009622310288 0.005137587897 0.0050427448 0.004532055929 0.004512795713 0.004303851165 0.004268676974 0.004221989773
218,loss@245.14 loss@209.14 loss@221.14 loss@260.15 loss@237.1 frag@166.09 frag@121.06 loss@286.17 frag@161.1 frag@148.08 frag@156.14 frag@138.09 frag@115.03 frag@164.07 frag@133.06 frag@108.08 frag@189.14 frag@151.08 frag@165.09 frag@150.09,0.05426700786 0.04838304222 0.04790535942 0.04385440797 0.04204646125 0.01301965583 0.01258693822 0.01170029212 0.01169798896 0.01126741711 0.009219604544 0.008778099902 0.008328361437 0.008232910186 0.007109989412 0.005809728988 0.00563852163 0.005362242926 0.005194123369 0.004994939547
219,frag@228.06 frag@207.1 loss@151.03 frag@306.11 frag@366.16 loss@140.08 frag@204.06 frag@154.06 frag@256.05 loss@168.05 loss@182.05 loss@198.99 frag@192.99 frag@195.99 loss@284.03 loss@115.03 loss@76.04 frag@275.19 loss@257.03 frag@115.06,0.08188740909 0.044462502 0.03367829323 0.02778502181 0.02464034595 0.00871695485 0.006558769383 0.005353516899 0.004697779194 0.004597434774 0.004516562447 0.004152338952 0.003804798704 0.003638815833 0.003399582347 0.003180440981 0.003140106564 0.003086598823 0.003016314004 0.003010545392
220,frag@111.04 loss@168.04 frag@139.04 loss@221.05 loss@238.05 loss@247.02 frag@65.04 loss@232.11 loss@204.12 frag@93.03 loss@128.04 frag@92.06 frag@159.97 frag@79.05 loss@401.15 frag@81.03 frag@186.99 frag@115.03 frag@109.03 loss@95.01,0.1754152626 0.09027182311 0.0595686473 0.05646195263 0.03356374428 0.03101123683 0.0197555311 0.01615807228 0.01283108722 0.01104025636 0.00987175107 0.008722706698 0.008286334574 0.008212335408 0.008141667582 0.007538937964 0.006906487048 0.006104638334 0.005909034051 0.005754908081
221,loss@100.01 frag@271.07 frag@212.96 loss@128.03 loss@243.06 frag@141.0 frag@252.95 frag@200.93 loss@112.01 loss@78.14 frag@192.07 frag@186.05 frag@234.94 loss@172.01 frag@140.03 loss@107.02 frag@194.04 frag@100.02 frag@148.02 frag@58.99,0.1437256336 0.05332627147 0.02768337168 0.01851744577 0.01350984909 0.00911203213 0.007570720743 0.00623486191 0.005736250896 0.004178214818 0.003723341506 0.003559672972 0.003532876028 0.002974885982 0.002826792421 0.002407212975 0.00236571487 0.002346385969 0.00230106432 0.002218824578
222,frag@209.05 frag@180.11 loss@144.11 loss@80.07 loss@138.15 loss@185.11 loss@168.08 loss@78.18 frag@180.01 loss@228.18 frag@269.09 loss@180.15 loss@163.12 loss@233.96 frag@124.04 loss@379.06 loss@298.04 frag@213.0 frag@343.19 loss@162.12,0.1686289907 0.130600974 0.1197464988 0.04750666022 0.02765985392 0.009086847305 0.008571418002 0.004333612509 0.004094442353 0.003794078715 0.003782840213 0.002742559416 0.002721463097 0.002169250278 0.002159500727 0.002134024166 0.002076757373 0.002005649265 0.001987849595 0.001878919196
223,frag@159.04 loss@147.11 loss@260.09 frag@141.05 frag@261.08 loss@215.06 loss@188.1 loss@243.12 loss@188.07 loss@135.05 loss@182.08 loss@238.09 loss@272.11 loss@367.15 loss@220.08 loss@187.09 loss@177.01 loss@170.05 loss@239.97 loss@303.09,0.3449133337 0.03129155934 0.009172347374 0.00890128687 0.004617766012 0.003622989869 0.002537779976 0.002374969423 0.00230242731 0.002299159765 0.002251265338 0.002230247483 0.002215619897 0.002133096335 0.00211825734 0.002048798837 0.002045350382 0.002022871049 0.001978416461 0.001930677099
224,frag@291.12 frag@170.98 frag@155.12 loss@197.99 loss@32.04 frag@286.03 loss@182.06 frag@208.02 frag@205.06 loss@124.05 frag@208.1 loss@293.19 frag@286.12 frag@257.13 loss@133.05 loss@264.05 loss@107.07 frag@259.03 loss@134.96 loss@283.02,0.1452376842 0.001714472426 0.001594745088 0.001534975599 0.001518376404 0.001383549883 0.001349880709 0.001327857142 0.0012571814 0.00125552027 0.001249812776 0.001191991498 0.001180470572 0.001109926496 0.001101964386 0.001097595436 0.001088674529 0.001088303863 0.0009843910811 0.0009654665482
225,frag@155.08 loss@192.05 frag@107.07 frag@209.11 loss@178.97 frag@137.07 loss@131.03 loss@157.05 frag@162.97 loss@154.04 loss@194.07 loss@185.07 frag@110.05 frag@152.07 loss@182.02 loss@173.09 loss@187.09 frag@313.12 loss@265.04 loss@201.04,0.1397232264 0.1393087506 0.1199194267 0.04583840817 0.02867750265 0.02204659954 0.01652464457 0.0112557048 0.01021451969 0.007860640995 0.006598455366 0.006476966664 0.006378345191 0.006059716456 0.005088985432 0.004666056018 0.004665900487 0.004547772929 0.004338806961 0.004336564802
226,frag@153.04 loss@152.11 loss@245.07 loss@160.03 loss@203.04 frag@127.06 loss@270.03 frag@160.99 frag@236.05 frag@59.02 frag@209.09 frag@99.03 loss@222.12 loss@165.06 frag@139.03 frag@285.12 frag@144.06 frag@98.04 frag@110.03 frag@150.08,0.1683233827 0.0825817734 0.07018476725 0.0700211674 0.05717861652 0.03465376794 0.03068321757 0.02272983268 0.02145151235 0.01465511974 0.009625252336 0.007898021489 0.005965528078 0.004507300444 0.004315152299 0.004292313475 0.004168038722 0.003988728859 0.003877746873 0.003748940537
227,frag@203.08 loss@122.03 frag@216.14 frag@247.04 loss@250.08 loss@246.1 loss@96.0 frag@175.09 loss@197.03 loss@353.13 loss@182.02 loss@275.07 loss@174.08 loss@133.02 loss@245.15 frag@174.09 frag@221.09 loss@327.13 loss@344.17 loss@136.07,0.2920533419 0.03173209727 0.02007092349 0.0110438047 0.005940197967 0.004334575962 0.003580280347 0.003351262305 0.003064790741 0.002912796801 0.002840784611 0.002734373091 0.002648932626 0.00260589458 0.002549919533 0.002470969455 0.002311775461 0.002240919042 0.002158545889 0.00215173699
228,frag@165.02 loss@286.04 loss@190.14 loss@185.98 frag@144.96 loss@325.02 loss@146.18 loss@310.05 loss@314.06 loss@166.03 loss@180.06 frag@150.01 frag@208.04 loss@186.05 loss@227.06 frag@183.03 loss@162.05 loss@526.13 loss@318.11 loss@294.14,0.2616896629 0.004646805115 0.003162777517 0.002932033967 0.002897861646 0.002685024636 0.00262089842 0.002379114041 0.002342472784 0.002145334613 0.002091106027 0.002010244876 0.001983623486 0.001941923634 0.001782418345 0.00175693701 0.001659145229 0.001649348531 0.001576103154 0.001532259281
229,frag@175.06 loss@129.06 loss@158.04 frag@155.06 frag@190.09 frag@191.13 loss@140.04 frag@258.1 loss@85.1 loss@258.17 frag@223.05 loss@135.07 loss@43.02 loss@89.02 frag@172.08 loss@113.06 frag@145.06 loss@161.11 frag@144.07 loss@185.03,0.2618296444 0.1187858209 0.08462654799 0.01409615483 0.005853605457 0.004467629828 0.003941887058 0.003717383835 0.003605157835 0.003148422111 0.003142106812 0.002994525246 0.002880283399 0.002857544459 0.002797608962 0.002762906486 0.002736253897 0.002734661102 0.002668860601 0.002559466986
230,loss@165.05 frag@106.04 loss@135.05 loss@167.02 frag@322.16 frag@84.05 frag@133.05 frag@144.05 frag@66.03 frag@112.06 loss@171.05 loss@147.05 frag@186.05 frag@200.06 loss@79.99 frag@148.06 frag@154.07 frag@191.12 frag@152.05 frag@166.0,0.1278178841 0.1150851995 0.1064266711 0.04663607478 0.03021432459 0.007531684823 0.004220323637 0.004124011379 0.00383848045 0.003528419416 0.003367896192 0.003193616169 0.003055587644 0.00298550399 0.00265202811 0.002641017549 0.002593428129 0.002498410176 0.002425213577 0.002393938601
231,loss@272.09 loss@299.09 loss@412.12 loss@302.07 frag@97.01 loss@110.0 frag@242.99 frag@83.06 loss@450.2 frag@290.13 loss@333.05 frag@111.06 frag@166.03 frag@84.07 frag@179.12 frag@304.06 loss@320.98 loss@246.07 frag@127.06 frag@150.06,0.1228716522 0.05407494679 0.02798739076 0.01700205542 0.01032606512 0.009522379376 0.008643316105 0.007371772081 0.007030937355 0.006684777793 0.006640915293 0.006100422703 0.005876055453 0.005575266667 0.005210044328 0.004965668544 0.004778062925 0.003724560374 0.003707645461 0.003679015208
232,loss@128.09 frag@235.09 frag@260.06 frag@249.05 frag@261.1 loss@154.05 frag@199.11 frag@149.01 frag@222.1 loss@129.11 frag@200.03 frag@202.08 frag@144.07 loss@183.01 loss@129.05 loss@280.09 loss@193.13 loss@111.07 frag@263.14 frag@233.11,0.1803849787 0.07166144997 0.06078117341 0.04116859287 0.03904880583 0.03548252955 0.01615477167 0.01605365425 0.01018717047 0.009146301076 0.005518314894 0.005214473233 0.004888923373 0.004646379035 0.004579970147 0.004427128471 0.004088873975 0.00406046398 0.003680671565 0.003535401076
233,loss@220.05 frag@219.12 frag@381.17 frag@144.06 frag@150.07 frag@171.01 frag@84.09 loss@291.13 frag@179.09 frag@351.18 frag@259.03 frag@186.1 loss@211.13 frag@176.13 frag@259.12 frag@104.02 loss@188.12 loss@277.07 frag@125.99 frag@159.06,0.2041636407 0.1666481942 0.006034405436 0.003564699553 0.003132939804 0.002879585605 0.002817675471 0.002606089227 0.002593030455 0.002583816648 0.002445310121 0.002302371664 0.002249232726 0.002248048782 0.002031408716 0.002002032707 0.001965591218 0.00192856323 0.001909821178 0.001882376731
234,loss@149.05 loss@137.05 loss@135.04 frag@204.02 loss@163.07 frag@108.02 frag@187.1 loss@148.04 frag@233.07 frag@147.0 frag@179.06 frag@217.06 frag@212.08 frag@204.12 loss@175.07 frag@164.03 loss@72.02 frag@118.05 frag@52.03 frag@173.08,0.1391295046 0.07034809142 0.06350531429 0.03439955041 0.02924645878 0.01699746214 0.0139651401 0.01101363543 0.007962414995 0.005544757936 0.005376490764 0.004840332083 0.004685479682 0.004645988345 0.004619567655 0.003865701845 0.003784690518 0.003740970278 0.003472902579 0.003398233093
235,frag@214.07 frag@258.1 frag@268.07 loss@116.01 frag@202.08 frag@343.19 loss@260.16 loss@140.03 frag@211.12 loss@259.11 loss@193.99 frag@125.05 frag@175.06 frag@160.05 loss@96.04 loss@341.15 loss@69.03 frag@241.11 frag@270.09 frag@287.09,0.1188263521 0.005784755573 0.002891189419 0.002849169075 0.002643408719 0.002196375513 0.001948204241 0.001903214492 0.001897688373 0.001793458941 0.001712544239 0.001629396458 0.001573288348 0.001544177881 0.001542007318 0.00145488861 0.001447091228 0.00143617217 0.001433484722 0.001290787826
236,frag@109.03 frag@81.03 frag@99.04 loss@224.01 frag@53.04 frag@127.04 frag@169.05 loss@267.99 loss@248.06 loss@254.04 loss@287.06 frag@93.03 loss@320.11 loss@319.98 loss@368.17 loss@256.97 loss@313.1 frag@113.06 frag@176.98 loss@278.1,0.2114909887 0.05286140367 0.02862579748 0.01501257718 0.0140995197 0.01007753983 0.006234627217 0.004721712321 0.004691994283 0.003824700136 0.003741938155 0.003472028999 0.003161675995 0.003120206529 0.002739146352 0.00270734285 0.002627665177 0.00240640156 0.002403787803 0.002401890699
237,frag@175.03 loss@140.04 loss@96.0 frag@98.04 loss@170.01 frag@213.04 loss@112.04 frag@152.02 loss@152.07 frag@190.04 frag@136.02 frag@186.05 frag@163.03 frag@107.03 loss@158.02 loss@149.02 loss@134.05 frag@158.04 frag@124.02 loss@167.04,0.1657411456 0.1313568503 0.02432768419 0.02067546174 0.01903342083 0.01250545215 0.0112066688 0.007774548605 0.006096351892 0.005284396466 0.005242593121 0.004582803696 0.004519132897 0.004475772381 0.004159499891 0.003823839827 0.003410928184 0.003017937066 0.002966256114 0.002933833981
238,loss@109.07 frag@219.06 frag@198.06 loss@92.07 loss@164.02 frag@180.99 frag@344.21 frag@287.11 loss@278.07 loss@98.07 loss@335.22 loss@363.11 loss@246.18 loss@78.19 frag@302.13 loss@396.13 loss@265.12 frag@209.96 frag@252.11 loss@167.17,0.09020784497 0.08300317079 0.0768969059 0.056636177 0.04849031568 0.03969934955 0.01302799955 0.01007903926 0.007265889086 0.006640914828 0.006423594896 0.00614159368 0.005867636297 0.004871226382 0.004766630009 0.004518914968 0.004153191112 0.003339836607 0.003198519349 0.003148956457
239,loss@181.11 loss@153.11 frag@83.09 frag@124.08 frag@152.11 frag@124.11 frag@208.04 loss@139.1 frag@110.1 frag@181.1 frag@154.04 frag@129.1 frag@138.09 frag@178.12 frag@100.04 frag@113.03 loss@342.06 frag@55.05 frag@84.08 frag@81.07,0.2710133791 0.01872947626 0.01800602861 0.01600765437 0.01567031629 0.01287840214 0.009663689882 0.009287166409 0.00923195295 0.007429456338 0.005417993292 0.005130193196 0.005071926396 0.004816289991 0.004624068271 0.004365031142 0.004333788995 0.004258370493 0.004063935019 0.00402115332
240,loss@182.05 frag@259.04 frag@273.09 frag@447.13 loss@218.04 frag@56.96 loss@240.04 frag@194.08 frag@135.03 frag@139.02 loss@154.05 frag@144.06 frag@385.13 loss@208.05 loss@148.01 frag@124.02 frag@163.03 frag@171.01 frag@144.96 frag@197.97,0.1687180847 0.06577911973 0.02495760471 0.006513048895 0.0063222358 0.006113657728 0.004986132029 0.004973946139 0.004709167872 0.004184587859 0.003810420632 0.003439399879 0.003279773984 0.002931729658 0.002808016725 0.002654361771 0.002607295057 0.002581123495 0.002556566847 0.002541897353
241,loss@182.09 frag@155.08 frag@194.09 frag@129.07 loss@172.07 frag@319.16 frag@173.1 frag@365.14 frag@256.05 frag@116.01 frag@56.96 frag@57.03 frag@318.18 frag@182.03 frag@189.04 frag@171.03 frag@119.09 frag@123.08 frag@74.01 frag@144.09,0.2961195707 0.005119878333 0.004674100317 0.004271719605 0.004129863344 0.003966466058 0.003888354637 0.003804768668 0.003619755385 0.0033831771 0.003382214345 0.003133491613 0.002886160044 0.002844920848 0.002788828686 0.002709486522 0.002580853412 0.002531073755 0.002284518676 0.002244717907
242,loss@269.05 frag@220.13 frag@268.02 frag@192.1 frag@173.95 frag@165.09 loss@351.13 loss@78.1 frag@127.01 loss@159.13 frag@218.1 frag@463.24 frag@339.09 loss@253.12 frag@161.99 frag@229.12 loss@150.09 loss@138.1 loss@271.12 frag@304.09,0.07358845323 0.06097524986 0.02747831307 0.02709464543 0.008509286679 0.004228685983 0.003656317014 0.003590024775 0.003077537986 0.002581755398 0.002456041519 0.0023985398 0.002265249845 0.002212025458 0.002207093872 0.002156495117 0.002075716853 0.002029568655 0.001637820387 0.00163469289
243,frag@171.04 frag@143.05 loss@153.15 loss@279.17 frag@181.06 loss@147.1 loss@149.06 frag@115.06 loss@331.1 loss@181.15 loss@239.16 frag@165.02 loss@113.13 loss@144.99 loss@57.07 loss@259.08 loss@151.1 loss@302.12 loss@176.01 frag@199.04,0.2538198531 0.08969465643 0.06537801027 0.003659668379 0.002779772971 0.002645371249 0.002312210854 0.002309456468 0.002079725033 0.002026113914 0.00187876448 0.001871148706 0.001761710737 0.001641822862 0.001516648452 0.001477687154 0.00143733446 0.001383872936 0.001365648001 0.001336466172
244,frag@139.02 frag@111.03 loss@155.04 loss@140.03 loss@235.09 loss@333.21 loss@182.05 loss@236.94 loss@167.04 loss@230.03 loss@186.09 loss@196.06 loss@172.07 loss@181.06 loss@201.04 loss@201.11 loss@218.03 loss@367.11 loss@152.03 loss@194.08,0.3516508341 0.007770619821 0.004640406929 0.002612327226 0.002521826886 0.002082300838 0.001741744112 0.001699334709 0.001626237645 0.001557696494 0.0015238903 0.001475831377 0.00145855837 0.00142664311 0.001410844619 0.001380828908 0.001340776333 0.001338944188 0.001328406855 0.001286653685
245,loss@185.12 loss@255.09 loss@263.15 frag@198.02 frag@381.17 frag@236.11 frag@376.15 frag@155.98 frag@149.06 frag@81.03 frag@180.04 frag@85.08 frag@209.14 frag@121.03 frag@257.13 frag@112.99 frag@131.97 frag@226.05 loss@287.04 frag@84.09,0.1358454227 0.08899542689 0.06818260998 0.0330071412 0.01496333629 0.0115914261 0.009121737443 0.007737646811 0.007411829662 0.007308233064 0.007261034567 0.007201904897 0.007159341127 0.0066255969 0.006369754206 0.005319708493 0.005318120588 0.005111728795 0.004911453929 0.004669921473
246,frag@119.06 loss@268.05 loss@189.99 loss@210.0 loss@54.02 loss@114.02 frag@65.04 frag@147.06 loss@243.14 frag@92.05 loss@311.06 loss@245.06 loss@194.06 frag@107.06 loss@143.04 loss@242.99 loss@211.04 frag@97.04 loss@190.07 loss@131.08,0.2972154319 0.03143782169 0.02324827574 0.01989122294 0.009912677109 0.009602804668 0.008429033682 0.005699057598 0.004959317856 0.004209812731 0.003974960186 0.003899594536 0.00380244758 0.00350040081 0.00328755728 0.003191172145 0.003180867294 0.002866374096 0.002842586255 0.002827824792
247,loss@102.03 frag@281.07 loss@106.03 loss@78.03 loss@120.04 loss@104.05 frag@151.01 frag@69.0 loss@130.03 loss@118.03 frag@190.03 frag@222.98 loss@88.02 frag@195.1 frag@64.0 frag@76.93 loss@90.03 frag@150.01 loss@105.04 frag@236.05,0.1031059325 0.07965652645 0.07377951592 0.05614418536 0.04232839122 0.01910251379 0.009738629684 0.008450971916 0.008220239542 0.007754036225 0.007500689011 0.007365917321 0.006936025806 0.006928256247 0.006428130902 0.006364738569 0.006010420155 0.005607409868 0.005481910426 0.005438559223
248,frag@173.06 loss@170.06 loss@197.07 frag@175.08 loss@286.09 frag@147.08 frag@183.1 loss@172.07 frag@228.06 frag@145.06 frag@163.08 loss@308.15 frag@297.15 loss@173.01 frag@129.07 loss@236.07 frag@138.99 frag@191.07 loss@147.1 frag@317.21,0.1826931983 0.1542674005 0.1416613609 0.1197931319 0.02897169814 0.01218363643 0.006684544496 0.005139192101 0.003667389508 0.003480724059 0.003461157437 0.003138817614 0.00300135999 0.002971539274 0.002887401031 0.002821271541 0.002747092396 0.002597328043 0.002588632284 0.002489446662
249,frag@53.04 loss@237.03 loss@271.05 loss@225.03 frag@81.03 loss@245.02 frag@83.02 loss@54.02 frag@53.0 loss@287.06 loss@248.06 frag@65.04 frag@124.04 loss@254.04 frag@91.04 frag@67.04 frag@155.98 frag@81.06 loss@236.17 loss@101.02,0.1966046989 0.05067489296 0.04204018041 0.03825725242 0.02390311472 0.02144994028 0.02052183636 0.01824972965 0.0159244705 0.01002491079 0.009211051278 0.006766454317 0.006327862386 0.00535321841 0.004902051762 0.003618166316 0.003617776325 0.003497885074 0.003231643001 0.003158671549
250,loss@46.01 frag@78.01 loss@43.99 loss@45.0 frag@171.07 loss@87.03 frag@78.03 frag@257.09 frag@216.14 loss@28.0 loss@59.01 loss@72.02 frag@220.07 loss@73.02 frag@169.08 frag@90.03 frag@128.05 frag@132.07 frag@79.04 loss@74.04,0.1616158932 0.05189763755 0.04809488356 0.02963902056 0.02421434224 0.0238134861 0.0214825701 0.01754033379 0.0167573411 0.01657121256 0.01441226527 0.01120586507 0.01114592422 0.01033255644 0.009751258418 0.009355719201 0.009145908058 0.00904664211 0.008870733902 0.008608772419
251,frag@212.08 frag@216.08 loss@197.03 loss@196.02 loss@182.02 loss@191.12 frag@190.1 loss@174.08 loss@190.06 loss@62.09 loss@160.07 frag@187.09 frag@160.09 frag@116.03 loss@206.12 frag@168.06 frag@161.08 loss@157.06 loss@164.07 loss@48.02,0.1812410951 0.1060006768 0.08319766074 0.04776154831 0.005535551347 0.004520603456 0.003853608621 0.003761714324 0.003195297439 0.003139541252 0.00311462488 0.002400526544 0.002356537851 0.002309335629 0.002254533116 0.002162648831 0.002099606209 0.00197837106 0.001953046769 0.001895833178
252,frag@244.05 loss@327.13 loss@409.1 frag@235.16 loss@148.08 loss@201.02 loss@203.0 loss@404.22 frag@188.06 frag@216.13 frag@120.09 loss@265.08 frag@315.14 frag@162.12 loss@211.03 frag@218.12 frag@292.13 loss@309.16 loss@273.12 loss@230.14,0.1359441578 0.02569831535 0.005365464836 0.002470466075 0.002362062456 0.002090947703 0.00203609583 0.001794597134 0.001785526285 0.001640101429 0.001503466396 0.001465489157 0.00140840793 0.001339455717 0.001319538453 0.001142178895 0.001127746073 0.001022054115 0.001011055894 0.001004827791
253,loss@206.06 frag@135.1 loss@253.03 frag@125.01 frag@200.06 loss@201.03 frag@215.13 frag@186.09 loss@178.06 frag@323.08 frag@179.06 frag@290.14 frag@133.08 frag@124.04 frag@126.08 frag@220.1 frag@175.02 frag@125.02 loss@173.02 frag@163.09,0.2408476472 0.08862420917 0.02243886329 0.008905957453 0.006230602507 0.004254695028 0.004103412386 0.003885221668 0.003791337134 0.003714749357 0.003685650649 0.003666276811 0.002816673834 0.002752040047 0.002596262842 0.002560669091 0.002558650216 0.00254995143 0.002516710199 0.002404507482
254,loss@134.11 frag@241.08 frag@226.11 loss@332.13 loss@362.2 loss@158.01 frag@190.09 loss@190.1 frag@236.15 frag@141.02 frag@142.12 frag@201.1 loss@112.09 loss@278.15 frag@227.11 frag@328.01 frag@292.11 frag@73.06 frag@224.16 frag@195.05,0.1344031692 0.06786140054 0.0230845809 0.02167480253 0.01692998596 0.01104906853 0.00816802308 0.006842762697 0.00562502211 0.003296648851 0.003124775598 0.003086886369 0.003001840319 0.00276945089 0.002746415092 0.002603010042 0.002436857903 0.002400669735 0.002394206123 0.002381957835
255,loss@223.08 frag@180.04 loss@204.06 loss@224.09 frag@80.06 frag@206.06 frag@67.02 frag@184.02 frag@149.04 frag@59.0 frag@170.04 frag@313.12 frag@162.06 frag@155.98 frag@195.99 frag@223.01 frag@99.07 frag@124.06 frag@204.14 loss@185.07,0.1784586012 0.1208445057 0.06001176313 0.03634714708 0.0138430763 0.01113165077 0.008955230936 0.008918238804 0.007461084984 0.006981344894 0.006354168523 0.005802339874 0.00554767251 0.005393839441 0.00474954024 0.003800668521 0.003760606283 0.003441484179 0.003327438608 0.003295934992
256,frag@97.01 loss@221.09 loss@209.09 loss@228.1 loss@213.09 loss@221.06 loss@237.08 loss@124.0 frag@151.06 loss@206.08 loss@257.04 frag@111.03 loss@181.06 loss@230.11 loss@227.04 loss@235.04 loss@245.07 frag@182.95 frag@113.01 frag@149.04,0.3605777621 0.03705390543 0.03457395732 0.02837612294 0.02264925838 0.01997778006 0.01282412466 0.01179955434 0.01112716459 0.01090341154 0.01044992916 0.008440127596 0.008051142097 0.006582352333 0.006077250931 0.005923594348 0.005732388701 0.004361455794 0.004136750009 0.003717552638
257,frag@178.1 loss@178.12 loss@311.07 frag@265.05 loss@206.12 loss@179.11 frag@71.03 frag@134.07 frag@150.07 loss@109.09 frag@162.07 loss@305.16 frag@190.1 frag@95.06 frag@135.09 loss@149.1 loss@220.13 loss@251.2 loss@290.2 loss@183.99,0.2664983571 0.1772887707 0.04045565799 0.01159948297 0.01110641006 0.00813477207 0.007384966128 0.006043325644 0.005426169839 0.004557843786 0.004159825854 0.004080483224 0.0037270803 0.003558847588 0.003499246668 0.003351456719 0.003203046042 0.003150794422 0.003105931915 0.002892190823
258,frag@166.05 loss@242.15 frag@391.18 frag@55.02 loss@281.12 loss@324.17 loss@259.09 frag@94.07 frag@84.04 loss@284.11 loss@230.01 loss@230.15 frag@167.98 frag@150.06 loss@255.01 frag@230.02 loss@319.05 loss@205.08 loss@273.07 frag@112.02,0.2729952633 0.1847527027 0.01845914684 0.00751330005 0.005967146717 0.004559115972 0.004104169086 0.003349252511 0.003043301869 0.002771930071 0.002758240094 0.002672336763 0.002649534727 0.002645153319 0.002601523884 0.00248651905 0.002403330989 0.002303711371 0.002276537009 0.002155423164
259,frag@82.03 frag@99.06 loss@482.12 loss@300.05 frag@54.03 loss@240.06 loss@113.01 loss@105.04 loss@233.13 loss@259.0 loss@259.09 frag@124.04 loss@224.09 frag@42.03 loss@409.09 frag@99.05 frag@56.05 frag@69.04 loss@252.07 frag@170.03,0.1645669043 0.1293631047 0.02745538391 0.0160943903 0.00371159194 0.0036811803 0.003292361042 0.002862997586 0.002822154667 0.002734733978 0.002633430297 0.002402747981 0.002367554931 0.002313578734 0.002299395157 0.002222035546 0.002150664805 0.002025016351 0.001965114148 0.001920037437
260,loss@128.06 loss@70.08 frag@207.04 frag@162.02 frag@187.03 frag@114.02 frag@224.98 frag@207.02 loss@125.01 loss@80.04 frag@262.11 frag@258.07 loss@110.08 loss@127.02 frag@431.21 frag@173.96 frag@288.08 loss@155.13 frag@243.02 frag@230.1,0.06870339811 0.06806272268 0.03522843495 0.02928072587 0.02760390006 0.02086521126 0.01936744712 0.01931237057 0.01393341832 0.01387065463 0.01189603377 0.01182712056 0.008533425629 0.008362103254 0.007489837706 0.006864303723 0.006504534744 0.006067614537 0.00556125259 0.005113102961
261,loss@227.07 frag@314.13 frag@189.14 frag@82.03 frag@180.01 frag@241.11 frag@88.02 loss@255.07 frag@84.06 frag@97.01 frag@110.99 frag@59.0 frag@246.06 frag@220.02 frag@99.07 frag@123.04 frag@81.03 loss@271.05 frag@358.09 frag@52.03,0.2784564197 0.008632441051 0.007237324491 0.005949013401 0.004884458147 0.003971483093 0.003864934202 0.00353334425 0.003494558856 0.003445177572 0.003372845007 0.003135394072 0.003076737281 0.002965546679 0.002895517275 0.00279751909 0.002760479227 0.002652933821 0.002622101689 0.002461412922
262,frag@169.01 loss@274.13 loss@241.18 loss@325.15 loss@241.16 frag@125.99 frag@395.08 frag@139.01 frag@129.01 loss@236.16 loss@226.08 loss@255.04 frag@139.99 loss@239.1 loss@262.13 loss@199.1 loss@212.04 loss@286.17 loss@241.14 loss@217.15,0.3145312071 0.09792749584 0.08928338438 0.02385493554 0.02315902151 0.02201782912 0.00999041833 0.008015249856 0.006602549925 0.006327888928 0.005680657923 0.004178992938 0.003455106402 0.003379033413 0.003319954034 0.003202843247 0.003187247086 0.003001788165 0.00299919839 0.002959776903
263,frag@146.1 loss@251.1 loss@275.05 loss@242.01 frag@174.09 loss@343.11 loss@263.07 frag@131.07 frag@129.07 frag@134.1 frag@132.08 frag@145.09 frag@190.09 loss@253.05 loss@241.01 frag@160.1 frag@159.1 loss@230.14 loss@274.13 loss@274.06,0.28685835 0.06033235043 0.04935377091 0.01455907896 0.01261519734 0.012519449 0.01119590923 0.007298926357 0.007288180292 0.004640610423 0.004440111108 0.004322549328 0.00390244904 0.003552088747 0.003496014979 0.003401829628 0.00290115783 0.002837832086 0.002698101103 0.002652907278
264,frag@215.08 frag@243.11 loss@233.05 loss@298.18 loss@262.99 loss@159.07 frag@172.04 loss@185.15 loss@474.25 loss@211.98 loss@298.13 loss@286.09 loss@232.08 loss@214.07 frag@187.09 frag@190.06 frag@200.06 loss@214.15 loss@297.04 frag@190.05,0.1935759783 0.0795089826 0.01463531703 0.007655241992 0.007566423621 0.006604856811 0.005889933091 0.005464270245 0.005000757519 0.004891284741 0.004420696758 0.004082178231 0.004000682384 0.003920406569 0.003915420733 0.003476282116 0.003366498509 0.003345652949 0.003269597655 0.003264846047
265,frag@195.02 frag@177.01 loss@207.02 frag@93.03 loss@310.05 frag@190.1 frag@139.02 loss@167.02 loss@158.05 loss@251.18 loss@253.04 loss@241.04 frag@123.04 loss@267.03 frag@194.08 loss@284.09 loss@43.01 loss@242.01 loss@263.98 loss@244.13,0.1789189577 0.1246633753 0.1228875667 0.003271023277 0.002456610091 0.001915387344 0.0018869919 0.001872974564 0.001817365293 0.001707215328 0.001664144685 0.001647606958 0.001598453382 0.00158623897 0.001569027663 0.001561990008 0.001515788259 0.001480778912 0.001456174185 0.001450172043
266,loss@112.06 frag@225.16 loss@47.0 frag@68.01 frag@171.01 frag@194.04 frag@182.01 frag@145.05 frag@96.07 frag@167.05 frag@162.13 frag@141.02 frag@176.07 frag@247.14 frag@327.08 frag@263.15 frag@134.04 frag@60.48 frag@144.1 frag@133.0,0.2877636254 0.04048572108 0.02062347718 0.004420892801 0.002927811584 0.00250459672 0.002423871541 0.00220750249 0.002055702731 0.002032396849 0.001889573876 0.001879422809 0.001874178182 0.001760609797 0.001751814154 0.001703960355 0.001614502282 0.001603383338 0.001531912014 0.001527603599
267,loss@165.06 loss@271.07 loss@249.01 loss@160.96 frag@176.05 frag@98.02 loss@192.07 frag@151.06 frag@274.01 frag@212.95 frag@152.05 frag@224.07 frag@109.05 frag@116.98 frag@180.05 frag@153.05 frag@153.06 frag@158.02 frag@111.03 frag@54.03,0.1785128564 0.0759954825 0.008464469574 0.005681198556 0.00562115293 0.003814125201 0.003411434824 0.003371936036 0.003222340252 0.003137262538 0.00305478368 0.002953323303 0.002735419199 0.002629576251 0.002595885191 0.002528766403 0.00235082861 0.002327802125 0.002195646754 0.002185473917
268,loss@142.07 loss@175.14 frag@197.03 frag@244.08 frag@167.05 frag@269.02 loss@118.11 frag@205.06 frag@74.1 frag@169.11 frag@279.16 frag@400.15 frag@376.15 frag@182.08 frag@326.11 frag@117.07 frag@154.06 frag@184.96 frag@197.0 loss@182.13,0.1815112978 0.1096586809 0.06987441331 0.03567836806 0.02346157096 0.01841283776 0.01401792187 0.009047087282 0.00523664942 0.004413045477 0.0032173004 0.003101146081 0.002892315155 0.002839189954 0.00258119381 0.002580456669 0.002568753436 0.002518894849 0.002361406572 0.002275499282
269,loss@180.06 frag@256.05 frag@106.07 frag@181.04 frag@144.06 frag@206.06 frag@98.03 frag@178.06 frag@71.0 frag@160.05 frag@314.13 frag@118.04 loss@166.03 frag@126.06 frag@180.04 frag@139.03 frag@270.11 frag@191.03 frag@182.95 frag@147.05,0.2230465561 0.006455373019 0.005617646966 0.005400864407 0.00470472686 0.004190148786 0.004041262437 0.003383980133 0.00326360832 0.002986068139 0.002968821675 0.002563370857 0.002393380506 0.002280370099 0.002272405662 0.002112723887 0.002107305219 0.002050092211 0.002045855857 0.002041748259
270,loss@305.13 frag@303.03 frag@222.1 frag@199.09 frag@110.02 loss@169.11 loss@250.1 frag@195.05 frag@159.09 frag@141.02 frag@99.08 frag@190.06 frag@175.06 loss@146.14 loss@274.19 frag@159.1 frag@192.01 frag@192.1 frag@203.08 loss@345.12,0.07509941608 0.02001856826 0.009172610007 0.004615786951 0.003946315031 0.003578715259 0.003485782072 0.003133173566 0.002977359341 0.002822089242 0.002812460065 0.002807915676 0.002762514399 0.002747091465 0.002727405168 0.002615290694 0.002535207896 0.002498327522 0.00243582949 0.002428854117
271,frag@202.07 loss@243.16 frag@321.09 loss@164.11 loss@243.12 frag@299.15 loss@253.96 frag@213.96 loss@139.1 frag@157.03 frag@284.14 loss@145.09 loss@147.06 loss@203.96 frag@241.1 frag@217.14 frag@195.08 frag@126.08 frag@234.98 loss@226.99,0.2104759216 0.07224081457 0.02354839072 0.002856137231 0.002708058106 0.002576500177 0.002244118135 0.002163472585 0.00204097433 0.001993670594 0.001988063101 0.001771362266 0.001759312348 0.001730856951 0.001654772204 0.001633303589 0.001621987787 0.001579937642 0.001517259399 0.001509928494
272,loss@166.06 loss@248.15 loss@241.11 loss@248.16 frag@101.02 frag@134.1 frag@167.13 frag@349.13 frag@164.11 frag@149.06 frag@274.18 frag@160.97 frag@138.09 frag@102.04 frag@121.06 frag@237.03 frag@365.14 frag@133.06 frag@179.0 frag@147.08,0.1371666193 0.07572416216 0.07174576819 0.04924247414 0.01675511152 0.01272304263 0.01254615653 0.01190932002 0.0116459066 0.009186525829 0.009119126946 0.008408712223 0.007459954824 0.00733094709 0.007078587543 0.006946549285 0.006701779552 0.006695342716 0.006309740711 0.005380467046
273,frag@161.05 loss@41.03 frag@200.06 loss@165.05 loss@132.07 loss@149.06 frag@120.02 frag@227.13 loss@108.08 frag@244.11 frag@293.11 loss@43.02 loss@166.97 frag@440.14 loss@141.0 frag@396.17 frag@133.05 loss@173.04 frag@154.07 loss@207.01,0.1927434653 0.1203968599 0.02560662851 0.009262731299 0.009115712717 0.007548263762 0.007106148172 0.006335815415 0.006235554814 0.005626410712 0.004560723435 0.004527984187 0.004510344006 0.004392614588 0.004381162114 0.004171554931 0.003773141652 0.003697402775 0.003471485572 0.003388156416
274,loss@196.11 loss@127.05 frag@210.04 loss@201.02 frag@163.99 loss@272.19 frag@161.99 frag@173.04 frag@102.97 frag@166.0 frag@312.12 frag@154.08 frag@258.08 frag@278.11 frag@238.02 frag@111.01 frag@151.99 frag@198.99 frag@218.98 frag@181.11,0.1715685129 0.07254616171 0.05274287984 0.04357896745 0.01692568138 0.01268683653 0.005990417209 0.003480832325 0.003356825095 0.003261846025 0.003233098192 0.002952627372 0.002819725778 0.002582837828 0.002542444272 0.002407080494 0.002340073697 0.002284566173 0.002279527951 0.002271040343
275,frag@101.11 frag@127.09 loss@282.11 loss@303.11 frag@221.1 loss@357.12 loss@299.14 loss@310.1 loss@296.04 frag@254.11 loss@355.07 loss@306.15 loss@228.15 loss@0.03 loss@236.11 frag@193.07 loss@142.11 loss@187.12 loss@153.0 loss@280.08,0.1646132171 0.1117212772 0.04897348583 0.03298540041 0.0303018596 0.01997815259 0.0164830368 0.01491643954 0.009171860293 0.008465901017 0.006130723748 0.005354946945 0.004462256096 0.00392788602 0.003734478727 0.003657040885 0.003540739417 0.003403569572 0.003362691263 0.003280058503
276,loss@194.05 loss@208.04 loss@249.06 loss@281.12 frag@134.02 frag@153.01 frag@196.02 frag@83.03 loss@301.03 frag@166.05 frag@198.15 frag@85.01 frag@125.01 frag@97.01 frag@125.0 frag@124.06 frag@125.02 frag@110.99 frag@206.06 frag@84.04,0.1745013446 0.06107647717 0.04645585269 0.01840311475 0.0112419147 0.01113844197 0.01112374384 0.008894651197 0.008793515153 0.008637730964 0.008117837831 0.007910580374 0.007230055984 0.005703216419 0.005605088547 0.00560373906 0.005295120645 0.004285196774 0.004201902542 0.004049996845
277,frag@56.05 frag@42.03 loss@117.04 frag@83.06 loss@238.06 loss@154.07 loss@241.06 loss@223.04 loss@224.06 loss@216.02 loss@235.17 loss@92.01 loss@163.05 loss@225.07 loss@197.15 frag@97.08 loss@301.08 loss@256.17 loss@259.0 frag@82.06,0.2290369123 0.08915938437 0.04168257117 0.03367098048 0.02000562102 0.01984130405 0.01983697154 0.01836769842 0.01698045991 0.01523385011 0.01426248159 0.01396906562 0.01288134325 0.01199259982 0.01149776392 0.01021733414 0.009780703112 0.009386556223 0.00938291382 0.008862644434
278,frag@55.02 loss@246.08 loss@183.09 loss@310.1 loss@157.04 loss@174.07 loss@183.98 loss@105.04 loss@210.1 loss@292.04 loss@219.07 loss@252.07 loss@211.08 loss@211.12 loss@246.11 loss@280.13 loss@261.15 loss@208.04 loss@219.06 loss@157.07,0.3834140897 0.004237294663 0.004130785353 0.004071646836 0.003830238245 0.003227477893 0.003170029726 0.002991704736 0.002969115274 0.002813220723 0.002792226383 0.002629146446 0.002450901316 0.002349196002 0.00225405721 0.002236958593 0.002159050666 0.002009671647 0.002008287469 0.001990266843
279,frag@132.04 loss@113.05 loss@160.06 frag@187.09 frag@185.11 loss@120.02 frag@118.07 loss@219.02 loss@159.07 frag@157.08 frag@150.05 frag@186.1 frag@145.08 loss@62.02 frag@358.13 loss@168.05 frag@171.05 frag@104.05 loss@161.05 loss@165.04,0.1773732156 0.1076966375 0.09104113281 0.06908438355 0.04551434144 0.03637395427 0.03458842263 0.0196231734 0.01240907144 0.01023110747 0.008730282076 0.008452381007 0.008020415902 0.00664638076 0.005764907692 0.005548695568 0.005482676439 0.005154365208 0.004809755366 0.00446017785
280,frag@149.11 loss@180.05 loss@153.03 loss@258.13 loss@195.07 loss@217.08 loss@255.08 frag@298.06 frag@168.06 frag@169.02 frag@273.11 frag@182.0 frag@323.15 frag@119.07 loss@202.01 loss@181.06 frag@177.1 loss@164.04 frag@223.01 frag@140.02,0.2409161031 0.1454524249 0.1080719009 0.04935591668 0.008879967965 0.006338938605 0.005635998677 0.005324946716 0.004849885125 0.004403909668 0.004397559911 0.004211063962 0.004195021 0.00417949073 0.004176426213 0.00401198538 0.003845305648 0.003293205285 0.002769016195 0.00261459942
281,frag@123.06 loss@204.07 loss@140.07 loss@190.07 loss@177.06 frag@246.06 loss@181.04 loss@210.07 loss@202.12 loss@205.11 loss@221.08 loss@213.05 loss@213.06 loss@223.07 loss@179.07 loss@183.06 loss@193.08 loss@179.08 loss@208.13 loss@208.08,0.4030122459 0.1268388331 0.07604072988 0.004466417711 0.004409942776 0.004017941654 0.004003812093 0.003661166411 0.003361806506 0.003199309809 0.00306295394 0.002945445478 0.002889941214 0.002838919405 0.00271325931 0.002653353149 0.002549009863 0.002526191296 0.002455900889 0.002339629456
282,loss@156.02 frag@201.02 loss@275.04 frag@328.14 frag@370.2 loss@328.08 loss@188.0 frag@251.04 frag@329.11 loss@113.03 frag@237.0 frag@309.13 frag@216.15 frag@152.08 frag@188.12 loss@256.08 frag@202.03 frag@238.08 frag@161.09 frag@220.16,0.1124853417 0.0403364189 0.03474255651 0.02485106885 0.01723854803 0.01592468098 0.01585643366 0.01225632988 0.01060269121 0.008900381625 0.005014259368 0.004562024958 0.004558893386 0.004122483544 0.003810389433 0.003562736791 0.003500945633 0.003297721269 0.002927145222 0.002902818145
283,frag@218.07 frag@187.07 loss@143.08 loss@76.04 loss@161.12 loss@141.0 frag@154.06 loss@180.06 loss@287.08 frag@168.07 frag@200.99 loss@134.06 loss@113.13 frag@304.1 loss@171.11 loss@127.09 loss@101.05 frag@364.16 frag@197.04 loss@132.03,0.1128251031 0.05875419825 0.05191392824 0.008094172925 0.004926017486 0.003180832136 0.003131936071 0.003105544252 0.002914028475 0.002881089691 0.00285907276 0.002770511201 0.00276608346 0.00275004399 0.002149916021 0.00206390745 0.002045439556 0.001925080898 0.001900344621 0.001731847762
284,frag@87.04 loss@230.0 loss@421.16 frag@43.02 frag@45.03 frag@57.03 frag@97.03 loss@445.16 loss@264.16 frag@69.03 frag@71.05 loss@127.08 frag@173.95 loss@744.25 frag@71.01 frag@127.04 loss@185.11 loss@113.01 frag@276.01 loss@281.16,0.2366314083 0.0356153287 0.02803662233 0.01544776838 0.01395761222 0.004595529754 0.003788860049 0.003500659484 0.00346813607 0.002994442359 0.002129156608 0.002125522587 0.002123069717 0.002049159957 0.002046489622 0.001947238808 0.001892307773 0.00184247701 0.001769828144 0.001662959112
285,frag@172.92 loss@167.08 frag@116.93 loss@170.93 loss@283.06 frag@157.04 loss@330.05 loss@244.14 loss@176.04 loss@233.14 frag@253.06 loss@239.97 loss@156.17 frag@241.98 loss@288.05 frag@189.04 loss@272.08 loss@169.02 frag@163.11 frag@282.08,0.31778723 0.1919551343 0.04399179667 0.009504338726 0.007180788554 0.004709685221 0.004266501404 0.003404668299 0.002207563957 0.002061823383 0.002024586778 0.00170551287 0.001535793999 0.001535169664 0.001366037759 0.00130025309 0.001299312687 0.001297211624 0.001292118104 0.001255780691
286,frag@212.95 frag@124.05 loss@113.03 loss@236.19 loss@292.08 loss@182.14 frag@152.08 loss@245.07 frag@221.02 frag@169.94 frag@263.1 frag@302.17 frag@108.06 frag@97.01 loss@207.13 loss@230.03 frag@201.02 loss@165.1 loss@193.01 frag@353.09,0.1437879205 0.1429975182 0.1170790195 0.007830848917 0.004386223853 0.004000394139 0.003345613834 0.003229295136 0.003210837021 0.002925244626 0.002592237433 0.00232266495 0.002213434083 0.002176253125 0.002150184708 0.002125077648 0.001972338185 0.001970832702 0.001934211468 0.001932976302
287,loss@125.05 frag@53.04 loss@204.0 frag@84.96 frag@69.04 frag@53.0 frag@158.03 frag@144.1 loss@386.01 frag@54.03 frag@152.05 frag@114.0 frag@124.04 frag@135.0 frag@193.13 frag@272.14 frag@189.03 frag@233.07 frag@194.08 frag@164.03,0.3111855686 0.02476821095 0.01430848241 0.01141215116 0.009658143856 0.009283736348 0.008534351364 0.007454058621 0.006452167407 0.005917563103 0.005472162273 0.005406220909 0.004638469312 0.004604328424 0.004598050844 0.004394649528 0.004208825063 0.00416018581 0.004079377744 0.004024587106
288,loss@222.06 frag@85.04 frag@171.02 loss@299.14 loss@224.09 frag@84.04 frag@102.01 frag@113.02 loss@200.03 loss@474.25 frag@140.05 loss@251.09 frag@110.05 frag@84.09 frag@114.0 frag@55.02 frag@215.11 loss@185.07 frag@139.03 frag@381.17,0.1078245789 0.09614831209 0.04089983553 0.03279709816 0.02280423418 0.01194361318 0.01114642899 0.009622110054 0.008980553597 0.008290812373 0.006285252515 0.005698526278 0.004808676429 0.004716338124 0.00432181824 0.004319379106 0.004211981315 0.003654716071 0.00361866923 0.003616517875
289,loss@197.08 loss@246.16 frag@143.01 frag@365.14 loss@272.08 frag@318.03 frag@246.06 frag@99.05 frag@84.09 frag@209.14 frag@56.05 frag@323.11 frag@115.06 frag@86.06 frag@183.05 frag@164.03 frag@236.11 frag@269.04 frag@93.03 frag@101.01,0.2715365589 0.04392533004 0.04036622122 0.01838620566 0.009203587659 0.006867540069 0.005247756839 0.004996551666 0.004658966325 0.004578294698 0.004541434348 0.004203664139 0.004176155198 0.004105605185 0.003762418171 0.003757545026 0.003654533997 0.003510231385 0.003449362004 0.003446387826
290,frag@148.04 frag@143.08 frag@187.98 loss@132.06 loss@250.08 loss@215.06 frag@145.09 loss@234.07 loss@120.06 loss@242.01 loss@62.0 loss@325.09 loss@303.06 loss@212.09 loss@299.03 loss@267.11 loss@46.02 loss@253.06 loss@256.11 loss@556.18,0.3128499091 0.03496207669 0.002449254505 0.001992553473 0.001791545888 0.001541193691 0.001512737246 0.001510495087 0.001475448953 0.001287656254 0.001236166456 0.001233722316 0.001222686609 0.00121442962 0.001201123814 0.001199818915 0.001196526457 0.001179024111 0.001175413141 0.001138885622
291,loss@307.1 loss@277.07 frag@99.07 frag@135.08 frag@286.12 frag@298.07 frag@169.0 frag@204.14 frag@165.09 frag@291.15 frag@138.07 frag@143.03 frag@161.1 frag@169.01 frag@171.01 frag@259.03 frag@340.13 frag@245.08 frag@239.15 frag@122.1,0.1596810371 0.09040944278 0.0183046069 0.007964606397 0.007336825132 0.007238811813 0.006575365085 0.006440884434 0.006233396474 0.005920391064 0.005645805504 0.005473031197 0.004953349475 0.004023334477 0.003770077834 0.003733179998 0.003676603083 0.003663956653 0.003642606316 0.003330791835
292,loss@239.12 frag@245.08 frag@187.98 loss@141.1 frag@123.04 frag@344.11 frag@169.0 frag@202.1 frag@113.06 frag@191.11 frag@463.24 frag@151.04 loss@108.08 frag@98.05 frag@227.03 frag@202.08 loss@224.02 frag@276.01 frag@110.02 frag@242.06,0.1746295691 0.07692785561 0.003467527451 0.003356457688 0.003146558767 0.002770111896 0.002571880119 0.00200908957 0.001884538447 0.001786687761 0.001730224583 0.001655307948 0.001588507672 0.001546848565 0.001538641751 0.001537667122 0.001482585678 0.001477920334 0.00128156913 0.001192285563
293,frag@108.06 loss@212.11 loss@193.01 frag@97.04 frag@231.12 frag@134.07 frag@347.02 loss@183.15 frag@122.07 loss@287.13 frag@123.01 frag@107.06 loss@220.17 loss@191.09 loss@191.11 loss@195.13 frag@118.04 loss@185.04 frag@106.04 loss@210.06,0.2718709707 0.0804553479 0.01418218948 0.01062161103 0.005599301774 0.005063999444 0.004067371599 0.004021585919 0.003343913704 0.003094397718 0.003046865342 0.0028665266 0.002723931102 0.002677613869 0.002606736962 0.002448533196 0.00234893593 0.002267841483 0.002230732469 0.002164558042
294,loss@222.04 frag@204.96 frag@100.01 frag@235.09 loss@60.03 loss@142.05 loss@129.05 loss@234.03 frag@186.95 frag@163.99 frag@187.0 frag@206.96 frag@112.01 loss@410.06 loss@87.06 frag@212.96 loss@340.03 frag@128.11 loss@247.0 loss@346.12,0.06675474346 0.04826691374 0.04456996173 0.04143547639 0.0388648361 0.03102353774 0.02363152988 0.01641367935 0.01596497558 0.01362277567 0.01157317124 0.01105771866 0.008075292222 0.00795123633 0.007548294496 0.005267437547 0.004626120441 0.004053528886 0.003963388968 0.003421581583
295,loss@121.05 loss@139.04 loss@153.04 frag@53.04 frag@61.01 frag@204.08 frag@68.01 frag@161.03 frag@150.01 frag@69.01 frag@104.01 frag@243.04 frag@178.06 frag@86.0 frag@133.01 frag@445.14 frag@241.05 frag@79.02 frag@93.04 frag@151.98,0.1859266907 0.1217309609 0.009511351585 0.006766191218 0.005088091362 0.004969919566 0.004685130436 0.004507811274 0.004053503275 0.003960293252 0.003934812266 0.003618672257 0.00360958837 0.003200050676 0.003184363246 0.003134973347 0.002961123129 0.002904244233 0.002758797724 0.002694407012
296,loss@255.07 frag@171.01 frag@84.04 loss@240.06 frag@45.03 frag@173.95 frag@93.06 frag@82.03 frag@138.01 frag@141.04 frag@67.02 frag@124.04 frag@99.03 frag@179.08 frag@56.05 loss@189.02 frag@162.06 frag@314.13 frag@241.11 frag@106.07,0.2767829597 0.005107831676 0.004164553247 0.003963209223 0.00373471994 0.003414283972 0.003412091639 0.003190894611 0.003125796095 0.002810178325 0.002800667193 0.002756488975 0.002702694153 0.002697384218 0.002594500314 0.002481217729 0.002444583224 0.002361895051 0.00235225982 0.002296474529
297,frag@228.11 loss@242.12 loss@270.11 frag@286.12 frag@240.14 frag@180.1 loss@329.12 frag@173.11 frag@256.14 frag@159.06 frag@217.1 frag@110.05 frag@239.21 loss@221.12 loss@342.14 frag@86.99 frag@95.07 loss@301.11 loss@337.18 frag@260.14,0.1433898956 0.09113696963 0.06223150343 0.02479241416 0.008460467681 0.006860253401 0.005492078606 0.00491469726 0.00474732928 0.003520672675 0.003413524712 0.003386939177 0.00319264736 0.002448192565 0.002400412224 0.002373566153 0.002366652014 0.002191967797 0.002144603757 0.002131968271
298,frag@241.04 frag@241.13 loss@159.03 frag@123.01 loss@226.99 loss@157.92 frag@176.03 frag@224.97 loss@86.04 frag@176.08 loss@310.05 loss@134.03 loss@553.2 loss@120.02 loss@173.11 frag@307.07 frag@243.11 frag@198.1 loss@95.92 loss@2.0,0.1030424759 0.1025415361 0.06061793119 0.003699042136 0.003491096431 0.003394622821 0.003045886289 0.002981759142 0.002955221571 0.002616742626 0.002552291611 0.002476473106 0.002305164235 0.002266428433 0.002127451357 0.002110420493 0.002057937672 0.001936555724 0.001883378951 0.001731571276
299,loss@111.07 loss@294.0 frag@156.98 frag@217.06 loss@111.06 frag@229.06 frag@45.03 frag@185.08 frag@144.06 frag@205.06 frag@167.07 frag@49.68 frag@188.08 frag@124.04 frag@219.04 frag@257.09 frag@154.02 frag@109.03 frag@155.98 frag@62.02,0.3367048204 0.007732550148 0.007505185436 0.006926832255 0.006374504417 0.005097970832 0.004780254792 0.004180309363 0.00411485415 0.004074309953 0.004047934897 0.003306651022 0.003139287699 0.002957500983 0.002889183117 0.00287839002 0.002685541287 0.002660004888 0.002638227306 0.002619823208
300,loss@133.05 frag@278.09 loss@158.06 frag@241.05 loss@269.09 frag@213.14 frag@214.98 frag@273.11 frag@122.94 frag@271.09 frag@317.11 frag@163.06 frag@145.05 frag@171.08 loss@136.08 frag@174.06 frag@391.17 loss@154.06 frag@293.13 frag@310.13,0.1897509545 0.1272445768 0.1023842469 0.06231521815 0.04272152111 0.008112151176 0.007261629682 0.005511469208 0.005482466426 0.003550836118 0.003396171611 0.003357893787 0.00313569 0.002978927922 0.002951265546 0.002735024784 0.002680350328 0.00252239476 0.002497104229 0.002482647076
301,loss@181.09 frag@111.02 loss@159.06 frag@116.98 frag@167.09 frag@123.03 frag@123.02 frag@165.07 frag@151.05 frag@99.06 frag@367.21 frag@85.04 frag@97.04 frag@45.04 frag@113.04 frag@123.05 frag@110.07 frag@239.08 frag@125.04 frag@139.05,0.2478926778 0.05740519986 0.02499869466 0.009039110504 0.006871023215 0.006088062655 0.006077238359 0.006042774301 0.005995537154 0.005724665709 0.004364319611 0.004178243224 0.004113959614 0.00396189373 0.003461027285 0.00331211905 0.003176498692 0.002999105258 0.002856152365 0.002740360098
302,frag@84.08 loss@257.12 frag@56.05 loss@183.13 loss@187.12 loss@276.07 frag@84.09 loss@335.21 loss@204.15 loss@199.12 loss@298.1 frag@67.05 loss@246.07 frag@82.06 frag@112.08 loss@196.12 frag@55.05 loss@296.12 loss@209.13 loss@264.16,0.3231060505 0.04788614437 0.04365614802 0.02531601116 0.02157998271 0.01860153116 0.01774233393 0.01220655907 0.01086143032 0.01033039857 0.0102190664 0.009989060462 0.00997307431 0.009036059491 0.008537539281 0.00827523414 0.00685116183 0.006451418623 0.005986461416 0.005610314663
303,frag@160.08 frag@158.06 frag@188.07 frag@142.07 frag@170.06 frag@172.08 loss@278.09 frag@132.08 loss@174.08 loss@185.01 frag@142.06 loss@225.14 frag@115.05 loss@264.06 loss@364.12 loss@275.12 frag@130.07 loss@253.06 loss@319.11 loss@209.11,0.1038182974 0.06755708158 0.04778285697 0.04189972579 0.03420786932 0.02524375357 0.01640909538 0.0139427064 0.01301623974 0.01142677385 0.01012620516 0.009543312714 0.00901470799 0.008997524157 0.008566147648 0.008227642626 0.007965047844 0.007960242219 0.007283708081 0.006936534308
304,loss@171.1 loss@268.13 loss@238.12 loss@152.12 loss@231.04 loss@283.14 loss@266.12 frag@224.16 loss@300.12 frag@271.02 frag@399.18 frag@85.06 loss@252.13 frag@184.1 frag@99.05 frag@174.95 frag@67.06 frag@89.06 frag@129.1 loss@273.1,0.08541457355 0.05983125791 0.05226962641 0.04450375214 0.03020463884 0.01666762494 0.01047592051 0.008149350062 0.008051501587 0.007792131975 0.006969979499 0.005963866133 0.005713471211 0.005430164747 0.005275387317 0.005238989368 0.005193660036 0.005172252189 0.004828509875 0.004331025761
305,frag@185.04 frag@315.13 loss@156.11 frag@260.11 loss@211.98 loss@116.11 frag@448.16 loss@287.97 frag@59.03 frag@190.07 loss@190.96 frag@242.11 frag@182.09 loss@189.16 loss@264.1 frag@179.08 loss@249.18 loss@78.16 loss@265.07 loss@285.04,0.1363403797 0.0628297478 0.02461966127 0.02254412137 0.01227966789 0.006641776767 0.00550064072 0.005345525686 0.004864327144 0.003763609799 0.002888372401 0.002482539043 0.002336985199 0.002080976963 0.001862808596 0.001834886847 0.001790569164 0.001772300457 0.001762949512 0.001742793596
306,frag@202.09 loss@297.09 loss@231.12 frag@161.06 frag@199.06 frag@123.08 frag@158.1 loss@267.11 loss@250.08 loss@289.14 frag@160.08 loss@309.1 loss@272.06 frag@143.08 loss@186.04 loss@160.1 frag@194.04 loss@225.14 loss@247.09 loss@609.23,0.3018569052 0.0588943772 0.05660679936 0.004653476644 0.003441345412 0.003098154906 0.002940801205 0.002813855419 0.002767207334 0.002695756266 0.002694016555 0.002654533368 0.002599421656 0.002488675294 0.002429989632 0.002416645642 0.002415528754 0.002402362181 0.002335113008 0.002245298354
307,loss@197.12 frag@169.1 loss@228.15 frag@181.1 loss@244.02 frag@188.13 loss@214.13 frag@95.07 frag@166.08 frag@225.16 frag@124.11 frag@256.13 frag@239.21 frag@246.15 loss@265.12 loss@337.17 frag@124.08 loss@303.11 loss@188.12 frag@110.1,0.1779242754 0.157003969 0.05955177173 0.01562067959 0.01002055127 0.007921662182 0.007207599469 0.006659060717 0.004361690953 0.00412712479 0.004033855163 0.003915130161 0.003837146098 0.003651997307 0.00309013715 0.003032237757 0.003004652681 0.002932817908 0.002877422376 0.002826787997
308,loss@238.08 loss@210.09 frag@137.06 frag@199.02 frag@314.13 frag@139.08 frag@163.99 frag@147.08 frag@102.04 frag@118.08 frag@121.01 frag@107.01 loss@196.07 frag@105.07 frag@109.06 frag@314.11 frag@346.04 frag@342.03 frag@144.96 frag@365.14,0.1426672637 0.1343439221 0.01623634808 0.01040507574 0.009420178831 0.008854496293 0.007140863221 0.00680386927 0.006506144069 0.006256336812 0.006130797789 0.005733917002 0.005176261533 0.005058202893 0.004959760699 0.004723532591 0.0045873411 0.004150852095 0.004050413612 0.004023532849
309,loss@199.11 frag@211.01 frag@110.02 frag@133.06 frag@332.06 frag@105.08 frag@259.04 frag@211.02 frag@87.07 frag@101.02 frag@261.17 frag@162.03 frag@179.12 frag@166.09 frag@105.07 frag@231.12 frag@281.14 frag@190.05 frag@115.03 frag@86.99,0.2788321376 0.003907551989 0.003492386313 0.003416289808 0.002708157059 0.002478881972 0.002454438014 0.002422518563 0.00236693956 0.00226660748 0.002115717158 0.002100265818 0.002025070367 0.002013685415 0.001949668978 0.001896980451 0.001793459873 0.001761799213 0.001689847442 0.00158516271
310,loss@186.1 frag@204.04 frag@110.02 loss@257.09 frag@86.99 frag@131.08 frag@72.94 frag@409.2 frag@84.04 frag@229.12 frag@180.04 frag@239.21 loss@202.1 frag@55.02 frag@151.07 frag@171.01 loss@293.09 frag@381.17 frag@169.02 loss@172.08,0.1979590803 0.1097122133 0.08403812349 0.03786617145 0.004929472692 0.004602729343 0.003800561419 0.003421701025 0.003339208197 0.003161978442 0.003003545571 0.002400858328 0.002388167894 0.002354045399 0.002234041924 0.002224038821 0.002073623938 0.001994248945 0.001954247477 0.001931635896
311,loss@247.13 frag@217.13 loss@161.09 frag@317.13 loss@147.06 frag@71.09 loss@348.13 frag@211.12 frag@196.11 frag@231.14 frag@126.08 frag@127.12 frag@198.06 loss@243.16 frag@284.14 frag@230.12 loss@170.12 loss@255.11 frag@177.11 frag@190.09,0.2054781616 0.11153844 0.03688270599 0.03479395807 0.01055797655 0.008035129867 0.007251287811 0.00584793184 0.005826921668 0.003810356138 0.003648375627 0.003640545066 0.003635775996 0.003485805588 0.003461549757 0.003206006484 0.002993021626 0.002908668946 0.002892383374 0.002890607342
312,frag@193.1 loss@190.08 loss@219.03 frag@150.09 frag@122.06 frag@216.09 loss@287.11 loss@192.12 frag@164.07 loss@202.08 loss@249.06 frag@447.13 frag@160.03 frag@407.14 frag@45.03 frag@230.12 loss@272.05 frag@146.03 loss@150.06 frag@92.06,0.2015266269 0.1987455636 0.01740529016 0.01098113973 0.008387090638 0.003554402385 0.00349702104 0.003349190345 0.00332014286 0.003225263674 0.003132772865 0.002967065899 0.002627710812 0.002527504228 0.002475367161 0.002350236522 0.002335232683 0.002273120685 0.002241395647 0.002216987312
313,loss@178.05 loss@159.04 frag@209.02 frag@292.08 frag@189.1 frag@144.06 frag@236.03 loss@95.02 frag@275.19 frag@292.13 frag@154.06 frag@137.04 frag@396.17 loss@78.57 frag@291.15 frag@272.04 frag@113.01 frag@244.11 frag@123.02 frag@123.03,0.1424066275 0.1180180311 0.05621874332 0.02369976044 0.00783185102 0.005760563072 0.005714886356 0.004910178017 0.004760246258 0.004632898141 0.004132875707 0.00402556546 0.003447660012 0.003435311839 0.003328411374 0.003138799453 0.003103126306 0.003052650485 0.002919407561 0.002863932168
314,frag@172.07 loss@174.96 frag@349.04 frag@259.03 loss@189.99 frag@328.18 loss@242.1 loss@172.01 frag@303.09 frag@242.11 frag@176.13 frag@347.19 frag@144.1 frag@262.16 loss@229.1 frag@216.14 frag@201.1 frag@144.01 frag@187.98 frag@220.12,0.1446290314 0.1156224161 0.04544370994 0.005752286874 0.003607937368 0.002632233081 0.002625915688 0.002546689473 0.002429415006 0.002397283679 0.00220963778 0.002038227394 0.002024199814 0.002012941288 0.001876175986 0.00180596835 0.00176037685 0.001735284459 0.001710309763 0.001694384264
315,frag@123.05 loss@206.12 loss@182.12 loss@173.13 frag@166.1 frag@99.06 loss@220.13 frag@141.07 frag@211.02 frag@151.05 frag@114.0 loss@210.11 loss@142.01 frag@162.07 loss@222.07 frag@230.17 loss@187.11 frag@208.07 frag@95.07 frag@95.06,0.2602510452 0.161712721 0.0450697206 0.01322156005 0.008174165152 0.005017672665 0.004242687486 0.004025456961 0.002960073063 0.002630431904 0.002579407068 0.002506123623 0.002500600647 0.002403366147 0.002358289901 0.002269416116 0.002159955213 0.001979936147 0.00192772632 0.001904929755
316,frag@165.07 frag@152.06 frag@167.09 loss@401.19 loss@257.17 loss@151.1 frag@166.08 frag@153.07 frag@181.06 loss@416.17 frag@180.08 loss@214.13 frag@154.08 loss@130.12 loss@174.14 frag@180.09 loss@295.08 loss@159.06 loss@207.11 loss@167.11,0.1404502988 0.09868060052 0.04030113295 0.02385725081 0.01712763123 0.01463479828 0.01278414484 0.01133157685 0.01008269005 0.00693877181 0.006481032353 0.006201898213 0.005965645891 0.005004179198 0.004582706839 0.004543343559 0.004344253801 0.004244238604 0.003562989412 0.003535781289
317,frag@88.08 loss@262.08 loss@325.08 loss@274.06 frag@215.05 loss@308.09 frag@159.1 loss@276.1 loss@256.18 loss@295.08 frag@227.12 loss@379.13 loss@200.12 loss@306.12 loss@291.13 frag@101.11 frag@180.05 loss@273.15 loss@250.1 frag@243.11,0.3136442602 0.1122663468 0.01290430781 0.00859909039 0.004005442839 0.003988039214 0.003639036091 0.003227332374 0.002955103526 0.002715520561 0.00264244806 0.002597039798 0.002329829149 0.002308075782 0.002276617568 0.002258510794 0.002249804558 0.002207123674 0.002194090048 0.002099810168
318,loss@134.04 frag@241.05 frag@133.03 frag@448.16 frag@81.02 loss@102.0 frag@234.97 loss@166.03 frag@167.04 frag@225.05 frag@89.04 frag@215.07 loss@172.05 loss@151.05 loss@187.0 loss@83.04 loss@161.05 frag@277.11 frag@167.03 loss@165.05,0.2356275916 0.1033445746 0.007108504418 0.006696415134 0.005899646785 0.005337813403 0.005323010962 0.005009213462 0.004667819478 0.004380086437 0.004327403847 0.004297044128 0.004199264105 0.004165451042 0.003793803975 0.003647684352 0.003569643246 0.003521042876 0.003337322501 0.003026229329
319,loss@252.09 loss@279.12 frag@381.17 frag@241.02 loss@277.11 loss@218.02 frag@89.07 loss@328.14 frag@114.0 loss@243.07 frag@105.03 loss@312.1 frag@295.09 frag@184.06 frag@223.01 loss@215.97 frag@193.13 frag@256.1 loss@251.07 frag@95.05,0.06551349163 0.04679248109 0.04025432467 0.04019478709 0.0292287264 0.02742989548 0.01738635264 0.01699080691 0.01691467501 0.01504992042 0.01312383171 0.0125384545 0.008991840295 0.007055289578 0.006890681107 0.006650460418 0.006114815362 0.005605859682 0.005411098246 0.004716458265
320,loss@203.13 frag@174.13 loss@229.11 frag@210.05 frag@273.03 frag@232.13 frag@249.13 loss@238.14 frag@240.03 loss@322.1 frag@130.02 frag@221.1 loss@181.18 loss@276.1 frag@109.07 frag@338.08 loss@283.09 loss@319.15 frag@137.06 frag@281.04,0.02863666043 0.02315150574 0.01231211703 0.01127514057 0.01126125641 0.01090490539 0.009259145707 0.006139370147 0.005521648098 0.004719453398 0.004689470399 0.004632797092 0.004530224018 0.004350206815 0.003966675606 0.003921819385 0.003537793178 0.003491050331 0.003325188067 0.003320589662
321,frag@70.06 loss@232.1 loss@205.12 loss@257.15 frag@98.08 loss@253.99 loss@233.15 loss@282.15 loss@250.04 frag@116.07 loss@282.08 loss@236.09 frag@42.03 frag@70.07 loss@269.01 loss@256.11 loss@250.03 loss@231.14 loss@199.0 loss@298.13,0.3472816348 0.03211979568 0.02948065661 0.02338356525 0.02123994753 0.02096221223 0.01822853275 0.01722623035 0.01460781042 0.01243962161 0.01155764703 0.01043495256 0.01033402514 0.009623051621 0.00890491344 0.008893964812 0.008785074577 0.008327669464 0.008120807819 0.007959887385
322,loss@179.03 loss@111.05 frag@212.07 frag@212.09 frag@183.0 frag@238.08 frag@286.09 loss@342.1 loss@124.0 frag@167.99 loss@261.08 loss@129.01 frag@378.1 frag@231.05 frag@246.08 loss@170.07 loss@214.01 frag@188.03 frag@308.1 loss@144.99,0.1146669909 0.1143238097 0.08241390437 0.06834497303 0.03967445344 0.02836861648 0.01715714857 0.006209492218 0.003895579837 0.00341141643 0.00332863559 0.003108935431 0.002709212014 0.00264374027 0.002597050276 0.002355880802 0.002290183911 0.002212541411 0.002187114907 0.002176149515
323,frag@151.06 loss@238.11 loss@238.13 loss@249.15 loss@239.11 loss@249.12 frag@97.01 loss@262.11 frag@243.12 loss@237.15 loss@268.12 frag@110.1 loss@247.12 frag@188.13 frag@111.06 frag@100.08 frag@124.11 frag@82.07 frag@84.06 loss@317.11,0.1986765116 0.07521779835 0.07291833311 0.0389546901 0.03755880892 0.0337492153 0.0285089314 0.02811536379 0.0138976546 0.01333650015 0.01138040889 0.01052005496 0.008471384645 0.008459625766 0.005838185549 0.005336207803 0.005308493972 0.005181855056 0.004887015093 0.004708043765
324,frag@199.05 loss@158.14 frag@201.1 frag@113.08 loss@130.11 loss@142.15 loss@276.02 loss@99.11 loss@186.17 frag@169.09 loss@132.1 frag@162.0 loss@124.13 frag@262.12 loss@246.06 loss@168.02 frag@189.01 loss@147.13 frag@227.08 loss@255.17,0.04126239195 0.03826329485 0.02858217061 0.02195862122 0.01875294186 0.01815502904 0.01605773531 0.01546954736 0.0135848904 0.01150513813 0.01046355627 0.009726996534 0.009302796796 0.007078031078 0.007064052392 0.006605396047 0.006586361676 0.006451262627 0.006372606847 0.006053670775
325,frag@110.04 frag@83.03 frag@112.06 loss@338.14 loss@139.04 loss@106.02 loss@82.02 loss@93.02 frag@113.04 loss@211.07 frag@107.03 loss@55.01 frag@184.06 loss@153.04 loss@241.15 loss@55.04 loss@208.06 loss@191.07 loss@132.02 frag@130.03,0.1524160653 0.128009811 0.02988474816 0.02260825224 0.0103125032 0.007608693559 0.007542271167 0.007221123204 0.006237748079 0.005395088345 0.005296998192 0.005287640728 0.004141541664 0.003990235738 0.003322137753 0.003051543608 0.003048113082 0.003011900466 0.002965185791 0.002934940625
326,loss@181.07 loss@153.08 frag@178.02 frag@319.07 frag@269.04 frag@241.11 frag@93.03 frag@123.01 frag@164.02 frag@120.04 frag@84.96 frag@188.14 frag@231.0 frag@161.01 frag@58.03 frag@231.12 frag@123.04 frag@95.01 frag@110.05 frag@214.07,0.2207030803 0.1209814623 0.03404827043 0.0145662725 0.01205468085 0.009671738371 0.007491684053 0.007102778181 0.005962322932 0.00553136738 0.005233014468 0.004953252152 0.004672466777 0.004313452635 0.004063740838 0.003826653352 0.003802001243 0.003613825422 0.003603151767 0.003538387129
327,frag@218.08 loss@157.15 loss@129.15 frag@274.05 loss@105.04 frag@115.06 loss@280.08 loss@213.99 frag@67.06 frag@384.11 frag@153.08 frag@144.95 loss@414.22 loss@168.19 loss@265.13 loss@239.08 frag@98.98 loss@146.18 loss@680.2 loss@338.12,0.1246618703 0.1225032955 0.01969613694 0.01169574633 0.009667246602 0.009161678143 0.009000660852 0.006377764046 0.005335676484 0.004302731715 0.003911777865 0.003634074237 0.003488492686 0.002897825325 0.002673615934 0.002529947087 0.002445837948 0.00226144772 0.002224572701 0.002098570345
328,frag@176.08 frag@192.06 loss@204.04 loss@240.03 loss@191.05 loss@237.05 frag@163.03 loss@198.98 loss@135.03 frag@136.02 frag@150.04 loss@241.08 loss@190.96 frag@164.04 loss@201.04 loss@238.04 loss@193.16 frag@267.08 loss@350.13 loss@145.05,0.1529697925 0.146874398 0.1146819964 0.02753134631 0.01716645993 0.009623928927 0.008700558916 0.007909775712 0.007793542463 0.00498529477 0.003676283406 0.003500113962 0.003485432826 0.003421836533 0.003355555702 0.002883214736 0.002499386901 0.0024422321 0.002231347142 0.002163927536
329,loss@167.05 loss@163.08 loss@169.06 frag@258.09 loss@152.03 frag@168.06 frag@111.99 frag@215.09 frag@172.09 frag@83.03 frag@154.03 frag@297.09 loss@195.04 loss@157.06 frag@144.07 frag@160.05 frag@156.95 frag@143.06 loss@164.04 frag@299.07,0.08701722324 0.07800895721 0.07760995626 0.03351203725 0.02855701558 0.02010226808 0.0115876589 0.01144726481 0.008267068304 0.008247991093 0.007760517299 0.006154910661 0.006141715683 0.005995261949 0.005810725968 0.005711802281 0.00559052499 0.005460944958 0.005303009879 0.005063591525
330,loss@142.06 loss@114.07 frag@276.01 frag@87.04 frag@174.06 frag@141.04 frag@100.02 loss@126.07 frag@43.02 frag@138.01 frag@69.07 frag@145.05 frag@76.04 frag@181.05 frag@295.14 frag@247.13 frag@218.05 loss@79.1 frag@73.04 frag@97.1,0.1663423628 0.1274992228 0.01476567611 0.006492500193 0.005500675645 0.005081423558 0.004950634204 0.004604082089 0.004406228662 0.004301117733 0.003948092461 0.003926141188 0.003855942516 0.003763409331 0.003426180221 0.003398831701 0.003352782223 0.003340127412 0.003188545117 0.003116680542
331,frag@144.08 frag@143.07 loss@160.1 loss@319.06 loss@253.06 loss@333.11 loss@303.96 loss@168.0 loss@309.1 loss@307.04 loss@280.99 loss@303.06 frag@142.07 loss@247.96 loss@131.07 loss@188.1 frag@115.05 frag@158.1 loss@348.05 loss@244.05,0.2370700985 0.08557514846 0.06064519286 0.04070465639 0.02746581845 0.02743563615 0.02327777445 0.02293971181 0.0201874841 0.01978775673 0.01739938185 0.01739400625 0.01459646225 0.01416709088 0.01335814968 0.01237976737 0.01137635857 0.01039408427 0.0099732792 0.0090922378
332,frag@174.95 frag@220.06 loss@255.01 loss@190.13 frag@183.95 frag@275.18 loss@172.12 frag@199.01 loss@202.13 loss@227.17 frag@192.07 frag@163.05 loss@244.56 frag@92.04 loss@293.15 loss@280.11 frag@235.97 loss@225.18 frag@212.11 loss@227.0,0.09516061842 0.09458743781 0.03972846642 0.02930160612 0.01554101147 0.01441764925 0.007363552228 0.004668714944 0.004530437756 0.003867474617 0.003692211816 0.00364724244 0.003441380803 0.003022086108 0.002984496765 0.002878897823 0.002775031608 0.002640917199 0.002518711379 0.002460093703
333,loss@182.06 frag@104.06 loss@145.1 loss@196.07 frag@163.99 frag@65.04 loss@197.97 frag@161.01 frag@186.08 loss@54.02 frag@78.05 loss@144.09 frag@123.01 frag@209.03 frag@135.08 frag@118.08 frag@139.02 frag@194.08 frag@128.04 frag@175.03,0.1893311441 0.1721858382 0.0139734298 0.007064845879 0.005475522485 0.005107497331 0.004824473057 0.004159906879 0.003641542746 0.003286088584 0.003269964363 0.003175042104 0.00285988464 0.002744250698 0.002640560269 0.002623489127 0.002579753287 0.002557755914 0.002552791964 0.002426260384
334,frag@242.07 loss@192.16 loss@192.03 frag@126.08 loss@142.1 loss@185.15 frag@92.04 frag@322.19 loss@347.11 frag@215.05 loss@393.15 frag@195.01 frag@196.13 loss@155.12 frag@181.11 frag@124.1 loss@173.11 loss@303.19 loss@281.16 frag@247.05,0.1265279651 0.1194383726 0.05121644959 0.04734323919 0.01754986681 0.008450247347 0.006741570774 0.003321417375 0.003278432414 0.003132187063 0.003009715583 0.002721322468 0.002668761415 0.002631447045 0.0026107023 0.002544478979 0.002463176847 0.002447323641 0.002291979035 0.002158278134
335,loss@236.12 frag@138.09 loss@291.12 frag@134.1 loss@226.13 loss@226.1 frag@147.08 loss@258.1 frag@87.06 frag@73.06 loss@258.15 frag@120.08 loss@198.14 frag@109.06 frag@164.07 frag@156.14 loss@213.15 frag@167.13 frag@148.11 loss@246.1,0.07574101537 0.03576986119 0.0304378625 0.0286047291 0.02644943446 0.0249241963 0.02132146992 0.01903060451 0.01835816354 0.01664738543 0.01470544375 0.01386410557 0.01160224061 0.01137691736 0.009691147134 0.009624326602 0.009369786829 0.008991466835 0.008890137076 0.00878380239
336,loss@277.09 loss@264.09 loss@228.07 loss@247.03 frag@81.03 frag@314.13 frag@151.06 frag@140.02 frag@53.04 frag@185.03 loss@248.06 frag@166.0 frag@256.1 frag@119.03 loss@271.03 frag@317.09 frag@113.01 loss@299.06 loss@282.12 loss@271.05,0.08782793581 0.07211175561 0.06511045992 0.04802565277 0.0361975804 0.01159994584 0.01072015706 0.008009390905 0.007480561268 0.006872136611 0.005811040755 0.005661908537 0.005304787774 0.005103693344 0.004710101523 0.004696878139 0.004236555193 0.003538429737 0.00342101627 0.003406711156
337,frag@100.08 frag@128.11 loss@246.06 loss@242.03 loss@384.19 loss@210.99 loss@242.05 loss@274.06 loss@347.08 frag@100.09 frag@127.09 loss@358.06 loss@206.13 frag@86.06 loss@350.16 loss@194.14 loss@262.11 loss@200.15 loss@319.05 loss@249.12,0.2486913502 0.08520701528 0.03387572989 0.02740045823 0.02266455814 0.01853447221 0.0125425579 0.006123967003 0.005822665989 0.005529415794 0.005451410078 0.005083148368 0.005050577223 0.004857987631 0.004809390754 0.004762062337 0.003914831206 0.003837790107 0.003746618284 0.003684888128
338,frag@213.96 loss@173.98 frag@259.05 frag@290.16 frag@179.13 loss@280.09 frag@315.13 loss@245.01 frag@93.03 frag@53.04 frag@148.03 loss@367.05 frag@161.01 frag@81.03 frag@179.05 frag@192.12 frag@178.07 frag@106.04 frag@448.16 frag@141.0,0.07277461141 0.03119056858 0.006371235941 0.005954731721 0.003780915868 0.003189485054 0.002860654378 0.002548126504 0.002225237433 0.002109649125 0.00193607714 0.001899853698 0.001864801045 0.001847890089 0.001846128609 0.001752579235 0.001688663266 0.001681123511 0.001663053525 0.001651255181
339,loss@147.05 loss@225.97 loss@139.01 frag@54.03 frag@140.08 loss@134.06 frag@180.08 frag@193.08 loss@54.02 loss@193.01 frag@176.06 frag@58.99 frag@347.19 loss@169.06 loss@167.04 frag@206.08 loss@129.04 frag@83.03 frag@66.03 frag@97.04,0.06757356226 0.03541699052 0.01168571785 0.0059089805 0.005558745004 0.003765472677 0.003522182116 0.003327244194 0.003274344373 0.003127365839 0.003109714016 0.002963822801 0.002827891847 0.00281849457 0.002724599093 0.002696757205 0.002615966834 0.0026022112 0.00256320578 0.002526549157
340,frag@241.1 loss@218.13 loss@167.11 frag@224.97 loss@193.13 frag@167.05 loss@104.07 loss@333.07 loss@279.17 loss@128.09 frag@74.01 frag@321.09 frag@331.13 frag@204.01 frag@203.08 frag@267.11 loss@161.12 loss@86.05 frag@175.06 frag@164.07,0.1955624223 0.02405274473 0.009139174595 0.003874677466 0.003733506659 0.00351445633 0.003506266279 0.003484995803 0.002796197543 0.002703428036 0.002438158961 0.002319764579 0.002300278051 0.002292250982 0.00219407957 0.002142839832 0.00213568192 0.002007610165 0.001976908185 0.00193920848
341,frag@121.03 loss@217.98 loss@212.19 frag@279.09 loss@297.15 loss@419.12 frag@111.04 frag@177.09 frag@128.97 loss@220.17 loss@183.15 frag@93.03 loss@462.15 frag@138.05 loss@181.13 frag@123.01 loss@302.15 frag@184.06 loss@225.13 frag@113.01,0.1484921277 0.04286114126 0.03145883977 0.02818416245 0.02577947453 0.01767881401 0.01542065758 0.01155540626 0.01151118521 0.009398693219 0.009378086776 0.007824533619 0.006855422165 0.005064336583 0.004577755462 0.004502051044 0.004469463136 0.004400672857 0.004387626424 0.004228817765
342,loss@171.13 loss@199.12 frag@151.05 frag@174.03 loss@226.14 loss@253.18 frag@83.09 frag@191.11 frag@230.1 frag@154.12 frag@150.13 frag@349.13 frag@227.08 frag@129.1 frag@55.05 frag@137.03 frag@130.97 loss@187.12 frag@135.0 frag@55.02,0.2088141888 0.05537222326 0.02814768068 0.02137099952 0.02098089643 0.01935632527 0.01892564073 0.01726771519 0.01224309579 0.007769652177 0.007307758555 0.007058165502 0.006765065715 0.006442116108 0.00600291742 0.005656179506 0.005083049182 0.004710697569 0.004414804745 0.004180465359
343,frag@148.08 frag@139.05 loss@192.09 loss@164.1 loss@222.1 loss@164.09 loss@189.09 loss@168.09 loss@177.1 frag@111.06 loss@226.11 frag@124.08 frag@74.93 frag@152.07 loss@166.11 frag@146.07 loss@178.11 frag@163.09 frag@239.1 loss@150.08,0.1878078729 0.09631732851 0.06715574861 0.06306431442 0.04986514524 0.04571599513 0.03533338755 0.0326324515 0.0300395526 0.02957298048 0.01033744775 0.01027090847 0.01006146893 0.008333276026 0.007587652188 0.006606992334 0.006573532708 0.00638055196 0.006077191792 0.00558658829
344,loss@183.04 frag@308.1 frag@312.09 frag@178.01 frag@150.01 loss@203.96 frag@147.09 loss@158.1 frag@208.02 frag@192.12 loss@134.06 frag@328.11 frag@123.0 frag@165.02 loss@129.09 frag@412.32 frag@122.94 frag@345.1 frag@134.05 loss@130.09,0.1684375554 0.07620573789 0.05692461133 0.0277633816 0.0174945537 0.01321879216 0.005454039667 0.003389145248 0.00244110683 0.002373734722 0.002084164415 0.002053806325 0.001905143494 0.001822779537 0.001709390315 0.001537336386 0.001515935175 0.00151060638 0.001500162063 0.001499585342
345,frag@168.07 loss@70.04 loss@110.05 loss@138.09 loss@97.05 loss@59.04 loss@138.08 frag@187.05 loss@71.04 frag@154.07 frag@232.09 frag@196.09 loss@57.02 frag@226.09 frag@163.07 loss@110.08 loss@31.04 loss@29.03 frag@162.01 frag@213.11,0.03576445952 0.03467825428 0.03397539258 0.03155007958 0.03012445197 0.02733417787 0.02430530451 0.02267944254 0.02160942368 0.02111981809 0.02063329145 0.02052703314 0.01847329922 0.01732665673 0.01542354189 0.01411205996 0.01337581873 0.01284466684 0.01169886254 0.01149078459
346,loss@232.13 loss@215.12 loss@189.1 loss@286.17 frag@130.97 frag@147.08 frag@176.11 frag@175.11 frag@123.08 frag@218.15 frag@135.08 frag@213.1 frag@172.08 frag@133.06 frag@240.12 frag@190.1 frag@67.06 frag@142.02 frag@148.08 frag@138.09,0.117248334 0.08408908546 0.01303973608 0.009099414572 0.008056185208 0.007181638852 0.006792941596 0.006298926193 0.006279837806 0.005738066509 0.005376932211 0.004910900723 0.004759270698 0.004618360661 0.004570906051 0.004546906799 0.004378655925 0.00376039627 0.003748198273 0.003663440701
347,loss@229.09 loss@211.08 loss@245.12 loss@259.1 frag@241.99 loss@152.08 loss@273.11 frag@256.1 loss@274.11 frag@159.05 frag@261.17 frag@121.04 frag@141.05 frag@256.14 frag@138.09 frag@132.04 frag@92.04 frag@164.07 frag@184.06 frag@109.07,0.08102670312 0.06270454824 0.04605561867 0.040686097 0.03705945238 0.03051386029 0.030428892 0.02704316191 0.02144068107 0.01978444494 0.01732441783 0.01200605463 0.01099539455 0.01032575127 0.01012007706 0.009850805625 0.009567379951 0.009157509543 0.008875237778 0.008690387942
348,frag@248.1 loss@170.12 frag@307.1 frag@143.12 loss@230.05 loss@167.11 frag@290.14 loss@271.1 loss@195.14 frag@203.08 frag@126.08 loss@159.1 frag@263.15 frag@216.14 loss@132.07 loss@356.12 frag@140.02 loss@287.05 frag@166.0 frag@242.13,0.1135039702 0.1107556373 0.05154847726 0.01633635722 0.009717251174 0.008234641515 0.004327174742 0.003262872808 0.003068361431 0.003056454938 0.002927178517 0.00289806677 0.002823039889 0.002784208395 0.002264726907 0.002253133804 0.002090716967 0.002069902141 0.00195078901 0.001890013227
349,frag@154.06 loss@76.04 loss@154.04 loss@143.08 frag@155.07 frag@278.07 frag@170.1 frag@180.08 loss@247.98 loss@307.11 loss@255.1 frag@152.05 frag@190.06 loss@133.06 loss@556.18 loss@172.1 frag@195.09 loss@278.09 frag@169.09 loss@144.09,0.2545990348 0.007034284528 0.003464567941 0.003037576331 0.002819924615 0.002617020626 0.002370483242 0.002297322266 0.002265017247 0.001981181325 0.001951506012 0.001941725379 0.001794472919 0.001696001622 0.00164153229 0.001622533891 0.001535574906 0.001428255462 0.001419641892 0.001418019063
350,frag@99.09 loss@234.05 loss@165.03 loss@298.08 frag@84.07 loss@280.05 loss@315.17 frag@98.08 frag@70.06 loss@276.07 loss@389.1 loss@218.01 loss@253.99 loss@204.15 frag@99.1 frag@84.08 loss@277.05 frag@56.05 frag@115.09 loss@282.15,0.2127357572 0.06620804965 0.04297062755 0.03467752039 0.03112988174 0.01610593498 0.01382732391 0.01218283828 0.0102748787 0.01001951378 0.008959478699 0.008278209716 0.007650231011 0.006791533437 0.006237948779 0.006215923 0.00589325279 0.005806788336 0.004946485162 0.004250517581
351,frag@190.07 loss@124.06 loss@83.04 frag@267.12 frag@287.1 loss@85.07 loss@116.11 frag@213.14 loss@134.04 loss@57.02 frag@321.17 frag@341.12 loss@110.05 loss@116.99 frag@189.01 frag@173.05 frag@258.16 loss@164.05 loss@188.97 frag@215.09,0.1378614157 0.1305023581 0.0919560492 0.05497692898 0.05266125873 0.026786834 0.01965628937 0.01183121931 0.007018672768 0.006619592197 0.005311680958 0.004586761817 0.004097595345 0.004087022971 0.003973967396 0.003912741318 0.003854913404 0.003754693549 0.003725619754 0.003701484296
352,frag@99.07 loss@234.11 frag@189.14 loss@210.14 loss@261.08 loss@193.11 frag@347.19 frag@179.12 frag@97.01 loss@247.1 frag@291.12 loss@325.04 frag@114.0 loss@238.13 loss@235.12 frag@85.04 frag@113.02 frag@166.09 loss@208.12 frag@195.05,0.1477158815 0.1214526296 0.1169860289 0.1122955531 0.0345065482 0.007187623531 0.005396051798 0.004237344489 0.003384300508 0.003175354796 0.003167842748 0.003127169097 0.00258656987 0.002547866898 0.00247272593 0.002434403636 0.002432330046 0.002218449023 0.002165590879 0.002152871108
353,frag@169.06 loss@139.02 frag@151.05 loss@142.97 frag@244.13 loss@157.03 frag@356.08 frag@238.13 frag@157.04 loss@166.97 loss@281.06 loss@189.97 frag@269.1 frag@299.07 loss@165.07 loss@129.04 loss@285.07 frag@68.01 frag@229.09 frag@346.04,0.2318869233 0.1113784984 0.02830676921 0.01093449723 0.006606127135 0.004976619966 0.00457677478 0.003035370028 0.002971544163 0.00251420401 0.002106888685 0.00190956716 0.001885265112 0.001799461665 0.001724781585 0.001604646561 0.001582242316 0.001581169316 0.001559606637 0.001532002236
354,frag@85.08 loss@201.14 loss@174.09 loss@246.04 frag@86.08 frag@56.05 frag@84.08 loss@229.05 frag@110.1 loss@198.05 loss@287.09 loss@356.15 loss@281.12 frag@130.1 frag@84.04 frag@98.08 loss@200.03 loss@244.01 frag@86.06 loss@242.05,0.2429525107 0.04768948629 0.02475133725 0.01533925906 0.006384823471 0.00592285255 0.005800596904 0.005663763266 0.005637222901 0.005282662809 0.004694708157 0.004597384483 0.00447604293 0.004307006486 0.00414866535 0.004017553758 0.003972700331 0.003932553809 0.003885197686 0.003827989101
355,loss@195.1 frag@108.08 frag@209.03 frag@136.08 frag@137.03 frag@297.17 frag@122.1 frag@151.05 frag@95.07 frag@144.09 frag@171.04 frag@136.11 frag@164.07 frag@177.11 frag@104.06 frag@166.08 frag@131.08 frag@123.05 frag@175.04 frag@151.99,0.2853762805 0.008242948912 0.007097451016 0.006853321567 0.006162892096 0.00575184729 0.005700012203 0.005436762236 0.00517086545 0.005033235066 0.004364006221 0.004105647095 0.003767533693 0.003562849248 0.003545626998 0.00353029836 0.003523278981 0.003469709307 0.003378825495 0.003361389507
356,loss@143.07 frag@200.08 frag@299.07 frag@171.99 frag@93.04 frag@158.1 frag@395.08 frag@236.03 frag@175.03 frag@152.02 frag@147.03 frag@125.99 frag@132.06 frag@189.08 frag@158.07 frag@169.01 frag@171.01 frag@145.09 frag@172.09 loss@172.05,0.2838810086 0.147789374 0.01302108914 0.005998624023 0.004756937735 0.004505618941 0.004370378796 0.004236760549 0.004185546655 0.003399220295 0.003354199696 0.002948265057 0.002945713 0.002879004227 0.002817506902 0.002741141943 0.002645374276 0.002576877596 0.002511583036 0.002500779461
357,loss@32.03 frag@252.07 frag@234.07 frag@275.09 frag@271.12 frag@302.11 frag@255.17 frag@331.08 loss@63.97 frag@320.02 frag@226.14 loss@87.04 frag@377.1 frag@343.11 frag@258.17 frag@156.01 frag@202.08 frag@282.01 frag@289.98 loss@46.04,0.2616477311 0.07985854894 0.06319904327 0.03336612135 0.03064684197 0.02617111802 0.01412079018 0.01132219844 0.009626573883 0.008723210543 0.008552342653 0.008325564675 0.007111272309 0.006476507988 0.006461378187 0.006349230651 0.005741404835 0.005059902556 0.00460870238 0.004043100402
358,loss@164.11 frag@165.11 loss@190.09 frag@163.1 frag@191.13 loss@233.16 frag@177.11 frag@136.09 frag@155.08 frag@154.08 loss@147.06 loss@139.1 frag@136.08 loss@165.11 loss@204.11 frag@201.11 frag@194.09 frag@148.09 frag@316.16 frag@300.18,0.1079992577 0.1034300551 0.09315171838 0.05290943757 0.04013489187 0.01850552112 0.01486010384 0.01414780691 0.007531484589 0.006326117553 0.00618919218 0.00433613779 0.004221034702 0.004046472255 0.003900472075 0.003893787274 0.003712360747 0.003700389061 0.003542969469 0.003352341941
359,frag@181.03 loss@259.09 loss@113.13 loss@261.01 loss@110.0 loss@241.15 loss@185.11 loss@482.12 frag@150.04 loss@278.09 loss@241.07 loss@226.09 frag@188.9 loss@165.04 loss@129.15 frag@322.17 loss@198.1 loss@344.97 frag@151.05 loss@173.0,0.2633932531 0.0041751354 0.003824204905 0.003449049313 0.00326626515 0.003137708409 0.002985847415 0.002953530289 0.002763100667 0.002288725926 0.00222686748 0.002154030604 0.002136937808 0.002003073227 0.001795407152 0.001777589903 0.001734947786 0.00168451434 0.001637932146 0.001578828669
360,frag@193.02 loss@188.98 frag@112.11 loss@234.04 loss@243.02 loss@312.08 loss@288.06 frag@148.02 frag@115.03 frag@331.13 loss@294.07 loss@306.12 loss@296.04 loss@202.04 loss@134.02 frag@223.18 loss@311.1 loss@173.01 frag@178.05 frag@374.15,0.1824056655 0.1087991968 0.06677401811 0.06270220876 0.04534880444 0.04085249826 0.0301219672 0.01292341296 0.006321249995 0.006056169514 0.00595303718 0.004649249371 0.003245983738 0.003099616384 0.003049710998 0.00285441312 0.002820076421 0.002792080864 0.002513666637 0.00240157079
361,frag@157.01 loss@189.97 frag@139.0 frag@197.09 loss@148.05 loss@120.04 loss@88.11 loss@43.01 frag@181.04 loss@95.07 frag@123.07 frag@297.09 loss@124.04 frag@69.01 loss@264.99 loss@54.05 loss@138.04 loss@187.99 loss@246.13 loss@178.08,0.1992431432 0.02550648712 0.02471870556 0.01432740968 0.01286833081 0.01076700632 0.007826309651 0.006371108815 0.005293591879 0.005288727116 0.004314743448 0.004100319929 0.003278738353 0.0032663655 0.002759504598 0.002698131837 0.002624032553 0.002540699672 0.002472979948 0.002328889212
362,loss@287.08 frag@196.01 frag@287.09 frag@177.08 frag@171.01 frag@247.01 loss@293.19 frag@184.01 loss@183.03 frag@326.18 loss@330.06 loss@250.06 frag@144.14 frag@365.14 frag@89.07 loss@556.18 frag@267.05 frag@259.03 frag@146.12 frag@241.14,0.1116507947 0.09861193597 0.07889503986 0.005425099283 0.003981369082 0.003673779545 0.003578545293 0.00352894119 0.003251228714 0.002907286631 0.00280002947 0.002703539561 0.002493636683 0.002476270543 0.002341161016 0.002333066193 0.002325972542 0.00228331075 0.002172596054 0.001997369574
363,frag@181.05 frag@287.09 loss@142.06 loss@112.05 loss@110.06 frag@127.04 loss@277.07 loss@153.04 frag@159.02 frag@155.07 loss@464.1 frag@53.0 loss@341.15 frag@139.04 loss@173.02 frag@153.02 frag@347.19 loss@653.12 loss@156.01 frag@145.05,0.2526831627 0.02069615014 0.008324258029 0.003867205931 0.003475611331 0.003257857636 0.002818291308 0.002737317467 0.002682420425 0.00266571925 0.002580146771 0.002528140554 0.002295861021 0.002233988373 0.002193081891 0.002107286127 0.002078317804 0.002066746121 0.001977788983 0.001935681561
364,frag@174.04 loss@152.06 frag@173.03 frag@70.99 loss@263.06 loss@190.06 frag@147.03 frag@44.98 loss@218.05 loss@152.07 loss@137.08 frag@140.02 frag@134.02 loss@170.04 loss@204.0 loss@217.04 loss@140.03 frag@163.02 loss@221.07 loss@305.08,0.2734742463 0.133768931 0.05742602423 0.03448886797 0.03212163225 0.02581143938 0.02304462716 0.00554291578 0.005259846803 0.004747189116 0.004525533877 0.003977403045 0.003301273566 0.003061527852 0.002996421885 0.002962793456 0.002877966734 0.002674333751 0.002504765755 0.002465947298
365,frag@160.11 loss@220.09 frag@146.1 frag@158.1 frag@132.08 frag@189.14 loss@227.13 loss@162.01 frag@256.14 loss@293.09 frag@188.11 loss@279.15 loss@258.1 frag@190.05 frag@174.09 loss@225.14 frag@145.09 loss@257.09 loss@278.08 loss@200.1,0.258626312 0.2207251489 0.009181296453 0.007297221106 0.005848565139 0.005153675564 0.004914561752 0.004594188649 0.004134334624 0.003727492411 0.003686380805 0.003512763185 0.003493514843 0.003452803008 0.003447765252 0.003442334011 0.00333929155 0.003256137017 0.003239864018 0.003170553828
366,frag@194.09 loss@259.05 loss@260.05 frag@122.1 frag@159.11 frag@142.02 frag@136.08 frag@69.06 frag@138.05 frag@108.06 frag@97.01 frag@160.13 frag@186.99 frag@111.09 frag@151.06 frag@97.04 frag@246.07 loss@229.05 frag@152.08 frag@122.03,0.2112205625 0.1570024639 0.06244263425 0.00349707366 0.002767732367 0.002630791394 0.002550690901 0.00226697675 0.002153941197 0.002016243991 0.002015179023 0.002005144255 0.001986799063 0.001966666896 0.001917834976 0.001891331514 0.001830745139 0.001798620564 0.001782436273 0.001750499825
367,frag@104.05 loss@188.94 loss@145.05 loss@140.02 loss@86.02 loss@126.01 loss@168.06 frag@131.06 loss@128.02 frag@158.05 loss@145.04 frag@129.04 frag@132.07 loss@109.02 frag@105.06 loss@102.01 frag@132.04 loss@87.02 loss@98.01 loss@147.08,0.2407268137 0.0266546607 0.02214575931 0.02122437581 0.02107544057 0.02077514865 0.02036759071 0.01424186956 0.01329328027 0.01293607056 0.0118986452 0.01113822963 0.008491938934 0.007323777769 0.007111396641 0.006998615339 0.006961383857 0.006876753643 0.006225903053 0.006073212251
368,frag@220.11 loss@316.22 frag@210.13 frag@208.11 loss@155.1 frag@347.15 frag@179.11 loss@280.03 frag@228.11 loss@347.09 loss@302.02 frag@232.13 frag@168.08 loss@219.13 loss@275.1 loss@136.05 frag@123.02 frag@254.12 loss@190.15 loss@285.14,0.1565446109 0.03202294186 0.03103202395 0.009625394829 0.004372830503 0.00416313624 0.003856712254 0.003315827111 0.002891783835 0.002627318725 0.002588903299 0.002417039126 0.002297688508 0.002203792566 0.002197865164 0.002189084888 0.002157190349 0.002011359204 0.001982239773 0.001790945418
369,frag@166.1 loss@194.12 loss@222.15 loss@178.09 frag@98.07 frag@123.05 frag@109.08 frag@124.09 frag@122.1 frag@108.06 frag@220.16 frag@148.09 frag@139.03 loss@181.09 loss@252.03 frag@141.07 frag@110.99 frag@134.07 frag@223.0 frag@138.99,0.1457250267 0.1147932708 0.1057069302 0.09141536057 0.08964733779 0.01163166482 0.01120278146 0.009625435807 0.009596683085 0.007190678734 0.00716744829 0.00691527687 0.005769197829 0.005040495656 0.004919822328 0.004815332126 0.00479026651 0.004496750422 0.004356089514 0.004125096835
370,frag@90.03 loss@55.01 frag@134.04 frag@63.02 frag@107.03 frag@62.99 loss@73.02 loss@82.02 loss@83.0 loss@69.02 loss@100.03 frag@117.04 loss@28.0 loss@81.02 loss@97.02 frag@78.01 loss@55.99 frag@81.02 loss@71.0 loss@108.03,0.06006004661 0.05174423382 0.04525095597 0.0325971432 0.0321967341 0.02761380561 0.02623748407 0.0233465638 0.02081937529 0.01794338226 0.01726281457 0.01442863885 0.01374496333 0.01287074015 0.01204085164 0.0114305662 0.009844378568 0.008845581673 0.007831907831 0.006660548039
371,frag@158.0 loss@320.06 frag@152.01 frag@206.06 frag@115.03 loss@270.07 frag@101.02 frag@99.05 frag@208.01 frag@132.96 frag@193.07 frag@74.01 frag@99.09 frag@224.07 loss@434.22 loss@292.09 loss@389.1 loss@225.07 frag@304.16 frag@332.06,0.03707761317 0.01730974391 0.005110863131 0.004840006121 0.004115829244 0.004089393653 0.003807992209 0.003113413462 0.003012592439 0.002522519091 0.002344128676 0.002232673345 0.002136229072 0.001918244991 0.00191064924 0.001889746287 0.001855563605 0.001851273817 0.001850283588 0.001844087732
372,loss@127.1 frag@184.09 loss@101.08 frag@197.08 loss@126.08 frag@71.99 frag@198.02 frag@337.06 frag@134.03 loss@106.05 loss@208.0 loss@73.09 frag@212.12 frag@258.16 frag@218.07 loss@99.1 loss@113.12 frag@194.12 loss@155.09 frag@291.18,0.1565910131 0.1301383078 0.125420928 0.04672027007 0.03619049489 0.02497845516 0.01734007895 0.01456087176 0.01353905164 0.01076921634 0.009775175713 0.00940842554 0.008877255954 0.008135025389 0.007375586778 0.007240825798 0.006341990083 0.0060816654 0.005694071297 0.005217764061
373,loss@280.12 frag@203.1 frag@232.13 loss@293.12 loss@308.15 frag@303.12 loss@215.16 loss@290.03 frag@99.07 loss@256.18 frag@273.11 frag@88.08 loss@316.18 frag@127.09 frag@134.99 loss@309.16 frag@156.04 loss@151.1 frag@196.11 loss@292.12,0.1215458736 0.08346681297 0.07628843933 0.06694372743 0.02289136685 0.01913351193 0.0150626339 0.01048617158 0.004867006559 0.00482358085 0.004260539077 0.003914981615 0.003700077068 0.002971085254 0.00286233495 0.002848507371 0.002847655443 0.002541362541 0.002515749773 0.002512483159
374,loss@153.0 loss@206.02 frag@154.01 frag@254.11 frag@232.14 frag@181.02 frag@101.11 frag@207.02 frag@212.12 frag@164.03 frag@207.04 loss@271.06 frag@256.15 frag@138.01 loss@208.04 loss@173.0 loss@210.14 frag@206.06 frag@174.02 loss@367.19,0.1745759547 0.1210888699 0.1030868292 0.03758104518 0.007695081178 0.0076893121 0.005666356534 0.005415193271 0.004913250916 0.004404066131 0.004389512353 0.004306011833 0.003763819579 0.003542497987 0.003022477729 0.00294099655 0.002762610093 0.002688835608 0.002657845616 0.002569700358
375,frag@119.09 frag@131.09 frag@93.07 frag@147.08 frag@105.07 frag@145.1 loss@230.13 frag@149.1 loss@296.09 loss@296.13 loss@328.07 frag@123.08 loss@294.17 loss@257.08 frag@91.05 frag@143.09 frag@133.1 frag@107.09 frag@135.08 loss@329.13,0.09490604699 0.06622894108 0.03286731988 0.03198767453 0.03042882681 0.02106119879 0.01876628213 0.01529250946 0.01505090017 0.01501706429 0.01458204724 0.01224072836 0.01213034336 0.01130028721 0.009690862149 0.009657980874 0.009637122974 0.009580381215 0.00923042465 0.008603793569
376,loss@158.11 frag@74.02 frag@87.04 frag@409.2 frag@152.05 frag@184.96 frag@233.13 frag@188.9 frag@168.11 frag@129.1 frag@180.05 frag@213.0 frag@150.13 frag@208.03 frag@139.02 frag@202.16 frag@176.04 frag@85.05 frag@195.08 frag@246.15,0.3604293466 0.01178418845 0.007477877662 0.006061640102 0.00572645152 0.005590329412 0.005527132191 0.005202298984 0.005100829061 0.004187263083 0.003799501574 0.003712779842 0.003612173721 0.003491091542 0.003475410631 0.003365437733 0.003016662784 0.002976734424 0.002791038714 0.002739473479
377,loss@96.07 frag@219.08 frag@269.18 loss@110.07 frag@287.11 loss@98.04 frag@211.01 frag@180.99 loss@160.07 loss@108.03 loss@57.02 loss@113.08 loss@172.01 frag@297.09 frag@335.17 frag@201.08 loss@0.06 frag@189.07 frag@261.12 frag@206.08,0.3001891375 0.244532302 0.04133020714 0.006080786232 0.004183608107 0.002931418363 0.002888882998 0.002842697082 0.002739832038 0.002687491244 0.002462391043 0.002455869922 0.002392000752 0.00214492809 0.002062259475 0.002056314843 0.001990265446 0.001965014497 0.001925219549 0.001817011158
378,loss@170.11 frag@223.02 frag@84.09 frag@114.0 frag@112.08 frag@84.08 frag@73.06 frag@246.08 frag@233.13 frag@355.2 loss@184.12 frag@126.08 frag@56.05 frag@239.21 frag@337.06 frag@44.01 frag@41.04 frag@138.01 frag@127.09 frag@71.09,0.2889173925 0.01123746019 0.009017741308 0.008414081298 0.00764412526 0.007014900446 0.004020947497 0.003914178349 0.003341873176 0.00331269321 0.003307660576 0.002993803704 0.002970402129 0.002910661278 0.002558807377 0.002368611051 0.002294312464 0.002218241338 0.002123363316 0.002107550856
379,loss@288.07 frag@206.17 frag@319.12 frag@228.12 frag@160.03 loss@82.08 loss@128.06 frag@43.03 loss@258.08 loss@105.04 frag@207.04 frag@223.1 frag@69.01 loss@137.1 frag@217.14 loss@280.13 frag@229.11 frag@209.05 frag@198.11 loss@294.16,0.2088342905 0.08094060421 0.06491906196 0.05656668171 0.05382410064 0.006300983485 0.005038652103 0.004307108466 0.003579730168 0.003575779265 0.003171402961 0.003002017038 0.002857372863 0.002802319126 0.002665354172 0.002639584243 0.002575909253 0.002554105362 0.002542098518 0.002526328899
380,frag@178.13 frag@210.02 loss@178.15 loss@177.13 frag@193.11 loss@349.12 loss@233.0 loss@171.16 frag@284.05 frag@163.11 loss@163.12 frag@256.09 frag@281.09 loss@78.18 loss@251.17 frag@97.1 loss@301.09 loss@127.14 frag@127.07 loss@156.16,0.03350417316 0.01611850783 0.01379874907 0.01352316234 0.01003172528 0.009384683333 0.008826239966 0.008787269704 0.008323591202 0.008184431121 0.007393316831 0.007309931796 0.007012221962 0.006633542012 0.006259582937 0.006247412879 0.006143085659 0.005719272885 0.005133848172 0.004998209886
381,frag@113.02 loss@198.0 loss@290.04 loss@155.01 loss@223.03 frag@138.01 loss@324.1 frag@101.02 frag@86.01 frag@231.12 loss@211.13 loss@239.07 loss@181.11 frag@316.16 loss@218.96 frag@115.03 frag@114.0 frag@188.08 loss@247.1 loss@199.01,0.3441254497 0.06105225533 0.007494062651 0.005789049435 0.004758866504 0.004028693773 0.00373007264 0.003172501922 0.002875056351 0.002821011469 0.00247530709 0.002318477025 0.00218366133 0.002005260671 0.001991535071 0.001988380915 0.001981538953 0.001810590969 0.001756635378 0.001676073414
382,frag@125.01 loss@224.05 loss@199.05 loss@191.08 loss@369.04 loss@280.1 loss@205.04 loss@262.04 loss@256.02 loss@285.06 loss@186.0 frag@135.1 loss@228.0 loss@206.06 loss@295.01 loss@367.19 loss@180.07 loss@201.03 loss@221.03 loss@141.02,0.3716663122 0.02675076388 0.02566836774 0.02496983856 0.02321008034 0.0199458506 0.01824362017 0.01780687086 0.0141662024 0.01060981397 0.009242379107 0.008865268901 0.008451465517 0.008448222652 0.008312908001 0.008230198175 0.007453535218 0.006261395756 0.004716922529 0.004070010968
383,frag@227.12 loss@254.09 frag@156.04 loss@301.12 frag@221.09 loss@303.06 loss@316.09 frag@231.08 frag@244.1 frag@303.15 loss@263.14 frag@285.14 frag@186.13 loss@170.15 frag@200.02 frag@104.02 frag@280.13 frag@408.14 loss@280.12 frag@242.12,0.06963571906 0.069246158 0.03913555294 0.03581831232 0.02763742954 0.01657426916 0.01626993157 0.01133740321 0.009698241018 0.009622479789 0.008030894212 0.007536539342 0.007255556993 0.007129649632 0.006484089885 0.005378547125 0.004681012128 0.003761108499 0.003722585272 0.003342786804
384,frag@75.0 loss@215.08 loss@230.1 frag@391.17 frag@312.16 loss@239.08 frag@256.05 loss@300.11 frag@270.11 frag@208.05 loss@318.12 frag@71.0 frag@304.16 frag@124.06 frag@264.12 frag@73.01 frag@275.18 frag@99.07 frag@224.14 frag@210.15,0.1557828486 0.1476792693 0.07675922662 0.02924363874 0.01461387146 0.007475105114 0.00384931732 0.003662251402 0.003275859868 0.003210780676 0.003124404466 0.003072250867 0.003025613958 0.002878686646 0.002858368913 0.002803219482 0.002570506651 0.002202189993 0.002191773616 0.002135291696
385,frag@121.09 loss@226.03 loss@170.13 loss@278.16 frag@275.18 loss@166.14 frag@183.98 frag@124.08 frag@218.0 frag@205.13 loss@181.11 loss@146.0 loss@192.01 loss@288.17 loss@252.05 loss@220.15 frag@264.03 frag@83.09 loss@210.13 frag@113.03,0.2177229673 0.1293836981 0.04283859953 0.01788315363 0.009395030327 0.008339271881 0.004997580778 0.004118190147 0.004055758473 0.003897161456 0.003835702781 0.003526231041 0.003377418267 0.0033233664 0.003298664233 0.003166073002 0.00300935423 0.002636271063 0.002563461661 0.002496721689
386,loss@154.09 frag@208.07 frag@233.13 frag@298.16 frag@211.01 frag@148.05 loss@173.13 frag@303.1 loss@233.08 loss@176.07 frag@253.1 loss@226.13 loss@45.02 loss@172.01 frag@96.07 loss@300.05 loss@214.15 frag@218.09 loss@219.1 loss@135.09,0.1502279639 0.1309654415 0.08491117507 0.02269638889 0.007114541717 0.006554882042 0.00504014967 0.004131963942 0.004100793041 0.003633880522 0.00356441224 0.003414237639 0.003099070862 0.003008652013 0.002638011007 0.002637924394 0.002446114784 0.002376247663 0.002329972573 0.002274179365
387,frag@145.04 frag@163.05 loss@183.98 frag@117.04 loss@213.14 loss@172.14 frag@144.06 loss@161.06 loss@139.06 loss@106.02 loss@253.17 frag@189.03 frag@90.03 loss@171.05 frag@172.05 loss@248.02 loss@107.11 loss@107.06 loss@56.0 frag@161.06,0.160755828 0.1564552188 0.03745843843 0.02298755944 0.01959586516 0.0101319328 0.00776698906 0.005760519765 0.005106931087 0.004688321147 0.004191936459 0.003305646591 0.003300771583 0.003233829513 0.003202232299 0.003166521899 0.003041792195 0.00296187005 0.002833904931 0.002753345296
388,loss@233.07 frag@55.02 frag@161.06 frag@87.04 frag@79.05 frag@59.05 frag@81.02 frag@228.99 frag@134.01 frag@43.02 frag@140.14 frag@176.98 loss@186.04 frag@84.09 frag@45.03 frag@57.03 frag@246.15 frag@257.09 frag@165.02 frag@62.99,0.3165727556 0.01073355135 0.008008752018 0.006956913974 0.006813657936 0.00610728655 0.005528133828 0.00497910846 0.004801673815 0.004691762384 0.004454286769 0.004430941772 0.004377724603 0.004252907354 0.003893792396 0.003835203825 0.003824161133 0.003519258229 0.003396545304 0.003190303687
389,loss@220.1 loss@210.11 loss@276.09 frag@191.12 frag@167.98 frag@84.09 frag@101.02 frag@84.08 frag@163.09 frag@95.07 frag@220.02 frag@122.1 frag@194.09 frag@163.01 frag@332.06 frag@215.1 frag@95.06 frag@96.06 frag@150.1 frag@55.02,0.162187025 0.1527229846 0.0261553973 0.0173759833 0.01121314149 0.01075067837 0.009582674131 0.009142338298 0.007794616278 0.007376554422 0.0072200289 0.007028916385 0.006593346596 0.005929062143 0.005572125781 0.005351403728 0.005199610721 0.00507388683 0.005056111142 0.00464608008
390,frag@227.09 loss@319.17 frag@297.13 loss@344.11 loss@264.05 loss@299.06 loss@291.11 frag@320.16 frag@257.13 frag@220.11 frag@199.05 loss@374.13 loss@91.95 frag@161.09 frag@159.04 frag@162.09 loss@275.07 frag@318.16 frag@122.04 loss@125.04,0.09648590535 0.02240013145 0.01504588965 0.0141472714 0.007581491955 0.007269904483 0.00693700742 0.006751332432 0.006055631675 0.005181027111 0.003542335238 0.002649873728 0.002150979592 0.002046043752 0.001994892722 0.001930575818 0.00177551806 0.001748306444 0.001745144138 0.001681956812
391,frag@157.04 loss@244.98 loss@156.05 frag@151.05 loss@237.22 loss@381.12 frag@169.06 frag@238.13 frag@256.13 loss@160.97 loss@290.07 frag@218.09 loss@301.03 loss@223.15 loss@308.08 frag@98.02 loss@154.05 loss@139.05 loss@251.06 loss@165.1,0.3090341687 0.006553185172 0.004294977523 0.00363630848 0.003281887155 0.003065965604 0.002802810166 0.002693567891 0.002591813682 0.002566227457 0.002476248425 0.002442702418 0.00218301639 0.002127971267 0.002098040422 0.001856579562 0.001847461797 0.001812131144 0.00171213143 0.001654134598
392,loss@166.09 frag@69.01 frag@161.03 frag@155.05 frag@169.98 frag@106.07 frag@155.06 frag@143.01 frag@188.08 frag@140.05 frag@172.96 frag@148.08 frag@150.04 loss@176.11 loss@183.14 frag@364.13 frag@145.06 frag@113.03 frag@95.02 frag@190.09,0.2813204229 0.004688709974 0.004586324561 0.004411687143 0.004301289096 0.004013854545 0.003835004522 0.003785009962 0.003525077598 0.003427174641 0.003350606421 0.003275224939 0.003134786151 0.003089779988 0.002799087437 0.002774981782 0.002734824549 0.002672866452 0.002473045373 0.002389715519
393,frag@109.05 loss@197.06 loss@241.08 loss@153.05 loss@230.06 loss@289.05 frag@220.12 loss@290.11 frag@151.96 frag@311.18 loss@306.08 loss@210.04 frag@130.01 frag@208.17 loss@240.03 frag@149.07 loss@302.08 loss@207.14 frag@160.13 loss@167.06,0.2914659977 0.1173974574 0.0745870024 0.06601919979 0.02210997045 0.01805456728 0.01758009568 0.01077291928 0.009745895863 0.005873160437 0.004788434133 0.004518904723 0.004425158259 0.00406793179 0.003570584115 0.003121645888 0.003117908956 0.003035354195 0.002983889775 0.002954362426
394,loss@170.03 loss@216.04 frag@151.07 frag@111.01 frag@176.02 loss@152.07 frag@247.01 frag@326.18 loss@203.96 frag@151.98 frag@163.02 frag@293.14 frag@328.11 frag@275.15 frag@337.15 frag@319.04 frag@128.09 frag@248.1 frag@273.04 frag@115.06,0.2105470449 0.04261841998 0.009244441986 0.009005792439 0.006908462383 0.006096472498 0.005635331385 0.005547021981 0.005368890241 0.00505060656 0.004867378157 0.004782990552 0.004692723043 0.004672656301 0.004516725894 0.004037870094 0.00368451979 0.00359314098 0.003388864687 0.003254439216
395,frag@178.03 frag@196.04 loss@346.07 frag@150.04 loss@226.99 frag@185.04 loss@143.03 loss@280.09 loss@87.05 loss@48.59 loss@144.01 loss@185.99 loss@141.03 frag@278.14 frag@242.13 loss@92.99 loss@302.14 loss@275.05 loss@202.04 frag@283.05,0.2125845999 0.0821210146 0.02217101492 0.02029139735 0.01078718435 0.008109912276 0.006950894371 0.006063885987 0.005523961969 0.004951130599 0.00481318729 0.004292765167 0.004175574519 0.003869906301 0.003834957955 0.003696069354 0.003444904927 0.003191826865 0.002836939879 0.002629606985
396,loss@206.07 frag@115.03 frag@321.1 frag@206.06 frag@124.08 frag@178.06 frag@231.15 frag@190.05 frag@150.13 frag@101.02 frag@148.1 frag@114.04 frag@84.06 loss@178.07 frag@174.95 frag@207.98 frag@163.09 frag@245.09 loss@190.07 frag@120.04,0.2835758924 0.05662673339 0.01681952551 0.00905409269 0.006091303658 0.005349161103 0.00526259793 0.004344791174 0.003734912956 0.003668376477 0.003536957316 0.003083737334 0.002871236065 0.0028671904 0.0028206883 0.002741415985 0.00265895389 0.002466926351 0.002377265366 0.002362013562
397,frag@72.08 loss@278.14 loss@244.06 loss@317.13 loss@359.05 loss@337.11 loss@329.16 loss@277.05 frag@116.11 loss@242.04 loss@334.11 loss@366.11 loss@304.1 loss@346.16 loss@263.99 loss@400.26 loss@234.05 frag@100.11 loss@260.04 loss@385.15,0.3044314981 0.03028557077 0.02919011377 0.02139701881 0.01608256623 0.01540464256 0.01528744586 0.01513931341 0.01473917812 0.01401604526 0.01398573536 0.0130968485 0.0129968375 0.01223720051 0.008920473047 0.007265716325 0.007085760124 0.006972381845 0.006966498215 0.00647293916
398,loss@185.01 loss@216.14 frag@241.02 frag@248.07 frag@278.11 loss@251.14 frag@158.06 frag@310.12 frag@250.98 frag@196.11 frag@223.02 loss@258.17 loss@130.04 loss@271.11 loss@131.02 loss@343.09 loss@377.15 loss@268.05 frag@119.05 loss@358.04,0.0324270986 0.02362498641 0.006994771305 0.00678241346 0.006737094373 0.006232887972 0.005552224815 0.005367288832 0.005349428859 0.0048829671 0.004594811704 0.004416675773 0.004411624745 0.004200818483 0.004187724553 0.004049035255 0.003950591199 0.003769805888 0.003515902441 0.003512307769
399,frag@109.08 loss@136.06 loss@108.07 loss@215.07 loss@187.04 loss@228.14 frag@92.05 loss@380.11 loss@164.06 loss@197.06 frag@121.08 frag@80.05 loss@119.02 frag@81.04 loss@213.04 frag@110.06 frag@107.06 frag@123.09 loss@207.11 loss@214.96,0.3071883917 0.139667511 0.07309045643 0.02471886203 0.0179496184 0.01603105664 0.01234808099 0.01118777785 0.01096881367 0.01051272172 0.009412809275 0.008378772065 0.008284386247 0.007727127988 0.007718252484 0.007455041632 0.00713163754 0.007105337922 0.007007880136 0.006684982684
400,loss@151.1 frag@181.1 frag@166.08 loss@198.12 loss@212.14 frag@165.07 frag@167.09 loss@195.1 loss@139.1 frag@171.04 loss@249.1 frag@108.08 loss@290.03 loss@293.19 frag@205.02 loss@258.11 loss@153.12 frag@270.07 loss@167.09 loss@159.06,0.1804504991 0.1585430503 0.1481551528 0.02911379188 0.01830998063 0.01710965671 0.01413088199 0.006475030445 0.004192931578 0.004045039881 0.002877262654 0.002693237737 0.002657851437 0.002648401074 0.002556640422 0.002508806065 0.002477098256 0.002433142159 0.002426192164 0.002390675247
401,frag@92.05 frag@110.06 frag@93.06 frag@65.04 loss@119.02 loss@95.0 loss@211.09 loss@255.06 loss@189.02 loss@322.03 frag@80.05 frag@120.04 loss@161.01 loss@201.07 loss@155.0 loss@250.05 loss@162.01 loss@217.04 loss@235.11 loss@122.01,0.1389775574 0.09751750529 0.08140941709 0.05007989705 0.02398263849 0.02371587232 0.02261070907 0.02097940259 0.01957652159 0.01900752261 0.01799572818 0.01685743034 0.01497402601 0.0143700894 0.01235768944 0.01074989699 0.01041104365 0.009480456822 0.009264985099 0.009230888449
402,loss@246.1 loss@191.13 frag@171.05 frag@145.06 loss@191.1 frag@133.07 frag@110.02 frag@138.09 frag@146.1 frag@159.09 frag@141.05 frag@120.08 frag@148.08 frag@145.09 frag@129.07 frag@148.05 frag@174.09 frag@188.14 frag@95.01 frag@201.04,0.1844675988 0.1286827624 0.01730830409 0.015089822 0.01383857895 0.01253969036 0.01107867248 0.01092904899 0.0100199813 0.009978804737 0.00802454818 0.008009914309 0.007291040849 0.007044279482 0.006361266598 0.006023846101 0.005829220638 0.005382660776 0.004978245124 0.004823849536
403,loss@185.98 loss@145.95 frag@265.11 frag@384.17 frag@235.16 loss@224.0 frag@194.12 frag@211.07 frag@189.06 frag@174.03 frag@240.06 frag@198.99 frag@101.02 frag@172.07 loss@226.03 frag@292.15 frag@158.96 frag@256.13 frag@144.0 frag@206.05,0.20738554 0.07802319527 0.05881211534 0.01143263932 0.01084598154 0.006603337824 0.005810099188 0.00559392618 0.005209147464 0.004965025 0.004913092125 0.004625624046 0.004397622775 0.004137501121 0.004003175534 0.003807235742 0.003623901634 0.003490726929 0.003347726306 0.003256166121
404,frag@236.11 loss@288.09 loss@390.12 loss@239.12 frag@304.17 frag@163.02 frag@175.04 frag@344.11 loss@273.07 loss@78.57 frag@309.1 frag@215.03 loss@120.06 loss@295.11 loss@163.06 frag@306.11 loss@150.1 loss@246.16 frag@190.05 loss@259.08,0.1963992864 0.1277736723 0.03682784736 0.003852007678 0.003826321801 0.003686400829 0.003660091199 0.003343194025 0.003221289953 0.002731062938 0.00258255424 0.002320888918 0.002313656732 0.002231273334 0.002085208427 0.002032422228 0.001982514514 0.001870569424 0.001794052892 0.001779705286
405,frag@133.05 loss@140.06 loss@185.06 loss@164.07 loss@141.06 loss@152.07 frag@131.04 loss@187.05 loss@177.07 frag@230.09 loss@108.04 frag@185.05 frag@144.05 frag@215.13 frag@172.1 frag@187.09 frag@158.04 frag@161.08 frag@134.06 frag@149.08,0.1295400858 0.0680931434 0.06240621582 0.06140185893 0.03150396049 0.0285232719 0.02595062368 0.01683625765 0.01619014516 0.01445243321 0.01378299762 0.01001743134 0.0097507881 0.007920903154 0.007581460755 0.007394918706 0.007196619641 0.007164598908 0.006382872816 0.006223399658
406,frag@164.03 loss@136.04 loss@216.99 loss@137.05 frag@152.03 loss@149.05 loss@184.04 loss@125.05 frag@140.05 loss@126.04 frag@173.08 loss@191.05 frag@159.07 frag@151.96 frag@259.03 loss@163.07 frag@204.06 loss@182.03 loss@102.03 loss@184.05,0.300581485 0.08122652769 0.02149552479 0.01603059657 0.007374722511 0.007294276729 0.006019284949 0.005152238533 0.004463858902 0.003720240202 0.003709394485 0.003245003056 0.003228587331 0.003141389228 0.003126769327 0.003104626434 0.003095726017 0.003017571755 0.00294953119 0.002884690184
407,frag@144.95 loss@184.16 loss@117.96 loss@284.04 loss@160.97 loss@151.05 frag@116.96 loss@233.0 loss@284.16 frag@100.09 frag@127.01 loss@186.17 frag@254.13 frag@113.04 loss@414.22 frag@250.02 frag@270.07 frag@102.97 loss@232.03 loss@157.15,0.3236505389 0.200410679 0.01823856123 0.01364423241 0.01252871472 0.004615922924 0.003461072454 0.002908116905 0.002865676302 0.002699925099 0.002445572754 0.00230620685 0.002271708334 0.002157406881 0.002003782662 0.002000370761 0.001790227951 0.001743345754 0.001638776972 0.001555729308
408,loss@154.05 frag@169.04 loss@166.05 frag@173.03 frag@174.04 frag@167.02 loss@137.03 frag@343.19 frag@126.06 frag@71.0 loss@272.08 loss@244.08 frag@176.06 loss@78.05 frag@147.03 frag@98.04 frag@264.12 frag@312.16 frag@150.04 frag@160.05,0.121186398 0.1130594015 0.09642639011 0.03959069774 0.01764836535 0.01626744866 0.01611396857 0.00547274854 0.00545951305 0.005031328648 0.004860461224 0.004356590565 0.004352538846 0.003710316261 0.003626519348 0.003619595198 0.003600829048 0.003560329787 0.003458830528 0.00345784286
409,frag@204.11 frag@229.11 loss@144.03 loss@227.0 frag@180.1 loss@262.22 loss@178.97 loss@299.05 loss@130.09 loss@296.15 loss@177.1 frag@207.11 frag@175.11 loss@164.1 loss@161.07 loss@281.03 loss@387.06 loss@134.08 frag@141.14 loss@164.11,0.1892778873 0.09458585083 0.02685918659 0.02451168932 0.004586843774 0.003726195078 0.003438520012 0.002517919056 0.002410433255 0.002360502025 0.002290335018 0.002214808948 0.002048797207 0.001976909349 0.001851537498 0.001691992162 0.001676468994 0.001671804581 0.001646879828 0.001609275118
410,loss@262.13 frag@242.13 loss@216.06 frag@169.01 frag@56.01 frag@58.03 frag@133.06 frag@173.01 frag@256.1 frag@302.22 frag@207.98 frag@122.1 loss@226.08 frag@241.99 loss@230.01 frag@189.14 frag@121.03 frag@165.04 frag@121.06 frag@148.08,0.2017412037 0.05423861742 0.05184543133 0.0268452242 0.009554325603 0.009517321363 0.006829119753 0.005811846815 0.00571064651 0.005504448898 0.005474364851 0.005292533897 0.00513285445 0.005033210851 0.004865318537 0.004851823207 0.004812624305 0.004438646603 0.004393229261 0.004374387208
411,loss@208.06 frag@138.06 loss@180.06 frag@126.06 frag@106.07 frag@98.03 frag@151.12 frag@56.96 frag@67.02 frag@160.05 frag@48.8 frag@256.05 frag@59.0 frag@150.04 frag@110.02 frag@178.06 frag@153.08 frag@124.06 loss@119.05 frag@264.07,0.2129629701 0.1058380082 0.02119779773 0.008829748258 0.004345945083 0.004062559456 0.004059858155 0.003354537301 0.002957722172 0.002767654601 0.002754843561 0.002664569765 0.002513639396 0.002435544273 0.002428582637 0.002197596943 0.002146892482 0.002069211332 0.00206400454 0.002042634645
412,frag@125.05 frag@108.02 loss@105.12 loss@155.03 frag@349.07 frag@255.06 loss@167.06 frag@130.04 frag@166.01 loss@146.03 loss@161.03 loss@211.07 frag@113.03 loss@172.05 loss@203.0 loss@323.99 frag@215.03 loss@188.07 loss@150.02 frag@391.18,0.1157496646 0.04801319912 0.04272197932 0.02969786339 0.01239127107 0.007373729721 0.006983728614 0.005588367581 0.004643280525 0.004525993485 0.00426625926 0.003158947686 0.002962019993 0.002878521103 0.002758836607 0.002505671233 0.002423338126 0.00236788718 0.002271976322 0.002211505082
413,frag@148.02 frag@176.02 loss@166.03 loss@187.0 frag@166.1 loss@286.04 loss@310.05 loss@311.06 loss@181.04 loss@197.07 frag@123.01 frag@155.94 frag@153.05 frag@139.03 loss@175.01 loss@147.05 frag@161.01 loss@213.07 loss@291.16 frag@135.05,0.1405699849 0.09347268194 0.08946330845 0.07241409272 0.005370672327 0.005130603444 0.002955747303 0.002908198629 0.002905501053 0.002595098689 0.002560196444 0.002512945095 0.002340877661 0.002301871777 0.002280813642 0.002244143048 0.00223840843 0.002209689002 0.002145646606 0.002128123073
414,frag@184.02 frag@365.14 frag@326.18 frag@152.02 loss@156.01 loss@144.01 loss@237.08 frag@124.02 frag@344.17 loss@353.09 loss@148.01 loss@197.08 frag@316.13 frag@231.02 frag@185.04 frag@161.01 loss@249.06 loss@235.04 loss@268.07 loss@300.17,0.2059410363 0.01623346098 0.0149285309 0.005529504735 0.003578881267 0.003508981317 0.002621466061 0.002362428699 0.002217106754 0.002095945179 0.001995627536 0.001864255872 0.001857762458 0.001840015524 0.001822059392 0.001817038516 0.001806662651 0.001720624045 0.001653726678 0.001644973294
415,loss@244.07 loss@226.06 frag@314.13 frag@269.04 frag@95.01 frag@125.05 frag@135.03 frag@107.01 frag@159.04 loss@196.07 frag@309.09 frag@151.12 loss@188.07 frag@255.06 frag@251.04 frag@246.06 frag@316.13 frag@319.16 frag@180.05 frag@113.01,0.1630983204 0.0806081146 0.02964066155 0.009307371452 0.006463652942 0.006216754206 0.0057963375 0.004981451668 0.004966229666 0.004939347971 0.00456511369 0.004311808851 0.004183657467 0.004016635474 0.003863933962 0.003673868021 0.00366502488 0.003566364525 0.003461780259 0.003383781761
416,loss@156.05 loss@141.02 frag@205.13 frag@154.01 frag@141.04 frag@174.04 frag@188.04 frag@231.04 frag@75.0 frag@70.99 frag@266.07 frag@98.04 frag@44.98 frag@111.03 frag@168.05 frag@141.0 frag@318.03 frag@151.03 frag@349.14 frag@190.04,0.1818305105 0.1511465758 0.05277219042 0.02742274292 0.02449121885 0.01934219338 0.008114253171 0.006916269194 0.006300001871 0.005319036543 0.004598632921 0.004229153041 0.003691608319 0.003347797086 0.002639086451 0.002591121476 0.002484798199 0.00242851628 0.002418641234 0.002414793242
417,loss@250.06 loss@287.08 frag@151.96 frag@151.07 frag@287.09 frag@156.02 frag@205.04 frag@259.03 frag@98.05 frag@314.13 frag@318.18 frag@205.03 frag@196.01 frag@365.14 frag@56.96 loss@277.07 frag@204.06 frag@139.04 frag@197.07 frag@144.14,0.2138870209 0.03298991919 0.008684502915 0.004370307084 0.004047454335 0.003835028969 0.003727452597 0.003545203479 0.003534549382 0.003348967992 0.003302289639 0.003231204813 0.002886360744 0.002829747507 0.002802654635 0.002561912406 0.002552284161 0.00239248015 0.002245573094 0.00208941428
418,frag@150.06 loss@163.14 frag@135.0 loss@193.99 loss@176.02 loss@229.1 loss@189.05 loss@201.11 loss@186.05 frag@99.06 loss@319.16 frag@94.07 frag@53.04 loss@221.04 loss@194.07 loss@186.09 frag@69.04 loss@279.16 frag@80.05 frag@142.01,0.2043734491 0.09456022829 0.06720586866 0.01546062902 0.006025823299 0.005213952623 0.004578919616 0.003741591703 0.003554988187 0.003525602864 0.003315633396 0.003314046422 0.003249923699 0.003108209232 0.002981204307 0.002962487517 0.002924312372 0.002563040471 0.002473318484 0.002471240237
419,loss@101.05 loss@127.02 frag@222.09 frag@127.02 frag@201.05 frag@156.07 loss@154.03 frag@217.04 frag@190.08 frag@234.08 loss@99.05 loss@206.18 frag@193.08 frag@284.11 loss@148.01 loss@127.91 frag@234.03 loss@84.09 loss@112.07 loss@165.98,0.1009911671 0.08697815984 0.052040793 0.04929195717 0.04799419269 0.04184208438 0.04150115326 0.0306800399 0.02918085456 0.02368588932 0.02258820273 0.0178209357 0.0136570977 0.01323090494 0.01253204141 0.0108525306 0.008609514683 0.00815715827 0.007801473141 0.007093850989
420,frag@179.99 loss@187.98 frag@170.04 frag@181.0 frag@114.04 frag@167.99 loss@245.07 frag@218.06 frag@96.02 loss@221.09 loss@130.99 frag@101.03 loss@348.08 frag@153.09 frag@232.13 loss@230.07 frag@97.01 frag@135.03 loss@169.02 loss@84.0,0.1558969468 0.08617441356 0.06948439777 0.01238263771 0.004935208242 0.004770698491 0.004633742385 0.003604997182 0.003302411409 0.003282921156 0.003245859407 0.003217674093 0.002983783605 0.002805680735 0.002804073272 0.002730971202 0.002641131869 0.002591136144 0.00234251353 0.002318030456
421,frag@164.12 frag@98.01 loss@206.15 loss@188.14 loss@190.12 frag@192.11 loss@261.02 frag@221.14 loss@202.0 loss@234.18 loss@219.12 frag@275.11 loss@213.04 frag@148.09 loss@203.12 frag@150.1 loss@178.12 loss@169.01 frag@98.07 frag@197.05,0.09500486404 0.0854479298 0.0767448917 0.04110699147 0.03212238848 0.02756821737 0.02696901001 0.02358409949 0.01166210603 0.01040973328 0.009302516468 0.009047431871 0.006799981929 0.006401258986 0.005886044353 0.00584502751 0.005774956662 0.005765271839 0.005048295483 0.005012163427
422,frag@134.06 frag@162.05 loss@173.05 loss@157.05 frag@105.06 frag@106.06 loss@176.02 frag@144.04 loss@164.11 loss@189.05 frag@133.05 loss@314.14 frag@148.08 frag@199.12 loss@152.07 loss@232.05 loss@208.07 loss@164.03 loss@257.02 loss@176.1,0.2152366489 0.07324448228 0.07247538865 0.02423709631 0.01255774871 0.01168928016 0.01078790519 0.01038673148 0.009170772508 0.007775247563 0.007497701794 0.006178440526 0.006031581201 0.006018038373 0.005473883823 0.005170824006 0.005058441777 0.004993662238 0.004979841877 0.004969575442
423,frag@160.04 loss@234.21 loss@145.97 loss@217.01 loss@227.13 loss@161.11 frag@133.03 loss@176.08 loss@187.03 loss@204.05 loss@163.06 loss@260.1 loss@132.06 loss@101.04 loss@191.01 loss@364.12 loss@148.11 loss@172.05 frag@235.05 loss@138.11,0.3552993238 0.03695332259 0.02117986977 0.02012345754 0.007337339688 0.007302411366 0.005303876474 0.004639653023 0.003256993368 0.002838870278 0.002554220846 0.002243011957 0.002154627582 0.002154524904 0.002042239066 0.001979843713 0.001961469417 0.001919984003 0.00189343025 0.001803567633
424,loss@170.05 loss@100.99 frag@83.03 frag@147.06 frag@148.06 frag@224.04 frag@166.97 frag@163.02 frag@126.06 frag@256.05 frag@107.01 frag@346.04 frag@216.1 frag@255.06 frag@182.95 frag@225.02 frag@134.02 frag@130.03 frag@159.04 frag@259.05,0.3109411299 0.038884826 0.006754365284 0.006727609318 0.006395837292 0.005435212515 0.005246012472 0.005073853303 0.004969615489 0.004816954955 0.004624001216 0.004342374392 0.004270101432 0.004204839934 0.004180270247 0.004149001557 0.004054875113 0.003856705502 0.003692616476 0.003562953323
425,frag@228.08 frag@171.97 frag@238.12 loss@191.99 loss@206.01 frag@269.1 loss@151.02 frag@180.01 loss@148.05 loss@144.0 loss@161.12 loss@120.07 frag@124.02 loss@139.02 frag@237.04 loss@88.01 loss@157.03 loss@303.17 loss@68.06 loss@244.95,0.1279140413 0.08303166181 0.04181971774 0.01544463634 0.01031721849 0.007351827808 0.005929399747 0.00445958972 0.004459495656 0.003719341708 0.003702481743 0.003148240969 0.002691964619 0.002625672845 0.002623654669 0.002363223117 0.002336833393 0.002252239035 0.00216880138 0.002122620121
426,frag@173.55 loss@296.16 frag@173.54 loss@314.17 loss@473.29 loss@161.14 loss@402.14 loss@744.25 loss@805.41 frag@97.03 loss@250.06 loss@833.44 loss@445.16 frag@85.03 loss@217.15 frag@83.05 frag@71.05 frag@233.15 loss@264.17 loss@189.15,0.2136495113 0.0331270285 0.02760112844 0.01516048424 0.01503891964 0.01471096836 0.01371026225 0.01217493322 0.01133966353 0.01108445041 0.009748356417 0.009542644955 0.009099286981 0.008710999042 0.008427431807 0.007734721527 0.007279873826 0.006963305175 0.006901250221 0.006817001384
427,loss@88.02 loss@115.03 frag@153.08 frag@374.15 frag@308.1 frag@58.99 frag@118.07 loss@116.01 frag@156.01 frag@437.15 loss@338.06 loss@91.03 frag@56.96 loss@89.02 frag@79.02 frag@287.09 frag@185.03 frag@150.01 frag@65.0 frag@161.02,0.2334051132 0.07219818234 0.06698755175 0.02681106143 0.01505946275 0.01379395276 0.007060685661 0.006343734451 0.00600268133 0.005922973156 0.005878611002 0.004649683367 0.004598692525 0.004237838555 0.003936166409 0.003179660765 0.00316846068 0.003109410871 0.00305491779 0.002848031232
428,frag@186.09 loss@189.01 loss@317.14 loss@126.14 loss@113.13 frag@171.07 loss@160.1 frag@159.07 frag@174.09 frag@173.08 loss@344.17 frag@172.08 frag@160.11 frag@158.1 loss@253.03 loss@329.14 loss@279.15 frag@239.08 loss@267.11 loss@185.01,0.2694194317 0.03176640347 0.01066275593 0.00976399146 0.009110453539 0.006417016964 0.005604377016 0.005529819988 0.003385297256 0.00316879875 0.00308985333 0.003082714276 0.002964718966 0.002703944687 0.002676913515 0.002649240894 0.002604560228 0.002084001666 0.001814624527 0.001731164288
429,frag@212.12 frag@263.15 loss@325.13 frag@171.15 loss@163.07 frag@195.02 loss@142.11 loss@103.04 loss@194.01 loss@328.18 loss@113.04 loss@95.04 frag@155.94 loss@138.1 frag@158.07 loss@47.0 frag@226.13 loss@188.09 loss@113.06 loss@300.07,0.224289149 0.02564648725 0.005641083233 0.004507812671 0.004283668939 0.003606908722 0.003173952224 0.002882832428 0.002793774707 0.002509092912 0.002504502656 0.002438457916 0.00234978809 0.002279066714 0.002155133523 0.002129394794 0.002025833353 0.002021991182 0.001954264008 0.001928253332
430,loss@166.1 frag@218.15 frag@208.02 frag@173.1 frag@208.1 frag@241.99 frag@173.95 loss@136.09 frag@236.15 frag@175.06 frag@319.16 loss@179.0 frag@180.1 frag@161.1 loss@215.12 frag@175.11 frag@370.17 frag@216.13 frag@172.02 frag@150.09,0.2415024191 0.007562548388 0.006707123481 0.004476232454 0.003367356956 0.003009257838 0.00289595034 0.002869258169 0.002595633967 0.002590152202 0.002551505808 0.002496774541 0.00219321507 0.002162748249 0.002117220312 0.001989500131 0.001959104091 0.001906268415 0.001892271335 0.001880813506
431,frag@178.07 loss@227.1 loss@196.03 frag@102.04 frag@141.03 frag@110.02 frag@83.03 loss@185.04 loss@203.08 loss@268.05 frag@147.05 frag@57.99 frag@216.1 frag@209.14 frag@129.02 frag@147.08 frag@135.05 frag@97.04 loss@287.04 frag@123.08,0.2265210897 0.1491868943 0.1015116796 0.007218527608 0.005070602987 0.004599944688 0.004242675379 0.00338821928 0.003181738546 0.003054770175 0.002966963686 0.002958463272 0.002743248362 0.002592913108 0.002574905986 0.002473736182 0.002353739925 0.002306099981 0.002262697555 0.002251876052
432,loss@198.1 loss@107.11 frag@55.02 frag@114.0 frag@233.13 frag@58.03 frag@137.03 frag@188.9 loss@170.11 frag@276.01 frag@43.02 frag@86.06 frag@67.05 frag@70.03 loss@184.12 frag@241.99 frag@203.99 frag@114.05 frag@110.02 frag@201.13,0.2613515258 0.02833643742 0.01263250783 0.006889719982 0.00574779883 0.005570989568 0.00429180963 0.003420197172 0.003335190006 0.003276913892 0.003223654116 0.00285673351 0.00284315832 0.002830500482 0.002748575062 0.002722265432 0.002719030017 0.002684100065 0.002632905962 0.00254561007
433,frag@164.09 loss@131.06 frag@134.05 loss@159.05 loss@175.05 frag@126.07 loss@157.04 loss@130.09 loss@196.01 loss@132.04 frag@136.06 frag@55.02 frag@112.05 loss@144.02 loss@116.05 loss@145.03 frag@173.04 frag@150.08 frag@137.05 frag@291.1,0.1251066178 0.1250198931 0.07627438009 0.04980014637 0.03191193566 0.02260798588 0.01744261011 0.01512748562 0.01235630643 0.008986652829 0.00842520874 0.007410737686 0.006664027926 0.0061826827 0.005881830119 0.005175193772 0.00513824448 0.004998304881 0.004966336302 0.004915353376
434,frag@161.09 frag@146.07 loss@473.29 loss@174.96 frag@120.06 frag@160.09 loss@309.06 frag@139.02 loss@243.01 frag@132.06 frag@150.09 frag@158.07 frag@134.07 frag@172.07 frag@328.18 frag@190.1 loss@138.1 frag@159.08 frag@147.09 loss@206.15,0.0851264298 0.07037879527 0.02107186988 0.009949081577 0.008576679975 0.004227901343 0.004126922693 0.003804167965 0.003566569183 0.002940642647 0.002930281684 0.002920380561 0.00289913686 0.002881079679 0.002586570103 0.002449380001 0.002397417789 0.00236492767 0.002247972181 0.002189966151
435,loss@198.06 loss@170.04 loss@164.04 frag@139.07 frag@136.07 frag@141.03 frag@155.07 frag@125.04 frag@84.99 frag@141.05 frag@158.03 frag@132.1 frag@347.19 frag@134.05 frag@112.06 frag@122.94 frag@145.08 frag@164.14 frag@147.05 frag@106.06,0.1168313548 0.08944206685 0.07154710591 0.06664369255 0.02968135849 0.02839028277 0.008102275431 0.007225082256 0.006897296291 0.006556300446 0.004996806383 0.004979516845 0.004690478556 0.004675698001 0.004187093582 0.004042601213 0.003961097449 0.003750429722 0.003684983356 0.00366492942
436,frag@150.1 loss@137.1 loss@149.1 frag@176.12 loss@190.12 loss@172.95 frag@136.09 frag@134.07 loss@263.05 loss@380.11 frag@187.1 frag@198.11 loss@338.1 frag@240.11 loss@95.04 loss@123.1 frag@148.09 frag@268.11 frag@211.98 frag@127.03,0.1609517038 0.121783793 0.1139222085 0.1076260135 0.01935282536 0.009840560146 0.009650786407 0.009118299931 0.008662236854 0.006366920657 0.006365374196 0.00562703982 0.004385596607 0.004275382031 0.004189632833 0.00395890465 0.003320895834 0.003242937149 0.003094904125 0.00292233238
437,frag@276.08 loss@135.11 loss@297.12 loss@345.12 frag@171.94 frag@348.06 loss@373.12 loss@374.28 loss@354.04 frag@185.0 loss@288.98 loss@272.02 loss@256.98 frag@268.02 frag@126.06 frag@243.1 frag@169.05 loss@415.17 loss@438.03 frag@318.1,0.04565008357 0.04003161192 0.01861577109 0.01740726456 0.01603788137 0.01418130007 0.01318898238 0.01243777759 0.01058768388 0.009717508219 0.008610239252 0.008329847828 0.007314860821 0.007243264932 0.007054019719 0.006996796001 0.006991886534 0.006884558592 0.006533640902 0.006377827842
438,frag@186.05 loss@228.11 frag@158.06 frag@198.08 frag@176.07 loss@185.01 frag@204.07 frag@159.07 frag@186.08 loss@197.02 loss@125.05 frag@225.07 frag@131.07 loss@251.04 frag@213.1 frag@130.06 frag@174.09 frag@155.07 frag@84.96 frag@220.13,0.2072490752 0.1804483831 0.006597841159 0.006220561918 0.005255597178 0.004731784575 0.003364516888 0.003290308174 0.003114463529 0.002838312881 0.002798337955 0.002568047028 0.002367992187 0.002058117883 0.002034891397 0.00201312732 0.0020074239 0.00183781446 0.001819732366 0.001696456107
439,frag@153.07 frag@194.06 frag@181.06 frag@181.07 frag@152.06 loss@401.19 loss@295.08 loss@111.14 loss@257.17 loss@232.03 loss@255.07 loss@324.09 loss@125.07 loss@193.13 loss@156.11 loss@291.15 loss@298.04 loss@395.14 frag@165.07 loss@289.05,0.2427589744 0.04707349837 0.04000093043 0.03930509463 0.01154640038 0.01035458781 0.01012275275 0.008807231672 0.006272491999 0.005344184116 0.003997683991 0.003740287619 0.003571109846 0.003343126737 0.003267357592 0.003082680283 0.002900175983 0.002712007146 0.002625156892 0.00258091907
440,frag@155.02 loss@173.06 frag@198.16 frag@111.03 loss@147.08 frag@173.02 loss@84.0 loss@237.08 frag@168.05 loss@201.05 loss@95.02 loss@253.04 frag@220.06 frag@236.05 loss@261.08 loss@78.57 frag@139.02 frag@297.09 loss@251.06 loss@132.06,0.2774651945 0.2428443432 0.01754717901 0.003824020037 0.003428254975 0.003401693655 0.003250501119 0.00234844652 0.002131510759 0.002058742801 0.001892388449 0.001678949804 0.001670596073 0.001669153222 0.001666617463 0.001640647533 0.001639623428 0.001534750569 0.001438983367 0.001416605199
441,frag@176.04 loss@174.13 loss@176.0 loss@307.03 frag@51.03 loss@204.0 loss@279.01 frag@195.09 loss@116.1 frag@141.04 loss@144.09 frag@230.09 frag@141.03 loss@176.12 loss@124.13 loss@281.04 loss@174.11 frag@165.08 frag@201.95 loss@196.03,0.2847914398 0.04111804813 0.02456161752 0.02125216462 0.005177422892 0.004539065994 0.002747743623 0.002623616485 0.002114790026 0.002071040217 0.00205230969 0.002050461946 0.002037835307 0.002017678227 0.001915202709 0.001870935201 0.001748438692 0.001622335985 0.001620787079 0.001561346697
442,frag@208.12 loss@223.11 loss@206.13 loss@236.14 loss@290.07 loss@115.02 loss@324.17 frag@43.04 loss@330.13 loss@266.1 loss@330.05 frag@203.11 loss@252.14 loss@303.12 frag@281.04 frag@58.06 frag@110.02 frag@70.03 frag@193.07 loss@337.15,0.0933482796 0.05235692859 0.03897644207 0.03717721999 0.0219938606 0.02009059861 0.01957475021 0.01815647073 0.0180619508 0.01644274034 0.01538080256 0.0151397083 0.01507775858 0.01288545504 0.01228153333 0.01077606063 0.008060800843 0.007971704006 0.006787524559 0.006758662406
443,frag@200.03 loss@252.15 loss@95.99 frag@176.98 loss@279.16 frag@99.05 loss@198.1 frag@172.99 frag@163.99 frag@115.06 frag@195.08 frag@114.0 loss@193.99 frag@319.12 frag@178.07 frag@138.08 frag@86.06 frag@151.99 frag@366.15 frag@191.11,0.1930370629 0.1887047738 0.04104708135 0.01176481321 0.008331838995 0.004781215917 0.003983913455 0.003157678293 0.002884144895 0.002715510549 0.002142805606 0.001951355604 0.00171168102 0.001606025617 0.001441427507 0.001427049283 0.001356632449 0.001344901044 0.001337469672 0.001327815931
444,frag@158.02 loss@181.04 loss@200.01 loss@181.02 loss@265.04 frag@182.0 loss@295.05 frag@177.01 loss@253.04 frag@125.01 frag@245.09 frag@368.13 frag@125.02 loss@141.02 loss@186.0 frag@225.11 frag@210.04 frag@246.06 frag@121.09 frag@258.09,0.08344516158 0.06978238374 0.06219348311 0.04748916626 0.04235507548 0.02652244456 0.01321804896 0.01163078379 0.008076514117 0.008018068969 0.006015579682 0.005779674277 0.005364130717 0.00436192099 0.004300213419 0.00423131045 0.004166882019 0.003917522728 0.003536144039 0.003508980386
445,loss@214.13 loss@233.1 frag@175.1 frag@177.11 frag@155.12 frag@344.21 frag@98.07 frag@85.08 frag@70.03 loss@248.07 frag@299.15 frag@163.99 frag@214.13 frag@207.98 frag@293.15 frag@126.0 frag@115.09 frag@182.94 frag@155.94 frag@110.99,0.1789958477 0.1247667968 0.01776689105 0.005602833349 0.00548511697 0.005428645294 0.005421895999 0.004571695812 0.004280556925 0.004232681356 0.003948920872 0.003480456071 0.003337890841 0.002974838018 0.002950415714 0.002844702452 0.002828451106 0.00278229476 0.002670913702 0.002653756179
446,loss@191.11 loss@201.08 loss@262.12 frag@121.04 frag@133.08 frag@216.1 frag@148.08 frag@231.12 frag@84.05 frag@145.08 frag@79.04 frag@147.09 frag@120.06 frag@120.04 frag@136.1 frag@192.12 frag@188.11 frag@105.06 frag@146.08 frag@147.03,0.1857411116 0.1208736151 0.0197848361 0.01013362687 0.01002609823 0.009549992159 0.008195918053 0.007933319546 0.007183121517 0.00717013469 0.006211261265 0.006150424946 0.005990739912 0.005875437986 0.005231930874 0.005103850737 0.005013357382 0.004774620291 0.004219158553 0.004130716436
447,loss@308.11 frag@271.06 loss@454.17 loss@324.11 frag@303.05 frag@287.06 frag@301.07 loss@294.09 frag@317.07 loss@312.11 frag@287.05 frag@286.05 frag@273.08 loss@470.16 frag@253.05 loss@360.13 frag@285.08 loss@364.1 loss@600.23 loss@323.13,0.06753915548 0.05911660194 0.05442851409 0.05236920342 0.04717935249 0.04589547962 0.04333977774 0.03262008354 0.02947437577 0.02826319262 0.0205843579 0.01950598694 0.01644126512 0.01344947238 0.010097472 0.009337035008 0.008776543662 0.008733199909 0.008603303693 0.00768774515
448,loss@269.07 frag@433.19 frag@164.14 frag@239.15 loss@224.14 frag@81.03 frag@345.17 frag@246.06 frag@176.98 loss@242.06 frag@353.09 frag@174.95 frag@109.06 frag@138.07 frag@91.06 loss@229.08 frag@349.04 frag@166.09 frag@101.95 frag@178.09,0.1752999127 0.1015233919 0.003528354922 0.002710666275 0.002543873154 0.002392085968 0.002366402652 0.002361509483 0.002260963432 0.002243871801 0.002172326436 0.002167635132 0.002125676721 0.002093777526 0.00184946286 0.001786231878 0.001735998434 0.001713001286 0.001666300115 0.001615053508
449,loss@246.0 loss@248.02 frag@53.0 frag@328.11 frag@42.03 frag@101.02 frag@68.05 loss@172.07 frag@69.06 loss@113.01 frag@207.15 frag@138.01 frag@261.17 frag@245.18 frag@69.04 loss@241.02 frag@308.18 loss@211.03 frag@188.99 frag@84.09,0.1021081433 0.07362517715 0.01679452881 0.01229677629 0.009732895531 0.008476784453 0.007913667709 0.007515136618 0.006068730261 0.00588368671 0.005856438074 0.005329348147 0.004790834151 0.004138897173 0.003859526943 0.003799659666 0.003780830884 0.003773746779 0.003605542704 0.003181196051
450,frag@218.09 loss@110.02 loss@89.06 loss@126.05 loss@138.01 frag@351.11 loss@223.0 loss@301.03 frag@238.13 frag@157.04 frag@264.07 frag@114.04 frag@263.1 frag@179.04 loss@187.05 frag@185.97 frag@116.93 frag@303.1 frag@169.04 loss@121.07,0.130028218 0.08000560105 0.06980316341 0.04039203748 0.0217197556 0.01761699282 0.01680931449 0.006348937284 0.00533425808 0.005041942932 0.004650790244 0.003815094009 0.003291108645 0.003248253837 0.003142541274 0.003092275001 0.00270577753 0.002523624571 0.002257092856 0.002204543678
451,frag@235.05 loss@295.1 frag@122.1 frag@201.14 loss@222.07 loss@253.04 loss@265.09 loss@209.1 loss@243.14 loss@203.04 loss@256.04 frag@99.07 loss@245.06 loss@236.03 loss@302.1 frag@259.03 loss@263.07 frag@138.06 loss@244.16 frag@51.03,0.2646048069 0.01173994131 0.003197944956 0.00257856492 0.002375090262 0.001858801697 0.001804955536 0.00174679223 0.001694969251 0.001658852096 0.001618579146 0.00149274047 0.001442094916 0.001432697405 0.001422238187 0.001403220231 0.001384800649 0.00134582282 0.001341499388 0.001331932028
452,loss@141.09 loss@136.1 frag@171.04 frag@244.13 frag@150.1 frag@211.01 frag@248.1 frag@384.2 frag@96.07 frag@127.0 frag@340.2 frag@226.04 frag@121.04 frag@95.06 frag@124.09 frag@122.02 frag@162.08 frag@126.0 frag@98.01 frag@157.06,0.1601529121 0.0926085487 0.01764808036 0.006684493273 0.006531250197 0.006106084678 0.005458045285 0.005184154026 0.005081166513 0.00482339412 0.004713547882 0.004029245116 0.00396805862 0.003850600217 0.003663861891 0.003657977562 0.003593798261 0.00300156977 0.002816413762 0.002783997217
453,frag@88.02 loss@255.05 loss@168.11 loss@135.09 frag@114.04 loss@271.1 frag@73.01 frag@185.03 frag@292.13 loss@178.07 frag@57.99 frag@58.99 frag@127.99 frag@70.99 frag@140.02 frag@166.05 loss@267.03 frag@163.05 frag@116.02 loss@280.11,0.1222389638 0.07004870474 0.05920830369 0.03627892584 0.005133619532 0.00347273238 0.003218181897 0.003150148317 0.003128839657 0.003113529412 0.002940610284 0.002552430611 0.002518388908 0.002433499787 0.002432810608 0.002222620882 0.00215933146 0.002150854794 0.002095235744 0.002072159667
454,loss@199.04 frag@131.08 frag@264.04 frag@125.01 loss@200.05 frag@137.07 frag@111.03 frag@213.97 frag@139.03 frag@153.05 frag@121.09 frag@409.2 frag@102.04 frag@163.02 frag@313.12 loss@221.03 frag@111.01 frag@160.13 frag@69.06 frag@318.03,0.2705742121 0.01570170186 0.01497938298 0.01316079218 0.01220155694 0.01011056826 0.007483347785 0.007090039086 0.007059279829 0.006027895492 0.006010049488 0.005648617167 0.005634104367 0.005171328317 0.004837954417 0.004352441989 0.004229153972 0.003950606566 0.003624513047 0.003560325131
455,frag@173.54 loss@322.11 loss@273.12 loss@120.09 frag@173.55 loss@339.07 loss@336.15 loss@189.15 loss@264.17 loss@257.01 frag@115.04 loss@239.17 frag@196.13 loss@245.13 frag@128.98 frag@370.17 loss@158.01 loss@335.16 loss@167.08 loss@275.01,0.3152835667 0.02818684466 0.02658860944 0.02474115603 0.02234585769 0.02126265317 0.02053427324 0.02016787417 0.01608510502 0.01247349381 0.01088809222 0.01087873522 0.009664823301 0.009260457009 0.007667000871 0.007322247606 0.006784379948 0.006538651418 0.005935006775 0.005767968018
456,loss@117.09 frag@234.06 frag@196.1 frag@208.02 loss@135.09 loss@356.14 frag@195.09 loss@122.0 frag@193.09 frag@448.16 loss@45.02 loss@113.03 loss@182.09 frag@263.1 frag@116.93 frag@208.11 loss@136.09 loss@223.0 frag@190.02 frag@194.08,0.1308348328 0.1298418045 0.09420615435 0.09022106975 0.0657261759 0.01266487315 0.006795966998 0.006607989315 0.00568169076 0.004751306493 0.004134030547 0.003328293795 0.003070735838 0.003016415751 0.002930084476 0.002882903209 0.002861029003 0.002842372283 0.002712851157 0.002482842887
457,frag@164.11 frag@191.13 frag@177.11 loss@255.11 loss@338.1 loss@219.08 loss@164.11 loss@232.14 frag@165.11 loss@180.11 loss@275.1 frag@146.07 loss@232.13 frag@136.08 frag@201.11 loss@330.17 frag@150.1 loss@233.16 loss@176.11 loss@232.11,0.1329905838 0.05755464733 0.05345073342 0.02792847157 0.02300842479 0.02179039083 0.009388895705 0.007624268532 0.005120632704 0.004508112092 0.00444206316 0.003223983338 0.002996347379 0.002969749505 0.002702912549 0.002684620209 0.002634990728 0.002507613739 0.002351431642 0.002343107713
458,frag@44.98 frag@58.99 loss@129.04 frag@73.01 loss@147.03 frag@86.01 loss@183.01 loss@157.04 loss@180.99 loss@101.05 loss@141.04 frag@57.99 loss@103.01 loss@99.03 loss@127.06 loss@81.02 loss@183.98 loss@33.99 loss@114.04 loss@112.03,0.1111650392 0.1024484262 0.08651294559 0.05445926264 0.04939344525 0.03849227726 0.01178619266 0.008808227256 0.006801360287 0.006538318936 0.005987997167 0.004669229034 0.003893396584 0.003890310414 0.003508402035 0.003453559475 0.003319819691 0.003318029689 0.003316960298 0.00330547546
459,loss@95.04 frag@161.11 frag@160.1 frag@226.13 frag@166.09 frag@132.07 loss@241.15 frag@159.09 frag@133.08 loss@62.02 frag@146.08 frag@159.06 frag@144.1 frag@131.06 frag@132.08 loss@344.17 loss@262.99 loss@162.01 frag@219.12 loss@196.04,0.2336285561 0.1939838529 0.02188125439 0.01452632248 0.008595068939 0.007894947194 0.006924400106 0.006117127836 0.00520625012 0.004812115803 0.004441532772 0.004295572173 0.003836946096 0.003755287034 0.003287447849 0.003224421293 0.003134760773 0.002833623905 0.002734741895 0.002661406295
460,frag@106.07 loss@200.02 loss@192.06 loss@197.11 frag@148.08 loss@222.08 frag@134.06 frag@106.06 loss@209.07 frag@147.05 frag@122.1 loss@264.06 loss@230.14 loss@215.06 loss@234.11 frag@231.12 loss@124.03 loss@240.06 loss@230.95 loss@186.05,0.2932279706 0.04479601607 0.00643968815 0.004603945184 0.003552841488 0.002908588154 0.00281073642 0.002503175056 0.002485907637 0.002480811672 0.002358949743 0.002157882322 0.002109199064 0.002030020347 0.001937963651 0.001882081502 0.001800878206 0.001751309377 0.001695529325 0.001645530807
461,loss@231.05 frag@83.99 loss@219.05 frag@152.02 frag@123.01 frag@190.04 frag@139.02 frag@80.05 frag@85.01 frag@69.04 frag@124.02 frag@93.03 frag@162.05 loss@218.02 frag@135.06 loss@201.04 frag@108.04 frag@69.01 frag@94.05 frag@94.03,0.2389465272 0.05799293146 0.01524693798 0.006253472064 0.005897349678 0.004625138827 0.004172006156 0.003941007424 0.003412650665 0.003311503446 0.003082517302 0.003052227898 0.002977373078 0.002933634678 0.002829711419 0.002753806068 0.002658660989 0.002616407815 0.002583928872 0.002485046862
462,frag@156.08 frag@184.08 frag@183.07 frag@183.09 loss@149.01 loss@102.06 frag@157.09 loss@253.96 frag@154.06 loss@158.05 loss@89.05 frag@170.1 loss@62.02 loss@172.06 loss@144.1 loss@123.07 loss@183.1 loss@198.04 loss@288.96 frag@169.09,0.1281249821 0.09167933464 0.04591363296 0.02624215744 0.02515763789 0.02037413232 0.01814446971 0.0180456955 0.01308553293 0.008343766443 0.007629039232 0.00666099973 0.006536586676 0.005862419028 0.004904096015 0.003973973449 0.003656808753 0.003629751271 0.003536050906 0.003278466873
463,loss@232.12 frag@150.13 loss@347.09 frag@108.08 frag@160.1 frag@207.98 frag@122.1 frag@162.09 frag@161.11 frag@148.08 frag@132.07 frag@243.16 frag@190.09 frag@148.11 frag@163.12 frag@136.05 frag@159.06 frag@241.11 loss@145.15 frag@147.07,0.3222489059 0.01753511839 0.01273482759 0.01150948368 0.01109594572 0.01010978874 0.007992514409 0.007623216137 0.007454398088 0.007246815134 0.006834475789 0.006558440626 0.006143603008 0.005980832502 0.005663719028 0.00552790612 0.005457273219 0.005307961721 0.005287681241 0.00524128601
464,loss@211.1 frag@199.02 loss@229.04 loss@226.04 loss@256.1 loss@276.1 loss@226.12 loss@249.08 frag@117.02 frag@294.17 frag@246.06 frag@161.12 frag@73.01 frag@85.04 frag@241.02 frag@297.18 frag@261.09 frag@142.07 frag@110.01 loss@191.04,0.1147819087 0.07257754356 0.03908979893 0.03104943968 0.02890176326 0.02881103009 0.02376995049 0.02015146986 0.01552147791 0.01424560416 0.01416664571 0.009802427143 0.00850822404 0.007805898786 0.007740921807 0.007672917563 0.0073327953 0.006010276731 0.005494105164 0.005292242859
465,loss@168.05 loss@233.05 loss@212.1 loss@204.05 frag@151.99 frag@175.03 frag@172.04 loss@191.01 frag@67.02 frag@173.95 loss@210.12 frag@116.01 frag@160.1 loss@162.01 frag@163.99 frag@65.04 frag@58.99 frag@109.01 frag@148.08 frag@225.14,0.0845516324 0.07690221816 0.06796934456 0.05549580604 0.01987383328 0.01709522679 0.01511778869 0.014509039 0.01288067643 0.01231827401 0.0101715643 0.008434080519 0.008414256386 0.00713825319 0.006118685473 0.006087497342 0.006046829745 0.005902722944 0.005856483709 0.005801729858
466,loss@213.02 frag@209.14 frag@228.03 frag@95.01 frag@95.02 frag@171.15 frag@180.11 frag@347.02 frag@149.1 frag@148.07 frag@155.98 loss@229.03 frag@85.08 frag@139.02 loss@457.15 frag@215.06 frag@138.05 frag@159.02 frag@113.03 loss@296.11,0.2561503351 0.14591901 0.01532706711 0.009708683006 0.007784346584 0.005989574827 0.004612149671 0.003781210631 0.00377914845 0.003756179474 0.003671243088 0.003498713486 0.003276316682 0.003196053207 0.003187041497 0.003163908375 0.002842967398 0.002703247592 0.002655947115 0.002505577169
467,loss@141.03 frag@160.06 loss@141.0 loss@152.07 frag@200.99 loss@337.08 frag@195.96 frag@143.12 frag@242.13 frag@243.95 frag@133.05 frag@364.13 frag@190.02 frag@124.02 frag@152.03 frag@169.08 frag@175.03 loss@158.03 frag@200.06 loss@92.99,0.1696184427 0.1345255673 0.08081781864 0.02989780717 0.02436371706 0.01670437865 0.01280292217 0.0101453457 0.01012080442 0.009991672821 0.009796753526 0.007921438664 0.006539978553 0.006374479271 0.006089248229 0.004828586709 0.004751634784 0.00468077464 0.004128911998 0.004048494156
468,frag@150.09 loss@285.07 loss@323.99 loss@287.09 loss@259.09 frag@58.03 loss@184.12 loss@129.03 loss@168.04 frag@237.03 frag@110.05 loss@311.03 loss@221.11 loss@181.11 frag@417.15 loss@255.12 frag@141.08 loss@288.11 frag@136.04 loss@78.21,0.3198104799 0.07353704423 0.02660196461 0.004886417184 0.003443475813 0.002984558232 0.002871768316 0.002234935295 0.002082655206 0.001978735905 0.001903499709 0.001753701479 0.001703013433 0.001622990938 0.001614335109 0.001593975932 0.00141303998 0.001405749354 0.001269433182 0.001222846215
469,loss@201.01 loss@174.99 loss@183.0 loss@240.04 loss@201.02 frag@56.96 frag@124.02 frag@142.01 frag@121.09 frag@40.9 frag@161.01 frag@92.05 frag@259.04 frag@99.03 frag@143.99 frag@189.04 frag@143.0 frag@158.03 frag@93.06 frag@152.02,0.08866281807 0.07817731053 0.02662897296 0.02449839748 0.02257713862 0.01186145935 0.00861450471 0.005215631798 0.00493663596 0.004376708996 0.004116851836 0.004109869245 0.003899374744 0.003797531826 0.003243673593 0.003124465933 0.003056465881 0.003043738194 0.002983802697 0.00289912778
470,loss@144.04 frag@217.08 loss@196.04 frag@344.21 frag@234.03 frag@204.96 frag@183.08 frag@307.15 frag@303.09 loss@172.07 frag@65.0 frag@263.1 frag@122.94 frag@170.08 frag@216.08 loss@259.01 frag@190.08 frag@235.12 loss@149.01 frag@107.03,0.2542986274 0.004824512638 0.004125039093 0.003657566383 0.003425332485 0.002981471596 0.002934226533 0.002779207891 0.002728151157 0.002455463167 0.002446479863 0.002443031408 0.002394676907 0.002227965742 0.002198691946 0.002146785846 0.002109101042 0.002077084733 0.002028164919 0.001996892039
471,loss@302.14 frag@130.97 loss@255.11 frag@203.13 frag@327.12 frag@177.11 loss@232.13 frag@203.07 frag@202.11 frag@150.07 frag@220.11 frag@228.12 frag@127.03 frag@139.99 frag@127.01 loss@317.14 loss@276.07 frag@190.09 frag@165.09 loss@203.09,0.04324913397 0.03890423849 0.03607402369 0.02507759817 0.01567268372 0.004892534111 0.003909152932 0.003726445604 0.003534518182 0.003431180725 0.003275495255 0.003185061505 0.003128367942 0.003107984783 0.002997784875 0.002424087143 0.002401044825 0.002356868004 0.002337884391 0.002298949286
472,loss@244.08 frag@168.06 loss@127.09 frag@203.05 frag@219.04 frag@144.01 frag@229.06 loss@186.07 frag@258.1 frag@344.17 loss@113.07 frag@189.07 frag@334.14 frag@283.05 loss@174.03 loss@139.07 frag@143.12 loss@216.01 frag@143.06 frag@171.06,0.1246223897 0.08765000105 0.04935197532 0.0225837063 0.02199987695 0.01883686706 0.01707759313 0.01113821752 0.01074503362 0.007325034589 0.006835927255 0.006505794823 0.006452011876 0.005525905639 0.004783190321 0.004176770337 0.004002525005 0.003820083803 0.003571772249 0.003315783571
473,loss@145.11 frag@202.08 frag@252.1 frag@141.98 loss@230.16 loss@282.06 loss@117.12 frag@170.07 frag@181.06 loss@173.11 frag@223.06 frag@170.1 loss@157.11 frag@210.1 frag@169.09 loss@166.15 frag@307.19 frag@180.08 frag@335.19 frag@302.09,0.268622309 0.1048938707 0.06895501912 0.01443507802 0.01203583833 0.009242847562 0.007890758105 0.006158446893 0.006114196498 0.006047533825 0.005835771095 0.005384094082 0.004729466513 0.004587585572 0.004574365448 0.004514241591 0.003993385937 0.003648828482 0.003508858383 0.003442704212
474,frag@233.11 frag@233.14 frag@197.0 frag@321.17 frag@169.11 loss@143.08 loss@191.14 loss@173.13 frag@195.09 loss@196.04 loss@202.1 frag@220.01 frag@173.95 frag@166.0 frag@272.09 frag@76.04 loss@75.03 frag@71.03 loss@214.12 loss@173.12,0.1084588915 0.04235338047 0.01760706678 0.01416552998 0.005417390261 0.00333514763 0.002331351396 0.002248893492 0.002208855702 0.002048845869 0.002005544025 0.001951884013 0.001946984208 0.001924140495 0.001869006781 0.001851467532 0.001726010814 0.001603685203 0.00139210315 0.001389090787
475,frag@70.03 frag@114.05 loss@244.14 loss@279.16 loss@224.12 loss@214.13 loss@257.0 loss@259.11 loss@252.15 loss@264.18 loss@198.1 loss@211.13 loss@263.13 loss@223.11 loss@193.99 loss@150.01 loss@328.15 frag@84.07 frag@154.0 frag@178.07,0.2168815285 0.1388273537 0.07722640783 0.007233247161 0.006606765557 0.006089163478 0.00466543017 0.004189451225 0.003989305813 0.003825146705 0.003696104279 0.003629914951 0.003586978419 0.003361117095 0.003301423742 0.00288669765 0.002128415043 0.002115439158 0.002034416655 0.002004317474
476,loss@157.09 loss@116.06 frag@240.06 frag@229.07 frag@293.09 frag@157.96 frag@218.14 frag@144.05 frag@212.11 frag@260.05 frag@124.1 frag@180.06 loss@148.1 frag@154.06 frag@205.06 loss@151.05 frag@173.04 loss@206.18 frag@140.08 loss@234.21,0.107663393 0.03819615021 0.03723772243 0.0172924865 0.01608481631 0.01569121145 0.01392155606 0.01250256971 0.0115047982 0.01107482985 0.009865259752 0.007900642231 0.007316151634 0.004969802219 0.00474594906 0.004304486793 0.004210072104 0.004148262553 0.00386934937 0.003472953336
477,loss@249.05 frag@157.03 loss@280.11 loss@261.05 loss@306.09 loss@235.03 frag@353.07 frag@135.03 frag@177.04 frag@163.02 frag@121.01 frag@171.04 frag@119.05 frag@274.01 frag@86.07 loss@192.08 frag@241.11 frag@123.04 frag@186.99 frag@225.02,0.08697906882 0.07982698083 0.07517841458 0.03991370276 0.02997905761 0.02192720957 0.01122667547 0.0102289822 0.006027673837 0.005683526862 0.004975352436 0.004649860784 0.004647768103 0.004437423311 0.004239340313 0.003992062993 0.003955774941 0.003578917589 0.003212794662 0.00271716807
478,loss@146.06 frag@203.12 frag@209.06 loss@294.11 frag@179.01 loss@133.07 loss@118.07 frag@447.13 loss@233.03 frag@161.04 frag@192.02 frag@155.01 frag@137.05 frag@60.48 frag@246.14 loss@201.02 frag@245.16 frag@293.09 loss@103.04 frag@171.03,0.1884860396 0.1027177498 0.07876094431 0.04613013566 0.03939465433 0.03076495044 0.02829401009 0.02503837645 0.02352479845 0.02265595272 0.01582885347 0.01425744593 0.01420690026 0.004679818638 0.004672086332 0.004631150048 0.004159884062 0.003946142737 0.00392153766 0.00359424809
479,loss@193.12 frag@175.1 frag@188.09 loss@218.12 frag@145.01 loss@202.11 loss@261.09 frag@148.09 frag@162.08 frag@160.09 frag@187.02 loss@215.07 frag@160.1 frag@176.12 loss@233.1 frag@230.17 frag@203.12 frag@182.94 loss@231.14 frag@95.06,0.1760501862 0.09708528221 0.06556914747 0.0586713925 0.03469694406 0.03165509552 0.03043370135 0.02519030683 0.018878581 0.01883807778 0.0167447608 0.01514445525 0.009610352106 0.007743491791 0.00770238461 0.007415024564 0.006672792602 0.006226166617 0.005749579985 0.005546651781
480,frag@202.03 loss@196.05 loss@381.12 frag@188.04 loss@198.05 frag@248.1 frag@147.03 loss@149.06 loss@130.06 frag@169.06 frag@384.2 frag@140.08 frag@190.02 frag@187.07 frag@197.04 frag@349.14 frag@262.02 loss@208.05 frag@237.0 frag@244.13,0.252111733 0.1520276964 0.01411973592 0.003295908449 0.003124957206 0.003106126795 0.002127697924 0.002068130765 0.001913352171 0.001868328778 0.001865919447 0.001737311017 0.001688027172 0.00166399451 0.001624131808 0.001564235426 0.001498061465 0.001491676201 0.001454190933 0.001433439553
481,loss@134.08 frag@189.03 frag@183.94 frag@173.95 frag@155.94 loss@80.03 loss@225.97 loss@160.96 frag@135.09 loss@205.05 frag@150.1 frag@160.09 frag@107.06 frag@174.07 loss@327.03 loss@174.99 loss@263.07 frag@211.02 frag@224.12 frag@258.16,0.2192054838 0.1192692891 0.08996859193 0.05545595661 0.05152988806 0.04523820058 0.003829230322 0.003592198482 0.003519407241 0.003215689911 0.003115193918 0.002818108536 0.00269491272 0.002623103792 0.002591308439 0.002587303286 0.002505007433 0.002501636045 0.002464080462 0.002405502601
482,loss@169.09 loss@318.15 loss@283.12 frag@249.13 frag@163.08 frag@337.15 loss@258.06 frag@127.01 frag@135.04 frag@129.07 loss@335.19 frag@167.13 frag@208.12 frag@158.98 frag@145.06 loss@312.15 frag@232.13 frag@324.12 frag@131.09 frag@87.09,0.1550735533 0.03471224383 0.02997326106 0.02563615143 0.02124440297 0.01917385496 0.01876795292 0.01827461645 0.01546578947 0.01429510303 0.01093973499 0.01011743117 0.009290489368 0.008272890002 0.007640799507 0.007634574082 0.007570583839 0.007466854993 0.007083270233 0.006963940803
483,loss@152.05 frag@273.11 frag@210.09 frag@275.1 frag@161.99 frag@412.32 frag@211.05 frag@153.05 frag@139.04 frag@172.11 loss@133.05 frag@344.21 frag@195.05 loss@135.07 frag@239.15 frag@194.05 frag@325.06 loss@143.03 frag@208.1 frag@122.94,0.2518456578 0.1021254957 0.02484563552 0.0177585762 0.01588276774 0.004409083165 0.003975316882 0.003923011944 0.003706121584 0.003255591728 0.003110608552 0.00295237219 0.002843399532 0.002737588482 0.002710766159 0.002705933526 0.002607827075 0.002472546184 0.002349530347 0.002196695656
484,loss@270.1 frag@198.06 frag@286.12 frag@173.11 frag@113.07 frag@256.02 frag@159.06 frag@186.09 frag@174.02 frag@58.07 loss@304.13 frag@183.11 loss@262.99 frag@115.09 frag@168.14 frag@225.99 frag@101.11 loss@202.1 frag@290.1 loss@243.14,0.2602063119 0.0614695996 0.05772932246 0.01087021455 0.004759786185 0.003967436031 0.003698552726 0.003674937645 0.003289198503 0.003135110717 0.002867749194 0.002783532487 0.002623336855 0.002323336434 0.002305129776 0.002286395291 0.002278934931 0.002103979932 0.001947303768 0.001932127634
485,loss@219.04 loss@205.15 loss@229.13 frag@188.9 frag@171.04 frag@141.05 frag@98.02 frag@318.18 frag@332.06 frag@125.05 frag@95.02 frag@181.1 frag@171.02 loss@267.13 frag@219.13 frag@154.0 frag@102.04 frag@128.04 frag@147.08 loss@236.11,0.1323509067 0.09589410573 0.07043269277 0.01951715723 0.01236307621 0.01194650494 0.008397716098 0.006142737344 0.006004816853 0.00588724995 0.005520684645 0.005337764975 0.004805072676 0.004306761082 0.004262284841 0.004158723168 0.004155012779 0.004111826885 0.004042961635 0.004027877934
486,frag@138.09 loss@264.15 loss@238.17 loss@196.13 loss@278.16 loss@232.14 frag@83.09 frag@218.12 frag@203.07 frag@203.04 frag@120.07 frag@110.1 frag@129.1 loss@236.15 loss@265.14 frag@264.03 frag@138.05 frag@183.11 loss@199.16 frag@115.03,0.2284505218 0.06779029965 0.06540945172 0.05244756863 0.02702438086 0.02602374181 0.006953245029 0.006785151549 0.005784769077 0.005673035979 0.005136268213 0.00512851961 0.004979893565 0.004726359621 0.004603800364 0.004334525671 0.004058077931 0.004034735728 0.003438340966 0.003211596282
487,loss@309.18 frag@205.12 frag@283.14 frag@269.09 loss@233.99 frag@261.08 frag@314.13 frag@170.04 loss@240.0 frag@325.07 loss@242.08 loss@295.1 loss@330.09 loss@146.14 loss@277.08 loss@306.11 frag@279.09 loss@226.12 frag@175.04 frag@161.1,0.06228230894 0.04064314067 0.03587112576 0.02833451889 0.02311247773 0.01375200041 0.01270949375 0.01130391844 0.01103728171 0.006872339174 0.005600374658 0.003684327006 0.003242388833 0.003189913929 0.002981325379 0.002731083892 0.002663996303 0.002647770569 0.002387873596 0.002051933203
488,frag@128.03 loss@397.09 loss@252.07 loss@223.04 frag@160.13 frag@113.02 loss@196.04 loss@210.06 loss@327.03 loss@210.04 loss@155.01 loss@208.04 loss@262.05 frag@178.07 loss@237.22 loss@113.01 frag@381.17 loss@208.05 loss@211.03 loss@239.16,0.2747803628 0.01153974328 0.004846002441 0.004837404937 0.004511652049 0.004208730068 0.003871195484 0.003658453468 0.003415767336 0.002925742418 0.002914580749 0.002768866019 0.002683442784 0.002631679643 0.002591456287 0.002555516548 0.002499174327 0.002391173271 0.002157280687 0.002072603442
489,loss@123.07 frag@161.01 frag@151.02 frag@161.02 frag@133.01 loss@154.9 frag@189.02 loss@139.04 loss@126.9 loss@135.07 loss@183.0 frag@189.04 frag@143.0 frag@233.07 loss@151.06 loss@83.0 loss@153.04 loss@167.08 loss@168.08 loss@55.01,0.1982012838 0.1401901096 0.06573379785 0.05867056176 0.04588109255 0.008394903503 0.007451662794 0.006225636229 0.00594849186 0.005864190403 0.005564638413 0.005062244833 0.004406696651 0.0034442998 0.003188623115 0.00309177069 0.00308714062 0.003073637607 0.002790385159 0.002688299166
490,frag@120.08 loss@240.11 loss@186.05 loss@312.06 loss@355.02 loss@207.09 frag@79.05 loss@327.17 loss@187.06 frag@134.1 loss@119.07 loss@211.03 frag@207.98 frag@148.11 frag@105.07 loss@267.1 frag@165.02 loss@274.12 loss@254.1 frag@121.09,0.3458101153 0.05054463074 0.04914639145 0.02036409639 0.006295343861 0.005781239364 0.0056444332 0.005602856167 0.005476757884 0.004743179772 0.004325870425 0.003854407929 0.003713708837 0.00352348201 0.003402212868 0.00315237348 0.002995378105 0.002900677267 0.002864442533 0.002687611617
491,frag@81.04 loss@126.04 loss@125.06 frag@54.03 frag@82.05 loss@98.05 loss@180.02 frag@93.04 loss@153.05 frag@127.0 loss@214.12 loss@127.07 loss@101.03 frag@42.03 loss@409.09 frag@69.04 frag@107.03 loss@139.04 frag@67.04 frag@127.05,0.183471486 0.1286380738 0.1104320735 0.1095916778 0.03436800092 0.03162107244 0.01357517298 0.009317282587 0.007628763095 0.007496148348 0.006651229225 0.00657187216 0.006243170705 0.006122543942 0.00583757367 0.005418306682 0.005153275561 0.004812952131 0.004637764301 0.004611971322
492,frag@302.17 loss@186.13 frag@269.1 loss@245.16 loss@281.16 frag@247.16 frag@318.18 frag@132.1 frag@151.05 loss@146.07 frag@212.95 loss@274.09 loss@112.09 frag@170.02 frag@201.02 frag@308.12 frag@275.12 loss@142.97 frag@84.0 loss@160.02,0.08803290874 0.05176356435 0.03208740056 0.02001233958 0.01295261458 0.00603703782 0.005805890076 0.005309131928 0.003394849598 0.002982367529 0.002699526027 0.002612860641 0.00219025556 0.002127014333 0.002123477403 0.002068240894 0.001999514643 0.001955418848 0.001940616756 0.001888574916
493,loss@88.05 loss@97.09 loss@91.06 frag@43.05 frag@41.04 frag@245.1 frag@248.12 frag@213.0 loss@63.03 frag@80.02 loss@79.1 frag@69.07 frag@197.04 frag@327.14 frag@87.04 loss@105.08 frag@188.99 frag@154.16 loss@105.04 frag@323.06,0.1287182868 0.1079416871 0.08224828541 0.07298757136 0.05176235735 0.02338870801 0.02067846991 0.0167514123 0.01609739102 0.01349037606 0.01154093444 0.01134774741 0.01042689197 0.008719957434 0.008046181872 0.007892789319 0.007378818467 0.007320426404 0.006156960968 0.00591900805
494,frag@67.05 frag@43.02 frag@85.06 frag@97.06 frag@41.04 frag@83.09 loss@154.1 frag@55.02 frag@55.05 loss@105.08 loss@279.16 frag@69.07 loss@212.15 loss@185.11 frag@95.09 frag@81.07 frag@57.03 frag@84.08 frag@110.1 frag@58.03,0.1395125687 0.02933617495 0.02822379954 0.02004971169 0.01605842635 0.01119956002 0.01034111064 0.007255605422 0.006865752395 0.006820412818 0.006697187666 0.006200419739 0.00581716327 0.005633837543 0.005613770802 0.005396038759 0.005209401716 0.005126363598 0.004768674728 0.004481317475
495,frag@58.06 frag@86.1 frag@58.07 loss@85.09 loss@71.07 loss@128.1 loss@100.1 loss@155.11 loss@83.07 loss@114.08 loss@169.15 loss@128.13 frag@129.14 loss@266.9 frag@112.11 loss@112.08 frag@99.09 loss@304.13 frag@291.18 frag@354.13,0.1595094502 0.1350435615 0.07751867175 0.07741013169 0.06007575244 0.02731725201 0.0264563933 0.02494647354 0.02470361628 0.02256310917 0.01755746081 0.01373272948 0.01065650489 0.01055017393 0.01027774066 0.008390902542 0.007698714733 0.006730111782 0.006210586522 0.006057411432
496,frag@158.98 loss@143.02 loss@319.12 loss@159.06 loss@185.96 loss@341.11 loss@292.15 frag@296.11 loss@228.94 loss@338.15 loss@176.99 loss@258.06 loss@142.03 loss@231.95 loss@181.09 loss@147.1 loss@353.09 frag@275.12 loss@393.13 loss@306.06,0.3437906206 0.06244691461 0.04362999275 0.02548232488 0.01515754778 0.01185034122 0.007556411438 0.007467396557 0.005473295692 0.005115030799 0.004992347211 0.004128464963 0.003632236971 0.003340160241 0.003194249235 0.002707148204 0.002502380637 0.002418426098 0.002372576389 0.002226525219
497,frag@161.06 loss@525.21 loss@553.2 frag@133.06 frag@143.05 loss@231.12 loss@176.08 frag@115.05 frag@131.05 loss@609.23 loss@567.22 loss@229.14 frag@123.08 frag@247.01 loss@131.07 loss@220.03 loss@298.11 frag@159.08 frag@246.09 frag@103.05,0.3043654263 0.05614235997 0.03547326848 0.01219598763 0.010799204 0.009278169833 0.007564108353 0.004967908375 0.004731845576 0.004616310354 0.004476123024 0.003681844566 0.00343169691 0.003394959262 0.002821753966 0.00281714811 0.002729126485 0.00271152216 0.00251192716 0.002507334575
498,frag@111.05 loss@234.0 loss@180.03 frag@127.0 frag@84.07 loss@152.0 loss@222.07 loss@83.01 frag@395.08 loss@275.14 loss@255.04 loss@127.05 loss@170.11 frag@143.12 frag@166.0 frag@55.03 loss@241.16 loss@264.09 loss@181.12 frag@83.03,0.3195885122 0.0561212115 0.03401856124 0.01203378197 0.008073819801 0.003560371464 0.003268553177 0.003261421341 0.002758278511 0.002459310926 0.00226485543 0.002236287342 0.00216654758 0.002092634095 0.001997204265 0.001966392389 0.001943257404 0.001928507001 0.001922344789 0.001904304023
499,frag@205.04 frag@319.07 loss@250.06 frag@160.13 frag@84.99 frag@257.13 frag@142.97 frag@170.08 loss@132.06 frag@243.04 loss@130.09 loss@254.01 loss@187.03 loss@216.06 frag@244.11 frag@139.02 loss@189.99 loss@218.09 frag@318.05 loss@262.18,0.1598547697 0.004001718014 0.002431108616 0.002004218521 0.001806562184 0.001735007623 0.00168171851 0.00166935788 0.00158451742 0.001573857386 0.001501819002 0.001495626173 0.001454233658 0.001424497226 0.001410063705 0.001339281909 0.001283659483 0.001228335896 0.001227549743 0.001207207912
500,frag@152.03 frag@202.04 frag@114.03 loss@107.02 frag@141.04 loss@152.0 loss@119.99 loss@294.98 loss@99.03 frag@164.03 loss@129.01 frag@114.04 loss@223.0 loss@168.06 loss@139.02 loss@91.01 loss@186.07 frag@148.03 frag@72.0 frag@134.02,0.1171457991 0.05418551713 0.04489413649 0.04115333781 0.01653327048 0.01158245932 0.007314348593 0.006889462005 0.005312712397 0.005133528728 0.004748307168 0.004653500393 0.004646658432 0.004435504787 0.004349287134 0.004231390078 0.00402497733 0.003658340545 0.003536368255 0.003023617668
501,frag@189.07 loss@178.02 frag@230.07 loss@216.01 loss@157.06 frag@219.11 loss@229.16 frag@252.15 loss@169.06 loss@187.01 loss@78.14 frag@125.02 frag@200.06 frag@217.1 loss@211.98 loss@152.07 frag@173.07 frag@166.01 loss@127.91 loss@132.07,0.2681779563 0.1096550971 0.04519931227 0.02158043906 0.007402308285 0.00645039184 0.005974969827 0.005314850714 0.004725420848 0.003951945342 0.003753236029 0.003653611755 0.003070262959 0.002893288154 0.002870250959 0.002716769464 0.002508903854 0.002465791767 0.002316468861 0.002248042729
502,loss@213.08 frag@347.15 frag@174.97 frag@113.04 frag@220.11 frag@257.13 frag@219.02 frag@97.01 frag@182.13 frag@67.02 frag@254.12 frag@220.02 frag@337.15 frag@209.03 loss@181.06 frag@162.03 frag@83.03 frag@264.16 loss@175.01 frag@281.14,0.2617822886 0.05676208436 0.01411616988 0.009096344933 0.006646816619 0.006527873222 0.005604289938 0.005502461921 0.004697838798 0.004051806871 0.003990998957 0.003931438085 0.003826045897 0.003781305393 0.003488774644 0.003431195859 0.003364493605 0.003285388229 0.003253303468 0.003155053826
503,loss@162.07 frag@167.13 loss@177.11 frag@135.08 frag@259.14 frag@159.08 frag@145.06 frag@121.03 frag@207.98 frag@319.16 frag@147.08 frag@332.06 frag@129.07 frag@240.12 frag@223.0 frag@314.13 frag@122.1 frag@121.06 frag@163.08 frag@161.1,0.2810246348 0.1157099083 0.04909016937 0.02486928739 0.01931645907 0.01008361299 0.009062102064 0.006773379166 0.005089548882 0.004954966716 0.004627738148 0.004106592853 0.00394050451 0.00386179029 0.003562345169 0.00352123729 0.00332832709 0.00330292061 0.003270666581 0.003153033787
504,loss@190.05 frag@225.99 frag@98.03 loss@251.02 frag@174.02 loss@233.1 frag@144.96 frag@318.18 frag@212.95 frag@182.95 loss@325.08 frag@148.05 frag@305.1 frag@165.02 frag@225.14 loss@261.08 frag@152.08 frag@141.08 frag@287.06 frag@243.08,0.2469610572 0.05929451063 0.04031572491 0.02043813653 0.006400631741 0.006312038749 0.004650423769 0.004311575089 0.003794524586 0.003409183817 0.003285298124 0.003229634836 0.003152432386 0.003141969675 0.003134489059 0.00307437405 0.00295281224 0.002807494719 0.002760183066 0.002723342041
505,loss@87.07 frag@194.1 frag@236.07 frag@216.11 frag@267.14 loss@102.09 frag@102.97 frag@88.08 frag@229.03 frag@182.04 frag@241.06 frag@254.04 loss@115.06 loss@131.11 frag@231.0 frag@210.05 frag@295.17 frag@243.02 frag@315.02 loss@278.04,0.2834034264 0.05219280347 0.0441919975 0.03261050582 0.03102980182 0.02571307495 0.02328908071 0.02112292126 0.01968437247 0.01867292263 0.01836201362 0.01524286531 0.01491242927 0.01459501591 0.01136552822 0.0112724686 0.00914522633 0.008666200563 0.006553930696 0.006332151592
506,frag@197.11 loss@149.11 frag@195.09 frag@194.08 frag@171.09 frag@182.08 loss@204.11 frag@226.13 loss@119.05 loss@176.08 frag@181.08 frag@201.07 loss@134.06 loss@217.01 loss@120.06 loss@382.11 loss@138.09 loss@64.03 frag@195.02 frag@154.06,0.2115323246 0.03732710332 0.01272736862 0.01042138878 0.009975056164 0.009393692948 0.009201813489 0.007698002271 0.007203754969 0.006809349172 0.006688960362 0.006480661687 0.005800398532 0.005732291844 0.004964929074 0.004420342389 0.004356109072 0.004016163293 0.003851830494 0.003833968192
507,loss@57.06 loss@43.04 frag@194.07 frag@250.0 loss@44.04 loss@73.05 loss@85.06 loss@60.06 loss@32.05 frag@178.08 loss@211.99 frag@220.08 loss@116.07 loss@84.03 loss@113.1 loss@86.08 loss@75.07 frag@354.13 loss@59.07 frag@228.07,0.0208863169 0.01007886231 0.007698433939 0.007577028126 0.007244447712 0.006707089953 0.005965573713 0.005537781399 0.005359448027 0.005090402905 0.004514373373 0.00442050118 0.004342386965 0.004262907431 0.004147673957 0.004104241729 0.003961547744 0.003933494445 0.003930756822 0.00373618165
508,frag@163.04 frag@117.03 frag@145.03 loss@181.13 loss@224.18 loss@462.17 loss@354.09 loss@336.08 loss@478.17 loss@624.23 loss@266.19 loss@479.2 frag@135.04 frag@107.01 loss@641.25 frag@125.06 loss@166.03 loss@498.14 frag@325.09 loss@250.07,0.219791472 0.06423645467 0.03467042744 0.03037119284 0.02966835164 0.02859451063 0.02638106234 0.02574921213 0.0174282901 0.0169304125 0.01663434319 0.01140165236 0.008613776416 0.007763662841 0.007549054455 0.007099154871 0.006819264032 0.00646726042 0.006115927361 0.006022443529
509,frag@91.06 loss@272.15 loss@258.1 frag@91.05 loss@253.09 loss@195.06 frag@160.11 frag@176.14 loss@264.97 frag@241.99 frag@188.14 loss@305.02 loss@375.13 loss@236.07 frag@109.06 frag@147.08 loss@410.01 loss@348.16 frag@234.11 frag@134.1,0.03626550734 0.01875990443 0.0159666054 0.01564441621 0.01495451853 0.01199556794 0.01176008116 0.01164480578 0.0105073778 0.009594751522 0.009375126101 0.008558722213 0.008532496169 0.008222722448 0.00799426157 0.007721920963 0.007354679052 0.007251414936 0.007216787897 0.006950315554
510,loss@207.11 loss@259.09 loss@237.05 frag@99.06 frag@396.17 frag@122.1 frag@344.11 frag@81.06 frag@167.09 frag@165.07 frag@73.04 frag@144.04 frag@223.0 frag@108.08 frag@136.08 frag@126.05 frag@112.02 frag@69.04 frag@163.09 frag@166.08,0.195224002 0.06461527944 0.03938185424 0.007676410023 0.006842891686 0.005639114883 0.005335819442 0.004859716166 0.004785988946 0.00462980289 0.004078168888 0.004040137399 0.004021362867 0.003941623494 0.003821108956 0.003597655334 0.00336312782 0.00326689845 0.003262435319 0.003231730778
511,loss@174.09 frag@157.06 frag@85.08 frag@144.05 frag@216.08 loss@239.97 frag@123.05 frag@222.95 frag@187.98 frag@137.05 frag@308.18 frag@185.09 frag@304.16 frag@238.13 frag@236.03 frag@159.04 frag@148.08 frag@201.1 loss@202.0 frag@186.09,0.3051366806 0.01344444603 0.007785880938 0.0071825739 0.005568147637 0.005232044961 0.005004668608 0.004787926096 0.003510404145 0.003389848396 0.003145375056 0.003017789684 0.002964733634 0.00295599876 0.002942990977 0.002910006791 0.00288836332 0.002866808325 0.002862996887 0.002840191359
512,frag@153.05 loss@310.05 frag@139.04 loss@201.06 loss@175.08 frag@133.04 loss@421.16 loss@286.04 loss@264.1 loss@174.99 loss@189.07 loss@240.04 loss@246.01 frag@93.03 loss@168.04 loss@148.02 frag@181.05 loss@178.97 loss@196.07 frag@162.07,0.306316942 0.008156569675 0.005147072952 0.004481478594 0.003735875944 0.003443055321 0.003351110034 0.003270916408 0.002914322773 0.002796149347 0.002790493891 0.002482185373 0.002422261052 0.00230072625 0.002287790179 0.002284833463 0.002283882117 0.002156842966 0.002146142535 0.00207250868
513,loss@108.06 frag@216.1 frag@256.06 frag@188.11 frag@98.04 frag@116.01 frag@196.05 frag@225.14 frag@175.03 loss@225.13 frag@200.06 frag@238.12 frag@241.1 frag@340.13 frag@224.97 loss@553.2 frag@186.09 frag@391.17 loss@124.0 loss@157.08,0.2280226052 0.095437482 0.03456597775 0.03047938459 0.007503740024 0.007132098544 0.004279789981 0.003984563984 0.003129189368 0.00310006924 0.002939871745 0.002923001768 0.002842576476 0.002832971979 0.002536701504 0.002528382698 0.002517931629 0.002488129307 0.002194760134 0.002129853005
514,frag@176.07 loss@192.08 loss@252.06 frag@177.09 frag@190.09 frag@204.07 frag@192.01 frag@182.03 loss@238.04 loss@213.07 frag@133.09 loss@322.13 frag@178.09 loss@259.13 loss@331.15 frag@144.04 frag@194.08 loss@183.15 loss@235.03 frag@191.12,0.2769988477 0.1306141466 0.06889429688 0.004667878151 0.004190417007 0.0035688926 0.00342030637 0.003372802399 0.002584419446 0.002416250994 0.002356432145 0.002278460423 0.002258945256 0.002233028878 0.002203746932 0.002127765678 0.001912942156 0.001827496686 0.001825818326 0.001790567883
515,frag@187.06 frag@160.05 frag@132.06 frag@159.07 loss@176.07 frag@150.07 loss@211.0 frag@148.05 loss@336.05 loss@293.07 loss@220.04 frag@106.07 loss@192.04 loss@111.04 frag@171.05 loss@194.02 loss@165.05 frag@204.1 loss@62.02 loss@206.08,0.1536440551 0.09755244851 0.005697134417 0.004522422329 0.003936723806 0.00383257051 0.003611571155 0.003552970011 0.003205466783 0.002906292677 0.002677644603 0.002598345047 0.00242165965 0.002360941842 0.002246499062 0.002205063123 0.002157346113 0.002148652216 0.002119307639 0.002083347877
516,frag@45.03 loss@247.06 frag@87.04 frag@101.02 frag@173.95 loss@128.05 loss@445.16 loss@223.09 loss@227.15 loss@298.04 loss@218.04 loss@141.08 loss@185.11 loss@289.12 loss@268.1 loss@105.04 loss@280.09 loss@113.01 frag@43.02 frag@57.03,0.3132263422 0.00817699451 0.004399623722 0.002855299972 0.002838011365 0.002693972783 0.002354563214 0.002346532652 0.002296410035 0.002279869281 0.002154642949 0.002133874921 0.002127947751 0.002065252978 0.002055949066 0.002050857525 0.002041083062 0.002029937459 0.00187057734 0.001841548714
517,loss@244.05 frag@211.12 loss@306.14 loss@333.11 frag@99.09 frag@170.1 frag@202.07 frag@160.1 loss@325.08 frag@144.08 frag@156.14 frag@101.11 frag@308.18 frag@127.09 loss@300.07 frag@60.48 frag@112.11 loss@218.01 loss@311.04 frag@268.13,0.1529527158 0.07609005272 0.05934351683 0.01348326541 0.003144285874 0.002935708733 0.002817028202 0.002786317607 0.002630897565 0.002483523451 0.002341660671 0.002252160339 0.002223551972 0.002038878156 0.00194099138 0.001920841052 0.001915836008 0.001733703772 0.001631528954 0.001617956208
518,loss@146.07 loss@136.09 frag@132.1 frag@176.11 frag@201.95 frag@195.09 frag@123.08 frag@177.05 frag@119.09 frag@147.08 frag@103.06 loss@215.12 frag@240.12 frag@161.06 frag@105.07 frag@147.05 frag@130.08 frag@135.08 frag@167.03 frag@104.06,0.2257501185 0.09453310817 0.06270544976 0.05302577466 0.04064551741 0.009688836522 0.008369066752 0.007224907633 0.006333460566 0.004947127309 0.004602245055 0.004333848134 0.004329492804 0.003938531037 0.003782600164 0.003611125983 0.003610063577 0.003243337851 0.003123582341 0.003107937984
519,loss@129.08 frag@137.04 frag@156.99 frag@130.0 loss@189.13 loss@226.05 loss@129.07 frag@358.13 frag@176.07 frag@257.11 frag@163.05 frag@189.01 frag@213.14 loss@172.02 loss@185.07 frag@224.99 frag@319.14 frag@300.18 loss@213.07 loss@261.01,0.2651770413 0.09289619327 0.06861438602 0.05222456902 0.0456392169 0.02005187236 0.01607216895 0.008608031087 0.007258899976 0.007131892722 0.00654817 0.005341270939 0.005287016742 0.004630395677 0.0045730602 0.003986505326 0.003914786968 0.003516485216 0.003434695303 0.003186207032
520,frag@179.05 frag@194.04 loss@172.01 loss@321.09 frag@140.05 loss@182.17 frag@138.01 loss@170.11 loss@129.04 frag@186.06 frag@206.08 frag@202.09 loss@14.02 loss@172.07 loss@236.94 loss@138.07 loss@151.02 loss@111.07 loss@107.11 loss@141.05,0.2015177757 0.1013757139 0.08031264693 0.009359688498 0.003730275203 0.003673866624 0.003354381537 0.002599271247 0.002284927759 0.002149460139 0.0020008469 0.001995572122 0.001957039582 0.001895327005 0.001806373009 0.001789003494 0.001514178002 0.001489392365 0.001477686688 0.001452881028
521,frag@129.07 frag@117.07 frag@128.06 frag@115.05 loss@376.13 loss@225.12 loss@178.04 frag@145.06 frag@147.08 frag@141.07 frag@130.08 loss@229.14 loss@198.09 frag@116.06 loss@219.16 loss@291.17 loss@242.14 frag@143.09 loss@109.13 loss@364.16,0.1124734953 0.1114899293 0.05560964346 0.02502567694 0.02369656786 0.01794941165 0.01727579534 0.01672313176 0.01242226548 0.01053075306 0.00982187409 0.0085676983 0.007799772546 0.005565723404 0.005478079431 0.005373448133 0.005352682434 0.005158676766 0.005152457859 0.004882670008
522,loss@177.04 loss@111.11 frag@190.04 frag@351.18 frag@164.03 frag@180.06 loss@199.02 frag@163.03 frag@176.06 frag@151.03 frag@231.15 frag@150.07 frag@178.04 frag@196.05 frag@131.0 frag@158.04 frag@271.07 frag@171.07 frag@136.02 frag@149.02,0.2683753371 0.03196198866 0.01417615917 0.01318077743 0.01309560891 0.009815287776 0.008755412884 0.007408982143 0.007210780401 0.006670958828 0.006180025171 0.0052467403 0.005191782024 0.004791037645 0.004356633406 0.004196009133 0.003948710859 0.003875139635 0.0037086925 0.003573817201
523,loss@253.04 loss@240.14 frag@137.06 frag@340.13 frag@109.06 frag@160.11 frag@202.12 frag@176.11 frag@139.08 frag@256.14 frag@225.02 frag@318.18 frag@182.94 frag@121.03 frag@183.01 frag@187.98 frag@78.05 frag@297.15 frag@91.06 frag@123.04,0.1877497584 0.0639904663 0.009713100269 0.007285676431 0.006804783829 0.006478062831 0.005574185867 0.005017669406 0.004538558424 0.00358885061 0.003550580936 0.003425241448 0.003263482824 0.003234146396 0.003197798505 0.003094906686 0.002883635927 0.002820944181 0.002803854411 0.002720196033
524,frag@146.03 loss@193.13 frag@202.0 frag@183.11 loss@182.1 loss@210.11 frag@186.09 loss@177.1 frag@87.06 frag@109.04 loss@364.14 loss@216.11 frag@87.07 loss@208.06 loss@235.12 loss@267.12 loss@188.15 loss@167.11 loss@247.16 frag@99.05,0.2547616661 0.203750968 0.04007029533 0.005532798823 0.00327305845 0.002824455267 0.002789096441 0.002321989741 0.002273429651 0.002026928356 0.001933996216 0.001881203731 0.001849217922 0.001838202472 0.001732765231 0.001688114484 0.001624567434 0.001526227221 0.001497468213 0.001456256839
525,loss@240.12 frag@67.05 loss@318.17 loss@265.18 loss@283.16 loss@256.15 loss@299.19 frag@95.09 frag@114.06 frag@110.1 loss@353.12 frag@43.02 frag@81.07 frag@100.09 frag@196.06 loss@344.18 frag@74.06 frag@69.07 frag@85.06 loss@193.15,0.05115645751 0.03918676078 0.02235958166 0.01999549754 0.0176626835 0.01610071585 0.01357472315 0.0133063104 0.01286576502 0.01064634323 0.0105123762 0.01035884488 0.009427052923 0.008684566244 0.008460233919 0.006680652499 0.006481194869 0.006295862142 0.006286341231 0.00592749333
526,loss@239.08 frag@141.02 frag@156.14 frag@93.03 frag@138.09 frag@141.05 frag@87.05 loss@251.08 frag@161.06 frag@55.02 frag@101.02 frag@100.09 frag@59.0 frag@198.15 frag@175.12 frag@46.24 frag@206.06 frag@79.05 loss@286.04 frag@97.06,0.1817986369 0.00314533175 0.003060488962 0.002992848866 0.002864531009 0.002164510544 0.002120299265 0.002084789798 0.002038293984 0.002029330237 0.002022943459 0.002003008267 0.00168019149 0.001666589291 0.001572279725 0.001564848819 0.00152919942 0.001517345896 0.001478033373 0.001468272763
527,loss@223.03 frag@113.02 loss@200.03 loss@155.01 frag@138.01 frag@138.02 frag@139.03 frag@86.01 loss@252.07 frag@125.02 frag@44.98 frag@128.03 loss@195.05 frag@112.02 frag@73.01 loss@183.05 frag@318.03 frag@110.07 frag@140.03 frag@156.03,0.09470275789 0.08727205545 0.05401710421 0.04782278463 0.03692203388 0.02258885838 0.01779798791 0.009530844167 0.008869341575 0.008209696971 0.007975961082 0.006775852758 0.006247977261 0.006021495908 0.005631508306 0.005113597494 0.004521786701 0.004427442327 0.003796683159 0.003637117567
528,loss@313.1 frag@228.99 loss@257.03 loss@85.04 frag@81.03 loss@144.99 frag@53.04 frag@165.02 frag@109.03 loss@254.04 frag@255.12 loss@279.08 loss@340.1 frag@338.14 frag@261.04 frag@93.03 loss@230.16 frag@224.07 frag@132.09 frag@211.12,0.1043206304 0.07880668342 0.05573990196 0.01750897244 0.01443301886 0.01366054267 0.005843586288 0.005695796572 0.005583300255 0.004924417473 0.004582712892 0.00413978938 0.004039637744 0.003730239812 0.003469893942 0.003122507129 0.003018771531 0.002966732252 0.002811005339 0.002799720503
529,frag@96.06 loss@179.11 loss@178.11 loss@193.08 frag@71.06 frag@318.16 loss@161.1 frag@139.05 frag@122.07 frag@180.12 frag@152.12 loss@165.09 loss@183.99 frag@99.06 loss@139.09 frag@254.07 frag@138.1 frag@95.06 frag@124.09 loss@153.09,0.2091853321 0.1577936262 0.1297605038 0.0324001126 0.02944975346 0.02663063817 0.02581926063 0.01434708107 0.009039818309 0.007951695472 0.007865684107 0.007762535475 0.005712037906 0.005615049507 0.005110426806 0.005102429539 0.00491925329 0.004877556115 0.004713677336 0.004662291612
530,loss@202.1 loss@188.12 loss@198.03 frag@332.06 frag@246.14 frag@233.14 frag@233.13 frag@204.04 frag@87.06 frag@129.1 frag@95.07 frag@190.1 frag@143.08 frag@130.97 frag@87.09 frag@187.98 frag@55.02 frag@239.21 frag@240.1 frag@115.09,0.1351357549 0.1284443438 0.0549277626 0.03135675564 0.01741908863 0.00774562452 0.006541419309 0.004535014741 0.004256864544 0.00406680489 0.003815301461 0.003708478296 0.003696201835 0.00357347494 0.003285142593 0.003195810597 0.002793635009 0.002654811135 0.002611286473 0.002554245526
531,loss@78.05 frag@169.04 frag@194.99 loss@218.13 frag@400.18 frag@46.34 loss@330.07 frag@191.06 loss@154.05 frag@174.04 frag@208.1 frag@223.12 loss@161.12 loss@158.03 frag@241.1 frag@209.07 frag@250.06 frag@179.05 frag@186.07 frag@236.08,0.2407910675 0.08170474321 0.06816473603 0.002667038003 0.00226383796 0.001943409094 0.001721597277 0.001688827761 0.001483267639 0.001456841826 0.001435192768 0.001427443 0.001427280018 0.001371529419 0.001365783974 0.001359806163 0.00135032984 0.001350270584 0.001287880819 0.00125140883
532,loss@223.13 loss@223.09 loss@251.15 frag@110.1 frag@121.07 frag@87.04 frag@151.07 frag@89.07 frag@67.05 frag@182.15 frag@156.14 frag@131.08 frag@184.02 loss@251.12 loss@287.11 frag@82.06 frag@180.12 frag@86.06 frag@182.01 frag@162.13,0.1823401153 0.03442408517 0.03150234744 0.01287498418 0.009681115858 0.008627989329 0.007061528973 0.006492578425 0.006432484835 0.005596261006 0.005446713418 0.005214142613 0.005198809784 0.004899534397 0.004691969138 0.004590656143 0.004445170518 0.004303674679 0.004214605782 0.004213287029
533,frag@172.11 loss@270.14 loss@302.16 loss@273.15 loss@325.11 loss@256.18 frag@176.07 frag@196.11 frag@190.09 loss@159.13 frag@151.08 loss@289.14 frag@160.1 frag@142.12 frag@336.08 frag@159.1 loss@277.14 frag@157.09 loss@322.13 frag@138.09,0.1388242394 0.06951744854 0.0486334376 0.02531056292 0.01623721048 0.01451983582 0.01314494293 0.01240504626 0.009023649618 0.007804362103 0.00683031464 0.00659982767 0.006517232861 0.005418239161 0.005124795716 0.004715632182 0.004632523283 0.004386582877 0.004293750506 0.004233992659
534,frag@135.04 loss@179.06 loss@240.1 frag@125.06 loss@206.09 loss@220.11 frag@107.05 loss@250.13 loss@257.13 loss@284.15 loss@237.16 frag@77.04 frag@105.04 frag@95.05 loss@286.14 loss@337.14 loss@290.09 loss@302.12 frag@163.04 loss@272.06,0.3324033916 0.09228966385 0.03200188279 0.02871091664 0.02730925195 0.02398948185 0.0232718382 0.01760677062 0.01701865159 0.01242916286 0.01162307989 0.01078451611 0.01063855086 0.01038513519 0.00980398152 0.009618501179 0.009598816745 0.008362916298 0.008354866877 0.0080961762
535,frag@144.96 loss@202.14 loss@353.1 loss@241.14 loss@336.14 loss@268.0 frag@59.0 frag@306.11 frag@274.18 frag@249.13 frag@285.12 frag@166.09 frag@376.15 loss@392.11 loss@186.99 frag@316.13 loss@553.2 frag@145.07 frag@260.07 frag@219.02,0.1256642342 0.04015894607 0.03784121573 0.03483460844 0.03224985301 0.006535464432 0.004821016919 0.003788802307 0.003293569433 0.003239187878 0.002967303852 0.002887336537 0.002876970917 0.002828835975 0.002774322405 0.002739154967 0.002624826739 0.002410898916 0.002301307628 0.002299474785
536,frag@205.04 frag@319.07 loss@132.09 loss@146.05 loss@128.01 loss@250.06 loss@191.05 loss@199.1 loss@290.11 frag@177.05 loss@231.05 loss@337.08 loss@218.13 loss@262.04 loss@161.05 loss@177.0 loss@199.07 loss@127.09 loss@201.13 loss@153.08,0.3201364875 0.02715525031 0.003003202844 0.002815943211 0.002425846877 0.002037393395 0.002014439786 0.001618020819 0.001611040439 0.00159500842 0.001521960017 0.00151130755 0.001490012044 0.001445305068 0.001435038401 0.001400272362 0.001392309321 0.001323058968 0.001318369061 0.00131185248
537,frag@295.06 frag@207.12 frag@199.08 frag@307.06 frag@227.07 frag@226.1 frag@325.07 frag@280.07 frag@221.06 frag@184.96 frag@283.14 frag@204.09 frag@252.08 frag@185.06 frag@284.03 frag@237.11 frag@189.09 frag@321.08 frag@184.05 frag@247.12,0.008791578002 0.007576566655 0.007178296801 0.006689498201 0.0057895598 0.005036253948 0.004990964662 0.004528422374 0.004508298822 0.004280657973 0.00422374811 0.004001547117 0.003811866511 0.003715661122 0.003689837875 0.003493648022 0.00321791321 0.003108749399 0.00303049502 0.002635142533
538,loss@165.09 frag@280.11 frag@146.07 loss@193.09 frag@164.08 frag@122.1 frag@174.07 frag@97.04 frag@155.94 frag@95.06 frag@121.04 frag@110.07 frag@176.05 frag@163.09 frag@214.1 frag@156.98 loss@252.03 loss@148.06 loss@183.99 frag@120.06,0.3083928227 0.1092231199 0.008920675144 0.008246166632 0.006163786165 0.006132564042 0.005583837628 0.00490337098 0.004843271337 0.004531182349 0.004068981856 0.003596127732 0.00354800513 0.003422205336 0.003037427785 0.002932586474 0.002802320989 0.002666872693 0.002643197309 0.002616679063
539,loss@45.02 loss@123.04 frag@289.11 loss@79.93 frag@196.02 loss@78.92 loss@86.0 frag@250.07 frag@298.16 frag@303.1 frag@220.09 frag@332.12 frag@329.11 loss@107.92 frag@247.08 frag@108.02 frag@180.08 frag@120.02 frag@354.14 frag@352.09,0.1231489778 0.0869192481 0.05320535228 0.05115726218 0.04037883878 0.03384711221 0.02329146117 0.0195756387 0.01385649387 0.01020161342 0.00767700281 0.005211283453 0.004753939342 0.003813338699 0.003468514886 0.003368320642 0.003304145299 0.002996832365 0.0026452858 0.002514869673
540,loss@259.11 loss@130.04 loss@271.06 frag@223.02 frag@42.03 frag@232.13 loss@113.01 frag@84.09 frag@130.09 frag@84.08 frag@228.11 frag@233.13 frag@198.15 frag@368.13 frag@181.06 frag@201.11 frag@154.02 frag@238.12 frag@74.1 frag@111.99,0.1906348616 0.04336860031 0.02579204738 0.00662698457 0.00533692725 0.003126998898 0.003090373473 0.002747867256 0.00256967661 0.0024597093 0.002417724347 0.002318775048 0.002306534443 0.002243868541 0.002155002439 0.001952956314 0.001946003991 0.001765274676 0.00169752189 0.001681754715
541,loss@196.12 loss@179.13 loss@199.12 frag@67.05 frag@84.08 frag@83.09 frag@150.13 frag@43.02 frag@55.05 frag@56.05 frag@95.09 frag@82.06 frag@81.07 frag@110.1 loss@287.11 frag@112.08 loss@181.11 frag@57.03 loss@187.12 frag@123.08,0.1778349578 0.09125691652 0.06825753301 0.057704743 0.01537659764 0.01278265473 0.01226793602 0.007352020126 0.00646357378 0.005745656323 0.005356705282 0.005241937004 0.005136305466 0.004954739939 0.004713341594 0.004501174204 0.00444129901 0.004209504928 0.004065757152 0.004042285029
542,loss@246.08 frag@154.13 loss@254.01 frag@55.02 frag@290.16 frag@218.14 frag@194.09 frag@152.08 frag@177.11 frag@125.0 frag@102.09 frag@224.03 frag@151.05 frag@99.06 frag@259.04 frag@185.09 frag@178.11 frag@231.12 frag@166.09 frag@109.08,0.2736463547 0.02091600001 0.01684882306 0.01542458683 0.01014556922 0.007103546057 0.006580331363 0.005098696798 0.004658368416 0.004623708315 0.003787618596 0.003513197182 0.003307749517 0.003221644089 0.00310513773 0.002991386224 0.002857991029 0.002826932352 0.002690647263 0.002690511523
543,frag@110.1 frag@124.11 loss@262.14 frag@67.05 loss@251.12 loss@281.14 frag@96.08 loss@239.16 frag@150.13 loss@236.15 loss@276.16 loss@225.15 loss@302.17 loss@300.13 loss@252.16 loss@234.14 frag@108.08 frag@44.05 frag@67.06 frag@84.08,0.1293866187 0.06511642039 0.01625583135 0.0153882103 0.01488848031 0.01488845143 0.0114995623 0.01110597886 0.009400736541 0.008937109262 0.00854398869 0.00842400454 0.008042731322 0.007627923042 0.00705635082 0.006088331342 0.006071691401 0.005826322827 0.005814238917 0.005801001564
544,loss@42.05 frag@167.06 loss@100.05 loss@44.06 frag@182.06 loss@68.06 loss@72.06 frag@205.1 frag@230.1 loss@86.07 frag@201.06 frag@214.05 loss@122.08 loss@100.09 loss@140.11 frag@102.05 frag@304.2 frag@43.03 loss@73.05 loss@74.07,0.04716318101 0.03455203772 0.0309463311 0.03012223355 0.02617401257 0.0240957886 0.01895407774 0.01860156655 0.01814001426 0.01804059744 0.0143362144 0.01236499101 0.01084423158 0.009621522389 0.009552475996 0.009470003657 0.009468277916 0.009202088229 0.009016939439 0.008828430437
545,loss@271.03 frag@166.05 loss@255.02 loss@299.03 frag@93.03 frag@150.06 frag@184.06 loss@271.05 frag@102.04 frag@180.01 frag@81.03 frag@136.04 frag@141.04 frag@140.02 frag@79.04 loss@153.04 frag@179.12 frag@95.01 frag@164.08 frag@147.03,0.148049593 0.08045548201 0.05829718336 0.01319633331 0.01058130804 0.009316236712 0.008978381753 0.007352094632 0.007105644327 0.004477718845 0.00348231243 0.003275700146 0.003257310018 0.002903745743 0.002812542254 0.002499982715 0.002496262314 0.00249214028 0.002454322297 0.002446330385
546,frag@84.96 frag@102.97 loss@125.05 loss@113.13 frag@384.2 loss@193.99 loss@189.02 loss@111.14 loss@158.07 loss@319.98 loss@244.13 loss@168.08 loss@267.99 loss@142.03 loss@244.1 loss@275.12 loss@179.08 loss@289.13 frag@159.02 frag@198.94,0.2904700637 0.0289268773 0.01371756569 0.007803684101 0.006465261802 0.005404709373 0.004601750523 0.004229290411 0.004217493348 0.004081741441 0.003940586001 0.003860006807 0.003815016244 0.003719295375 0.003675628221 0.003562007565 0.00353127229 0.003484373447 0.003401491325 0.003396491054
547,frag@105.03 frag@95.05 loss@292.13 loss@227.09 loss@291.16 frag@77.04 loss@268.15 loss@310.97 loss@319.13 loss@280.16 loss@340.18 loss@276.04 loss@243.15 loss@480.16 loss@447.18 loss@280.18 loss@245.15 loss@305.15 loss@328.14 loss@344.08,0.3257020712 0.04424597695 0.03404179588 0.03330009058 0.03198391199 0.02681517974 0.01938237809 0.01838241145 0.01623920165 0.01609545574 0.01608632691 0.0126999924 0.01139324624 0.01086338703 0.01017857436 0.00964977406 0.009190333076 0.00897440128 0.00895138178 0.008820994757
548,frag@130.06 frag@118.06 frag@146.06 frag@132.08 loss@174.08 frag@131.07 loss@201.1 loss@186.08 frag@158.06 frag@160.08 loss@243.1 loss@201.09 frag@117.06 loss@214.09 loss@160.05 loss@204.09 loss@202.07 loss@176.1 frag@130.07 loss@217.09,0.07161930203 0.06014924124 0.05613191426 0.05256987736 0.01994517259 0.0189353209 0.01886248961 0.01564772613 0.01487881131 0.01346636657 0.01235380676 0.01233633608 0.01206739899 0.01148910448 0.01077678427 0.01060174592 0.01058192737 0.01042471733 0.01020005252 0.009982107207
549,loss@202.09 loss@181.03 loss@201.06 frag@104.03 frag@92.03 frag@208.96 frag@156.95 frag@103.02 loss@99.01 frag@273.06 frag@153.05 loss@243.04 frag@80.06 frag@157.98 loss@294.04 frag@199.12 frag@373.18 loss@246.01 loss@220.06 frag@134.06,0.08648115396 0.07451181859 0.0670080632 0.0465407446 0.0457220301 0.01652025804 0.01608567685 0.01341104787 0.01253590267 0.01188409701 0.009863398038 0.008003169671 0.007510962896 0.007061628625 0.006882727612 0.00667760428 0.006487150211 0.006203745492 0.006077775266 0.005958044436
550,frag@143.04 loss@158.07 loss@172.07 loss@46.03 frag@137.05 loss@141.04 frag@231.11 loss@186.09 frag@98.04 loss@152.07 loss@138.1 frag@189.04 frag@128.05 frag@377.07 loss@43.99 loss@165.07 loss@164.03 loss@146.06 frag@161.04 frag@44.98,0.1777974367 0.1321714371 0.03960454836 0.01605676115 0.004307078663 0.003580807708 0.002816170221 0.002711464418 0.002660422819 0.002630743198 0.0024932581 0.002492316533 0.002307224087 0.001930072205 0.001903942088 0.001848828862 0.001745982794 0.001735582831 0.001735375146 0.001709525124
551,frag@207.07 loss@284.16 loss@296.16 loss@298.06 loss@326.17 loss@280.16 loss@277.07 frag@151.04 loss@312.16 loss@314.17 frag@110.02 frag@179.07 loss@199.11 frag@245.08 frag@130.02 frag@108.03 frag@139.08 frag@332.05 loss@179.13 loss@391.17,0.3019199669 0.1188305095 0.07614405453 0.05796895549 0.01353883184 0.006447223481 0.005871181842 0.00525079947 0.0036642747 0.003586995183 0.003512315685 0.003362502437 0.0032167756 0.003132975893 0.002814286388 0.002754225163 0.002746317536 0.00252695661 0.002331083408 0.002199395327
552,loss@232.11 loss@193.01 frag@108.06 frag@166.09 frag@231.12 frag@136.05 frag@259.04 loss@168.04 frag@135.0 frag@164.11 frag@206.03 frag@179.0 frag@196.06 frag@97.01 frag@463.24 loss@282.07 frag@216.13 frag@97.04 frag@111.03 frag@135.1,0.1678170264 0.05834266916 0.01008853782 0.008634266444 0.007861099206 0.004115071613 0.004099725746 0.003344334429 0.003124926239 0.002780771581 0.002547057346 0.002534305677 0.002483202377 0.002419698983 0.002357833087 0.002303789137 0.002272784244 0.002249458339 0.002129114699 0.002102995059
553,frag@133.09 loss@305.08 loss@233.99 frag@323.08 loss@173.02 loss@193.13 frag@170.1 frag@309.16 loss@191.0 loss@308.08 frag@282.12 frag@132.08 loss@326.09 loss@230.14 frag@161.11 frag@180.05 loss@222.11 loss@253.1 frag@188.07 loss@215.97,0.180182606 0.04155684635 0.02245200984 0.01843082346 0.01224347949 0.009435672313 0.00463498896 0.003975490108 0.003586213104 0.003211959265 0.002903592074 0.002824845491 0.002611351665 0.002604649169 0.0025416594 0.002136358991 0.002119188895 0.00210703304 0.002102520783 0.002057346515
554,loss@278.12 frag@279.16 loss@269.17 loss@355.12 loss@279.16 frag@67.05 frag@132.09 frag@74.02 frag@69.07 frag@67.06 frag@95.09 frag@218.12 loss@203.17 frag@112.08 frag@126.08 frag@167.05 loss@236.15 frag@138.09 frag@76.08 frag@205.06,0.08070272207 0.06715753675 0.06116753072 0.02403652295 0.02147698402 0.01188650448 0.00849041529 0.007684153039 0.007475421298 0.006511888467 0.006176537368 0.006030705757 0.005807726178 0.004703798331 0.004523667041 0.00445953384 0.004402602557 0.00425038673 0.00405942928 0.003752946155
555,loss@237.12 loss@166.12 loss@280.13 loss@289.07 frag@157.06 frag@123.02 frag@231.12 frag@123.03 frag@138.1 frag@98.07 frag@391.18 frag@165.1 frag@146.96 frag@148.08 frag@122.03 frag@98.99 frag@149.08 frag@139.06 frag@138.05 frag@122.1,0.1220289096 0.1053482965 0.06803263724 0.01118603162 0.01001617312 0.009959811345 0.009932660498 0.008634608239 0.008414831944 0.007906733081 0.007045191713 0.006014921237 0.005645425059 0.00558928214 0.005562319886 0.005542973056 0.005446695723 0.005349536892 0.005243206397 0.005037327297
556,frag@137.02 loss@278.07 loss@164.01 frag@238.04 loss@150.03 frag@193.09 loss@108.02 loss@213.17 loss@173.98 loss@120.07 loss@188.0 loss@206.01 frag@187.03 loss@129.01 loss@382.17 loss@81.09 loss@111.05 loss@110.0 loss@368.17 loss@180.99,0.3198252022 0.03336565942 0.01724378951 0.01067075692 0.00922387559 0.006340823602 0.004870102275 0.004853049759 0.004699782468 0.004636915401 0.004367671907 0.004258683883 0.003950148355 0.003705577459 0.003544971114 0.003399112495 0.002875028178 0.002795397537 0.002565098694 0.00241789245
557,loss@166.1 frag@208.02 frag@218.15 frag@208.1 frag@172.02 loss@179.0 frag@255.08 loss@215.12 frag@192.01 loss@136.09 frag@173.95 frag@229.13 frag@175.06 frag@138.09 frag@177.11 frag@189.07 frag@241.99 frag@236.15 frag@211.01 loss@213.14,0.08851495385 0.004981271923 0.004969975911 0.002521902323 0.002327615628 0.002146743005 0.002002305584 0.001965878299 0.001953518251 0.001927980222 0.00187679904 0.001852177782 0.001795419725 0.001665797434 0.001643676311 0.001596730319 0.001552528469 0.001548606902 0.001487295493 0.001482205
558,frag@145.06 frag@155.06 frag@155.05 loss@171.07 loss@176.11 loss@244.1 loss@144.06 loss@158.03 loss@158.04 loss@165.0 loss@314.12 loss@136.07 frag@128.06 loss@262.12 loss@170.09 loss@189.08 loss@178.09 frag@130.03 loss@230.05 loss@176.07,0.1735526025 0.1333426833 0.1118052676 0.03720536828 0.02999996953 0.01892444119 0.01555984654 0.01153374556 0.009448487312 0.00799243059 0.004872578662 0.004112228751 0.003678688779 0.003426172538 0.003404536983 0.00322268717 0.002972499235 0.002725828206 0.002652330091 0.002569111297
559,loss@107.07 frag@271.05 loss@374.14 frag@278.13 frag@208.1 frag@199.07 frag@237.04 frag@310.11 frag@198.06 loss@243.14 frag@223.09 loss@135.07 frag@196.1 frag@207.09 frag@203.1 loss@197.99 frag@280.11 frag@199.01 frag@166.08 frag@323.18,0.248559162 0.008352955803 0.007949330844 0.005771713331 0.005207445472 0.004734675866 0.004540037829 0.004379754886 0.004377166275 0.004346877337 0.003800698323 0.003773825942 0.003740894375 0.003415004117 0.003338987939 0.003323433222 0.00326971407 0.003127074102 0.003052121028 0.002816552529
560,frag@177.05 loss@176.04 loss@120.02 loss@173.1 frag@150.04 loss@165.04 loss@113.06 loss@341.03 loss@147.04 frag@162.03 frag@118.04 loss@167.08 loss@148.02 loss@158.03 loss@350.13 loss@141.02 loss@161.05 loss@147.08 frag@163.03 loss@179.04,0.3501067758 0.1357198805 0.00861732848 0.00585547369 0.004826547578 0.004325829446 0.00397100905 0.003830450354 0.003664550371 0.00340521778 0.003363427939 0.003329067025 0.002916222671 0.002780781128 0.002723266138 0.00270307879 0.002610354451 0.002435596194 0.00235020509 0.002313307719
561,loss@162.09 frag@309.12 frag@273.1 frag@455.35 frag@279.11 frag@332.05 frag@293.12 frag@325.11 frag@185.13 frag@189.09 frag@129.05 loss@227.19 frag@437.34 loss@250.19 frag@439.36 loss@106.91 loss@828.45 frag@203.14 frag@253.12 frag@321.08,0.1027030125 0.04949123785 0.03300444782 0.02636551298 0.0233339034 0.01623629034 0.01571202278 0.01389973145 0.01259149052 0.01151154097 0.0104892971 0.009358847514 0.008542120457 0.008185491897 0.007782534231 0.007769012358 0.006607291754 0.006385463756 0.006381629035 0.006171646528
562,loss@194.04 loss@144.01 loss@316.1 loss@99.01 loss@330.12 frag@299.07 frag@105.03 frag@153.01 frag@312.16 frag@176.06 frag@77.04 frag@64.02 frag@75.03 loss@310.97 frag@148.02 frag@84.99 loss@330.06 frag@155.06 frag@51.02 loss@276.04,0.07951797545 0.074772425 0.06398741901 0.01274831407 0.01191091817 0.009635216556 0.009486424737 0.006710869726 0.006306389812 0.006299939938 0.005687115248 0.005401334725 0.005038723815 0.004840895068 0.004792736378 0.00462611299 0.00448662322 0.004145924933 0.003863745602 0.003785704263
563,loss@298.18 frag@239.04 loss@288.15 loss@313.19 loss@279.17 frag@138.99 frag@171.02 frag@362.15 loss@298.13 frag@244.11 loss@236.11 loss@270.15 frag@93.03 frag@150.01 frag@166.1 frag@124.11 loss@239.16 frag@84.04 frag@198.15 frag@286.12,0.09714116901 0.02553345822 0.02005932294 0.01551921386 0.01350030489 0.005603134632 0.005421519745 0.004527597222 0.004491169006 0.004151714966 0.004090894014 0.003988141194 0.003828941379 0.003647072008 0.003570722183 0.003424514784 0.003309412627 0.003305743681 0.0031326178 0.002999942517
564,loss@171.08 frag@188.95 frag@172.09 frag@332.06 frag@169.06 frag@258.1 frag@130.03 loss@170.09 frag@170.08 frag@170.07 frag@200.08 frag@144.07 frag@160.05 frag@186.08 frag@169.98 frag@206.08 frag@198.1 frag@156.07 loss@173.1 frag@171.09,0.2941066027 0.01902414113 0.009584111162 0.004318842664 0.004117138218 0.004030277021 0.003534818534 0.003526130458 0.003454639111 0.003182099899 0.003124334384 0.003050699132 0.002987029264 0.002900333144 0.002880271757 0.002741197124 0.002714212518 0.002666355344 0.002631412353 0.002527853707
565,loss@98.04 frag@306.09 loss@105.04 loss@128.05 loss@101.06 loss@108.03 frag@43.02 frag@41.04 frag@68.01 frag@100.02 frag@62.02 frag@64.0 frag@53.0 frag@62.99 frag@67.04 loss@64.02 frag@97.06 frag@91.04 frag@57.03 frag@58.99,0.1196050197 0.05455872789 0.04891869053 0.04225947708 0.03593602404 0.03422420472 0.02216515318 0.01494815666 0.009990917519 0.007270887028 0.007257894147 0.006082958076 0.005811458454 0.005715296138 0.005574636161 0.005420870613 0.005270188674 0.00521554146 0.004789232742 0.00472172536
566,loss@193.06 loss@235.05 frag@222.95 loss@138.06 frag@330.08 frag@255.09 frag@293.12 frag@110.99 frag@280.09 frag@83.03 loss@207.04 frag@85.01 frag@113.01 frag@99.03 frag@97.04 loss@211.07 frag@154.03 frag@185.09 loss@239.09 frag@111.0,0.1271762997 0.108407557 0.05502414703 0.05133543164 0.02939818613 0.01586882025 0.008016815409 0.006793249864 0.006723537575 0.00643669581 0.005640705116 0.00539779989 0.005069455598 0.005059383344 0.005037174094 0.004992440343 0.004963764455 0.004220406525 0.004199654795 0.00336961518
567,frag@112.05 loss@174.05 loss@156.04 loss@173.04 loss@396.29 frag@95.02 loss@196.01 loss@291.98 frag@69.04 frag@54.03 frag@125.0 frag@155.01 frag@150.06 loss@146.06 frag@118.92 frag@55.03 frag@137.07 frag@69.01 loss@231.05 frag@125.04,0.2032634765 0.1325737238 0.1149437129 0.07199974358 0.03202125058 0.02921069413 0.01558804698 0.008906119503 0.005539442878 0.005462561268 0.005432359409 0.005313082132 0.004565780051 0.004303862341 0.003660695162 0.003652806859 0.003365513403 0.003134367289 0.003071472747 0.002860474866
568,loss@210.15 frag@166.0 frag@238.02 frag@223.02 frag@138.0 frag@233.13 loss@170.11 loss@248.19 loss@142.06 frag@116.07 frag@249.04 loss@32.98 frag@184.01 frag@304.1 loss@276.18 frag@175.11 frag@179.13 loss@107.11 loss@144.11 loss@227.13,0.1657214761 0.1188240647 0.0835108906 0.06231504306 0.005929135252 0.00373421167 0.002650542185 0.002135738265 0.00213400065 0.002050565556 0.001859750249 0.001854621223 0.001843537786 0.001832559472 0.001814954914 0.001734151621 0.001660974696 0.001511028735 0.001435804414 0.001410238794
569,frag@177.09 loss@245.04 loss@301.07 frag@129.09 loss@321.16 frag@128.97 loss@319.13 frag@121.03 loss@92.99 loss@217.98 loss@462.15 frag@150.07 loss@419.12 frag@366.15 frag@279.09 frag@229.12 frag@158.02 frag@295.14 frag@177.04 loss@326.11,0.2139092833 0.1132972464 0.0285520982 0.02254533395 0.02152899839 0.01340882946 0.006481768098 0.005849834066 0.005255883094 0.004678677768 0.00367048406 0.003640744369 0.003460371634 0.003058902919 0.002819376532 0.00280644116 0.002762667602 0.002684013685 0.002100597601 0.00197961973
570,loss@209.05 frag@193.13 loss@265.02 frag@262.16 frag@236.11 frag@318.18 frag@270.04 frag@135.03 frag@109.01 frag@187.98 frag@311.18 frag@89.07 frag@275.19 frag@119.06 loss@237.05 loss@120.06 frag@81.06 frag@53.04 frag@188.14 frag@349.04,0.1908938736 0.1106905267 0.02493181266 0.006620250177 0.006455889903 0.00592099037 0.005551820621 0.004964018241 0.004756569397 0.004355370067 0.0039540953 0.003870118177 0.003753643949 0.003286897205 0.003128284588 0.003114337567 0.003073490923 0.002751606284 0.002601523884 0.002551821759
571,loss@233.14 loss@254.14 loss@274.04 frag@83.08 frag@121.06 frag@87.06 frag@97.01 loss@294.13 frag@315.07 frag@122.1 loss@260.05 frag@182.09 frag@151.06 frag@227.04 frag@230.98 loss@156.11 frag@269.04 frag@151.08 frag@81.03 frag@98.07,0.1856511086 0.07515339553 0.03487765417 0.01372293476 0.01197985746 0.01099770796 0.01073051989 0.009738402441 0.008009701036 0.007791119628 0.007260913029 0.007062907331 0.006477494258 0.006417769939 0.005740663037 0.005491168238 0.004379549064 0.004349065945 0.004300888162 0.004244515207
572,loss@182.13 frag@270.12 frag@224.01 frag@138.99 frag@93.03 frag@74.06 frag@129.01 loss@281.15 loss@234.0 frag@84.04 frag@205.06 frag@219.13 loss@356.15 frag@174.97 frag@255.12 frag@291.11 frag@104.01 frag@222.05 frag@109.03 loss@187.99,0.2143068463 0.1277586818 0.08039923012 0.003204332665 0.002775988309 0.002534556435 0.002400104888 0.002347362926 0.002019708045 0.001833045273 0.001815145137 0.001474731835 0.001432990888 0.001342875184 0.001341885538 0.001301138429 0.001293675043 0.001232441748 0.001226985594 0.001218482968
573,frag@146.07 frag@160.09 frag@120.06 loss@177.09 loss@178.1 frag@158.07 loss@197.05 loss@145.06 frag@186.1 frag@134.07 loss@238.04 loss@189.09 loss@208.08 frag@161.08 loss@202.09 frag@132.06 frag@176.08 loss@187.07 loss@188.11 loss@240.07,0.118486993 0.07872270048 0.06034871563 0.04533898085 0.03227487579 0.02807263099 0.02702992968 0.01744912192 0.01396516804 0.01225673873 0.01076463889 0.007603135891 0.007154155988 0.006753055844 0.006685459055 0.006594564766 0.006272021681 0.004936158191 0.004853002727 0.004738085903
574,frag@125.04 loss@183.08 loss@330.09 frag@314.13 frag@113.04 frag@157.06 frag@151.06 frag@123.03 loss@193.1 loss@180.1 frag@121.09 loss@181.06 frag@112.06 frag@111.03 frag@231.05 loss@211.04 frag@125.99 frag@97.04 loss@209.09 loss@228.06,0.2460717559 0.1541333944 0.0204190556 0.01076921634 0.009327906184 0.007292701397 0.005313895177 0.003799542785 0.003262618091 0.003169417381 0.002893187338 0.002800622955 0.002634536941 0.002605270594 0.002571691293 0.002316069324 0.002244667616 0.002235078486 0.002126554027 0.002123855287
575,frag@62.02 frag@90.95 frag@61.01 frag@46.99 frag@62.99 frag@134.96 frag@150.95 frag@55.93 frag@45.99 frag@72.94 frag@240.07 loss@243.99 loss@81.02 loss@186.01 frag@152.97 frag@116.97 loss@103.05 loss@114.03 frag@303.09 frag@64.0,0.09738152474 0.03401022404 0.03174436837 0.03069908544 0.02534579672 0.02061035112 0.01871316321 0.01668204926 0.01452825405 0.01074449811 0.01022852492 0.008587890305 0.008584402502 0.005686473101 0.005441848654 0.005324327387 0.005049122963 0.005007151049 0.003835060634 0.00374718965
576,frag@156.14 loss@224.1 loss@211.12 loss@253.1 frag@84.09 frag@99.05 frag@138.09 frag@164.07 frag@124.08 frag@84.08 frag@166.09 frag@110.1 frag@182.01 frag@56.05 frag@150.09 frag@236.15 frag@355.2 loss@185.11 loss@183.09 loss@282.08,0.1691683531 0.1135725453 0.1072594747 0.1064289361 0.01469061431 0.0124799218 0.0112559218 0.01029054075 0.01000432391 0.009389054962 0.006760290358 0.006714712363 0.00579367578 0.00568654621 0.005654275883 0.005617863964 0.005041358061 0.004845477641 0.00474678399 0.004672857933
577,frag@177.08 frag@216.09 loss@266.04 loss@273.05 loss@135.08 loss@176.07 frag@218.98 loss@226.05 loss@285.12 loss@134.07 frag@168.96 loss@215.11 loss@189.1 frag@138.06 loss@202.0 loss@163.07 frag@136.08 loss@313.15 loss@404.22 loss@214.1,0.2473476976 0.04521135613 0.01305294316 0.005785468034 0.003990123048 0.003824586049 0.003364579519 0.003165570553 0.002681677463 0.002370494651 0.002362170257 0.002289924538 0.002262296621 0.002175442409 0.002024635207 0.001994852209 0.001884079538 0.001854409929 0.001830065972 0.00180737942
578,frag@206.06 loss@254.07 loss@279.13 loss@216.03 frag@115.03 frag@93.03 frag@59.0 loss@194.06 frag@241.11 frag@181.04 frag@84.06 frag@53.0 frag@224.07 frag@65.04 loss@229.06 loss@249.06 frag@99.07 frag@353.09 frag@87.04 loss@247.1,0.1934703588 0.1913642138 0.0410592407 0.0370961614 0.01055039279 0.0094291633 0.00866900757 0.005654096603 0.005496629048 0.004959614016 0.004610384814 0.003575147362 0.003476528218 0.003346247133 0.00333997095 0.003203343134 0.00319778081 0.003183918074 0.002999290824 0.002917623147
579,frag@202.1 loss@218.13 frag@463.24 loss@161.11 frag@186.07 frag@204.11 frag@164.07 frag@176.11 loss@261.13 loss@215.12 loss@259.11 loss@146.08 loss@173.1 loss@158.12 frag@220.13 loss@278.15 loss@276.18 loss@216.11 loss@312.12 frag@222.05,0.2768235505 0.1506750286 0.01347119268 0.004663549829 0.004166138824 0.00315331202 0.002765916754 0.002723443322 0.002647213405 0.002555563347 0.002469880274 0.002253593178 0.002252903301 0.002236867091 0.002084162319 0.002080612583 0.001906953636 0.001883349032 0.001879916992 0.001815298107
580,loss@150.05 frag@204.06 frag@185.06 frag@69.0 loss@120.04 loss@124.04 loss@124.07 loss@40.01 loss@93.03 frag@253.05 frag@167.05 loss@200.94 loss@115.05 frag@284.07 frag@211.03 frag@68.01 loss@108.02 frag@79.02 frag@285.08 frag@118.04,0.1295670569 0.1095268279 0.1008796692 0.08141384274 0.07117796689 0.04523026571 0.03419842571 0.03075568564 0.01216926612 0.008116928861 0.006435702089 0.005128612276 0.003826933214 0.003676988883 0.003521805396 0.003327047219 0.003223879496 0.002999674529 0.002970858943 0.002875244478
581,frag@109.01 frag@152.02 frag@124.02 frag@134.01 loss@263.11 loss@354.16 frag@97.01 loss@249.06 loss@201.07 frag@175.03 frag@65.04 loss@181.06 loss@183.07 loss@146.03 loss@227.07 loss@215.02 loss@237.08 loss@222.08 frag@136.02 loss@247.98,0.1141709983 0.1008593738 0.09531968832 0.03255931288 0.01401461847 0.01219549682 0.006922944915 0.005779060069 0.005453616846 0.005379559007 0.005293003283 0.005018176511 0.004705242813 0.004637356382 0.004441161174 0.004320906475 0.004167282954 0.004031976219 0.003692834172 0.003583961865
582,loss@162.1 loss@169.04 loss@183.04 loss@233.04 frag@74.93 frag@134.01 frag@319.12 frag@164.11 frag@218.06 frag@312.09 frag@167.13 frag@174.02 frag@158.0 frag@314.13 frag@328.11 frag@239.15 frag@349.04 frag@147.09 frag@64.01 frag@216.14,0.1517172307 0.07375232875 0.03346917778 0.03070405126 0.008293719031 0.008089550771 0.006081408355 0.005630734377 0.005507789552 0.004958944395 0.004621693399 0.004259437323 0.003963852301 0.003866946092 0.003824563697 0.003615465481 0.003615265246 0.003505915403 0.003496454563 0.003273099894
583,frag@94.05 loss@246.94 loss@230.95 frag@258.08 frag@67.04 loss@388.12 loss@119.06 loss@224.98 loss@211.14 frag@93.04 loss@246.11 loss@259.07 loss@347.18 loss@292.95 loss@165.11 frag@154.02 loss@111.04 frag@129.09 loss@192.09 loss@281.05,0.2403305769 0.03118879348 0.02537478134 0.01417117007 0.009679379873 0.007075233385 0.007032509428 0.005837013945 0.004613415804 0.004254343919 0.003952671308 0.003842410864 0.00375888776 0.002985391999 0.002940034494 0.002911550691 0.002845865209 0.002828955883 0.002819401212 0.002201241907
584,frag@111.01 loss@230.99 loss@191.02 loss@367.15 loss@216.97 frag@224.06 frag@98.05 frag@319.04 loss@301.13 frag@139.01 frag@201.05 loss@206.18 loss@150.02 frag@156.02 frag@60.48 frag@144.0 loss@221.03 frag@172.92 frag@365.14 frag@124.02,0.07541815192 0.07283764333 0.06033709273 0.03669036925 0.03486040235 0.02323052473 0.01974114403 0.01767348498 0.01143737882 0.006583887152 0.005954294931 0.005864703562 0.004602108616 0.00440341467 0.004236934241 0.004198499024 0.003757003928 0.003720281413 0.0035713627 0.003515597899
585,loss@265.12 loss@320.13 loss@334.13 loss@290.1 frag@99.08 frag@190.12 loss@347.17 frag@195.05 frag@161.09 frag@189.05 frag@126.06 frag@268.13 loss@320.12 frag@87.04 frag@110.02 frag@218.15 frag@267.05 frag@173.09 frag@179.11 frag@185.07,0.1138058826 0.03141359612 0.0266250819 0.02523231693 0.02116253413 0.008097691461 0.007558982354 0.006978513673 0.004533591215 0.004336360842 0.004207239952 0.004203950986 0.004183066543 0.004106204491 0.004101173487 0.004074896686 0.003893200541 0.003849368542 0.003805761458 0.003670132486
586,frag@185.07 loss@150.07 frag@189.05 frag@213.07 loss@246.18 loss@203.09 frag@199.09 frag@203.08 frag@157.08 loss@175.07 frag@187.09 frag@130.07 frag@178.09 frag@148.04 loss@160.1 loss@288.09 loss@309.15 loss@121.09 loss@242.06 loss@197.02,0.1778278202 0.1750183553 0.1191218272 0.0436995253 0.03184741363 0.009305824526 0.00922038313 0.005846719258 0.005824969616 0.005474427249 0.004815959837 0.003986494616 0.003552322276 0.003542900085 0.003242586041 0.00287372293 0.002686745021 0.002595247934 0.002586999442 0.002444125246
587,frag@239.08 loss@286.09 loss@243.12 loss@303.09 loss@321.11 frag@170.98 frag@134.99 frag@167.05 frag@264.05 loss@255.11 frag@186.09 frag@269.14 frag@174.06 loss@211.98 frag@207.07 frag@218.15 frag@207.98 frag@249.13 frag@243.11 frag@274.18,0.1226216257 0.08350112289 0.04523021355 0.0201862026 0.01736587286 0.01715994254 0.007171108387 0.00587235624 0.005579115823 0.005163164344 0.004033365753 0.003938426729 0.003522582352 0.003478883067 0.003220405895 0.003057251684 0.002935241442 0.002826382406 0.002783427248 0.002528622514
588,frag@134.1 loss@182.02 loss@323.19 frag@119.07 loss@133.09 frag@148.11 loss@161.08 loss@269.14 loss@187.03 loss@269.08 frag@146.1 frag@120.08 frag@234.11 loss@186.05 loss@258.1 loss@275.05 loss@733.31 frag@297.15 loss@100.02 loss@303.08,0.3493379354 0.07350081205 0.01114189345 0.0098753497 0.009551444091 0.006206076592 0.005914066918 0.005778257735 0.005251531489 0.005206791218 0.004388747271 0.003903028322 0.003708284814 0.003690112149 0.003046026919 0.002958355006 0.002927552676 0.002641227096 0.002625057241 0.002623987151
589,loss@295.08 loss@231.0 loss@315.07 frag@191.06 loss@153.04 frag@155.98 frag@165.1 frag@114.04 frag@153.04 frag@46.13 frag@67.06 frag@175.07 loss@280.09 frag@188.02 frag@188.93 frag@208.17 frag@59.03 frag@165.14 loss@84.0 loss@247.0,0.08255635947 0.0519833453 0.01121405698 0.005076958332 0.004777170718 0.004762420896 0.004683058243 0.004126296379 0.003975292202 0.003822512692 0.003203333821 0.00318641332 0.003119078232 0.003079326823 0.002826590091 0.002580359578 0.002480131807 0.002346661873 0.002289626515 0.002285961062
590,frag@148.06 loss@115.04 loss@192.07 loss@145.03 loss@182.08 frag@107.07 loss@86.01 loss@202.08 loss@116.05 loss@196.01 loss@141.06 frag@124.06 loss@159.05 loss@100.99 loss@130.09 loss@151.01 loss@236.06 loss@100.04 loss@152.04 frag@136.06,0.2539720535 0.006846599746 0.005090661813 0.004718171898 0.004500522744 0.004472948611 0.003706616582 0.002884017769 0.002880327869 0.002666985616 0.002658682643 0.002626865171 0.002623359906 0.002532555955 0.002505623037 0.002474580891 0.002407519845 0.0023099354 0.002223287011 0.002198713133
591,frag@87.03 loss@261.18 frag@326.18 frag@114.04 loss@310.14 frag@447.13 loss@172.07 frag@88.02 loss@282.07 loss@287.15 loss@327.13 loss@199.13 frag@381.17 loss@63.03 frag@247.14 loss@371.12 loss@249.06 loss@208.01 frag@353.16 frag@84.99,0.2598286867 0.1499174982 0.0130484337 0.005978103261 0.004126438405 0.004002792295 0.003018625779 0.002598802093 0.002543947194 0.002453390509 0.002451601438 0.002109270776 0.001931352192 0.00175048958 0.001733794925 0.001609046478 0.001426359639 0.001354623004 0.001352975611 0.001332559274
592,frag@126.04 frag@99.03 frag@85.01 loss@180.08 loss@219.05 loss@153.02 loss@266.08 loss@200.06 loss@263.11 loss@247.07 loss@274.08 loss@282.07 loss@201.03 frag@168.05 frag@245.05 frag@109.01 loss@125.03 loss@237.06 loss@215.02 frag@124.02,0.2102466971 0.06065374985 0.0584525913 0.05674934387 0.03678865731 0.02734258212 0.02235039882 0.0192192588 0.01915461197 0.01630796865 0.00960903801 0.009576215409 0.009243292734 0.007922778837 0.007850813679 0.007357748691 0.00703860214 0.005954932887 0.005434535444 0.00537247397
593,frag@122.1 loss@230.14 loss@200.99 loss@184.11 loss@235.0 frag@108.08 loss@149.08 frag@106.07 frag@121.09 loss@258.14 loss@169.1 frag@329.08 loss@232.12 loss@260.12 loss@170.13 frag@348.15 frag@150.13 frag@207.98 loss@210.11 frag@122.08,0.3366726041 0.1652348638 0.01862517558 0.006027197465 0.0052627814 0.005156927276 0.004616589751 0.004421360791 0.004209061619 0.003212191863 0.003076637629 0.002953319345 0.00269251829 0.002605089685 0.002439492149 0.002374467906 0.002309709089 0.002162630204 0.002114570467 0.002050798852
594,frag@192.01 frag@319.12 frag@293.13 frag@144.07 frag@176.11 loss@198.04 loss@131.1 frag@304.13 frag@172.04 frag@149.05 frag@204.01 frag@145.05 loss@158.1 loss@227.13 frag@178.01 frag@67.06 frag@190.06 frag@321.09 frag@175.06 frag@182.03,0.02766333707 0.01768791862 0.01574311964 0.003187625902 0.002915151184 0.00285405945 0.002782694995 0.002229944104 0.002012147103 0.001956070773 0.001860865275 0.00174258207 0.001698868466 0.00164644781 0.001606855541 0.001527933055 0.001444067224 0.001408110489 0.001400351874 0.00137017935
595,loss@161.05 frag@256.96 loss@106.01 loss@145.08 frag@150.04 frag@234.97 frag@168.08 frag@108.02 frag@196.05 loss@147.04 frag@150.05 frag@190.04 frag@383.12 loss@120.02 frag@188.08 frag@176.06 frag@158.04 frag@162.05 frag@95.03 frag@104.05,0.2341744453 0.04886705801 0.01248333603 0.00974621065 0.009569192305 0.008623179048 0.007886664011 0.006883723196 0.006795115303 0.00566335069 0.005502532236 0.005013501272 0.004818418995 0.004713959526 0.004278220236 0.003998333123 0.00383591326 0.003806666937 0.003513039788 0.003384907264
596,frag@151.02 loss@245.13 loss@91.05 loss@312.12 frag@162.03 frag@270.07 frag@95.01 loss@119.05 loss@205.06 frag@349.12 frag@336.08 frag@71.0 frag@104.06 frag@254.12 frag@103.06 frag@159.08 frag@350.18 frag@209.02 frag@188.14 loss@95.02,0.2353581786 0.1872263849 0.03674014658 0.02687026002 0.005032997578 0.003881843528 0.003433173522 0.003185920184 0.003058303846 0.002872195793 0.002423209837 0.002306908136 0.002275869716 0.002251561498 0.002211490413 0.002042314969 0.001965708099 0.001963417977 0.001934292726 0.001867923653
597,loss@308.12 frag@169.05 frag@109.03 loss@216.09 frag@55.02 frag@158.1 frag@110.02 frag@228.11 loss@215.01 frag@176.98 frag@179.11 frag@171.99 frag@309.16 frag@208.11 frag@261.17 frag@184.06 frag@93.03 loss@292.09 frag@129.07 frag@170.1,0.1747656018 0.1396458149 0.02712199278 0.002892885823 0.002586882096 0.002438118914 0.002362859203 0.00222709123 0.002169091487 0.00203370722 0.001906474237 0.001857495168 0.001815619064 0.001721699955 0.001711573568 0.001645789249 0.001575306989 0.001556929899 0.001536379452 0.001522789127
598,loss@148.1 frag@143.0 frag@166.01 loss@142.1 frag@182.96 frag@343.13 frag@258.08 loss@345.11 loss@203.95 frag@172.96 loss@133.08 loss@173.98 frag@323.14 loss@363.12 frag@124.04 loss@144.98 loss@183.14 loss@183.0 frag@179.1 frag@205.06,0.1414374709 0.1110919788 0.1010428071 0.08994695544 0.07031337172 0.01917762868 0.0139030749 0.0101457322 0.007402013987 0.007220879197 0.00515469769 0.004413398914 0.003297654446 0.002572334837 0.002353109187 0.002113000723 0.002047671238 0.002023184905 0.002017329214 0.002003743779
599,frag@150.01 frag@178.01 loss@170.0 frag@123.0 loss@128.04 loss@183.04 loss@135.02 loss@108.03 loss@155.01 loss@95.0 loss@585.18 loss@123.02 loss@106.01 loss@203.96 frag@139.01 loss@298.18 loss@115.99 loss@300.05 loss@137.02 frag@107.02,0.1588260829 0.1101562977 0.070072487 0.06551314145 0.01025560685 0.005322395824 0.004915039986 0.003358466085 0.003076269524 0.002876796294 0.002783005359 0.002737346338 0.002635794925 0.002518343041 0.002416003263 0.00221594912 0.002052182797 0.001970899524 0.001939568552 0.001914930413
600,loss@105.08 frag@67.05 frag@95.09 loss@91.06 frag@43.02 loss@202.17 frag@83.09 loss@63.03 frag@85.06 frag@74.06 frag@69.07 frag@97.06 frag@41.04 frag@110.1 frag@55.05 loss@388.11 frag@109.1 loss@105.04 frag@81.07 frag@100.02,0.2771282792 0.1305362582 0.02176422067 0.02140361443 0.01937797479 0.01610562205 0.01211254951 0.01186120044 0.01018047519 0.009708233178 0.00961225573 0.008960253559 0.007127169985 0.005941558164 0.005751093384 0.005553801078 0.005344366189 0.004923378117 0.004684159532 0.004027594347
601,loss@113.08 frag@179.04 frag@211.09 frag@218.05 loss@103.1 frag@252.12 loss@141.08 loss@114.09 frag@214.1 loss@140.1 loss@115.1 frag@221.08 frag@242.04 frag@278.1 loss@86.07 loss@123.07 loss@100.09 frag@60.06 frag@271.14 frag@184.05,0.2534103692 0.1030529812 0.04455256835 0.03934357315 0.03456553444 0.01428433228 0.01254579425 0.01092738938 0.009633945301 0.008896945044 0.008272508159 0.007839225233 0.007726363838 0.007431647275 0.006131194998 0.005553173833 0.004696876742 0.004624596331 0.004205184523 0.004111267626
602,frag@169.08 loss@182.08 loss@142.02 frag@168.07 loss@135.03 loss@118.11 loss@144.1 frag@171.09 loss@194.02 loss@146.05 loss@168.06 loss@194.01 frag@144.07 frag@225.07 frag@201.07 frag@181.08 loss@32.04 loss@297.03 loss@202.1 loss@303.96,0.2481840849 0.1180846095 0.094318524 0.03719125688 0.03048650362 0.01754759438 0.01124553848 0.01092442218 0.009873921052 0.008781502955 0.008220933378 0.006884862203 0.00552366022 0.00544910226 0.005153134 0.004929348361 0.004860867281 0.004431814421 0.004206968937 0.003982322291
603,loss@153.12 loss@246.13 frag@67.05 frag@83.09 frag@181.1 loss@181.11 loss@305.19 frag@156.98 frag@81.07 frag@110.1 frag@97.06 frag@154.04 frag@57.03 frag@175.11 frag@79.05 frag@196.03 frag@95.09 frag@43.02 frag@135.0 frag@69.07,0.2388612628 0.02919654921 0.02587748505 0.01608689316 0.01317082904 0.009402972646 0.008355419151 0.007877429947 0.007341364399 0.00714029232 0.006216516253 0.005593637936 0.004909206182 0.004875387531 0.00450991001 0.004462368321 0.003826290369 0.003805874148 0.003711897181 0.003587157466
604,frag@191.07 frag@193.05 frag@232.07 frag@241.08 loss@553.2 loss@40.01 frag@133.03 frag@258.1 loss@136.09 loss@525.21 loss@266.19 loss@350.12 loss@349.1 loss@171.11 loss@2.0 loss@117.09 loss@166.03 frag@298.16 loss@111.05 loss@525.22,0.1358211637 0.1156813502 0.04065311328 0.01120380964 0.009979064576 0.006418119185 0.004763108213 0.00445071049 0.004309307318 0.004051719327 0.003725107992 0.003641285934 0.003530191025 0.003457044717 0.003236648859 0.003220640821 0.003177287057 0.002964290557 0.002959562698 0.002770723077
605,loss@97.03 frag@283.09 frag@97.05 frag@255.09 frag@195.98 frag@215.11 loss@233.96 frag@300.12 frag@320.16 frag@223.03 frag@177.08 loss@91.95 loss@157.12 frag@333.13 loss@255.98 loss@313.15 loss@389.14 frag@349.07 loss@183.99 loss@238.99,0.07352942973 0.07070318609 0.04787188768 0.04355622455 0.04229766876 0.0331700705 0.01716890931 0.01408644672 0.01003417559 0.008217346855 0.007875532843 0.007696060929 0.00704983715 0.005390535574 0.004589144606 0.003971058875 0.003808965674 0.003754083067 0.003547993954 0.00332079106
606,frag@56.96 loss@173.05 loss@208.06 loss@119.05 frag@74.93 loss@201.01 loss@189.05 loss@77.04 frag@150.04 loss@112.02 loss@90.02 loss@298.03 frag@272.04 loss@103.04 loss@115.03 loss@88.02 loss@59.01 loss@91.03 loss@62.0 loss@151.03,0.2786655724 0.002021196764 0.001940668444 0.001598748728 0.001243988401 0.001227253117 0.001129541779 0.001096842461 0.001091963379 0.001069454476 0.001062038005 0.00104452169 0.001000512624 0.0009502207395 0.0009494213737 0.0009419057751 0.0008827170241 0.0008700701874 0.0008671366959 0.0008586255135
607,frag@154.05 loss@176.06 frag@136.04 frag@202.06 loss@259.14 loss@225.09 loss@131.04 frag@203.04 loss@324.1 loss@159.08 loss@177.07 loss@304.08 loss@163.08 loss@211.97 frag@175.05 frag@149.07 loss@148.06 frag@417.15 loss@162.08 frag@297.17,0.1882558018 0.1557861716 0.1213243827 0.0578815937 0.05481950194 0.05395843834 0.03985561058 0.03702973202 0.0209996067 0.008229354396 0.005107305478 0.004167197272 0.003719650442 0.003450483782 0.003040556796 0.002956664423 0.00295590423 0.002921125852 0.002648857189 0.002485562116
608,frag@86.0 loss@92.06 frag@77.0 frag@78.49 frag@56.96 loss@81.06 loss@198.07 loss@114.04 loss@50.05 frag@161.02 loss@115.04 loss@83.06 frag@46.99 loss@77.04 frag@69.0 loss@89.04 frag@62.99 loss@113.02 loss@61.02 loss@97.02,0.1821519434 0.06918831915 0.06708388031 0.03792205825 0.0249042362 0.02345710993 0.0220134221 0.01231429446 0.008883620612 0.008684746921 0.006094402168 0.005889363587 0.004976614378 0.004481289536 0.004474105313 0.004459044896 0.00438049389 0.004365819506 0.004173982888 0.003934472334
609,frag@151.07 loss@273.07 frag@166.09 frag@108.06 loss@257.09 frag@138.06 loss@387.15 loss@287.11 frag@152.08 frag@136.05 loss@220.09 loss@265.09 frag@204.04 loss@214.04 frag@332.06 loss@248.13 loss@268.08 frag@162.07 loss@259.04 frag@298.07,0.2315184474 0.003537976183 0.003147027921 0.00285843201 0.002524369629 0.002118124627 0.002051596297 0.001937184599 0.001867493847 0.001852120971 0.00174080953 0.001673149643 0.001649221056 0.001635906054 0.001606156351 0.001601450029 0.001538052689 0.001521309139 0.001519282232 0.001512147253
610,loss@181.1 frag@192.14 loss@150.12 frag@223.12 loss@313.12 loss@257.16 loss@183.11 frag@191.09 loss@278.18 frag@228.12 loss@196.12 frag@113.03 frag@99.08 frag@43.04 frag@180.09 frag@160.03 frag@158.98 frag@245.16 frag@86.03 frag@182.98,0.1374125779 0.09332992882 0.04446276277 0.02083412744 0.01113721915 0.01103032287 0.009720982984 0.007652771659 0.006716105621 0.005341255106 0.004908636678 0.004680754617 0.004239826463 0.004183542915 0.004014263395 0.003442693036 0.003420558758 0.003396146232 0.003346787998 0.003312152345
611,loss@219.06 frag@129.02 loss@77.98 frag@156.03 frag@140.05 frag@111.03 frag@44.98 frag@54.03 frag@102.01 loss@189.05 loss@200.03 frag@255.09 frag@176.98 loss@105.04 frag@140.08 loss@328.18 frag@209.14 frag@96.07 frag@103.06 frag@55.02,0.2287208289 0.1093968898 0.01395745575 0.009899807163 0.007249570917 0.005643583369 0.005125053227 0.003091328777 0.002835040214 0.002476427006 0.002133394126 0.002025139984 0.00201565912 0.001968610566 0.001942786854 0.001922480529 0.001921653049 0.001911895233 0.001902629738 0.001821615617
612,loss@102.0 loss@162.06 loss@112.02 frag@291.15 loss@56.01 loss@186.03 loss@165.06 frag@209.02 frag@90.05 frag@135.05 frag@89.04 frag@228.03 frag@234.97 frag@336.08 loss@111.03 frag@216.09 frag@122.04 frag@118.04 frag@56.96 loss@184.98,0.09095187485 0.07167567313 0.04275935143 0.01789665967 0.01600752398 0.01376045495 0.01102756057 0.007956991903 0.007854733616 0.00600661058 0.005817435216 0.00529488083 0.005141541827 0.004936360288 0.004918263294 0.00481751468 0.004773580469 0.004641621839 0.00450031599 0.004111638293
613,frag@174.02 frag@292.11 loss@244.05 loss@188.97 loss@333.11 loss@177.04 loss@226.09 loss@246.0 frag@216.14 loss@288.96 frag@308.1 loss@309.1 loss@211.98 loss@203.02 loss@129.99 frag@164.03 loss@147.06 loss@149.01 loss@180.95 loss@18.01,0.2886189818 0.0290090777 0.002352880547 0.002350959228 0.00230162451 0.002174094319 0.0020665708 0.002058863407 0.001920821727 0.001870692824 0.0018467271 0.001832505688 0.001676582382 0.001646050601 0.001625632867 0.001522329985 0.001509859809 0.001362704206 0.001339366427 0.001330516767
614,frag@145.08 loss@177.08 frag@178.09 frag@119.07 loss@145.06 frag@146.08 frag@128.05 loss@234.07 loss@229.12 frag@118.06 loss@215.09 loss@189.05 loss@195.02 loss@287.1 loss@181.08 frag@105.06 frag@119.06 frag@146.06 frag@144.07 loss@203.11,0.1937016994 0.1395392269 0.04425956681 0.04409252852 0.03484620526 0.03000764735 0.02984642051 0.02485680953 0.02012648992 0.01859730482 0.01315010991 0.01028045826 0.009599929675 0.008556785062 0.007859691978 0.00640951423 0.0060287714 0.005735099316 0.005427045748 0.005413909443
615,frag@123.04 loss@197.09 loss@274.14 frag@113.04 loss@284.09 loss@224.02 frag@158.99 frag@81.03 frag@111.04 frag@93.03 loss@227.07 loss@189.06 loss@377.13 loss@239.1 loss@287.06 loss@278.1 loss@295.1 frag@107.05 loss@313.1 frag@95.05,0.2751901448 0.1089287549 0.05545467883 0.04489486292 0.02840151452 0.02796276286 0.02528673783 0.01182443649 0.007454812527 0.006637362298 0.006534061395 0.005719745532 0.005278752651 0.004842550028 0.003502728418 0.003406204516 0.00331415073 0.003082527313 0.002734087175 0.002709621796
616,frag@136.05 loss@342.09 frag@108.06 loss@193.11 loss@246.11 frag@120.06 loss@208.08 loss@159.13 loss@219.07 loss@226.13 frag@162.07 loss@220.13 loss@262.12 frag@155.94 frag@160.09 loss@193.09 frag@110.07 loss@232.12 loss@330.17 loss@221.12,0.336357832 0.01241303235 0.005923218094 0.004838766064 0.003919088282 0.003764574183 0.002867543837 0.002863006666 0.002457768656 0.002415412106 0.002380990889 0.002374249045 0.002337364247 0.00221489789 0.002132032067 0.002091673203 0.002083580242 0.001995622879 0.001921655145 0.001904949546
617,loss@207.13 loss@247.14 frag@96.02 frag@138.05 frag@110.07 frag@95.01 loss@219.15 loss@330.17 frag@156.02 frag@154.0 frag@98.07 frag@97.01 loss@233.14 frag@123.05 frag@136.05 frag@161.1 frag@108.06 frag@93.03 loss@342.09 frag@121.03,0.2055963278 0.04616589844 0.04345166683 0.01085156389 0.009933469817 0.009928681888 0.009801541455 0.009792563505 0.007795664947 0.00657758303 0.006178327836 0.005813477095 0.005701737944 0.005349883344 0.005327621475 0.004707828164 0.004424618091 0.00432461407 0.004077151418 0.003634950146
618,loss@154.11 frag@350.13 loss@169.12 frag@263.15 loss@189.97 frag@158.07 frag@112.09 frag@177.07 frag@190.1 frag@159.06 frag@139.02 frag@136.05 frag@222.12 frag@144.14 frag@291.18 frag@174.03 frag@114.0 loss@184.12 frag@202.07 loss@153.12,0.1186100841 0.02920077182 0.01295194123 0.006851062644 0.004900387023 0.003996959422 0.003538399003 0.003340797732 0.003080168273 0.002897149883 0.00269342307 0.002639175626 0.002634085249 0.002560921712 0.002473140834 0.002210341161 0.002153414302 0.002015061211 0.001975373132 0.001838117605
619,loss@102.07 frag@156.06 loss@103.06 loss@130.1 loss@94.08 frag@257.08 frag@64.0 frag@236.12 loss@146.09 loss@141.15 loss@120.08 loss@95.06 loss@75.0 loss@101.06 frag@65.0 frag@250.09 loss@93.08 frag@98.98 frag@211.1 frag@248.12,0.02328940108 0.02207972482 0.02009982243 0.01713727228 0.01710040681 0.0163859427 0.01620177738 0.01397711691 0.01075792126 0.009231271222 0.009097830392 0.009035660885 0.008444206789 0.007418482099 0.006432187743 0.006391250528 0.006200720556 0.006148035172 0.006129430141 0.006050733384
620,loss@167.11 frag@258.12 frag@167.05 loss@169.12 frag@203.12 frag@244.08 loss@139.11 frag@381.17 frag@150.13 frag@242.99 frag@249.08 frag@200.05 loss@196.12 frag@248.1 frag@189.07 frag@211.01 frag@171.04 frag@166.1 frag@181.1 frag@226.13,0.3300692141 0.03248109296 0.006277003326 0.003529274836 0.003255921882 0.003115665866 0.002895290265 0.002864067676 0.002811808605 0.002751486609 0.00271993666 0.002626908245 0.002587302122 0.00252179103 0.002521700691 0.002454881789 0.002314306563 0.002261700341 0.002221242525 0.002041075379
621,loss@128.99 frag@304.1 frag@218.07 loss@33.99 frag@58.99 frag@143.04 loss@132.09 loss@75.01 frag@275.05 frag@138.0 frag@156.01 loss@94.04 frag@98.01 loss@46.0 frag@175.03 loss@48.0 frag@110.01 frag@116.04 loss@84.02 frag@204.06,0.1500839442 0.1273586601 0.006850169972 0.005141026806 0.005005052313 0.004869863857 0.004414899275 0.003897416871 0.003564957064 0.003360781353 0.002873260994 0.002609489718 0.002575355815 0.00252332096 0.002421346027 0.00229212828 0.002290353645 0.002151022898 0.002132926602 0.00209750887
622,loss@204.13 frag@120.07 loss@207.04 frag@148.08 frag@188.11 frag@120.04 frag@149.07 frag@135.06 frag@110.99 frag@111.99 frag@148.09 frag@149.08 frag@225.14 frag@203.12 frag@135.1 frag@135.09 frag@166.1 frag@123.05 frag@334.14 frag@243.16,0.3188168705 0.115182288 0.06024318933 0.01353566721 0.01018314343 0.007402949966 0.007225153036 0.007176409476 0.007014722563 0.006825076416 0.006466074847 0.00596454693 0.005852183793 0.005803514272 0.005457374267 0.005373467691 0.00525580626 0.004946693312 0.004544231575 0.004335974343
623,loss@110.07 frag@297.09 frag@270.11 frag@83.09 frag@212.0 frag@260.18 frag@196.03 frag@189.07 frag@97.1 frag@142.12 frag@163.05 frag@219.08 frag@44.01 frag@194.12 frag@316.11 loss@181.11 frag@55.05 frag@196.07 frag@463.24 frag@100.02,0.3426694572 0.05119696632 0.02787803859 0.02283489145 0.02100132592 0.01783974841 0.01678651758 0.005074922927 0.003119916422 0.002738583833 0.002478624461 0.002450188156 0.002423117403 0.002311107703 0.002265656833 0.002262328053 0.002201820724 0.002105919644 0.002060956554 0.001844302868
624,loss@143.09 frag@194.97 frag@45.03 loss@281.03 frag@173.95 loss@171.09 frag@57.07 frag@83.09 frag@62.02 frag@155.12 frag@126.09 frag@198.99 frag@55.05 frag@150.13 frag@97.1 frag@112.08 frag@95.07 frag@208.04 frag@123.09 frag@73.04,0.3708809018 0.1065214798 0.01033302955 0.007904568687 0.007671308704 0.007650017273 0.006979894824 0.006451119669 0.005766264629 0.005639964249 0.005011231638 0.004636779893 0.004131688736 0.003894539317 0.003462156514 0.003443664638 0.003338254057 0.003189869924 0.00313809677 0.003114817664
625,frag@147.06 loss@269.12 loss@241.12 frag@119.06 frag@161.07 loss@243.14 frag@308.14 loss@325.09 loss@174.04 loss@146.05 frag@131.06 loss@218.09 loss@205.09 frag@273.11 frag@120.07 loss@215.11 loss@146.08 loss@78.14 loss@260.12 loss@194.01,0.321329236 0.09854324162 0.02991738357 0.008915241808 0.007826647721 0.007819897495 0.006402835716 0.006254910491 0.006080868654 0.005250656977 0.0035866939 0.003535357537 0.003492245451 0.003404782852 0.003399567446 0.003323608544 0.003223335603 0.00296649267 0.002965078456 0.002827916294
626,loss@190.1 loss@176.08 loss@219.08 frag@135.08 frag@104.06 frag@133.06 frag@236.15 loss@293.07 frag@118.04 frag@136.03 frag@161.06 frag@273.09 frag@146.07 frag@179.07 loss@215.12 frag@121.03 loss@232.11 frag@123.01 frag@337.15 frag@138.05,0.1272540241 0.09406840056 0.0676170513 0.03692097217 0.01153196301 0.01151675638 0.01062535401 0.009717898443 0.009536074474 0.009408731014 0.008545331657 0.007562023588 0.006953880657 0.006603188347 0.006578883156 0.005890135653 0.005755429156 0.005741347093 0.00544866221 0.005244440865
627,loss@170.08 loss@127.04 loss@198.05 frag@140.08 frag@83.03 frag@163.02 frag@54.03 frag@42.03 frag@132.96 frag@72.94 frag@97.04 frag@135.06 frag@119.03 frag@187.1 frag@169.17 frag@114.07 frag@139.03 frag@231.12 frag@95.02 frag@216.09,0.1066607833 0.09919546545 0.07408878207 0.02822404169 0.01244808547 0.0118597718 0.01095349062 0.007986963727 0.007513111457 0.007511198521 0.006969583686 0.005622498225 0.005025096703 0.004822248127 0.004806424025 0.004640596453 0.004406218883 0.004346582573 0.004163352307 0.004148812033
628,loss@189.0 loss@174.1 frag@218.15 loss@229.15 frag@157.1 frag@145.1 loss@312.12 frag@184.1 frag@161.09 loss@432.15 frag@133.1 loss@265.12 frag@320.16 loss@310.07 loss@172.09 frag@190.12 frag@240.12 frag@159.08 frag@151.07 loss@363.11,0.09194544703 0.07660936564 0.04190179706 0.03077021241 0.01880560629 0.01767293736 0.01721608639 0.01389760152 0.01259430964 0.01214268617 0.009763466194 0.009436611086 0.008805545047 0.008183456957 0.007939757779 0.007373622619 0.007319604047 0.006792937871 0.006775375456 0.006434788927
629,loss@230.05 frag@143.12 frag@231.06 frag@166.1 frag@180.01 frag@137.01 frag@248.1 frag@172.03 loss@142.11 loss@245.15 frag@71.03 frag@203.06 loss@291.16 frag@142.02 frag@218.1 frag@87.07 frag@181.08 frag@155.94 frag@346.13 frag@114.0,0.2403173 0.1025474593 0.06630879641 0.003361548996 0.003298925236 0.002543545095 0.00216021738 0.001883044024 0.001876802184 0.00186259381 0.001807393157 0.001802963438 0.001707219053 0.001685950789 0.001668799436 0.001601231867 0.001549449982 0.001501459046 0.001454186859 0.001380523201
630,frag@158.07 frag@186.07 loss@124.05 loss@397.08 loss@425.08 frag@295.14 frag@186.1 frag@173.09 frag@204.08 loss@262.99 loss@197.05 loss@157.06 loss@149.09 loss@110.07 frag@391.17 loss@138.07 loss@350.13 loss@188.94 loss@161.05 loss@196.04,0.1615221351 0.1492330581 0.1458133012 0.01375250053 0.01107880846 0.004896762315 0.003966858145 0.003694560612 0.003618928138 0.003519679885 0.003291037166 0.002990837442 0.002977000317 0.002811265644 0.002802352421 0.002699549776 0.002651215065 0.002649649279 0.002341643674 0.002281328896
631,loss@242.07 frag@171.01 frag@347.19 loss@336.14 frag@211.05 frag@55.02 loss@215.06 frag@149.04 frag@59.0 frag@141.02 frag@110.05 loss@158.05 frag@247.14 loss@296.14 frag@109.01 frag@136.1 loss@84.0 frag@86.99 frag@109.03 frag@101.02,0.09290271252 0.07793071121 0.06406136602 0.007134199608 0.006124177016 0.005156110507 0.00514991628 0.003699712688 0.003696709638 0.003434158163 0.003274819115 0.003030054271 0.002984886291 0.002770938678 0.002638034523 0.002562811365 0.002446051454 0.002225859789 0.002191819251 0.002163140802
632,loss@284.13 loss@273.15 loss@268.14 loss@279.09 loss@298.14 frag@99.08 frag@146.12 frag@161.1 loss@264.12 frag@130.02 loss@269.11 loss@301.11 loss@299.16 loss@326.17 frag@249.13 loss@293.17 frag@110.02 frag@156.14 loss@287.15 frag@214.09,0.03634405881 0.026720291 0.01898945495 0.01893932 0.01477217115 0.01439568587 0.01431136485 0.01334177703 0.01313928049 0.0127242459 0.01196090691 0.01190953795 0.01173844747 0.01168778911 0.01098315883 0.009989127517 0.007700360846 0.007650563493 0.007381842937 0.007339111529
633,loss@179.0 loss@166.03 frag@173.95 loss@310.05 frag@93.03 frag@178.06 frag@132.06 frag@172.95 frag@144.06 frag@150.07 loss@209.18 frag@155.94 frag@149.04 loss@364.08 loss@286.04 frag@167.03 frag@163.04 frag@45.03 frag@162.03 frag@105.04,0.03630085289 0.03316923231 0.01191927213 0.008832901716 0.004839098081 0.003964504227 0.003345356323 0.002984730061 0.002939495724 0.002841665875 0.00272597 0.002690928057 0.002613384044 0.002539302921 0.002491670661 0.002442482393 0.002433408285 0.002386385808 0.002264582086 0.002208275022
634,loss@227.13 frag@129.03 loss@193.99 frag@133.03 frag@160.04 frag@302.09 frag@239.07 loss@258.17 frag@115.06 frag@64.01 frag@241.11 frag@109.01 frag@103.06 frag@43.02 frag@97.06 frag@147.03 frag@202.1 loss@184.15 frag@187.06 loss@205.05,0.2320681959 0.2127539217 0.01109803002 0.003061578143 0.002882472007 0.00224009715 0.002059858525 0.001920881332 0.00173100864 0.001691051992 0.001514635165 0.001510164002 0.001480689156 0.001447483548 0.001364163239 0.001351331593 0.001302530756 0.001286904211 0.001257230178 0.001206224784
635,frag@119.05 loss@206.11 frag@109.06 loss@219.1 loss@246.14 frag@91.05 frag@91.06 frag@119.06 loss@179.07 loss@223.1 loss@196.1 loss@218.07 loss@231.13 loss@196.09 loss@213.03 loss@189.12 loss@218.09 loss@226.11 loss@211.05 loss@235.1,0.3059014678 0.04176028818 0.04165144265 0.02966216952 0.02649351768 0.0232464578 0.02261938341 0.02173992433 0.02109252103 0.02059420943 0.01894714311 0.01667766832 0.01541640889 0.0152422674 0.0144651765 0.01444576588 0.01289903559 0.01281844359 0.01269166917 0.01251412649
636,loss@68.04 loss@159.1 frag@277.11 loss@62.96 loss@107.08 frag@76.04 loss@309.12 frag@259.06 loss@323.16 frag@187.04 frag@215.05 frag@335.17 frag@337.07 frag@308.0 frag@227.05 frag@191.07 frag@230.05 frag@287.05 frag@307.07 frag@219.08,0.08515617251 0.06354910135 0.0561741814 0.05360748991 0.03373519704 0.0307987649 0.02714991011 0.02658931725 0.02197891101 0.02165096253 0.02033832483 0.02026440389 0.016138684 0.0112647796 0.009956203401 0.008435582742 0.008080338128 0.007337538525 0.006425903644 0.006271196064
637,frag@124.04 frag@82.03 frag@107.04 loss@152.06 frag@108.04 loss@259.09 frag@179.08 frag@99.05 loss@263.11 loss@86.01 loss@208.04 frag@96.04 loss@240.06 frag@140.05 loss@206.14 loss@221.07 loss@224.09 loss@222.06 frag@84.04 frag@93.03,0.2658196092 0.01240745094 0.008086284623 0.004175726324 0.003936370835 0.003601268632 0.003248551395 0.003124097129 0.00306511228 0.003013100242 0.002871221397 0.002775845584 0.002774764318 0.002725313418 0.002699908568 0.002486761194 0.002385598375 0.002352696611 0.002334367717 0.002155051334
638,loss@242.09 frag@90.04 loss@225.18 frag@247.04 loss@340.16 loss@312.09 frag@73.05 frag@156.04 loss@283.17 frag@348.17 loss@371.13 loss@247.16 frag@212.04 frag@219.02 frag@220.05 loss@174.16 frag@349.07 loss@374.13 frag@171.02 frag@221.09,0.1113223583 0.1093263924 0.03091168776 0.02060192265 0.01585263014 0.01516778767 0.01016953029 0.00429510558 0.00422084704 0.004073633347 0.004067479167 0.003822573461 0.003691189224 0.003486043308 0.00320319063 0.003189278999 0.003110718913 0.003068007994 0.002945889952 0.002926200163
639,loss@100.02 loss@114.03 loss@129.04 loss@115.04 frag@56.96 frag@53.0 loss@101.02 frag@68.01 frag@55.02 frag@62.99 frag@43.02 frag@57.03 frag@228.03 loss@113.02 frag@72.94 loss@64.02 loss@102.03 frag@58.99 frag@51.02 frag@41.04,0.1444530487 0.09584446996 0.02881460823 0.02358423546 0.01965664886 0.01697357371 0.01227301173 0.01161153335 0.009900399484 0.009116582572 0.008278706111 0.007527248934 0.00724194292 0.006764972582 0.006590283941 0.006413679104 0.006384815555 0.005945705343 0.005660337396 0.005537767429
640,frag@161.1 loss@274.18 loss@288.17 frag@146.07 loss@320.16 loss@473.29 frag@135.08 loss@177.11 frag@161.09 frag@151.08 loss@206.12 loss@293.14 loss@174.16 loss@278.16 loss@189.1 frag@139.07 loss@324.18 frag@150.09 loss@210.13 loss@193.11,0.3209948242 0.08566423506 0.05062226579 0.02679668926 0.01413379796 0.009117896669 0.008228897117 0.004360449035 0.004118132871 0.003696950618 0.003672364866 0.003559994278 0.003058393253 0.002873171121 0.002866177587 0.002851049881 0.002672242699 0.002628084971 0.002367440611 0.002340284409
641,frag@79.02 frag@61.01 frag@64.0 frag@46.99 frag@62.02 frag@81.02 loss@392.11 loss@93.03 loss@148.0 loss@298.03 loss@78.09 loss@79.1 frag@342.1 loss@94.01 loss@95.07 loss@78.04 frag@62.99 frag@77.0 loss@81.02 loss@94.08,0.1469365805 0.09993007034 0.04902243987 0.01852524653 0.01282084081 0.01269088965 0.01211370155 0.005870131776 0.005014374387 0.004545667674 0.004514805507 0.004327812698 0.004187178798 0.004181906115 0.004091787618 0.003852511989 0.003660396906 0.003529748414 0.003333269851 0.003236206714
642,frag@189.06 loss@214.05 loss@331.1 frag@169.06 loss@186.05 frag@144.1 frag@98.03 loss@127.03 frag@155.12 loss@185.02 loss@128.04 loss@312.06 frag@155.08 frag@233.13 loss@145.1 frag@153.08 loss@260.06 frag@259.03 frag@314.13 loss@233.05,0.2847052813 0.005190568976 0.002723391866 0.002457900206 0.002374249045 0.00194292434 0.001921988791 0.001797428471 0.001633082051 0.001617031288 0.001571525005 0.001476108795 0.001337773399 0.001283483696 0.001252335613 0.001249245252 0.001238431199 0.001221562736 0.001214641146 0.001205360168
643,frag@71.05 frag@97.03 frag@85.03 loss@833.44 frag@69.03 frag@99.04 frag@73.03 loss@805.41 frag@61.03 loss@445.16 frag@83.05 loss@720.36 frag@57.03 frag@111.04 loss@161.14 loss@744.25 loss@772.46 frag@127.04 loss@370.03 loss@434.14,0.06287326664 0.05761393532 0.04536601156 0.03597019613 0.02770305984 0.01923979633 0.01878226362 0.01818547025 0.01725879684 0.01621059515 0.01620300114 0.01462940499 0.01255832985 0.01166878082 0.01016159542 0.008730902337 0.008495862596 0.007859117351 0.0075327917 0.007219269406
644,loss@60.02 loss@74.04 loss@61.03 frag@204.01 loss@72.02 loss@103.04 loss@59.01 loss@90.03 loss@89.02 frag@78.01 loss@73.03 frag@342.1 loss@87.01 frag@235.11 loss@76.02 loss@62.04 frag@270.05 loss@86.04 frag@220.04 loss@88.02,0.06654366851 0.04562136158 0.03400945663 0.01712445542 0.01693529077 0.01601307653 0.01448765025 0.01314579416 0.01284725033 0.01256965753 0.01154662855 0.01148470677 0.01136427745 0.01127478015 0.01056719385 0.01004093979 0.009357243776 0.008988596499 0.008939715102 0.00885144528
645,frag@256.05 frag@272.04 frag@144.06 frag@306.11 frag@56.96 frag@233.14 loss@182.05 frag@72.98 frag@61.01 frag@279.12 frag@221.07 loss@154.05 frag@285.12 frag@237.0 frag@226.02 loss@28.03 frag@263.08 frag@385.13 loss@239.02 loss@139.1,0.008297191001 0.00647303788 0.002399811987 0.002382471925 0.002376834396 0.002150849905 0.001738599269 0.001671345904 0.001644047443 0.001640567207 0.001587165752 0.001504513901 0.001478143502 0.001439874293 0.001417199732 0.001402177964 0.001398743014 0.001397229498 0.001377063571 0.001352174091
646,frag@231.11 loss@204.16 loss@153.13 frag@275.12 frag@288.13 frag@258.12 loss@211.0 loss@160.12 loss@145.05 frag@349.07 loss@167.11 frag@211.01 frag@211.98 frag@51.03 frag@222.08 loss@246.18 loss@261.18 frag@277.15 loss@144.03 loss@203.14,0.2141765654 0.1036859602 0.07247985899 0.04518290982 0.02480440773 0.004078059923 0.00378824817 0.003527676221 0.003280794946 0.003163454589 0.003158571897 0.003115433268 0.002985400148 0.00280389539 0.002749423264 0.002653275849 0.002581800567 0.002283075359 0.002171298955 0.002150929999
647,loss@167.04 loss@137.03 frag@167.02 loss@169.02 loss@84.0 loss@115.01 loss@144.0 loss@197.98 loss@153.04 loss@245.07 frag@198.16 frag@109.01 frag@347.19 loss@309.09 frag@184.04 frag@124.02 frag@144.1 frag@160.02 frag@150.0 loss@210.14,0.09113894403 0.0710131377 0.06250943244 0.0323349759 0.02759781294 0.02253987081 0.01422705594 0.008417567238 0.006558750756 0.006436639 0.00611265609 0.005741212051 0.005408989731 0.005230341107 0.005001309793 0.004858395085 0.004807472229 0.004384859931 0.004223488737 0.004191628192
648,loss@186.09 loss@189.05 loss@200.04 frag@128.05 frag@145.08 frag@105.06 frag@231.12 frag@148.1 frag@80.06 frag@134.06 frag@106.07 frag@160.05 frag@135.0 frag@118.05 frag@121.09 frag@56.96 frag@142.01 frag@120.06 frag@145.09 frag@106.06,0.1628382206 0.1333874613 0.0430909209 0.02184431255 0.01705008931 0.009272581898 0.007809719071 0.006424659863 0.006147659849 0.006139123812 0.005978276022 0.005909616128 0.005705648102 0.005640390795 0.005324963015 0.005256723147 0.005185936112 0.004860649817 0.004694153089 0.004609650467
649,loss@221.11 loss@288.11 loss@213.1 frag@150.09 loss@271.09 frag@105.07 frag@135.08 frag@79.05 frag@58.03 frag@118.08 frag@141.08 frag@149.1 frag@166.09 frag@148.08 frag@131.09 frag@165.09 frag@93.07 loss@253.0 frag@131.03 frag@72.94,0.1349887997 0.05878727138 0.03279989958 0.02153910883 0.01670792326 0.01567362249 0.01528982259 0.01345118321 0.01132155024 0.009760191664 0.008652874269 0.007713878062 0.007021632977 0.006937066093 0.006825255696 0.00632587634 0.006320810411 0.006286035758 0.006252905354 0.005484800786
650,loss@196.04 frag@163.02 frag@144.07 frag@128.03 frag@147.03 frag@134.02 frag@84.99 frag@161.06 frag@217.1 frag@110.99 frag@147.09 frag@222.95 frag@212.12 frag@159.09 frag@169.08 frag@160.13 frag@212.08 frag@158.07 frag@146.08 frag@206.08,0.247029379 0.007454410195 0.006926700007 0.004574759863 0.003791426308 0.003599425545 0.003263713792 0.003093929263 0.002671311144 0.002567762742 0.002418329474 0.002334619174 0.002312731463 0.002181835473 0.002134779934 0.002108636545 0.001992252655 0.001946294564 0.001934132189 0.001873158501
651,frag@138.1 loss@197.13 frag@169.13 loss@182.12 loss@285.16 loss@262.14 frag@98.07 loss@234.22 loss@264.07 frag@337.17 frag@321.23 frag@206.09 frag@110.07 loss@154.12 frag@149.0 frag@152.12 loss@338.09 frag@123.05 frag@166.12 loss@208.17,0.0363644138 0.02256241813 0.01098686177 0.01015974302 0.009835325181 0.008152247407 0.007454444189 0.006929809228 0.006761912256 0.006162395701 0.006100158673 0.006016622297 0.00594285503 0.005768500734 0.005717404187 0.005293552298 0.004868513905 0.004776653368 0.004740751348 0.00464541791
652,loss@164.08 frag@192.1 frag@165.09 frag@148.08 frag@127.01 frag@190.09 frag@319.16 frag@177.08 frag@178.09 frag@176.07 loss@331.15 frag@202.12 frag@314.13 frag@151.08 frag@163.08 frag@160.1 frag@150.07 frag@146.1 frag@136.03 frag@135.08,0.3026333451 0.1676760614 0.02801206335 0.01488609239 0.01276737358 0.01202329341 0.008930164389 0.008440034464 0.0083023794 0.004629105795 0.004472871777 0.00393055426 0.003789872862 0.003761447035 0.00338280946 0.003348028054 0.003133073216 0.002995630959 0.002909144387 0.002653005067
653,frag@169.0 loss@237.13 loss@263.17 loss@374.15 loss@199.14 loss@276.12 frag@157.06 frag@136.05 loss@181.09 frag@125.99 frag@245.08 loss@421.16 loss@382.09 loss@230.16 loss@324.18 loss@339.15 loss@196.11 loss@225.97 frag@463.24 loss@202.12,0.2680453658 0.1077463552 0.04248062894 0.01766866446 0.0140636405 0.005451707635 0.005217093974 0.004581201822 0.003571226262 0.003404133953 0.003035885049 0.002723517828 0.002445263788 0.00243214448 0.002149405889 0.002145439154 0.002105058404 0.002081715502 0.001905931043 0.001814524061
654,frag@183.06 loss@199.08 loss@212.08 loss@269.06 frag@311.14 loss@204.03 frag@313.13 frag@59.03 frag@241.17 frag@242.11 frag@218.0 frag@87.07 frag@256.1 frag@155.07 frag@127.06 frag@204.11 frag@171.06 frag@170.05 frag@107.02 loss@188.13,0.1327110529 0.1286189258 0.06453509629 0.03586517647 0.03130107373 0.02587954327 0.02212616801 0.01332643349 0.01238340978 0.01112746075 0.008953580633 0.006513436791 0.006204566918 0.00594781572 0.00574716134 0.004616892897 0.004610646982 0.004486689344 0.004195384216 0.004032474011
655,loss@56.06 loss@84.06 loss@98.07 frag@365.1 loss@74.07 frag@229.05 loss@86.07 frag@219.07 frag@130.05 frag@205.05 loss@100.09 frag@379.12 frag@215.14 frag@261.11 loss@116.08 frag@283.06 loss@73.09 loss@128.12 frag@341.1 frag@485.33,0.07640849054 0.04032208398 0.0394830592 0.03617264703 0.0338409692 0.03020851128 0.02721629292 0.02521806769 0.02424945682 0.02223388851 0.01823267341 0.01764984988 0.01675990596 0.0150102498 0.01373252552 0.01296704449 0.01291748974 0.01210695412 0.01149650384 0.00955623854
656,frag@139.04 frag@179.07 loss@320.05 loss@283.02 frag@107.01 frag@151.04 frag@153.02 loss@462.15 loss@169.06 frag@207.07 frag@153.05 loss@168.04 frag@123.04 frag@191.07 loss@404.13 frag@167.03 loss@355.15 frag@165.05 frag@107.05 loss@54.02,0.1066191196 0.07720109075 0.05582547933 0.02021443658 0.01987202652 0.01789368875 0.01560599729 0.01152799278 0.0106757516 0.00770243397 0.006316632964 0.005619154777 0.005371117033 0.004910106771 0.00466284994 0.004149318207 0.003869852517 0.003812542884 0.003755631391 0.003106669756
657,frag@267.05 loss@209.04 frag@143.03 loss@308.05 loss@382.11 loss@228.04 loss@653.12 loss@464.1 frag@153.02 loss@501.11 loss@314.06 loss@418.14 frag@259.03 loss@273.07 frag@314.13 loss@262.99 frag@217.1 frag@135.1 frag@244.11 frag@99.03,0.06277168542 0.06110686064 0.04721070454 0.03080022894 0.02777176723 0.02722426318 0.01307765674 0.0110650491 0.01040003262 0.008301992901 0.007643472869 0.007571174297 0.006267382298 0.004642012995 0.003816519631 0.003560190322 0.003198107006 0.003188111354 0.002560291905 0.002515386092
658,frag@112.08 loss@168.16 loss@225.17 loss@277.18 frag@84.08 loss@396.14 loss@305.07 loss@264.16 loss@195.16 frag@318.13 loss@185.15 loss@255.16 loss@210.17 loss@283.1 loss@211.13 frag@129.1 loss@87.06 loss@276.07 frag@82.06 loss@263.12,0.2955731452 0.03954954445 0.02750278078 0.0225522574 0.01348022837 0.01199429668 0.00874862168 0.008721976541 0.008666342124 0.007019068114 0.005767697934 0.005357977003 0.005257758312 0.005218140315 0.004802591167 0.004151812755 0.004084944259 0.004048353061 0.003888274776 0.003695557127
659,frag@167.03 loss@166.03 loss@149.06 loss@120.06 loss@462.15 loss@168.04 frag@139.04 frag@93.03 loss@153.04 loss@310.05 loss@229.1 loss@185.04 loss@387.06 frag@227.03 frag@139.02 loss@194.01 loss@147.05 loss@147.08 loss@308.07 frag@153.05,0.2968527675 0.006099822 0.00455029076 0.003996469546 0.00395087013 0.003463235684 0.003428088035 0.002695534611 0.002445142018 0.0024288313 0.002320942702 0.002217981732 0.00196313276 0.001926831785 0.001869474654 0.001813411131 0.00180879957 0.00177929597 0.001716410392 0.001689299359
660,loss@248.12 loss@241.1 frag@184.11 loss@234.12 frag@112.99 loss@239.07 frag@217.06 frag@95.07 frag@126.08 frag@138.09 frag@83.07 frag@85.09 frag@166.09 frag@201.14 frag@297.17 frag@275.18 loss@269.02 frag@151.12 loss@288.1 frag@124.08,0.145801276 0.06623972207 0.04862710461 0.03355556726 0.0171151571 0.01272222307 0.01199856494 0.01182606444 0.01022127643 0.008433285169 0.007888660766 0.007078782655 0.005755267106 0.005428714678 0.004997023381 0.004762239754 0.004605891183 0.00455412874 0.00453578122 0.004353205673
661,frag@181.09 loss@214.99 loss@160.96 loss@192.04 frag@200.11 loss@196.13 loss@169.13 frag@194.08 frag@179.13 frag@366.16 frag@148.05 loss@254.04 loss@252.03 loss@227.0 loss@165.06 loss@116.11 frag@266.08 frag@184.02 frag@139.05 loss@197.98,0.2932872176 0.1406827569 0.002375755226 0.002158694202 0.002075174591 0.002046196721 0.001939539798 0.001912314794 0.001687628916 0.001575579634 0.001535139629 0.001452304656 0.001407820615 0.001398382243 0.001392480917 0.00133177836 0.001306996914 0.001302393852 0.0013000709 0.001255451236
662,frag@175.03 loss@141.05 frag@148.02 frag@178.05 loss@199.95 loss@185.03 frag@134.01 frag@116.01 loss@277.16 loss@178.05 loss@273.18 loss@108.06 frag@155.94 loss@188.94 loss@303.96 loss@143.07 loss@181.06 loss@180.01 loss@266.07 frag@152.02,0.1454823911 0.106522657 0.1055167764 0.06191202998 0.01303352974 0.00716380775 0.006229667459 0.004869291559 0.004279963206 0.003640271723 0.003456154373 0.00322366599 0.002881846856 0.002864426002 0.00284681702 0.002748762257 0.002717813477 0.002626433969 0.002577104839 0.002474208828
663,frag@108.04 frag@80.05 loss@212.06 frag@136.04 loss@221.04 loss@226.05 frag@124.04 loss@201.04 frag@53.04 frag@107.06 loss@200.06 frag@94.06 loss@153.04 frag@92.05 loss@213.11 loss@187.04 loss@194.11 frag@193.13 frag@126.05 frag@93.03,0.1661002636 0.1520230919 0.04698325321 0.01822963171 0.01222766377 0.0101582827 0.009283768013 0.008731011301 0.008098172955 0.007800669875 0.007671641186 0.006005025934 0.005731504411 0.005359731615 0.005357467104 0.005241518375 0.005220147315 0.004939890932 0.004819801543 0.004636081867
664,loss@163.11 loss@173.1 frag@159.05 loss@200.11 frag@268.09 frag@272.12 frag@130.04 frag@130.03 loss@191.11 loss@379.06 frag@135.05 loss@264.1 frag@207.13 frag@93.04 frag@224.04 frag@283.05 frag@412.32 frag@157.08 frag@148.04 frag@216.1,0.1676578224 0.1052403674 0.08535036445 0.0518700555 0.05006065965 0.03759592399 0.01934610866 0.01695390977 0.006537502166 0.004620846361 0.004534488544 0.003499920014 0.003210182535 0.003048131941 0.002773414832 0.00272082421 0.002579393797 0.002572886879 0.002572355792 0.002327410737
665,frag@176.09 frag@149.08 loss@175.09 frag@202.11 frag@162.08 loss@204.11 loss@191.08 loss@148.08 frag@256.1 loss@135.06 frag@148.09 frag@134.07 frag@216.12 loss@164.11 loss@177.1 loss@262.12 frag@59.06 loss@190.09 frag@243.16 loss@305.16,0.1075091437 0.07403405011 0.06706985086 0.05879593268 0.05395160988 0.0233966317 0.009314364754 0.007397749927 0.006218743511 0.005976266228 0.005147302523 0.004293730948 0.004243723117 0.003900589887 0.003667790908 0.003142778063 0.00309514394 0.002991902875 0.002825141186 0.002760053845
666,loss@159.11 frag@144.1 loss@329.09 loss@174.07 frag@141.14 frag@269.1 frag@233.13 frag@172.97 frag@87.04 frag@160.13 frag@294.1 frag@217.1 loss@230.0 loss@165.07 frag@311.14 loss@291.17 frag@189.06 loss@188.12 loss@299.14 frag@155.08,0.1905475259 0.1855504811 0.01696257293 0.005556256976 0.003871825757 0.003823649837 0.00330526568 0.003103002673 0.003082414391 0.002901129192 0.002663336694 0.00220220373 0.002120007295 0.001953911269 0.001952724415 0.001739567262 0.001682971604 0.001662569935 0.001607181388 0.001597742201
667,frag@171.03 loss@182.09 loss@198.02 loss@172.07 frag@155.11 loss@132.09 loss@176.11 loss@172.05 loss@286.17 frag@448.16 loss@219.08 frag@229.11 loss@156.07 frag@197.05 frag@220.16 loss@183.01 frag@300.17 frag@293.14 frag@329.19 loss@187.03,0.2950807512 0.0734790042 0.00809385255 0.003514691256 0.002967606066 0.002795452485 0.002113343449 0.002020713175 0.001829180983 0.001568539068 0.00146386819 0.001437769271 0.001389671001 0.001380765229 0.001302795601 0.001297465875 0.001134485821 0.001110154553 0.001109664445 0.001103642862
668,frag@83.99 frag@219.11 loss@211.98 frag@262.07 loss@337.13 loss@218.02 frag@196.05 loss@227.02 loss@171.0 loss@116.03 loss@317.06 loss@248.05 frag@116.01 loss@246.09 frag@76.02 loss@151.05 frag@127.99 loss@177.0 frag@137.01 frag@84.0,0.2454886734 0.0231241025 0.01882977597 0.01755630225 0.007065029349 0.00471096253 0.004113655537 0.003233780852 0.003218276659 0.002961638849 0.002772334963 0.00263608247 0.002517357701 0.002418404212 0.002374017611 0.002202652395 0.001877780422 0.001742877648 0.001669193734 0.001634413493
669,loss@159.07 loss@170.07 frag@238.05 frag@223.03 frag@185.05 loss@194.02 frag@156.04 frag@293.14 frag@143.12 frag@155.06 loss@157.05 loss@186.15 frag@204.1 frag@73.01 loss@299.11 frag@160.05 frag@141.06 frag@185.11 frag@285.1 loss@95.99,0.1526267081 0.1304805875 0.07652809471 0.06817886978 0.01899033412 0.01733492315 0.009765305556 0.005486709531 0.005429074168 0.0053775548 0.005091968924 0.004775722511 0.004744756967 0.004717072472 0.003768601688 0.003728603711 0.003435407765 0.00294370763 0.002474693116 0.00244533061
670,frag@208.08 frag@247.05 loss@64.03 loss@300.11 frag@224.04 frag@237.04 loss@238.07 loss@155.12 loss@160.96 loss@118.04 loss@276.06 frag@229.13 frag@117.04 loss@176.09 loss@116.11 loss@324.06 loss@287.07 loss@208.01 loss@46.07 loss@192.08,0.2063167095 0.06309460104 0.01702323556 0.005678325891 0.004020077176 0.003876629751 0.00379607291 0.003551601432 0.002718684496 0.002681280486 0.002147744875 0.002112719929 0.002067176858 0.002016255865 0.00201092218 0.001969764475 0.001814678544 0.001718498999 0.001667305361 0.001628943253
671,loss@220.08 frag@312.16 loss@228.12 frag@214.07 frag@349.07 frag@71.0 frag@169.98 frag@110.02 frag@143.06 frag@154.01 frag@160.05 frag@157.03 frag@84.99 frag@171.06 loss@77.98 loss@200.0 frag@85.09 frag@337.15 loss@200.13 frag@141.04,0.2137822956 0.03206001222 0.01337016374 0.01055159047 0.006632673088 0.006490539294 0.005293706898 0.005144435447 0.004595724866 0.004330649041 0.004002003465 0.003563409206 0.003477639519 0.003443473717 0.003435353516 0.003387454897 0.003313088324 0.00311224279 0.003076966386 0.003073861124
672,loss@189.1 loss@150.09 loss@243.04 frag@162.08 frag@231.02 frag@134.07 frag@146.07 frag@216.12 frag@148.09 frag@240.03 loss@215.12 frag@202.11 frag@188.09 frag@120.06 loss@267.15 loss@212.11 frag@147.07 frag@191.13 frag@108.06 frag@161.08,0.1506287754 0.1041300446 0.01441814937 0.01225306094 0.01047786511 0.01036318019 0.009939855896 0.008045742288 0.007293139584 0.006995629985 0.006712912582 0.006577133667 0.006330554374 0.006194699556 0.006104059052 0.005247019231 0.005230550654 0.00518294936 0.004731893539 0.004619639833
673,loss@266.12 loss@152.13 loss@252.13 loss@281.15 frag@156.14 frag@114.0 frag@84.04 frag@181.1 frag@175.11 frag@74.06 frag@100.09 frag@167.12 frag@85.06 frag@60.04 frag@59.03 frag@126.1 frag@100.04 frag@67.05 frag@381.17 frag@110.1,0.1264586151 0.0867202431 0.07174682617 0.03920775652 0.01413985901 0.008409905247 0.007316065487 0.006468968932 0.006014115643 0.005989154801 0.005655395798 0.004328755196 0.00411491422 0.00397773413 0.003834621981 0.003559083678 0.003248649416 0.003150437959 0.00272216904 0.002683401806
674,frag@171.06 frag@143.06 loss@159.08 loss@187.07 loss@160.06 loss@172.06 loss@155.05 frag@171.05 frag@144.07 loss@189.09 frag@145.08 loss@269.06 loss@177.09 loss@145.05 frag@268.09 frag@229.06 frag@168.06 frag@172.05 loss@229.12 loss@215.09,0.1529203206 0.1417967379 0.04608635977 0.04551869258 0.04004518315 0.03908915818 0.02870551497 0.01080187783 0.008880078793 0.008421628736 0.006921123713 0.006685912143 0.006366261281 0.005920058116 0.004730620421 0.004664050881 0.00405183062 0.003889530664 0.00387722021 0.00350448559
675,frag@124.06 loss@205.08 loss@291.06 loss@292.09 loss@292.08 frag@208.01 frag@84.04 loss@287.06 frag@109.03 frag@98.02 loss@339.12 loss@356.15 loss@208.04 loss@281.12 loss@247.1 loss@237.12 frag@75.0 loss@290.07 loss@268.08 frag@180.05,0.2811104655 0.04265714064 0.03083684854 0.02204783447 0.006423439365 0.00374892191 0.002736444352 0.002464290708 0.002455963055 0.002048103139 0.001943897922 0.001868655672 0.001739143627 0.001725005568 0.001658934983 0.001647304976 0.001618147129 0.001572672394 0.00155897229 0.001522316481
676,loss@209.15 frag@184.06 frag@141.01 loss@304.18 loss@359.17 loss@298.09 loss@305.12 frag@131.03 loss@287.16 loss@404.12 frag@56.01 loss@302.06 frag@141.03 frag@327.08 frag@189.04 frag@267.16 frag@167.08 loss@278.15 frag@209.14 loss@297.15,0.1297615319 0.127534613 0.06155314296 0.02682555281 0.0146108903 0.01362706348 0.01290039159 0.01144188549 0.009774576873 0.006062962115 0.003817571793 0.003664078889 0.0033037432 0.003156873165 0.00300595141 0.002917458303 0.002609838266 0.002397837117 0.002356059616 0.002121261554
677,loss@226.09 frag@139.03 frag@113.02 frag@141.05 frag@123.05 frag@198.15 frag@151.05 frag@201.14 frag@189.14 frag@217.1 loss@222.06 frag@70.03 frag@151.96 frag@110.05 frag@171.02 frag@114.05 frag@99.05 frag@127.09 frag@114.0 frag@166.1,0.2648648918 0.004868009128 0.00469843857 0.004661435261 0.00432335306 0.004313921556 0.003945793957 0.003934301902 0.003540665377 0.003343743272 0.003014608519 0.003000858473 0.00298935757 0.00294296816 0.002883447567 0.002782381605 0.002731179586 0.002719713142 0.002613884397 0.002476119203
678,loss@171.09 frag@58.03 frag@178.12 frag@55.02 loss@126.0 frag@129.1 frag@150.09 frag@112.08 frag@188.9 frag@87.04 frag@175.11 loss@310.1 loss@157.07 frag@150.13 frag@208.04 frag@155.12 frag@74.93 frag@41.04 frag@45.03 frag@43.02,0.323415041 0.1476213336 0.06693962961 0.01474913675 0.009630145505 0.009345011786 0.00891396217 0.005390658975 0.005295449402 0.005212729331 0.004910807591 0.004843639676 0.004661077168 0.004595017526 0.004114820156 0.004105007742 0.00406956207 0.003920251038 0.003759613028 0.0037494516
679,frag@161.08 frag@187.1 loss@160.07 loss@191.12 frag@134.07 loss@145.09 loss@176.07 loss@177.07 loss@135.08 loss@215.12 frag@202.11 frag@134.99 frag@212.08 loss@393.13 frag@148.09 frag@147.07 loss@148.08 loss@305.16 loss@147.1 loss@172.05,0.1968919784 0.1199459508 0.1165845618 0.06291802973 0.01233803481 0.008199604228 0.005159110297 0.005018987693 0.004884847905 0.004812382627 0.004550260026 0.004405742511 0.004069927149 0.003965405747 0.003951012623 0.003760732012 0.003754731035 0.003427432617 0.00342105981 0.003381440416
680,frag@200.04 loss@269.1 loss@229.03 loss@200.0 frag@150.06 frag@188.04 frag@95.01 frag@174.95 loss@221.01 frag@349.07 loss@144.0 frag@150.04 frag@59.0 loss@226.03 frag@55.02 loss@190.13 frag@140.01 frag@79.03 loss@111.06 loss@157.04,0.1443459243 0.1113036945 0.02186152339 0.02172781155 0.01318463031 0.007753495593 0.007220497355 0.006092394236 0.004909104202 0.003930292092 0.00361269922 0.003372752573 0.002906043082 0.002851827769 0.002800896298 0.002773351735 0.002672145842 0.00260961242 0.002486357931 0.002342126565
681,loss@35.98 frag@232.05 loss@108.02 frag@225.08 frag@219.03 loss@91.01 frag@181.01 loss@47.04 frag@288.09 frag@103.04 frag@167.99 frag@225.05 loss@288.96 frag@347.07 loss@76.03 loss@119.99 frag@275.13 frag@209.1 frag@326.14 loss@130.99,0.03930884972 0.03350521624 0.03309152275 0.0201577004 0.01721079461 0.01673512347 0.01254184078 0.01181883179 0.01023796294 0.009731492028 0.009525164962 0.008988426067 0.008692697622 0.008260404691 0.007985460572 0.007974342443 0.007810545154 0.007036220748 0.006704565138 0.006681920495
682,loss@155.07 loss@185.07 loss@183.06 loss@144.05 loss@117.07 frag@157.96 frag@152.05 frag@123.06 frag@172.97 frag@128.04 frag@93.04 frag@135.06 frag@98.99 frag@66.03 frag@173.04 frag@142.02 frag@166.97 frag@114.0 frag@81.04 frag@148.06,0.106410414 0.06109296158 0.05577333272 0.0535505712 0.02173569798 0.009503658861 0.007933129556 0.007348233368 0.006886890624 0.006757741794 0.006747562904 0.006658643484 0.005272388924 0.004880363122 0.004864808172 0.004307903815 0.004280819092 0.00393101899 0.003789406735 0.003758800216
683,frag@137.04 loss@153.06 loss@181.06 frag@137.01 loss@181.05 frag@109.01 frag@180.05 frag@128.02 frag@175.03 frag@123.03 frag@152.02 frag@154.06 loss@191.05 frag@125.01 loss@206.05 frag@293.1 loss@304.16 loss@195.07 loss@140.03 loss@248.05,0.1862876266 0.1537541896 0.1230284572 0.1052298248 0.07062922418 0.01254300587 0.01102284342 0.006002511363 0.005882136524 0.005854087882 0.005104838405 0.004632431082 0.003861440811 0.003737754421 0.003718835069 0.003646197263 0.003439199179 0.003300655168 0.00312808645 0.00308306911
684,frag@176.11 loss@291.13 loss@267.15 frag@277.08 loss@268.17 loss@299.15 loss@186.14 loss@351.13 loss@327.17 loss@260.03 frag@190.1 loss@206.12 frag@71.03 loss@293.14 loss@761.39 loss@247.13 loss@188.12 loss@215.12 loss@223.14 loss@378.12,0.2720346749 0.02916132659 0.02330552414 0.006785858888 0.005737437867 0.005197904073 0.002407532185 0.002256234875 0.002021268941 0.001977550099 0.001968116499 0.001731666736 0.001664373209 0.001644053613 0.001642599236 0.001630808343 0.001615072484 0.001539857476 0.00145762146 0.001411491656
685,frag@138.07 loss@286.04 loss@231.02 loss@277.07 frag@164.08 loss@186.05 frag@130.12 frag@93.03 loss@185.98 frag@358.09 loss@279.05 loss@309.13 frag@84.04 frag@353.09 loss@239.08 loss@280.11 frag@162.07 frag@124.06 frag@208.13 frag@149.04,0.2647975385 0.06919840723 0.05913905054 0.02012573928 0.008331648074 0.004192797001 0.003734966973 0.003081335919 0.002889328171 0.002665785374 0.002620876534 0.002505629091 0.00240631029 0.002284117276 0.001848183572 0.001830622437 0.001824140432 0.001785821049 0.001726092538 0.00167620345
686,loss@156.08 frag@134.02 frag@220.05 frag@121.01 frag@172.05 frag@51.03 frag@256.14 frag@116.03 loss@382.11 frag@163.03 loss@96.01 loss@157.05 loss@178.08 frag@163.02 loss@181.04 frag@306.1 loss@198.99 loss@206.07 frag@184.03 loss@157.06,0.1433874816 0.1379567981 0.09724652022 0.0575594306 0.005557430442 0.004235480912 0.003611206776 0.003226482775 0.003115903353 0.003102310468 0.003081787843 0.002930633957 0.002877047984 0.002719243057 0.00263573532 0.002627644921 0.002576560015 0.002431615023 0.00232216157 0.00217238511
687,loss@209.12 frag@139.06 loss@214.0 loss@267.07 frag@109.04 frag@208.07 frag@122.1 frag@138.05 frag@75.03 frag@99.06 frag@151.05 frag@157.96 frag@98.07 loss@251.09 frag@124.06 frag@109.08 frag@84.04 loss@330.17 frag@244.13 frag@97.04,0.2672944963 0.1974326819 0.02963654697 0.02615962178 0.0159134455 0.01164528448 0.0103929583 0.008165987208 0.007829567418 0.005820793565 0.005733034573 0.005583433434 0.004816609435 0.003407577053 0.003209615825 0.003167563817 0.003109191777 0.003103773808 0.003070430364 0.002870567609
688,loss@133.09 frag@172.96 loss@248.11 frag@281.15 frag@297.15 frag@295.17 loss@272.04 loss@133.08 loss@282.16 frag@182.94 loss@182.02 loss@323.19 loss@197.1 loss@144.13 frag@240.03 loss@171.08 frag@134.1 frag@158.98 frag@259.06 frag@184.08,0.1614778191 0.1571415663 0.06006731093 0.04560374096 0.04028797895 0.02333984338 0.01133859251 0.01053596847 0.007598209661 0.004772155546 0.004644718952 0.00419547176 0.004174635746 0.003863754217 0.003154343693 0.003124277573 0.002927030902 0.002839396708 0.002678848337 0.002494837623
689,frag@174.07 loss@106.08 loss@219.1 loss@194.01 loss@189.07 loss@161.07 loss@277.16 loss@282.07 loss@180.08 loss@176.09 frag@121.04 frag@316.11 loss@225.13 frag@160.09 frag@253.1 frag@146.07 loss@215.11 loss@165.08 frag@119.06 loss@187.07,0.3388628066 0.03226058558 0.006297204643 0.005233915988 0.005067951046 0.004486477468 0.004426628817 0.004041742533 0.00402937131 0.003578144824 0.003504449734 0.0032883198 0.002781005809 0.002622475848 0.002566142473 0.002554839011 0.002549271332 0.002538047032 0.002508717356 0.00248172041
690,frag@180.08 frag@207.09 frag@206.08 frag@205.08 loss@556.18 frag@208.1 loss@90.02 loss@104.04 loss@143.08 loss@92.07 loss@239.97 loss@134.06 loss@140.1 loss@169.06 frag@344.21 loss@96.07 loss@117.12 loss@136.08 loss@146.18 frag@167.07,0.165720582 0.07593864202 0.04532532021 0.01972827688 0.01910816878 0.018429121 0.01475212909 0.007058028132 0.007048523519 0.006795570254 0.005947151687 0.005611999426 0.005438027438 0.004672999494 0.004604809452 0.004428832792 0.004121173173 0.003851259593 0.003744074376 0.00363425957
691,frag@163.03 frag@136.02 frag@164.04 loss@191.05 frag@110.01 loss@137.05 loss@262.04 loss@164.04 frag@190.04 frag@175.03 frag@152.02 loss@84.0 loss@192.04 frag@109.01 frag@124.02 loss@54.02 frag@99.03 loss@169.06 loss@204.04 loss@206.05,0.1374806315 0.1211547554 0.04416495189 0.03710851446 0.006114393938 0.004966363776 0.004894480575 0.004894462414 0.004308085889 0.004083573353 0.004048878793 0.004038262647 0.003955940716 0.0038234815 0.003818572965 0.002849795157 0.00265964563 0.002498316346 0.00247670617 0.002447155071
692,loss@209.18 loss@246.95 frag@156.14 frag@83.09 frag@198.94 frag@338.14 frag@111.12 frag@173.95 frag@59.05 frag@180.01 frag@196.11 frag@191.11 frag@127.09 frag@55.05 loss@274.17 frag@155.12 frag@160.11 frag@93.03 loss@250.1 frag@212.12,0.1698174179 0.05088389665 0.008651566692 0.008103216998 0.0044339085 0.003771863878 0.003619307885 0.003183591878 0.003177985083 0.002947687171 0.00284368312 0.002487360965 0.002453378169 0.002432617359 0.002392625669 0.002380624181 0.00232925755 0.002242362592 0.002236509928 0.002235795138
693,frag@172.04 frag@190.05 frag@144.04 frag@116.05 loss@214.07 loss@257.02 loss@202.06 loss@206.07 loss@74.01 frag@162.05 loss@262.99 loss@197.03 loss@216.05 loss@70.01 loss@190.07 loss@111.14 loss@211.98 loss@216.08 loss@188.06 frag@187.09,0.1721017212 0.131158039 0.01478092559 0.008883216418 0.005598903634 0.004941781051 0.004820319358 0.004436032381 0.004045797512 0.003933525179 0.003080507275 0.002704077866 0.002644910244 0.002621851861 0.00257432647 0.002506858902 0.002497382229 0.002482569078 0.002374033909 0.002369472058
694,frag@175.11 loss@248.1 frag@208.13 frag@304.16 frag@123.05 loss@201.14 loss@257.09 loss@350.15 loss@177.1 frag@163.99 loss@264.18 loss@230.05 frag@208.02 frag@85.08 frag@43.04 loss@229.13 frag@243.16 frag@147.08 loss@172.09 loss@196.12,0.2887067199 0.1991328746 0.004892990924 0.004846387543 0.004778621718 0.004025739618 0.003718677675 0.003253274597 0.003050863044 0.002957825549 0.002853501122 0.00242587598 0.002393163741 0.002373698633 0.002290803241 0.002261416288 0.002258167602 0.002254095394 0.002216981957 0.002154964022
695,frag@237.03 loss@273.07 frag@216.13 loss@189.01 loss@163.03 frag@166.09 frag@203.05 frag@207.07 frag@201.08 frag@186.09 frag@150.09 frag@155.08 frag@163.06 frag@70.04 loss@285.07 loss@155.01 frag@166.05 loss@242.03 frag@231.15 frag@180.01,0.1104965359 0.08344325423 0.03573971242 0.03059118055 0.003264914034 0.003114484483 0.003060745541 0.003047378268 0.00274109235 0.002309407108 0.002117469907 0.002110537374 0.00208127941 0.001926893368 0.001865636208 0.001819084748 0.001802177983 0.001716371276 0.001575294184 0.001559304888
696,loss@168.08 frag@163.04 frag@123.04 frag@188.14 frag@165.05 frag@245.08 frag@152.05 frag@117.03 frag@149.04 frag@151.02 frag@122.04 frag@355.2 frag@205.03 frag@107.05 loss@136.05 frag@84.96 frag@90.05 frag@93.03 frag@125.06 frag@150.07,0.2867231667 0.006285062991 0.006139581557 0.005715805572 0.005510320421 0.005377076101 0.005035130307 0.004269223195 0.004115199205 0.00368377124 0.00367028988 0.003668568097 0.00345508242 0.003341967938 0.003335527144 0.003284573322 0.003231463488 0.003150635399 0.003146601142 0.003126733936
697,frag@190.06 frag@172.05 loss@146.18 loss@192.96 loss@325.02 frag@144.04 frag@116.05 loss@46.02 loss@293.06 loss@372.05 loss@197.02 loss@197.03 frag@144.06 loss@257.02 loss@275.14 frag@89.04 frag@139.03 loss@202.05 loss@188.07 loss@111.14,0.2750151455 0.04565526918 0.03771113977 0.03295375034 0.02066737786 0.007722135168 0.0057960134 0.00523561798 0.00334987673 0.003166905837 0.002921360312 0.002737814328 0.002596655628 0.002466742648 0.002398611512 0.002305592643 0.002138422802 0.002039047191 0.001974196872 0.001942161238
698,loss@238.09 frag@147.02 loss@260.07 frag@208.03 frag@46.06 loss@184.99 frag@191.01 loss@212.13 frag@319.17 frag@111.98 frag@234.13 frag@301.17 frag@222.04 frag@243.05 loss@312.07 frag@353.09 frag@140.03 loss@204.97 loss@58.02 loss@303.16,0.0130344145 0.006650411524 0.006090823561 0.0048401854 0.004676267039 0.00451424066 0.00445184065 0.004234555177 0.004207332153 0.00403548684 0.004034990445 0.003826368833 0.003809525166 0.003529341891 0.003390365979 0.003177318024 0.003176613711 0.003127054311 0.003096170723 0.003063707147
699,loss@255.1 loss@271.13 loss@241.01 loss@274.19 loss@328.18 loss@275.07 frag@243.06 frag@73.05 frag@95.01 frag@156.14 frag@160.1 frag@171.02 frag@324.12 frag@318.18 frag@249.13 frag@240.03 frag@58.03 frag@129.1 frag@183.05 frag@148.08,0.1368355006 0.06293643266 0.02898242883 0.02339162678 0.01550269034 0.01379173156 0.009216628969 0.008180737495 0.007986359298 0.007981820963 0.007540701889 0.006396842655 0.006067375652 0.005918694194 0.005770339631 0.005586392246 0.00548841618 0.004924177658 0.004372021649 0.004196228459
700,loss@172.07 loss@183.01 frag@57.03 frag@44.98 frag@58.99 frag@72.94 frag@55.02 loss@182.09 frag@332.06 frag@70.99 frag@46.34 frag@166.09 frag@98.01 frag@134.01 frag@88.02 loss@187.03 frag@114.04 frag@87.03 frag@73.01 frag@145.07,0.1669421047 0.1143705621 0.007632313762 0.007163430098 0.006456303876 0.005572602153 0.00454052398 0.004416464828 0.004232619423 0.00373476767 0.003531213384 0.003456510603 0.003363593481 0.003127469448 0.003052867949 0.003024176694 0.002984000836 0.002797638765 0.002719184849 0.002544590272
701,frag@178.04 frag@144.07 loss@198.04 frag@172.1 loss@184.02 frag@162.12 loss@174.08 frag@158.1 loss@175.09 loss@177.04 frag@171.09 frag@187.09 loss@197.03 loss@169.03 loss@209.04 loss@140.04 loss@244.1 frag@172.04 loss@185.03 loss@131.07,0.1345539838 0.09020957351 0.08557198197 0.05605141073 0.04066710547 0.01831111498 0.008888316341 0.008369594812 0.008155615069 0.007651539519 0.00758244982 0.006970922928 0.006632757839 0.004781370517 0.00454123877 0.00452128239 0.004404599313 0.004090684466 0.003868436208 0.003858981654
702,loss@287.13 frag@97.04 frag@243.16 loss@224.14 frag@148.08 frag@99.06 frag@166.09 frag@131.08 frag@111.06 frag@137.08 frag@108.06 frag@106.04 frag@208.13 loss@234.14 frag@146.07 frag@84.05 frag@138.09 frag@175.12 frag@139.05 frag@164.11,0.1991380751 0.02373188362 0.01260141376 0.01256532222 0.01235684473 0.009187215939 0.006652411073 0.006477259565 0.005377397873 0.005175591912 0.005055171438 0.004810534883 0.004735193681 0.004607734736 0.004492728971 0.004464626778 0.004276253283 0.004173240159 0.004094448872 0.004071292467
703,loss@195.11 loss@274.05 loss@302.12 loss@304.12 loss@250.07 frag@135.04 frag@146.12 loss@339.15 frag@263.09 frag@130.02 frag@125.06 frag@162.03 frag@219.12 loss@318.15 loss@199.11 frag@259.03 loss@222.03 frag@99.06 frag@127.0 loss@276.12,0.0864905864 0.04541718587 0.04348991066 0.04337993264 0.03010292538 0.02588731982 0.0134057356 0.01250663493 0.00835421402 0.007842756808 0.007774414029 0.007072189823 0.005991540849 0.005817043129 0.005571954884 0.005443417467 0.005363758188 0.005128630437 0.004642684478 0.004359752405
704,frag@176.03 loss@201.13 loss@32.98 frag@231.15 frag@178.04 frag@224.97 loss@146.05 frag@178.07 loss@129.01 frag@219.1 frag@164.03 frag@203.06 loss@173.1 loss@199.01 frag@268.09 loss@120.02 frag@172.09 frag@207.13 loss@175.07 loss@86.04,0.1694601178 0.1535899192 0.01655290462 0.01522311103 0.007567923982 0.004436291289 0.003368979087 0.003351602238 0.002199480077 0.002092878567 0.001998106251 0.001997601474 0.001981038135 0.001884903293 0.001842227415 0.001723010908 0.001701179193 0.001684630057 0.001516102813 0.001490214723
705,frag@156.98 loss@173.0 frag@240.11 frag@157.0 frag@304.12 loss@153.05 loss@257.06 loss@152.13 loss@111.06 loss@321.19 loss@153.06 loss@312.12 loss@222.12 loss@303.11 loss@174.96 loss@199.02 loss@273.03 loss@213.09 frag@180.12 frag@190.12,0.2297635823 0.138438344 0.04969763383 0.04666657373 0.03043523058 0.008971042931 0.007222904358 0.006777219009 0.005264578387 0.004281786736 0.003919345792 0.003585566301 0.002894044155 0.002567988122 0.002411183435 0.00239577028 0.00227316469 0.002152844099 0.002119953977 0.002050001174
706,frag@174.08 loss@163.03 loss@167.13 frag@114.07 loss@300.1 loss@251.16 loss@211.14 frag@237.03 frag@94.07 frag@114.05 frag@185.98 frag@239.21 frag@270.16 frag@122.02 loss@294.01 loss@230.01 loss@94.1 loss@155.06 frag@82.03 frag@181.02,0.1331094801 0.1014347449 0.08749777824 0.06254460663 0.03467179462 0.02922131307 0.02773806825 0.01268967986 0.008726843633 0.007958364673 0.0068916413 0.006805796176 0.006569800433 0.006043677218 0.005674677901 0.0053587812 0.005192135926 0.00414394401 0.003811981063 0.003519578837
707,loss@86.04 frag@200.07 loss@56.03 frag@250.1 loss@99.04 frag@267.06 frag@224.97 frag@263.08 frag@94.04 loss@43.05 frag@250.01 loss@72.02 loss@61.03 loss@60.06 frag@219.08 loss@36.02 frag@431.16 loss@74.04 frag@68.01 frag@223.03,0.1364979446 0.09000299871 0.07484065741 0.0570647195 0.02359367162 0.01848326437 0.01280904096 0.01103782002 0.01074680407 0.01007277798 0.007454578765 0.007095044479 0.007010773756 0.006869123783 0.00550245773 0.005290667526 0.004992858972 0.004849889316 0.004313367419 0.003941204865
708,frag@136.06 loss@118.06 loss@162.04 loss@212.01 loss@424.02 loss@268.04 loss@194.0 loss@568.11 loss@116.05 frag@157.06 frag@233.14 frag@213.97 loss@132.04 loss@190.01 frag@136.07 frag@137.05 loss@239.97 frag@126.07 frag@119.04 frag@148.06,0.2763646841 0.1110888496 0.1065023988 0.04217925295 0.01902468316 0.01738950424 0.01580467448 0.0146720726 0.01440562867 0.008365822025 0.00729522761 0.006388608832 0.005775766447 0.005177850369 0.005155326333 0.005032461137 0.004337877501 0.004300528672 0.004096216988 0.003705808194
709,frag@97.01 loss@260.14 loss@257.04 frag@119.08 loss@345.08 loss@312.02 loss@349.03 loss@394.21 loss@264.99 loss@124.0 frag@158.0 loss@227.07 loss@244.95 frag@97.02 loss@221.09 frag@227.04 frag@223.01 frag@189.14 frag@56.96 frag@99.04,0.2248836905 0.07813113928 0.06524907798 0.04407785833 0.029615473 0.02652840875 0.02306151763 0.01581949554 0.01464469172 0.01438641455 0.005413696636 0.005355840549 0.005348949227 0.004631000105 0.003946154378 0.003513556439 0.003031163476 0.002915005432 0.002908841707 0.002892775927
710,loss@251.11 loss@271.1 frag@178.02 frag@209.14 frag@70.03 frag@55.02 frag@137.03 frag@84.04 frag@241.11 loss@247.1 frag@115.03 frag@189.14 loss@169.11 frag@114.04 frag@155.98 frag@114.05 frag@174.97 frag@281.14 frag@59.0 frag@181.02,0.1425874531 0.1419029385 0.02698465623 0.008026945405 0.007651968393 0.007543634623 0.007175205741 0.006988364737 0.006057471037 0.005194596946 0.005190734752 0.003938995767 0.00370667805 0.003516721539 0.003269617911 0.003221826628 0.00308220135 0.003026501741 0.002953046933 0.002828820143
711,loss@154.11 frag@174.03 frag@112.09 frag@114.0 frag@127.12 loss@133.08 frag@84.08 loss@182.11 frag@139.02 frag@83.09 frag@95.07 frag@152.12 frag@70.07 frag@141.1 frag@239.21 frag@208.03 frag@157.01 frag@41.04 frag@153.1 frag@98.06,0.3009641767 0.01559207682 0.008239751682 0.007805775851 0.007289539091 0.006459460128 0.005990138743 0.004855451174 0.004698985722 0.00447293371 0.004363821819 0.003622138873 0.003621346084 0.003595251823 0.00354954903 0.003354488173 0.00333942729 0.003324292367 0.003143430687 0.00297204894
712,loss@170.14 loss@144.13 frag@216.07 frag@173.05 frag@198.04 frag@215.06 frag@167.07 loss@342.17 frag@170.1 frag@271.14 frag@240.03 frag@134.99 frag@234.98 frag@168.96 frag@281.15 frag@400.15 frag@180.08 frag@224.05 loss@298.04 frag@224.94,0.2616803646 0.09109822661 0.08472109586 0.05456838384 0.05013009533 0.0277322717 0.01117863785 0.008859237656 0.008242559619 0.008196990937 0.007348971907 0.005204814486 0.005064322148 0.004324153997 0.004211605992 0.003701919457 0.003604241414 0.003329858417 0.003041531891 0.003039206145
713,frag@217.08 loss@158.02 loss@196.04 loss@63.97 loss@170.01 loss@197.03 frag@216.08 frag@344.21 frag@143.12 loss@171.11 loss@289.05 frag@231.06 frag@134.02 loss@145.15 frag@142.02 frag@203.06 frag@234.03 frag@133.01 loss@130.99 loss@176.03,0.2618040442 0.1826156229 0.004253472667 0.00314026908 0.003046375699 0.002898510545 0.002664805157 0.002386641456 0.002191490727 0.002150594024 0.002141933888 0.00209695939 0.002087829169 0.00204282091 0.00202500727 0.00199989276 0.001944690244 0.001920082956 0.001910164836 0.001828105072
714,frag@208.0 frag@230.13 frag@233.15 frag@228.09 loss@319.19 loss@292.17 loss@294.15 frag@168.1 loss@268.11 frag@288.13 frag@105.0 frag@152.09 loss@267.04 loss@337.17 loss@296.05 frag@60.08 frag@210.15 loss@277.1 loss@235.19 frag@256.13,0.01324701868 0.01194658782 0.0113392286 0.009197507054 0.007643184159 0.007590715773 0.006612448487 0.00625982089 0.004879328422 0.004541521426 0.004397698212 0.003989543766 0.003960707225 0.003894790541 0.003892336506 0.003807038069 0.003726704977 0.003693060484 0.003589284839 0.003464760957
715,loss@181.12 frag@327.08 frag@84.09 frag@235.97 frag@108.08 frag@152.05 frag@150.07 frag@136.08 frag@261.17 frag@150.06 frag@224.01 frag@195.06 frag@69.04 frag@138.1 frag@138.05 frag@207.11 frag@214.08 frag@137.08 frag@234.13 frag@164.07,0.2831658423 0.01564875431 0.006813117769 0.006003497168 0.005982381292 0.005488574039 0.005483232439 0.005421804264 0.004369773902 0.00413847575 0.003877844196 0.003666656092 0.003528148169 0.003080355935 0.002930242103 0.00287412107 0.002862425754 0.002831859281 0.002768733772 0.002652009949
716,frag@151.05 loss@109.09 loss@171.13 frag@135.06 loss@176.07 loss@205.06 loss@181.09 loss@155.07 loss@192.05 loss@166.07 loss@202.01 loss@295.07 loss@183.16 loss@178.07 frag@124.04 loss@200.02 frag@93.04 frag@140.05 loss@300.05 frag@78.03,0.2975117862 0.09354061633 0.03285313398 0.01803068072 0.007814660668 0.006170329172 0.006003304385 0.004810114857 0.004573508631 0.004325034562 0.004322080407 0.004217892885 0.004190154839 0.003859588411 0.003632122185 0.003342389129 0.003318980569 0.00318599469 0.002903706161 0.002767838305
717,loss@205.08 frag@195.11 loss@129.0 frag@208.01 frag@122.08 frag@165.1 frag@84.04 loss@261.15 frag@238.03 frag@141.14 frag@55.02 frag@59.02 frag@124.06 loss@160.07 frag@217.1 frag@94.07 frag@138.05 frag@183.11 frag@126.05 loss@215.01,0.1820488423 0.08607300371 0.06021481007 0.02576841973 0.006188842934 0.006169746164 0.005433207378 0.005077515263 0.00462989416 0.004173918627 0.004081147257 0.00398430787 0.003653157037 0.003111253958 0.003094504122 0.003071544226 0.002997544594 0.002913949778 0.002844282426 0.002722753212
718,frag@98.1 loss@246.17 frag@140.11 frag@96.08 loss@294.14 loss@224.19 loss@213.12 loss@192.12 loss@271.14 loss@223.06 loss@468.23 frag@44.05 loss@427.17 loss@137.12 loss@204.15 frag@126.09 loss@345.1 loss@204.02 loss@247.06 loss@233.06,0.2877465785 0.038264364 0.02392137796 0.02316716313 0.02242910489 0.02093209885 0.02062369883 0.02029280737 0.01689874381 0.01676666178 0.01596185565 0.01560171228 0.01461864635 0.01399302017 0.01212644111 0.01166088413 0.01034659706 0.01034239493 0.01013381872 0.009988607839
719,loss@250.17 frag@154.08 frag@188.06 loss@180.95 frag@124.11 frag@59.06 frag@293.13 loss@201.02 loss@220.14 frag@162.04 loss@212.14 frag@166.02 loss@238.17 frag@149.05 frag@273.04 frag@74.02 frag@230.14 loss@256.15 loss@401.19 frag@264.03,0.199820295 0.1781792343 0.07248231024 0.04394474626 0.008672879077 0.008227911778 0.007428476121 0.004878739826 0.004815910012 0.004435949028 0.00412432896 0.004080018029 0.004018821754 0.00380293536 0.003765656613 0.003678230569 0.003341392614 0.003303452395 0.003255248768 0.003241363913
720,frag@208.02 loss@291.11 loss@329.12 frag@148.05 loss@125.1 loss@120.05 frag@229.12 frag@200.08 loss@135.09 frag@180.04 frag@268.14 frag@196.02 loss@257.09 frag@225.99 frag@128.09 frag@156.14 loss@199.14 loss@255.04 loss@307.11 loss@275.05,0.1262578219 0.05906352401 0.03019035608 0.004647732247 0.003949766513 0.003882452147 0.002919659251 0.002850445453 0.002489267616 0.002431191504 0.002378339646 0.002356546698 0.002274262952 0.002155605704 0.002070517279 0.002039343351 0.001911914907 0.001891186461 0.001839024248 0.001837183489
721,loss@147.1 loss@157.13 frag@264.07 frag@239.08 frag@148.11 frag@110.02 frag@208.96 frag@123.08 frag@171.08 frag@134.99 frag@288.04 frag@131.09 frag@141.08 frag@158.98 frag@229.13 frag@178.12 loss@135.1 frag@164.0 frag@146.03 frag@253.1,0.2417096198 0.04660272598 0.04541291296 0.006209985819 0.005409079604 0.004120477475 0.003291043453 0.003057460999 0.003057170892 0.002964312909 0.002934133867 0.002765082289 0.002757625654 0.002449463354 0.002425567713 0.002416591626 0.002412301488 0.002174452646 0.002140620258 0.002055041492
722,frag@190.02 loss@130.09 loss@133.02 frag@209.04 loss@152.04 loss@182.08 frag@155.03 frag@312.09 frag@98.01 frag@245.05 frag@183.02 frag@143.04 frag@188.12 frag@142.02 frag@140.02 loss@145.1 frag@114.07 frag@295.14 loss@134.06 frag@260.05,0.08156198263 0.0595468916 0.05187544599 0.03109114245 0.0220286455 0.005351171829 0.005090356339 0.005027174018 0.004990552552 0.004255148116 0.003910829313 0.003798747435 0.003339840099 0.003131159814 0.002866561757 0.002733494155 0.002715172479 0.002632071963 0.002434911439 0.002384037944
723,frag@116.05 frag@89.04 loss@213.07 frag@144.04 frag@142.05 loss@72.99 loss@112.02 loss@147.08 frag@134.06 loss@386.12 loss@90.04 frag@129.04 loss@79.01 loss@215.14 loss@166.03 loss@83.0 loss@82.02 loss@190.03 loss@151.06 frag@172.05,0.1851292253 0.07802892476 0.05685124174 0.05024994165 0.03594720736 0.01310176123 0.01028248854 0.008710965514 0.008340748958 0.00802694913 0.007358959876 0.00671287626 0.006645727903 0.005956050009 0.005923453253 0.005563245155 0.005006889813 0.004761569202 0.004752058536 0.004698407836
724,loss@218.04 loss@199.11 frag@144.06 frag@231.12 frag@151.12 frag@83.03 frag@45.03 frag@178.06 frag@163.02 frag@409.2 frag@126.06 frag@98.03 frag@305.1 frag@231.02 frag@211.01 frag@166.09 frag@138.06 frag@147.03 frag@381.17 frag@344.11,0.1227095276 0.01078793406 0.005003544968 0.004210527055 0.004094217438 0.004062235821 0.004061739892 0.003348926315 0.003323421581 0.003168076044 0.003073817119 0.002796801738 0.002765283687 0.002511127386 0.002420600504 0.002386048902 0.00219671661 0.002192613436 0.002155529801 0.002104162239
725,loss@169.12 loss@129.03 frag@350.13 frag@381.17 frag@166.06 frag@211.01 loss@154.11 frag@83.09 frag@76.04 loss@323.99 frag@150.13 frag@144.14 frag@112.09 frag@222.12 frag@136.05 frag@445.14 loss@230.16 frag@163.03 frag@60.04 frag@157.03,0.23571904 0.04057784379 0.02318048291 0.006295621861 0.005397189874 0.004364231601 0.004087305162 0.003306545084 0.00330002117 0.00253380253 0.002457769355 0.00241005444 0.002179552102 0.002084334148 0.002040105872 0.001989323413 0.001970445504 0.001869784086 0.001844973653 0.00184237014
726,frag@107.06 frag@80.05 frag@79.04 frag@66.03 loss@277.96 frag@108.07 loss@230.98 loss@27.01 loss@212.96 loss@119.02 loss@134.05 loss@241.99 loss@191.11 loss@231.08 loss@107.04 frag@108.04 frag@172.07 loss@150.04 loss@239.94 loss@209.93,0.1323340684 0.06710465252 0.04923575744 0.02756478637 0.02596535906 0.02361555584 0.01695258543 0.01169071998 0.01033143885 0.009133466519 0.007029918488 0.006841038819 0.006812208332 0.006777506787 0.006176415831 0.00605613878 0.005960479379 0.005930826999 0.005880950019 0.005712316372
727,frag@162.1 loss@151.11 loss@135.08 loss@161.1 frag@202.13 frag@177.1 frag@216.15 loss@179.14 frag@190.13 loss@134.08 frag@188.12 loss@202.03 loss@210.96 frag@189.0 loss@235.02 frag@168.96 loss@205.16 frag@239.13 loss@181.02 frag@316.01,0.1160685569 0.1144044921 0.06351818144 0.04273222759 0.03640713543 0.03071937524 0.02324173413 0.0195101127 0.01637743227 0.014167591 0.01088190451 0.00948970858 0.009226802737 0.008549267426 0.008528232574 0.008131498471 0.008008912206 0.007688777056 0.007443451788 0.006919638254
728,loss@172.08 loss@293.1 loss@118.06 frag@187.98 frag@171.01 frag@139.02 frag@55.02 frag@224.04 frag@91.04 frag@158.07 frag@145.09 frag@233.13 frag@144.07 frag@110.02 frag@76.04 frag@230.12 frag@172.02 frag@201.04 frag@86.99 frag@104.05,0.1908011585 0.05316436291 0.01051960979 0.01032742485 0.0069236001 0.005567934364 0.005477384664 0.00523194531 0.004133805167 0.003920964431 0.003688652068 0.003591563785 0.003049193416 0.002950742608 0.002937716898 0.002911001211 0.002816375578 0.002662869869 0.002535094507 0.002528645564
729,frag@163.02 frag@135.03 frag@134.02 loss@170.02 loss@165.08 loss@120.06 loss@179.98 loss@237.05 loss@235.07 frag@121.01 loss@235.03 loss@194.06 loss@184.04 loss@179.09 frag@194.08 loss@226.04 loss@239.07 loss@198.05 loss@198.03 loss@246.11,0.3338440955 0.03055068851 0.02697639726 0.01845104992 0.01173023693 0.008158838376 0.007426365744 0.005812498275 0.004214840475 0.003228020621 0.003171265125 0.002879720414 0.002812919207 0.002766154939 0.002517108573 0.002311341232 0.002113661729 0.002016607672 0.001990054734 0.001940933638
730,loss@185.1 loss@175.11 frag@201.11 frag@231.12 frag@187.1 frag@175.1 frag@186.1 frag@158.07 frag@132.06 frag@148.09 frag@190.1 frag@147.07 frag@209.09 loss@227.11 frag@172.09 frag@191.13 frag@146.07 frag@160.09 frag@161.08 frag@134.07,0.1481318921 0.09711224586 0.07350647449 0.03708106279 0.02489077486 0.01488456409 0.01258104015 0.00990003068 0.006352585275 0.006257059518 0.005745355971 0.005420709495 0.00493939314 0.00479403371 0.004756484646 0.00474127708 0.004647057038 0.004513970111 0.004424798768 0.004335965961
731,frag@203.07 loss@232.08 frag@217.09 loss@253.08 frag@242.11 loss@238.17 loss@303.1 loss@230.13 frag@183.06 frag@203.04 loss@275.19 frag@213.96 loss@107.11 frag@191.15 frag@191.06 loss@338.08 loss@173.11 loss@272.02 frag@175.11 loss@120.09,0.2010802329 0.1453722268 0.1161435843 0.0519041121 0.008009181358 0.006856683176 0.006080459803 0.003278212389 0.002502509858 0.00227618753 0.002177373972 0.001663269126 0.001588340499 0.001576776383 0.001549195382 0.001547376625 0.001532960334 0.001504640328 0.001412383746 0.001255218405
732,loss@105.06 frag@212.04 frag@299.15 frag@256.04 loss@340.97 loss@217.97 frag@155.02 loss@225.18 loss@211.97 loss@228.04 frag@293.12 frag@229.11 frag@370.2 frag@264.12 loss@112.01 frag@150.01 loss@192.01 loss@54.05 frag@264.04 frag@323.18,0.2117561102 0.1362529695 0.05589864776 0.05165595189 0.01880685613 0.01356149185 0.004639043938 0.004020624794 0.00367936003 0.003564903745 0.00321972766 0.003005083185 0.00295193377 0.002408494242 0.002365113236 0.002327656606 0.002170475898 0.002148765372 0.002066720976 0.00202540867
733,loss@246.15 loss@244.16 frag@230.13 frag@214.11 loss@268.08 loss@275.1 loss@224.14 loss@307.13 loss@372.09 frag@164.11 loss@252.15 frag@277.08 loss@254.14 loss@296.12 frag@141.08 frag@156.14 frag@225.16 loss@363.12 frag@153.1 frag@100.04,0.08850324154 0.08120430261 0.07844763994 0.04397069663 0.03427683935 0.02866303734 0.0258628577 0.02124432288 0.01408473123 0.0109217586 0.01067168638 0.00576335378 0.004936917219 0.004894056823 0.004736882169 0.004241259769 0.004179715645 0.003954080399 0.003657085355 0.003384800162
734,loss@169.1 frag@116.06 frag@115.05 frag@117.07 loss@78.57 frag@199.02 frag@247.01 frag@145.07 frag@159.09 frag@141.07 frag@159.08 loss@364.12 loss@294.98 loss@376.13 frag@244.13 frag@170.06 frag@133.06 loss@239.13 frag@223.01 loss@231.12,0.251891911 0.2402043939 0.05293328688 0.01628474891 0.009708200581 0.009706684388 0.007384632714 0.007165466901 0.006438690703 0.006079747807 0.006071849726 0.00473847473 0.004447124898 0.004215306602 0.00419146847 0.004040985834 0.004007356241 0.003914895933 0.003783242078 0.003696157364
735,loss@210.05 frag@150.09 frag@120.04 frag@171.01 frag@134.01 frag@147.05 frag@206.06 frag@160.11 frag@128.05 frag@160.97 frag@133.06 frag@246.06 frag@101.95 frag@84.96 frag@106.06 frag@53.04 frag@314.13 frag@110.05 frag@65.04 frag@223.01,0.2826197445 0.01387649588 0.01138700824 0.009762412868 0.009435787797 0.007530129515 0.007246718742 0.006298208609 0.006287690718 0.006114614662 0.005631059874 0.005033360794 0.005012685433 0.004852087237 0.004251120146 0.004212337546 0.004009270575 0.003920824267 0.003818182508 0.003802390071
736,frag@159.08 loss@272.16 frag@158.07 frag@161.06 frag@130.04 loss@206.12 loss@188.07 frag@133.06 loss@204.1 loss@162.07 loss@232.13 loss@191.1 frag@186.07 loss@205.15 loss@215.12 loss@248.09 loss@171.96 frag@151.05 loss@177.11 frag@148.05,0.2456191182 0.06878832728 0.01203159615 0.01136471704 0.007232826203 0.006283322815 0.006011310034 0.005425372161 0.005387273151 0.005158876069 0.004927532747 0.004748347681 0.004357020836 0.004152923822 0.00406343909 0.003876002273 0.00365177705 0.003651515814 0.003581690136 0.003342309501
737,frag@110.99 loss@127.01 loss@217.04 loss@195.04 loss@194.15 loss@316.14 loss@221.98 loss@235.05 loss@261.07 frag@218.06 frag@111.0 loss@237.12 loss@238.03 loss@227.1 loss@261.2 loss@205.07 frag@344.17 loss@212.1 loss@305.16 loss@155.0,0.3614431322 0.05128601566 0.03703612462 0.02752235904 0.02398465201 0.02067276835 0.01954619028 0.01851310953 0.01662228815 0.01591698639 0.01579155214 0.008522549644 0.007373022381 0.006675902288 0.006621717475 0.006613737438 0.006212330889 0.00543709565 0.004959198181 0.004647464491
738,loss@185.03 loss@170.09 frag@144.07 frag@155.06 frag@155.05 frag@133.06 frag@145.06 frag@158.1 frag@123.08 frag@199.11 loss@171.08 frag@285.12 frag@241.1 frag@172.1 frag@332.06 frag@161.06 loss@205.1 frag@104.06 loss@176.08 frag@200.08,0.1491062343 0.08453208953 0.0174883958 0.01502211299 0.01493295562 0.01026745979 0.009496364743 0.007708015386 0.006349171977 0.00590715697 0.004660276696 0.004319428001 0.004076264799 0.004037594888 0.003675493412 0.002986320294 0.002975068521 0.002960148966 0.002895621816 0.00266062771
739,frag@96.08 loss@208.12 frag@70.07 frag@124.08 frag@125.07 loss@180.13 loss@221.15 frag@142.09 loss@152.1 loss@221.04 frag@68.05 frag@94.07 frag@42.03 loss@284.11 frag@139.09 loss@166.11 frag@141.1 loss@213.11 loss@201.04 loss@194.07,0.0922216326 0.05197244138 0.03847068921 0.03699450195 0.03555782884 0.02043479495 0.02022983879 0.0195951052 0.01736916974 0.0167792365 0.01485517155 0.01411432307 0.01308566052 0.01115625352 0.009785054252 0.009554240853 0.009277964011 0.009274941869 0.009223788977 0.009148954414
740,loss@111.07 loss@111.06 frag@167.07 frag@281.06 frag@179.05 frag@144.06 frag@185.08 frag@45.03 frag@86.0 frag@137.03 frag@206.08 frag@164.02 frag@178.06 loss@96.07 loss@173.0 frag@338.14 frag@220.11 frag@156.98 loss@138.03 frag@233.14,0.1748353094 0.04905669391 0.005671327934 0.004868485965 0.004660702311 0.003865574021 0.003592245048 0.003359761322 0.003130323719 0.002727100393 0.002722611185 0.002707761014 0.002704778686 0.002700399142 0.002685792977 0.002664456842 0.002664226806 0.00264282315 0.00258878083 0.002564215567
741,loss@318.1 loss@279.08 frag@347.19 frag@93.03 frag@109.03 frag@81.03 frag@149.04 frag@53.04 frag@149.02 frag@80.06 frag@255.12 frag@150.09 frag@92.06 frag@124.06 frag@150.07 frag@205.03 frag@151.98 frag@241.11 frag@136.05 frag@125.99,0.1083300859 0.09656429291 0.008666329086 0.008665362373 0.008069768548 0.007701707073 0.007630629465 0.007425121497 0.007076584734 0.007072128356 0.006844424177 0.006483189762 0.005737092812 0.005698866677 0.005608342122 0.005488397554 0.005412885454 0.005355389789 0.005044678226 0.004317308776
742,frag@121.08 loss@178.06 loss@205.07 loss@189.04 loss@207.05 loss@161.06 loss@195.07 loss@203.07 frag@191.12 frag@149.11 loss@192.04 loss@216.05 loss@199.07 loss@240.07 frag@136.1 loss@205.04 frag@154.03 loss@189.03 loss@206.05 frag@120.06,0.3225472271 0.03781344742 0.03709091246 0.03144690022 0.02931318991 0.02208109759 0.02031096816 0.01748805493 0.01702299342 0.01676777005 0.01555274427 0.01475833356 0.01350461319 0.01217401773 0.01088710129 0.01042072754 0.01031870488 0.009770574048 0.009600893594 0.008857863955
743,frag@189.1 loss@203.02 loss@241.07 loss@150.01 frag@95.03 frag@193.08 loss@109.98 frag@209.02 frag@276.11 frag@236.1 frag@162.09 loss@136.01 loss@178.05 frag@138.06 frag@110.01 loss@196.1 loss@95.04 frag@178.04 frag@177.11 frag@163.12,0.1809674948 0.03825423494 0.03292554989 0.02256925777 0.0193973314 0.01724732667 0.01650667004 0.01152775157 0.006872315891 0.006695309654 0.004445887636 0.004369614646 0.003970115911 0.003371190978 0.003255548421 0.003073368222 0.002383054467 0.002357221907 0.002321412787 0.002208618913
744,frag@147.04 frag@175.04 frag@119.05 loss@359.14 frag@179.07 loss@391.17 loss@610.15 loss@414.12 frag@203.03 loss@550.19 loss@295.16 loss@406.15 loss@649.22 loss@530.18 loss@407.14 loss@423.14 loss@422.14 loss@398.18 loss@326.1 loss@343.13,0.155678615 0.0925976187 0.03230977431 0.02660084702 0.01832744852 0.01658509113 0.01651625894 0.01583712548 0.01572835073 0.01529688016 0.01523127034 0.01179684047 0.01177748293 0.01159472484 0.009924703278 0.009131962433 0.009017983451 0.00890756771 0.007877185941 0.007730818819
745,frag@174.1 loss@144.07 frag@200.08 loss@172.05 loss@173.1 loss@187.93 frag@172.09 frag@233.11 loss@199.07 frag@157.08 frag@145.08 loss@131.1 loss@168.07 frag@132.07 frag@144.07 frag@128.05 loss@330.04 loss@184.02 loss@177.12 frag@158.07,0.1367586851 0.1159521043 0.1082947552 0.05529236421 0.01896165311 0.01384246908 0.01195215341 0.007110017352 0.006801588926 0.005547946319 0.005191291217 0.004981171805 0.004666604102 0.004373432137 0.004324423615 0.003983673174 0.003918331582 0.003860154422 0.003719056258 0.003665211843
746,loss@112.09 loss@272.12 loss@226.07 loss@129.15 frag@141.02 loss@130.07 frag@158.1 frag@136.07 frag@178.12 frag@204.07 frag@74.02 frag@155.09 frag@157.09 frag@71.09 frag@213.1 loss@131.1 frag@174.06 frag@153.98 frag@327.12 frag@293.13,0.1332180053 0.08975946158 0.08369462192 0.02267771773 0.01453874633 0.009252287447 0.007091479842 0.005850217771 0.005058558658 0.005004364066 0.004961834289 0.004603419919 0.004496449605 0.004180897959 0.003397114575 0.003364843316 0.00323698041 0.003232464427 0.003010420129 0.003006925341
747,loss@17.03 loss@85.05 frag@235.12 frag@247.09 frag@182.07 frag@219.06 frag@223.94 loss@116.09 frag@290.1 loss@145.02 frag@305.09 frag@419.1 frag@251.06 frag@263.12 frag@269.08 frag@419.14 frag@208.09 loss@164.02 frag@302.13 loss@96.04,0.192214638 0.1211817861 0.0527276881 0.04089931771 0.02795420587 0.0274489969 0.02705562487 0.02542163059 0.0228588786 0.02138130926 0.01387200411 0.01111471839 0.01100697648 0.01094271429 0.01011180878 0.0098252194 0.008845350705 0.007667935453 0.007481337059 0.007281238679
748,frag@152.05 frag@195.06 frag@167.03 frag@124.05 loss@217.03 frag@122.04 loss@304.05 loss@181.12 loss@231.04 loss@241.17 loss@354.07 frag@139.02 loss@62.07 frag@155.07 loss@302.06 loss@214.08 frag@157.01 frag@138.05 loss@190.13 frag@165.05,0.1651157588 0.09212847054 0.006893831771 0.006698750891 0.006301641464 0.00527766766 0.004348733928 0.003856111784 0.003787912661 0.003556758864 0.003420418361 0.003074005246 0.003050943138 0.002981437603 0.002650461392 0.002544575138 0.002439848846 0.002337920712 0.002090105088 0.002067135181
749,frag@144.04 frag@144.06 loss@232.05 frag@172.05 loss@257.02 loss@204.06 frag@116.05 frag@134.06 loss@156.08 loss@215.14 loss@111.14 loss@96.01 loss@206.07 loss@124.03 loss@234.07 frag@190.06 loss@171.02 loss@209.11 loss@386.12 loss@263.09,0.1909304261 0.1025506258 0.06568263471 0.05599907041 0.0384253338 0.0252899956 0.02266223356 0.01466954779 0.0125287585 0.01066630706 0.008304646239 0.005000982899 0.004668607377 0.004144855775 0.003781209467 0.003646163037 0.003068169113 0.002744551981 0.002546555595 0.002541041235
750,frag@291.11 frag@298.07 frag@222.12 loss@200.02 loss@304.08 loss@162.03 loss@331.1 frag@341.19 frag@155.02 loss@314.08 loss@179.11 frag@287.1 loss@153.09 loss@166.97 loss@9.98 loss@153.12 loss@163.06 frag@306.1 loss@131.08 loss@188.07,0.1262958944 0.03627476841 0.0237661358 0.003431851743 0.002626728965 0.002543145325 0.002480910392 0.00233057118 0.002049456816 0.001930662431 0.001930622966 0.001830674708 0.001820344944 0.001813328476 0.001810293877 0.001782698324 0.001696603722 0.001656239619 0.001602415461 0.001544596977
751,frag@70.04 loss@258.08 loss@244.04 loss@238.11 frag@98.03 frag@198.15 frag@220.02 loss@280.09 frag@82.03 frag@84.04 frag@166.09 frag@101.02 frag@87.09 frag@99.06 frag@173.95 frag@180.01 frag@178.07 frag@381.17 frag@209.14 frag@148.1,0.1768012345 0.1591068506 0.0193563886 0.006791692693 0.005309876986 0.00441444898 0.004113532137 0.003986211959 0.003648233367 0.003402050352 0.003178322921 0.002970871748 0.002881025197 0.002428220352 0.002301541856 0.002054626122 0.002042399487 0.002041370375 0.002010469558 0.001828502165
752,frag@101.02 loss@229.99 frag@74.01 frag@115.02 frag@113.02 frag@55.02 frag@318.03 frag@58.99 loss@255.01 loss@128.05 frag@138.01 frag@166.09 loss@211.03 loss@280.09 loss@129.04 frag@72.94 loss@270.04 loss@120.03 loss@321.1 frag@229.11,0.2627048492 0.02042262815 0.003711656434 0.003688656026 0.003366854275 0.002870019758 0.002635296201 0.002541625174 0.002148877364 0.002113295486 0.00207411428 0.001956084277 0.001858512056 0.00178790011 0.001774528646 0.001713003265 0.001683464739 0.001671809237 0.001650472288 0.001633503358
753,frag@209.08 frag@103.96 loss@186.99 loss@196.04 frag@347.19 loss@175.01 loss@332.08 loss@303.14 loss@179.11 frag@184.06 frag@107.01 loss@179.04 loss@216.98 frag@153.03 frag@64.01 loss@240.05 loss@160.96 loss@288.06 frag@263.12 frag@286.12,0.2780872881 0.008619040251 0.006023893598 0.003176308703 0.002580145141 0.002351835137 0.002143937862 0.002079738071 0.002025024965 0.001990602119 0.001986334333 0.00189323409 0.001806789893 0.001758721774 0.001647201017 0.001627906226 0.001551128342 0.001537821023 0.001527025015 0.001510974951
754,loss@159.09 loss@131.1 frag@163.01 frag@188.9 frag@55.02 frag@67.06 frag@213.0 loss@186.1 frag@83.01 frag@202.0 frag@74.93 frag@154.98 frag@102.09 frag@260.14 frag@142.02 frag@172.02 frag@45.03 frag@57.07 frag@203.04 frag@89.06,0.3060124516 0.04305253923 0.02611185424 0.0110814143 0.009454282001 0.008951267228 0.007849390619 0.007407214027 0.006345882546 0.006293587387 0.005683028139 0.005208140705 0.004890783224 0.004813794978 0.004574417602 0.004445933271 0.004218465183 0.004087515175 0.004021976609 0.003977608401
755,loss@120.03 frag@212.06 frag@133.01 frag@200.06 frag@109.03 frag@174.95 frag@184.06 frag@148.03 frag@181.05 frag@79.02 loss@147.05 frag@275.1 frag@53.04 loss@75.01 frag@195.04 frag@185.03 frag@185.04 loss@64.02 frag@194.04 frag@63.02,0.1904347539 0.06435047835 0.01078191865 0.004230950493 0.003278365824 0.002747994615 0.00253817765 0.002499160357 0.002280432964 0.002248252044 0.002151827328 0.002035520971 0.002025687136 0.001962634735 0.001962461974 0.001940744929 0.001927075791 0.001782327425 0.00172662735 0.001657989458
756,loss@140.08 frag@182.05 loss@248.14 frag@173.06 frag@43.02 frag@67.05 frag@97.06 frag@109.1 frag@93.07 frag@107.09 frag@85.06 loss@348.08 frag@79.05 frag@95.09 frag@135.12 loss@198.13 frag@147.12 frag@126.02 frag@111.04 frag@81.07,0.1913942695 0.09339808673 0.07994014025 0.0141252419 0.009820690379 0.009544709697 0.008768471889 0.006237881258 0.00574107375 0.005654810462 0.005518878344 0.004993101116 0.004764035344 0.004574457649 0.004512683954 0.003792779287 0.003607646562 0.003339192132 0.0032610544 0.003246739507
757,loss@216.1 frag@152.11 frag@189.11 loss@149.09 frag@203.07 frag@146.07 frag@204.12 frag@157.06 frag@160.09 frag@202.11 frag@139.07 frag@251.15 frag@190.12 frag@59.02 frag@186.1 frag@148.08 loss@255.11 loss@188.11 frag@231.12 frag@178.01,0.2936316133 0.1925289482 0.03989047185 0.007935270667 0.006705525331 0.006247269455 0.006214092486 0.004918156657 0.004699562676 0.004279306624 0.004251016304 0.003807781963 0.003697188338 0.003662615316 0.003300103126 0.002760149539 0.002726439852 0.002566209994 0.002542927628 0.002471690299
758,frag@159.07 loss@162.03 loss@133.06 loss@129.99 frag@171.07 loss@85.1 loss@113.13 frag@213.1 loss@278.07 loss@57.07 frag@174.09 frag@158.06 loss@174.08 frag@172.08 frag@129.04 frag@223.05 loss@173.1 frag@203.08 frag@309.14 frag@364.16,0.1793934852 0.06442958117 0.05718322471 0.05656020716 0.04780367017 0.02699050866 0.02495121583 0.02171656117 0.01084217522 0.01064576488 0.007900751196 0.007216252387 0.007005817723 0.006128826644 0.005208009388 0.004683263134 0.004650712945 0.004634932149 0.004517805297 0.004446919076
759,frag@152.08 loss@151.07 loss@225.05 frag@114.01 frag@202.16 frag@109.08 frag@97.04 frag@208.07 loss@176.03 loss@210.0 frag@328.18 frag@208.17 loss@0.02 loss@173.13 frag@69.06 loss@223.15 frag@146.07 loss@258.14 frag@161.08 frag@275.18,0.2241017967 0.1887627244 0.07787146419 0.07197672874 0.01148004644 0.01144520752 0.009626313113 0.008907180279 0.006611061748 0.006241875235 0.004780081101 0.003736167913 0.003658228321 0.003512179945 0.003287470434 0.003218089463 0.003060706658 0.002862030175 0.002796559827 0.002728705294
760,loss@207.16 loss@184.11 loss@350.15 frag@209.03 frag@240.12 frag@176.11 frag@244.05 frag@74.01 frag@138.09 frag@176.07 frag@190.12 frag@319.12 frag@116.01 frag@249.0 frag@237.04 frag@327.14 frag@136.11 frag@47.23 loss@557.1 frag@433.19,0.09366970509 0.08778651059 0.04238048196 0.01712815091 0.00904595945 0.006623045541 0.006318039726 0.006126507651 0.005340417381 0.005250586662 0.005081264768 0.004230379127 0.003886750201 0.00363718695 0.003634473542 0.003633981571 0.003572788322 0.003310035449 0.003107043682 0.002984521445
761,loss@115.06 loss@143.06 frag@228.05 frag@315.02 frag@245.11 frag@174.99 loss@142.07 frag@156.99 frag@131.0 loss@154.07 frag@147.01 frag@58.99 frag@100.02 frag@145.02 loss@89.05 frag@195.08 frag@123.09 frag@224.94 frag@126.07 loss@128.07,0.1794075668 0.08547380567 0.0197550226 0.01336906012 0.01116277929 0.008365560323 0.007479344495 0.006219799165 0.006182662677 0.006134281401 0.005229420494 0.005147265736 0.004843906034 0.004374064039 0.004370281473 0.004368259106 0.003788867965 0.00370179629 0.003689719131 0.003653847845
762,loss@113.06 loss@185.04 frag@123.01 frag@147.03 frag@202.12 frag@365.14 frag@105.04 frag@161.03 frag@79.04 frag@106.07 frag@51.02 frag@93.03 frag@148.02 frag@130.03 loss@173.08 frag@178.06 frag@121.04 frag@109.01 loss@158.05 frag@119.06,0.1646737605 0.1163699701 0.08194560558 0.01109092031 0.009849522263 0.00889623072 0.007710041944 0.005537131801 0.004493050277 0.004331457429 0.004255798645 0.004087735899 0.003304849844 0.003299879842 0.003145201597 0.00313837477 0.003011001274 0.002977395663 0.002778812777 0.002720386023
763,frag@153.03 frag@175.12 frag@179.12 frag@105.08 frag@236.15 frag@325.09 frag@159.1 frag@196.14 frag@268.13 frag@323.08 frag@110.02 frag@224.14 frag@124.03 frag@168.11 frag@91.07 frag@86.07 frag@161.1 frag@226.05 frag@156.14 frag@83.08,0.005966934375 0.0036476471 0.002046018606 0.002021824941 0.002009153366 0.001889562816 0.001837339834 0.001701073023 0.00169683306 0.001615342451 0.001612873632 0.001604022225 0.001602833625 0.001559630036 0.001460581087 0.001438197214 0.001397341955 0.001354683191 0.00132610905 0.001287340419
764,frag@55.05 frag@83.09 frag@98.06 loss@155.13 loss@195.16 loss@185.14 loss@197.14 frag@126.09 loss@82.08 loss@214.17 loss@183.13 loss@139.14 loss@139.1 loss@231.15 loss@332.09 loss@167.13 loss@105.08 loss@210.17 loss@286.15 loss@208.16,0.2466722876 0.0572941713 0.05274432898 0.02706570923 0.0240141321 0.0237765871 0.02183260955 0.02058575302 0.01731845178 0.01648382843 0.01502622571 0.01488459948 0.01211227011 0.011673701 0.01138011832 0.01110473648 0.009298187681 0.008372843266 0.008214046247 0.007892503403
765,loss@202.04 frag@101.04 frag@180.03 frag@152.01 frag@138.02 frag@264.12 loss@93.09 loss@215.08 loss@153.02 loss@141.02 loss@230.04 loss@98.02 frag@158.0 frag@247.97 loss@239.08 loss@225.07 frag@53.0 frag@323.15 loss@235.09 loss@237.01,0.1328296959 0.0714199096 0.07098810375 0.04730342329 0.03292471543 0.03070698306 0.02828315087 0.01257458702 0.007845607586 0.007111539133 0.005485266447 0.004141728394 0.004017743748 0.00387972407 0.003300590906 0.002966667293 0.0028310013 0.002748183208 0.002699781675 0.002612982411
766,loss@123.08 frag@196.06 frag@157.02 frag@215.03 loss@87.08 loss@167.03 frag@284.14 frag@433.19 loss@131.99 frag@164.12 loss@178.03 frag@108.02 frag@235.16 frag@144.0 frag@176.06 frag@319.14 frag@142.1 loss@194.12 loss@239.0 loss@174.09,0.1907366365 0.07025108486 0.068823874 0.06062621251 0.02574009076 0.02172013 0.01348224655 0.01026837993 0.006035636179 0.005869625136 0.005234076641 0.00519481115 0.004063795321 0.002885051304 0.002510826336 0.002424087608 0.002299770946 0.002150247805 0.00205536955 0.001971656457
767,loss@96.03 loss@139.05 frag@221.11 frag@222.11 loss@106.04 frag@213.08 frag@277.11 loss@70.03 loss@194.02 frag@223.05 frag@343.08 frag@80.04 frag@213.1 loss@191.07 frag@239.12 frag@217.05 loss@60.04 frag@225.1 loss@299.11 frag@177.07,0.1056086048 0.07282273471 0.06631375104 0.0455786027 0.04302306101 0.03870227933 0.02694312669 0.02472037077 0.02294906788 0.01572467759 0.01486681309 0.01422177255 0.009090856649 0.007516034879 0.006662807427 0.006133223884 0.005682565272 0.005008472595 0.00483958656 0.004597490653
768,frag@188.11 loss@187.06 loss@259.12 frag@186.09 frag@160.11 frag@243.16 frag@216.1 frag@144.14 loss@344.17 frag@367.21 frag@223.01 frag@120.08 loss@168.07 frag@160.1 frag@345.19 frag@171.05 frag@148.11 frag@104.02 frag@133.09 frag@220.05,0.2474481761 0.1492173076 0.08457159251 0.01243561227 0.008476012386 0.005308467429 0.003513710573 0.003248376073 0.002732272726 0.002536595101 0.002419453813 0.002316165715 0.002283486305 0.002269968158 0.002107975772 0.002051069168 0.002012735233 0.001955628861 0.001953976229 0.001926689874
769,loss@190.15 frag@191.15 frag@147.02 frag@264.16 frag@184.02 frag@146.1 frag@148.11 frag@261.97 frag@232.13 frag@160.1 frag@151.08 frag@121.06 frag@133.09 frag@99.05 frag@147.01 frag@106.04 frag@190.09 frag@122.06 loss@260.15 frag@150.07,0.31971246 0.04267315194 0.02227512747 0.01478266343 0.006680228747 0.006551242899 0.004315414466 0.004209295381 0.003616748145 0.003252077382 0.003224462504 0.003086937591 0.003077142639 0.003059383947 0.002986359643 0.002798078582 0.00279626064 0.002747605322 0.002733251778 0.002710399451
770,frag@95.01 loss@229.03 loss@255.1 loss@260.08 loss@208.04 loss@211.04 loss@269.1 loss@96.02 loss@218.09 loss@216.09 loss@226.06 loss@245.12 loss@319.17 loss@216.07 loss@209.08 loss@211.07 frag@364.13 loss@224.01 loss@287.09 frag@136.04,0.3961693943 0.03425494581 0.0182268247 0.01621977799 0.00878340099 0.008279852569 0.008251817897 0.007613857742 0.005980977323 0.005526053719 0.004511338659 0.00432873005 0.004217422102 0.003225697204 0.003203675849 0.002649344271 0.002451945795 0.002349016024 0.002323606284 0.002320839092
771,loss@195.05 loss@187.11 loss@187.09 frag@139.03 frag@231.12 frag@132.07 frag@203.13 frag@133.06 frag@332.06 frag@113.02 frag@206.08 frag@146.08 loss@199.01 frag@171.01 frag@145.08 frag@158.1 frag@172.1 frag@144.07 frag@120.04 frag@176.08,0.1459860057 0.1232949793 0.03999310732 0.01701166853 0.01326249354 0.0131924944 0.01261869725 0.01195683144 0.0114623243 0.007734823041 0.007185660303 0.006942650303 0.006650907453 0.006555090658 0.006259422284 0.006227786653 0.006222968921 0.005928995088 0.00587767642 0.00578500703
772,loss@180.07 frag@75.03 loss@189.06 frag@147.05 frag@123.03 frag@127.05 frag@258.04 frag@313.12 frag@262.07 frag@125.01 frag@83.03 frag@385.13 frag@154.06 frag@155.06 frag@234.0 frag@125.02 frag@135.1 frag@206.06 frag@133.01 frag@185.05,0.2147470862 0.1180811971 0.1017827764 0.007016729098 0.006485571619 0.006051781587 0.0057419925 0.005659821909 0.005655443761 0.005596552975 0.005473735742 0.003985582385 0.003807296511 0.003637364833 0.003611925058 0.003568347311 0.003557580756 0.003492081538 0.0034406099 0.0030873504
773,frag@114.09 loss@226.17 loss@200.15 loss@328.13 loss@283.17 loss@332.15 loss@470.15 frag@84.08 loss@457.15 frag@171.15 loss@246.06 loss@270.12 frag@70.06 frag@101.02 loss@249.12 frag@131.97 frag@85.08 frag@44.05 frag@110.1 frag@127.09,0.2964701355 0.08918959647 0.05445544794 0.03222848102 0.02890990302 0.02183045819 0.01628739759 0.01315518562 0.01239589229 0.01070366148 0.009232644923 0.008643244393 0.007260238752 0.007181501482 0.006550135557 0.006204961799 0.005717603955 0.004706596024 0.004603258334 0.004590339027
774,frag@147.07 loss@119.07 loss@149.03 frag@146.06 loss@215.12 loss@134.06 loss@148.08 frag@229.12 frag@130.06 frag@128.05 loss@243.14 loss@328.12 loss@343.09 frag@292.13 loss@161.07 loss@170.02 frag@340.13 frag@162.09 frag@218.09 loss@191.01,0.27256459 0.1579524279 0.0383451581 0.009230080061 0.006141661201 0.004966533277 0.004468875937 0.003717291402 0.003635006957 0.003461248707 0.003251804272 0.003146363189 0.00308342278 0.003024360863 0.003022482386 0.002982506994 0.002697559539 0.002678347984 0.002671468072 0.002569683362
775,frag@72.04 loss@117.08 loss@100.05 loss@127.06 loss@99.07 loss@154.07 frag@249.04 frag@220.03 loss@114.12 frag@247.16 frag@55.06 frag@262.04 frag@252.13 frag@250.12 loss@124.1 frag@221.13 frag@155.15 frag@55.05 frag@177.14 loss@155.09,0.1294480562 0.09205432981 0.06748237461 0.05106877163 0.0480177924 0.04182255268 0.02198306285 0.02002554387 0.01546648145 0.0135435136 0.009132871404 0.008723917417 0.008658859879 0.008219564334 0.007962373085 0.007419712376 0.007156545762 0.007067889906 0.006523682736 0.006384592503
776,frag@188.05 frag@238.13 loss@336.18 loss@361.13 loss@258.17 loss@250.09 loss@243.16 loss@173.02 loss@300.14 loss@228.12 frag@130.12 loss@201.11 loss@208.17 frag@174.04 frag@147.03 loss@199.12 frag@173.03 frag@299.15 loss@186.05 frag@303.1,0.2891974151 0.03802932799 0.01095468458 0.003186190967 0.002844950883 0.002696750686 0.002695943462 0.002571862889 0.002522835275 0.002323998604 0.00220031268 0.001860252116 0.001636164263 0.001616036752 0.001584257698 0.001579258242 0.001463770866 0.00133302249 0.001331958221 0.001323924749
777,frag@178.06 loss@209.07 frag@65.04 frag@106.07 loss@195.09 loss@242.1 loss@236.08 frag@287.09 frag@164.07 frag@150.07 frag@80.06 frag@93.03 frag@179.08 loss@221.1 loss@237.06 frag@122.06 frag@355.2 loss@120.06 frag@114.0 loss@247.05,0.27137357 0.2432592362 0.008850209415 0.006670099217 0.00631342642 0.006101869512 0.005354636349 0.005278984085 0.00486354623 0.004751271568 0.004740698729 0.004207992461 0.003892967245 0.003673739033 0.003483338049 0.003105267417 0.002795893699 0.002787038451 0.002764422446 0.00276321033
778,loss@169.11 frag@208.04 frag@43.02 frag@67.05 frag@83.09 loss@181.11 loss@143.09 frag@97.06 frag@45.03 frag@150.13 frag@216.13 frag@112.08 frag@57.03 frag@154.09 frag@69.07 frag@55.05 frag@85.06 frag@124.11 frag@81.07 frag@84.08,0.3222876787 0.02606957592 0.01532041281 0.01530180965 0.007961465977 0.007534623612 0.00685396418 0.005749142263 0.005702120718 0.005176594947 0.005132488441 0.005048400722 0.005016963929 0.004101984669 0.004081683699 0.003966486547 0.003902785713 0.003675641958 0.003567715408 0.003529276233
779,frag@162.04 loss@148.08 loss@254.09 loss@154.9 loss@118.06 frag@263.08 frag@236.11 frag@172.03 loss@191.04 frag@151.02 frag@175.05 loss@145.09 loss@135.07 loss@229.13 loss@185.06 loss@151.1 loss@126.9 loss@207.16 frag@213.07 frag@267.05,0.2581174672 0.1766933352 0.004997397773 0.004354698583 0.002405148698 0.002212985419 0.002144031925 0.00209561293 0.001889862004 0.001882094424 0.001733194455 0.001716651022 0.001685655443 0.001604487887 0.001581706456 0.001528073917 0.001517449273 0.001494431519 0.00144323206 0.001436004997
780,loss@347.11 frag@231.1 frag@67.06 loss@270.07 frag@211.01 frag@203.06 frag@268.09 frag@337.06 loss@201.13 frag@291.18 frag@115.12 loss@298.18 frag@270.13 frag@214.12 frag@58.03 frag@176.98 frag@267.12 frag@205.08 frag@176.03 frag@291.12,0.1255386621 0.003373843618 0.003243988845 0.003201363841 0.002699707635 0.002637688769 0.002400994301 0.002332556061 0.002201450989 0.002116970951 0.002107512904 0.002018945757 0.001976482105 0.001976246014 0.001968953526 0.001897646813 0.001852910616 0.00182421098 0.001822230523 0.001724369824
781,loss@241.15 loss@212.15 frag@161.11 frag@123.06 frag@239.08 frag@171.04 frag@133.06 frag@123.05 frag@199.05 frag@67.05 frag@141.07 loss@298.1 frag@142.1 frag@381.17 frag@128.04 frag@235.97 frag@113.04 loss@261.13 frag@183.05 frag@99.06,0.149212122 0.003106032964 0.003042209195 0.002734350972 0.002588577569 0.002561963629 0.00254919962 0.002536974382 0.002516872017 0.002429868327 0.002427191008 0.00228303019 0.002238156041 0.002215409884 0.002143161837 0.002138457727 0.002132989699 0.002108888002 0.002036864404 0.001935576438
782,frag@113.07 loss@227.06 loss@227.08 loss@187.08 frag@93.03 frag@114.05 loss@239.08 frag@182.09 frag@207.15 loss@276.11 loss@282.07 frag@165.1 frag@315.14 loss@252.07 frag@166.09 frag@102.04 loss@271.03 frag@69.06 frag@68.05 frag@151.06,0.1626686901 0.09781945497 0.07552185655 0.0719313547 0.01021023095 0.008951868862 0.006186215673 0.005449845921 0.005213411059 0.004617305007 0.004614819773 0.004525512923 0.003550464986 0.003396283602 0.003351867665 0.003312001936 0.003304306185 0.003225501394 0.00322510465 0.002935652621
783,frag@167.04 frag@225.11 loss@126.03 frag@142.05 loss@130.02 loss@135.01 loss@98.02 frag@199.03 loss@146.02 loss@121.07 loss@103.99 loss@48.0 frag@80.04 loss@34.97 loss@64.0 frag@229.1 frag@151.01 loss@100.01 frag@348.09 loss@89.02,0.02698305622 0.02607335895 0.02466422692 0.02455240116 0.01378444768 0.01337712351 0.01307538338 0.01250014082 0.01168113854 0.009817246348 0.008526232094 0.00786878448 0.007005038671 0.006703373976 0.006098923273 0.006079324987 0.005974050611 0.005688357633 0.005639398936 0.005382748321
784,frag@97.08 frag@88.04 loss@229.01 loss@161.96 frag@69.06 loss@97.98 loss@327.03 frag@55.03 loss@214.05 frag@84.07 loss@242.05 loss@247.06 loss@301.03 loss@233.05 loss@113.01 loss@313.19 frag@99.09 loss@223.04 loss@160.96 loss@235.17,0.2826827466 0.03735330328 0.03610083461 0.007864577696 0.007551092654 0.007027294487 0.005351421889 0.005274803378 0.005129074212 0.004703379236 0.004619141575 0.003708966542 0.00345307868 0.003115725704 0.002908715978 0.002863198519 0.002855153754 0.00282487995 0.002719083801 0.002624852583
785,frag@240.1 loss@235.16 frag@179.12 frag@83.09 frag@138.05 loss@208.99 loss@363.11 frag@196.03 frag@55.05 frag@140.14 frag@97.1 frag@67.05 frag@130.12 loss@332.09 loss@105.08 loss@179.13 loss@265.13 frag@327.08 loss@281.13 loss@281.15,0.185093075 0.177677691 0.04265195131 0.01259255409 0.0114308279 0.005042145494 0.004987855442 0.003863698104 0.003564796411 0.003223682521 0.002655646531 0.002628748072 0.002466335893 0.00241675647 0.002291291952 0.00219135615 0.002041855827 0.001988777891 0.00190706877 0.001866436447
786,loss@233.08 frag@125.08 loss@225.11 frag@94.06 frag@208.07 frag@162.07 frag@178.06 frag@151.99 frag@122.1 frag@105.08 frag@135.06 loss@238.0 frag@205.13 frag@99.06 loss@267.12 loss@235.12 frag@55.02 frag@93.03 frag@82.03 frag@164.07,0.2191320658 0.1368789971 0.06994730234 0.01114529371 0.008636497892 0.008336198516 0.00752887968 0.006756265648 0.006323292386 0.006124506705 0.005976436194 0.00589068979 0.005649199709 0.005605696701 0.005447800271 0.00542457914 0.005238782614 0.005210014526 0.004756000359 0.004610592965
787,frag@151.08 loss@254.11 loss@297.11 loss@277.15 loss@277.14 loss@263.19 loss@269.16 frag@108.06 loss@276.14 loss@159.13 loss@226.08 frag@161.1 loss@236.03 loss@351.13 frag@108.08 loss@273.13 frag@136.05 loss@266.04 frag@136.08 frag@150.07,0.3553807735 0.04358624667 0.03589579836 0.02325621806 0.02130779438 0.01788475737 0.01031691302 0.007824671455 0.006627863273 0.006039830856 0.005349669605 0.00461520534 0.004446485545 0.004153490998 0.00350365066 0.003490582341 0.003421464004 0.002942659426 0.002924944507 0.002813311294
788,loss@162.05 frag@285.08 frag@305.1 frag@369.13 frag@303.05 frag@299.14 frag@271.06 frag@275.06 frag@144.0 frag@261.04 loss@324.11 loss@180.06 frag@319.04 loss@208.06 frag@273.08 loss@190.05 frag@319.05 loss@308.11 frag@153.02 frag@126.06,0.2528645992 0.05322470143 0.05170900747 0.05149024725 0.02827997878 0.02632896043 0.02435318753 0.01356302109 0.01263007522 0.01254364289 0.01154584717 0.009198606946 0.008509048261 0.007648563478 0.007171598263 0.005466877948 0.004456313327 0.004101536702 0.004025822505 0.003994394559
789,loss@254.06 frag@235.97 frag@310.11 frag@272.18 frag@294.1 frag@314.13 frag@47.23 frag@269.09 frag@167.09 frag@136.08 frag@322.19 frag@244.05 frag@302.09 frag@323.08 frag@123.03 frag@184.1 frag@286.03 frag@147.04 loss@191.04 frag@297.13,0.1093814299 0.02725702524 0.009479605593 0.009215701371 0.008957354352 0.003073126543 0.002904082648 0.002836683299 0.002319528023 0.002286329865 0.002251641359 0.002176927868 0.002169819083 0.001838033553 0.00180998072 0.001723977504 0.001660176553 0.001654042979 0.001531554968 0.001510270755
790,loss@211.07 loss@236.06 loss@264.08 loss@174.06 frag@332.06 frag@111.03 loss@230.08 frag@125.0 frag@151.12 loss@277.09 frag@148.06 frag@112.99 loss@247.03 frag@83.03 frag@67.02 frag@81.03 frag@98.04 frag@84.05 frag@131.08 frag@149.08,0.1269352138 0.06379216909 0.05598804355 0.04208185151 0.02150771953 0.01404974051 0.01338341553 0.01088726521 0.009143417701 0.007104971912 0.006909861695 0.005833708681 0.005618345924 0.005550086033 0.005462640431 0.005171367433 0.005120444577 0.004813300911 0.004751455039 0.004382729065
791,frag@315.14 loss@186.99 loss@266.08 frag@74.93 loss@162.1 frag@273.13 frag@286.12 loss@228.04 frag@168.05 frag@319.12 loss@265.08 frag@351.11 frag@313.13 loss@278.11 loss@394.21 frag@327.14 frag@165.04 loss@130.15 loss@116.01 frag@170.08,0.1852265596 0.04622372985 0.004101452883 0.003101734677 0.002459451091 0.002296052407 0.002277227351 0.002038845792 0.002025503665 0.001941134455 0.001853492577 0.001833746443 0.001829781686 0.001785176806 0.001743453206 0.001732960343 0.001681530033 0.001664060634 0.001647680067 0.001646754215
792,loss@270.07 frag@407.14 frag@176.98 frag@201.14 frag@212.06 frag@318.03 frag@167.98 frag@101.02 frag@193.1 frag@268.13 frag@203.13 frag@78.05 frag@203.15 loss@233.05 frag@179.12 frag@349.04 frag@347.19 frag@155.98 frag@115.09 frag@159.11,0.2073373497 0.004976633936 0.004183897283 0.003622093704 0.003551293397 0.00335537619 0.003318077186 0.003283352591 0.003158292966 0.002809486352 0.002674064133 0.002636094578 0.002367798239 0.002200976945 0.002181257121 0.002147163963 0.002119448967 0.002107491717 0.002074002987 0.002021506429
793,loss@202.02 loss@265.07 loss@330.06 frag@151.03 frag@135.02 loss@337.08 frag@93.03 frag@142.01 frag@150.04 frag@124.04 frag@81.06 frag@152.02 frag@174.03 frag@78.03 frag@159.02 frag@171.01 frag@56.01 frag@138.01 frag@158.03 frag@69.04,0.1093787923 0.07310580462 0.0252774395 0.005690957885 0.005471891724 0.004616193939 0.00421137549 0.00391384773 0.003889245447 0.003771056887 0.003509501461 0.003453526646 0.003187041963 0.003163228044 0.003108202247 0.003011495806 0.003009944921 0.002951787785 0.00289964932 0.002896894934
794,frag@106.06 loss@249.09 loss@215.11 loss@247.05 loss@256.04 loss@211.04 loss@313.15 loss@221.04 loss@387.06 loss@217.06 frag@121.09 loss@193.02 loss@391.12 frag@148.08 frag@183.98 loss@192.01 frag@139.03 loss@229.12 loss@225.13 loss@193.1,0.3540297747 0.03746289387 0.02920497209 0.02202346548 0.01666040532 0.01604493707 0.01314624865 0.01254049502 0.01191282179 0.01103843469 0.009340794757 0.007777292747 0.006288071629 0.006119208876 0.005526284222 0.005065885372 0.004969220608 0.004251937382 0.004135352559 0.003959708847
795,loss@141.12 frag@188.03 frag@270.07 loss@156.14 loss@96.04 frag@142.12 frag@196.0 frag@83.09 frag@189.07 frag@202.92 loss@283.02 frag@203.1 loss@169.11 frag@266.08 frag@225.1 loss@154.1 frag@208.04 frag@246.15 frag@88.08 frag@59.05,0.2778489292 0.05267675966 0.05208873376 0.01949436963 0.01758385077 0.01546915248 0.0130859362 0.008548117243 0.007748744451 0.007747923955 0.006781736389 0.006089845207 0.004973448813 0.00361590879 0.00332311634 0.003190058982 0.003101923736 0.002988379914 0.002856796375 0.002816847526
796,frag@143.09 frag@173.1 frag@157.1 frag@169.1 frag@142.08 frag@185.1 frag@155.09 frag@159.12 frag@171.08 frag@181.1 frag@175.08 frag@197.1 frag@199.11 frag@145.1 frag@334.1 frag@189.13 frag@137.1 frag@161.13 loss@189.0 frag@183.12,0.04053090885 0.02848753892 0.02480165288 0.01507216971 0.01439269539 0.01384994201 0.0130265709 0.01253486983 0.009716302156 0.00947138574 0.00819269754 0.00747863343 0.006960304454 0.006804044358 0.006513177417 0.006334359758 0.005934405606 0.005365258083 0.005136392545 0.004632898141
797,loss@163.06 loss@120.06 frag@448.16 frag@225.02 frag@145.04 frag@119.06 frag@175.06 frag@190.09 frag@106.07 frag@159.07 frag@256.05 frag@119.05 loss@137.08 frag@163.02 frag@144.06 frag@178.06 frag@223.0 frag@136.03 frag@204.07 frag@160.04,0.2650920153 0.07337068021 0.01903369837 0.007961718366 0.006920698099 0.005714236293 0.005518345162 0.005176353734 0.004175576381 0.003911141772 0.003708313219 0.003654049942 0.003483318025 0.003401907627 0.003351041349 0.003276586067 0.003220207058 0.003157385159 0.00310182618 0.002887193346
798,frag@127.12 frag@74.06 frag@111.09 frag@86.06 frag@72.08 frag@249.2 frag@58.07 frag@70.06 loss@642.33 frag@43.05 frag@44.05 frag@125.11 frag@349.13 frag@58.06 frag@197.17 loss@290.14 frag@98.08 loss@463.18 loss@234.12 frag@166.12,0.02492807619 0.009681417607 0.007051189896 0.006759940181 0.006325385533 0.005753825884 0.005442716181 0.005277701654 0.00523946248 0.004927260336 0.004855267704 0.004691108596 0.004530233797 0.004469148815 0.004237833433 0.004159391392 0.003656431567 0.003441968234 0.003378535854 0.003295243252
799,frag@163.06 frag@145.05 frag@325.11 loss@319.16 loss@68.03 loss@229.0 loss@269.09 frag@223.16 frag@127.04 loss@726.37 loss@189.01 loss@368.17 loss@278.07 loss@182.08 loss@402.14 loss@94.04 loss@210.05 loss@257.08 loss@246.0 loss@252.06,0.1744340807 0.1365620047 0.0411519818 0.01262471639 0.01101970952 0.01031886134 0.00649692677 0.005623164587 0.005110485479 0.004688897636 0.00432573678 0.004121384583 0.00402632961 0.00398599403 0.003903857432 0.003653525375 0.003199671861 0.003153140424 0.002879063832 0.002764198929
800,loss@43.02 loss@44.03 loss@30.05 loss@58.04 loss@33.03 frag@226.06 frag@313.07 loss@76.05 loss@60.06 loss@16.03 frag@242.06 loss@15.02 frag@270.05 frag@297.08 loss@57.03 frag@255.07 frag@238.06 frag@249.09 frag@239.07 frag@299.06,0.04168645665 0.03583179787 0.02075023763 0.01998153329 0.01651675068 0.01605615206 0.01471531764 0.01263248082 0.01227751933 0.01223038789 0.0112304315 0.01070005726 0.01030533854 0.009197395295 0.009016713127 0.008330178447 0.007667792495 0.00752736954 0.007456130348 0.007231286261
801,loss@150.08 loss@162.08 loss@205.03 frag@332.08 loss@130.05 frag@163.09 frag@188.08 frag@120.04 frag@121.04 frag@243.16 frag@96.04 frag@147.09 loss@180.09 frag@133.08 frag@174.07 frag@92.05 frag@108.04 frag@334.14 frag@254.07 frag@204.11,0.1934972256 0.09956461936 0.02830043063 0.01497534383 0.01298759878 0.01228280365 0.009889842011 0.008836949244 0.008514480665 0.00737487711 0.007271367591 0.007198592648 0.00706669176 0.006959073246 0.006664680783 0.006579553708 0.006331318524 0.005969838239 0.005853898823 0.005443912931
802,frag@182.08 loss@119.06 loss@92.05 frag@209.09 frag@76.93 loss@96.04 frag@310.17 loss@227.13 frag@280.11 loss@116.06 frag@304.13 loss@107.04 loss@9.98 frag@200.97 frag@249.04 frag@183.09 frag@156.01 frag@258.11 loss@246.02 loss@153.05,0.1510754228 0.1343167275 0.09250145406 0.08014377952 0.0442622155 0.01201746333 0.008862673305 0.007483009249 0.005743666552 0.005386851728 0.004615271464 0.003932021558 0.003733166493 0.003638404189 0.002988534514 0.002649250906 0.002310953336 0.002308260882 0.002269483404 0.002160066506
803,frag@168.96 loss@178.03 loss@135.08 loss@443.21 frag@90.05 loss@143.08 frag@250.06 loss@344.07 frag@118.04 loss@151.11 frag@177.08 frag@328.18 loss@134.08 loss@119.05 loss@161.09 loss@212.11 loss@210.96 loss@163.07 loss@179.04 loss@217.08,0.2565807104 0.090756163 0.03283135965 0.03096972406 0.02397307381 0.01338945702 0.0104926154 0.005776095204 0.005171938334 0.003746999428 0.002919738414 0.002689659595 0.00197754777 0.001933909487 0.001844321727 0.001776080579 0.001754509169 0.001727121067 0.001667717705 0.001617693575
804,frag@195.04 loss@170.11 loss@379.03 frag@223.03 loss@186.0 loss@207.04 loss@255.04 loss@226.09 loss@126.04 loss@187.01 frag@111.05 loss@239.99 loss@261.06 loss@152.0 loss@239.08 loss@290.11 loss@120.03 loss@279.01 loss@267.06 loss@328.18,0.3096818626 0.005011423025 0.004143076017 0.003878826275 0.003784034634 0.002754646586 0.00268310192 0.002670873189 0.002608382842 0.002485312056 0.002466779435 0.002417877549 0.002229352947 0.002190269297 0.002085899469 0.002063984284 0.00206388603 0.00205654162 0.002021657536 0.001970294164
805,frag@139.02 frag@111.03 frag@275.19 frag@314.13 frag@114.0 loss@287.04 loss@235.09 frag@187.98 loss@186.09 frag@149.04 loss@158.07 loss@231.03 loss@225.08 frag@228.03 loss@182.05 loss@168.04 frag@139.03 frag@205.13 loss@229.03 frag@323.11,0.1993201673 0.009602756239 0.002843582071 0.002336085076 0.001767891576 0.001688450226 0.001550586428 0.001431950484 0.001429775613 0.001415269799 0.001404574607 0.001361323404 0.001312507084 0.001274380134 0.001267707557 0.001265142113 0.001256738091 0.001229720772 0.001211481052 0.001207080204
806,loss@209.06 frag@124.09 frag@179.13 frag@137.08 loss@82.04 frag@153.11 frag@151.1 frag@152.12 loss@178.12 frag@122.07 loss@210.17 loss@322.15 loss@150.12 loss@409.09 loss@181.12 frag@108.08 loss@195.16 loss@278.18 frag@110.07 loss@761.39,0.1186069176 0.1180025265 0.07301831245 0.06253293902 0.05445570871 0.0310901925 0.02078954875 0.01793812588 0.01698993891 0.006260785274 0.005384666845 0.005128274672 0.00434214389 0.004339043982 0.004264072515 0.003798778169 0.003732076846 0.003677732777 0.003633482382 0.003536207136
807,loss@214.04 loss@222.08 loss@240.06 frag@109.08 frag@109.01 frag@93.03 frag@65.04 frag@43.02 frag@124.04 frag@208.07 frag@59.0 frag@184.02 frag@84.96 frag@67.02 frag@147.03 frag@336.08 frag@106.07 frag@69.06 frag@80.06 frag@53.04,0.1774845272 0.1096253991 0.01923267357 0.01513029914 0.01129425038 0.01079934835 0.009262949228 0.008250018582 0.007751815487 0.006845009513 0.006459011696 0.006025452632 0.005847099237 0.005526917521 0.005379267037 0.005248435773 0.004992839415 0.004927504342 0.004836141597 0.004779826384
808,frag@164.02 loss@138.03 loss@160.02 loss@237.01 frag@68.01 frag@72.98 loss@151.01 frag@139.04 frag@115.03 frag@147.05 loss@219.0 frag@190.04 loss@183.01 frag@224.04 loss@141.02 frag@123.01 frag@88.02 loss@334.08 frag@281.14 loss@150.03,0.1900923699 0.140170753 0.06927000731 0.0216602385 0.01028551627 0.01004960109 0.007985492237 0.007598391734 0.007233046461 0.006398707163 0.005812620278 0.005063896067 0.004217134323 0.003665861208 0.003630072344 0.003477961058 0.002862329828 0.00281276484 0.002650406444 0.002529573627
809,frag@174.09 loss@267.11 frag@146.1 frag@159.07 loss@279.15 loss@309.1 loss@344.17 frag@204.1 loss@275.05 frag@190.09 loss@215.12 frag@131.07 frag@145.09 loss@300.07 loss@185.01 loss@188.1 frag@132.08 loss@343.11 loss@247.96 frag@144.08,0.2996353507 0.01606675796 0.01026229002 0.008372084238 0.006271895487 0.005851604976 0.005497205537 0.005083136726 0.004611494485 0.00436580088 0.004183226265 0.003869846696 0.003478392493 0.003460630309 0.003362994874 0.003317111172 0.003177649574 0.002973555354 0.00291244965 0.002896999242
810,loss@230.07 loss@229.08 loss@338.1 frag@114.04 frag@44.98 frag@92.06 loss@120.06 frag@65.04 frag@164.07 loss@300.17 frag@193.13 frag@433.19 frag@151.06 frag@178.06 frag@46.34 frag@163.09 frag@70.99 frag@215.1 frag@130.12 frag@206.06,0.1985962838 0.09322848171 0.01810104959 0.01026779506 0.005709299352 0.005564710591 0.004898683168 0.004535032436 0.003937240224 0.003904008307 0.003849193454 0.003805310465 0.003710567718 0.00332323811 0.003290969413 0.003142537083 0.00302149565 0.003020050935 0.003015801311 0.002989576664
811,loss@253.11 loss@155.1 frag@254.12 frag@220.11 frag@367.21 frag@203.1 loss@181.11 frag@154.0 frag@195.99 frag@114.0 loss@183.08 frag@113.02 frag@112.08 frag@149.04 loss@250.1 frag@347.15 frag@168.08 frag@142.12 frag@124.08 loss@172.12,0.1222874224 0.1165633574 0.09338085353 0.007486954331 0.004592819139 0.004349744413 0.003860938596 0.003796387929 0.003459912259 0.003233391093 0.003160652472 0.00291715702 0.002791244769 0.00271285465 0.002648593392 0.002629772527 0.002611883217 0.002565943869 0.002564477269 0.002563572023
812,loss@243.06 frag@115.02 loss@270.11 frag@227.04 frag@330.12 loss@238.2 frag@195.95 loss@283.16 frag@218.05 frag@239.21 frag@208.04 loss@185.0 loss@199.95 frag@189.14 frag@237.03 frag@239.1 frag@115.03 loss@231.02 loss@272.04 loss@143.02,0.149262771 0.05595589429 0.05289319158 0.03667516634 0.02905030735 0.02400010452 0.01776948012 0.007525058463 0.006095538381 0.005700853188 0.005507114809 0.005240712315 0.005122915376 0.004945612047 0.004460429307 0.004221499432 0.003650985891 0.003119563218 0.003068801016 0.002878816333
813,loss@173.12 loss@175.13 frag@146.03 frag@190.12 frag@186.09 frag@239.08 frag@150.13 frag@170.06 frag@228.96 frag@204.07 frag@223.12 frag@201.07 frag@126.08 loss@111.1 loss@62.09 frag@195.09 frag@200.11 frag@267.12 frag@236.08 frag@258.12,0.2275820822 0.02414720319 0.01152085979 0.00808457844 0.007658333983 0.007262124214 0.00390565698 0.003321642056 0.00324838399 0.003076311667 0.003000670346 0.002738112118 0.002497487934 0.002484216122 0.002460955409 0.002373742638 0.002347064437 0.00234066695 0.002311385237 0.00217289594
814,loss@155.02 frag@156.03 frag@129.02 frag@111.03 frag@160.13 frag@318.06 frag@44.98 loss@77.98 frag@188.11 frag@292.13 loss@65.03 loss@195.05 loss@238.07 loss@128.03 loss@81.02 loss@189.99 frag@66.03 frag@84.99 frag@135.0 loss@165.12,0.1930727065 0.1863498092 0.06551651657 0.00847543031 0.004773180466 0.003818677273 0.00348395831 0.003335791873 0.003076910274 0.003053651191 0.003003300633 0.002857493702 0.002686194144 0.002638567006 0.002531684702 0.002335227327 0.002295246581 0.002272943268 0.002246696269 0.002244116738
815,loss@172.12 frag@224.08 loss@284.14 frag@162.13 frag@203.07 frag@87.06 frag@60.04 frag@100.09 frag@57.07 frag@87.04 frag@220.03 frag@167.05 frag@155.98 frag@126.09 loss@197.12 frag@208.03 frag@154.09 frag@111.12 frag@144.95 loss@263.12,0.248962611 0.1212268248 0.01768365689 0.0144539075 0.004594774451 0.00456463173 0.002841160167 0.002680731937 0.002576944418 0.002460739342 0.00235757418 0.002262618393 0.002247475088 0.002169750165 0.002166386461 0.002026198898 0.001866974402 0.001701263594 0.001644436154 0.001644244185
816,loss@198.96 loss@145.09 loss@115.08 frag@303.15 frag@182.94 frag@275.15 frag@225.94 frag@217.12 frag@300.15 frag@162.04 frag@288.08 frag@239.08 frag@323.14 frag@134.99 frag@214.04 frag@299.15 loss@170.97 frag@302.11 frag@274.19 frag@94.04,0.1093836576 0.09984096885 0.07235170156 0.05785545707 0.02421126142 0.02361353487 0.01179986075 0.009659875184 0.0050387308 0.004999743309 0.004598656669 0.004500262439 0.004138472956 0.003355921479 0.003276756499 0.003257520963 0.003236578545 0.003192736534 0.003041853197 0.003003697842
817,frag@195.07 frag@151.04 loss@283.08 loss@539.22 frag@139.08 loss@290.08 frag@165.05 frag@152.05 loss@354.07 loss@526.13 loss@244.14 frag@107.01 loss@600.21 loss@680.2 loss@498.14 loss@194.13 frag@167.07 loss@107.08 loss@208.15 frag@155.07,0.1608262211 0.1378089488 0.04787745327 0.02074135095 0.01700440422 0.01693515293 0.01224111114 0.01014721673 0.006462674122 0.00603669649 0.005563412793 0.005312283523 0.004372799303 0.004365906585 0.004359108862 0.004136268515 0.004003403243 0.00361010246 0.003517105477 0.00319806789
818,loss@272.06 frag@330.12 frag@115.07 loss@238.2 frag@223.02 loss@216.04 loss@274.05 frag@138.01 frag@228.11 frag@255.12 frag@84.09 frag@174.02 frag@84.07 loss@107.02 loss@126.14 loss@298.18 frag@109.03 loss@281.09 loss@130.04 frag@135.04,0.1861257702 0.1002610549 0.08481143415 0.06717783958 0.010072832 0.005657056812 0.005637896713 0.004585008603 0.004546339624 0.004436606541 0.003926958889 0.003622633172 0.003471641801 0.003083955264 0.00305392989 0.002927824389 0.00277239806 0.002619797364 0.002550224541 0.002512397943
819,loss@187.03 frag@237.0 loss@111.11 frag@160.04 frag@144.06 frag@190.04 frag@170.08 frag@152.03 frag@267.05 frag@179.05 frag@138.01 frag@151.03 frag@140.05 frag@114.03 frag@100.02 frag@129.03 frag@325.06 frag@281.14 frag@171.01 frag@181.04,0.2443739176 0.03879240155 0.01413598936 0.006875494029 0.004483622499 0.004421028309 0.004385893699 0.004064615816 0.003569889814 0.002823002636 0.002589496551 0.002385840518 0.002243086929 0.002232755069 0.002221809002 0.002204104792 0.002079688944 0.001808940782 0.001788200345 0.001741057727
820,frag@182.01 loss@292.07 loss@62.09 loss@338.13 frag@74.93 frag@124.04 frag@59.05 frag@303.18 frag@194.08 frag@182.15 frag@59.0 frag@56.96 frag@419.1 frag@94.05 frag@241.11 loss@257.03 loss@275.07 loss@233.13 loss@388.11 frag@81.03,0.1195639968 0.09853092581 0.004754082765 0.003692225786 0.003386599477 0.003220422193 0.003076167777 0.00276422943 0.002717082389 0.002689530607 0.002448616084 0.002123003127 0.00196671579 0.00191244192 0.001906172722 0.00184314244 0.001794093056 0.001755158999 0.001686999458 0.001663181814
821,loss@228.08 frag@106.04 frag@183.01 loss@258.09 loss@275.06 frag@109.06 frag@78.05 frag@153.0 frag@109.07 frag@441.16 frag@132.1 frag@180.04 loss@284.03 frag@214.11 frag@179.07 frag@408.14 frag@176.98 loss@269.07 frag@174.13 loss@235.0,0.1290023327 0.05684949458 0.05573397875 0.04062270746 0.04007771239 0.01213005465 0.01209669281 0.008326618001 0.008211188018 0.006170895416 0.005525386427 0.005192546174 0.004889129661 0.004814125597 0.004465816077 0.004158039577 0.004094087053 0.003901131684 0.003864230122 0.003766688751
822,loss@211.03 loss@218.01 loss@298.03 loss@183.03 loss@330.06 frag@151.03 frag@171.01 frag@129.01 frag@122.06 frag@124.04 frag@138.01 frag@160.97 frag@56.96 frag@206.06 frag@45.99 frag@84.06 frag@120.04 frag@224.01 frag@101.02 frag@158.0,0.108768478 0.0433938317 0.03343214467 0.02468530275 0.01579087786 0.008158642799 0.006733905058 0.006589181256 0.006229685154 0.006138009485 0.00559115177 0.005510375835 0.004691022914 0.003905440914 0.00388654368 0.003669915721 0.003275576979 0.003221606137 0.003196402686 0.003162775189
823,frag@194.08 frag@193.08 loss@119.05 loss@120.06 frag@250.11 frag@209.02 frag@182.08 loss@137.01 loss@77.04 loss@136.03 frag@135.03 frag@261.97 loss@170.01 loss@168.08 loss@180.99 frag@329.12 loss@205.05 loss@127.91 loss@188.97 loss@76.04,0.1544207484 0.09206649661 0.04555829242 0.01758976467 0.01700690761 0.00622276077 0.005451789591 0.003692430211 0.003689626465 0.003423955059 0.003256865777 0.003241222585 0.00313719525 0.003129484365 0.003111531958 0.002747380175 0.002745224629 0.002633467317 0.002593520796 0.002587293973
824,frag@198.1 loss@197.1 frag@219.1 frag@130.97 frag@172.09 frag@130.03 loss@333.12 frag@230.08 loss@269.05 loss@173.1 frag@200.12 frag@134.99 loss@345.15 frag@158.07 loss@191.17 loss@95.04 frag@171.09 loss@110.07 frag@177.05 frag@157.08,0.1902617067 0.1805332154 0.07454714179 0.02117659152 0.005863726605 0.004367982503 0.003635399975 0.003633279353 0.003562109312 0.003036799375 0.00292983395 0.002408773871 0.002104053041 0.001942142146 0.001911178115 0.001802694635 0.001785314176 0.001707270625 0.001697246567 0.001694616629
825,frag@122.07 frag@148.09 frag@136.09 frag@134.07 loss@221.12 loss@192.1 frag@150.1 frag@162.1 loss@327.03 frag@95.06 frag@120.06 frag@124.09 loss@149.1 frag@109.08 loss@220.13 loss@184.04 loss@228.14 frag@107.06 loss@178.11 loss@166.11,0.06558506936 0.05944638327 0.05727227405 0.04649369419 0.04581649974 0.01839998737 0.01690825447 0.01138651371 0.01101602893 0.01099811122 0.01052708831 0.01040763035 0.009871182963 0.00884916354 0.00798571296 0.007484518457 0.007380669471 0.007086005062 0.006777425762 0.006118241232
826,loss@153.04 frag@136.04 frag@53.04 frag@108.04 frag@174.97 frag@178.02 frag@154.05 frag@150.09 frag@113.01 loss@139.04 frag@81.06 frag@332.08 frag@158.04 frag@159.02 frag@161.01 frag@114.03 frag@92.05 loss@254.99 frag@233.07 frag@136.02,0.2675958872 0.01413386408 0.007053768262 0.005820156075 0.004646837711 0.004313811194 0.004151161294 0.00389779103 0.003815657692 0.003625476733 0.003504007822 0.003404880874 0.003382838098 0.003353543114 0.003256609663 0.003125941381 0.002909779549 0.002754257061 0.002748621628 0.002572754165
827,frag@93.03 loss@245.03 loss@248.06 frag@81.03 frag@53.04 loss@268.1 loss@228.07 frag@45.03 loss@287.06 frag@59.0 loss@267.99 frag@138.01 frag@94.06 loss@233.08 loss@313.1 loss@153.04 loss@198.05 frag@198.94 loss@249.11 frag@108.04,0.182651639 0.09273807704 0.06438878924 0.04159499332 0.0223900564 0.005949664861 0.004896888044 0.004231122322 0.004125471693 0.003950322047 0.003510198789 0.003404630581 0.003035952803 0.003033607267 0.002647015499 0.002411164809 0.002384461695 0.00235716626 0.002304347465 0.002249206649
828,frag@192.08 loss@152.0 loss@155.01 loss@167.01 loss@140.0 frag@218.14 loss@123.02 loss@360.07 loss@141.03 loss@383.2 frag@164.03 frag@139.0 frag@139.01 loss@184.04 frag@129.01 frag@152.03 loss@226.09 frag@138.01 frag@132.96 frag@259.03,0.2091999799 0.0803308636 0.06271035969 0.05965027958 0.05905949697 0.05115711316 0.02874040231 0.01300864946 0.008127394132 0.007711604703 0.005285997409 0.005194154102 0.005116428714 0.004259595182 0.004020916298 0.003994693048 0.003710807301 0.003364630742 0.003317290684 0.003062275006
829,frag@125.02 frag@153.01 loss@354.17 loss@264.07 loss@311.06 loss@313.11 loss@297.03 loss@362.09 loss@214.01 loss@152.0 loss@224.03 loss@298.18 loss@226.09 frag@139.03 loss@372.05 frag@189.08 frag@148.02 loss@178.02 loss@354.1 loss@218.98,0.323797524 0.05553852022 0.02859713696 0.02202953771 0.02092130482 0.0180469472 0.01151800901 0.008678220212 0.006955104414 0.005873315968 0.004428702407 0.003729540389 0.003276995849 0.003049510298 0.002528732177 0.002457629889 0.0023921791 0.0020099713 0.001985479612 0.001961944625
830,frag@68.01 frag@67.02 loss@113.01 frag@54.03 loss@180.99 frag@62.99 loss@113.02 loss@115.04 loss@58.01 loss@101.02 frag@55.03 loss@85.02 frag@53.0 loss@112.02 loss@86.01 loss@102.03 loss@100.03 frag@42.03 loss@97.02 loss@73.02,0.1512636989 0.07181952894 0.06001384929 0.02369390242 0.02199378237 0.01837917976 0.007959813811 0.006118091289 0.006105294917 0.005752698518 0.005717510357 0.004850503057 0.004629553761 0.004546429496 0.004002262373 0.00399131747 0.003787497291 0.003747377312 0.003577675903 0.003397790482
831,frag@95.06 loss@139.07 loss@111.08 frag@96.07 loss@253.02 loss@388.12 frag@83.06 loss@183.14 frag@95.07 frag@110.07 loss@141.09 loss@241.06 frag@42.03 frag@54.03 loss@322.15 loss@208.12 frag@150.1 frag@180.01 loss@196.05 loss@93.06,0.2706678808 0.1193790734 0.04408907518 0.022367483 0.02045699768 0.01869173907 0.01318564452 0.01140616089 0.008606933989 0.007148095407 0.006858086679 0.006065926515 0.004946904257 0.0045779543 0.004450881388 0.004151784815 0.003942295909 0.00372197968 0.00359738199 0.003508135444
832,frag@85.05 loss@276.08 loss@284.05 loss@304.07 loss@275.11 frag@175.11 loss@301.1 loss@265.12 loss@308.08 frag@164.0 loss@266.11 frag@128.11 loss@305.1 loss@185.09 frag@114.09 loss@318.07 loss@262.15 loss@229.13 loss@208.04 loss@215.15,0.3197695911 0.1057074443 0.05464775115 0.04256463051 0.008401831612 0.005035892595 0.004995831288 0.00481164502 0.004538938403 0.00447259564 0.00445744535 0.004053009208 0.003964875825 0.00363105908 0.003510600422 0.003396505723 0.003354469314 0.003280732315 0.003114894964 0.003005119273
833,loss@86.01 loss@113.01 loss@101.02 frag@53.0 loss@127.03 loss@89.01 frag@41.04 loss@113.02 frag@72.94 frag@68.01 frag@42.03 frag@54.03 frag@90.03 frag@62.99 frag@67.04 loss@100.03 frag@154.02 frag@53.04 loss@102.03 frag@67.02,0.061607223 0.05315151066 0.05262323469 0.03383976594 0.02945551835 0.02807897702 0.02760012262 0.01732834615 0.0161466673 0.01237502042 0.01149943192 0.01121531613 0.01030045189 0.009911772795 0.009801653214 0.007037513889 0.00664452184 0.006382784341 0.006049876567 0.005447756965
834,frag@70.04 frag@55.03 loss@58.01 frag@98.03 loss@244.04 frag@68.01 loss@113.01 loss@167.03 loss@100.02 loss@280.09 loss@180.99 frag@54.03 loss@258.08 loss@125.1 frag@150.06 loss@115.04 loss@127.03 frag@263.1 loss@84.02 loss@180.06,0.1560452282 0.1271208674 0.1172429621 0.03614410013 0.03296104446 0.01141573396 0.006524744444 0.004283698741 0.003753774799 0.003338523908 0.003080335679 0.002973505296 0.002966436325 0.002856587525 0.002594696591 0.002496112138 0.002050838433 0.002043035813 0.001968596596 0.001796278753
835,frag@195.09 loss@136.09 frag@167.03 frag@194.08 frag@208.11 frag@167.07 frag@204.07 frag@180.08 frag@174.07 loss@120.06 frag@154.06 loss@122.0 frag@144.06 frag@152.05 loss@163.06 loss@168.04 frag@200.06 frag@169.09 loss@169.06 loss@292.07,0.1895223409 0.01111164968 0.01016844902 0.003316084854 0.002928412752 0.002590700286 0.002281530295 0.002104377141 0.002071189694 0.001962547889 0.001880616182 0.001854227041 0.001619393006 0.00160645612 0.001576130046 0.001521561528 0.001482395921 0.001478307298 0.00142528757 0.001396954758
836,loss@144.09 frag@169.03 loss@241.05 loss@266.07 frag@287.07 frag@260.09 frag@162.98 frag@85.04 frag@158.1 frag@201.04 frag@76.04 loss@341.21 frag@161.12 frag@55.04 frag@201.07 frag@104.06 frag@313.12 frag@158.06 frag@133.07 frag@184.1,0.1638924927 0.0916916877 0.09163179249 0.06366421282 0.05288298428 0.03405757248 0.01798388176 0.007810974028 0.007749080658 0.007507819217 0.007044570986 0.00689725019 0.00595174497 0.005368475337 0.004792686552 0.004781214055 0.004164319485 0.003914438188 0.003874013666 0.003856123658
837,loss@94.04 frag@303.03 frag@298.06 frag@231.06 frag@220.13 frag@181.08 frag@177.05 frag@205.04 frag@233.11 frag@174.02 loss@153.04 frag@264.15 frag@210.09 frag@230.08 frag@133.01 frag@189.1 loss@122.03 frag@114.03 frag@192.1 frag@203.08,0.2138591558 0.02421694808 0.02397586592 0.01480145566 0.006654100027 0.006067843642 0.003531340975 0.003404866904 0.00319628627 0.002763409168 0.002692064969 0.002342426218 0.002184031997 0.002089858288 0.002041316358 0.001922381809 0.001854450325 0.001833333285 0.001797209261 0.001786911278
838,frag@68.05 frag@94.06 frag@122.06 loss@234.14 frag@110.06 loss@194.11 loss@236.08 loss@210.1 loss@219.14 loss@237.06 loss@240.06 frag@80.05 frag@120.04 loss@276.11 frag@92.05 loss@214.05 frag@94.07 loss@254.07 loss@235.1 loss@270.04,0.1332517862 0.09252430499 0.0598982051 0.0474277772 0.0372152701 0.03305508941 0.02440832742 0.02265039459 0.01709428616 0.009476893581 0.009316985495 0.009268023074 0.008929619566 0.00886665564 0.008808130398 0.00778910378 0.007777834777 0.007654988673 0.007111911196 0.006641666871
839,frag@158.1 frag@145.09 loss@160.1 frag@143.07 frag@142.07 frag@144.08 loss@272.12 loss@161.0 loss@185.03 frag@160.11 frag@159.1 frag@146.1 frag@174.09 loss@168.0 loss@175.13 loss@303.96 loss@309.1 frag@160.08 loss@333.11 frag@132.08,0.1975074261 0.0360731706 0.01316662319 0.008930277079 0.008414555341 0.008358620107 0.006991007365 0.006012568716 0.00540336594 0.004680895712 0.004625104368 0.004355109297 0.004331258126 0.00431856513 0.004269494675 0.004248341545 0.004245472141 0.00402845908 0.003941785544 0.003896502545
840,loss@279.17 loss@112.06 loss@366.92 frag@338.14 frag@225.16 frag@136.08 frag@223.1 frag@176.07 frag@152.98 frag@319.12 frag@82.98 frag@171.04 frag@150.07 frag@235.97 frag@106.08 loss@340.08 frag@351.18 frag@181.04 frag@93.03 frag@366.15,0.08098120987 0.06333971024 0.05108327046 0.03949315473 0.0132749062 0.007867191918 0.007475770079 0.00536235515 0.004284256604 0.00388969481 0.003204392735 0.00308933924 0.002572298516 0.00249565253 0.002466580831 0.002391253365 0.00231323042 0.002124160063 0.002116081538 0.002052432392
841,loss@278.11 loss@77.08 loss@170.13 frag@235.97 frag@146.02 frag@189.07 frag@189.1 frag@86.06 frag@199.05 frag@162.04 frag@297.17 frag@168.05 frag@216.14 loss@289.11 loss@243.14 frag@286.12 frag@183.95 frag@220.05 frag@313.13 frag@297.13,0.1326123923 0.07859070599 0.01157168858 0.008705127984 0.007430327125 0.006772769149 0.00628817128 0.006110091694 0.00599624496 0.005365526769 0.005263344385 0.004262056667 0.004224670585 0.003681078786 0.003194571938 0.003145286813 0.002882258501 0.002852594014 0.00279424293 0.002768233418
842,frag@159.06 loss@243.14 loss@171.14 loss@262.99 frag@177.07 frag@187.05 frag@131.06 frag@147.06 loss@218.08 loss@168.06 frag@174.07 frag@159.05 frag@132.07 loss@308.07 loss@217.12 loss@194.01 loss@188.94 frag@132.04 frag@120.07 frag@132.06,0.2542492151 0.1502765119 0.04148581252 0.03368738294 0.01878813095 0.01554656029 0.008049777709 0.007572912611 0.00452002883 0.003914214205 0.003257721663 0.003023736179 0.002611492993 0.002611185191 0.00258699432 0.002574470825 0.002487067599 0.002410483081 0.002101121936 0.002063638764
843,loss@132.04 loss@116.05 frag@166.07 frag@137.05 frag@119.04 frag@126.07 loss@133.07 frag@136.06 loss@149.07 frag@110.03 frag@57.04 frag@150.08 loss@131.06 frag@291.1 frag@134.05 frag@112.05 frag@127.06 frag@170.02 frag@148.06 loss@212.01,0.1420045346 0.1304011941 0.07483462244 0.06908620894 0.05050913244 0.03938448429 0.03226806223 0.02632369287 0.02187065221 0.01916211098 0.01566153951 0.01536916848 0.01400921028 0.0101537602 0.009597887285 0.009136802517 0.008334559388 0.007751028519 0.006271660794 0.006195833907
844,loss@79.99 frag@231.15 loss@92.99 frag@207.13 loss@209.01 frag@162.05 frag@172.09 frag@293.11 frag@164.09 frag@440.14 loss@132.07 frag@159.02 loss@164.04 frag@127.02 loss@266.08 frag@132.07 frag@136.02 frag@118.05 loss@78.99 frag@335.11,0.1696828008 0.1314345747 0.04112567008 0.03050746024 0.01834899187 0.003692857223 0.00300154998 0.002724635648 0.00262892805 0.002486299258 0.002405935666 0.00233007106 0.002182062017 0.002175416099 0.002174793743 0.002099939855 0.001972437138 0.001966380049 0.001934131957 0.001903761877
845,frag@135.05 loss@120.07 loss@147.05 loss@129.01 frag@121.04 frag@147.09 frag@192.12 frag@291.11 loss@201.05 frag@79.04 frag@107.06 frag@118.05 loss@84.02 frag@231.12 loss@127.03 loss@191.11 loss@134.08 loss@160.96 frag@96.04 frag@180.1,0.2807743549 0.1341684014 0.07585974783 0.04472230747 0.006712015253 0.004660761915 0.004576559179 0.003473645309 0.003467462957 0.00328301033 0.003114938969 0.003100486239 0.002922055312 0.002807773184 0.002580642235 0.002541334834 0.002487852005 0.002471507527 0.002421251498 0.002353671938
846,frag@132.06 frag@160.05 loss@188.03 frag@120.06 frag@178.06 frag@158.07 loss@244.13 frag@161.08 loss@176.07 loss@293.07 loss@187.07 loss@553.2 loss@106.02 loss@220.04 frag@231.12 loss@309.06 frag@150.07 loss@177.09 loss@194.01 loss@134.07,0.2246689945 0.07375065237 0.02505062707 0.01010591164 0.007899984717 0.007405702956 0.005436879117 0.005402030423 0.00521464413 0.005206331145 0.005038046744 0.004920209758 0.004004940391 0.003803985659 0.00360500603 0.003564556828 0.003146840958 0.003024757374 0.002869675402 0.002839303575
847,loss@269.15 frag@185.03 loss@178.07 frag@282.12 frag@89.07 frag@156.08 frag@199.05 frag@312.17 frag@161.11 loss@62.09 frag@241.02 frag@323.08 loss@243.14 frag@257.11 frag@191.08 loss@190.96 frag@184.08 loss@205.03 frag@155.05 frag@159.05,0.1870260984 0.1177515909 0.01009578723 0.006097577512 0.005831975956 0.003736282 0.003411465557 0.003135001753 0.003097717185 0.002842263319 0.002779923379 0.002691624453 0.002658454236 0.002617515391 0.002545058727 0.002531608101 0.002524284879 0.002514704131 0.002475981601 0.002459712559
848,frag@86.06 loss@173.02 frag@99.05 loss@270.04 frag@131.08 frag@140.11 frag@68.05 frag@56.05 loss@259.0 frag@84.04 loss@196.12 loss@105.04 frag@166.09 frag@114.05 frag@100.08 frag@150.13 loss@314.12 loss@249.12 loss@63.03 loss@278.11,0.2893482447 0.006748484913 0.005025139078 0.004589623772 0.003926249687 0.00383137376 0.003763883375 0.003739596577 0.003376152599 0.003017892828 0.002932383912 0.002716252813 0.002655902412 0.002585360082 0.002525974531 0.00243751728 0.002417416777 0.002346436027 0.002272355836 0.002251168946
849,frag@111.03 loss@199.13 loss@235.09 loss@140.03 loss@225.07 loss@201.11 loss@297.06 loss@222.08 frag@59.0 frag@323.11 frag@149.04 frag@44.98 loss@168.04 loss@237.08 loss@170.04 frag@205.13 loss@197.08 loss@141.02 frag@139.02 loss@154.05,0.3351680636 0.03636427224 0.03134673834 0.02736740746 0.01422439609 0.01146750432 0.008691866882 0.005765120964 0.005441541318 0.00533660315 0.004881698638 0.004534507636 0.003485972993 0.002923078602 0.002732485533 0.00265988824 0.002598099876 0.002549483906 0.002491523512 0.00239845505
850,frag@157.06 frag@171.08 frag@128.06 frag@145.06 frag@155.06 frag@155.05 loss@230.05 frag@185.06 loss@172.07 loss@136.07 loss@158.04 loss@171.96 loss@216.1 loss@127.09 loss@174.09 loss@147.1 frag@448.16 loss@165.07 loss@194.02 loss@144.06,0.1498184502 0.1023789644 0.04058698192 0.00939113088 0.008518006653 0.005810153205 0.004897233099 0.004030353855 0.003835807787 0.003606459126 0.003545198357 0.00331934914 0.003139441833 0.003060684772 0.002720988588 0.002708121203 0.002597309183 0.002490928397 0.002389694331 0.002327500377
851,frag@266.08 loss@267.06 frag@322.19 loss@35.04 loss@337.1 frag@282.08 frag@203.04 frag@116.93 frag@103.96 frag@257.11 loss@120.03 loss@276.1 loss@331.11 frag@231.13 frag@219.13 frag@195.08 frag@184.14 frag@195.04 loss@185.15 loss@239.08,0.1627578437 0.1010533869 0.05177692324 0.02779765986 0.02056405134 0.01212716941 0.008828730322 0.005768651143 0.005086958408 0.003192354692 0.003159983549 0.002949388698 0.002841108944 0.002815697109 0.002752305707 0.002662723418 0.0022133491 0.002123059006 0.002094647381 0.002040907042
852,loss@138.07 frag@256.14 frag@295.14 loss@165.08 frag@145.04 loss@137.08 frag@258.16 frag@180.1 frag@190.09 frag@216.1 frag@173.09 loss@124.05 frag@286.03 frag@161.06 frag@340.13 frag@184.1 frag@157.06 frag@153.02 frag@211.98 frag@217.1,0.309150666 0.1411242634 0.01351444144 0.01027694345 0.008267253637 0.006077334285 0.004990163259 0.004977776669 0.004743648693 0.003884812584 0.003524594009 0.003325359896 0.003306590719 0.002964178566 0.002926648362 0.002796306275 0.002617064863 0.002583415713 0.002542539034 0.002497544512
853,loss@112.05 frag@97.06 frag@85.06 frag@113.06 frag@67.05 frag@43.02 loss@339.13 loss@105.08 loss@244.03 frag@102.09 frag@41.04 frag@260.18 loss@259.01 loss@744.25 frag@97.03 loss@230.16 frag@69.03 loss@833.44 frag@205.06 frag@44.01,0.2762928307 0.1983249635 0.06599861383 0.0394445397 0.03465500101 0.02329739556 0.01290414948 0.008206021972 0.003356253961 0.003333493834 0.003119695 0.003006078536 0.00246361387 0.002255000873 0.002252811566 0.002123007551 0.002096252749 0.002083824947 0.002052150434 0.002031250158
854,frag@191.06 loss@279.05 loss@190.06 frag@314.13 frag@194.99 loss@292.04 loss@228.09 loss@218.05 loss@290.11 loss@211.01 loss@140.03 loss@271.13 loss@169.11 loss@347.09 loss@235.08 frag@190.02 loss@229.03 loss@273.06 frag@174.04 loss@244.07,0.32642892 0.02111080289 0.006164161023 0.005057097878 0.004307593685 0.00354271126 0.003332428169 0.003189598676 0.002908894559 0.002875998616 0.00285729114 0.002732035704 0.00234942697 0.002338405699 0.002040647203 0.001983254217 0.00198276015 0.001948965015 0.001948884688 0.001929294202
855,frag@132.08 loss@264.11 loss@326.09 loss@251.04 loss@305.09 loss@191.0 frag@117.06 frag@204.1 loss@220.06 loss@346.14 loss@267.11 loss@261.14 loss@92.08 loss@250.14 loss@296.06 loss@202.06 frag@160.08 frag@142.06 frag@160.1 loss@279.15,0.2623532712 0.05829949677 0.04439140111 0.03137873486 0.02799984068 0.02146027982 0.02097328566 0.01903471723 0.01768263429 0.01656954363 0.01617492549 0.0159618482 0.01318039279 0.01106838044 0.01037398167 0.00950360857 0.009383528493 0.007429830264 0.007199631538 0.007112851832
856,frag@112.02 frag@70.99 frag@140.02 loss@222.09 frag@44.98 loss@191.14 frag@73.01 frag@85.01 frag@72.0 loss@224.04 loss@115.99 frag@114.04 frag@71.0 loss@141.02 loss@217.04 loss@152.06 frag@86.99 loss@228.12 frag@98.01 loss@175.05,0.118070215 0.1163859069 0.05551574007 0.03685121238 0.03174342588 0.02678447589 0.02462072484 0.02438352816 0.01611284167 0.01364203729 0.0112578636 0.007483247202 0.006172575522 0.005615611095 0.004865245894 0.004714348353 0.004070144612 0.003916196991 0.003454873338 0.003370306455
857,frag@84.04 loss@356.15 loss@92.01 loss@247.1 loss@135.02 loss@222.06 loss@259.0 frag@56.05 loss@255.04 loss@288.15 loss@281.15 loss@208.04 loss@210.15 loss@216.02 loss@262.15 loss@63.03 loss@86.01 frag@55.02 loss@271.1 loss@261.15,0.3488489091 0.01296505798 0.008613411337 0.006600196008 0.005080919247 0.004544280469 0.004308381584 0.004199253861 0.003858711338 0.003494281555 0.003162759822 0.003076276043 0.003028652165 0.002905870555 0.00264673098 0.002639986342 0.002514869208 0.002437308198 0.002382205799 0.00233903015
858,loss@149.06 frag@193.09 frag@215.07 frag@167.03 frag@265.05 frag@213.02 frag@280.11 loss@187.0 frag@201.05 frag@143.05 loss@178.12 loss@150.03 frag@218.09 loss@136.09 loss@121.05 frag@277.11 frag@148.05 frag@107.01 loss@94.04 frag@191.07,0.1833693981 0.1416250914 0.07325695455 0.008668284863 0.005017139483 0.004535882734 0.003240295919 0.002789990976 0.002784481971 0.002728155116 0.002492556348 0.002438921481 0.002365908818 0.002342447871 0.002260152251 0.002153184498 0.002113130642 0.002101780148 0.002043074463 0.002028933261
859,frag@181.11 loss@287.09 loss@288.15 loss@232.02 loss@260.08 frag@84.06 frag@84.04 frag@124.11 frag@98.08 loss@275.12 frag@84.08 frag@173.06 frag@108.08 frag@203.13 frag@163.12 frag@164.07 frag@235.97 frag@95.01 loss@260.15 loss@276.07,0.1455356777 0.1182880253 0.08082451671 0.02607662976 0.00750815589 0.006364008877 0.006129621062 0.005850013345 0.005669921637 0.004477496725 0.004126138054 0.003978103399 0.003391734092 0.003059996292 0.003034155117 0.002979920711 0.002949289046 0.002841617912 0.00277077104 0.002678933088
860,frag@126.01 loss@182.14 loss@223.16 frag@214.13 frag@268.05 frag@246.15 loss@317.16 frag@235.98 loss@262.08 frag@124.05 frag@203.1 loss@236.19 loss@159.13 loss@242.13 loss@447.16 loss@356.07 frag@186.07 frag@166.06 frag@212.12 frag@157.01,0.1662490666 0.1518525481 0.07792471349 0.051982373 0.0391558893 0.03067231923 0.02268601768 0.01713685133 0.01357127912 0.00541554112 0.004073490854 0.003517564852 0.003200170584 0.003087284509 0.003063637996 0.002768689999 0.002612523036 0.002471011598 0.002306991024 0.002299237531
861,frag@137.06 loss@270.09 loss@282.1 loss@292.12 loss@234.13 frag@139.08 loss@329.11 frag@351.09 loss@327.12 loss@298.04 loss@301.18 frag@163.06 frag@151.08 loss@314.07 loss@289.1 loss@101.12 frag@109.06 loss@281.11 frag@99.04 frag@78.05,0.3160030544 0.06336037815 0.02873184904 0.02664895169 0.0226792451 0.01737153344 0.01026441995 0.008622881025 0.007508693263 0.007417910267 0.006837812718 0.0066062361 0.006563076284 0.006560282316 0.006333364639 0.006146497559 0.005667543504 0.005304658785 0.004790589679 0.004762121011
862,frag@107.05 loss@327.15 loss@217.13 loss@314.09 frag@79.05 loss@310.13 frag@95.05 loss@355.15 loss@273.18 frag@135.08 loss@359.12 loss@637.26 loss@278.1 frag@125.06 loss@330.1 loss@287.2 loss@621.23 loss@334.12 frag@80.06 loss@306.1,0.3124220073 0.03558927774 0.03126667067 0.02528695203 0.02514817752 0.01597851515 0.0155039113 0.01464032661 0.01428911928 0.0138573302 0.01302807126 0.01224416681 0.01020677201 0.008878007531 0.00825096108 0.007519165054 0.007115058601 0.006976257078 0.006873548962 0.006805767771
863,loss@143.13 loss@213.14 frag@83.09 loss@154.1 frag@146.02 frag@174.03 frag@150.13 frag@97.1 frag@55.05 loss@199.12 frag@189.07 frag@84.08 frag@58.03 frag@163.05 frag@198.95 loss@227.17 frag@59.05 frag@191.11 loss@171.13 frag@155.12,0.1778630912 0.04810896143 0.03970718756 0.03816344589 0.01773835905 0.007996447384 0.00790316239 0.007365854923 0.00591810327 0.005261261482 0.004908481613 0.004860210698 0.004418474156 0.004218403716 0.00406579487 0.004065244459 0.003976156469 0.003867049236 0.003792871023 0.003445259761
864,loss@183.09 loss@251.07 loss@244.09 loss@251.13 frag@55.02 frag@156.14 frag@124.04 frag@58.03 frag@67.05 frag@93.03 loss@272.07 frag@44.01 frag@122.06 frag@97.06 frag@171.01 frag@84.08 frag@84.09 frag@41.04 frag@241.02 frag@59.05,0.1045270339 0.08315774798 0.07641121 0.06758459657 0.02126152068 0.0182182733 0.0149708651 0.01490470767 0.01062075328 0.01018787548 0.009958228096 0.008845518343 0.008454881608 0.008394652046 0.008143311366 0.007984111086 0.006418216042 0.006257764529 0.005998995155 0.00588587625
865,loss@141.08 loss@170.11 frag@41.04 frag@112.08 frag@154.02 frag@45.03 frag@318.03 frag@55.02 frag@307.19 frag@188.99 frag@178.12 frag@358.13 frag@181.02 loss@143.09 frag@191.06 frag@99.01 frag@227.13 frag@72.04 frag@43.03 frag@114.0,0.3030642271 0.01094245724 0.005771493074 0.005371062085 0.005014180671 0.00492608035 0.004060239531 0.00401928043 0.00391612621 0.003170846263 0.002898195991 0.002804667223 0.002791787498 0.002687956439 0.002579863416 0.002489153296 0.002246524906 0.002210575854 0.002073266078 0.002042462816
866,frag@211.98 loss@243.01 loss@200.98 frag@300.17 loss@148.05 frag@231.12 frag@123.01 frag@229.11 frag@200.08 frag@241.04 frag@158.07 frag@234.12 loss@309.06 frag@148.07 frag@332.06 frag@163.1 frag@349.07 loss@179.04 frag@126.01 loss@137.08,0.08333823085 0.07619748265 0.06409541517 0.04390766472 0.008954813704 0.005910664797 0.005566770211 0.004990289919 0.004471935797 0.003924759105 0.003733897349 0.003729221178 0.003713017795 0.003620249452 0.003491427051 0.003199302824 0.003115606029 0.003037124174 0.00296094059 0.00281916582
867,frag@185.97 frag@224.07 loss@304.09 loss@129.11 loss@255.03 frag@196.08 loss@270.05 frag@94.99 frag@206.06 loss@166.15 loss@110.02 frag@157.03 loss@271.07 loss@84.0 frag@181.04 loss@202.04 frag@224.99 frag@141.0 frag@318.17 frag@210.06,0.0994823128 0.09707712382 0.08306443691 0.05251228437 0.03507917374 0.03432647139 0.02777395211 0.008689417504 0.006913440302 0.005539963953 0.003832132556 0.003778460203 0.003440627595 0.003082215087 0.002902410692 0.002877302701 0.002633519936 0.002334487857 0.002282165457 0.002141732955
868,frag@146.02 loss@259.17 loss@261.18 loss@229.02 loss@227.17 loss@231.16 loss@211.99 loss@143.13 frag@277.1 loss@170.13 loss@175.12 frag@196.11 loss@210.17 frag@155.02 loss@189.14 loss@156.13 frag@189.07 loss@327.11 loss@210.15 loss@168.16,0.3433765173 0.05222190171 0.04541039467 0.03690152615 0.02046010457 0.007751869038 0.006886785384 0.006358117796 0.006293897051 0.00614475878 0.004645354114 0.003989993129 0.003896693233 0.00334566622 0.003066474805 0.002822599374 0.002284352435 0.002257118002 0.002226663288 0.00220413832
869,frag@184.04 loss@125.04 frag@309.14 loss@151.02 loss@174.01 frag@240.14 loss@190.96 frag@207.02 loss@135.09 frag@224.04 frag@166.03 loss@193.13 loss@141.1 loss@134.05 frag@391.17 frag@200.06 frag@286.03 loss@101.05 loss@279.14 loss@240.03,0.1228511557 0.09977049381 0.03487464413 0.02246877365 0.01653843559 0.01220555883 0.009238108993 0.006505991332 0.005340782925 0.00481821131 0.004308967851 0.003703128546 0.003128741635 0.002773851156 0.002640492981 0.001970765879 0.0019094944 0.001898311079 0.001897484879 0.001818325836
870,frag@174.05 frag@222.08 loss@396.19 frag@189.04 loss@166.09 loss@149.01 frag@147.01 loss@119.05 loss@96.04 loss@158.01 frag@267.09 loss@144.0 loss@342.11 frag@255.06 loss@194.04 loss@193.16 loss@156.02 frag@157.03 loss@269.1 loss@218.13,0.2408863008 0.06585100293 0.04632544145 0.03756072745 0.007364169694 0.006932800636 0.006751423702 0.004552948289 0.004081846215 0.003405046882 0.003341425909 0.003236295423 0.003039228264 0.002975846874 0.002607389586 0.00251902733 0.002410940826 0.002281847876 0.002268821467 0.002040998777
871,frag@95.09 loss@198.17 frag@67.05 loss@236.15 loss@181.15 loss@224.15 frag@81.07 loss@318.17 loss@265.13 loss@112.09 loss@199.16 frag@109.1 loss@256.15 frag@110.1 frag@225.16 frag@113.1 loss@275.01 loss@314.17 loss@215.15 loss@161.14,0.2515465021 0.08597894758 0.07803820819 0.06887353957 0.06453955173 0.04770635068 0.0295330584 0.02109546028 0.01716059819 0.01673534513 0.01253854576 0.01175887231 0.01046798751 0.009989824146 0.009082376026 0.00788702257 0.007440825459 0.007213085424 0.00684286328 0.00615970185
872,frag@233.08 loss@213.13 loss@239.14 frag@256.12 frag@248.06 loss@177.0 loss@170.15 frag@250.07 frag@383.16 frag@288.13 loss@143.13 loss@249.16 frag@223.02 frag@161.09 loss@138.14 loss@327.11 loss@265.12 loss@252.18 frag@109.09 frag@123.02,0.09007372707 0.05723113194 0.05511017889 0.04873183742 0.03559080884 0.02200511843 0.01994493231 0.01927372254 0.007141227834 0.006943742745 0.006926387548 0.006541625131 0.004693582188 0.004527152982 0.004506780766 0.004443299025 0.004201835953 0.004107599612 0.003715238301 0.00350514194
873,loss@192.14 frag@193.01 loss@209.03 frag@211.02 loss@314.12 loss@301.05 loss@220.13 loss@311.07 frag@155.05 frag@290.13 frag@107.02 frag@192.14 frag@233.11 frag@99.05 frag@52.03 frag@109.04 frag@146.04 frag@122.07 frag@150.1 frag@188.97,0.1799253821 0.1457353532 0.0602603294 0.01799799874 0.0177907981 0.01052401587 0.01030800864 0.008693850599 0.006997014862 0.006437001284 0.006409494206 0.006395154633 0.005637792405 0.004489608575 0.003753325436 0.003731917124 0.003534956137 0.003531101625 0.003499950748 0.003236831166
874,frag@255.06 loss@214.03 loss@228.04 frag@107.01 frag@102.03 frag@125.99 frag@299.14 frag@237.0 frag@305.1 frag@267.05 loss@206.08 loss@212.05 frag@377.07 frag@218.09 frag@211.05 loss@245.07 frag@161.12 frag@247.01 loss@156.02 frag@129.04,0.09897780418 0.09767135233 0.09358992428 0.005511734635 0.005178923719 0.004420705605 0.004304437432 0.003807204543 0.003625468817 0.003179323394 0.00315773068 0.003121503163 0.002997744363 0.002909685252 0.002738012932 0.002651168266 0.002648645546 0.002535801614 0.002513071988 0.002427853411
875,loss@276.12 frag@179.12 frag@220.02 frag@198.15 loss@285.17 frag@336.21 loss@193.11 frag@125.99 loss@220.11 frag@264.03 frag@146.12 frag@99.07 frag@173.95 loss@276.15 loss@306.15 frag@99.06 loss@275.05 frag@84.04 frag@129.1 loss@234.14,0.1307528168 0.1064091846 0.071447514 0.04225320742 0.02152663842 0.01456760708 0.004002184607 0.003906301688 0.003852925031 0.003773203818 0.003690023674 0.003559354227 0.003195408266 0.003167116549 0.003036001232 0.003013010835 0.002926384332 0.002918959828 0.002873412333 0.002831489546
876,frag@180.05 frag@152.05 loss@292.09 loss@196.07 loss@165.06 frag@163.02 loss@212.11 frag@135.03 frag@314.13 frag@134.02 frag@122.04 loss@232.06 loss@244.07 loss@305.1 frag@93.03 frag@140.05 loss@305.08 loss@198.05 loss@144.05 frag@274.01,0.1764407158 0.1183722243 0.02803551964 0.01708120666 0.006342200097 0.004524795804 0.00412647007 0.004029354081 0.003394318512 0.00336883706 0.003147608833 0.002861780813 0.002711010864 0.002699763048 0.002660205821 0.002490660641 0.002303979127 0.002228716854 0.002008934738 0.001988467993
877,loss@196.08 frag@140.08 loss@239.09 loss@274.12 frag@381.17 frag@123.03 frag@112.08 frag@110.1 frag@86.06 loss@122.1 frag@68.05 frag@209.14 frag@96.02 frag@124.08 loss@266.11 frag@135.0 frag@178.06 loss@186.05 frag@155.98 frag@82.03,0.1979296952 0.08768946677 0.06883056462 0.01928490028 0.009994791821 0.008416045457 0.007525877561 0.006453565322 0.006304595154 0.006196904927 0.005890909582 0.005023650359 0.00477703521 0.004232924432 0.003917674068 0.003911085892 0.003778787097 0.003742620582 0.003706109012 0.003621519078
878,frag@231.02 frag@344.11 frag@187.05 frag@211.01 loss@139.07 loss@167.02 loss@45.02 frag@147.03 loss@177.07 loss@113.01 loss@94.05 loss@218.04 loss@98.05 loss@179.98 loss@244.08 loss@120.07 loss@288.07 loss@42.01 loss@259.11 loss@86.01,0.1838930845 0.01625569165 0.007372838445 0.004300128203 0.003472729353 0.002459914191 0.002247259486 0.002236140659 0.002067443216 0.001970426412 0.001920049544 0.001915097237 0.001886362792 0.001874290523 0.001809451613 0.001750680152 0.001651697676 0.001612715889 0.00156708085 0.001566904597
879,frag@160.02 loss@179.12 frag@142.01 loss@155.03 loss@205.0 loss@79.99 frag@186.08 frag@118.92 loss@169.06 frag@368.13 frag@163.03 frag@122.01 frag@106.07 frag@230.98 frag@135.0 loss@189.05 loss@234.17 loss@162.06 frag@181.04 frag@121.09,0.1240900457 0.08673907816 0.08227488399 0.05811613798 0.005381710827 0.004749835003 0.004643652588 0.004100278486 0.003158895299 0.003037507879 0.003009317676 0.002766660182 0.002763342811 0.002420983976 0.002300312975 0.002109478926 0.002092394279 0.002065861598 0.001996844308 0.001858283998
880,loss@200.07 frag@157.06 frag@156.04 frag@141.03 frag@159.04 frag@228.06 frag@141.05 frag@217.1 frag@412.32 frag@111.05 frag@169.0 frag@133.04 frag@314.11 frag@210.13 frag@141.01 frag@70.04 frag@228.03 frag@196.05 frag@161.99 frag@216.1,0.2585973144 0.01867210679 0.009023107588 0.00788917765 0.007521347143 0.006082201842 0.004974949639 0.004613809753 0.004480192438 0.00393044902 0.003747053677 0.003465372138 0.003369080834 0.003313879017 0.003165424801 0.003148991382 0.003147850279 0.002876503626 0.002616455313 0.002561087022
881,frag@100.5 loss@112.0 frag@94.04 frag@100.0 frag@214.03 loss@234.94 frag@230.93 loss@118.05 frag@224.09 frag@202.97 loss@224.99 frag@322.15 frag@273.13 loss@198.94 frag@107.04 frag@170.0 frag@67.03 loss@54.01 frag@317.11 frag@186.98,0.003446933813 0.002611675067 0.002447056118 0.002412234433 0.002389878733 0.002383145969 0.002275934443 0.00210271473 0.002096335171 0.002028035698 0.001823322964 0.001821958343 0.00178904226 0.001783242566 0.001512251562 0.001502503641 0.00148134178 0.001474876772 0.001462382614 0.001429392374
882,frag@163.08 loss@295.14 loss@285.14 frag@274.18 frag@135.08 frag@165.09 frag@121.03 frag@151.08 frag@167.13 frag@218.15 frag@105.07 frag@121.06 frag@147.08 loss@254.12 loss@292.18 frag@150.07 frag@133.06 loss@237.16 loss@263.19 loss@162.07,0.1927559823 0.04045949131 0.02935601957 0.01237776317 0.01194919366 0.01148081291 0.007051873486 0.005674286745 0.005641383585 0.005567189772 0.005511817522 0.005454157945 0.005428906064 0.005267007742 0.00497511914 0.004117948934 0.004109596834 0.00401645666 0.003960847855 0.003895269008
883,frag@173.11 loss@188.09 frag@160.1 loss@331.09 frag@159.09 frag@158.08 loss@321.18 loss@202.1 loss@311.04 loss@217.12 loss@309.1 frag@161.11 frag@144.08 loss@307.04 loss@275.07 loss@127.01 loss@302.14 loss@333.21 frag@172.1 loss@218.12,0.1561584324 0.05515528098 0.03214348108 0.01887805015 0.01309769228 0.008424999192 0.007249775343 0.006028340664 0.005780907348 0.005383579526 0.004997714888 0.004966977518 0.004416415934 0.004109583329 0.00406881189 0.003985291813 0.003450623946 0.003408828052 0.003297775052 0.003284053411
884,loss@252.1 frag@223.06 frag@195.05 frag@199.06 loss@197.1 frag@156.08 frag@140.05 loss@308.04 frag@178.05 loss@357.12 frag@336.17 frag@201.09 frag@182.08 frag@235.97 frag@154.06 frag@275.13 frag@173.06 frag@188.07 frag@255.08 frag@169.06,0.2380234748 0.09292120486 0.03409683704 0.02375854738 0.008275832981 0.00662255194 0.005685724784 0.003681548173 0.0033148902 0.003286445513 0.002862272551 0.002836532192 0.002811339684 0.002528965706 0.00250835577 0.002382572973 0.002236836357 0.002094758675 0.002049295697 0.001997007057
885,loss@224.13 frag@183.11 frag@218.12 loss@230.15 loss@198.11 frag@146.01 frag@259.04 loss@307.08 loss@265.08 frag@86.06 frag@218.14 loss@212.15 loss@251.15 frag@140.11 loss@330.17 frag@341.2 loss@308.08 frag@115.09 frag@166.06 loss@223.13,0.146024093 0.08143661171 0.05663442984 0.03217871487 0.03008401394 0.02558468096 0.02418417297 0.02354714274 0.008040245622 0.006796238478 0.005109053571 0.004875890445 0.004764555488 0.004451103508 0.004432037938 0.004366651177 0.004212453961 0.003863279941 0.003765333444 0.003527247813
886,frag@140.03 loss@281.07 loss@382.17 frag@201.04 frag@137.03 loss@259.09 loss@181.12 frag@124.04 frag@141.05 loss@225.07 frag@180.04 frag@138.05 loss@217.05 frag@84.04 loss@229.03 loss@247.1 frag@150.06 loss@246.1 loss@230.04 frag@208.04,0.2286932617 0.1155976355 0.005918496754 0.005234960467 0.00486470433 0.00459063286 0.004536315799 0.004112125374 0.004088900518 0.003899948904 0.003465014743 0.003374269931 0.003339193063 0.003330280073 0.003219396574 0.003004378406 0.00262819347 0.002527507953 0.002526100492 0.002469360596
887,loss@259.08 loss@149.12 frag@142.97 frag@324.12 frag@171.04 frag@249.13 loss@122.0 frag@239.12 loss@113.13 frag@177.05 frag@258.1 frag@186.08 frag@201.07 frag@200.99 frag@213.1 frag@204.07 frag@253.13 frag@203.05 frag@183.05 frag@247.07,0.1317622215 0.1143769398 0.03300711513 0.02549083345 0.01940881461 0.01585913822 0.01392437052 0.007719527464 0.005340277217 0.004460843746 0.003379622009 0.003223784734 0.003175663762 0.003123513423 0.003053475637 0.002955215052 0.002888046438 0.002738582669 0.002663005609 0.002638036851
888,frag@188.12 loss@147.08 frag@200.12 frag@129.06 loss@138.02 loss@134.03 frag@214.13 frag@158.07 loss@113.04 loss@138.09 loss@138.1 loss@124.05 loss@132.07 loss@137.1 loss@173.1 loss@119.05 loss@187.93 loss@126.02 frag@122.94 loss@123.04,0.1511373967 0.08561240882 0.0681765154 0.05565036833 0.03605405241 0.02938103117 0.01254073344 0.01039429381 0.009083739482 0.008380767889 0.007561456412 0.007505847607 0.007114778738 0.006693175528 0.006626569666 0.00496414816 0.004928180948 0.004895816091 0.004828515463 0.004281073809
889,frag@173.02 loss@154.06 frag@145.03 frag@157.03 loss@173.06 loss@147.08 loss@242.07 loss@150.03 frag@191.13 loss@354.16 loss@196.11 loss@354.09 loss@192.08 frag@239.1 loss@382.09 loss@193.08 frag@218.09 frag@139.04 loss@189.04 frag@278.09,0.3354305029 0.2097915262 0.007815264165 0.004887769464 0.003752420656 0.003545656335 0.002953936346 0.002248360543 0.002102166181 0.002045750385 0.00178705994 0.001765276771 0.001744510257 0.001554456889 0.001495325589 0.001492531621 0.001430001459 0.001380874659 0.001370943151 0.00131940085
890,loss@96.06 loss@126.07 frag@256.11 frag@247.13 frag@83.09 frag@41.04 loss@175.12 frag@69.07 frag@74.02 frag@183.06 frag@97.06 frag@180.07 frag@62.02 loss@726.37 frag@87.08 loss@342.1 loss@184.13 frag@141.02 frag@44.01 frag@156.1,0.1872414201 0.1438115388 0.1005597785 0.02460014634 0.01582024992 0.01365230791 0.01328360382 0.01311993878 0.004609697498 0.00460203737 0.004427753855 0.004119316582 0.003563289065 0.003542640479 0.003238261677 0.003188666655 0.003140165471 0.003116835374 0.003056341782 0.003032888286
891,frag@147.03 loss@251.2 loss@258.17 loss@184.15 frag@220.01 loss@320.1 loss@160.02 loss@199.13 loss@178.07 frag@188.05 frag@163.02 frag@148.02 loss@118.09 loss@280.09 loss@338.1 loss@194.04 loss@237.08 frag@135.03 frag@166.09 frag@174.04,0.2745268345 0.05493922532 0.02876047976 0.01795670018 0.01305415854 0.01144164521 0.009288805537 0.005434625316 0.002866941039 0.002200274263 0.002075595548 0.001763855689 0.001756652375 0.001727645285 0.00172721257 0.001662868424 0.00163481175 0.001624961733 0.001620658557 0.001574175432
892,loss@229.06 frag@136.11 frag@204.14 frag@212.11 loss@293.03 frag@154.0 loss@337.18 loss@177.15 loss@289.08 loss@348.08 loss@221.1 frag@433.19 frag@212.06 loss@347.12 frag@275.18 loss@342.1 loss@276.16 frag@188.03 loss@246.13 loss@236.17,0.09108901769 0.06813181192 0.05077724531 0.04695117846 0.03191392496 0.02623729594 0.01241686009 0.01194316987 0.0059699337 0.005260196514 0.004968854599 0.003797936952 0.003524506697 0.002931684023 0.002863204805 0.002664902946 0.002562094945 0.002392144175 0.002350513125 0.002299101558
893,frag@127.03 frag@155.03 loss@263.05 loss@160.98 loss@215.04 loss@195.05 loss@201.04 loss@311.05 loss@126.02 loss@224.03 loss@151.02 frag@113.02 frag@139.03 loss@185.1 loss@210.14 loss@209.06 frag@209.04 loss@308.07 loss@262.99 loss@208.14,0.1858919561 0.1447998732 0.05647274479 0.01841922291 0.006900776178 0.005147868302 0.003233944997 0.003177840263 0.003036839655 0.00296917744 0.00261317892 0.002365833847 0.002344636014 0.002232003957 0.002227519406 0.002186219208 0.002042918699 0.002033622004 0.001956728054 0.001934338128
894,loss@171.05 frag@84.99 frag@328.11 frag@84.05 frag@141.05 frag@139.03 frag@161.06 frag@125.02 frag@135.05 frag@137.03 frag@163.05 frag@173.06 loss@223.04 frag@191.12 frag@317.11 frag@59.0 frag@259.03 frag@142.04 frag@86.01 frag@117.04,0.2736544609 0.008589733392 0.006518976763 0.004425068852 0.00441912422 0.004320851527 0.004142321181 0.004073018208 0.004012587946 0.003815835807 0.003497358877 0.003482077038 0.002870663535 0.002846793504 0.002827016637 0.00275661773 0.002737161471 0.002725986065 0.002709003398 0.002644797554
895,frag@177.07 frag@204.08 loss@158.12 loss@68.01 loss@121.06 frag@223.05 frag@280.09 loss@120.07 loss@208.18 loss@397.08 frag@303.1 loss@45.02 loss@96.07 frag@158.07 loss@42.01 loss@158.04 loss@147.05 loss@94.05 loss@151.02 loss@91.04,0.1833314449 0.05497080088 0.03570014611 0.02559190616 0.01965265162 0.01754362136 0.01650575548 0.01239132602 0.009935733862 0.005942949094 0.005085461307 0.004880999215 0.004489757121 0.0043258816 0.0042910669 0.00412850501 0.004086494911 0.003691375721 0.003608290339 0.003458635882
896,loss@256.08 frag@247.07 loss@292.06 frag@172.93 loss@252.03 loss@228.12 frag@127.0 frag@147.09 frag@208.07 frag@178.07 frag@211.01 frag@161.03 frag@178.01 loss@356.15 frag@190.02 frag@381.17 frag@248.1 loss@238.07 frag@337.15 frag@228.08,0.09716344625 0.05284573138 0.05169636384 0.04941669852 0.04242810234 0.02094361745 0.007308657747 0.006682721432 0.005938699003 0.005846458022 0.00582626462 0.004903302062 0.004896481987 0.00345311733 0.003200897947 0.002997101285 0.00291611487 0.002908919007 0.002873138292 0.00263216719
897,loss@191.1 loss@198.09 loss@226.12 frag@83.01 frag@129.07 frag@147.08 loss@318.16 frag@123.08 frag@117.07 frag@228.06 loss@350.15 frag@128.06 frag@73.05 frag@110.02 frag@255.09 frag@145.07 frag@376.15 loss@327.17 frag@131.08 frag@130.08,0.1203256249 0.09045545012 0.0545072332 0.05422818288 0.0299969241 0.02072729915 0.02028888464 0.01349241287 0.009830676019 0.007862118073 0.007679669652 0.007166047115 0.005946566351 0.005924835335 0.004877128173 0.004472410772 0.004291322082 0.004267012235 0.004242099356 0.004213332199
898,loss@149.08 loss@165.08 frag@133.06 loss@190.11 loss@218.11 loss@179.09 loss@220.12 frag@122.1 frag@148.08 frag@146.1 frag@308.14 frag@46.24 loss@203.11 loss@175.1 loss@175.06 frag@161.11 frag@281.14 loss@230.11 loss@204.09 frag@146.06,0.04967202246 0.04763891548 0.03484931588 0.0314953886 0.02768273465 0.02566203848 0.02442988195 0.02405652031 0.02393119223 0.02129981108 0.01815633848 0.01798805781 0.01632488891 0.01472994965 0.01349941548 0.01347078662 0.01324799843 0.01310711354 0.0123139089 0.01068133023
899,loss@134.07 frag@161.06 frag@133.06 frag@123.08 frag@176.11 frag@132.06 frag@131.05 frag@103.05 frag@145.09 loss@172.08 frag@160.05 frag@156.03 frag@162.07 frag@247.01 frag@231.12 frag@185.09 frag@135.08 loss@553.2 frag@118.04 frag@256.05,0.2849396467 0.02598153986 0.01531573851 0.01389308367 0.006219575647 0.005569215864 0.005024910439 0.004138784483 0.003743659938 0.003555475734 0.003468438052 0.003288315609 0.003285218729 0.003238065168 0.003233485622 0.003035269212 0.002851050813 0.002833073493 0.002814830979 0.002735724673
900,frag@97.04 loss@201.05 loss@210.06 loss@229.05 loss@215.04 loss@223.15 frag@79.03 frag@150.06 frag@109.08 frag@83.03 frag@277.99 loss@234.16 loss@206.05 frag@111.03 loss@217.03 loss@225.05 loss@235.11 loss@287.13 frag@208.07 frag@98.03,0.2727322578 0.07453147322 0.06791800261 0.05511688069 0.03492963314 0.01477364451 0.009682069533 0.009033218957 0.008892670274 0.007133842446 0.006672038231 0.00624044938 0.004736828618 0.004308196716 0.003813060699 0.00354352966 0.003478973638 0.003371813335 0.003345928621 0.003334040986
901,frag@149.07 frag@123.09 loss@215.03 loss@164.13 loss@227.03 loss@281.03 loss@313.06 frag@165.1 frag@81.06 loss@273.03 loss@246.02 loss@205.0 frag@94.06 loss@291.21 loss@240.04 loss@204.99 frag@142.02 loss@200.06 frag@193.13 loss@201.04,0.1541234255 0.1324979067 0.04081675783 0.0355858691 0.02777354605 0.02342356183 0.02160744369 0.01609899476 0.01599512994 0.009460221045 0.009215631522 0.008090073243 0.006940023974 0.006625317968 0.006237880792 0.005825127475 0.004974476993 0.004659906495 0.004337761085 0.004248877522
902,frag@211.05 loss@214.03 frag@267.05 loss@287.03 loss@382.11 frag@347.19 loss@242.07 loss@252.06 frag@174.95 loss@234.11 frag@183.11 frag@193.1 frag@101.95 loss@120.03 frag@351.18 loss@350.13 loss@295.11 loss@164.04 frag@139.07 frag@98.03,0.1641881317 0.07418893278 0.02267242037 0.02261041664 0.02243068442 0.004842845723 0.003537503071 0.002706060885 0.002615695354 0.002525433665 0.002405609004 0.002086092252 0.002008621115 0.001992022386 0.001968599157 0.00191724021 0.001773824333 0.001655010274 0.00164896762 0.001544048544
903,frag@179.09 frag@178.08 frag@193.1 loss@268.07 loss@293.14 loss@78.57 loss@226.08 frag@164.07 frag@381.17 loss@259.11 loss@226.11 frag@166.06 frag@240.03 loss@284.12 loss@287.11 loss@254.11 loss@203.13 loss@120.06 loss@249.07 loss@208.99,0.1748151481 0.1254311651 0.02629592456 0.01377303433 0.003879056079 0.003219718346 0.003199545434 0.002711636713 0.002619073261 0.002569869859 0.002484360011 0.002335497877 0.002307038521 0.002112338552 0.002051798394 0.00189498649 0.00182206044 0.0017098604 0.001621807809 0.0016215418
904,frag@190.06 loss@293.06 loss@146.18 loss@192.96 frag@141.04 frag@335.17 frag@208.07 frag@173.95 frag@316.13 frag@219.09 frag@200.06 frag@306.09 frag@172.04 frag@144.04 loss@338.1 frag@344.11 frag@104.02 loss@119.08 frag@172.05 loss@291.05,0.1123112589 0.07750765979 0.02835489437 0.01456882805 0.004619903862 0.004048711155 0.003695753636 0.002755689202 0.002648277208 0.002066940069 0.002056525787 0.001956942957 0.001901416108 0.001827188185 0.001738956664 0.001704730443 0.001660999143 0.001613954548 0.00160617684 0.001514931326
905,loss@180.11 frag@297.16 frag@164.11 loss@334.13 frag@187.07 frag@208.1 frag@144.07 frag@320.16 loss@350.15 loss@290.1 frag@150.07 loss@290.2 frag@190.12 frag@167.03 loss@120.06 frag@237.04 loss@331.15 frag@204.11 frag@293.13 frag@291.11,0.2335376292 0.2075854838 0.01389735751 0.007236648817 0.00542705832 0.004310900345 0.004159788135 0.003962894436 0.00332980766 0.003158161184 0.002911983291 0.002737506526 0.002715616953 0.002714848146 0.002678123303 0.002658891026 0.002381378319 0.002192666987 0.002100006677 0.001987627242
906,loss@191.09 loss@222.07 loss@209.1 loss@285.12 frag@231.12 frag@123.05 frag@150.07 frag@302.22 frag@109.07 frag@207.1 frag@98.03 frag@188.14 frag@123.08 frag@133.07 frag@384.2 frag@254.12 frag@133.06 frag@228.11 frag@145.06 frag@207.98,0.2025583684 0.04400638491 0.03643970191 0.02214207128 0.01663564704 0.01588023454 0.01582058705 0.01362204086 0.01201728173 0.01177890785 0.009798534214 0.009643544443 0.009173475206 0.008785991929 0.008425732143 0.007885464467 0.007652996108 0.006565817166 0.006391214207 0.006357524078
907,frag@198.05 loss@228.01 frag@323.13 loss@65.03 frag@251.04 frag@170.98 loss@123.01 frag@227.09 loss@296.16 loss@392.11 frag@228.07 loss@123.08 loss@197.07 loss@186.0 loss@177.15 loss@166.97 frag@234.03 frag@189.06 loss@173.1 frag@75.03,0.1666682661 0.06332754344 0.04058529809 0.03135920316 0.02354199253 0.01445386559 0.01062583365 0.007343246602 0.004360173829 0.003437242238 0.003292240435 0.003045330988 0.002888349816 0.002533981344 0.002485356061 0.002391917398 0.002280815504 0.002196881222 0.002179442439 0.002098241122
908,frag@83.05 loss@194.13 loss@310.14 loss@314.16 loss@370.03 loss@349.03 frag@71.05 loss@438.15 loss@332.09 loss@134.11 loss@444.16 loss@290.14 frag@69.03 frag@85.06 loss@458.14 loss@337.18 frag@74.06 loss@262.18 loss@260.13 loss@316.2,0.3204021156 0.04681082815 0.03579679504 0.03245881945 0.02395557985 0.01918651722 0.01783164218 0.01782716438 0.01590366289 0.01449974068 0.01164009701 0.01031084266 0.009434688836 0.007742023095 0.007265946828 0.006432570983 0.00626027165 0.006065947935 0.005938441958 0.005890537519
909,loss@203.12 frag@166.04 frag@194.04 loss@172.01 frag@207.16 frag@140.03 loss@125.12 frag@217.1 loss@166.97 frag@169.06 loss@313.11 frag@151.05 loss@134.06 loss@145.03 frag@140.05 loss@115.08 loss@216.11 frag@152.03 loss@205.08 loss@128.09,0.1988155693 0.1667449772 0.07813026756 0.00668526534 0.006392594893 0.006377688143 0.005129469559 0.005047026556 0.004364434164 0.003603558987 0.003465393325 0.002850535326 0.002736870665 0.002480139723 0.002334439429 0.002318765968 0.002278710017 0.002182302065 0.002162464196 0.002097781282
910,loss@221.08 loss@303.14 frag@156.03 frag@295.13 frag@381.17 loss@267.03 frag@139.99 frag@232.13 frag@124.09 frag@144.14 frag@164.07 loss@249.07 loss@272.06 frag@219.12 frag@96.06 frag@299.14 frag@196.02 frag@358.09 frag@395.21 frag@148.05,0.2525708079 0.01821660064 0.01703870855 0.01291748323 0.01141176187 0.009880905971 0.009453088976 0.009122751653 0.007872793823 0.006895795465 0.006804770324 0.006687098183 0.005144133698 0.004876464605 0.004839909729 0.004813623615 0.004782759119 0.004681553692 0.004629359581 0.004559294786
911,loss@210.01 frag@213.96 frag@234.98 loss@325.16 frag@106.04 frag@140.05 frag@448.16 frag@210.04 frag@162.97 frag@225.14 frag@318.17 frag@93.03 frag@233.13 frag@322.17 frag@208.13 frag@164.08 loss@243.11 frag@400.15 frag@173.04 loss@310.11,0.1903241426 0.06702467054 0.05076103285 0.04944781587 0.01008284185 0.008748624474 0.007614289876 0.005632766988 0.005159756169 0.003744794289 0.003670047503 0.003600927768 0.003565109335 0.003187812399 0.00317889452 0.002457145602 0.002155144932 0.002120512305 0.002104778076 0.002058735583
912,loss@232.09 frag@223.01 frag@288.11 frag@189.05 frag@159.09 frag@84.07 frag@241.11 frag@174.06 frag@127.09 frag@112.11 frag@138.09 loss@230.14 frag@198.08 frag@101.11 frag@210.13 frag@156.14 frag@129.1 frag@100.11 frag@221.09 frag@191.08,0.2641501725 0.1125268191 0.05407335237 0.006953267381 0.006627300754 0.006547620054 0.005137107335 0.004703089129 0.004019381013 0.003813151736 0.003771504387 0.003453694284 0.003373961896 0.002999700606 0.002950597554 0.0028207961 0.002738563111 0.002720066812 0.00261434284 0.002390412614
913,loss@104.06 frag@240.12 frag@292.13 frag@319.19 frag@128.04 frag@204.1 frag@336.08 frag@176.11 loss@148.08 frag@273.04 loss@275.12 frag@277.08 loss@288.11 frag@121.09 loss@167.1 frag@73.05 loss@205.15 loss@282.14 loss@146.08 frag@298.07,0.2256142348 0.1564617306 0.04900792241 0.03337388486 0.01293829363 0.008983045816 0.006458248943 0.004940557759 0.004703979939 0.004629787523 0.004132347647 0.003381476738 0.003240573453 0.003225303488 0.003093995387 0.003055855166 0.002869680524 0.002395507647 0.00236484874 0.002310589654
914,frag@124.02 frag@151.03 frag@152.02 frag@163.03 frag@175.03 frag@156.02 loss@146.03 frag@99.03 frag@149.02 frag@109.01 frag@93.06 loss@255.06 loss@219.05 loss@229.1 loss@144.01 frag@92.05 frag@136.02 loss@167.04 frag@255.12 loss@283.02,0.1301433742 0.04111849517 0.01799030602 0.005420701578 0.004744648933 0.003181493143 0.003083278425 0.002714074217 0.002637293888 0.00255759526 0.002512353705 0.002457546303 0.002457124414 0.002357696882 0.00224193302 0.002228679834 0.002178588184 0.00212427089 0.002084032167 0.002044087974
915,loss@167.06 loss@184.13 frag@56.05 loss@55.04 frag@124.04 frag@100.02 frag@43.02 frag@104.02 frag@148.06 frag@55.02 loss@86.01 frag@42.03 frag@58.03 frag@128.04 frag@84.04 frag@306.11 frag@41.04 frag@84.09 frag@166.01 loss@113.01,0.2706034482 0.03968460485 0.0114047341 0.009634235874 0.008792999201 0.006703378167 0.006462346297 0.006335983984 0.006063869689 0.004161857534 0.004088243004 0.003724884009 0.003684976138 0.003341203555 0.003214430297 0.00316310022 0.002990795765 0.002961986698 0.002868888434 0.002696014009
916,frag@331.13 frag@247.07 frag@337.15 frag@157.11 frag@167.05 frag@99.05 frag@87.03 frag@189.1 frag@131.08 frag@146.12 loss@290.2 frag@147.02 loss@178.07 frag@173.01 frag@292.13 frag@381.17 loss@210.12 frag@155.03 loss@143.06 frag@138.05,0.09692553431 0.002195939422 0.001524509513 0.001511507202 0.001436611754 0.001190489274 0.001103154733 0.001041689422 0.001027332852 0.001006267383 0.0009266533307 0.0009231506265 0.0009044768522 0.0009003355517 0.0008909141761 0.0008489252068 0.0008335673483 0.000833428523 0.0008318377659 0.0008052569465
917,loss@168.07 frag@181.08 frag@157.08 loss@395.14 frag@144.07 loss@344.05 frag@171.09 frag@155.06 loss@78.05 loss@172.1 frag@216.1 frag@194.99 loss@158.08 frag@185.11 frag@169.08 loss@212.11 frag@147.07 frag@239.08 loss@168.05 frag@174.02,0.2342216223 0.2278672606 0.007336701266 0.006450583227 0.006369806826 0.005991511047 0.00551843876 0.004207166843 0.003903430887 0.003530115355 0.003415602492 0.003345607081 0.003194043646 0.002840089379 0.002827913733 0.002802401083 0.002708385233 0.002656605793 0.002592741512 0.002573941369
918,frag@182.09 loss@212.03 loss@249.18 frag@138.08 frag@218.0 frag@298.13 loss@309.13 loss@300.14 loss@227.0 frag@136.08 loss@308.05 frag@165.11 frag@328.08 frag@139.05 loss@262.22 loss@156.11 loss@233.01 loss@338.02 loss@321.11 frag@173.03,0.1316288859 0.05630776286 0.04203423858 0.03945764527 0.02033534087 0.01255513448 0.01082303002 0.01034159027 0.009248136543 0.007972639985 0.007767281961 0.005853599403 0.00577969756 0.005169587675 0.004821287934 0.004728829488 0.004083704203 0.003959394526 0.003854134353 0.003508604132
919,loss@230.03 frag@179.0 frag@218.98 frag@103.96 frag@193.01 loss@216.99 frag@353.09 frag@323.11 frag@111.03 loss@202.0 loss@133.07 frag@293.12 frag@177.01 loss@396.29 loss@255.02 frag@139.02 frag@164.08 loss@254.07 loss@199.13 frag@96.07,0.2417261451 0.1848628223 0.0532278493 0.0150774559 0.01306765713 0.005731053185 0.00551354466 0.004138904624 0.004057446029 0.004013047088 0.003891103668 0.003603273304 0.003588599386 0.003542874474 0.003288405016 0.002916520229 0.002851463621 0.00263185543 0.002539243782 0.0022617348
920,frag@159.02 loss@160.09 loss@181.12 loss@231.03 loss@253.05 loss@29.56 loss@244.13 frag@209.14 frag@56.01 loss@235.11 loss@247.05 loss@242.99 loss@269.17 frag@53.0 loss@299.03 loss@304.05 loss@219.03 frag@69.04 frag@327.08 frag@150.06,0.2549024522 0.007469411939 0.004569344688 0.002594859339 0.002233655658 0.002007461619 0.001893592882 0.001864650752 0.001797370613 0.001566333114 0.00154910679 0.001478686929 0.001397679443 0.001380303642 0.001317075104 0.001289810869 0.001282007899 0.001263017999 0.001221264829 0.001213564887
921,loss@214.12 loss@260.03 frag@240.12 frag@164.09 frag@136.06 frag@155.98 frag@233.14 loss@105.04 frag@126.07 frag@332.06 frag@269.02 frag@57.03 frag@150.08 frag@222.05 frag@137.05 frag@246.14 frag@176.98 loss@283.17 frag@95.07 frag@176.11,0.2011923939 0.04574728757 0.005307553336 0.004288379569 0.003910617437 0.003826009342 0.003360725474 0.003229406429 0.003216865938 0.002915043384 0.002812904306 0.002628475893 0.002403332153 0.002350528259 0.002113198396 0.002081907587 0.002048724331 0.002026215196 0.001981656067 0.001960492693
922,loss@258.14 frag@166.09 frag@122.1 frag@108.08 loss@361.13 frag@127.03 frag@111.06 frag@165.1 frag@71.0 frag@207.98 frag@138.09 frag@136.05 loss@260.15 frag@275.18 frag@166.1 frag@259.03 frag@166.06 frag@124.11 frag@232.13 loss@230.14,0.2072839737 0.04035016894 0.009760472924 0.009420458227 0.008638017811 0.008147464134 0.007184430491 0.006650762632 0.006486371625 0.006436974742 0.006246848498 0.006178688258 0.005987421609 0.005671605468 0.005646211095 0.005408687517 0.005216202699 0.004750700202 0.004664594308 0.004650409799
923,loss@228.02 loss@256.03 loss@264.18 frag@115.06 frag@166.05 frag@236.11 frag@135.03 loss@162.01 frag@55.02 frag@94.05 loss@216.99 frag@208.98 loss@279.16 loss@300.04 frag@285.12 frag@268.13 frag@198.02 frag@318.03 frag@311.13 frag@209.14,0.06055386364 0.05249974504 0.03873559088 0.03556081653 0.009375457652 0.006834533531 0.006490376312 0.005763107445 0.005284298211 0.00465356512 0.004616876598 0.004488942679 0.004422312602 0.004329110496 0.003878462594 0.003840212943 0.003832416376 0.00363960606 0.003340870142 0.003184295492
924,frag@136.08 frag@108.08 loss@184.1 loss@404.22 loss@218.15 loss@340.08 loss@164.11 frag@165.11 frag@235.97 loss@275.2 frag@122.1 loss@236.08 frag@108.04 frag@122.06 loss@255.14 loss@245.05 loss@193.99 frag@108.06 loss@251.12 loss@265.11,0.2104587108 0.1181501225 0.04124157131 0.01105234213 0.008990109898 0.006406165194 0.006391257513 0.00474860752 0.00384043972 0.003777819453 0.00341549702 0.003159118118 0.002992629539 0.002959469799 0.002661682898 0.002626219299 0.002399330726 0.002395406133 0.002309992211 0.002284750575
925,frag@69.07 frag@83.09 frag@55.05 frag@67.05 loss@146.11 loss@252.05 loss@96.06 loss@199.16 frag@41.04 loss@105.08 frag@111.12 loss@272.05 loss@726.37 frag@97.1 frag@43.05 loss@175.12 loss@23.05 frag@57.07 loss@92.01 loss@187.12,0.2273003906 0.04408058524 0.02958699316 0.02372032404 0.02085532062 0.0153456796 0.011859986 0.01171812508 0.01125522796 0.01086594444 0.01047867723 0.01040108688 0.01008290611 0.009845495224 0.009179112501 0.008843449876 0.008665936999 0.008135274984 0.007929621264 0.007465505041
926,loss@177.05 frag@241.09 frag@303.1 loss@207.01 frag@218.09 loss@111.04 frag@238.13 frag@187.1 frag@196.05 loss@149.05 frag@225.14 frag@233.13 frag@335.11 frag@162.09 frag@206.07 frag@165.02 frag@99.06 frag@329.08 frag@51.02 frag@159.07,0.2591261268 0.08117519319 0.06015348807 0.03499063477 0.02419495769 0.01104844268 0.01103935577 0.006104394794 0.005893428344 0.005605222192 0.005276010372 0.005042375997 0.004646233283 0.004493828397 0.004481765442 0.004132609349 0.004129105248 0.004067920148 0.003935909364 0.003875422291
927,frag@140.05 loss@161.02 frag@152.05 loss@160.06 loss@344.05 loss@210.15 loss@267.02 frag@185.09 loss@228.94 loss@165.0 loss@135.07 frag@56.01 loss@320.1 loss@328.15 loss@112.06 loss@170.08 frag@268.09 loss@113.06 loss@157.04 loss@281.05,0.3000194728 0.08567941189 0.003551173722 0.003494359786 0.003015749855 0.001976707717 0.001967455726 0.001696336549 0.001412529033 0.001369366539 0.001352204825 0.001350743114 0.001320038456 0.001286227256 0.001201128354 0.001147972303 0.001130786375 0.001103299554 0.00105647603 0.0009886499029
928,frag@87.09 frag@113.07 loss@243.0 loss@287.15 loss@342.18 frag@88.04 loss@328.11 frag@84.07 loss@240.11 loss@291.13 loss@305.07 loss@310.1 loss@236.11 loss@372.09 frag@166.06 loss@305.17 frag@188.13 loss@339.12 frag@220.02 loss@218.01,0.2148014903 0.06348975003 0.03803461045 0.02989191189 0.02334111184 0.006886458024 0.006291036028 0.00489036506 0.004793528002 0.004082533997 0.003677742556 0.003535229946 0.003185275942 0.002594558755 0.002526843688 0.00251853792 0.002484773751 0.002430372406 0.00219290005 0.002173227491
929,loss@184.04 loss@157.03 frag@118.05 frag@128.03 frag@164.03 frag@163.02 frag@139.03 loss@179.98 frag@125.02 frag@151.03 frag@208.01 frag@138.01 frag@107.06 frag@158.04 loss@129.03 frag@153.01 frag@113.03 frag@377.07 frag@183.98 loss@222.07,0.170162797 0.1147004068 0.02804500982 0.008542211726 0.007559025194 0.007456297055 0.00648932578 0.00506919669 0.00381662813 0.003604417667 0.003586699953 0.003351056483 0.00329873967 0.003172333585 0.003026770893 0.002997270087 0.002967836801 0.002959895646 0.002692349022 0.002621467691
930,frag@135.09 loss@220.07 frag@146.96 loss@196.06 frag@98.99 frag@56.01 loss@262.17 loss@284.07 loss@250.11 loss@185.02 loss@296.02 frag@155.04 loss@241.04 frag@254.07 loss@296.08 frag@168.02 frag@163.09 loss@205.02 loss@251.2 loss@285.08,0.1851204932 0.05925159901 0.03287911043 0.0298833251 0.02932992578 0.02486275509 0.02414340712 0.02395565994 0.02272801101 0.0218722634 0.0214450825 0.0188156534 0.01626003906 0.01481720433 0.01306114718 0.01183544099 0.01104231738 0.008483956568 0.007962781936 0.007317387033
931,loss@167.09 loss@276.22 frag@169.09 frag@216.13 frag@130.97 frag@67.06 frag@165.1 frag@135.0 frag@229.13 frag@213.03 frag@136.05 frag@151.05 frag@197.12 frag@150.13 frag@391.17 frag@124.11 frag@204.11 frag@87.05 frag@123.08 frag@141.05,0.2902163267 0.01158015244 0.009141521528 0.008527440019 0.005786547437 0.005358128808 0.005037539173 0.004999493249 0.004618890118 0.004476015456 0.004266999196 0.004083260428 0.003902687691 0.003517512232 0.003382351948 0.003251987044 0.003133765655 0.003127412638 0.003107731929 0.002996211872
932,loss@132.06 frag@262.16 frag@234.97 frag@187.98 loss@197.97 frag@237.02 frag@176.13 frag@177.1 frag@291.15 frag@311.18 frag@143.08 frag@104.06 frag@148.04 frag@255.08 frag@196.13 frag@267.05 frag@51.03 frag@144.07 frag@188.11 frag@176.11,0.2906054854 0.05740797892 0.03427004814 0.02581649832 0.01737767085 0.01066350285 0.007540665101 0.005906933453 0.005506101064 0.005071130116 0.004170809407 0.003452033969 0.003088176018 0.003077329136 0.00301427301 0.002903094748 0.002868505195 0.002842185553 0.002388045425 0.002313297708
933,frag@143.01 loss@272.08 loss@167.03 loss@187.02 loss@194.12 loss@169.99 loss@200.03 frag@139.03 frag@291.12 loss@253.02 frag@228.07 loss@252.07 frag@220.16 loss@293.19 loss@212.99 loss@94.03 frag@151.03 loss@200.06 loss@155.01 frag@262.07,0.2983585 0.09292844683 0.06111560762 0.03865877166 0.01826764271 0.008575547487 0.004662366584 0.004148539621 0.003580329241 0.003310069209 0.003091625869 0.003061793977 0.003000834724 0.002687138272 0.002663626568 0.002633686876 0.002482996322 0.00223251828 0.001991553931 0.00195674412
934,frag@241.14 loss@216.03 frag@243.16 frag@155.12 frag@84.06 loss@206.07 frag@180.12 frag@345.19 loss@309.14 loss@290.2 loss@261.12 loss@281.09 loss@238.15 loss@214.14 loss@282.05 frag@170.98 loss@232.08 frag@141.14 loss@143.02 loss@208.09,0.2327018827 0.005643222947 0.004952836782 0.00249099615 0.002081718063 0.001686167903 0.001517633209 0.00146952644 0.00146877591 0.001460187254 0.001271324814 0.001259390963 0.001250138273 0.00120222813 0.001164059388 0.001155453851 0.001126184012 0.001084130025 0.001063193195 0.001056053094
935,frag@206.03 frag@288.12 loss@209.02 loss@219.15 loss@297.1 frag@270.11 frag@339.09 loss@90.05 loss@327.13 loss@234.24 loss@147.12 loss@303.19 loss@376.18 loss@173.99 frag@255.03 frag@179.11 frag@226.02 loss@282.05 frag@224.03 frag@256.15,0.1523723006 0.03100926057 0.02545894869 0.02416340448 0.02291343547 0.01846760698 0.01827171631 0.0182606075 0.01654652692 0.01291109901 0.01128280535 0.01127402298 0.01086988859 0.01041609235 0.007144362666 0.007077197544 0.006934083067 0.00656312611 0.006522854324 0.005409508944
936,loss@270.07 frag@176.98 frag@101.02 frag@407.14 frag@167.98 frag@318.03 frag@193.1 frag@212.06 frag@129.1 frag@115.09 frag@179.12 frag@201.14 frag@78.05 frag@409.2 frag@349.04 frag@347.19 frag@203.13 frag@268.13 frag@155.98 frag@71.09,0.2461568564 0.005022980273 0.004323401488 0.004123552237 0.003692126833 0.003525934415 0.003463855479 0.003144206945 0.002823656658 0.002668926027 0.002665298758 0.002659044694 0.002623970853 0.002573201898 0.002371715847 0.002322692191 0.00229279371 0.002189979423 0.002073844662 0.00201249402
937,loss@140.05 loss@319.16 frag@97.06 frag@67.05 frag@135.0 frag@43.02 frag@181.05 frag@129.03 frag@171.01 frag@181.04 frag@111.04 frag@91.04 frag@203.03 frag@58.03 frag@141.04 frag@69.03 loss@144.99 loss@128.05 frag@173.1 frag@56.96,0.2758810222 0.05028902739 0.01977904513 0.01481668837 0.01186223421 0.01063121296 0.01038437709 0.01033528056 0.008771408349 0.0084878169 0.007693537045 0.007111504674 0.006633400917 0.00653877575 0.005722494796 0.005317556672 0.005295738112 0.005257744342 0.004329391755 0.004034939688
938,frag@167.09 frag@165.07 loss@151.1 frag@166.08 loss@257.17 loss@401.19 loss@159.06 loss@214.13 loss@280.14 loss@276.16 loss@194.07 loss@214.08 frag@152.06 loss@221.13 loss@174.14 loss@157.05 loss@181.09 loss@153.09 loss@226.11 loss@249.1,0.2331044823 0.1461992264 0.03119911067 0.02142350376 0.01387898531 0.01385246497 0.01376288291 0.012941394 0.01081612427 0.009145006537 0.008935737424 0.007838183083 0.007338537369 0.006627344992 0.006445023697 0.006431868766 0.006400051061 0.005941532552 0.005396717694 0.0050775446
939,frag@95.05 frag@105.04 frag@77.04 loss@221.07 loss@195.09 frag@79.05 loss@194.06 frag@65.04 loss@240.15 loss@188.06 frag@125.06 frag@53.04 loss@171.06 loss@203.03 loss@295.03 loss@257.11 loss@240.1 loss@221.1 loss@287.06 loss@243.15,0.2073684186 0.07197583467 0.05528930202 0.0317097567 0.0276561603 0.0238516517 0.01986659877 0.01655018143 0.01400216669 0.01253495365 0.01203671191 0.0116737159 0.01093708165 0.01061028149 0.01049138978 0.009931731038 0.009465543553 0.008659992367 0.008197285235 0.007908229716
940,loss@158.05 frag@280.14 frag@180.05 loss@139.07 frag@158.05 frag@166.03 frag@200.08 frag@156.08 frag@297.17 loss@328.18 frag@152.05 frag@144.06 frag@212.95 frag@98.03 frag@188.08 frag@62.99 frag@255.06 frag@123.01 frag@212.12 frag@109.03,0.2446302176 0.06999348104 0.003558775177 0.002899935935 0.002883487381 0.002824854804 0.002764867386 0.002575213322 0.002268204 0.00207454944 0.001976898173 0.001970814308 0.001913322019 0.001901037991 0.0018361361 0.001765307388 0.001702991081 0.001644498319 0.001626672572 0.001601221855
941,loss@156.09 frag@237.04 loss@128.1 frag@142.95 frag@209.14 frag@202.0 frag@155.0 frag@201.02 frag@112.08 frag@215.1 frag@169.98 frag@191.09 frag@157.09 frag@227.11 frag@381.17 frag@188.9 frag@298.16 frag@195.09 frag@84.08 frag@171.15,0.2886168063 0.0896590054 0.00633485103 0.005898329895 0.005240982398 0.004891048651 0.004665222019 0.004447941203 0.003671362763 0.003559469013 0.003168013645 0.002902658656 0.002797917696 0.002782294527 0.002732384484 0.002723267768 0.002600154141 0.002577870619 0.0024721683 0.002459633863
942,frag@126.0 frag@178.11 frag@258.12 loss@257.16 loss@275.17 frag@242.99 loss@186.96 loss@196.12 loss@289.15 loss@126.14 frag@98.01 frag@192.14 frag@166.1 loss@278.18 frag@237.04 frag@82.03 frag@72.94 loss@252.03 loss@287.11 frag@220.02,0.1893921345 0.03710082918 0.03075555712 0.02530114539 0.02323122323 0.0156009905 0.01354994252 0.007644886617 0.007187290583 0.004154396243 0.004013257101 0.003860880854 0.00322049344 0.002892490709 0.00265670591 0.002653657226 0.002586731454 0.002551708603 0.00253918278 0.002520162845
943,loss@151.06 frag@186.06 frag@233.07 loss@123.05 frag@168.08 loss@146.03 loss@151.05 frag@227.06 loss@88.1 frag@150.04 frag@196.05 frag@137.03 frag@136.07 loss@161.05 loss@165.05 frag@148.02 frag@241.14 frag@172.05 loss@177.06 frag@144.04,0.2693219781 0.09225418419 0.07695881277 0.03524985164 0.01991389878 0.01850827597 0.01814245433 0.01318587177 0.01142368931 0.009102478623 0.006851336919 0.004894471262 0.004796743859 0.003931806423 0.003303691978 0.003273627954 0.003102694405 0.002982352627 0.002865971532 0.002798249712
944,frag@121.06 frag@93.07 frag@79.05 loss@222.11 loss@207.06 frag@109.06 loss@215.13 loss@229.11 loss@266.14 loss@224.08 loss@240.09 frag@91.05 loss@244.12 frag@149.06 loss@252.11 loss@237.14 frag@95.05 loss@223.12 loss@286.08 loss@255.13,0.2613837421 0.04064338282 0.02763147466 0.0233374685 0.02312401123 0.02096709982 0.02052487247 0.01890702918 0.01682673395 0.01452110894 0.01437633019 0.01253175829 0.01177557837 0.01057866309 0.0104874298 0.009634568356 0.009633067064 0.009408215992 0.009191326797 0.008968072943
945,loss@148.05 frag@181.04 frag@123.01 frag@157.01 frag@139.04 frag@106.07 frag@142.01 frag@148.07 frag@269.09 frag@141.0 loss@147.04 frag@208.1 frag@93.03 frag@118.04 frag@338.14 frag@273.09 frag@206.06 frag@90.05 frag@53.04 frag@78.05,0.3056460321 0.1408463567 0.05136264116 0.003754091915 0.003628840903 0.003019603435 0.002883597743 0.002698063385 0.002435013186 0.002388077555 0.002306413371 0.00218488113 0.002177393995 0.002048029331 0.00193772174 0.001885719365 0.00169981434 0.001647919649 0.001602986013 0.001574518625
946,loss@268.17 frag@230.12 frag@190.09 loss@240.14 frag@176.11 frag@202.12 frag@163.08 loss@215.12 frag@241.99 frag@160.11 frag@131.05 frag@269.09 loss@351.13 loss@235.08 frag@173.1 frag@139.08 frag@87.04 loss@228.05 frag@175.04 loss@331.15,0.2073548138 0.1050280482 0.01231277082 0.01031625643 0.009903831407 0.004666949157 0.004592908546 0.004552583676 0.003961951938 0.003392579965 0.003243251471 0.00323316548 0.00302781933 0.002857092535 0.002804381307 0.002797253663 0.002787941834 0.002717586467 0.002672479255 0.002627993468
947,loss@57.07 frag@254.13 loss@129.1 frag@159.07 loss@113.13 loss@57.06 frag@156.08 frag@166.04 loss@155.11 frag@174.09 frag@239.08 frag@46.34 loss@110.08 frag@134.99 frag@213.1 frag@203.08 frag@58.07 loss@287.09 loss@124.09 frag@322.16,0.1473878771 0.1169216186 0.03840973973 0.01462826785 0.00562426541 0.004426049069 0.003600515425 0.003562107915 0.003446568502 0.003363609547 0.00331929489 0.003278924152 0.003262179205 0.003194073215 0.003102296498 0.003081258619 0.003028042847 0.002787641715 0.002526554279 0.002451919485
948,frag@153.02 loss@653.12 loss@314.06 loss@448.1 loss@288.08 frag@143.03 loss@464.1 loss@404.13 loss@418.14 frag@287.06 frag@139.04 loss@462.15 loss@316.08 frag@303.05 loss@501.11 loss@434.14 loss@526.13 frag@315.07 loss@308.05 loss@308.11,0.2662684023 0.06236578524 0.03070859797 0.0289118439 0.0247279387 0.02321291529 0.0187500231 0.0156521555 0.01118444279 0.01071229298 0.009400958195 0.009205657989 0.008620249107 0.008390485309 0.006592493504 0.006106251385 0.005525583867 0.005203072447 0.005047727842 0.004933904391
949,loss@224.11 frag@180.1 loss@285.04 frag@103.06 frag@161.1 frag@161.09 frag@138.06 frag@161.99 frag@204.07 frag@300.15 frag@168.09 frag@148.05 frag@188.07 frag@150.07 frag@194.07 frag@208.13 frag@51.03 frag@152.11 frag@200.08 frag@275.13,0.2822721899 0.02732520178 0.01987030357 0.01193119772 0.00858243648 0.008118155412 0.004979607183 0.004704404622 0.004601568915 0.004552163649 0.004517873749 0.004514806904 0.004424506798 0.004110702313 0.003973183222 0.003792809555 0.003557082033 0.003530395217 0.003530205227 0.003486047266
950,frag@159.02 loss@302.2 loss@248.02 loss@160.09 frag@209.14 loss@258.07 loss@222.08 loss@240.06 loss@214.04 loss@270.04 frag@42.03 loss@208.14 loss@253.05 loss@153.04 loss@138.04 frag@84.96 loss@233.05 frag@68.05 frag@53.0 frag@308.15,0.2713165283 0.02081610821 0.009099254385 0.006190682761 0.003420315683 0.003107948229 0.002591660479 0.002326224465 0.002062364714 0.002022188623 0.002019781619 0.001886393875 0.001861377037 0.001812098082 0.001733638812 0.001720704022 0.00170253776 0.001680518617 0.001677775523 0.001578449621
951,frag@180.01 loss@255.04 loss@229.1 frag@152.02 frag@134.01 frag@124.02 loss@264.09 loss@227.07 frag@182.0 loss@162.01 frag@96.04 frag@139.02 frag@208.02 frag@174.07 frag@139.99 frag@68.05 frag@169.01 loss@307.11 frag@92.05 loss@262.05,0.2364957184 0.08730234951 0.06334262341 0.009576386772 0.008531185798 0.007241849788 0.00668861391 0.004681073595 0.004533322528 0.004291016608 0.004139437806 0.003607664723 0.003008595668 0.002944323234 0.002743327525 0.002705440158 0.002480854979 0.002309960779 0.002305608941 0.002243899042
952,loss@45.06 frag@195.08 frag@183.08 loss@69.03 loss@28.01 loss@180.16 loss@143.11 frag@254.15 frag@183.04 frag@261.03 frag@311.13 loss@345.98 frag@302.07 loss@198.17 frag@245.07 loss@72.07 frag@400.15 loss@340.97 frag@232.14 frag@283.12,0.1485777944 0.1145484075 0.09444266558 0.06765690446 0.0499962382 0.02879279293 0.02448609285 0.02404584922 0.01776597649 0.01218203176 0.01172530372 0.009349228814 0.007830150425 0.00716744829 0.005745802075 0.005518739112 0.005472903606 0.005220226012 0.005014651921 0.004788538441
953,loss@148.06 frag@221.07 loss@128.08 loss@115.07 frag@220.07 frag@302.09 frag@351.18 frag@281.06 frag@214.04 frag@170.15 frag@135.0 frag@195.04 frag@189.1 frag@189.02 frag@189.07 frag@285.17 frag@152.98 frag@169.09 frag@343.11 frag@189.03,0.1882376522 0.1671591848 0.1507236063 0.02093087882 0.0146357948 0.01267432049 0.00816722773 0.007856812328 0.006922419649 0.004433613271 0.004047310911 0.004035595804 0.003941141535 0.00333029544 0.003088593949 0.003035186324 0.003014457179 0.002962572966 0.002866757568 0.002862635069
954,frag@179.03 loss@176.12 frag@197.04 loss@260.18 loss@263.98 loss@421.99 frag@159.02 frag@207.02 loss@216.03 loss@111.07 frag@93.03 loss@125.04 loss@29.56 loss@139.03 loss@153.05 frag@173.95 frag@189.02 loss@279.17 loss@253.01 frag@241.14,0.2073326558 0.1194025502 0.05746881664 0.01528864261 0.009580197744 0.008199141361 0.003719461383 0.002945727669 0.002928498434 0.002691514324 0.002589217387 0.002509208862 0.002396757249 0.00229049637 0.002284591785 0.002284222515 0.002254678868 0.002024124144 0.001934653381 0.001787636313
955,frag@255.1 loss@218.18 frag@227.11 loss@116.1 frag@293.15 loss@79.08 loss@156.09 frag@241.08 loss@112.1 frag@222.1 loss@229.0 loss@134.11 frag@215.11 frag@237.04 frag@281.06 frag@306.09 frag@76.04 frag@212.97 loss@224.16 frag@92.02,0.1198537499 0.07868653536 0.07120182365 0.06682734936 0.046099592 0.04232466966 0.01235507522 0.004440549761 0.004412807524 0.004030008335 0.003283151891 0.003064252203 0.002841251204 0.002745595761 0.002647530288 0.002519720234 0.002240607748 0.002003106987 0.00199596188 0.001872833585
956,frag@164.07 loss@281.05 frag@136.08 loss@192.09 loss@152.09 frag@108.08 frag@138.05 frag@193.1 loss@229.06 loss@120.06 loss@260.15 loss@180.09 loss@271.04 loss@256.12 loss@168.08 loss@190.15 loss@230.16 loss@250.1 loss@253.1 frag@178.06,0.294716239 0.02833872475 0.004198226612 0.003758062609 0.003757806728 0.003510557348 0.003362364136 0.002993787406 0.002804661402 0.00268574967 0.00255577988 0.002504428849 0.002145791193 0.002040455118 0.001968152588 0.001931179781 0.00185526791 0.001804484404 0.001720325206 0.001697813044
957,loss@175.07 frag@226.13 frag@230.08 frag@211.07 loss@132.07 frag@172.09 loss@95.04 frag@158.07 frag@185.07 frag@198.1 loss@106.01 frag@258.16 frag@241.04 frag@196.09 frag@257.09 frag@147.07 loss@134.96 frag@212.08 frag@211.98 frag@186.1,0.3565883934 0.1218641847 0.07461844385 0.05536421761 0.02082169615 0.00828902889 0.007327891421 0.007281427737 0.006007352844 0.005537688266 0.005353707355 0.004521770868 0.004496374168 0.004482040647 0.004448878579 0.003784263507 0.003738249419 0.00295127416 0.002704487415 0.002637718106
958,loss@191.07 frag@224.04 loss@179.08 frag@113.04 frag@123.03 frag@130.03 frag@123.02 loss@267.02 loss@184.15 frag@81.02 frag@188.04 frag@157.06 frag@162.05 loss@177.06 frag@130.04 frag@208.08 frag@83.03 loss@95.02 frag@198.94 loss@314.08,0.1233370975 0.08229194582 0.07752623409 0.02454232424 0.01630733907 0.007554493845 0.006750812288 0.006607005373 0.00567757152 0.005566954147 0.005083728582 0.004990487359 0.004919266328 0.004656557925 0.003832237097 0.003479006467 0.003443408525 0.003293227637 0.003212917363 0.00311611197
959,loss@18.01 frag@412.32 frag@260.08 frag@222.03 loss@122.04 loss@121.02 frag@257.09 frag@314.15 frag@328.01 frag@133.0 loss@36.02 frag@340.23 loss@94.01 loss@292.2 loss@59.04 frag@331.1 loss@122.06 frag@282.14 frag@322.16 frag@283.05,0.2040785849 0.03998956084 0.0342457816 0.03383189812 0.02804289572 0.02134078927 0.02129512653 0.02031574398 0.01647558622 0.01612171903 0.01575659774 0.01500435453 0.01409429312 0.0095842788 0.008667646907 0.007869539782 0.007643249817 0.007264466491 0.005989836995 0.005791897886
960,frag@189.08 loss@180.04 loss@122.05 frag@161.03 frag@188.08 loss@195.12 loss@200.02 loss@222.12 loss@158.05 frag@133.04 frag@135.05 loss@132.07 loss@137.1 loss@187.07 frag@158.07 frag@187.06 loss@93.04 frag@241.13 frag@168.06 frag@190.1,0.1696955711 0.1356538534 0.1234407574 0.09558986127 0.08992425352 0.0330286473 0.00918692071 0.008068461902 0.00619779015 0.005866549909 0.005530362483 0.004796699155 0.004635758698 0.003826776054 0.003765115514 0.00368826557 0.003648551879 0.003480734769 0.003196021542 0.003083610209
961,frag@164.05 loss@119.05 frag@146.03 frag@148.07 frag@118.04 loss@132.03 loss@160.03 frag@205.08 loss@191.11 frag@146.04 loss@149.11 frag@223.12 loss@156.04 frag@108.06 loss@193.05 loss@109.06 loss@380.11 frag@328.18 loss@170.93 loss@147.08,0.2475473732 0.1609892398 0.04278823733 0.04171660915 0.01741534658 0.006759615149 0.006333257537 0.0063262037 0.004382033367 0.003794566263 0.003475772217 0.003433973528 0.002958374796 0.002711309586 0.002206220292 0.002205444034 0.002200335963 0.002154740505 0.002101788996 0.001999955392
962,frag@95.01 loss@96.02 loss@341.13 loss@229.03 loss@269.1 loss@255.1 frag@208.1 loss@382.1 frag@184.06 frag@209.11 frag@109.03 frag@196.1 loss@255.02 loss@105.12 frag@309.14 frag@270.12 loss@310.15 frag@136.04 loss@312.12 frag@59.03,0.2159433961 0.1221699491 0.03614037856 0.01494620088 0.007744419854 0.00566204451 0.00488154497 0.004103202838 0.003776155179 0.003577796277 0.003496726975 0.003129802411 0.003052535001 0.002898322418 0.002758266171 0.002750266809 0.002729472239 0.002681176877 0.00251059467 0.002402849263
963,frag@202.05 loss@245.1 loss@218.07 frag@318.18 loss@218.13 frag@223.01 loss@244.05 frag@223.12 loss@85.04 loss@149.11 frag@117.02 frag@202.12 loss@186.03 frag@188.11 loss@217.08 loss@187.06 loss@201.09 loss@119.05 loss@192.08 frag@146.06,0.2997664511 0.1953416914 0.01369185746 0.01101200562 0.007196667604 0.006493958645 0.003707258729 0.00261371932 0.002438531723 0.002387496643 0.002348287031 0.002179965377 0.002042441163 0.001765273628 0.001718408428 0.001707324991 0.001683822135 0.001663185307 0.001610205392 0.001577564632
964,frag@211.01 loss@166.97 frag@169.98 loss@64.03 loss@110.05 loss@191.07 frag@168.96 loss@139.07 loss@96.07 frag@214.06 loss@157.08 loss@196.05 frag@124.09 loss@171.11 frag@119.02 loss@111.08 frag@312.17 loss@165.05 loss@139.11 loss@178.03,0.2351318449 0.1058803275 0.05211434141 0.02645153552 0.01532636397 0.01171673834 0.006227252074 0.005264698528 0.004537871573 0.004132278729 0.004108079709 0.003704468021 0.003657877445 0.003349835519 0.003138046479 0.003093378153 0.002799984766 0.002686513821 0.002628086368 0.002591518685
965,frag@152.07 loss@182.07 frag@150.05 frag@180.07 loss@152.06 frag@322.17 loss@165.04 loss@163.03 loss@172.06 loss@238.04 loss@189.09 loss@195.09 loss@161.06 loss@176.13 loss@225.13 frag@162.05 loss@192.05 loss@139.06 loss@245.12 frag@154.05,0.1630465984 0.1433620155 0.1422967017 0.04930688068 0.01493026037 0.01083333045 0.009940966032 0.009651586413 0.004747834522 0.003999995999 0.003824288724 0.003732258687 0.003603500081 0.00349791022 0.003252346069 0.003233116819 0.003222885542 0.003153737402 0.003075552406 0.002710900968
966,frag@155.07 frag@122.04 loss@263.07 frag@165.05 frag@150.03 loss@275.05 frag@152.05 loss@281.08 loss@299.05 loss@249.06 loss@160.96 loss@191.05 loss@297.05 loss@196.07 loss@162.06 frag@168.04 loss@221.98 loss@259.02 loss@302.1 loss@234.07,0.1868318766 0.1327644289 0.08650058508 0.009639497846 0.008927703835 0.005474428646 0.004774835426 0.003860960482 0.003224183107 0.002587950323 0.002402177546 0.002282495145 0.002170104999 0.002169621876 0.002138299169 0.002069966169 0.002057284582 0.001916992944 0.001899592113 0.001865809318
967,frag@120.04 frag@135.06 frag@163.09 loss@193.11 loss@207.1 loss@180.09 loss@205.09 loss@208.08 loss@190.07 frag@94.06 loss@235.11 frag@121.04 loss@193.09 frag@123.06 loss@261.15 loss@183.05 loss@219.07 loss@246.11 loss@222.14 loss@196.09,0.1233039871 0.07137614489 0.06916666776 0.02780973911 0.02324499376 0.02310848609 0.02227373421 0.01997250319 0.01842297241 0.01698746905 0.01634563133 0.01634242386 0.01410988532 0.01359510794 0.01323485095 0.01300720312 0.01256361417 0.01249349117 0.01193978172 0.01060371473
968,frag@135.03 frag@163.02 frag@134.02 loss@181.06 frag@123.03 loss@165.06 frag@151.02 loss@320.1 frag@161.01 frag@147.03 frag@84.99 loss@182.05 loss@235.03 loss@237.08 loss@226.06 loss@217.03 loss@211.07 loss@345.15 frag@83.03 loss@271.05,0.2975150645 0.02098143287 0.01360537484 0.01035581343 0.00634397706 0.005913265049 0.005259516649 0.005038630683 0.003702514572 0.003693741746 0.003209245624 0.003206487978 0.003155568847 0.002987024374 0.002956022043 0.002875220263 0.002842289163 0.002582118381 0.002550666919 0.002494879067
969,loss@198.14 frag@73.06 loss@194.13 frag@67.05 loss@180.12 loss@281.13 frag@79.05 frag@81.07 loss@276.13 frag@264.03 loss@267.14 frag@69.03 loss@208.15 frag@85.06 loss@318.12 frag@97.06 loss@311.12 frag@327.08 frag@315.07 frag@95.09,0.09336829185 0.0557323508 0.04792808741 0.04296578467 0.03763357922 0.02597798221 0.02526816167 0.02235569432 0.02215474099 0.01699902676 0.01558290049 0.01306807715 0.01056826022 0.009699258953 0.009486481547 0.00927594211 0.008606466465 0.008325724863 0.006570045371 0.006289931946
970,frag@110.07 frag@165.08 loss@250.09 loss@154.12 loss@262.09 loss@140.13 frag@207.11 loss@240.18 loss@283.07 loss@277.02 frag@83.06 frag@152.12 loss@278.14 loss@246.11 frag@146.03 frag@108.06 frag@217.09 loss@165.09 loss@252.03 loss@183.11,0.2736880183 0.05865697935 0.04941014573 0.04200825468 0.04044894502 0.03999970481 0.01459178608 0.01195760351 0.008357080631 0.006992774084 0.005857882556 0.005532504991 0.004475113004 0.004387863912 0.004073760472 0.003778511658 0.003424168332 0.003323762212 0.003235130105 0.003182062414
971,loss@70.05 frag@248.07 frag@264.05 frag@161.03 frag@306.1 loss@286.09 frag@272.12 frag@202.07 frag@231.02 frag@146.03 frag@167.05 frag@178.07 frag@120.02 frag@278.09 frag@315.13 loss@321.11 frag@384.2 frag@232.04 frag@148.07 loss@530.18,0.2108172029 0.1675547212 0.03185687959 0.004777245224 0.003913593479 0.003698503599 0.003673525993 0.003556794487 0.003196400125 0.003139846493 0.002798868343 0.002756071044 0.002587088617 0.002451011678 0.00243955222 0.002141652396 0.002137757372 0.002127559623 0.002080851933 0.002048503375
972,loss@206.14 frag@122.02 frag@94.03 frag@194.13 frag@189.0 frag@138.04 frag@108.04 loss@210.17 frag@255.12 loss@205.13 loss@153.98 loss@152.09 frag@139.05 frag@167.98 frag@126.05 frag@182.09 loss@172.01 frag@151.09 loss@141.1 frag@136.04,0.2516041696 0.1445893049 0.09911108762 0.01848626137 0.01837349311 0.009362084791 0.007933179848 0.006228004582 0.006122696213 0.005583833903 0.00525038084 0.005030175671 0.004762789235 0.004343588836 0.004255994223 0.003752010409 0.003718876047 0.003363646101 0.003139080014 0.002927471418
973,frag@96.04 frag@78.03 loss@94.05 loss@182.03 frag@106.03 loss@137.0 loss@320.1 loss@213.09 frag@79.04 frag@93.04 frag@124.04 loss@122.05 loss@200.02 frag@51.02 loss@101.02 frag@95.06 loss@207.08 loss@109.09 loss@86.01 frag@120.06,0.2363380939 0.08277730644 0.06875893474 0.01849141531 0.01502722781 0.0137174828 0.01355093345 0.0115274759 0.01148039196 0.01136497594 0.009431056678 0.007597985677 0.007488112431 0.007124661002 0.005662937183 0.004709476605 0.004499619361 0.004400665872 0.004310662858 0.004304990638
974,frag@57.07 loss@274.1 loss@275.11 loss@274.09 loss@262.1 loss@144.08 loss@300.04 frag@71.09 loss@247.06 frag@41.04 loss@186.01 loss@259.01 loss@292.14 loss@157.07 loss@393.15 loss@246.06 frag@43.05 frag@69.07 frag@183.15 loss@289.19,0.3004659414 0.05211984366 0.03819804639 0.03722493351 0.03291586787 0.02941158786 0.02372580394 0.02060630731 0.01719108596 0.01431915164 0.0130874468 0.01217451692 0.01114604063 0.009330726229 0.009102175012 0.00903156586 0.00828002952 0.007366573904 0.00711152982 0.006799222901
975,loss@331.11 frag@102.01 loss@289.11 frag@171.02 frag@326.11 loss@291.05 frag@360.11 frag@389.22 loss@142.11 loss@100.0 frag@85.04 frag@322.19 frag@159.09 frag@143.15 frag@210.13 frag@215.11 frag@111.05 loss@386.17 frag@86.11 frag@248.11,0.1404469758 0.1015548334 0.08623895049 0.03600515425 0.03288131952 0.02836539969 0.01420336869 0.0141856689 0.009020795114 0.008058106527 0.006180447992 0.004513711669 0.004254331347 0.003509835107 0.003379158443 0.00337639777 0.002994416514 0.002789534396 0.002778977156 0.002775062807
976,loss@186.04 loss@215.1 loss@198.07 frag@252.06 frag@196.12 frag@123.08 frag@134.01 loss@287.04 frag@149.1 frag@159.08 frag@321.17 frag@105.07 frag@133.06 frag@141.07 frag@244.13 frag@178.06 frag@136.11 frag@139.08 frag@121.03 frag@172.03,0.1160166264 0.1139925867 0.08550801873 0.02565999515 0.0136801498 0.01050546765 0.009284550324 0.009223313071 0.007640055381 0.007170688827 0.005768498871 0.0056847292 0.005226953886 0.005171282683 0.003483199049 0.003369086655 0.003279475961 0.003194363788 0.003156279912 0.003141722176
977,frag@121.07 loss@210.12 loss@223.09 loss@206.01 loss@332.08 loss@323.07 frag@289.14 loss@326.05 loss@307.06 loss@255.02 loss@388.2 frag@121.06 frag@110.02 loss@301.17 frag@366.15 frag@200.03 frag@59.0 frag@365.14 loss@277.19 loss@263.11,0.2310694307 0.06903593987 0.05053075776 0.02037476376 0.01870527864 0.01773399673 0.01230815053 0.01219013613 0.01075022388 0.01045882236 0.006548251025 0.005099157337 0.004794613458 0.00432089204 0.004162015393 0.003606108483 0.003565639723 0.003333825152 0.00323014427 0.002959008096
978,frag@210.07 loss@154.15 frag@245.04 frag@205.07 frag@152.09 loss@287.14 loss@232.03 loss@235.01 frag@192.04 loss@221.16 frag@247.06 loss@317.15 loss@62.07 loss@166.15 loss@102.05 frag@210.11 frag@247.13 loss@303.17 frag@362.15 loss@253.07,0.04463721067 0.0329589583 0.02756120451 0.02600860968 0.02448458783 0.02168422192 0.02132303268 0.0210441649 0.01674369536 0.01674318314 0.01662212797 0.01406754553 0.01126236841 0.01103099622 0.01031620987 0.01019307692 0.009557244368 0.00949655287 0.009240717627 0.008267328143
979,frag@112.11 loss@311.1 loss@199.16 frag@193.07 loss@334.1 frag@140.14 loss@288.18 frag@130.12 loss@294.07 loss@234.98 loss@234.04 loss@188.98 frag@83.09 loss@300.06 loss@290.16 loss@312.08 loss@346.12 frag@69.07 frag@110.1 frag@44.05,0.2428059578 0.02425480261 0.02276853286 0.01613982581 0.01611887477 0.01607854478 0.01538929343 0.01495817676 0.01444744598 0.01376975514 0.01372440625 0.01189613249 0.009673880413 0.00885601528 0.008354581892 0.007857379504 0.006762644276 0.006056101061 0.005830013659 0.005020504352
980,loss@162.12 frag@163.12 loss@183.14 loss@156.07 frag@279.08 frag@268.11 frag@159.99 frag@171.11 loss@182.01 frag@203.05 loss@336.16 loss@219.12 frag@278.03 frag@130.1 loss@230.01 frag@139.99 frag@128.0 frag@316.01 frag@172.1 loss@241.16,0.1249090657 0.070885472 0.06183246523 0.03524347767 0.03126186505 0.02763990685 0.02736453712 0.01607713662 0.01427839417 0.01281894743 0.01261410583 0.01228354499 0.01213755645 0.01009271946 0.008538834751 0.008026701398 0.006087739021 0.004695305601 0.004311196506 0.004126894288
981,frag@190.11 loss@132.07 loss@163.09 loss@176.13 frag@312.12 loss@142.01 frag@341.15 frag@243.16 frag@232.96 loss@192.13 frag@244.11 frag@162.08 loss@202.96 loss@150.08 frag@94.07 frag@345.19 frag@161.05 frag@177.1 loss@92.99 loss@308.07,0.1410789192 0.07109787315 0.05973912403 0.03684698045 0.03478499874 0.03409193084 0.02034026384 0.013155099 0.01307626162 0.0113163637 0.01094035804 0.01068779081 0.00944054313 0.007420036942 0.006255844608 0.006019311491 0.005838477984 0.005092076026 0.004157824442 0.003774001263
982,frag@44.05 loss@234.06 frag@58.06 frag@100.11 loss@283.1 loss@249.07 loss@243.08 loss@157.12 loss@246.05 loss@316.15 loss@81.97 frag@70.06 loss@154.01 loss@266.9 frag@42.03 frag@122.03 frag@98.1 frag@84.08 loss@289.11 frag@72.08,0.2245527506 0.06566885114 0.04008649662 0.03735741973 0.03073032759 0.02719258144 0.02255174145 0.02254492231 0.02097181603 0.02010780759 0.01956321299 0.01830684021 0.01663674787 0.01592407003 0.01328580361 0.01280777156 0.01208102144 0.008972871117 0.007927602157 0.007242308464
983,loss@186.14 loss@204.15 frag@218.12 loss@265.08 frag@84.08 frag@131.97 frag@110.1 frag@56.05 frag@84.06 frag@98.1 frag@44.05 frag@140.11 frag@55.05 frag@83.07 frag@162.06 frag@138.09 frag@83.09 frag@102.09 frag@130.12 loss@317.11,0.2362909615 0.05700263381 0.05020210892 0.02984459326 0.02516237646 0.02250111662 0.02043711394 0.0114580933 0.01044282131 0.008878984489 0.007735202089 0.007417774294 0.00693060644 0.006908032112 0.006812128238 0.006033397745 0.005509864539 0.005160700064 0.005077019334 0.004940357991
984,frag@56.96 loss@298.03 frag@124.04 frag@79.02 frag@115.03 loss@139.04 frag@43.02 frag@208.04 frag@61.01 frag@101.02 loss@114.03 frag@318.05 frag@62.02 frag@53.04 loss@211.03 frag@93.03 frag@138.01 loss@239.08 frag@53.0 loss@153.04,0.09378498793 0.01783783734 0.002594488207 0.002588496311 0.002357826335 0.002321641892 0.002155960537 0.002150755143 0.001868748688 0.001860444318 0.001823793747 0.001691654441 0.001633852371 0.001600553514 0.001587817795 0.001482630032 0.001423130743 0.001414994942 0.001411207719 0.001375652966
985,frag@154.03 loss@155.04 frag@209.04 loss@247.01 loss@187.03 frag@361.16 loss@175.01 loss@158.08 loss@193.12 loss@281.95 loss@217.04 loss@224.03 frag@155.94 loss@263.07 loss@189.04 loss@153.03 loss@238.04 frag@174.92 loss@205.04 loss@95.0,0.265930295 0.136259824 0.02615063451 0.02413100936 0.01410151925 0.01151868049 0.01138494909 0.005243010819 0.00503961416 0.004912649747 0.004736430943 0.004556421656 0.004258553497 0.004096764605 0.004092494957 0.003455783473 0.003312836634 0.00317177549 0.003122804221 0.00282413885
986,frag@163.06 frag@168.09 loss@275.12 loss@265.1 loss@291.13 frag@242.11 frag@203.07 frag@156.14 loss@288.15 loss@246.1 frag@151.08 loss@336.1 loss@264.12 frag@189.06 frag@127.09 frag@141.03 loss@281.15 frag@141.08 loss@247.09 loss@211.03,0.1299685389 0.1206470653 0.07951022685 0.07022047788 0.009383852594 0.007895068265 0.006982469931 0.006949923467 0.005335053429 0.00496250065 0.004726222716 0.004189502914 0.004089979455 0.003978990484 0.003925838508 0.003821244463 0.003662662115 0.003561581019 0.003410269972 0.00312356744
987,frag@172.97 loss@128.03 frag@192.03 loss@199.96 loss@146.03 frag@293.14 loss@172.05 loss@182.02 loss@200.98 loss@211.0 loss@159.11 frag@262.1 loss@295.05 frag@210.04 loss@198.99 loss@360.07 loss@138.11 loss@270.03 loss@216.99 loss@132.06,0.1684734076 0.1089333445 0.09870670736 0.007413583342 0.007038314361 0.005364937708 0.005153747275 0.003124579554 0.002953346819 0.002592157805 0.002344942652 0.00226397207 0.002158198971 0.002071181545 0.002058371436 0.002005731687 0.001881250646 0.001859948155 0.001827041735 0.001716184081
988,loss@160.08 loss@237.07 frag@205.03 loss@184.98 frag@212.08 loss@186.0 frag@259.03 loss@285.03 loss@187.09 frag@139.01 frag@121.01 frag@206.08 frag@141.03 frag@153.05 frag@139.03 loss@152.0 frag@194.04 frag@118.05 frag@340.13 frag@152.03,0.1249355674 0.0717805326 0.05065368861 0.04992737621 0.0464088209 0.02999583259 0.02481946908 0.00900520198 0.005995169282 0.00559052173 0.004934309516 0.004320073873 0.004187905695 0.004096548073 0.003914993722 0.003894391237 0.003690930549 0.003189167706 0.003056330839 0.002977655968
989,frag@95.02 loss@169.07 frag@113.03 frag@145.02 loss@212.02 loss@274.2 frag@285.13 loss@167.14 loss@187.99 loss@195.0 loss@157.04 loss@183.99 loss@175.04 frag@150.06 loss@396.29 loss@179.02 loss@178.99 frag@68.01 loss@196.01 loss@182.13,0.2289225012 0.1838505566 0.1386208236 0.01385388151 0.0094412826 0.009164691903 0.005233031698 0.004746553488 0.003874473274 0.003010851331 0.00293424679 0.002867999021 0.002709116554 0.002345618559 0.002244426869 0.002057101112 0.001987220719 0.001864276128 0.001789442031 0.001770053175
990,frag@159.09 frag@170.06 frag@158.08 loss@142.11 loss@319.11 loss@333.21 loss@174.08 loss@188.07 frag@142.07 loss@186.08 frag@130.07 loss@331.11 loss@244.05 frag@160.1 loss@307.04 loss@170.11 loss@299.14 frag@199.09 frag@156.08 frag@143.08,0.2206557989 0.04912072048 0.01202796772 0.009681118652 0.008493972011 0.007119886111 0.006353081204 0.005817493889 0.005759953056 0.005704687908 0.005125652067 0.004658502061 0.004379886203 0.004343304783 0.004271088168 0.004191383254 0.003961445298 0.003822423285 0.003806384746 0.003762455424
991,loss@150.03 loss@128.0 loss@139.03 frag@267.09 loss@156.0 frag@186.05 frag@116.01 frag@285.1 frag@325.06 frag@109.03 frag@191.03 loss@138.03 frag@225.05 frag@195.01 frag@177.05 frag@133.03 frag@175.03 frag@196.05 frag@123.01 frag@79.02,0.1136155128 0.08719715476 0.03602774069 0.03479469568 0.02993542701 0.02475126088 0.02252759598 0.01695689373 0.0150779048 0.01061956212 0.01045445818 0.008032517508 0.007319846656 0.007019965444 0.005799290258 0.005768596195 0.005598291755 0.005484400783 0.004687449895 0.004649428651
992,loss@163.1 loss@177.12 frag@133.06 loss@135.1 frag@164.14 frag@146.07 frag@135.08 frag@130.03 frag@141.08 frag@126.06 frag@204.05 frag@86.99 frag@229.13 frag@123.08 frag@256.14 frag@302.22 frag@161.08 frag@147.07 frag@71.0 loss@215.12,0.1942384839 0.141899094 0.0320885852 0.02700145356 0.01670360379 0.01585214771 0.01523650344 0.01212233584 0.011710844 0.01122119091 0.01042731851 0.00974336639 0.008245857432 0.00796942506 0.007740786765 0.007625073195 0.00743002072 0.006969023962 0.006841918919 0.006658358499
993,frag@199.01 frag@269.09 loss@1.01 frag@286.09 loss@147.03 loss@119.05 frag@181.04 loss@169.06 loss@377.1 frag@256.05 frag@235.16 loss@127.05 loss@251.07 loss@90.02 loss@165.05 frag@181.09 frag@235.09 loss@112.04 frag@254.09 loss@152.07,0.1008826196 0.04230526462 0.04093684629 0.03842910007 0.004191784654 0.003706811694 0.002597458195 0.002325923881 0.002253645565 0.002211417537 0.002155688591 0.002075586468 0.002026694594 0.002019247739 0.001862830599 0.001856072689 0.001841148478 0.001828186563 0.001659182715 0.001605170546
994,frag@115.03 loss@237.01 loss@206.07 frag@206.06 frag@141.01 frag@88.02 loss@183.01 loss@179.1 frag@116.96 loss@160.02 loss@178.08 frag@114.04 loss@224.01 loss@262.22 loss@287.16 loss@225.07 frag@190.05 loss@207.99 loss@141.02 loss@223.03,0.2391287535 0.05911497027 0.01293132454 0.009716570377 0.00536086224 0.004860470537 0.00470567029 0.003663256066 0.003408253891 0.003250591457 0.002837354783 0.00252964301 0.002372299787 0.002298500389 0.002277775668 0.002206268953 0.002192341723 0.002143984428 0.002129768254 0.002014331752
995,loss@280.09 frag@147.03 frag@114.0 frag@166.09 frag@326.18 frag@133.09 frag@57.99 frag@67.02 frag@138.06 frag@110.02 frag@178.07 frag@184.02 frag@159.1 frag@55.02 frag@206.06 frag@65.04 frag@175.12 frag@59.0 frag@202.0 frag@70.04,0.2362841517 0.0056868135 0.00535365846 0.0042894301 0.00386054581 0.00360176689 0.003262583632 0.003244600026 0.003161147004 0.003131492762 0.003089493373 0.002702684375 0.002651230665 0.002582184039 0.002397787757 0.002246931661 0.002207538346 0.002171224914 0.002118581207 0.002014573896
996,loss@236.11 loss@208.03 frag@171.01 frag@93.03 frag@56.96 frag@55.02 frag@121.06 frag@254.11 frag@93.07 frag@67.05 frag@79.05 frag@366.15 frag@69.03 frag@135.08 frag@97.01 frag@97.06 frag@143.03 frag@136.05 frag@105.07 loss@232.11,0.1300348639 0.1136938184 0.01441602223 0.01216057315 0.01026582811 0.00926092919 0.005739035085 0.005595138762 0.005167026538 0.004895549268 0.004885395989 0.004779380746 0.004550722428 0.004260983784 0.00423706416 0.003871350316 0.003812292358 0.003720773151 0.003557761898 0.003401470371
997,loss@208.09 loss@260.13 loss@226.08 loss@247.12 frag@136.08 frag@151.06 frag@74.93 frag@118.08 frag@108.08 frag@182.01 frag@158.0 loss@307.14 frag@110.1 loss@228.03 frag@203.1 frag@93.03 frag@164.11 frag@121.07 frag@121.06 frag@151.08,0.1082246006 0.06938479096 0.06384776533 0.04343762249 0.01768964902 0.0175677035 0.01628564671 0.01412508357 0.01360690128 0.01289716177 0.009894653223 0.009825785644 0.009208238684 0.009132429957 0.008907439187 0.008796736598 0.008753182366 0.007504404522 0.007152402308 0.006712046918
998,loss@178.08 frag@162.03 frag@115.03 frag@178.06 frag@123.05 frag@191.02 frag@190.05 frag@163.03 frag@391.17 frag@105.06 loss@178.07 frag@83.03 frag@123.0 frag@171.05 frag@113.04 frag@205.13 frag@116.03 frag@166.1 frag@219.12 frag@281.14,0.281047225 0.1407915801 0.01313424855 0.004159289412 0.003058115952 0.002992531285 0.002977958182 0.002841967857 0.002759303199 0.002469376661 0.002359610051 0.002219745656 0.002114645904 0.002002633642 0.001996599603 0.001879202086 0.001859155251 0.001786571112 0.001737231971 0.001674412983
999,loss@243.11 loss@269.07 loss@242.1 frag@173.95 frag@99.06 frag@166.09 frag@311.04 frag@109.06 frag@109.07 loss@276.11 frag@178.09 frag@175.12 frag@162.97 frag@274.18 loss@246.15 frag@155.08 frag@151.08 frag@92.06 frag@230.13 frag@187.98,0.1618275046 0.06081451103 0.04451873526 0.0123339938 0.008480891585 0.006770692766 0.006332213525 0.005768590141 0.005408679601 0.005162714981 0.004160093609 0.003792341333 0.003740180749 0.003544838168 0.003348238301 0.003258421784 0.003199774306 0.003064648015 0.002966346219 0.002956453012
