topic_id,top_words,top_probabilities
0,loss@179.04 frag@259.11 frag@271.11 loss@152.01 frag@268.09 frag@216.1 frag@240.11 frag@377.07 frag@212.08 frag@171.06 frag@211.98 frag@275.12 frag@216.08 frag@267.12 loss@134.08 frag@51.03 frag@180.1 loss@84.02 frag@292.11 frag@188.08,0.2058064938 0.07219097763 0.05190424994 0.04313896969 0.01783650555 0.00307622226 0.002940164879 0.002924876753 0.002608034527 0.002553616418 0.002476837486 0.002307135379 0.002292229794 0.002124790335 0.001929922611 0.001918059424 0.001717004809 0.001602622215 0.001599264215 0.001585061196
1,frag@73.01 loss@199.1 loss@200.03 loss@246.16 frag@323.11 frag@297.18 loss@256.1 frag@44.98 frag@150.13 loss@181.18 frag@172.03 frag@157.96 loss@178.07 frag@236.11 loss@107.11 frag@145.02 loss@182.01 loss@154.9 frag@143.01 loss@197.08,0.2267588824 0.1444375366 0.05885794386 0.01088591106 0.006567166653 0.005307719577 0.005283287261 0.004885892384 0.004591508303 0.004052009434 0.003533510957 0.003196489299 0.002453018911 0.002435902832 0.002299211686 0.002221874893 0.00220563449 0.002123401035 0.002122652484 0.002103153383
2,loss@121.09 loss@165.07 frag@189.08 frag@170.98 frag@329.12 frag@244.13 frag@162.09 frag@122.1 frag@336.17 frag@190.12 frag@133.06 frag@199.02 frag@409.2 frag@292.13 frag@175.04 frag@378.19 frag@107.07 frag@229.13 frag@175.09 loss@149.08,0.2255535722 0.06724534929 0.01977610029 0.01611827128 0.007288926281 0.006652653217 0.006218119059 0.00572862057 0.00560851302 0.00551698124 0.005134313833 0.005057442933 0.004935239442 0.004516516346 0.004413499031 0.004091527313 0.004031122196 0.003924657591 0.003793241689 0.003649487393
3,frag@198.1 frag@219.1 loss@197.1 frag@200.12 loss@269.05 frag@214.13 frag@130.97 loss@173.1 frag@230.08 frag@212.12 loss@269.15 frag@172.09 frag@158.07 loss@333.12 loss@95.04 loss@138.1 frag@190.09 loss@113.04 loss@201.13 loss@78.05,0.1620293707 0.05911532417 0.03853859752 0.03161645308 0.006954012904 0.006681337953 0.006085081026 0.005136186723 0.005003394093 0.004331858829 0.004280312918 0.004219977651 0.004047210794 0.003963074647 0.003738358617 0.003547581844 0.003438611748 0.003237190424 0.003185747424 0.002753765788
4,frag@45.03 loss@247.06 frag@87.04 loss@364.08 loss@186.04 loss@218.04 frag@101.02 loss@105.04 frag@173.95 loss@227.15 loss@268.1 loss@445.16 loss@107.11 loss@287.09 loss@298.04 loss@280.09 loss@259.11 loss@205.02 loss@120.06 frag@55.02,0.3065772951 0.007832516916 0.004299617372 0.003702325048 0.003291919129 0.003120636102 0.002740326338 0.002535327105 0.002476788592 0.002340326319 0.002194286091 0.002086130902 0.002034374746 0.001922474592 0.001917953137 0.001875733491 0.00186651689 0.001834227238 0.001802651677 0.001784739783
5,frag@172.05 loss@164.07 frag@144.06 loss@95.0 loss@141.06 frag@351.18 frag@134.06 frag@145.04 frag@146.07 frag@144.04 loss@179.09 loss@188.07 loss@137.08 frag@231.12 frag@157.06 frag@171.05 loss@165.08 frag@121.01 loss@175.11 frag@199.12,0.2386613786 0.1770962477 0.0569964163 0.0182341598 0.01301264018 0.009307484142 0.007455875166 0.007277389523 0.005196788814 0.004332933575 0.0041102916 0.004099852405 0.00383981457 0.003336811438 0.003071100684 0.003067516489 0.003041018266 0.00297699729 0.002944270382 0.002917254576
6,loss@163.07 loss@162.06 frag@231.12 frag@150.09 frag@119.06 frag@148.08 frag@120.06 frag@120.04 frag@187.1 frag@209.02 loss@137.05 frag@225.14 frag@177.08 frag@148.09 frag@147.07 frag@176.08 frag@144.04 frag@168.96 frag@134.07 frag@190.09,0.2371997237 0.05291732773 0.009191419929 0.008138931356 0.007554472424 0.007467467804 0.007342852186 0.00635619089 0.006219424307 0.006189906504 0.006149981171 0.005796024576 0.005004680716 0.004843373783 0.004841263406 0.004652020056 0.004598408006 0.004497587681 0.004377524834 0.004251058679
7,loss@243.02 loss@288.06 frag@329.11 frag@341.19 frag@374.15 loss@340.97 loss@188.98 loss@78.09 frag@112.11 loss@338.06 loss@267.03 loss@215.08 loss@105.06 frag@239.15 frag@194.05 frag@288.12 loss@164.05 loss@88.02 frag@270.11 frag@364.13,0.1273283213 0.09148393571 0.08189035952 0.05111633241 0.03871646151 0.008120459504 0.005348836537 0.005271630827 0.005097801797 0.004178964067 0.003356129397 0.003176987404 0.002995228861 0.002909246366 0.002901680535 0.002790777013 0.002731131623 0.002682202263 0.002534497995 0.002445121994
8,loss@191.13 loss@265.12 loss@255.11 loss@286.09 frag@110.02 frag@190.12 frag@185.07 frag@159.08 frag@133.07 frag@126.06 frag@189.05 loss@373.12 frag@161.1 frag@146.12 frag@195.05 loss@258.15 frag@174.06 frag@198.06 frag@215.12 frag@99.08,0.1281116456 0.06732530892 0.0538751483 0.04557235539 0.01834268682 0.009838378057 0.009798046201 0.009329195134 0.00931680575 0.008908818476 0.008902154863 0.007814167067 0.007682620548 0.006715215277 0.006245605182 0.006020360161 0.005657205358 0.005270410329 0.005141434725 0.00512452703
9,frag@205.04 loss@250.06 frag@204.06 frag@319.07 loss@132.09 loss@128.01 loss@169.06 frag@163.03 loss@191.05 frag@175.03 loss@187.03 loss@273.07 frag@151.96 loss@153.04 loss@174.06 loss@266.09 frag@72.98 loss@321.15 frag@160.02 frag@164.04,0.2975029051 0.1538358927 0.003485473106 0.002809927333 0.002211846644 0.002124660881 0.002052956261 0.001764939749 0.001722755609 0.001669179182 0.001618906157 0.0015181083 0.001452019438 0.001281431643 0.00123683596 0.001224222011 0.001208496164 0.001186738722 0.001163928537 0.001152754296
10,loss@166.1 frag@208.02 frag@218.15 frag@175.11 frag@173.1 frag@236.15 loss@136.09 loss@215.12 frag@173.95 frag@241.99 frag@172.02 frag@229.13 frag@319.16 frag@397.07 frag@138.09 frag@136.05 frag@238.12 frag@142.12 frag@216.13 frag@230.98,0.2461195886 0.009644750506 0.006682178937 0.003958086018 0.003443187568 0.00311106164 0.002905463334 0.002655109158 0.002642713254 0.002342642052 0.002288958058 0.002022897126 0.002018282888 0.001678436412 0.001670124242 0.001660795067 0.001646273769 0.001625377685 0.001611468266 0.001592437387
11,loss@122.07 frag@220.1 loss@197.99 frag@286.03 loss@284.03 loss@150.07 frag@241.05 loss@32.04 frag@115.04 frag@183.01 frag@208.04 frag@163.06 frag@136.11 frag@223.12 frag@161.01 frag@184.1 frag@150.04 frag@143.0 frag@340.13 frag@160.02,0.257824719 0.09367589653 0.0452291742 0.01030093338 0.00906235259 0.00831899792 0.005858524702 0.005854170304 0.005587002262 0.005523281638 0.004638126586 0.004513078835 0.003902386408 0.003496727208 0.003428891301 0.003407041077 0.003365122946 0.003266931046 0.003018479794 0.002900520107
12,frag@145.06 frag@155.06 frag@155.05 loss@171.07 loss@158.04 loss@165.0 loss@244.1 loss@176.11 loss@158.03 loss@144.06 loss@230.05 loss@201.08 loss@191.1 loss@170.09 loss@314.12 loss@178.09 loss@179.05 frag@130.03 frag@128.06 loss@189.08,0.1545270532 0.1544178873 0.1153288484 0.04235267639 0.02599809133 0.02015857026 0.01713490672 0.0154935671 0.0138994744 0.008596790954 0.003704665694 0.003696225816 0.003595207818 0.00352363172 0.003346797079 0.00332082971 0.003256928176 0.002999438206 0.002654480282 0.002630681731
13,frag@158.1 frag@160.11 frag@145.09 loss@160.1 frag@174.09 frag@146.1 frag@144.08 loss@279.15 loss@267.11 frag@132.08 frag@143.07 loss@200.1 loss@309.1 loss@293.09 loss@191.1 loss@185.03 frag@160.08 frag@159.1 loss@333.11 loss@225.14,0.1455214024 0.08837454021 0.02757731639 0.01667299122 0.01130210515 0.01014153846 0.007902488112 0.007437816355 0.006907527801 0.006400566548 0.005478408188 0.005166894756 0.004945578054 0.004674497526 0.003923221491 0.00384123344 0.003794353455 0.003657319117 0.003633428365 0.003585251281
14,frag@107.07 loss@112.02 loss@345.97 frag@377.07 frag@106.06 loss@111.03 loss@193.02 loss@325.02 frag@156.01 frag@303.06 frag@206.08 loss@78.57 loss@115.04 loss@84.02 loss@180.06 loss@189.05 loss@45.0 frag@311.1 loss@100.02 loss@110.06,0.2931929231 0.1331825554 0.01382231899 0.005053563509 0.004819659051 0.004218842834 0.004079399165 0.004000374116 0.003658103757 0.003623801516 0.003497858299 0.003287382657 0.003232645337 0.002901969478 0.002602703404 0.00257527479 0.002559514018 0.00254345173 0.002524325624 0.002228410682
15,frag@124.04 loss@231.04 frag@107.04 loss@204.0 frag@82.03 loss@259.09 loss@206.14 frag@140.05 loss@152.06 frag@109.03 frag@108.04 loss@271.05 loss@216.02 frag@96.04 frag@53.04 loss@272.07 loss@287.06 frag@152.98 loss@208.04 loss@270.05,0.2640105784 0.05484333262 0.007997727022 0.007671762258 0.007366403472 0.005296076182 0.00484298449 0.004129066132 0.003622728167 0.003342119046 0.002960629761 0.002933925949 0.00276414305 0.002701287623 0.002553018508 0.002552208491 0.002411733149 0.002363387495 0.002342688153 0.002325275214
16,loss@161.11 frag@160.04 loss@145.97 loss@234.21 loss@227.13 frag@308.14 loss@176.08 frag@202.1 frag@174.06 frag@130.06 loss@218.13 frag@136.03 frag@190.12 frag@319.12 frag@155.02 loss@217.01 frag@172.08 frag@158.08 frag@158.06 loss@310.11,0.1230874285 0.1011866704 0.01175933424 0.009392675944 0.007322456688 0.005234523211 0.004923802335 0.003585044527 0.003226111177 0.003024448873 0.002957273275 0.002645300003 0.00259093591 0.002555899089 0.002542267088 0.002486800775 0.002438195283 0.002403393155 0.002255401574 0.002250065561
17,frag@137.04 loss@189.13 loss@213.07 frag@130.0 loss@285.08 frag@217.06 loss@281.1 loss@304.16 loss@261.01 loss@129.08 loss@168.0 loss@226.05 loss@233.15 frag@176.07 loss@153.06 frag@257.11 loss@129.07 loss@193.08 loss@173.13 loss@268.12,0.2759202719 0.105963327 0.0654310137 0.03961589187 0.03154104203 0.02057832107 0.01809731871 0.006473514251 0.005704708863 0.004300956614 0.003861563979 0.003854387905 0.0031606548 0.003005780745 0.002996574389 0.002969506197 0.00294418796 0.002652984113 0.002523667179 0.002438963158
18,frag@174.04 loss@190.06 frag@173.03 frag@147.03 loss@218.05 loss@141.02 loss@152.06 frag@384.2 loss@320.1 frag@340.13 frag@70.99 loss@191.12 loss@263.06 frag@104.05 loss@399.2 loss@279.05 frag@150.04 frag@46.34 frag@241.11 loss@48.59,0.2261364758 0.2121417224 0.08670768142 0.03009203821 0.01498751808 0.00842630025 0.007160538342 0.005118280649 0.004273371771 0.003733325051 0.003654699074 0.003510870971 0.003008938627 0.00263893907 0.002580167027 0.00255607604 0.00238976907 0.002385196043 0.002148430562 0.001952247228
19,loss@196.12 frag@192.14 loss@240.18 frag@242.99 loss@275.17 loss@257.16 frag@83.09 frag@175.11 loss@196.13 loss@224.12 frag@355.18 frag@239.21 frag@82.03 frag@72.94 frag@188.13 frag@277.08 loss@109.13 frag@360.08 frag@74.06 frag@197.17,0.1706172675 0.04583170637 0.02223017067 0.02207098342 0.01865443401 0.01636430621 0.008498861454 0.006149490364 0.005762936547 0.00490387762 0.004493916873 0.004285073839 0.004212670028 0.003956837114 0.003801388433 0.003739183536 0.003656728193 0.003583784215 0.003537898185 0.003490835894
20,frag@172.09 frag@186.1 frag@215.09 frag@158.07 frag@173.09 loss@189.09 loss@333.21 frag@143.06 loss@172.06 loss@135.1 loss@187.93 loss@152.06 loss@247.01 loss@164.04 frag@200.08 loss@193.08 loss@220.08 loss@238.04 loss@137.08 frag@256.1,0.1552496254 0.06280127913 0.04265661165 0.02860330231 0.02083609439 0.008206777275 0.007761907764 0.007431148551 0.00708495453 0.006788734812 0.006474393886 0.005667120218 0.005472101271 0.005256223958 0.005150097422 0.004987270106 0.004876416177 0.004842509516 0.004690764006 0.004623868503
21,frag@121.03 loss@186.12 loss@220.16 loss@282.14 loss@220.17 loss@225.13 frag@121.04 loss@200.13 loss@183.15 loss@185.12 frag@149.06 frag@279.09 loss@228.05 loss@213.1 frag@65.04 loss@191.1 frag@177.09 loss@302.15 loss@183.08 loss@295.11,0.3887123764 0.03845597804 0.03605414927 0.03347153589 0.02543200925 0.02405839227 0.01004069019 0.007105036639 0.006705322769 0.006621024571 0.005713124294 0.00550400652 0.005403871648 0.005221986212 0.004612280056 0.004476541188 0.004059603903 0.003993207589 0.003668037709 0.003556011245
22,frag@160.09 frag@174.07 loss@187.07 frag@188.08 loss@176.09 loss@261.16 loss@189.09 frag@158.07 loss@177.09 frag@231.12 frag@162.07 loss@205.09 loss@162.08 loss@215.11 frag@120.06 frag@132.06 loss@188.01 loss@206.15 loss@190.07 loss@218.12,0.1387500316 0.1112033352 0.07185065001 0.05333646014 0.03625140339 0.01258607954 0.009525969625 0.008357775398 0.008113852702 0.006478436757 0.005606165156 0.005391095765 0.004798777867 0.004681123886 0.004372355528 0.004237724468 0.004235979635 0.004120233469 0.004065489396 0.003979808651
23,frag@173.02 loss@154.06 frag@145.03 loss@177.06 loss@354.09 loss@173.06 loss@193.08 loss@150.03 loss@190.13 loss@254.06 loss@147.08 loss@189.04 loss@344.11 loss@287.05 loss@221.01 loss@215.06 loss@242.07 loss@354.16 frag@157.03 frag@117.03,0.3472767472 0.02625318617 0.01712281443 0.006048379 0.005303084385 0.005188750103 0.004697607365 0.004192759749 0.00409254944 0.004004828166 0.003812335432 0.003689811099 0.003486655187 0.003379260888 0.003349744715 0.003252186114 0.003211913165 0.002934753429 0.002828073222 0.002671826398
24,frag@177.03 frag@163.07 frag@171.03 frag@209.06 loss@138.0 frag@138.03 loss@198.02 loss@344.97 frag@60.48 loss@389.14 loss@99.05 loss@347.18 loss@97.08 loss@74.06 frag@188.04 loss@278.17 loss@188.03 loss@190.04 loss@386.17 loss@174.05,0.1157826558 0.08793012798 0.06733810902 0.05182186887 0.03831647336 0.03063634038 0.02490318194 0.01094844844 0.01012360584 0.006521326955 0.006028648 0.005905490369 0.005572924856 0.004443476908 0.004030797631 0.003998736385 0.00371818617 0.003629036946 0.003445739392 0.003333308501
25,loss@212.12 loss@247.17 frag@67.05 frag@205.06 loss@193.15 frag@112.08 frag@59.05 frag@84.08 frag@127.09 frag@85.06 frag@188.9 frag@84.09 frag@218.12 frag@43.02 frag@193.1 frag@55.02 loss@733.31 loss@275.01 frag@55.05 frag@277.08,0.2027269602 0.03739928454 0.01740944944 0.01129883621 0.0105950376 0.009823954664 0.007841035724 0.006071506999 0.005538232625 0.005025863182 0.004833521321 0.003901983378 0.003731879871 0.003538793186 0.002949169837 0.002948907204 0.002940031001 0.002926398069 0.002856720705 0.00282198377
26,loss@176.04 loss@120.02 loss@173.1 frag@177.05 loss@80.03 frag@118.04 frag@150.04 loss@145.08 frag@200.08 frag@207.13 frag@224.04 loss@165.04 frag@166.01 frag@79.04 frag@113.01 frag@199.03 frag@220.13 frag@185.03 frag@232.96 frag@233.11,0.1338123232 0.07563663274 0.07551821321 0.04446996003 0.02288935892 0.00953348726 0.009441847913 0.007679118775 0.0060152472 0.005936756264 0.005936334375 0.005923663266 0.005831314716 0.005740590859 0.005500560626 0.005342393182 0.004904108588 0.004875376355 0.004212913569 0.004144193605
27,frag@87.04 loss@230.0 loss@421.16 frag@45.03 frag@43.02 loss@364.1 frag@57.03 loss@470.16 frag@287.06 loss@264.16 loss@680.2 frag@173.95 loss@113.01 frag@97.03 frag@69.03 loss@445.16 frag@71.01 loss@238.12 loss@349.09 loss@454.17,0.2682937384 0.0354530178 0.02822696604 0.02062310278 0.01407324057 0.01133485232 0.004698324483 0.003668899182 0.003631870029 0.003582159523 0.00334006059 0.002986203181 0.002693771152 0.00260538375 0.002543492941 0.002310159616 0.002192994114 0.00190936483 0.001850717003 0.001795278862
28,loss@78.99 loss@79.99 frag@212.09 frag@286.09 frag@280.08 frag@260.08 frag@284.02 frag@194.05 frag@336.08 frag@126.06 frag@212.07 frag@255.03 frag@338.14 frag@231.15 loss@47.0 frag@160.02 loss@261.08 loss@112.04 frag@129.03 frag@299.09,0.1140764505 0.1007193625 0.09675014019 0.03424276039 0.01623546891 0.004604516551 0.004440350924 0.003887513187 0.00342242443 0.003263653489 0.003168821335 0.003155230079 0.00311172381 0.002908827737 0.002843754133 0.002708221786 0.002302942332 0.002079216996 0.00194757618 0.001923475997
29,loss@185.98 loss@145.95 frag@293.14 loss@300.1 frag@158.96 frag@349.14 frag@53.0 frag@115.02 frag@144.1 frag@154.01 frag@151.1 frag@138.01 frag@189.06 frag@228.05 frag@114.07 frag@52.02 loss@241.02 frag@198.99 frag@262.11 frag@107.04,0.1995514035 0.07286583632 0.06635355949 0.02500378899 0.01484101359 0.007500083186 0.006127642002 0.004823416937 0.004764218349 0.004601788241 0.004206771962 0.003875153372 0.003147070762 0.003012447152 0.002969003748 0.002612478798 0.002607000526 0.002459003124 0.002458720468 0.002451056847
30,loss@162.03 frag@229.1 frag@287.07 frag@212.96 frag@90.04 loss@129.11 frag@247.05 loss@35.04 loss@100.0 loss@108.0 loss@91.01 frag@326.11 frag@203.08 frag@247.04 frag@178.95 loss@127.0 frag@346.12 frag@196.08 loss@223.0 loss@102.02,0.08100317419 0.06659246981 0.04820803553 0.02947435156 0.02867804468 0.02552607283 0.01319517009 0.01068315841 0.009205178358 0.009169688448 0.008971463889 0.008816340938 0.008228308521 0.008095734753 0.007811366115 0.007466843352 0.006994725671 0.006771563087 0.00670233462 0.00554114813
31,loss@167.17 frag@172.93 frag@370.2 frag@150.01 frag@256.04 frag@298.06 frag@268.09 loss@320.98 loss@257.15 loss@136.1 frag@200.04 loss@125.12 frag@344.21 loss@450.2 loss@183.99 frag@178.01 frag@309.14 frag@155.02 loss@256.08 frag@211.01,0.1801653504 0.1058865413 0.03166616336 0.004763424862 0.004683181178 0.0036970824 0.003597116563 0.003513189498 0.003317909082 0.002941348357 0.002876992337 0.002788280835 0.002642814768 0.002599568106 0.002538061235 0.002424543956 0.002416121075 0.002329802606 0.002328629605 0.002230731305
32,loss@170.05 loss@226.06 loss@210.0 loss@100.99 frag@119.06 frag@166.97 frag@97.04 frag@134.02 frag@163.02 frag@147.06 frag@154.05 frag@136.04 frag@95.01 frag@83.03 frag@311.18 frag@111.03 frag@147.1 frag@139.03 frag@193.1 frag@85.01,0.1974379718 0.06859084964 0.04435718432 0.02504718676 0.01565832086 0.01115293149 0.0110314656 0.01062959246 0.009504945017 0.008615814149 0.007051265799 0.006789646111 0.006741403602 0.005380915944 0.004792643711 0.004721346777 0.004628977273 0.004605039489 0.004517116118 0.004349336959
33,loss@156.05 frag@207.04 loss@157.03 loss@153.03 loss@139.02 frag@174.04 loss@187.03 frag@193.04 frag@127.0 frag@151.03 frag@169.06 frag@165.04 frag@153.01 loss@206.01 frag@154.01 frag@209.05 frag@238.13 loss@126.04 frag@190.04 frag@143.06,0.1329268664 0.1166129038 0.0896384865 0.06921389699 0.009732201695 0.008482749574 0.008302293718 0.007131211925 0.00611150125 0.00577255059 0.00384423486 0.00335372705 0.003241456812 0.003086892189 0.003068433143 0.002823076909 0.002657117322 0.002580917208 0.002580571221 0.002551539335
34,frag@123.05 loss@206.12 loss@182.12 frag@206.09 frag@211.02 loss@173.13 frag@166.1 frag@141.07 frag@99.06 frag@95.06 loss@220.13 frag@95.07 loss@142.01 frag@123.06 loss@194.12 frag@110.07 frag@230.17 frag@345.19 frag@152.12 loss@187.11,0.2586435974 0.1780952811 0.06227964535 0.03285303339 0.01063778624 0.00619696686 0.006059618201 0.004107202869 0.004063462373 0.00366998883 0.003619575873 0.003493805183 0.003339985618 0.002315021586 0.002307015471 0.002251302125 0.002240979346 0.002220660914 0.002183434553 0.002160894219
35,frag@212.04 frag@229.11 loss@242.03 loss@105.06 frag@299.15 loss@250.12 loss@179.12 loss@277.1 loss@192.01 loss@187.13 frag@118.92 loss@235.09 loss@340.97 frag@86.08 frag@155.08 frag@161.99 loss@337.17 frag@264.12 frag@201.08 frag@167.08,0.09694701433 0.07107854635 0.05421354622 0.05278423801 0.04788495228 0.04669182748 0.03093924373 0.0240287967 0.02247606404 0.01486801635 0.00946123153 0.008105663583 0.007747245952 0.006258692592 0.006157674361 0.005177227315 0.004860256799 0.00385511457 0.003772838973 0.003764484311
36,frag@157.04 loss@156.05 frag@151.05 loss@160.97 loss@237.22 loss@290.07 frag@218.09 frag@238.13 loss@223.15 loss@381.12 loss@139.05 loss@165.1 frag@169.06 loss@154.05 loss@244.98 loss@187.11 loss@203.12 frag@256.13 loss@308.08 loss@238.07,0.3162185252 0.004964394029 0.003561907448 0.003202070482 0.003011284163 0.002751312219 0.002749839099 0.002705980791 0.002589348238 0.002451237058 0.002363976324 0.002337336773 0.002246580319 0.002056710189 0.002035243204 0.001846861094 0.001791726449 0.001789931091 0.001782350591 0.001763545559
37,loss@164.08 frag@192.1 frag@165.09 frag@148.08 frag@319.16 frag@178.09 frag@177.08 frag@127.01 frag@190.09 frag@150.07 loss@331.15 frag@136.03 frag@202.12 frag@314.13 frag@151.08 frag@163.08 frag@178.05 loss@150.09 frag@160.1 frag@121.03,0.3074020445 0.1944853216 0.01784785278 0.01249068882 0.009632868692 0.008609099314 0.007954453118 0.007928483188 0.005703126546 0.004403327126 0.004278808832 0.004226742312 0.004188359715 0.003901289543 0.003474425292 0.003190403106 0.002854359103 0.00276244455 0.002547861077 0.002402257873
38,loss@202.04 loss@273.09 frag@76.02 loss@126.01 frag@167.02 loss@98.02 frag@323.16 frag@148.02 loss@46.03 frag@150.04 frag@308.1 loss@330.07 loss@48.59 loss@272.19 frag@125.03 frag@127.0 frag@170.03 loss@224.03 loss@141.02 frag@236.03,0.0787396878 0.07163234055 0.05660611019 0.04498435184 0.04151012003 0.03900143132 0.02932221256 0.02208551578 0.01267445181 0.008167522959 0.006232125219 0.005471487064 0.004849882331 0.004642184824 0.004442121834 0.004021008499 0.003897157498 0.003885534359 0.002959920559 0.002939754631
39,loss@146.05 frag@217.1 frag@273.11 loss@78.14 loss@151.01 frag@147.06 frag@368.13 frag@144.1 frag@170.08 frag@189.07 frag@173.07 frag@174.06 loss@132.06 frag@179.06 frag@340.13 loss@172.06 loss@172.08 frag@286.12 loss@131.03 loss@57.02,0.1995570362 0.1441170573 0.05083839223 0.0303578712 0.02263505943 0.01632516645 0.01196133066 0.008462192491 0.006091122515 0.00430912897 0.004124802072 0.003149186959 0.003143172245 0.003125459421 0.003078619251 0.002982026665 0.002970929025 0.002940035425 0.002856633626 0.002597645624
40,frag@139.02 frag@111.03 loss@155.04 loss@140.03 loss@181.06 loss@167.04 loss@230.03 loss@182.05 loss@172.07 loss@235.09 loss@333.21 loss@129.04 loss@225.08 loss@141.05 loss@367.11 loss@236.94 loss@244.95 loss@283.02 loss@147.08 loss@292.04,0.3693578839 0.004802692216 0.002439056523 0.002061469946 0.001808969537 0.001714697224 0.001662203111 0.001647038967 0.001506789471 0.001497975783 0.001493844669 0.00135874853 0.001357815461 0.001316309441 0.001302437391 0.001272099558 0.001224186621 0.00121259829 0.001203028136 0.001188356895
41,loss@206.05 loss@172.03 loss@155.04 frag@125.03 frag@170.12 loss@225.07 loss@249.06 frag@137.07 frag@83.03 frag@111.03 frag@99.03 loss@221.04 frag@239.06 frag@158.0 frag@110.01 loss@191.05 frag@149.11 frag@164.04 frag@125.01 frag@124.03,0.1136137322 0.07375992835 0.04373846576 0.03385758772 0.02993297763 0.02722844854 0.0268272534 0.01427345164 0.009750482626 0.007401008625 0.00705140084 0.006141999736 0.005387583748 0.005316360854 0.005170051008 0.005039365031 0.004837968387 0.004807312507 0.004747511819 0.004638126586
42,frag@203.03 loss@158.05 frag@227.03 frag@185.03 loss@287.05 frag@195.01 frag@231.02 loss@342.13 loss@108.08 loss@276.06 loss@421.99 frag@157.03 frag@309.09 frag@274.01 frag@173.03 loss@242.13 loss@203.06 frag@147.03 loss@144.09 loss@205.03,0.2411260605 0.1410627365 0.02685811929 0.02096926235 0.01063026302 0.008006241173 0.005594587885 0.004871988203 0.004564456642 0.00430668192 0.003945048433 0.003365062177 0.003339693416 0.00322882738 0.003147092182 0.00301552075 0.0025766904 0.002396200784 0.002297340659 0.002282766858
43,frag@110.99 loss@204.13 loss@205.07 loss@196.1 loss@212.1 loss@127.01 loss@194.15 loss@191.14 loss@238.03 loss@192.14 loss@316.14 loss@305.16 loss@221.98 frag@111.0 frag@154.03 frag@107.02 loss@214.15 loss@193.06 loss@238.15 loss@209.03,0.4105631411 0.09681037068 0.07696507126 0.05416687205 0.02628442273 0.0241112709 0.01943857782 0.01667419262 0.01106048375 0.009754273109 0.007416442502 0.005995769054 0.00569330249 0.004218739457 0.004081582651 0.00386801851 0.003795071505 0.0034385256 0.003410754958 0.003198920283
44,loss@129.08 loss@139.06 loss@155.06 frag@55.02 frag@156.99 loss@185.07 loss@157.07 frag@124.04 frag@163.05 frag@84.09 frag@297.09 frag@195.99 frag@112.08 frag@44.01 frag@123.09 loss@129.07 frag@67.04 frag@174.03 frag@101.06 frag@230.12,0.2140673995 0.08024328202 0.04844121262 0.04331288487 0.03557751328 0.02780036815 0.02417845279 0.02362290025 0.02275595441 0.01306432951 0.01204634551 0.01054471266 0.008809043095 0.008444800973 0.007480280939 0.007324110251 0.006468249951 0.006381167099 0.006186284591 0.005823299289
45,loss@188.11 loss@216.1 frag@146.07 frag@157.06 loss@172.05 frag@162.07 frag@187.98 frag@200.08 loss@177.09 frag@148.05 frag@153.05 frag@210.12 frag@237.02 frag@242.11 frag@130.97 frag@120.06 frag@202.11 frag@344.21 frag@255.08 frag@190.12,0.2128193527 0.03506330773 0.02258630283 0.01756879687 0.01196644921 0.009744636714 0.007940566167 0.007248428185 0.006895711645 0.006669036578 0.006107433699 0.005870625377 0.005350974854 0.004898623563 0.004748999607 0.004559158813 0.004285618663 0.004215427209 0.003514152486 0.003437423846
46,loss@224.11 frag@180.1 loss@252.1 loss@285.04 frag@161.1 loss@329.12 frag@103.06 frag@188.07 frag@161.99 frag@148.05 frag@161.09 frag@275.13 frag@150.07 frag@295.12 frag@86.07 frag@200.08 frag@138.06 frag@348.15 frag@168.09 frag@176.05,0.2226670831 0.02183870599 0.01723183133 0.01311642025 0.009539436549 0.008877197281 0.006252539344 0.00552076241 0.005363183562 0.005238530692 0.005202048924 0.004412013106 0.004185733385 0.003973347601 0.003867808962 0.003861163976 0.003739285981 0.003705994459 0.003483618842 0.003404217074
47,frag@100.11 loss@156.13 loss@126.12 frag@142.09 loss@196.16 frag@167.12 frag@212.12 frag@153.1 loss@194.14 frag@96.08 loss@262.17 loss@128.13 loss@154.15 loss@214.17 frag@59.05 loss@174.14 loss@197.15 frag@70.07 frag@197.16 frag@263.15,0.1160015762 0.09779030085 0.04129214957 0.04069402441 0.03093612567 0.0187504217 0.01816864312 0.0181072522 0.01724798046 0.01676735654 0.01631161384 0.01579521783 0.01445706654 0.01152564026 0.01053753961 0.01013844367 0.01012273412 0.008569131605 0.008548179641 0.008379518054
48,loss@165.05 loss@167.02 frag@344.11 frag@93.03 frag@152.05 frag@106.04 frag@144.04 frag@112.06 frag@84.96 frag@104.02 frag@120.04 frag@368.13 frag@231.02 frag@179.09 frag@69.04 frag@139.03 frag@196.14 frag@106.07 frag@148.06 frag@144.1,0.2178205401 0.06734072417 0.04187748954 0.006575352047 0.006140925456 0.004575623665 0.004246951547 0.004063231405 0.003292559646 0.002893263707 0.002764903009 0.002731651301 0.002638753038 0.00259323162 0.0023721084 0.002280866029 0.002227167366 0.002128140768 0.002100669313 0.002035060199
49,frag@173.54 frag@83.05 loss@322.11 frag@71.05 frag@69.03 loss@335.14 loss@287.12 loss@315.16 frag@111.04 loss@185.18 frag@97.03 loss@264.17 loss@332.12 loss@158.01 frag@57.03 frag@173.55 loss@435.14 frag@85.03 loss@445.16 loss@293.05,0.210518077 0.04950630292 0.02890389785 0.02833593823 0.0263664443 0.01950724982 0.01911402494 0.01624911278 0.01303959638 0.01189714484 0.01186004747 0.01181808859 0.01130007673 0.01103853248 0.009538807906 0.009367176332 0.008410391398 0.006934225559 0.006875059102 0.006566831376
50,loss@153.06 frag@137.01 loss@181.05 frag@165.04 frag@184.04 frag@137.04 loss@181.06 frag@224.99 frag@128.02 frag@180.05 loss@167.04 loss@248.05 loss@245.0 frag@293.1 frag@123.03 loss@163.05 loss@180.07 loss@235.05 loss@143.03 loss@191.05,0.2109962702 0.1183911562 0.1083311215 0.08872620016 0.04101126269 0.03998634964 0.01562868245 0.008065448143 0.007093257271 0.006939138751 0.00664762035 0.004666825756 0.004092196468 0.00321532134 0.00310442131 0.003077819245 0.003025604412 0.002816871274 0.002784327371 0.002734482987
51,frag@97.03 frag@71.05 frag@85.03 loss@833.44 frag@69.03 frag@73.03 frag@61.03 loss@805.41 frag@99.04 loss@720.36 loss@445.16 frag@83.05 frag@57.03 frag@111.04 loss@434.14 loss@161.14 frag@129.05 loss@772.46 loss@744.25 loss@370.03,0.05942358449 0.05691470206 0.04950147495 0.03600783646 0.02466095984 0.02274844237 0.01904034428 0.01831423678 0.01711454801 0.01571615972 0.01512338221 0.01338629983 0.01265545096 0.01195402257 0.01012684219 0.00985223148 0.009475043043 0.009439336136 0.008927409537 0.007170036435
52,frag@157.0 loss@173.03 frag@127.06 loss@156.11 loss@205.0 frag@210.04 loss@208.02 loss@202.99 loss@213.17 frag@124.06 frag@208.01 loss@187.12 frag@173.04 frag@172.97 loss@236.04 frag@110.07 frag@162.13 frag@158.02 frag@220.02 frag@347.02,0.04981602356 0.04162012786 0.03948651254 0.03793544322 0.03752252832 0.03696799651 0.01235606428 0.01003016811 0.009977077134 0.007310844958 0.00489200186 0.004553149454 0.00438532792 0.004261697177 0.00420586532 0.004033710342 0.003791923402 0.003525299719 0.00332926237 0.003277395386
53,frag@171.06 frag@143.06 loss@172.06 loss@155.05 loss@269.06 frag@172.06 frag@144.07 frag@229.06 loss@296.05 frag@116.05 loss@160.06 frag@145.08 loss@215.09 loss@293.16 frag@173.07 loss@189.09 loss@175.09 loss@199.09 loss@181.08 loss@172.1,0.1466748714 0.1391371638 0.072242558 0.04090616852 0.02785632014 0.02088529803 0.01473992132 0.01144608576 0.01143647917 0.007735438645 0.007229759824 0.005426442716 0.005402269773 0.005121191964 0.0046691834 0.004289595876 0.003800059669 0.003475439502 0.003249593545 0.003159452695
54,frag@154.06 loss@159.07 frag@223.03 loss@76.04 frag@173.07 frag@278.07 frag@155.06 frag@201.07 loss@115.08 frag@159.07 frag@156.04 frag@145.06 loss@211.1 frag@234.98 frag@142.07 frag@140.05 loss@225.12 frag@171.05 loss@134.06 loss@376.13,0.2052541375 0.1751371622 0.03678007796 0.006510595791 0.006027139258 0.005641154945 0.004841009621 0.00479316432 0.004078197293 0.003523499938 0.003455738537 0.003450324526 0.003397644265 0.003158847336 0.003082626965 0.003042284166 0.00253759278 0.002528326586 0.002514803549 0.002503828844
55,frag@180.1 loss@260.08 frag@228.11 frag@180.12 loss@232.08 loss@285.12 frag@95.01 loss@178.11 loss@255.1 frag@152.11 loss@245.12 loss@180.09 frag@152.07 loss@259.11 loss@287.09 frag@314.13 frag@318.16 frag@218.15 loss@196.14 loss@329.12,0.1648117751 0.1147721633 0.1042427048 0.006745460909 0.006139103323 0.005860386882 0.004561039153 0.003870407119 0.002917614765 0.002826691372 0.002259746892 0.002228581812 0.002210929058 0.002174095483 0.002032350982 0.001922542229 0.00191958982 0.001887747087 0.001884399564 0.001844186336
56,loss@125.12 frag@154.99 frag@97.05 loss@288.14 frag@171.03 frag@130.1 loss@157.15 loss@316.13 loss@169.15 loss@344.05 frag@254.13 frag@140.14 frag@181.1 loss@304.17 frag@197.04 loss@333.05 loss@184.16 frag@179.0 frag@154.04 loss@299.09,0.1358972043 0.1012272388 0.06675568223 0.04962526634 0.02249898575 0.01084690448 0.009672256187 0.009322960861 0.008209010586 0.007915500551 0.005629619118 0.005001619924 0.004804914817 0.004717024043 0.004373081028 0.004277543165 0.004273625091 0.004015888087 0.003921180498 0.00388601399
57,loss@192.13 frag@196.11 loss@262.13 loss@188.13 frag@150.09 frag@190.11 frag@122.1 frag@56.01 frag@123.05 frag@173.01 frag@94.07 frag@58.03 loss@276.22 frag@99.06 frag@229.13 frag@256.1 frag@162.08 frag@120.04 frag@108.08 frag@148.08,0.1910290569 0.1255432963 0.09502441436 0.01968064532 0.01762876846 0.01531938277 0.01088027563 0.01005367003 0.009638644755 0.009284797125 0.009007952176 0.008986784145 0.008803307079 0.007430384867 0.00496296864 0.00480274763 0.004755341448 0.004172196146 0.004101096652 0.003830934176
58,frag@176.07 frag@190.09 frag@204.07 loss@163.06 loss@228.11 frag@171.05 frag@158.06 loss@259.13 frag@160.1 loss@215.12 loss@186.03 loss@235.08 frag@148.08 loss@218.13 loss@296.06 loss@322.13 loss@185.05 frag@204.1 loss@175.13 loss@174.08,0.1807184219 0.0743727386 0.05640491098 0.004739718977 0.003713312792 0.003352903528 0.003220150247 0.003197719809 0.003187797032 0.003127073869 0.003050613217 0.002822949551 0.002787974896 0.002687901957 0.002672055969 0.002604327165 0.002525757067 0.002525215736 0.002513123676 0.002405389212
59,frag@119.09 loss@207.07 loss@257.08 loss@328.07 frag@147.08 loss@296.13 loss@230.1 loss@248.07 loss@296.09 frag@131.09 loss@248.13 frag@91.05 loss@320.2 loss@324.16 loss@227.05 frag@123.08 loss@209.02 loss@229.08 loss@301.15 frag@93.07,0.337750107 0.07467705756 0.06289692968 0.04567595571 0.0445096679 0.03762827814 0.03221873567 0.03159430623 0.01926185377 0.01328178961 0.01190291625 0.01091789734 0.008440351114 0.007812445983 0.0077699963 0.005892938003 0.005422004499 0.005326868501 0.005314046051 0.005069856998
60,loss@129.09 frag@308.1 frag@312.09 frag@220.99 loss@172.07 frag@329.11 frag@412.32 frag@328.01 frag@147.09 frag@150.01 frag@345.1 frag@259.14 frag@317.11 frag@255.09 frag@276.08 frag@340.23 frag@103.96 frag@292.11 frag@353.07 frag@178.01,0.249609217 0.05570014939 0.0500247106 0.007838717662 0.006627222989 0.006358417682 0.005029401742 0.004648339003 0.004214546178 0.00394580327 0.003678196343 0.003018354997 0.002761919517 0.002748707309 0.002714129398 0.002416622359 0.002394120209 0.002099114703 0.002007978037 0.001966867363
61,frag@224.04 loss@160.02 frag@184.06 loss@271.05 frag@85.01 frag@55.02 frag@57.99 frag@147.05 loss@218.02 frag@46.34 frag@164.02 frag@141.0 loss@232.11 loss@157.04 frag@129.09 loss@256.05 frag@70.99 frag@269.1 loss@201.05 frag@53.04,0.1909554005 0.1359480619 0.006856003311 0.005562328268 0.003538977588 0.003314113477 0.003053915454 0.002902950626 0.002874783473 0.002744686557 0.002500372007 0.002355638891 0.002312697703 0.002256762935 0.002164778067 0.002096374985 0.002056546975 0.002017184161 0.001982010202 0.001887185499
62,frag@144.07 loss@196.04 loss@197.03 loss@185.03 frag@171.09 loss@169.03 frag@158.08 frag@128.05 frag@157.08 frag@172.1 loss@131.07 frag@104.05 loss@154.05 frag@117.06 frag@181.08 frag@161.06 frag@132.07 frag@146.06 loss@197.05 frag@173.07,0.2178507596 0.1637878269 0.0508454293 0.01214893069 0.008738650009 0.007096559275 0.004383967258 0.004152167123 0.003634273773 0.003494051984 0.003399677342 0.003304896411 0.003186504822 0.003133289516 0.003074661829 0.002987682121 0.002747932216 0.002452383982 0.002387976274 0.002304846188
63,frag@79.02 frag@61.01 frag@64.0 frag@62.02 frag@46.99 loss@392.11 loss@94.08 loss@93.03 frag@62.99 loss@148.0 frag@212.97 loss@298.03 frag@81.02 loss@78.09 loss@81.02 frag@134.96 loss@103.06 loss@46.0 loss@94.01 frag@45.99,0.1096320003 0.08469176292 0.05475829169 0.04272290319 0.03121423163 0.0106361825 0.01033501327 0.00781535916 0.007234936114 0.005760615692 0.005649656057 0.005066693295 0.004858140368 0.004813718144 0.004736955743 0.004104771186 0.004060709383 0.003536116332 0.003370188409 0.00336819794
64,loss@102.07 frag@257.08 loss@130.06 loss@130.1 frag@256.11 frag@278.09 loss@152.12 loss@128.12 frag@180.99 loss@146.02 frag@255.1 frag@271.02 frag@98.98 loss@101.06 frag@74.02 frag@257.04 loss@129.15 loss@96.06 frag@283.1 loss@129.11,0.05694281682 0.0558947213 0.03953581676 0.03785183281 0.03772390261 0.03490567952 0.02994540706 0.02940830775 0.02154206112 0.01749280654 0.01689063385 0.01565051079 0.0132388873 0.01194151025 0.01174087729 0.01069076173 0.01033497881 0.008877139539 0.008320433088 0.006884159986
65,loss@202.14 frag@306.11 loss@336.14 frag@176.98 frag@342.1 loss@309.1 loss@105.04 frag@46.34 frag@376.15 loss@77.08 loss@331.09 frag@285.12 frag@240.12 frag@117.07 frag@279.16 frag@408.14 frag@288.04 frag@128.06 frag@141.02 loss@333.11,0.09318885207 0.08635063469 0.06508366764 0.007049053907 0.003780721221 0.003659076989 0.002982626436 0.00268432009 0.002511000959 0.002357446356 0.002268546261 0.002248161938 0.002204264514 0.002200559713 0.002184607089 0.002103687963 0.001898057992 0.001869165921 0.001795634395 0.001774542849
66,frag@191.08 loss@146.08 loss@260.12 frag@173.11 frag@120.07 frag@160.1 loss@243.14 loss@200.08 loss@269.12 loss@229.12 frag@159.09 frag@146.08 loss@289.14 frag@223.01 loss@241.12 loss@188.09 loss@174.07 frag@173.07 loss@181.08 frag@147.06,0.09296047688 0.03565261886 0.03541631252 0.03367146105 0.02657060511 0.02263373137 0.0206112992 0.02053525113 0.02027335577 0.02001470327 0.01640269533 0.01504263189 0.01360932924 0.01257436816 0.01197407395 0.01104386523 0.01001401152 0.009713021107 0.009264633991 0.009131843224
67,frag@228.06 frag@256.06 frag@116.01 frag@366.16 frag@172.03 frag@215.07 loss@186.04 frag@157.06 loss@179.0 frag@175.03 loss@148.02 loss@222.03 loss@108.06 frag@98.04 frag@183.0 loss@171.96 frag@330.08 loss@111.02 loss@216.1 frag@269.09,0.1119215488 0.04322715476 0.02276704833 0.01898600534 0.009389531799 0.006407199893 0.004069235176 0.002380175283 0.002350948984 0.002287792973 0.002254037419 0.0020365112 0.001851992682 0.00176749425 0.001760293613 0.001750830677 0.001631979598 0.001607798273 0.001598560601 0.001585052465
68,loss@106.06 loss@245.04 frag@103.04 frag@146.06 loss@149.03 frag@128.97 frag@341.04 loss@343.11 frag@333.1 loss@132.08 frag@328.99 loss@330.04 frag@310.0 loss@175.99 frag@119.07 loss@72.99 frag@42.56 frag@65.99 loss@195.9 frag@186.08,0.04919423163 0.03903188184 0.03502219915 0.02588257939 0.02335229702 0.01436754409 0.01254588645 0.01137848385 0.01110660378 0.00993392989 0.008757428266 0.008715096861 0.008459125645 0.007524613757 0.006956654135 0.006785136648 0.006372441072 0.00605547009 0.005926771089 0.005879661534
69,loss@167.11 frag@258.12 loss@196.12 frag@167.05 frag@181.1 frag@203.12 frag@220.12 frag@242.99 loss@195.14 frag@124.11 frag@190.12 frag@150.13 frag@244.08 loss@197.12 loss@153.09 frag@126.08 frag@219.13 loss@169.12 frag@123.05 frag@144.14,0.2988286912 0.04564121366 0.004456750583 0.003837129101 0.003380047157 0.003218225902 0.003084847936 0.003021185519 0.002883817302 0.002839881927 0.002433177782 0.002408344066 0.00237154332 0.00234307861 0.002180404263 0.002139946911 0.002074662829 0.001996519975 0.001933109597 0.001879612915
70,frag@167.05 frag@279.16 loss@394.16 frag@306.11 loss@264.15 loss@255.11 loss@241.11 frag@46.07 loss@158.07 loss@191.1 frag@264.05 loss@268.0 loss@326.14 loss@311.13 loss@296.12 loss@246.15 loss@396.29 frag@171.08 loss@113.01 frag@228.03,0.2036554068 0.03397402912 0.02730799466 0.002094442956 0.001939144218 0.001593011548 0.001439155079 0.001428469317 0.001356146648 0.001312450389 0.0012696638 0.001227928442 0.001205228735 0.001181075 0.001147996169 0.00112760812 0.001117154607 0.001110711484 0.001102106995 0.001101146452
71,frag@113.07 loss@227.06 loss@324.16 loss@227.08 loss@330.13 frag@102.04 frag@315.14 loss@271.03 loss@258.13 frag@168.14 frag@98.05 loss@277.09 loss@276.11 frag@165.02 frag@159.11 frag@182.09 frag@121.06 frag@112.06 frag@114.05 frag@110.1,0.2238877863 0.1828518808 0.0282579679 0.006713990588 0.004172433168 0.003621308599 0.003226923058 0.003064453602 0.002743378514 0.002375402488 0.002335181227 0.002239993308 0.002198288916 0.002071713796 0.002038887935 0.00200150325 0.001813528012 0.001799856313 0.001735640573 0.001680907211
72,loss@135.07 frag@165.02 frag@175.05 frag@273.11 loss@120.06 frag@167.08 frag@136.04 frag@195.02 frag@239.15 frag@208.1 frag@147.06 frag@268.09 frag@178.06 loss@134.06 frag@166.08 frag@276.08 frag@150.09 frag@154.05 frag@244.05 frag@164.07,0.1666839123 0.009076944552 0.008711847477 0.003958438989 0.003843337297 0.003833527211 0.003824000712 0.002971268026 0.002939017722 0.002700860379 0.002682728926 0.002556883032 0.002441585297 0.002435727045 0.002324540634 0.002163009951 0.002064690692 0.001867506653 0.001863891259 0.001857703086
73,loss@108.02 frag@129.01 frag@139.01 frag@150.02 frag@192.08 loss@123.02 loss@107.02 frag@139.0 frag@138.01 frag@150.01 loss@95.07 loss@231.01 frag@202.93 frag@127.0 loss@139.04 loss@152.0 frag@152.03 loss@135.02 frag@108.02 frag@140.03,0.05935528874 0.05761294439 0.05088059232 0.04605129361 0.04392527789 0.02809190564 0.0272933431 0.01952304319 0.01809679531 0.01191428397 0.009242787026 0.007387346588 0.0062686163 0.006038346328 0.005796785466 0.005721748807 0.005518156104 0.004623767454 0.004078944214 0.003837664844
74,frag@151.06 loss@221.09 frag@97.01 frag@125.04 loss@230.11 loss@181.06 loss@233.09 loss@235.1 loss@253.1 loss@124.0 loss@257.04 loss@95.02 loss@279.05 loss@192.08 loss@234.17 loss@287.06 frag@158.0 frag@257.13 frag@159.11 frag@235.97,0.2850677073 0.1919673532 0.04413246736 0.004219525028 0.003631860251 0.003375960048 0.003160415916 0.003010108601 0.002909837756 0.002736607101 0.002500643022 0.002195945475 0.002169136889 0.002166315215 0.002017022111 0.001959137153 0.001944812248 0.00188957178 0.001867726794 0.001850752858
75,frag@147.09 loss@238.07 frag@132.07 loss@256.08 frag@146.08 frag@145.08 loss@313.11 loss@177.01 frag@133.08 loss@183.02 loss@146.08 loss@197.05 frag@121.08 loss@262.99 loss@309.06 loss@185.04 loss@163.14 frag@166.09 loss@120.07 frag@131.06,0.2677621543 0.03053040616 0.0157573875 0.01339898072 0.007427166682 0.007331759203 0.007112911437 0.006550228689 0.006417513359 0.006173024885 0.005408769939 0.00512033375 0.005088955164 0.00465071341 0.003787107533 0.00375619391 0.003616387723 0.003456685226 0.003447929397 0.003405897878
76,loss@78.05 frag@169.04 frag@194.99 loss@203.0 loss@158.03 loss@154.05 frag@174.04 loss@106.04 frag@71.0 frag@268.09 frag@46.34 frag@208.1 frag@141.0 loss@218.13 frag@167.02 frag@400.18 frag@72.0 frag@186.07 frag@173.03 frag@448.16,0.2342437208 0.1744505167 0.05270886794 0.008527319878 0.003254143754 0.002590628341 0.002298041945 0.001861804514 0.001859077602 0.001738982159 0.001673488179 0.00166640128 0.001517235185 0.001478104852 0.001459170482 0.001408602227 0.001293737674 0.001267129905 0.001214124262 0.001213476178
77,frag@141.05 loss@198.06 loss@248.1 frag@136.07 frag@311.14 frag@141.03 frag@113.02 loss@200.07 frag@128.03 loss@160.06 frag@134.05 loss@211.08 loss@200.08 frag@55.02 frag@86.01 loss@291.08 loss@219.06 frag@144.07 loss@227.03 loss@172.08,0.2746147811 0.1668241322 0.08133872598 0.02349631675 0.01751269586 0.01192486566 0.007562634069 0.006456295028 0.004964457825 0.004919918254 0.004546501674 0.004483085591 0.004451592918 0.00420540804 0.003819468198 0.003518039128 0.003504500492 0.003490078496 0.003479228588 0.003323552199
78,loss@321.1 frag@59.0 frag@155.98 loss@80.05 frag@43.02 frag@97.06 frag@67.02 frag@53.0 frag@55.02 frag@158.0 frag@84.09 frag@160.05 frag@215.1 frag@91.04 loss@140.03 frag@273.09 loss@174.11 frag@149.04 frag@147.0 loss@220.05,0.1153377444 0.06401074678 0.04112692177 0.01724305004 0.006634077057 0.005251218565 0.00507298531 0.004283878952 0.004261849448 0.003991452977 0.00361057953 0.003529265523 0.003168528667 0.002566453069 0.002558778273 0.00220365799 0.002136084484 0.002036517952 0.00192499382 0.001883389894
79,loss@196.07 loss@263.07 frag@93.03 frag@194.08 loss@354.16 frag@122.04 frag@152.05 frag@155.07 frag@109.01 frag@199.02 loss@222.08 frag@314.13 loss@238.04 frag@153.03 frag@121.01 loss@212.11 frag@165.05 frag@155.94 frag@319.19 frag@153.05,0.1825933605 0.03385328874 0.02941813134 0.02242297865 0.01967785135 0.0121286856 0.00949025061 0.009077423252 0.006848055869 0.005942073185 0.005213741213 0.005210822448 0.005097097717 0.005058293696 0.005042707082 0.004592747893 0.004559094552 0.004211269319 0.00420441106 0.004013440106
80,frag@202.03 frag@349.14 frag@174.04 frag@188.04 loss@357.12 loss@226.03 frag@150.04 frag@147.03 loss@173.02 frag@237.0 loss@130.06 loss@346.07 loss@174.11 loss@381.12 frag@70.99 loss@275.07 loss@196.05 loss@141.02 loss@290.2 frag@384.2,0.198801443 0.007204877678 0.006580326241 0.003981390037 0.00271279295 0.002702054335 0.002413691953 0.002400553087 0.002301522996 0.002204143908 0.001890337677 0.001764424611 0.001631323481 0.001611960819 0.001571417786 0.001526032691 0.001518047415 0.001495738397 0.001432521385 0.001404226641
81,frag@135.03 frag@134.02 frag@83.03 frag@163.02 loss@320.1 loss@165.06 loss@217.03 loss@181.06 loss@211.07 loss@140.03 loss@84.0 frag@151.02 loss@194.05 frag@147.03 loss@226.06 loss@245.0 frag@161.01 frag@209.02 frag@123.03 frag@140.05,0.1931678802 0.07559456676 0.04924402013 0.01208012644 0.01039324701 0.007509195246 0.005848331843 0.005746534094 0.005734561477 0.005010171328 0.004422122147 0.004240553826 0.003679191694 0.003471963573 0.003465129063 0.003363081254 0.003345378675 0.003207079601 0.003173388075 0.003152458929
82,frag@70.04 loss@258.08 loss@244.04 loss@58.01 loss@280.09 frag@98.03 frag@68.01 loss@180.99 frag@178.07 frag@180.01 loss@113.01 frag@160.03 frag@173.95 frag@55.03 loss@238.11 frag@198.15 frag@45.03 frag@82.03 loss@100.02 frag@101.02,0.314558357 0.1887251288 0.03527748212 0.01302879769 0.00493601663 0.003892736277 0.002356321784 0.002219975926 0.002045158995 0.002004864858 0.001994691323 0.001840226236 0.001811752445 0.001802616287 0.001642655581 0.001513313851 0.001507340581 0.001462945831 0.001431963407 0.001398671186
83,frag@83.99 loss@246.09 frag@128.04 loss@230.05 loss@252.01 loss@231.05 frag@219.11 loss@218.02 frag@384.2 loss@222.09 frag@196.05 frag@209.03 loss@227.02 frag@143.12 loss@263.12 loss@211.98 loss@219.05 loss@127.09 loss@116.03 loss@156.0,0.2577320039 0.1268584579 0.01341198664 0.009913157672 0.004746212624 0.004490050953 0.003714678111 0.003567846492 0.003478345461 0.003414469538 0.003151184646 0.003050823929 0.002937407931 0.002891437383 0.002662393963 0.002609697403 0.002522535156 0.002219897695 0.002042946639 0.001974045066
84,frag@203.08 frag@321.09 loss@122.03 frag@279.12 loss@269.17 loss@114.07 frag@290.14 loss@122.04 loss@18.01 loss@279.17 frag@152.03 frag@364.16 loss@76.02 loss@94.01 frag@190.06 frag@321.14 loss@177.0 frag@170.06 frag@412.32 loss@94.04,0.08569201827 0.05644226074 0.04685064778 0.01526019908 0.005075649824 0.003903736826 0.003733358113 0.0033484546 0.002899165964 0.002827806165 0.002786679193 0.002777984831 0.00255785021 0.002485853387 0.002397293225 0.002236051485 0.002185904421 0.002145675244 0.002029961906 0.002026520437
85,frag@132.06 frag@160.05 frag@158.07 frag@178.06 frag@120.06 loss@187.07 frag@161.08 loss@309.06 loss@293.07 loss@176.07 loss@177.09 loss@194.01 loss@244.13 frag@231.12 loss@188.07 loss@220.04 loss@188.03 loss@189.08 loss@106.02 frag@150.07,0.218874082 0.08066416532 0.01101295557 0.008088272996 0.006414009258 0.005619723815 0.005159021355 0.005033485126 0.004034497309 0.004020777065 0.003939258866 0.003691585036 0.003647715785 0.003178150393 0.003109813668 0.003088623285 0.00301477476 0.002822794486 0.002740626922 0.002725556027
86,frag@137.06 loss@194.13 loss@210.09 loss@208.11 frag@109.06 frag@139.08 loss@240.14 loss@208.15 loss@324.18 frag@165.05 frag@151.08 loss@224.14 frag@135.08 frag@147.08 loss@306.15 frag@107.05 frag@118.08 frag@122.04 frag@125.06 loss@238.05,0.2164834887 0.06125604361 0.05622516572 0.03994843364 0.03423995525 0.02750056423 0.0256548021 0.01201272383 0.01194119826 0.007859013043 0.007763058413 0.007559124846 0.006096947473 0.005477758124 0.005105460994 0.004536360037 0.004344261251 0.004283279646 0.0041981549 0.003925588448
87,frag@134.04 loss@173.06 frag@236.05 frag@317.11 frag@107.03 loss@174.01 frag@256.04 frag@198.16 loss@173.04 loss@301.03 loss@153.04 loss@84.0 frag@83.03 loss@158.05 frag@345.12 loss@105.02 loss@104.05 loss@139.04 loss@101.02 frag@155.02,0.1867294759 0.08422571421 0.03580896556 0.02569101378 0.0247284472 0.02377214655 0.009309559129 0.006905765738 0.006310614757 0.005384582561 0.004029233009 0.003724873299 0.003713234328 0.003229147755 0.002871830715 0.002838930581 0.00269896118 0.002687016269 0.002645885572 0.002584420843
88,loss@252.09 loss@242.11 loss@198.12 loss@218.02 frag@199.12 frag@110.05 frag@113.04 frag@171.01 frag@169.0 frag@193.13 frag@89.07 frag@69.04 frag@81.06 frag@287.09 loss@309.06 frag@125.06 frag@120.04 frag@142.02 frag@93.03 loss@103.08,0.1548143774 0.1210511476 0.03127367422 0.02289503999 0.01614898257 0.01466499642 0.01441830397 0.01103319507 0.01037407294 0.009821314365 0.009662868455 0.009639305994 0.007340576034 0.005379678216 0.005374468397 0.005050764885 0.005040193442 0.004808927886 0.004806859884 0.004561495967
89,frag@113.02 frag@86.01 loss@198.0 frag@101.02 loss@223.03 loss@211.08 loss@247.1 loss@166.02 loss@239.07 loss@200.03 loss@206.07 frag@55.02 loss@181.11 frag@231.12 loss@207.04 frag@139.03 loss@211.13 loss@264.18 loss@257.02 frag@114.0,0.3385483623 0.009798818268 0.009237295948 0.005734065082 0.005650430452 0.005082751624 0.004580271896 0.004531069659 0.004289764911 0.003669288009 0.003640212584 0.003508447437 0.003345287871 0.003303112229 0.003160458524 0.003090776037 0.002928962465 0.002878960222 0.002835571067 0.002746164566
90,loss@186.09 frag@118.04 frag@160.05 frag@172.95 frag@178.06 frag@128.05 frag@56.96 frag@120.06 frag@104.06 frag@123.08 frag@135.0 frag@69.04 frag@90.05 frag@139.02 frag@231.11 frag@220.09 frag@135.08 frag@98.04 frag@79.05 frag@132.06,0.3128217459 0.009604785591 0.009347410873 0.008037709631 0.007053546142 0.005652421154 0.005111374892 0.00471254345 0.004482418299 0.004207119346 0.003893096698 0.003819977166 0.00375700579 0.003697443521 0.003652334213 0.003548483131 0.003547078697 0.003154656617 0.003134956816 0.002900990192
91,loss@121.05 loss@76.03 loss@40.01 frag@120.02 frag@150.01 frag@181.04 frag@358.09 frag@108.02 frag@161.03 frag@225.03 frag@253.05 frag@62.99 loss@93.06 frag@61.01 frag@143.05 frag@204.08 frag@187.06 frag@178.06 frag@53.0 frag@104.01,0.1718670726 0.03714590147 0.03081301041 0.02294120379 0.007002042141 0.006070283707 0.004926596768 0.004865040537 0.004617951345 0.004610758275 0.003683240619 0.003624512581 0.003613576759 0.003495419398 0.00339243561 0.003298213473 0.003066833597 0.002947981004 0.002878488507 0.002765746787
92,loss@208.05 loss@221.06 frag@131.04 loss@229.05 loss@225.05 frag@218.14 frag@233.16 loss@171.03 loss@294.11 frag@57.99 loss@247.03 frag@204.95 frag@194.09 loss@201.02 frag@201.14 frag@319.19 frag@131.08 frag@163.02 frag@99.03 frag@151.06,0.06417587399 0.05778481439 0.04572247341 0.04325295612 0.04103833809 0.03950468823 0.03433919325 0.03125165775 0.02700976282 0.02386511303 0.01604286768 0.01156503335 0.01035450771 0.00798250176 0.007694197353 0.00767896045 0.0073166457 0.005727340467 0.005675528664 0.005435263272
93,frag@150.09 loss@323.99 loss@190.08 frag@136.08 loss@184.12 loss@221.11 loss@288.11 loss@226.08 frag@58.03 loss@192.13 loss@192.09 frag@161.1 loss@287.11 frag@141.08 loss@209.1 frag@235.97 loss@221.1 loss@180.08 frag@110.05 loss@232.16,0.3094580472 0.007105141412 0.00503021013 0.004266679753 0.002589516807 0.002413546434 0.002411936875 0.002187030157 0.002132126596 0.00200087647 0.001856170478 0.001854312373 0.001832169364 0.001752065844 0.001612171298 0.001565507497 0.001562709338 0.001544979168 0.00153776363 0.001525857951
94,loss@272.06 loss@274.05 loss@216.04 loss@316.09 frag@239.15 frag@115.07 frag@340.13 frag@255.12 loss@302.05 frag@143.03 frag@329.08 frag@217.1 frag@258.17 frag@223.02 loss@303.14 frag@138.01 frag@330.08 frag@286.12 frag@228.05 loss@159.01,0.08626487106 0.06517522037 0.04252121225 0.033513356 0.0250421688 0.01574158855 0.008286177181 0.008183816448 0.005827536806 0.005744609982 0.005692745559 0.005600328092 0.005568714347 0.005472697318 0.005460654385 0.004787656944 0.004582542926 0.004502610769 0.004466565326 0.004281883594
95,frag@125.03 frag@83.99 loss@232.03 frag@218.04 frag@235.06 loss@248.05 frag@262.07 loss@317.06 loss@287.05 frag@196.08 frag@183.04 loss@85.07 loss@218.02 loss@165.0 loss@154.02 frag@183.0 loss@344.97 loss@116.02 loss@59.99 frag@116.98,0.08025570959 0.07345220447 0.04217427596 0.03664337844 0.03312563151 0.02537064441 0.01653856225 0.01526805945 0.0144526409 0.01264874265 0.01065960247 0.009451325051 0.008016768843 0.006989990361 0.006105327979 0.004828581586 0.004488207866 0.004215129651 0.004146170337 0.004136218224
96,loss@202.11 frag@161.11 loss@95.04 frag@203.12 frag@226.13 frag@160.1 frag@188.11 frag@162.08 loss@165.11 frag@147.07 frag@225.07 frag@159.06 frag@173.03 loss@127.01 frag@171.09 frag@166.09 frag@132.08 loss@243.14 loss@233.1 frag@191.08,0.1771740019 0.1323205978 0.1138744578 0.1046999693 0.06453411281 0.01208726875 0.007070860825 0.006115825381 0.004858168308 0.004754063208 0.00467791222 0.004406185821 0.003849279834 0.003751588752 0.002896786667 0.002857662737 0.002840181813 0.002806456061 0.002796990797 0.002701590769
97,loss@204.08 loss@204.12 loss@248.09 frag@160.11 frag@121.03 loss@215.1 frag@57.03 frag@176.11 frag@133.06 frag@240.12 frag@105.07 frag@196.03 frag@111.04 frag@149.1 frag@123.08 frag@183.98 frag@180.04 frag@173.95 loss@200.05 frag@132.1,0.1702630669 0.04479825124 0.04147992656 0.02487543784 0.02070227824 0.01646040939 0.01541057322 0.01538192108 0.014108615 0.01076274272 0.009128792211 0.008966010995 0.008910340257 0.008409228176 0.00728917541 0.006673799828 0.006514236331 0.006260087248 0.006114217918 0.006108057685
98,frag@135.06 frag@123.06 loss@190.07 loss@179.07 loss@215.11 loss@214.09 loss@109.09 loss@262.05 loss@208.08 loss@272.1 frag@67.02 frag@133.04 loss@219.1 frag@121.04 loss@230.08 frag@281.14 frag@148.1 frag@117.02 frag@97.04 loss@181.09,0.2221279293 0.1568380743 0.06967969239 0.05732493475 0.03182417154 0.02392917685 0.023055939 0.01301865559 0.009277805686 0.009200207889 0.007379717194 0.006603185553 0.005384482909 0.00497679878 0.004685407039 0.004654826596 0.004516507033 0.00427321624 0.004266627133 0.004243073054
99,frag@173.06 frag@175.08 frag@205.09 frag@145.06 loss@132.08 frag@246.09 loss@525.21 frag@187.11 frag@159.08 frag@143.05 loss@133.04 frag@292.12 loss@136.07 loss@192.96 frag@297.07 frag@143.09 loss@376.13 frag@83.01 frag@163.08 frag@171.08,0.08000144362 0.05357379094 0.0340153724 0.02256681956 0.02232887596 0.01436719391 0.01143265702 0.01090853382 0.01048502233 0.008647846989 0.007277691271 0.006105567794 0.005716461223 0.005639995448 0.00549754547 0.005472828634 0.005306223873 0.005118629895 0.004399618134 0.004285087809
100,loss@180.06 loss@294.98 frag@106.07 frag@144.06 frag@181.04 frag@178.06 frag@256.05 frag@206.06 frag@98.03 frag@165.02 frag@114.04 frag@126.06 frag@270.11 frag@71.0 frag@314.13 frag@141.08 frag@139.03 frag@254.12 frag@158.0 frag@197.06,0.21576114 0.02183704451 0.007746466435 0.006384170614 0.006307206117 0.005068639293 0.003731548786 0.003484764835 0.002958449535 0.002909728559 0.002908090362 0.002876979066 0.002521769609 0.002455614973 0.002438315889 0.002430858323 0.001961392583 0.001929095946 0.001897981274 0.001853765338
101,loss@222.15 loss@252.03 frag@98.07 frag@173.01 frag@110.07 frag@290.13 frag@166.1 frag@110.99 frag@122.1 frag@167.13 frag@280.11 frag@99.05 frag@139.99 frag@159.99 frag@108.06 frag@87.06 frag@123.05 frag@174.07 frag@108.08 frag@107.02,0.2853703797 0.02249270305 0.0125228595 0.01141214278 0.008862144314 0.008518106304 0.007834424265 0.005842122249 0.005770144984 0.005262286868 0.005254366435 0.004603191745 0.004152995069 0.004075394943 0.003985650837 0.003776989412 0.003692442086 0.003657976165 0.003604459576 0.003593022469
102,loss@202.1 frag@229.12 loss@294.15 loss@292.06 loss@239.07 frag@171.95 frag@364.1 frag@256.1 loss@312.06 frag@166.09 frag@189.08 frag@274.18 frag@232.13 frag@173.09 frag@239.08 frag@286.12 frag@193.07 loss@201.13 frag@87.07 frag@171.11,0.1139684767 0.09573370218 0.09081334621 0.03912222758 0.03013121337 0.01756574586 0.014124888 0.006294880528 0.005645860918 0.004683794454 0.004484973848 0.004458858632 0.004349813797 0.004275808111 0.004101107363 0.003992752172 0.003968764562 0.003764738562 0.003636757843 0.003599212971
103,frag@304.12 loss@303.11 loss@357.12 frag@195.05 frag@156.98 loss@111.06 loss@83.07 frag@141.04 loss@166.15 loss@170.11 frag@190.12 frag@297.17 frag@201.07 frag@49.68 frag@174.05 frag@263.15 loss@274.1 loss@321.19 frag@218.04 frag@180.05,0.1332681477 0.1302208453 0.08412991464 0.03770812973 0.007232680451 0.005944699049 0.003111233935 0.003055164358 0.00294905412 0.002804746153 0.002730194014 0.00260755932 0.002333608223 0.002321435139 0.002288948977 0.002238519024 0.002121844329 0.002089742105 0.002047172282 0.001806125278
104,loss@189.1 loss@272.16 frag@175.11 frag@166.09 frag@193.1 frag@190.1 frag@231.02 frag@286.12 frag@240.03 loss@215.12 frag@113.07 frag@121.06 frag@135.08 frag@162.07 frag@187.98 frag@274.18 frag@149.1 frag@123.08 frag@136.05 frag@123.05,0.1643361598 0.1423839331 0.009872094728 0.009144556709 0.008709667251 0.008146770298 0.005442696624 0.005441803019 0.005140799563 0.004758190829 0.004738702439 0.004679508042 0.004463949241 0.004396949429 0.004026971292 0.003875349183 0.003849027446 0.003269448644 0.002968603047 0.002963719191
105,loss@118.06 loss@136.07 frag@264.04 frag@195.08 frag@143.05 frag@299.15 frag@304.13 frag@241.1 frag@236.03 frag@203.12 frag@241.07 frag@137.05 frag@159.11 frag@171.08 frag@128.06 frag@172.02 frag@328.01 frag@162.04 loss@145.97 frag@213.1,0.1545270681 0.07101831585 0.01162953675 0.008095391095 0.006795984693 0.005714560393 0.00510021951 0.004752490669 0.00436305441 0.003887823084 0.003531606169 0.003508490277 0.003326833015 0.003313433379 0.003174159443 0.00282332534 0.002757746959 0.002738161944 0.002615871141 0.00251452066
106,frag@59.05 frag@41.04 loss@176.01 loss@117.04 loss@113.01 frag@55.02 loss@109.04 loss@114.03 loss@105.08 loss@79.1 loss@128.05 loss@113.02 loss@272.05 loss@194.14 loss@214.99 frag@208.04 loss@284.05 loss@270.0 loss@216.03 loss@281.09,0.2266176343 0.1057386324 0.041492939 0.01062337589 0.006184378173 0.005338710267 0.005260743201 0.0049238801 0.004754816182 0.004507339559 0.004384017549 0.004292936064 0.004144990351 0.0041236463 0.003993917257 0.003858777694 0.003738510422 0.003570696339 0.003462836612 0.00331703946
107,loss@45.02 loss@123.04 frag@289.11 loss@158.06 frag@303.1 loss@138.02 frag@298.16 frag@129.06 frag@276.01 frag@233.13 frag@317.11 frag@328.01 frag@187.05 frag@309.09 frag@134.04 frag@252.07 loss@138.1 frag@197.11 frag@157.03 frag@220.09,0.1265268475 0.09127766639 0.07565626502 0.06488400698 0.04423693568 0.01700919494 0.0136499973 0.01063537411 0.007334297057 0.005631093867 0.004289617296 0.004250929225 0.003710485529 0.003669344122 0.003508661175 0.003494344186 0.0033960531 0.003266420215 0.003163522109 0.00312537374
108,frag@151.04 loss@539.22 loss@290.08 frag@165.05 frag@191.03 frag@107.01 frag@123.04 loss@421.16 frag@179.07 loss@498.14 loss@376.14 frag@109.03 loss@526.13 frag@187.04 frag@139.04 loss@327.15 loss@355.15 loss@419.16 frag@245.08 frag@199.04,0.2830037475 0.02360723913 0.01911714301 0.01177236158 0.009168656543 0.007814508863 0.007725176867 0.006188817322 0.004274196923 0.004175798502 0.004064777866 0.003984639421 0.003964948934 0.003653263673 0.003632052103 0.003544250038 0.003209950635 0.003037668299 0.002990359673 0.002520506503
109,frag@180.08 frag@167.07 frag@207.09 frag@182.1 frag@208.1 loss@143.08 loss@377.17 frag@195.09 loss@169.06 loss@341.13 frag@193.09 loss@90.02 loss@556.18 loss@125.09 frag@165.07 loss@35.98 loss@159.1 loss@104.04 loss@96.07 loss@92.07,0.1609830558 0.0801030919 0.04150853306 0.01609452069 0.007965315133 0.005932427477 0.005626576487 0.005281731486 0.005276798271 0.005104012787 0.00489613181 0.004511349835 0.004220373463 0.004157500807 0.004078112543 0.003822362982 0.003562818514 0.003510172246 0.003481091 0.003088106401
110,frag@170.06 loss@244.05 frag@142.07 loss@333.11 loss@307.04 loss@275.07 frag@188.07 frag@144.08 loss@247.96 loss@319.06 frag@156.08 loss@321.18 loss@331.09 loss@311.04 frag@142.06 loss@306.14 frag@160.08 loss@325.12 loss@308.99 frag@143.07,0.2232135981 0.08511027694 0.03510171175 0.01988579147 0.01456164476 0.01226571389 0.01169141289 0.01081471238 0.009020516649 0.008795377798 0.007214746438 0.007073248271 0.007039899472 0.006987339817 0.006779734045 0.00672875857 0.006385005545 0.006309270393 0.006023575552 0.006011036225
111,loss@167.07 loss@178.09 loss@230.08 loss@241.07 frag@109.08 frag@231.12 frag@160.04 frag@97.04 frag@123.03 frag@123.05 frag@163.02 frag@107.02 frag@83.03 frag@151.05 frag@69.04 frag@164.03 frag@134.07 frag@139.03 frag@99.06 frag@140.08,0.1705998033 0.101146169 0.03208998591 0.01820262149 0.01107044425 0.009465905838 0.00889792759 0.008835496381 0.008503487334 0.008490680717 0.008309863508 0.007293899078 0.006952588912 0.005951859988 0.005905331578 0.005862986669 0.005548948422 0.005185580347 0.005170033313 0.005002056248
112,loss@113.12 loss@99.1 loss@99.11 frag@252.95 frag@234.94 frag@198.05 frag@200.11 frag@265.06 loss@95.11 frag@187.05 loss@170.18 loss@287.14 frag@145.0 frag@178.98 loss@65.03 frag@209.01 loss@137.04 frag@199.05 frag@259.08 loss@272.07,0.1097720191 0.09270215034 0.04501083866 0.04455129057 0.04380733147 0.04107973352 0.0403457731 0.03202522919 0.02140388079 0.01719047502 0.009702579118 0.007871788926 0.007850365713 0.006843958981 0.00676154485 0.006655069068 0.006531383842 0.006170554552 0.005914891604 0.005462903064
113,frag@138.01 loss@167.04 loss@285.13 loss@187.03 loss@210.14 frag@125.02 frag@144.06 frag@124.02 frag@193.04 loss@129.04 loss@124.0 frag@83.04 frag@179.05 loss@216.01 frag@44.98 loss@354.17 frag@140.03 loss@155.01 loss@147.05 loss@139.04,0.1920277625 0.1536292583 0.01416606084 0.01392596774 0.006729157176 0.005916005 0.004810107406 0.004791030195 0.004461686593 0.004144033883 0.00381399272 0.003591729095 0.00344123668 0.003239237471 0.002982866252 0.002725067083 0.002505075652 0.002479962306 0.002442255616 0.0023131005
114,loss@229.1 frag@268.14 loss@120.03 frag@174.1 loss@199.01 frag@350.13 frag@132.07 loss@291.11 frag@260.14 frag@147.09 loss@163.09 frag@200.08 loss@247.04 frag@208.07 frag@324.17 frag@229.11 frag@291.12 frag@204.11 loss@206.15 frag@133.08,0.1491677016 0.1270180196 0.03467508778 0.007357467432 0.005019273609 0.004242977593 0.004096502438 0.003984530922 0.00332340668 0.003273169277 0.00291591417 0.002751938067 0.00266632624 0.00237622112 0.002289091935 0.002246139105 0.002179218689 0.00216403394 0.002093806397 0.002044417197
115,frag@189.09 loss@234.13 loss@303.12 loss@206.13 loss@284.13 frag@216.07 frag@139.08 frag@273.03 loss@203.13 frag@137.06 loss@353.1 loss@252.14 frag@233.15 frag@121.07 loss@363.15 frag@208.12 loss@101.12 frag@113.1 loss@346.18 loss@310.14,0.05156784877 0.02537491918 0.01897382364 0.01631711796 0.01617913134 0.01383764017 0.01260787249 0.01224608999 0.01189588942 0.01170979906 0.01048852876 0.01020792499 0.008935597725 0.008531392552 0.008012069389 0.007648330647 0.007493296638 0.007433677558 0.006742820144 0.006612268742
116,frag@123.04 loss@197.09 frag@113.04 loss@239.1 loss@274.14 loss@189.06 frag@158.99 loss@284.09 loss@224.02 frag@81.03 frag@111.04 loss@295.1 frag@93.03 loss@217.13 loss@377.13 loss@227.07 frag@107.05 frag@95.05 loss@263.1 loss@254.1,0.2631955445 0.08837907761 0.07454873621 0.05977706611 0.03654489294 0.03008578718 0.02493369579 0.01902711019 0.0159806665 0.01030900329 0.008049220778 0.005970776081 0.005143202841 0.004942187574 0.004618110135 0.004128627479 0.003955553286 0.003864740953 0.003659819951 0.002988249063
117,frag@189.05 loss@150.07 loss@203.09 frag@162.04 frag@199.09 frag@448.16 frag@241.05 loss@242.06 frag@174.02 loss@151.06 frag@220.11 loss@302.19 frag@148.02 loss@309.15 loss@191.12 loss@139.02 loss@216.04 loss@152.07 frag@185.07 loss@162.09,0.324888736 0.2549932599 0.007407839876 0.005433646962 0.004862189759 0.003536558943 0.003466464812 0.00316153001 0.003159766551 0.003044333542 0.003027012572 0.002835769672 0.002761473646 0.00260932208 0.002273648046 0.002208724851 0.002198051196 0.002163141035 0.002127201296 0.001938002766
118,frag@175.05 frag@147.06 loss@135.07 loss@164.09 loss@496.18 loss@174.04 loss@313.06 loss@243.14 loss@165.13 loss@145.09 loss@160.06 loss@153.11 loss@189.99 loss@140.09 loss@146.08 loss@281.03 loss@134.06 loss@210.0 loss@191.12 loss@214.15,0.3461915553 0.01590591483 0.006452826317 0.005843549967 0.005578478333 0.005304673221 0.004592112731 0.004091237206 0.004005720839 0.003918610048 0.003792919917 0.002694111317 0.002500704955 0.002383214654 0.002358093625 0.002196183894 0.002120656427 0.001969391946 0.001934950822 0.001846460858
119,loss@148.06 frag@161.03 loss@115.07 frag@188.08 frag@351.18 frag@177.07 frag@174.07 frag@178.01 frag@152.98 frag@187.06 loss@187.07 frag@293.14 loss@165.09 frag@280.11 loss@132.07 frag@285.17 frag@419.11 loss@106.02 frag@106.07 loss@195.12,0.2522369027 0.1882124394 0.02909316495 0.006403767038 0.006035069469 0.005786924623 0.004505421966 0.003910426982 0.003804581938 0.003445341252 0.003361295443 0.003202684922 0.002755041234 0.002604754409 0.002476300811 0.002475755755 0.002278789179 0.002122417325 0.002087376779 0.002074772725
120,frag@137.08 frag@138.1 loss@248.08 loss@249.15 loss@183.11 frag@83.07 loss@271.02 loss@307.08 loss@287.13 loss@250.15 frag@213.99 frag@299.15 frag@99.06 loss@267.07 frag@124.11 loss@317.11 loss@202.15 frag@173.04 loss@314.12 loss@204.15,0.1546684951 0.1027586311 0.07633145154 0.0622523427 0.03921337798 0.01759312861 0.01364821289 0.01162378769 0.009964383207 0.009534977376 0.008926346898 0.008377685212 0.008314495906 0.008237084374 0.007397521287 0.006740972865 0.005500405096 0.00542669557 0.004842882045 0.003983573988
121,frag@182.08 frag@183.09 frag@195.09 loss@347.18 frag@209.09 loss@119.06 loss@130.11 loss@198.04 loss@119.05 loss@96.04 loss@131.09 frag@280.11 frag@208.11 loss@120.06 frag@304.13 frag@154.06 loss@116.06 loss@135.07 loss@144.1 loss@113.08,0.121756427 0.1060398743 0.02872083336 0.01407596562 0.01047300827 0.01022953633 0.006737308111 0.006637586281 0.006504388526 0.005720770452 0.005352622364 0.004985217005 0.004601608962 0.00407536421 0.004003341775 0.003847014159 0.00379328127 0.003722761059 0.003385543358 0.003280750476
122,frag@171.08 frag@185.06 frag@157.06 frag@128.06 loss@124.07 frag@155.05 frag@145.06 frag@171.04 loss@171.96 loss@158.04 frag@155.06 loss@154.05 frag@197.06 loss@127.09 frag@143.05 loss@168.08 frag@448.16 loss@230.05 frag@245.08 frag@98.05,0.1047024429 0.08733969927 0.02697730996 0.02193018049 0.007957316935 0.005272831302 0.004985557869 0.004916043021 0.004397528712 0.003987851087 0.003473104676 0.003315871349 0.003245841712 0.003105993615 0.003091723891 0.002932920819 0.002926845802 0.002871265169 0.002512454987 0.002470121253
123,frag@184.09 loss@282.06 frag@158.07 loss@196.04 frag@198.1 loss@332.11 loss@141.1 loss@327.13 loss@175.07 loss@86.04 loss@264.1 loss@176.12 loss@125.1 loss@131.1 loss@154.06 loss@124.1 frag@175.06 loss@161.1 loss@144.07 loss@87.04,0.2997285724 0.0791002959 0.006955671124 0.005570960697 0.004796132445 0.004580820911 0.004485815298 0.004370633513 0.004043362103 0.003657893511 0.003607483348 0.003155471757 0.003095427994 0.003091137158 0.00299213524 0.002893648343 0.002840424655 0.002753271256 0.002702584025 0.00265216711
124,loss@218.12 frag@188.08 loss@206.15 loss@190.12 frag@203.05 frag@284.14 frag@120.06 frag@233.11 frag@177.08 loss@176.11 frag@148.09 frag@174.1 frag@150.1 frag@268.09 frag@190.1 frag@159.06 frag@174.07 frag@285.12 loss@176.09 frag@160.09,0.153587088 0.102467902 0.09698937833 0.07968358696 0.03627496958 0.009330653585 0.00903519243 0.007186719682 0.007128358353 0.006820681505 0.006698302459 0.006561167073 0.006294525694 0.005691089667 0.005626431201 0.005605912302 0.005127464421 0.005034021568 0.004880742636 0.004641009029
125,frag@150.04 loss@165.04 loss@147.04 frag@152.98 loss@219.02 frag@299.07 frag@109.01 loss@182.03 frag@149.02 frag@124.02 loss@80.03 frag@136.02 frag@106.03 frag@150.05 frag@105.04 frag@78.03 frag@142.01 frag@176.06 frag@140.05 frag@152.02,0.1593663841 0.1537744403 0.0901883617 0.02551453188 0.02445641346 0.01036824938 0.006630131975 0.005147289485 0.005096804351 0.00500606373 0.00483245356 0.004821217619 0.004208540544 0.004156244453 0.004155727103 0.004141876474 0.004117959645 0.004034390673 0.003989142366 0.003938390873
126,loss@157.11 frag@284.05 frag@83.09 frag@55.05 frag@154.09 frag@67.06 frag@102.09 frag@97.1 frag@69.07 frag@141.02 frag@129.1 loss@168.16 frag@123.09 frag@211.05 frag@67.05 loss@129.12 frag@112.08 loss@230.16 frag@45.03 loss@185.11,0.3299848139 0.04738870636 0.0140280351 0.0120573258 0.01171403471 0.01008964237 0.009885978885 0.008930577897 0.008545575663 0.008528535254 0.008060040884 0.007037551142 0.006981816608 0.006881648209 0.006726348307 0.00638726959 0.00606807461 0.005982613657 0.004382906016 0.00427249819
127,loss@133.05 frag@241.05 frag@214.98 loss@197.99 loss@302.19 frag@391.17 frag@170.98 frag@163.03 frag@366.16 frag@253.05 frag@346.07 frag@213.14 frag@142.05 frag@286.03 loss@135.07 frag@238.12 frag@303.12 frag@139.04 frag@412.32 frag@339.09,0.2658478022 0.1464711726 0.01772793196 0.004079639912 0.003537819954 0.003394152969 0.003095557448 0.00293039158 0.002401940059 0.002241425682 0.002139717573 0.001942423522 0.001907727681 0.001903162105 0.001894813729 0.001672166283 0.001636374276 0.001627751393 0.00159665395 0.001592814457
128,frag@105.07 frag@131.09 frag@93.07 frag@79.05 frag@119.09 frag@145.1 frag@135.08 frag@133.1 loss@237.14 frag@149.1 frag@107.09 loss@254.1 frag@81.07 frag@123.08 frag@147.08 loss@265.15 loss@296.09 loss@300.08 frag@143.09 loss@329.13,0.055535689 0.05407828093 0.05197181925 0.03776284307 0.02229782753 0.01836553216 0.01405391842 0.0128116617 0.01259930152 0.01212573238 0.01206636894 0.01205179468 0.01156033948 0.01000858191 0.009681260213 0.009516285732 0.009190994315 0.009111880325 0.008785379119 0.00877968967
129,frag@136.04 frag@154.05 loss@284.07 loss@232.01 loss@240.05 loss@152.06 frag@193.13 frag@126.05 loss@229.03 frag@108.04 loss@327.03 loss@209.05 loss@324.1 loss@231.08 frag@80.05 loss@239.07 loss@180.09 loss@211.04 loss@79.04 frag@155.04,0.1800297648 0.1798907518 0.04008546844 0.02631588094 0.01263670716 0.01263249572 0.0103936037 0.007824440487 0.006902290508 0.005815115757 0.004539991729 0.004084449261 0.003750688862 0.00367779308 0.003572861431 0.003293719841 0.003164847847 0.003090399085 0.002984420862 0.002764795441
130,frag@193.09 frag@178.05 frag@215.07 frag@286.03 frag@213.02 loss@330.1 loss@386.17 loss@94.04 loss@124.05 loss@119.07 frag@107.01 loss@173.01 loss@336.08 frag@252.07 loss@136.09 loss@185.03 frag@277.11 frag@191.07 loss@119.05 loss@478.17,0.1175059453 0.09100484848 0.06202098727 0.007074836642 0.006373683456 0.004635060206 0.004053295124 0.003446827177 0.003420527326 0.003408298595 0.003365881043 0.00288350042 0.002740127267 0.002738312352 0.002634044271 0.002583169844 0.002554863226 0.002509659156 0.002412810689 0.002236770233
131,loss@81.09 frag@238.04 frag@250.11 frag@224.02 frag@193.09 loss@346.07 frag@137.02 loss@248.98 loss@203.95 frag@182.08 loss@267.98 loss@480.16 frag@259.04 frag@223.04 loss@206.18 loss@108.02 frag@224.08 loss@150.03 frag@112.09 loss@157.1,0.1580609232 0.0647881031 0.05586815625 0.03840282187 0.02487129159 0.01526062284 0.01399331819 0.007963727228 0.007546009962 0.005052357446 0.004555630963 0.004056613427 0.003941141535 0.00383666181 0.003577051451 0.003435467836 0.003300927347 0.003189674113 0.002621700056 0.002239241032
132,loss@235.12 frag@139.09 frag@84.06 loss@249.12 frag@162.06 loss@262.14 frag@124.11 loss@227.16 loss@280.15 frag@170.12 frag@138.1 loss@229.06 frag@110.1 frag@83.07 loss@247.1 frag@201.14 loss@223.17 frag@125.08 frag@124.08 frag@151.06,0.08200138807 0.07188366354 0.06827293336 0.0458022356 0.03730014712 0.03636343777 0.02711615525 0.01358120982 0.008962876163 0.008754453622 0.008509824052 0.007093823515 0.006974669639 0.005597173236 0.005194200203 0.004823848139 0.004465430975 0.004266069271 0.003870126093 0.003767337883
133,loss@256.13 loss@266.12 frag@181.0 frag@273.16 loss@303.17 loss@292.17 loss@248.14 frag@214.09 frag@341.14 frag@253.08 loss@62.07 frag@230.11 frag@201.12 frag@43.04 loss@270.16 frag@255.04 loss@268.08 loss@328.19 frag@273.03 loss@283.11,0.02566027828 0.02058481798 0.01856000349 0.01332171634 0.0109512452 0.01085558161 0.01002937928 0.009318486787 0.009217532352 0.00846895203 0.008077013306 0.008023635484 0.007232820615 0.006726682652 0.005800536368 0.005094068591 0.004551825114 0.004349491559 0.004288611468 0.004200354218
134,frag@123.09 loss@313.06 loss@331.19 loss@237.18 loss@291.21 loss@257.16 loss@285.16 loss@305.17 loss@205.0 loss@157.07 loss@256.17 loss@213.99 frag@163.01 loss@321.19 frag@149.0 loss@301.24 loss@159.99 frag@122.08 loss@244.01 frag@111.09,0.2871455848 0.02541008778 0.02032145858 0.01891769096 0.01430906355 0.01053805184 0.00880230125 0.007976430468 0.006421638187 0.00515759876 0.004820791539 0.004694605246 0.004339334555 0.00430753734 0.004283878487 0.00421363255 0.004098351113 0.003652670188 0.003426730866 0.003339671995
135,frag@72.08 loss@244.06 loss@277.05 loss@317.13 loss@329.16 frag@116.11 loss@337.11 loss@359.05 loss@366.11 loss@263.99 loss@334.11 loss@300.16 loss@346.16 loss@400.26 loss@300.15 loss@278.14 loss@234.05 loss@234.12 frag@122.03 loss@260.01,0.3018644452 0.02920717746 0.02367645875 0.02072236873 0.02053073607 0.02037696727 0.02036674879 0.01821145788 0.01742489077 0.01402053516 0.01197133958 0.0110102389 0.01038211957 0.009941251017 0.008931307122 0.00862424355 0.008444605395 0.008237366565 0.007669471204 0.007175358012
136,frag@189.1 frag@163.12 frag@160.1 loss@243.14 frag@161.11 loss@203.02 loss@153.09 loss@249.13 frag@159.09 loss@95.04 loss@211.1 loss@328.15 loss@250.17 loss@210.15 loss@184.07 loss@293.12 loss@153.03 loss@232.02 frag@162.09 loss@316.11,0.2032121867 0.08097288013 0.006756355986 0.006568532437 0.006346981041 0.005774875171 0.004563477822 0.004190348089 0.003461639397 0.003415418789 0.003259059042 0.003189061768 0.003158884821 0.002905855188 0.002771263476 0.002621783642 0.002605369315 0.002573756501 0.002557977336 0.002475367393
137,loss@179.13 frag@174.03 frag@67.05 frag@83.09 loss@226.14 frag@110.1 loss@248.18 frag@136.05 frag@74.06 frag@81.07 frag@129.1 frag@95.09 loss@196.12 frag@350.13 loss@323.99 frag@55.05 frag@150.13 frag@154.04 frag@84.08 loss@228.15,0.1945608556 0.1015666202 0.03022946604 0.01019311324 0.009845905937 0.00735029811 0.006689464673 0.005969850812 0.005966083612 0.005041230936 0.005031686742 0.004856688902 0.004412767477 0.004173665773 0.004074125551 0.003877287032 0.003598305164 0.003478835803 0.00343966065 0.003419377608
138,frag@109.08 loss@207.11 loss@228.14 frag@108.07 loss@256.06 frag@81.06 loss@380.11 loss@230.98 loss@406.08 loss@119.02 loss@255.06 loss@215.03 frag@107.06 frag@80.05 loss@214.04 frag@110.08 loss@192.1 loss@164.06 loss@317.17 frag@123.09,0.258243978 0.0579745397 0.04100387543 0.03237855434 0.01590230316 0.01420221291 0.0138290925 0.01356484648 0.01260278933 0.01127875503 0.008998933248 0.007934482768 0.007337095682 0.007140149362 0.006904849317 0.00643625157 0.005484149791 0.005463404581 0.005352518521 0.004981875885
139,loss@234.08 loss@282.12 frag@89.07 frag@223.01 frag@182.0 frag@114.0 frag@104.02 frag@161.07 frag@187.98 frag@303.1 frag@112.99 frag@246.06 frag@92.04 frag@157.96 frag@241.11 frag@311.18 frag@147.03 frag@391.17 frag@123.06 frag@51.02,0.1893772483 0.1095542312 0.01078582555 0.007851517759 0.007795269601 0.007476959843 0.005175616592 0.004137279931 0.004110928625 0.004071659409 0.003729059594 0.00361428922 0.003592690453 0.003439732594 0.003331022337 0.003297260962 0.003257535398 0.003025475424 0.002997627249 0.002956063952
140,frag@256.05 frag@228.03 loss@229.03 frag@206.08 loss@158.07 loss@111.03 loss@202.08 loss@185.07 loss@146.18 loss@304.05 loss@253.0 loss@55.04 loss@367.15 frag@201.08 frag@448.16 frag@106.04 loss@173.08 frag@111.03 loss@145.03 frag@165.02,0.17050533 0.06508585811 0.004290119279 0.004160085227 0.00369967916 0.003665026743 0.003644864541 0.003609162522 0.003288725857 0.002769813873 0.002628432587 0.002439399017 0.002425186569 0.002264525043 0.002151068766 0.002038531471 0.00200632331 0.001938053872 0.001937920228 0.001923897304
141,frag@138.99 frag@139.01 loss@155.01 frag@129.01 loss@308.13 loss@201.02 loss@278.18 loss@204.14 loss@177.04 loss@213.18 loss@129.13 loss@301.13 loss@167.01 loss@298.18 loss@210.07 loss@170.06 loss@218.98 loss@231.01 loss@318.1 loss@141.03,0.2451830804 0.09425401688 0.08684834093 0.0760056898 0.02775114588 0.02521231771 0.02486662008 0.01256920304 0.01066653989 0.01049692091 0.01004226599 0.007652878761 0.007036161143 0.005400693044 0.004431844223 0.004373689648 0.004162175115 0.003519642865 0.003444059752 0.003243198385
142,frag@98.07 loss@250.18 loss@293.19 frag@166.1 loss@194.12 loss@252.03 loss@181.09 frag@362.14 loss@231.01 loss@183.13 frag@433.19 frag@168.02 loss@209.06 loss@321.19 loss@182.12 frag@171.03 loss@183.99 loss@349.12 frag@222.05 frag@109.08,0.2915448844 0.1591956466 0.01837798581 0.0118259592 0.007480457891 0.007461669389 0.005006724969 0.004727073479 0.00461416319 0.00381995202 0.00379409641 0.003759671235 0.003445852781 0.003325475613 0.003291985486 0.003267688444 0.0030760183 0.002724088728 0.002599629108 0.002479453804
143,frag@110.06 frag@120.04 frag@94.06 frag@80.05 frag@108.04 frag@92.05 loss@194.11 frag@68.05 loss@237.06 frag@126.05 loss@207.05 loss@235.11 loss@233.08 loss@254.07 frag@122.06 loss@195.09 loss@211.09 loss@245.12 frag@126.04 loss@198.08,0.07338610291 0.06994575262 0.06321398169 0.03669415042 0.03476319835 0.02792773955 0.02538109943 0.02073522098 0.01468044985 0.0125221163 0.01032300945 0.0101868948 0.009540895931 0.009503690526 0.008827819489 0.008619965985 0.008543201722 0.008384226821 0.008335087448 0.008306295611
144,frag@137.07 loss@164.1 frag@155.08 loss@165.12 loss@194.07 loss@180.13 loss@222.12 loss@267.12 loss@172.03 frag@99.06 frag@160.13 loss@262.22 loss@164.11 loss@252.07 loss@251.12 frag@123.05 frag@122.1 loss@173.13 frag@166.08 frag@124.08,0.2857462764 0.124333255 0.07469999045 0.05871479958 0.05093650892 0.04249245673 0.03062754311 0.01292745862 0.009968809783 0.005239453167 0.004198768642 0.003741325112 0.003667474026 0.003430934623 0.00332580437 0.003191273659 0.003073946107 0.00263785175 0.00240512914 0.002375883516
145,frag@166.1 loss@194.12 loss@150.09 loss@148.07 frag@123.05 frag@165.11 frag@139.03 loss@176.11 frag@124.09 frag@98.07 frag@122.1 frag@220.16 loss@206.12 frag@312.17 frag@111.06 loss@293.19 frag@207.98 frag@187.1 frag@82.98 frag@177.11,0.2441123426 0.1670726091 0.08180014789 0.04262930155 0.01119906176 0.005175964441 0.004582384601 0.004125690088 0.003891896689 0.003733052406 0.003722804599 0.003709691344 0.003237104043 0.003219565842 0.003111034166 0.002756494097 0.002569350181 0.002493338892 0.002479020273 0.002331669908
146,loss@127.05 frag@102.97 frag@181.11 loss@271.07 frag@143.99 loss@146.14 loss@344.07 loss@268.08 frag@267.16 frag@158.02 loss@87.05 frag@162.06 loss@289.13 loss@184.1 loss@279.05 loss@278.04 frag@210.14 loss@64.99 frag@344.11 frag@166.0,0.1137097254 0.1100570112 0.1098795533 0.09575766325 0.02800503187 0.01129838079 0.003752692835 0.003633557819 0.00341746863 0.002679265104 0.002626378555 0.002495461842 0.002471104264 0.002109332476 0.001994315302 0.001926218625 0.001875677379 0.001850442612 0.001849040855 0.001823404571
147,loss@192.08 loss@249.05 loss@214.03 loss@235.03 frag@211.05 loss@306.09 frag@325.06 frag@121.04 frag@121.01 frag@319.19 frag@97.01 frag@139.07 frag@98.03 frag@329.08 frag@145.03 frag@149.04 frag@144.06 frag@139.02 frag@207.11 frag@182.1,0.1363087595 0.04649110138 0.04270354286 0.0300692264 0.01100331079 0.01038722321 0.007690303959 0.007141356822 0.006027819123 0.005234937649 0.0051329704 0.004564502742 0.004315225873 0.004267775919 0.004241381772 0.004192337394 0.003739778418 0.003677559784 0.003629463492 0.0034702376
148,loss@246.02 loss@227.01 frag@118.04 frag@291.12 frag@156.98 frag@257.11 frag@208.07 frag@153.05 frag@179.12 loss@199.01 loss@218.03 frag@212.06 frag@215.1 frag@92.05 frag@216.08 frag@151.96 loss@219.03 loss@240.04 frag@175.07 frag@163.09,0.1201454997 0.07393095642 0.01082348358 0.007596644573 0.005454889033 0.005228656344 0.004864558578 0.004783820361 0.004563528579 0.004463206045 0.004384528846 0.004196382128 0.003932238556 0.003435053863 0.00325920945 0.003180864966 0.003070147708 0.002992956201 0.002987856977 0.002950461581
149,frag@206.08 loss@134.06 loss@169.06 loss@556.18 loss@1.01 loss@132.06 loss@135.07 frag@297.09 frag@180.08 frag@270.11 frag@142.05 frag@391.17 frag@154.06 frag@228.03 frag@160.04 loss@235.05 frag@231.12 frag@139.02 frag@154.03 frag@175.06,0.1688382328 0.1503669769 0.1258401722 0.01407728903 0.007357975468 0.005212821066 0.003682034556 0.003596125869 0.003516736906 0.003115085652 0.003078434383 0.003068311838 0.002941367216 0.002548529068 0.002353492426 0.002293407451 0.002279160777 0.002255218336 0.002180422656 0.002165320329
150,frag@194.07 loss@57.06 loss@44.04 frag@220.08 loss@85.06 frag@235.12 loss@17.03 loss@74.08 frag@208.09 frag@182.07 loss@43.04 frag@222.06 frag@183.08 frag@250.0 frag@195.08 loss@58.03 loss@86.08 loss@32.05 loss@138.05 frag@178.08,0.01263120957 0.01172895171 0.01093226206 0.009047890082 0.007425765041 0.007041613106 0.006703758147 0.006390381139 0.006376296282 0.006197328679 0.006173554342 0.006023366936 0.005954839289 0.005941707175 0.005926076788 0.005847322755 0.005732803605 0.005714054685 0.005705608986 0.005576120224
151,frag@70.99 frag@112.02 frag@44.98 frag@140.02 loss@115.99 frag@73.01 frag@72.0 frag@85.01 frag@114.04 frag@71.0 loss@191.14 loss@254.01 loss@217.04 loss@224.04 loss@175.05 loss@141.02 loss@271.05 frag@158.03 loss@152.06 loss@183.01,0.1242037043 0.09344288707 0.05709668994 0.04929182678 0.01755555533 0.01674021035 0.01499128062 0.009719640948 0.008704205044 0.007539965212 0.00646116212 0.006136244629 0.005184831563 0.005038317759 0.005032415967 0.00493667135 0.004861588124 0.004685050342 0.004080766812 0.003941025585
152,frag@106.06 loss@249.09 frag@121.09 loss@247.05 loss@256.04 loss@209.14 loss@387.06 loss@313.15 loss@193.02 loss@217.06 loss@391.12 frag@148.08 frag@139.07 loss@192.01 loss@221.04 loss@155.06 loss@241.11 loss@215.11 frag@183.98 loss@193.1,0.3349484801 0.05249683186 0.02745120041 0.02317211032 0.01828948967 0.01656242833 0.0103206113 0.0101402374 0.009651690722 0.007887541316 0.006921401247 0.004752190318 0.004702168051 0.004515641369 0.004010719713 0.003936995286 0.003882680321 0.003470141441 0.00328323571 0.003267975058
153,loss@304.12 loss@276.12 loss@306.01 loss@339.15 frag@135.04 loss@336.01 loss@312.18 loss@335.19 loss@304.22 loss@349.11 frag@125.06 loss@337.14 frag@328.15 loss@294.04 loss@315.2 loss@284.15 frag@135.05 frag@198.15 frag@216.08 loss@353.13,0.05812650174 0.05543719605 0.02424048446 0.02347388864 0.02327232435 0.01517983619 0.0148058543 0.01343597472 0.01151598059 0.009704571217 0.008915738203 0.008341763169 0.008189231157 0.008030623198 0.007717695553 0.006996689364 0.006801169366 0.006120285485 0.0058747679 0.005296679679
154,loss@229.11 loss@246.15 frag@109.06 frag@67.05 frag@131.09 frag@136.11 frag@209.14 frag@93.07 frag@91.06 frag@139.08 frag@119.05 frag@150.13 frag@81.07 frag@175.04 frag@138.05 frag@173.1 frag@171.04 frag@149.1 frag@91.05 frag@147.08,0.2057927549 0.1438890249 0.01616456173 0.01513778232 0.01231834386 0.01073755044 0.009206284769 0.007995173335 0.007330782246 0.006885027513 0.006875257473 0.006406122819 0.006318534724 0.006173952948 0.005576779135 0.00520389108 0.005111592356 0.004913334735 0.00484097749 0.004828447476
155,frag@155.98 loss@349.09 frag@43.02 loss@80.05 frag@53.0 frag@97.06 loss@107.11 frag@178.06 frag@67.05 loss@105.04 frag@59.0 frag@409.2 loss@222.04 frag@45.03 loss@222.08 frag@92.04 frag@59.05 loss@171.0 frag@67.02 loss@321.1,0.07822011411 0.07714918256 0.074259758 0.0580644533 0.007652460132 0.004243975971 0.003917465452 0.003655343084 0.003233364318 0.003043260891 0.002887485083 0.002768453211 0.002554224804 0.002280808287 0.0020162086 0.002002536086 0.001824181178 0.001812626375 0.001779395388 0.001772652613
156,frag@127.03 frag@155.03 loss@263.05 loss@160.98 loss@195.05 loss@215.04 frag@113.02 loss@209.06 loss@311.05 loss@201.04 loss@224.03 loss@126.02 loss@151.02 loss@262.99 frag@139.03 loss@210.14 loss@185.1 loss@112.04 loss@156.02 loss@300.14,0.1967928857 0.1575963944 0.05276112258 0.02698525414 0.00787443947 0.005755039863 0.003772257594 0.00347695942 0.003256411757 0.002855737926 0.002790049184 0.002750558779 0.002689740621 0.002542758361 0.002357288031 0.002232270082 0.002160352422 0.002134040464 0.002115869895 0.001892602537
157,frag@119.06 loss@114.02 loss@189.99 loss@237.05 loss@54.02 frag@65.04 loss@243.14 frag@147.06 loss@143.04 loss@127.03 loss@210.0 loss@308.07 frag@92.05 frag@132.07 frag@155.02 loss@199.03 frag@131.06 frag@107.06 loss@268.05 frag@172.07,0.2844206095 0.02676647343 0.02650984377 0.01126007549 0.009739222936 0.008305803873 0.00649817707 0.006342074368 0.00574089447 0.005666132551 0.005492479075 0.005345450249 0.004162306897 0.003874696093 0.003782710526 0.003681882285 0.003676771419 0.003251377959 0.003185419133 0.003070424777
158,frag@147.08 loss@163.1 loss@175.1 frag@129.07 loss@189.12 frag@131.09 frag@135.08 frag@91.05 loss@313.18 frag@123.08 frag@91.06 frag@130.08 loss@215.12 loss@217.03 frag@105.07 frag@133.06 frag@240.12 frag@117.07 loss@271.11 frag@139.07,0.1949001104 0.140001744 0.09070729464 0.04106190056 0.02977692336 0.0195455607 0.01770289615 0.01594127715 0.01570089906 0.01503848657 0.012778515 0.01088473108 0.01032926142 0.008603465743 0.00849356968 0.008429023437 0.007980316877 0.007454559673 0.007428593468 0.006775236223
159,frag@144.96 loss@247.02 loss@392.11 frag@184.02 frag@192.07 loss@148.01 frag@249.13 loss@265.08 frag@193.05 loss@216.03 frag@148.02 frag@181.09 frag@318.18 frag@87.04 frag@447.13 frag@114.04 frag@165.02 frag@241.14 loss@190.05 frag@58.99,0.1584361941 0.1069712788 0.007788704243 0.003573650727 0.003164201742 0.003100142116 0.003054308705 0.002907729475 0.002709680004 0.00270276214 0.00244982983 0.002412294969 0.00221383851 0.002174827736 0.001933569205 0.001908786595 0.001884467318 0.00184419693 0.001671592821 0.001661206363
160,frag@170.1 loss@297.02 loss@118.09 loss@191.0 frag@155.07 frag@171.1 frag@158.1 frag@355.2 frag@172.08 loss@303.06 frag@222.13 loss@279.15 frag@204.07 loss@149.11 frag@169.09 frag@213.1 frag@134.99 frag@184.08 loss@340.08 loss@175.02,0.2082176358 0.04012018815 0.03412458673 0.02722624503 0.01484501548 0.01314201299 0.01195897907 0.01119774859 0.005714741535 0.004312132951 0.003555606119 0.003554841504 0.003318919567 0.003209871938 0.003074961482 0.002962552942 0.002875559032 0.002874428174 0.002672652015 0.002671855735
161,loss@171.09 frag@126.09 loss@143.09 frag@144.1 frag@55.02 frag@87.04 frag@101.02 frag@112.08 frag@84.08 frag@135.0 frag@155.12 frag@83.09 frag@124.08 frag@45.03 frag@82.06 frag@56.05 frag@55.05 frag@182.15 frag@150.13 frag@41.04,0.3317554891 0.02879358269 0.02808863297 0.02028068714 0.01655695774 0.01128680445 0.01087282039 0.01071902364 0.009763711132 0.009626227431 0.009600487538 0.007704228628 0.007341186982 0.006826001685 0.006266815588 0.005924870726 0.00583212683 0.005827603862 0.005519235972 0.005511621945
162,frag@148.08 loss@192.09 frag@164.07 frag@176.07 frag@122.1 frag@231.12 loss@189.08 loss@257.02 frag@171.05 frag@106.06 loss@230.14 frag@108.08 frag@207.98 frag@190.09 loss@237.06 loss@194.11 frag@159.09 frag@106.07 frag@120.08 frag@134.06,0.3094568849 0.207362175 0.005857594777 0.004100147635 0.00312363822 0.003087988589 0.0030241278 0.00292016333 0.0028472431 0.002815608634 0.002550337929 0.002548244316 0.002532249317 0.002528862329 0.002492892323 0.00248232577 0.002481915522 0.002373060212 0.002226416487 0.002214162843
163,loss@230.04 frag@141.0 frag@75.0 loss@128.03 frag@141.04 frag@188.04 frag@44.01 frag@55.02 loss@168.11 frag@344.17 frag@72.94 frag@128.03 frag@98.99 frag@127.0 frag@72.0 frag@151.03 frag@319.07 frag@140.03 frag@318.03 frag@210.15,0.1805817783 0.1569076329 0.03780576214 0.01656593196 0.004569090903 0.003749585012 0.003671206301 0.003547320142 0.003380192677 0.002939838916 0.00238738046 0.002376748016 0.002197188092 0.002187812468 0.00214198092 0.002139126183 0.002034767298 0.001971667865 0.001942953793 0.001933863154
164,frag@219.03 loss@298.18 loss@238.2 frag@330.12 frag@73.06 loss@170.11 loss@281.15 frag@231.0 frag@240.1 frag@201.09 frag@195.05 frag@102.01 loss@311.1 loss@142.06 loss@276.12 loss@303.11 frag@249.13 loss@250.07 loss@318.15 frag@165.02,0.2012399584 0.1579814553 0.1168053821 0.06459388137 0.005794765428 0.005212303717 0.004848951939 0.003270339919 0.003138896078 0.002536159474 0.002411250025 0.002372480696 0.001887570019 0.001848103129 0.00180142466 0.001781782717 0.001778169768 0.001768257469 0.001745037618 0.001634021872
165,frag@175.06 loss@129.06 frag@223.05 frag@203.09 loss@85.1 loss@556.18 loss@158.04 loss@185.03 loss@43.02 loss@76.02 loss@218.13 loss@208.18 frag@155.06 frag@159.07 frag@223.1 loss@161.11 loss@113.13 frag@225.1 frag@199.05 loss@78.05,0.1849924624 0.1099141985 0.07568566501 0.06592450291 0.05009116977 0.007628425956 0.006942141335 0.006261249539 0.0057590832 0.005403142888 0.005342293531 0.004848950543 0.004738311749 0.004649038427 0.004449124914 0.00383473956 0.003556618933 0.003465794725 0.003423840972 0.003327153623
166,frag@122.07 frag@150.1 frag@124.09 loss@177.13 loss@327.03 frag@178.13 loss@149.1 frag@148.09 frag@95.06 frag@134.07 loss@221.12 frag@136.09 loss@141.09 frag@108.08 loss@166.12 frag@98.07 loss@194.12 loss@228.14 frag@82.98 loss@197.98,0.1119867042 0.08495126665 0.07501234859 0.0577179119 0.03055964597 0.02113926597 0.01622897387 0.01170448959 0.01143447869 0.008034840226 0.007883108221 0.007126699202 0.006097197067 0.005843926687 0.005609595217 0.005076603964 0.004856686108 0.004547578283 0.004473930225 0.004370848648
167,loss@246.95 loss@60.14 frag@338.14 frag@255.08 loss@129.1 frag@197.97 loss@325.13 frag@238.13 frag@370.17 frag@308.18 frag@308.09 frag@200.08 frag@172.96 frag@128.98 frag@397.07 loss@325.12 loss@217.01 frag@148.04 loss@269.15 frag@194.07,0.04459477589 0.03128706664 0.02538068779 0.02282947488 0.02063559555 0.01392419729 0.01093405019 0.009622216225 0.007236517034 0.006667625159 0.005905788857 0.00588307064 0.005497128237 0.004972388037 0.004696605727 0.004639438819 0.004596966784 0.004368042573 0.003777499078 0.003643043339
168,loss@178.05 frag@209.02 frag@189.1 frag@154.06 frag@144.06 frag@158.0 frag@272.04 frag@193.08 frag@275.19 loss@136.01 frag@182.95 frag@236.03 frag@123.03 frag@186.1 frag@292.13 frag@395.08 frag@151.02 frag@139.02 loss@245.07 frag@285.1,0.203515783 0.08295996487 0.02148918994 0.00386770349 0.003672792111 0.003503947984 0.003200954525 0.003190049436 0.002953467658 0.002822482726 0.002559751505 0.002497924957 0.002462205244 0.002382931998 0.002342878142 0.002336722799 0.002295085927 0.002264353214 0.002167547587 0.002131840913
169,frag@162.09 loss@150.06 frag@147.07 frag@148.08 loss@164.11 loss@163.07 frag@176.07 frag@141.08 loss@209.1 frag@201.11 frag@160.1 frag@235.97 loss@177.05 frag@133.05 frag@134.06 loss@244.05 frag@160.08 loss@347.09 frag@190.09 frag@165.11,0.2419690043 0.1532228589 0.01837836765 0.01038710587 0.008536549285 0.007169216871 0.006848318968 0.003988584038 0.003919079434 0.003596426221 0.003449049313 0.00313528697 0.003041837364 0.002997989533 0.002774584806 0.002504891483 0.002383682644 0.002305237809 0.002231844235 0.002163559431
170,frag@188.12 loss@134.05 loss@138.1 loss@119.05 loss@147.08 frag@174.1 frag@361.16 loss@161.1 loss@163.08 loss@152.06 frag@146.07 frag@191.13 loss@209.04 loss@165.09 frag@134.07 loss@132.07 frag@162.08 loss@185.1 loss@173.1 frag@233.11,0.3079809546 0.2028601766 0.04030316323 0.01318015531 0.01304837223 0.01147648692 0.008911213838 0.007858994417 0.00676065078 0.005236961413 0.004733612761 0.004004008602 0.00338543416 0.003207406728 0.003112783656 0.003083454911 0.003067978192 0.003062353469 0.002978325821 0.002959657926
171,frag@139.02 frag@171.01 frag@111.03 loss@198.12 loss@172.08 loss@236.94 frag@56.96 frag@287.09 frag@59.0 loss@274.12 loss@182.05 frag@97.01 loss@187.03 loss@333.21 loss@220.05 loss@218.03 loss@183.07 loss@168.04 loss@186.09 frag@149.04,0.1514405608 0.06099423766 0.007589017041 0.003676445922 0.002768002218 0.002323721536 0.002264250303 0.002234835178 0.002104722895 0.002053618431 0.00204631174 0.00200206507 0.001946878154 0.001858757227 0.001852068817 0.001725353533 0.001717565232 0.001669237856 0.001638808986 0.001621654956
172,frag@123.03 frag@113.04 loss@274.12 loss@184.15 loss@323.06 loss@139.04 frag@44.98 loss@95.02 frag@123.02 loss@150.01 loss@189.06 frag@111.03 loss@165.06 loss@239.09 loss@232.11 frag@151.06 frag@151.02 loss@153.04 loss@279.05 frag@323.11,0.2662212253 0.02917753719 0.01785710081 0.01039084978 0.009105658159 0.004915962461 0.004383874126 0.004112140276 0.003856461029 0.003615123453 0.00349187525 0.00287793763 0.002783598145 0.002464189427 0.002424089471 0.002415898954 0.002399316523 0.002361977706 0.002050696407 0.001997284591
173,frag@110.1 loss@226.1 frag@67.05 loss@223.13 loss@251.12 frag@84.08 loss@257.09 loss@208.09 loss@281.14 frag@96.08 frag@150.13 loss@234.14 frag@112.08 loss@227.06 frag@68.05 loss@236.15 frag@82.06 loss@271.12 frag@151.06 loss@276.16,0.165925175 0.03240281343 0.02443342097 0.02247546613 0.01119341422 0.009936919436 0.009707077406 0.008552181534 0.006914660335 0.006870719604 0.00674477173 0.006329579744 0.006205269601 0.006191026885 0.006067224313 0.006042697001 0.005174661521 0.005150087643 0.004754651804 0.004654174671
174,frag@141.07 loss@151.14 loss@195.99 loss@168.03 loss@174.04 frag@141.08 loss@171.07 loss@171.96 loss@160.1 loss@280.94 loss@213.08 loss@135.06 loss@185.08 loss@205.11 loss@243.03 loss@168.06 loss@254.01 loss@178.09 frag@123.05 frag@225.14,0.4113633335 0.03277575225 0.02193645015 0.01246999297 0.009984259494 0.007210317068 0.005033550784 0.004764127545 0.004365946632 0.004105289932 0.004033143632 0.003453516169 0.003061302472 0.003034423105 0.002878734376 0.002869536867 0.00272388733 0.002445041435 0.002280040877 0.002264814451
175,loss@163.11 frag@159.05 loss@160.06 loss@165.13 frag@268.09 frag@341.15 frag@272.12 frag@175.05 loss@379.06 frag@71.03 frag@164.12 frag@272.14 frag@207.13 frag@170.07 frag@175.1 frag@312.12 frag@190.11 frag@188.08 loss@133.06 loss@206.15,0.1227523163 0.1191072911 0.1087038964 0.08083312213 0.06574744731 0.01861435734 0.0174285844 0.01128260046 0.01095916331 0.009071836248 0.008981902152 0.006221815478 0.0052093626 0.004755154718 0.00471457839 0.004649116192 0.004529747181 0.004378320649 0.004375862889 0.004360157996
176,frag@150.07 loss@311.07 loss@283.04 loss@297.15 frag@187.06 loss@290.2 frag@180.12 loss@170.15 frag@178.06 loss@179.0 loss@181.12 loss@181.13 loss@192.04 loss@278.09 loss@353.13 loss@95.04 loss@197.05 frag@175.06 loss@293.07 loss@327.03,0.3178384304 0.09997157753 0.045737423 0.004063430242 0.003687076503 0.003538576653 0.002716540126 0.002051863587 0.002031768439 0.002004038775 0.001911383821 0.001857162686 0.001841350575 0.001805885462 0.001781146158 0.001772187999 0.001749261864 0.001729788608 0.001726998948 0.001708100899
177,frag@153.08 loss@338.06 loss@280.09 loss@314.05 frag@163.99 loss@78.1 loss@274.12 frag@138.08 frag@110.02 frag@189.06 frag@59.0 loss@188.0 frag@188.97 loss@88.02 loss@298.09 frag@312.09 frag@178.07 frag@88.02 loss@210.12 loss@328.08,0.2102446854 0.06242886186 0.002390073845 0.002297374187 0.002282770816 0.001987894066 0.001919414499 0.001700966735 0.001532359165 0.001526059699 0.001457572682 0.001353290165 0.001301776385 0.001298437011 0.001244922518 0.001243782812 0.001141789369 0.001138360123 0.001138357446 0.001086962991
178,frag@194.08 frag@193.08 loss@135.03 loss@137.01 loss@188.97 loss@136.03 loss@101.05 frag@202.04 loss@205.93 loss@127.02 loss@127.91 loss@179.04 frag@209.02 loss@108.07 loss@153.04 loss@257.03 loss@77.04 loss@165.06 loss@43.01 loss@180.99,0.1549074203 0.1450789124 0.04999429733 0.01673344336 0.01263248734 0.006785322912 0.003387055825 0.003315343522 0.00317457132 0.003092227969 0.002934392076 0.002607429167 0.002587384079 0.002442790661 0.0023193378 0.00228783628 0.00215887418 0.001954731066 0.001954284729 0.001923802891
179,loss@168.05 frag@84.96 loss@198.0 frag@255.03 frag@316.16 frag@182.03 frag@199.01 loss@191.01 loss@151.03 loss@94.03 frag@139.1 loss@252.94 frag@263.08 frag@113.02 frag@272.04 frag@256.05 frag@144.04 frag@192.99 frag@68.01 frag@185.03,0.1460751444 0.02383407578 0.02271652408 0.01977296919 0.01939496398 0.01776274666 0.01741802692 0.01279019937 0.01048090402 0.009335366078 0.006248215213 0.005810329225 0.005687706172 0.005474847276 0.005403379444 0.005293481983 0.005246300716 0.005149987526 0.004534288775 0.00439354917
180,loss@167.03 loss@185.04 frag@143.01 loss@272.08 frag@314.13 frag@139.03 frag@231.12 frag@123.01 frag@83.03 frag@179.05 loss@194.12 frag@147.03 frag@196.06 frag@328.11 frag@157.02 frag@68.01 frag@80.05 frag@107.06 frag@236.11 loss@197.08,0.1375397891 0.1012578532 0.04306372255 0.02220655419 0.008175195195 0.006156380754 0.005386981182 0.005104537122 0.004107543267 0.003735011211 0.003648433834 0.003570477478 0.003517306875 0.003452619771 0.003375418484 0.003207945963 0.003003301797 0.002989356173 0.002855003811 0.002701632446
181,loss@117.06 frag@298.14 loss@109.07 frag@264.16 frag@211.04 loss@81.05 frag@222.07 frag@126.06 frag@189.05 frag@200.02 frag@331.13 frag@299.14 frag@199.05 frag@144.1 frag@180.07 frag@273.11 frag@214.13 frag@245.13 loss@154.06 frag@185.07,0.3053975105 0.07578851283 0.05517668277 0.03849305585 0.00684212707 0.006784531288 0.006607312243 0.006270388607 0.005809945054 0.003728230949 0.003347077407 0.003118244233 0.003107663477 0.00280175847 0.002734734677 0.002654443262 0.002457886934 0.00239869114 0.00239566993 0.002352659823
182,frag@55.05 frag@83.09 frag@98.06 loss@183.13 loss@197.14 loss@167.13 loss@185.14 loss@139.14 loss@195.16 loss@332.09 loss@214.17 loss@210.17 loss@105.08 loss@252.18 loss@215.15 frag@126.09 loss@139.1 frag@69.07 loss@233.0 loss@157.11,0.2722144127 0.0639039278 0.05210416391 0.03088704869 0.02941528894 0.02835736424 0.02604504675 0.02108655311 0.02097651921 0.01706727594 0.0138335675 0.01053194515 0.01013490744 0.01010728348 0.009659339674 0.008074966259 0.007586012594 0.00725399144 0.006797964219 0.006770176347
183,frag@148.08 loss@221.12 loss@272.13 loss@205.11 frag@120.04 frag@122.1 frag@173.01 frag@163.09 loss@219.1 frag@128.08 loss@206.11 frag@121.04 loss@200.13 frag@281.14 frag@180.12 loss@196.09 loss@222.1 loss@220.12 loss@233.12 frag@89.07,0.02418862469 0.01736380532 0.01675034873 0.01541090664 0.01535359863 0.01463453099 0.01437474601 0.01391046867 0.01227700617 0.01226726081 0.01206665207 0.01178343594 0.01044167206 0.01040278375 0.009957447648 0.009929119609 0.009785768576 0.008932394907 0.008884495124 0.008242930286
184,frag@203.07 frag@217.09 loss@230.13 loss@232.08 frag@175.08 loss@357.13 loss@253.08 frag@189.09 loss@101.12 loss@292.15 loss@238.17 loss@373.12 loss@226.15 frag@132.09 loss@147.1 loss@266.19 loss@173.11 loss@227.19 loss@280.08 frag@163.06,0.2250001878 0.1084501371 0.07179625332 0.0360231176 0.01141743176 0.007174926344 0.005649757572 0.0039004758 0.003774660872 0.003558365861 0.003524030559 0.003492930438 0.003468528856 0.003393816529 0.00320633268 0.003150334582 0.003106895834 0.003078949638 0.003030518536 0.003001530422
185,loss@141.03 loss@140.0 loss@167.01 frag@197.05 loss@152.0 frag@164.03 frag@220.16 frag@139.99 frag@152.03 frag@153.01 frag@218.14 frag@242.13 frag@111.05 loss@169.03 loss@194.12 frag@321.14 frag@174.02 loss@226.09 frag@212.08 frag@190.02,0.1560001969 0.05228666961 0.05035313219 0.03465826809 0.0281432122 0.01941830851 0.00880425889 0.007746902294 0.007349781692 0.00675420044 0.0054953699 0.005481397267 0.005363479722 0.005185130984 0.004838067573 0.004788390826 0.004619073123 0.00452315947 0.004351733252 0.00422783196
186,loss@186.04 frag@235.05 frag@240.06 frag@293.09 frag@134.01 frag@212.06 loss@152.07 frag@433.19 frag@230.12 loss@295.1 frag@160.04 frag@157.96 frag@93.06 frag@366.16 frag@309.13 frag@161.04 frag@218.14 frag@160.97 frag@269.09 frag@167.13,0.2104841769 0.1173303351 0.1050394177 0.01802858151 0.00468550995 0.003270255169 0.002995828865 0.002835696097 0.002579297405 0.00247424026 0.002430026885 0.00236837077 0.002199292416 0.002157788957 0.002046684967 0.001924255746 0.001920502051 0.001697468804 0.001671035658 0.001638143091
187,loss@170.04 loss@164.04 loss@163.08 frag@155.07 frag@314.13 frag@136.07 frag@134.02 frag@154.05 frag@91.02 frag@147.09 frag@145.08 frag@160.05 loss@169.06 frag@309.14 frag@152.05 frag@125.04 frag@116.03 frag@174.1 frag@297.17 frag@160.02,0.1132891476 0.1028184816 0.1007559747 0.01562699489 0.008651347831 0.006975420751 0.006176671945 0.005410571583 0.005033556838 0.004782165866 0.004530438688 0.004430909641 0.004365582485 0.004116888158 0.004040453117 0.003919472452 0.003694041166 0.003641511314 0.003624469973 0.003545469372
188,frag@119.05 frag@109.06 loss@226.11 loss@218.09 frag@119.06 loss@219.04 loss@160.09 loss@189.03 loss@232.06 loss@213.03 loss@218.06 loss@215.14 loss@326.16 loss@261.05 loss@295.03 loss@268.07 loss@285.11 loss@222.18 loss@246.14 loss@264.05,0.3078128099 0.09974614531 0.04264050722 0.04220530763 0.0282375887 0.02683141828 0.02422505431 0.02020368353 0.01957881451 0.01903903112 0.01439233124 0.01427195501 0.01139932964 0.01063147653 0.008365483023 0.008085232228 0.007857414894 0.006127021275 0.006045558956 0.005612169392
189,frag@163.04 frag@117.03 loss@181.13 frag@145.03 loss@224.18 loss@354.09 loss@462.17 loss@336.08 loss@624.23 loss@478.17 loss@266.19 loss@479.2 loss@250.07 loss@641.25 loss@344.11 frag@135.04 frag@107.01 frag@125.06 loss@498.14 frag@139.04,0.2395686954 0.06512825936 0.03729564324 0.03588333726 0.03217284381 0.02980906703 0.02962558903 0.01998192817 0.01862248592 0.01677334122 0.01667406037 0.0125284344 0.009724752977 0.007942457683 0.007581157144 0.007294794079 0.006594805513 0.006518427283 0.005964813288 0.005163897295
190,loss@196.03 loss@214.1 frag@112.06 loss@185.12 frag@209.14 frag@384.2 frag@121.03 frag@110.02 frag@138.05 frag@83.03 frag@97.04 frag@130.04 frag@279.09 frag@141.03 frag@182.95 frag@178.07 frag@208.07 loss@177.11 loss@287.04 frag@130.03,0.1867162883 0.1049261093 0.06061890721 0.03125014901 0.0134661803 0.01244837418 0.01019677334 0.009834174998 0.009376210161 0.008405068889 0.008042196743 0.007193618454 0.00719308015 0.006546595134 0.006043151021 0.005814161152 0.005563595332 0.004542394541 0.004229187034 0.004161001183
191,loss@134.04 frag@205.08 frag@206.08 loss@556.18 loss@140.1 frag@219.1 frag@203.06 loss@67.04 loss@126.08 frag@171.06 loss@111.03 loss@83.04 frag@194.04 loss@132.03 loss@132.06 frag@345.12 loss@86.07 loss@113.01 frag@344.21 frag@232.09,0.2494260669 0.2372741103 0.1138376594 0.004153637681 0.003564574523 0.003047082573 0.002902079374 0.002901666332 0.002607389819 0.002554466715 0.002425686456 0.002357217716 0.00212032022 0.001919672941 0.001898091752 0.001895296853 0.001805379987 0.001770757255 0.001769575174 0.001751292264
192,loss@209.1 frag@164.07 frag@136.08 frag@108.08 frag@235.97 frag@230.12 frag@150.09 frag@84.09 frag@148.08 frag@207.98 frag@254.12 frag@231.12 frag@182.13 loss@183.08 frag@190.12 frag@228.03 frag@220.11 frag@229.11 frag@279.16 frag@109.07,0.2486770302 0.009836672805 0.006269811187 0.004802758805 0.004096003715 0.00401543919 0.003907269333 0.003789799055 0.003771700896 0.003613859182 0.003545867512 0.003324959194 0.00324613764 0.00317566446 0.002971260808 0.00284158811 0.00266580726 0.002603696194 0.002581194276 0.002498588292
193,loss@216.99 frag@200.97 loss@82.04 frag@218.98 frag@327.08 frag@96.07 loss@107.04 loss@386.01 frag@138.0 frag@54.03 frag@140.08 frag@53.0 loss@181.12 loss@156.15 frag@157.96 frag@151.1 frag@106.08 frag@246.07 frag@165.08 frag@284.14,0.1559356004 0.1329750866 0.1252768636 0.07739941776 0.02837257646 0.01966403984 0.0167834349 0.01311161648 0.00848929584 0.00400219718 0.00358189526 0.003438804764 0.0031983105 0.003112708218 0.002480247524 0.002445427934 0.002325579058 0.002188371494 0.002128440421 0.002087534405
194,frag@67.05 frag@85.06 frag@43.02 frag@97.06 loss@264.12 loss@284.08 loss@293.15 frag@79.05 loss@238.1 loss@314.13 loss@252.11 frag@81.07 frag@41.04 loss@212.15 loss@271.19 frag@95.09 frag@84.08 loss@185.11 loss@105.08 frag@110.1,0.2035526782 0.04900293797 0.04604260623 0.02195630595 0.01621210016 0.0127874678 0.01224075817 0.00781495776 0.007484687492 0.007440541405 0.006091219839 0.005986895412 0.005380569957 0.005311870947 0.005199538544 0.004832969978 0.004736859817 0.004681303632 0.004552332219 0.004471777007
195,frag@182.94 frag@94.04 frag@172.96 frag@182.96 frag@181.96 frag@162.02 loss@302.0 loss@240.14 frag@439.18 loss@261.09 loss@126.09 loss@406.06 frag@223.07 loss@228.94 loss@166.09 loss@137.07 loss@255.98 frag@283.05 loss@138.12 loss@193.01,0.1607403159 0.0941395089 0.05962669477 0.0230072625 0.01406860352 0.01405127998 0.01147365198 0.01023032889 0.006789515261 0.004559961613 0.004536910914 0.003579601878 0.003565261606 0.003387561068 0.003285165643 0.003197929356 0.003036345588 0.003020432778 0.002910996554 0.002897866303
196,loss@282.1 frag@199.04 loss@252.08 loss@323.16 loss@232.14 loss@198.13 loss@318.15 frag@139.08 frag@237.11 loss@316.22 frag@165.98 frag@191.07 frag@133.1 loss@312.11 frag@173.06 loss@260.18 frag@126.02 loss@292.18 frag@199.11 frag@61.03,0.07775889337 0.0735437274 0.04564614221 0.04085583612 0.04048898071 0.02335834503 0.02086393721 0.01537738182 0.0138504114 0.01084822882 0.01056147553 0.009992663749 0.009221445769 0.008024715818 0.007712893654 0.007612807676 0.007519079372 0.007268751506 0.007201380096 0.006275120191
197,frag@165.02 loss@286.04 loss@185.98 loss@146.18 loss@314.06 frag@208.04 loss@180.06 frag@144.96 loss@310.05 loss@325.02 loss@294.98 frag@150.01 loss@186.05 loss@85.04 loss@162.05 loss@344.05 frag@114.04 frag@138.01 loss@190.14 loss@653.12,0.2514891028 0.003356562229 0.002737751929 0.002322371118 0.002279628767 0.002159246244 0.002037078608 0.001969458768 0.001920123235 0.001899531111 0.001775461016 0.001685093506 0.001595611568 0.001511094277 0.001494391006 0.00148068741 0.001429857221 0.001346104895 0.001292609726 0.001275342423
198,loss@193.13 frag@315.14 frag@202.0 loss@329.12 frag@286.12 frag@170.08 frag@74.93 loss@159.09 frag@201.13 frag@327.14 frag@184.04 frag@179.12 loss@130.15 loss@120.09 frag@88.02 loss@278.11 frag@409.2 loss@142.15 loss@255.03 frag@227.09,0.1318222731 0.1039696634 0.074905321 0.04207280278 0.005501049105 0.00520071201 0.00392368203 0.003360270988 0.002816727618 0.002750739688 0.002697545802 0.002552199177 0.00226606708 0.002149157459 0.002098612022 0.001930417959 0.001912393258 0.001710207434 0.001689788885 0.001683201292
199,frag@157.06 frag@171.08 loss@230.05 loss@174.09 frag@128.06 loss@248.1 loss@295.07 loss@254.09 frag@155.06 loss@165.07 loss@196.04 loss@194.02 loss@115.08 loss@154.05 loss@147.1 loss@141.06 loss@200.11 frag@145.06 loss@289.07 frag@162.04,0.3153778911 0.004784571938 0.004379287828 0.002622497035 0.002533361549 0.00222744979 0.002198805101 0.002009654883 0.001809616922 0.001768611139 0.00172904809 0.001539447345 0.00150959217 0.001423573471 0.001404398819 0.001331750769 0.001297178096 0.001273627626 0.001267908723 0.001243022387
200,frag@149.11 loss@196.08 frag@169.02 loss@258.13 loss@240.05 frag@177.1 loss@202.01 frag@381.17 loss@187.06 loss@94.1 frag@260.14 frag@159.02 frag@139.05 frag@148.1 loss@302.2 frag@55.04 frag@154.05 frag@220.12 loss@241.06 frag@135.09,0.2116769403 0.2030841112 0.06339779496 0.04614254087 0.0263423752 0.01665496826 0.01425212249 0.01167487446 0.01016966347 0.009109291248 0.007034739479 0.00533388881 0.005125440657 0.003617463168 0.003497038968 0.003193337936 0.003073062748 0.00290426123 0.002888728399 0.002865957329
201,frag@124.08 loss@168.09 loss@182.11 loss@183.09 loss@210.1 loss@248.12 loss@251.13 loss@222.06 frag@55.02 loss@212.15 frag@166.09 frag@56.05 frag@112.08 loss@211.12 frag@84.08 frag@84.09 frag@123.06 frag@94.06 loss@224.1 frag@68.05,0.1879815161 0.04847415909 0.0477280505 0.03728596121 0.03468304873 0.02863831818 0.02674596012 0.01812911034 0.01480897889 0.01399372146 0.01302653272 0.01250717696 0.01046496723 0.01018330827 0.009513352066 0.008961307816 0.008720714599 0.008628820069 0.008519573137 0.007526936475
202,loss@227.13 frag@231.05 frag@129.03 frag@110.02 frag@176.11 frag@195.08 frag@133.03 frag@115.06 frag@463.24 frag@160.05 frag@302.09 loss@216.01 frag@160.04 frag@202.1 frag@261.97 frag@286.11 frag@43.02 frag@189.08 frag@83.08 frag@151.07,0.1755126566 0.0612218082 0.0257853251 0.004879238084 0.002384658204 0.002348259557 0.002148327883 0.002060377505 0.001858979696 0.001847628388 0.001698159729 0.00165445602 0.001575097558 0.001551365713 0.001483128872 0.001480459119 0.00141148211 0.00117091334 0.001157636521 0.001145479153
203,frag@152.07 frag@150.05 frag@176.08 loss@140.06 loss@161.06 loss@152.06 loss@163.03 loss@204.04 loss@192.05 loss@193.04 frag@141.14 loss@189.04 frag@134.08 frag@170.03 loss@205.04 frag@191.08 loss@137.05 frag@138.06 frag@288.14 frag@158.02,0.09430334717 0.08967211097 0.05433517694 0.05069683492 0.04214245826 0.0337121971 0.03034437634 0.02710566856 0.02589948475 0.02079363912 0.01965438202 0.01939696632 0.01579656638 0.01428506151 0.01192935556 0.01153405756 0.01057532616 0.0103862714 0.0088788094 0.008025122806
204,loss@113.08 frag@214.1 loss@86.07 frag@180.07 frag@218.05 frag@200.04 loss@103.1 loss@141.08 frag@278.1 frag@186.07 loss@100.09 loss@114.09 loss@128.09 frag@198.1 frag@269.13 loss@127.1 frag@205.05 frag@205.08 frag@280.11 loss@140.1,0.2148080021 0.1264534593 0.07849998772 0.04201928526 0.02677970938 0.01921604946 0.008905436844 0.007347514853 0.006198814604 0.006051259115 0.005961348768 0.005576591473 0.004947745707 0.004686700646 0.004496000241 0.004403070081 0.003938393667 0.003706681076 0.003700579517 0.003543297527
205,loss@138.07 frag@190.09 frag@161.06 frag@295.14 frag@176.07 frag@180.1 frag@267.05 loss@124.05 frag@184.1 frag@314.13 frag@165.09 frag@286.03 frag@220.09 frag@177.09 frag@175.06 frag@188.07 frag@170.98 frag@342.1 frag@337.15 frag@340.13,0.3013286293 0.007691200357 0.006891541183 0.006018152926 0.004907985218 0.004855495412 0.004549937788 0.00454185158 0.004270750564 0.004156652372 0.003623213386 0.003619000316 0.003294731956 0.002891319338 0.002799344482 0.002736488124 0.002696229378 0.002677273704 0.002598717809 0.00259684748
206,loss@265.07 loss@187.01 frag@273.06 loss@310.11 frag@122.94 frag@176.05 loss@261.06 loss@203.96 loss@110.06 frag@99.06 loss@259.0 frag@98.99 frag@124.04 frag@195.99 frag@293.14 frag@353.09 loss@189.16 frag@56.05 loss@246.07 frag@328.11,0.09925561398 0.0484656319 0.01751158573 0.01387156546 0.005636898335 0.005591356661 0.004970385227 0.004610117525 0.004472872708 0.004063785542 0.003857301548 0.003821257968 0.003521178849 0.00334770442 0.00324274064 0.003172534052 0.003075559391 0.002884828718 0.002844595816 0.002797213383
207,frag@100.02 loss@128.05 frag@190.03 frag@57.04 loss@127.08 loss@339.11 loss@369.18 frag@73.04 frag@44.98 frag@67.04 loss@157.07 loss@102.03 loss@77.04 loss@171.0 frag@72.0 loss@116.05 frag@54.03 frag@73.01 loss@101.02 frag@169.02,0.1424432397 0.1098774895 0.0396194756 0.0196017772 0.01698536426 0.01540267002 0.01178672258 0.009981614538 0.008792716078 0.007990848273 0.006413976196 0.00486708479 0.004614428617 0.004481220618 0.004471431486 0.004195265006 0.004112652037 0.003817437682 0.00371512468 0.003524053609
208,loss@169.03 loss@197.02 loss@212.05 loss@152.0 loss@237.07 frag@125.01 frag@125.02 loss@141.03 frag@163.02 frag@139.03 frag@190.05 frag@75.03 frag@84.99 frag@145.09 frag@220.13 frag@48.8 frag@129.02 frag@292.13 frag@160.11 loss@184.04,0.1880465746 0.05336808786 0.03479185328 0.021572778 0.01543858461 0.01061171386 0.009436801076 0.009261857718 0.008752657101 0.008072809316 0.007359841373 0.006253091618 0.006034931168 0.005857972894 0.0041633402 0.003715262981 0.003679208457 0.003670128295 0.003665266791 0.003646328347
209,loss@165.08 loss@179.09 frag@256.14 frag@180.1 frag@119.06 frag@135.08 frag@166.09 frag@46.24 frag@163.02 frag@145.04 frag@133.06 frag@207.98 frag@199.02 frag@133.07 frag@309.16 frag@187.12 frag@177.04 loss@207.09 frag@146.07 frag@109.06,0.2233484983 0.1215015128 0.05177474022 0.0254193563 0.02476000413 0.02238706686 0.0214998275 0.01779310405 0.01376459934 0.01248272415 0.0120839905 0.01108115539 0.01079150755 0.01019244548 0.009103450924 0.008762989193 0.008464449085 0.007736017462 0.007142341696 0.006667917129
210,frag@121.04 loss@191.11 frag@79.04 frag@93.04 frag@78.03 frag@135.05 loss@208.08 loss@309.06 frag@120.06 frag@95.06 loss@173.1 frag@347.19 frag@51.02 frag@132.06 loss@122.05 loss@200.02 frag@253.1 loss@193.09 frag@81.04 frag@135.06,0.2465087026 0.2215865254 0.02254880778 0.02177408338 0.005855061114 0.005069911946 0.004838703666 0.004485695623 0.004462088924 0.004453028087 0.004397837445 0.004257137887 0.003439601045 0.003427380696 0.00334826787 0.003346683225 0.00334096211 0.0032280921 0.003031828208 0.003016917966
211,loss@252.05 frag@73.06 loss@170.13 loss@227.17 frag@247.13 frag@83.09 frag@69.07 frag@111.12 frag@183.06 loss@272.05 frag@327.14 frag@55.05 frag@67.05 frag@196.12 frag@322.08 loss@275.17 frag@264.03 frag@239.21 loss@276.13 frag@366.15,0.144805029 0.1177030951 0.06808371842 0.03889209405 0.03611918911 0.01386653911 0.00461039925 0.003701194189 0.002652012045 0.002536938293 0.002532721264 0.002436136827 0.002298956737 0.002268761862 0.0022223657 0.002167896135 0.002143298741 0.002132273978 0.002105365973 0.002033131896
212,frag@159.09 loss@333.21 loss@142.11 frag@158.08 loss@347.17 frag@160.1 frag@170.06 loss@183.02 loss@174.08 loss@299.14 frag@146.08 loss@174.07 loss@182.02 frag@173.11 frag@178.09 loss@188.07 loss@232.13 loss@262.99 loss@186.08 frag@185.07,0.284737885 0.01236304268 0.01085984893 0.009360102005 0.008784380741 0.007332327776 0.006379264407 0.004319790751 0.003765758825 0.003628197825 0.003508155467 0.003471153788 0.003268155502 0.003154732054 0.003154273145 0.003146752948 0.003097037785 0.002988735214 0.002977347467 0.002932998352
213,loss@45.06 frag@46.07 frag@290.07 frag@302.07 loss@345.98 frag@141.98 loss@210.01 frag@211.12 loss@395.14 frag@197.0 frag@413.2 frag@231.02 frag@350.19 frag@419.11 loss@102.06 frag@291.11 frag@378.19 frag@256.18 frag@197.03 frag@183.04,0.2338647395 0.05892343819 0.04049030319 0.02405533567 0.02286923863 0.02160858922 0.01718409359 0.007914107293 0.007860143669 0.00644014217 0.005430456251 0.004414014053 0.003566328669 0.003162679262 0.003087684512 0.002963044681 0.002957683289 0.002948971698 0.002576537197 0.002425915329
214,frag@181.1 frag@166.08 loss@212.14 frag@175.11 loss@153.12 loss@293.19 loss@255.07 loss@195.1 loss@197.12 frag@171.04 frag@165.07 loss@214.13 loss@290.12 loss@236.11 loss@252.13 loss@251.12 loss@188.12 loss@289.12 loss@457.15 loss@229.13,0.1771114469 0.1546338201 0.05189152434 0.03992480412 0.01474081539 0.01425363123 0.005674717482 0.005563069135 0.005037998315 0.004595770501 0.003641485702 0.003430757672 0.00328128133 0.003203769913 0.003085260978 0.003010622226 0.002964745509 0.00286630285 0.002621797845 0.002535857027
215,frag@125.01 loss@190.09 loss@214.11 loss@206.06 loss@199.05 loss@280.1 loss@369.04 loss@224.05 loss@262.04 loss@260.06 loss@191.08 loss@228.0 loss@199.07 loss@256.02 loss@198.08 loss@311.08 frag@135.1 loss@244.1 frag@139.03 loss@203.1,0.4195889831 0.06282597035 0.05789550021 0.05105923489 0.0340683572 0.02086885273 0.01729173027 0.009731991217 0.009713010862 0.008758259937 0.007419603877 0.007385062985 0.006843034178 0.005841948558 0.005276683718 0.004727580585 0.003663575044 0.003538967809 0.003375610337 0.003035394009
216,loss@258.1 loss@269.07 loss@280.11 loss@230.1 frag@138.09 loss@279.1 frag@235.97 frag@101.11 frag@147.08 frag@130.12 loss@246.1 frag@269.1 frag@413.16 frag@220.06 frag@141.05 frag@164.14 frag@87.03 frag@309.16 frag@84.04 frag@183.11,0.1022054777 0.03287155926 0.02560847811 0.02002707869 0.01437246241 0.01429122593 0.01326609589 0.01276440918 0.01065635961 0.009765102528 0.009223994799 0.009098224342 0.007610112894 0.007513515186 0.00742832059 0.006865846459 0.006438545417 0.006379219703 0.006186071783 0.005814705975
217,frag@241.14 loss@128.99 loss@216.03 loss@87.06 frag@243.16 loss@189.99 frag@166.0 loss@169.0 frag@110.01 frag@53.0 frag@136.02 frag@188.11 frag@245.09 frag@173.08 frag@304.1 loss@213.05 loss@258.17 loss@238.15 frag@163.05 frag@90.03,0.1359227449 0.1130613312 0.09117385 0.01540041529 0.007116102148 0.003509867704 0.003433960723 0.003375242697 0.002793170046 0.002774651628 0.002599346451 0.002237521112 0.001827783184 0.001814710675 0.00174683542 0.001612952445 0.001514280215 0.001512463321 0.001459704712 0.001424288377
218,loss@162.07 frag@167.13 frag@135.08 frag@259.14 frag@121.03 frag@180.04 frag@159.08 frag@207.98 frag@332.06 frag@337.15 frag@150.07 frag@319.16 frag@122.1 loss@177.11 frag@145.06 frag@133.06 frag@146.07 frag@314.13 frag@240.12 frag@121.06,0.3112380505 0.1294248551 0.01996304654 0.01214942988 0.008849032223 0.008115904406 0.00708922511 0.006067727227 0.005381699186 0.004215057939 0.004089763854 0.003980415408 0.003693253966 0.00349853118 0.00349851721 0.003175154328 0.003048757091 0.003046580125 0.002861734014 0.002861490706
219,frag@159.04 frag@261.08 loss@147.11 frag@141.05 frag@207.07 loss@462.15 loss@264.1 frag@264.07 frag@110.02 loss@303.09 frag@161.99 frag@216.1 frag@122.04 frag@107.01 loss@367.15 loss@239.08 frag@167.03 frag@184.14 frag@217.1 loss@173.1,0.06667278707 0.0354138501 0.01988943852 0.004712280817 0.004498666618 0.002272785408 0.002022800501 0.001934202854 0.001868841937 0.00181247748 0.001746521564 0.001688701683 0.001678208704 0.001678171218 0.001604682067 0.001602427685 0.00154654542 0.001521096332 0.00149014499 0.001486609108
220,loss@181.06 loss@180.05 loss@195.07 frag@385.13 loss@255.08 frag@149.11 frag@113.01 frag@151.06 frag@51.02 frag@184.03 frag@109.01 frag@144.06 frag@246.06 frag@116.03 frag@97.01 frag@89.07 frag@192.02 frag@248.1 frag@135.06 frag@149.04,0.1173508912 0.09485626966 0.08855111897 0.02674303949 0.02301003411 0.01768641546 0.01401724201 0.009067813866 0.007901711389 0.007587201893 0.00753342174 0.00683719432 0.00562599441 0.005335461348 0.005160588305 0.005126727279 0.005089288112 0.005033793859 0.005012813956 0.00482201064
221,frag@156.01 frag@291.11 frag@260.07 loss@125.06 loss@111.03 loss@185.07 loss@141.04 frag@228.03 loss@154.04 loss@119.06 loss@115.03 loss@200.03 loss@88.02 frag@263.08 loss@194.0 frag@245.11 loss@116.05 loss@155.06 loss@237.22 loss@259.06,0.2232081592 0.06226723269 0.01052311808 0.00719103124 0.006038054824 0.006034946069 0.004717529286 0.004685888533 0.003987361211 0.003984907642 0.003964107949 0.003703912022 0.003550088732 0.00347362156 0.00330955605 0.003207899863 0.002774344292 0.002410551533 0.002357186051 0.002297474304
222,loss@228.01 loss@149.01 loss@257.05 loss@382.15 frag@212.96 loss@340.05 frag@241.02 frag@400.15 frag@150.04 frag@114.06 frag@148.02 frag@220.1 frag@143.04 frag@222.08 frag@198.94 frag@214.11 frag@145.09 frag@192.06 frag@228.07 frag@137.07,0.1098309159 0.09426977485 0.02236600965 0.01189303026 0.007789413445 0.007387734018 0.005196358077 0.00471463846 0.004565801471 0.004328440875 0.003877379233 0.00377763249 0.003720238106 0.002897904953 0.002889914904 0.00255167298 0.002429262735 0.002360205399 0.002208775375 0.002163384808
223,loss@245.05 frag@60.06 loss@255.02 loss@215.97 loss@326.12 frag@81.03 loss@319.98 loss@280.06 loss@256.97 frag@232.13 loss@239.16 frag@189.14 frag@166.05 loss@272.02 frag@208.04 frag@239.04 loss@227.07 frag@113.06 frag@445.14 frag@227.04,0.07829385996 0.06160462275 0.02969809808 0.0225823205 0.02002658509 0.01644463092 0.01291530859 0.009177318774 0.008827921934 0.007078311406 0.006723640952 0.006475078873 0.005678244866 0.005568465218 0.005514687393 0.004172302783 0.004067497328 0.003892377019 0.003805237589 0.003736537416
224,frag@165.08 frag@218.1 loss@278.14 loss@183.11 frag@108.06 loss@224.14 frag@327.08 loss@240.16 loss@189.14 loss@202.99 frag@208.13 frag@463.24 frag@110.07 loss@225.17 loss@249.14 loss@251.15 loss@287.11 loss@262.14 loss@195.13 loss@266.12,0.1176361591 0.08080120385 0.06927829981 0.03378876671 0.01800312102 0.0132394759 0.01054957882 0.009442445822 0.00916073937 0.009040510282 0.008512157947 0.00551453419 0.004069355316 0.004016753752 0.003767089685 0.00332823093 0.003205157351 0.003108372446 0.003093286185 0.003026400227
225,loss@132.04 frag@135.07 frag@164.09 loss@131.06 loss@149.07 frag@121.05 frag@150.08 frag@126.07 loss@116.05 frag@137.05 loss@159.05 frag@291.1 loss@175.05 loss@130.09 frag@166.07 frag@180.09 frag@112.05 loss@133.07 frag@162.08 loss@173.04,0.1261844933 0.09471462667 0.04439854622 0.04436615482 0.04413502291 0.04006028175 0.03595918417 0.03376458958 0.03325325251 0.02392788418 0.01858293079 0.01847744919 0.01691804826 0.01359626278 0.01243234146 0.01192957535 0.01148328651 0.01122443471 0.01024248544 0.008291642182
226,frag@134.06 frag@162.05 loss@184.06 loss@157.05 loss@164.03 loss@176.02 loss@232.05 loss@189.05 frag@106.06 frag@144.04 frag@220.06 frag@177.04 loss@176.1 loss@193.1 loss@110.01 frag@105.06 loss@145.1 loss@215.14 frag@118.06 loss@234.07,0.2268571258 0.08091054112 0.03881832212 0.03701584041 0.0280380249 0.02741782181 0.02313153632 0.0229922533 0.02219120972 0.01494826004 0.01117798593 0.01106964145 0.01021637209 0.006800835021 0.006196950097 0.005899846554 0.005805877503 0.005644055549 0.005217253231 0.005207308568
227,frag@178.1 loss@244.08 loss@139.07 loss@251.2 loss@305.16 frag@71.03 loss@183.14 loss@178.07 loss@206.12 loss@153.03 frag@212.12 frag@256.96 loss@320.1 loss@289.07 loss@284.1 loss@311.07 frag@135.09 loss@202.12 loss@361.13 loss@109.98,0.3442124724 0.1986105293 0.01904517412 0.01064695232 0.00717569422 0.00629923353 0.005583867896 0.00533431815 0.00444084825 0.004361338448 0.004164498299 0.003724039299 0.003493227297 0.0030586496 0.002984224819 0.002919357736 0.00288232998 0.00283928588 0.002837774111 0.002823209623
228,loss@235.05 loss@174.06 loss@212.11 loss@196.05 frag@125.0 frag@97.04 frag@110.99 frag@267.06 loss@196.01 frag@168.96 frag@90.05 frag@187.07 frag@347.15 loss@212.1 frag@180.05 frag@165.02 frag@163.02 frag@111.0 frag@314.13 frag@222.95,0.0939206332 0.08254861832 0.08036262542 0.06138765067 0.01567342691 0.008753606118 0.007754194085 0.006499163341 0.005553210154 0.005329699256 0.004894889891 0.004696052521 0.00440500211 0.004099898972 0.003740678774 0.003660614602 0.003478595521 0.003085071687 0.00305739441 0.002953687217
229,frag@138.09 loss@234.06 loss@276.1 frag@208.12 loss@265.08 loss@238.17 frag@120.07 loss@207.04 frag@207.98 frag@142.12 loss@289.14 frag@112.11 frag@318.18 loss@290.07 loss@256.12 loss@282.08 loss@251.08 loss@78.1 frag@124.11 loss@298.1,0.2469168603 0.1487805247 0.06903191656 0.0637261942 0.02317465283 0.006484653801 0.005755087826 0.004404823296 0.00405636197 0.004055302124 0.003945759498 0.003503981512 0.003402683651 0.003366256598 0.003334413981 0.003104065312 0.002831883496 0.002815916203 0.002694713417 0.002589425305
230,loss@124.05 loss@152.05 frag@129.03 frag@291.09 frag@295.14 frag@286.03 frag@139.04 frag@239.07 frag@211.05 frag@160.02 frag@194.05 frag@115.04 frag@346.07 loss@139.08 frag@185.97 frag@150.04 loss@237.01 frag@191.03 frag@173.09 frag@241.05,0.1916954666 0.1240879521 0.08910377324 0.02064636163 0.01944570057 0.0188141223 0.01152869035 0.007831764407 0.006890668068 0.006350108422 0.004044981673 0.003980041482 0.003334069159 0.003331518499 0.003231844865 0.003080408787 0.00282323733 0.002543894341 0.002477436792 0.002360329498
231,loss@230.99 loss@191.02 frag@115.06 frag@448.16 frag@124.04 frag@93.03 frag@201.05 frag@54.03 frag@136.08 frag@171.04 frag@98.05 loss@157.02 loss@108.02 frag@140.03 frag@127.01 frag@99.06 frag@60.48 frag@182.96 frag@328.11 frag@224.06,0.1183980405 0.07653608918 0.01025018934 0.00844950974 0.006671776995 0.005287881009 0.00473634759 0.00417113537 0.003858191893 0.003754721722 0.003666250734 0.003550342517 0.003355780151 0.00315889786 0.003005879233 0.002953203395 0.002885614987 0.002884461079 0.002709920052 0.002667981433
232,frag@199.1 frag@204.03 frag@227.08 frag@273.17 frag@186.02 loss@169.16 frag@206.04 frag@233.08 frag@214.13 loss@317.15 loss@187.16 frag@263.11 frag@206.12 frag@193.11 loss@356.07 frag@324.15 frag@210.02 frag@204.15 frag@288.13 frag@337.17,0.01015493833 0.005850195419 0.00520336628 0.004951338284 0.004770244006 0.004757528193 0.004651363473 0.004474969115 0.00445809681 0.004323244095 0.00421939278 0.004158604424 0.004078621045 0.004071926232 0.004007822834 0.003768649884 0.00372835109 0.003588438267 0.003437183565 0.00336771924
233,loss@206.07 frag@115.03 frag@206.06 frag@321.1 frag@178.06 frag@114.04 frag@190.05 loss@204.05 loss@224.08 frag@163.05 frag@231.15 loss@194.06 loss@211.03 frag@73.01 loss@247.1 frag@88.02 frag@101.02 frag@160.11 frag@252.15 loss@162.01,0.2213549018 0.1577726901 0.07394706458 0.01145397965 0.006182483863 0.005506612826 0.004396487027 0.003477809485 0.00323476526 0.002973050578 0.002929694718 0.002713881899 0.002575396327 0.00243538362 0.002352728043 0.002067428548 0.002023819601 0.001957334578 0.001943572774 0.001832155278
234,frag@117.07 frag@129.07 frag@115.05 frag@128.06 loss@211.1 loss@198.09 loss@178.04 frag@145.06 loss@376.13 loss@226.12 loss@225.12 loss@200.09 loss@256.1 frag@147.08 frag@141.07 loss@266.07 frag@199.02 loss@226.04 loss@174.04 frag@116.06,0.1072063223 0.1002284959 0.09163697064 0.04923847318 0.03816852719 0.02939088456 0.02787647955 0.02240864187 0.01870476454 0.01530898735 0.011684075 0.009190162644 0.007758623455 0.007461028174 0.007193665951 0.006881676149 0.006007278338 0.005931329448 0.005495442543 0.005437272135
235,frag@130.03 frag@130.04 frag@184.06 frag@86.99 loss@262.12 loss@216.09 frag@224.04 loss@225.13 loss@177.11 loss@178.07 loss@211.04 frag@120.04 loss@185.04 frag@364.13 loss@218.11 loss@214.1 frag@112.06 loss@191.11 loss@161.0 loss@205.09,0.2137262821 0.1048055664 0.02327936701 0.01613209769 0.01338640414 0.005402479321 0.005280453712 0.0044602626 0.004326637834 0.004192969296 0.004049796611 0.004039161839 0.003800830804 0.002675701631 0.002374579431 0.002347953385 0.002325183013 0.002100486076 0.002085095271 0.002074798569
236,frag@181.05 loss@112.05 frag@91.04 frag@109.03 loss@556.18 frag@43.02 frag@127.04 frag@97.06 frag@53.0 frag@181.04 loss@182.06 loss@110.06 loss@213.14 loss@304.05 frag@113.06 frag@205.06 frag@79.02 frag@145.05 frag@178.06 loss@79.1,0.2147757858 0.1622112691 0.05913452804 0.008300224319 0.005044293124 0.004826056305 0.004665153101 0.00444671046 0.004387572408 0.003336464753 0.003244059859 0.003177972278 0.003126152093 0.002756952541 0.002610423369 0.002577582374 0.002539308975 0.002451304346 0.00223592855 0.00213034777
237,frag@151.07 frag@108.06 loss@273.07 loss@257.09 frag@261.17 frag@166.09 frag@261.97 loss@287.11 loss@259.04 loss@387.15 loss@198.11 loss@266.17 frag@332.06 frag@152.08 frag@302.22 loss@214.04 frag@138.06 frag@136.05 loss@248.13 loss@248.07,0.2284274697 0.003076512599 0.002395854332 0.0021786422 0.002064747969 0.001994088525 0.001736747217 0.001698318869 0.001688704477 0.001614976209 0.001576663577 0.001558582415 0.001511408133 0.001472216216 0.001437930041 0.001416029874 0.001415032311 0.001329018385 0.001291034627 0.0012340307
238,frag@97.08 frag@88.04 loss@229.01 frag@55.03 frag@82.04 loss@97.98 loss@161.96 frag@69.06 loss@214.05 loss@327.03 loss@247.06 loss@113.01 loss@242.05 loss@244.01 loss@223.04 loss@192.16 loss@146.18 loss@129.01 loss@229.05 frag@53.0,0.2609884739 0.037596412 0.03126461431 0.0130336713 0.01230319962 0.007087124512 0.006532462314 0.006371750031 0.005854764953 0.005730902776 0.004860211164 0.004582280759 0.003960957751 0.003826610977 0.00302252057 0.003011305584 0.002888963791 0.002621896099 0.00258439919 0.002571402816
239,frag@208.02 loss@135.09 frag@206.07 frag@190.02 frag@225.99 frag@191.06 frag@309.09 frag@216.14 frag@312.09 loss@347.09 loss@220.14 frag@175.11 loss@144.07 loss@136.1 frag@193.09 frag@194.08 frag@67.02 frag@208.11 frag@173.05 loss@255.07,0.1383706331 0.1304582208 0.01385251712 0.01295719948 0.003287623404 0.00272105285 0.002470474225 0.002297444735 0.002250884892 0.002045618137 0.002031692769 0.002005504444 0.001898552408 0.001882371609 0.001880108495 0.001838094089 0.001792213065 0.001773149008 0.001737556187 0.00173487619
240,loss@164.11 frag@165.11 frag@191.13 loss@185.1 frag@163.1 frag@177.11 frag@201.11 loss@184.1 loss@233.16 loss@300.14 loss@156.07 frag@136.09 frag@136.08 frag@175.1 frag@148.09 loss@166.12 loss@190.09 frag@122.07 loss@139.1 frag@164.11,0.1059759259 0.08502934873 0.0587047562 0.04129554704 0.03913661838 0.03768850118 0.03064033017 0.02823087014 0.01698320732 0.008733702824 0.007558993995 0.007111802697 0.005939371418 0.005096137058 0.004622763023 0.004470045678 0.003859670367 0.003854406066 0.0038085985 0.003239490092
241,loss@280.09 loss@247.0 frag@326.18 frag@147.03 frag@114.0 frag@166.09 frag@241.02 frag@163.99 frag@70.04 frag@153.08 frag@274.01 frag@287.09 frag@101.02 frag@87.03 frag@159.1 frag@202.0 frag@57.99 loss@262.08 frag@41.04 frag@231.15,0.2669049501 0.0405847542 0.008302217349 0.004959939513 0.004311122 0.003844872816 0.003268683562 0.003184563015 0.003067889484 0.002981194761 0.00259816437 0.002383762039 0.002275711857 0.002245804761 0.002235971857 0.002095051575 0.002065685811 0.001936422661 0.001934431493 0.001904060482
242,frag@148.07 loss@198.03 loss@309.06 frag@123.01 frag@332.06 loss@135.03 frag@56.96 frag@163.02 frag@211.98 loss@186.99 loss@212.05 frag@135.03 frag@231.12 frag@336.08 frag@146.07 loss@138.07 frag@139.02 loss@200.05 loss@218.03 loss@226.05,0.1737223566 0.1016398221 0.05767095089 0.02322009578 0.01158243511 0.00828090217 0.004642610904 0.003733238438 0.003569148248 0.003548224457 0.003411799204 0.003130944213 0.003121767193 0.002997793723 0.002943489235 0.002750781598 0.002586852759 0.002326013055 0.002258714288 0.00182579644
243,frag@151.05 loss@159.11 loss@341.21 loss@171.13 loss@181.09 loss@176.07 frag@266.06 loss@165.07 frag@172.97 loss@248.1 frag@201.04 loss@213.14 loss@192.05 frag@233.13 loss@147.1 loss@176.08 loss@295.07 loss@144.09 loss@188.12 frag@136.03,0.3776572049 0.1199384928 0.01827401668 0.01555233076 0.006608284544 0.004349273164 0.004034783226 0.003457571846 0.003386847209 0.003371330909 0.003356086789 0.003247694811 0.003037024755 0.002967205364 0.002851999132 0.002516592387 0.002387135522 0.002304506022 0.002190891886 0.002173894085
244,loss@69.03 loss@184.09 loss@280.06 frag@70.04 frag@57.04 frag@254.15 frag@232.14 frag@156.02 frag@98.05 loss@244.04 frag@150.06 frag@55.03 frag@127.0 frag@68.01 frag@276.01 loss@58.01 frag@97.05 frag@245.08 frag@140.06 frag@169.96,0.1723410636 0.09888149053 0.06406664848 0.06297189742 0.0568975918 0.04747180268 0.04492868856 0.04340225831 0.02604238503 0.006356967613 0.006055983249 0.005689886399 0.0050794743 0.004560664296 0.004511926789 0.004470689688 0.004430385306 0.004230726045 0.003564773127 0.003411126556
245,frag@332.06 frag@211.98 frag@211.01 frag@240.12 frag@233.14 frag@200.08 frag@133.06 frag@276.16 frag@123.08 loss@214.12 frag@57.03 frag@187.98 frag@148.04 loss@171.08 loss@333.21 frag@144.07 frag@231.12 loss@196.04 frag@318.05 frag@94.05,0.04542027786 0.003541186918 0.002497841371 0.00241089589 0.002316272119 0.002253190614 0.002141129225 0.002002020366 0.001763652661 0.001735292492 0.001702499227 0.001478378777 0.00143355201 0.001404320239 0.001398968277 0.00139877724 0.00125865126 0.001247509848 0.001245840802 0.001237271121
246,loss@154.11 frag@157.03 frag@112.09 frag@350.13 frag@174.03 loss@169.12 frag@114.0 frag@116.07 frag@139.02 loss@372.09 frag@263.15 frag@233.13 frag@239.21 frag@70.07 frag@150.13 frag@143.02 frag@349.13 frag@110.1 loss@184.12 frag@353.09,0.2790509164 0.02092910931 0.01495519839 0.00991839543 0.00793730747 0.007531350479 0.007309903391 0.005810287781 0.005242011975 0.0045463969 0.00433384208 0.003911287989 0.00376367732 0.003509741044 0.003358029062 0.003256672295 0.003104872769 0.002974413335 0.002958018798 0.002936413512
247,frag@158.98 loss@143.02 loss@70.05 loss@319.12 loss@176.99 loss@385.14 loss@159.06 loss@341.11 loss@185.96 loss@170.93 loss@231.95 frag@296.11 loss@292.15 loss@338.15 frag@275.12 loss@142.03 loss@147.1 loss@353.09 frag@295.12 frag@349.07,0.3502481878 0.05402646959 0.04847661033 0.0406730324 0.01991799846 0.01513406727 0.01281696465 0.01133297943 0.008342881687 0.00680054957 0.005774450488 0.004729378968 0.003862939309 0.003788343864 0.00377091649 0.003211972304 0.002821469912 0.002672264352 0.002456813352 0.002289950615
248,loss@128.08 frag@189.02 frag@221.07 loss@258.05 loss@123.07 frag@220.07 loss@292.07 loss@147.04 loss@169.11 frag@161.01 frag@252.04 loss@102.06 frag@202.08 loss@154.9 loss@136.08 loss@111.07 frag@204.07 frag@56.96 loss@240.03 loss@84.0,0.2407146841 0.1668440253 0.1223303527 0.007746045012 0.005972458981 0.005798443221 0.004399185069 0.003386863274 0.00314024929 0.002825471107 0.002619843232 0.002281278372 0.002267770935 0.002216928871 0.002007983159 0.001943273935 0.001901994459 0.001862265868 0.001851712004 0.001807623776
249,loss@259.11 frag@74.1 frag@223.02 loss@271.06 loss@344.07 loss@113.01 frag@84.09 frag@181.06 frag@179.09 loss@287.09 frag@292.08 frag@42.03 frag@98.02 frag@251.15 frag@84.08 loss@214.14 frag@241.11 frag@166.0 frag@223.97 frag@169.17,0.1969721615 0.05256534368 0.04053394496 0.01932440884 0.0174348969 0.002873060759 0.002579466673 0.00247246027 0.002018728061 0.001912374981 0.00186924031 0.001850201166 0.001839936594 0.001834297786 0.001792055438 0.001728505129 0.00157109322 0.001565219252 0.00148739398 0.001484161126
250,loss@150.05 frag@69.0 frag@220.09 loss@120.04 loss@79.93 loss@107.92 loss@78.92 loss@112.01 loss@40.01 frag@183.03 loss@182.0 loss@106.91 frag@255.09 frag@250.11 frag@182.05 loss@36.02 frag@222.98 frag@150.01 frag@61.01 frag@152.95,0.1022899747 0.08776094019 0.06597552449 0.06298910081 0.04857617244 0.03607217968 0.0306628868 0.0174971167 0.0171494633 0.01644922234 0.01123114768 0.01038128138 0.008306958713 0.007733011618 0.006681108847 0.006337415893 0.005602295976 0.00556164654 0.005452057347 0.005158400163
251,loss@187.03 loss@216.01 frag@160.04 frag@170.08 frag@190.04 frag@237.0 frag@138.01 frag@144.06 frag@267.05 frag@171.01 frag@151.03 frag@44.98 frag@157.96 loss@111.11 frag@281.14 frag@154.03 frag@351.18 frag@134.08 frag@156.98 frag@153.01,0.2367033511 0.05856819078 0.01009260118 0.007432718296 0.007317023352 0.004785701167 0.004565622658 0.00439583417 0.00313569163 0.002795537701 0.002790929051 0.002754863584 0.002444582293 0.00238652993 0.002349985763 0.002320480999 0.002223046264 0.002113569295 0.002001138404 0.001892692177
252,loss@179.11 loss@161.1 loss@193.08 frag@318.16 frag@163.09 frag@95.06 loss@235.17 frag@180.12 frag@87.07 frag@135.05 frag@135.09 frag@138.1 frag@69.04 frag@96.04 frag@150.06 frag@162.0 loss@183.99 loss@178.11 frag@190.1 frag@121.04,0.225235492 0.06456608325 0.04724862799 0.03282854706 0.02747837268 0.02305129357 0.01322336402 0.01178171579 0.01135859173 0.01111649349 0.01058595721 0.009606276639 0.008844569325 0.00775741227 0.007377881091 0.006865433883 0.006503751036 0.006303140428 0.005927733611 0.005880341865
253,frag@165.07 frag@167.09 loss@151.1 frag@152.06 frag@166.08 loss@257.17 loss@401.19 loss@159.06 loss@214.13 loss@153.09 loss@276.16 loss@181.09 loss@174.14 frag@180.08 loss@416.17 loss@156.14 loss@182.1 loss@221.13 loss@268.12 loss@207.11,0.1599647403 0.1400481761 0.09379059821 0.05564067885 0.02619513869 0.02048061416 0.01877569407 0.01636861451 0.008278214373 0.004976542201 0.00428116601 0.004094560165 0.004088358022 0.003713833168 0.003459829837 0.003254501848 0.002730602166 0.002659534803 0.002593542682 0.002553076716
254,frag@215.12 loss@278.11 loss@289.11 loss@290.12 loss@234.12 loss@331.09 loss@263.14 frag@218.15 loss@303.14 frag@208.12 frag@330.12 frag@207.98 frag@159.09 frag@246.15 frag@58.06 frag@138.09 loss@327.11 frag@111.05 loss@234.04 frag@73.06,0.05599779636 0.05490243435 0.04821150377 0.03669591993 0.03486351669 0.0211861413 0.02056639642 0.01730295271 0.01327090338 0.01056904159 0.009748633951 0.008561083116 0.008362622932 0.00742153544 0.00687531475 0.006733354181 0.006497816648 0.005583456717 0.00508192461 0.004318191204
255,frag@112.04 loss@156.07 frag@139.99 loss@163.02 loss@138.06 loss@138.01 frag@138.04 loss@232.02 frag@166.03 frag@184.04 frag@211.07 loss@272.09 loss@162.12 frag@168.06 frag@244.11 loss@136.03 loss@108.04 frag@181.02 loss@216.02 loss@178.99,0.2020433843 0.07976028323 0.05931392312 0.05855897442 0.03997665644 0.02816402167 0.01511076931 0.01502285991 0.01382349618 0.01318812184 0.01277511287 0.0114158038 0.01081515476 0.01062308904 0.009976413101 0.006679596379 0.005046950653 0.004557144828 0.004357561469 0.004354001954
256,loss@158.11 frag@162.0 loss@130.11 frag@113.08 loss@158.14 frag@217.13 frag@175.07 frag@260.1 loss@263.12 frag@291.12 frag@234.12 frag@320.12 loss@328.03 loss@284.14 frag@169.09 loss@259.15 frag@181.1 frag@351.15 frag@257.11 frag@215.1,0.2125732452 0.08640623093 0.07873375714 0.07787437737 0.07186999172 0.04251216725 0.04176822677 0.01413435489 0.01123563666 0.007398434915 0.007070187014 0.006763807032 0.00643210439 0.005234357901 0.00513544539 0.005083198193 0.005044673104 0.004891340155 0.004008332733 0.003934810404
257,loss@220.1 frag@191.12 loss@276.09 loss@276.18 frag@138.05 frag@122.1 frag@167.98 frag@150.1 frag@163.09 loss@210.11 frag@220.02 frag@163.01 frag@115.01 frag@101.02 frag@122.08 frag@59.03 frag@191.05 frag@109.08 frag@84.09 frag@323.08,0.2645137608 0.07492212951 0.04717025906 0.009173869155 0.009143448435 0.008307003416 0.007734672632 0.007317312993 0.006170748267 0.005755853839 0.005110578611 0.005010370631 0.004469363019 0.00366289448 0.003468848765 0.003445969662 0.003336255206 0.003180337604 0.003101848299 0.003053812543
258,frag@159.04 loss@147.11 frag@141.05 loss@260.09 loss@367.15 loss@215.06 loss@306.15 loss@182.08 loss@188.1 loss@187.09 loss@239.08 loss@258.15 loss@188.07 loss@277.09 loss@303.09 loss@220.08 loss@170.05 loss@462.15 loss@208.11 loss@279.1,0.3830898702 0.0335018225 0.01179292239 0.009064461105 0.004078907892 0.003892082023 0.003121626563 0.002894480247 0.002686304972 0.002399148419 0.002381317085 0.002277394058 0.002227169694 0.002182122553 0.002097261371 0.002038537059 0.002026562579 0.002020395361 0.001906382153 0.001892936183
259,frag@202.1 frag@204.11 loss@212.08 loss@261.13 loss@296.15 loss@161.11 frag@463.24 loss@342.09 loss@182.07 loss@188.08 frag@160.09 loss@206.12 loss@167.09 frag@311.14 loss@199.08 loss@241.1 loss@168.09 loss@146.08 frag@276.16 loss@229.13,0.1824255586 0.1315644681 0.06210486591 0.04919571057 0.033383362 0.01302606426 0.01138602663 0.007934259251 0.00457840832 0.003886005841 0.003790312214 0.00317836809 0.002707172185 0.002677374287 0.002587133786 0.00241476926 0.00219720928 0.002188705839 0.002119778423 0.001914920169
260,frag@187.1 loss@160.07 frag@161.08 loss@177.07 frag@215.13 loss@167.02 frag@158.07 frag@134.07 loss@135.08 loss@145.09 frag@212.08 loss@94.05 loss@204.11 frag@309.13 frag@148.09 loss@163.07 frag@146.07 loss@112.0 frag@216.12 loss@135.04,0.1574238986 0.1298517287 0.09773525596 0.07231963426 0.01812133938 0.008515149355 0.006523211952 0.005650979932 0.005377604626 0.005139628425 0.004570990335 0.003878801595 0.003819768084 0.003396975342 0.002932163887 0.002899418352 0.002605719259 0.002548727673 0.002467138227 0.002463017823
261,loss@175.07 frag@176.03 loss@139.05 frag@241.13 frag@178.04 frag@241.04 frag@204.02 frag@168.08 loss@165.98 frag@192.06 loss@161.05 frag@173.08 frag@226.13 frag@310.1 frag@306.1 frag@313.13 loss@159.03 frag@163.03 frag@229.06 frag@148.03,0.2808668613 0.1395153254 0.07988476753 0.0360747911 0.03479783237 0.0317905657 0.01494345535 0.008911442943 0.008356572129 0.007983222604 0.006304785609 0.005491657648 0.005203469191 0.004491603933 0.004434396513 0.003610175569 0.003597130533 0.003562784055 0.003261534264 0.003148938296
262,frag@134.07 frag@136.09 loss@149.1 frag@150.1 frag@120.06 loss@192.1 frag@187.1 frag@122.07 loss@212.96 frag@109.08 loss@317.17 loss@233.16 frag@107.06 frag@148.09 loss@115.11 frag@162.1 loss@123.08 loss@184.04 loss@192.04 loss@193.05,0.1401664019 0.1400510967 0.09395772964 0.02328992821 0.01587979123 0.01360364165 0.01223681588 0.009997433051 0.009629716165 0.009311392903 0.008011030965 0.007959011942 0.007619061507 0.006282331888 0.006119175348 0.005994162522 0.005943721626 0.005807863083 0.00573003199 0.005573878996
263,frag@167.08 loss@169.07 frag@202.06 frag@139.06 loss@259.14 loss@162.08 loss@225.09 loss@324.1 loss@248.04 frag@254.07 loss@280.13 frag@206.03 frag@154.05 frag@138.02 frag@149.07 loss@166.12 frag@203.04 loss@180.09 frag@125.03 frag@165.03,0.1244855896 0.115943335 0.09447451681 0.09282276779 0.05490419269 0.0540153645 0.04529749602 0.02605158649 0.01829177514 0.01709798165 0.01033016294 0.009385376237 0.007354942616 0.006911498029 0.006416888442 0.004434299655 0.004270539153 0.004033399746 0.00395190157 0.003883282188
264,loss@232.08 frag@203.04 frag@183.06 frag@233.08 loss@303.1 frag@203.07 loss@377.19 frag@202.06 frag@269.13 frag@217.09 frag@286.12 frag@213.04 frag@174.04 frag@180.07 loss@239.14 frag@362.15 frag@157.17 loss@269.17 loss@297.08 frag@275.11,0.229289934 0.07456951588 0.06785670668 0.06428104639 0.02509728074 0.01636245847 0.00749000255 0.007006735075 0.005536710378 0.004749214277 0.003536781063 0.003211349715 0.002945859218 0.002717749448 0.002594036981 0.002425777959 0.002370579401 0.002100201324 0.002044833731 0.001760440762
265,loss@63.03 frag@201.13 frag@91.03 loss@75.03 frag@72.94 loss@113.01 loss@77.05 loss@105.04 frag@264.03 frag@76.04 frag@58.99 frag@41.04 frag@216.14 frag@74.02 frag@308.1 frag@215.1 loss@46.0 frag@83.02 frag@43.02 frag@263.05,0.3381195664 0.1157255843 0.0745741725 0.008502347395 0.006742048543 0.00638444908 0.005672427826 0.003518847283 0.00318417768 0.003054323373 0.002980697434 0.002954700496 0.002503463067 0.001962043345 0.00178180309 0.001664444455 0.001650844002 0.001649866346 0.001536479802 0.001526654232
266,loss@160.08 frag@205.03 loss@173.01 frag@121.01 frag@206.08 frag@150.07 frag@212.08 frag@364.13 loss@188.07 frag@176.05 frag@148.05 frag@153.05 frag@162.07 loss@275.14 frag@80.06 frag@169.01 frag@141.03 frag@83.03 loss@205.08 frag@193.08,0.2112479657 0.08056657761 0.06426841766 0.009643654339 0.007754968014 0.005511152558 0.005319098011 0.004232000094 0.003887349507 0.003499345388 0.00317688752 0.003147847718 0.00303870975 0.002928482601 0.002701412886 0.002674660413 0.002565335017 0.002425868297 0.002396042924 0.002325514331
267,loss@186.08 frag@240.08 frag@336.21 loss@125.04 frag@159.09 frag@185.07 frag@71.03 frag@288.11 frag@314.13 loss@126.02 frag@172.04 frag@125.99 frag@170.06 frag@55.04 frag@281.14 frag@189.05 frag@319.12 frag@180.01 frag@179.03 loss@139.03,0.3164431453 0.1507588625 0.02213886566 0.0113501763 0.007353123743 0.004267573822 0.004102187697 0.004087354057 0.004074475728 0.003781058127 0.003710633144 0.003390381578 0.003320939373 0.003265456762 0.003226201748 0.003043700708 0.002575681079 0.002484919271 0.002484876662 0.002476563444
268,frag@149.08 loss@148.08 loss@191.08 loss@204.11 frag@209.02 frag@165.11 loss@190.09 loss@204.13 frag@162.08 frag@134.07 frag@176.09 loss@262.12 loss@260.05 frag@231.12 frag@279.09 frag@191.02 loss@165.12 loss@178.1 loss@163.07 loss@164.11,0.3059134781 0.1747202128 0.01338652428 0.009007327259 0.005309997592 0.004868974909 0.004573465325 0.004352181219 0.003916045185 0.003597844625 0.00350586744 0.003059189534 0.002970792819 0.002951134229 0.002934242599 0.002928025555 0.002856366336 0.002814448904 0.002764651785 0.002748487052
269,frag@143.0 loss@142.1 frag@161.01 loss@173.98 loss@183.0 frag@166.01 loss@148.1 loss@203.95 frag@258.08 frag@190.04 frag@124.04 loss@182.06 loss@154.1 frag@150.04 loss@192.16 loss@176.01 frag@241.02 loss@349.09 loss@342.1 loss@142.12,0.2275565565 0.1335633397 0.02770317718 0.0261420887 0.02172653563 0.01642004959 0.01097244304 0.006627046503 0.002155677881 0.001935101463 0.001762066851 0.001745109446 0.001651787315 0.001550189336 0.001472734613 0.001449041418 0.001362244482 0.001290884218 0.001246045344 0.001186382957
270,frag@163.06 loss@265.1 frag@242.11 frag@146.03 loss@275.12 loss@227.06 frag@203.07 loss@299.12 loss@252.06 loss@190.15 loss@336.1 loss@192.12 loss@211.03 loss@287.09 loss@246.0 loss@318.14 loss@253.13 loss@291.13 loss@348.08 loss@277.07,0.3375069797 0.1057325229 0.008827629499 0.005404807162 0.002627716167 0.002507345984 0.002387322718 0.002379400423 0.002364176791 0.002361294813 0.002337112324 0.00215215981 0.001870536827 0.001741188345 0.001731327851 0.001729365904 0.001724626753 0.001705713919 0.00165251107 0.001630571787
271,frag@106.04 frag@199.03 loss@312.1 loss@293.1 loss@256.07 loss@228.07 loss@287.06 loss@160.96 frag@81.03 frag@184.06 frag@113.01 frag@57.99 frag@178.07 frag@227.03 frag@53.04 frag@241.02 loss@249.06 frag@231.02 frag@224.04 frag@91.02,0.1095156148 0.08103805035 0.06695382297 0.06226318702 0.05782992765 0.005267076194 0.005153894424 0.005003958475 0.004830122925 0.004022780806 0.004013916478 0.004003613256 0.003927436657 0.003642327385 0.003342499025 0.003105360782 0.003077889094 0.002904552268 0.002687682398 0.002639172832
272,loss@287.09 loss@246.07 frag@84.09 frag@150.09 frag@95.01 frag@84.08 frag@84.04 frag@84.06 frag@141.08 frag@179.09 frag@164.07 frag@42.03 loss@288.11 frag@99.06 frag@56.05 frag@82.07 frag@98.08 frag@124.04 frag@84.96 frag@99.07,0.2005924135 0.01253883168 0.007484227419 0.006331156474 0.005344270263 0.004999885801 0.004491677973 0.003954869229 0.003780711675 0.003759598825 0.003641558578 0.003571425797 0.003265981097 0.003249199595 0.003120711772 0.003104944481 0.002863012021 0.002845495706 0.002666629851 0.002341896994
273,frag@139.03 loss@183.05 loss@195.05 loss@211.04 loss@372.05 frag@154.05 frag@125.02 frag@85.01 loss@194.08 loss@208.04 frag@113.02 loss@160.03 loss@223.04 frag@391.18 loss@197.05 frag@120.04 loss@262.05 loss@205.07 frag@160.05 loss@275.14,0.3175230324 0.1198551729 0.09534104913 0.05839838088 0.008994738571 0.007627492771 0.006604816299 0.004010320175 0.003766071051 0.003145522671 0.00312799192 0.002985299565 0.002435726579 0.002350268885 0.002231606282 0.002231331076 0.002124150284 0.00211842102 0.002054660581 0.002032511169
274,loss@169.12 loss@189.97 loss@129.03 frag@83.09 frag@350.13 frag@381.17 frag@155.94 frag@76.04 loss@111.14 frag@163.03 frag@445.14 loss@154.11 frag@144.14 loss@197.12 loss@167.11 frag@125.99 frag@222.12 frag@99.05 frag@163.02 frag@110.07,0.1870729476 0.03340208158 0.01401065476 0.006992284674 0.005093942396 0.003892238019 0.0032774664 0.00303510786 0.00292796432 0.002905383473 0.002807165263 0.002761297859 0.002493728884 0.002479689894 0.002426738152 0.002251940314 0.002173960442 0.002137982752 0.002129558707 0.002047342015
275,frag@195.07 loss@244.14 frag@152.05 frag@139.08 frag@151.04 loss@354.07 frag@137.06 loss@680.2 frag@167.07 frag@122.04 frag@165.05 frag@155.07 loss@283.06 loss@209.18 loss@283.08 frag@167.03 frag@280.14 loss@267.14 loss@285.12 loss@600.21,0.2184966058 0.09819706529 0.03818533197 0.02101077884 0.0103729628 0.009263028391 0.00902812928 0.008810478263 0.007593054324 0.007211550605 0.006070114672 0.005508324131 0.005017754156 0.004740178585 0.004664575681 0.004256718326 0.00396775594 0.003962742165 0.003525608219 0.003309386317
276,loss@181.09 frag@99.06 frag@367.21 frag@98.07 frag@123.03 loss@159.06 frag@123.05 frag@97.04 loss@155.07 frag@151.05 frag@125.04 frag@139.05 frag@110.07 frag@98.02 loss@186.13 frag@182.09 frag@123.02 frag@169.0 frag@173.01 frag@113.04,0.2378380448 0.007965656929 0.007562835235 0.007393990178 0.005954335444 0.00550641818 0.005247353576 0.005182411056 0.005022147205 0.00493649859 0.004887049552 0.004495875444 0.004479456227 0.004439635202 0.004347962327 0.004095520824 0.003916896414 0.003738890635 0.003515785793 0.003381719347
277,frag@125.01 loss@187.05 loss@197.01 loss@311.06 loss@295.01 loss@256.02 loss@266.01 loss@337.08 loss@185.99 loss@369.04 frag@278.14 frag@162.12 frag@188.98 loss@301.07 frag@147.01 loss@154.02 frag@232.03 frag@267.03 loss@367.19 loss@262.04,0.1063459665 0.0620277375 0.03002539463 0.02373243123 0.01739502139 0.01667824388 0.01527694985 0.01427223068 0.0115134595 0.0110282572 0.009939981624 0.008460215293 0.008286442608 0.008226932958 0.007610314526 0.007563875057 0.007475298364 0.006829183549 0.005112805869 0.004879333545
278,loss@132.06 loss@185.07 frag@262.16 frag@234.97 frag@187.98 frag@291.15 frag@206.08 frag@143.08 frag@257.13 frag@51.03 frag@267.05 frag@148.04 frag@256.05 frag@311.18 frag@177.1 frag@56.96 frag@172.02 frag@255.08 frag@161.99 frag@185.09,0.2364145666 0.0543098934 0.03907424212 0.03584066406 0.03566008434 0.03381252289 0.008318457752 0.005327892024 0.004422935192 0.003635765519 0.003481073771 0.003284446429 0.003270396497 0.00316128647 0.002913458273 0.002785702236 0.00249737897 0.002440694254 0.002320956672 0.002046117093
279,loss@138.04 loss@178.03 loss@197.98 frag@139.05 frag@144.0 frag@68.01 frag@297.09 frag@149.11 frag@347.02 loss@219.03 frag@118.92 loss@149.06 frag@419.11 frag@62.02 frag@204.08 frag@163.03 frag@187.06 frag@157.01 loss@69.02 frag@62.99,0.1437430531 0.09085547179 0.02350819111 0.007279645652 0.007060692646 0.006507804617 0.006151765585 0.00601775106 0.005391741171 0.004991664086 0.004674516618 0.004671670031 0.004564316012 0.004234432243 0.003828901565 0.003664409043 0.003472386627 0.003459396306 0.003398481989 0.003156472696
280,frag@167.03 loss@149.06 loss@166.03 frag@227.03 frag@160.04 loss@166.97 frag@256.96 loss@462.15 loss@234.21 loss@229.1 loss@133.06 loss@147.05 frag@123.01 loss@82.02 frag@193.09 frag@291.11 loss@147.08 loss@120.06 frag@335.11 frag@139.02,0.2732851803 0.1105694696 0.004315021448 0.004096530378 0.002450926462 0.002324258909 0.002078594873 0.001972513739 0.001894025831 0.001769444672 0.001762537868 0.00173317967 0.001709772157 0.001619520131 0.001522908802 0.001490000519 0.001483290223 0.001469098264 0.001451295218 0.001431509852
281,frag@195.08 loss@131.09 loss@198.1 loss@173.11 frag@188.9 frag@174.06 frag@200.03 frag@213.1 frag@233.13 loss@158.12 frag@202.0 frag@129.1 frag@67.06 loss@170.11 frag@191.11 frag@202.1 frag@239.08 frag@319.12 frag@272.09 frag@223.14,0.2008493245 0.1486330777 0.0978615731 0.0860362649 0.009685337543 0.005545814987 0.004793138243 0.003686740296 0.003520422848 0.003435247811 0.003231341252 0.003218867816 0.003207387403 0.002597381128 0.002593361074 0.002552546095 0.002441199264 0.002401587786 0.002398122801 0.002378408797
282,loss@287.04 loss@355.12 frag@188.99 frag@205.06 frag@76.08 frag@97.06 frag@226.02 frag@127.04 frag@178.07 frag@322.19 frag@67.05 frag@199.05 frag@175.11 loss@113.13 frag@196.11 loss@189.15 frag@215.05 frag@43.02 frag@171.04 frag@194.08,0.1012312174 0.06406529993 0.007882407866 0.006733827293 0.005573303904 0.003719362896 0.003596897935 0.003522679908 0.003238188569 0.00315523427 0.003057355992 0.003048049752 0.003013050416 0.002887203125 0.002855630359 0.002849447774 0.002692538081 0.002682772232 0.002656084253 0.002597037703
283,frag@236.08 loss@161.12 loss@128.09 loss@139.08 frag@320.11 frag@260.06 frag@191.09 frag@170.08 loss@92.07 frag@241.1 frag@214.1 frag@190.08 frag@223.12 frag@195.09 frag@328.14 loss@103.1 frag@216.08 loss@128.1 frag@280.11 frag@191.06,0.1270519048 0.1202276722 0.08646207303 0.05003343895 0.03578203171 0.02614097111 0.01197459642 0.009230915457 0.007782388013 0.007724121679 0.005824679043 0.004601723514 0.004397918936 0.004353411961 0.004031560384 0.003969422542 0.003543367377 0.003543290077 0.003296745708 0.003139500739
284,frag@87.09 loss@187.08 loss@287.15 frag@113.07 loss@342.18 loss@305.07 loss@310.1 frag@182.09 loss@341.15 frag@55.02 loss@269.08 loss@279.16 frag@193.01 frag@114.05 frag@115.09 frag@84.07 loss@298.07 loss@199.14 frag@169.17 loss@372.09,0.2260177433 0.09943104535 0.03400749341 0.0328470543 0.01939008385 0.004495912697 0.003984953277 0.003054459579 0.002995970426 0.002872222103 0.002816615161 0.002808632562 0.002729996573 0.00266970275 0.002654059092 0.002595791593 0.002499794122 0.002380246762 0.002360573504 0.002351764822
285,frag@169.06 loss@139.02 frag@151.05 loss@142.97 frag@244.13 frag@269.1 loss@157.03 loss@166.97 frag@356.08 frag@157.04 frag@238.13 loss@45.02 frag@152.03 loss@165.07 loss@186.07 frag@229.09 frag@68.01 loss@129.04 frag@188.04 loss@189.97,0.260071516 0.1152701229 0.02204152383 0.01801087148 0.004989985377 0.004855947103 0.004057959188 0.002790063852 0.002550005214 0.002377173398 0.001969168894 0.001877085539 0.00172255747 0.001661627204 0.001595022739 0.001569644548 0.001530072535 0.001529498142 0.001483949833 0.001454735524
286,loss@185.01 frag@138.0 frag@233.13 frag@298.16 frag@321.17 frag@158.06 loss@45.02 loss@230.0 loss@263.05 loss@118.06 loss@143.06 frag@303.1 frag@261.97 loss@273.06 loss@210.15 loss@117.07 frag@223.02 loss@328.18 frag@275.05 loss@144.1,0.1712236106 0.1524323225 0.1016542166 0.01429299079 0.008453506045 0.006635309197 0.003177108243 0.002888991963 0.00280229887 0.002742884681 0.002374005504 0.00234007882 0.002311518416 0.002137182746 0.002034274163 0.001992617734 0.001851547859 0.001732415403 0.001707835356 0.001621782198
287,loss@112.06 frag@280.14 loss@279.17 frag@225.16 frag@68.01 frag@223.1 frag@195.06 frag@181.04 frag@134.04 frag@80.02 frag@166.04 frag@150.06 frag@169.06 frag@94.05 frag@202.03 frag@181.1 frag@124.04 frag@140.03 frag@180.01 frag@177.03,0.2802732587 0.01342799608 0.009249405004 0.008354947902 0.005618900526 0.004805653822 0.004072401207 0.00313866674 0.003102640389 0.00283018779 0.002633275697 0.002591291443 0.002584146801 0.002507960889 0.00244654296 0.00234381319 0.002314362908 0.002310326323 0.002262822818 0.002233368345
288,frag@163.08 loss@286.11 loss@237.16 frag@159.08 frag@121.03 frag@125.06 frag@79.05 frag@342.03 loss@292.18 frag@135.04 loss@32.02 frag@135.08 frag@150.07 frag@138.09 frag@149.06 frag@169.0 frag@116.06 loss@265.17 frag@158.99 frag@169.01,0.2439972758 0.09687394649 0.05023707822 0.008019031025 0.008013098501 0.008007414639 0.007320804987 0.007285896223 0.007153626997 0.006353244651 0.005857493263 0.0058274162 0.005633571185 0.005165355746 0.004988961853 0.004927087575 0.004912973382 0.004897512961 0.004456975963 0.004300686065
289,frag@185.97 frag@227.04 frag@208.04 frag@174.95 loss@309.21 loss@304.09 frag@195.95 frag@196.08 loss@116.02 loss@155.1 loss@110.02 frag@312.16 loss@114.03 frag@224.16 frag@218.05 loss@202.04 frag@129.03 frag@291.09 loss@267.0 loss@199.95,0.1628972888 0.01744080521 0.01063126698 0.009256250225 0.008552274667 0.006220624316 0.006089372095 0.005134212319 0.004059028812 0.002959195757 0.002584881848 0.002469863044 0.002438339638 0.002033855068 0.001972424332 0.001923151896 0.001897976501 0.001854529837 0.001818903955 0.001816925942
290,loss@57.02 loss@122.06 loss@95.05 loss@72.04 frag@230.09 frag@224.09 loss@59.04 frag@219.08 frag@224.18 frag@246.12 frag@222.07 frag@284.1 loss@102.04 frag@251.1 loss@301.12 frag@269.18 loss@171.14 loss@158.06 frag@303.15 loss@269.04,0.05264767632 0.03435875103 0.02970163152 0.01906521618 0.01842034608 0.01772968099 0.01707641035 0.01490799338 0.01413600892 0.01092539821 0.009594190866 0.009102615528 0.008102708496 0.007511359174 0.006516896654 0.006473578513 0.00617188029 0.006043051835 0.005929576699 0.005632325076
291,frag@177.08 loss@287.08 frag@208.07 loss@226.05 loss@163.07 loss@222.08 loss@152.09 frag@144.14 loss@273.05 loss@277.07 loss@166.11 frag@108.08 loss@285.12 loss@232.12 loss@134.07 loss@215.11 loss@404.22 loss@293.07 loss@169.04 loss@304.05,0.2889925539 0.0317473188 0.003571192967 0.003049406921 0.002711412264 0.002516879002 0.002180306707 0.002179197967 0.002102112165 0.00208427594 0.001889128936 0.001802845974 0.001789171365 0.001708609052 0.001594712026 0.001538832323 0.001527032466 0.001466202084 0.001451715943 0.001410077908
292,frag@85.08 loss@160.12 loss@174.09 loss@283.17 loss@201.14 loss@188.12 frag@353.07 frag@74.06 frag@100.08 frag@84.08 frag@140.14 frag@100.09 frag@178.08 frag@55.03 frag@114.09 frag@56.05 loss@373.13 frag@175.11 frag@129.1 frag@264.03,0.2474684417 0.1238036901 0.05093415082 0.0291356016 0.0277850572 0.02097317949 0.01258508395 0.006735160016 0.004676291253 0.004139264114 0.003702952061 0.003539917991 0.003522094339 0.003332095919 0.003311373293 0.003063694341 0.002983930288 0.0029580181 0.002893306548 0.002765125828
293,loss@144.13 loss@248.11 frag@221.1 frag@253.12 frag@225.16 frag@181.1 frag@325.19 frag@400.15 loss@130.12 frag@215.06 frag@172.96 loss@241.97 frag@181.13 loss@133.08 frag@184.08 frag@289.1 frag@240.03 loss@187.12 frag@273.03 frag@234.98,0.1442049295 0.1000295728 0.09292443842 0.03370247036 0.02720748633 0.01532245521 0.01517332532 0.01021767221 0.009630549699 0.009531551041 0.007011926733 0.006979085971 0.005642385222 0.00537160458 0.004983912688 0.004053880926 0.003966451157 0.00390910916 0.003521699924 0.003187207505
294,frag@162.04 loss@254.09 frag@227.12 loss@303.06 loss@170.12 frag@257.11 frag@231.08 frag@189.01 frag@221.09 frag@285.14 frag@289.1 frag@251.15 frag@303.15 loss@247.13 loss@280.12 loss@148.08 frag@170.06 frag@311.04 frag@157.06 loss@216.16,0.1298162937 0.1001381725 0.0608766973 0.02372789942 0.01422122214 0.00854214374 0.006535069551 0.00613205228 0.005910421722 0.004747712519 0.004400017206 0.003923164215 0.003896912793 0.003039117903 0.002767355414 0.002691293834 0.002671010094 0.002563723363 0.002546872245 0.002446764614
295,loss@196.13 loss@278.16 frag@83.09 loss@231.16 frag@447.13 frag@164.07 frag@120.07 frag@127.12 frag@96.02 frag@243.16 frag@275.18 frag@327.08 frag@237.04 loss@183.11 frag@218.12 frag@73.06 frag@146.02 frag@201.95 frag@138.09 loss@183.13,0.1364391446 0.06811500341 0.01647875272 0.01280830707 0.006237848662 0.00535303168 0.004251393955 0.004103104584 0.004042095039 0.004013763275 0.003873210633 0.003671850311 0.003628964303 0.003489182563 0.003463184694 0.003373289248 0.003295198781 0.003238071688 0.003152344143 0.003072174033
296,frag@127.04 loss@294.1 loss@368.17 loss@364.14 loss@377.19 loss@215.01 loss@445.16 frag@151.04 frag@109.03 frag@97.03 frag@122.04 frag@57.03 loss@125.04 loss@194.13 loss@421.16 loss@277.07 frag@110.02 frag@155.07 loss@244.56 frag@71.05,0.3223302364 0.1290417314 0.02650515735 0.006927236449 0.006520694122 0.00601726165 0.005388625432 0.005037582479 0.004815862514 0.004769329913 0.004378705751 0.003975091968 0.003758047707 0.003627944039 0.003426736221 0.003348761005 0.002966634464 0.002588887 0.002548695076 0.002547123004
297,loss@233.14 loss@254.14 loss@268.08 loss@260.05 loss@289.12 loss@274.04 loss@294.13 frag@315.07 frag@159.11 frag@87.06 loss@224.14 frag@45.03 frag@97.01 frag@81.03 loss@273.04 frag@121.06 frag@84.06 frag@82.06 frag@122.1 loss@307.13,0.1154083312 0.05352775753 0.04408581927 0.02547423728 0.0202804897 0.009380130097 0.009324351326 0.009061846882 0.007900862023 0.007079044823 0.007065741811 0.006988572422 0.006492284592 0.006355104502 0.005854220595 0.005579512566 0.005528695416 0.005375483539 0.005223427899 0.004787788726
298,loss@245.15 frag@184.02 loss@291.16 loss@268.07 loss@282.02 loss@281.05 frag@105.03 loss@268.15 frag@208.03 frag@105.05 frag@191.12 frag@193.1 frag@198.15 loss@222.14 frag@175.12 loss@214.08 frag@153.03 frag@106.04 frag@231.06 frag@114.0,0.147240296 0.1210402921 0.06015010178 0.02061788179 0.01409571804 0.01233715191 0.009006406181 0.005228596274 0.004953369964 0.004662213381 0.004089035094 0.004072883632 0.00396032352 0.00360697601 0.003599335672 0.003502291162 0.003459256375 0.003438595682 0.003252926283 0.002870565979
299,loss@191.09 loss@219.09 frag@123.08 frag@135.08 frag@129.07 frag@133.06 frag@384.2 frag@145.06 frag@150.07 frag@188.14 frag@109.07 frag@302.22 frag@133.07 frag@254.12 frag@173.95 frag@207.1 frag@123.05 frag@267.04 loss@162.07 frag@148.08,0.2989239395 0.01934530027 0.01844965853 0.01788069308 0.01708598994 0.01662399992 0.01356958877 0.0130601665 0.0123884296 0.0105084898 0.009573893622 0.008747292683 0.008734363131 0.008398890495 0.008394125849 0.008079684339 0.007719892543 0.007624098565 0.007608535234 0.007543521468
300,loss@255.09 loss@239.04 loss@306.11 loss@324.12 frag@376.15 frag@316.13 frag@257.13 frag@149.06 frag@111.04 loss@148.11 frag@102.04 frag@43.02 frag@83.05 frag@71.05 frag@314.13 frag@93.07 frag@101.11 frag@231.02 frag@91.05 frag@116.06,0.1374689788 0.07973565161 0.02686732635 0.02158076316 0.0183220543 0.01716369577 0.01362933777 0.01180188172 0.01074649859 0.01008829474 0.009772977792 0.007768281735 0.007703552023 0.007683243137 0.006929408293 0.006637068 0.006552019157 0.006486830302 0.006377426907 0.006178606302
301,frag@136.06 loss@214.12 frag@137.05 loss@116.05 loss@212.01 frag@119.04 loss@424.02 frag@126.07 loss@132.04 loss@56.01 loss@268.04 loss@568.11 loss@133.07 frag@233.14 loss@172.07 loss@194.0 loss@196.01 loss@204.08 loss@165.06 loss@200.11,0.1994835287 0.0793909505 0.06104234233 0.06012521312 0.05234895647 0.05133979768 0.02299860679 0.0145497229 0.01309111435 0.0123250084 0.01106414665 0.01009257417 0.009796590544 0.009648357518 0.007681321818 0.006678387988 0.005618012045 0.005214825273 0.005064622965 0.00387695292
302,frag@143.01 loss@272.08 loss@187.02 loss@169.99 loss@194.12 loss@252.07 loss@207.14 loss@291.05 frag@291.12 loss@167.03 frag@212.06 loss@200.03 frag@185.03 loss@94.03 loss@213.04 frag@151.03 frag@220.16 frag@228.07 loss@293.19 loss@200.06,0.3270104527 0.1218695939 0.0560433045 0.01105961856 0.0097403666 0.006827257108 0.005887490232 0.005120111164 0.004793402739 0.004041248932 0.003866410814 0.00362245366 0.003121717134 0.002929283772 0.002861324232 0.002855163766 0.002672774019 0.002443207428 0.002405501436 0.002029608702
303,loss@190.01 frag@195.09 loss@158.12 loss@131.08 frag@351.18 frag@155.94 frag@160.04 frag@47.23 frag@167.03 frag@233.13 frag@267.05 frag@157.96 frag@139.02 frag@99.03 frag@249.0 loss@229.1 loss@230.0 frag@144.06 loss@168.03 frag@294.1,0.1162493899 0.03468470648 0.03320108354 0.02115385607 0.009026663378 0.006438287906 0.006240520626 0.00530404551 0.004792436492 0.004069765098 0.003947315738 0.003875380382 0.003718376392 0.003419749904 0.003295856295 0.003068593098 0.003055703128 0.002802592004 0.002704642713 0.002672019647
304,loss@161.08 frag@242.05 frag@134.1 loss@275.09 frag@329.08 frag@117.07 frag@413.16 frag@129.07 frag@308.14 frag@147.08 frag@145.06 frag@166.1 frag@146.06 frag@260.16 frag@171.05 frag@128.06 frag@333.1 frag@273.06 frag@223.01 frag@146.1,0.3367603421 0.04437059164 0.0314401798 0.03040245734 0.02044098452 0.01276737731 0.01111933775 0.009261529893 0.008585134521 0.007766425144 0.00721427938 0.006770838518 0.006583615206 0.006550413091 0.006320270244 0.006276679691 0.006226673722 0.006224850658 0.006174190901 0.005713129416
305,loss@210.14 frag@189.14 loss@277.07 frag@347.19 frag@99.07 loss@309.09 frag@114.0 frag@127.09 frag@109.03 loss@226.09 frag@130.02 loss@238.13 loss@247.1 frag@243.16 frag@71.09 loss@226.14 frag@180.12 frag@84.04 loss@235.12 frag@82.03,0.2162519246 0.2143152803 0.02048778534 0.009470011108 0.006677517667 0.004065817222 0.003336583497 0.003095114836 0.002956312615 0.002569615608 0.002521922579 0.002476954367 0.00246986025 0.002323519671 0.002283653943 0.002134479117 0.002117810305 0.0020663389 0.002009341493 0.001985287294
306,frag@174.1 frag@196.09 loss@158.08 loss@134.08 loss@145.05 loss@121.02 frag@239.13 frag@230.08 frag@200.08 loss@132.07 loss@187.93 frag@158.07 loss@97.98 loss@175.07 frag@129.06 loss@278.05 loss@173.1 frag@258.09 loss@106.01 frag@231.08,0.1269126832 0.07418738306 0.07290478796 0.06892901659 0.036066439 0.03250066936 0.03033413552 0.01726044528 0.01700351387 0.01254298724 0.01147110295 0.0112539297 0.01123051625 0.009049974382 0.008828367107 0.008618079126 0.007359745447 0.006845411379 0.005311597604 0.005281335674
307,frag@118.04 loss@228.08 frag@90.05 loss@188.03 loss@186.09 frag@67.02 loss@190.1 frag@106.04 loss@218.1 frag@273.09 loss@217.03 loss@268.05 loss@199.06 loss@145.1 loss@212.11 loss@160.96 frag@217.15 loss@183.15 loss@231.07 loss@196.07,0.2392037958 0.09703974426 0.09454654157 0.01275218558 0.004314356484 0.004049040377 0.002817197237 0.002743351972 0.002463571494 0.002257163171 0.00204427517 0.001902860007 0.001898773131 0.001832510461 0.001659566071 0.001636614441 0.001411432866 0.001402270282 0.001397936139 0.001351260697
308,frag@124.11 frag@150.13 frag@136.11 loss@229.06 loss@263.16 frag@110.1 loss@276.16 frag@108.08 loss@251.12 frag@208.04 loss@262.14 frag@122.1 frag@67.05 loss@199.12 loss@181.11 loss@252.13 loss@199.16 loss@249.1 frag@83.09 frag@130.12,0.1500588655 0.04407390952 0.04155761003 0.0269939974 0.008226730861 0.008064012043 0.006718529854 0.006419256795 0.006103180815 0.00577233592 0.005751518067 0.005662122276 0.005543432198 0.00546443183 0.004854676779 0.004844853189 0.004565287381 0.004085083958 0.004072570242 0.003995856736
309,loss@208.04 loss@237.03 loss@264.09 loss@271.05 frag@344.17 frag@184.06 frag@84.04 frag@189.14 loss@227.07 frag@326.18 frag@86.99 frag@206.06 frag@95.01 frag@180.01 frag@124.06 frag@109.03 frag@111.03 frag@53.04 frag@81.03 frag@147.03,0.07477556169 0.06941948086 0.06389229745 0.05688668042 0.02415562607 0.01504499093 0.0126964841 0.009191409685 0.008974136785 0.006545213517 0.005702481139 0.005430423189 0.005090203602 0.004963410553 0.004783089738 0.00451231841 0.004501115996 0.004490283784 0.004241366871 0.004231791478
310,frag@179.09 frag@178.08 loss@268.07 frag@381.17 loss@284.12 loss@226.11 loss@185.12 loss@293.14 loss@226.08 loss@259.11 loss@254.11 loss@243.14 loss@78.15 loss@220.05 frag@240.03 loss@299.13 loss@166.11 loss@120.06 loss@141.1 loss@157.12,0.1991218925 0.1414711177 0.01128747221 0.002549387282 0.002279555891 0.002174938098 0.002076046076 0.001899343682 0.001621133531 0.001584164449 0.001466684625 0.001399492146 0.00135053671 0.001291761175 0.001283441437 0.00118801347 0.001169812167 0.00113924488 0.001116680098 0.0011062884
311,loss@231.05 frag@155.12 frag@201.02 loss@190.13 loss@474.25 frag@124.05 loss@181.09 frag@318.18 frag@205.04 frag@353.09 frag@209.14 frag@237.04 frag@83.99 frag@199.01 frag@188.9 frag@214.13 loss@133.08 frag@197.07 loss@557.1 loss@228.94,0.2317309082 0.1440322101 0.03161072358 0.0198169779 0.01326956134 0.00527617475 0.003774953075 0.003694052575 0.003539340105 0.00298849633 0.002943143481 0.002923010848 0.0028750645 0.002775468864 0.002761089941 0.00267769862 0.002491744468 0.002458834322 0.0024580725 0.002387001878
312,loss@172.12 frag@162.13 frag@224.08 loss@289.18 frag@155.02 frag@167.05 loss@197.12 loss@457.15 loss@348.13 frag@112.09 loss@470.15 frag@225.16 loss@208.14 frag@139.02 loss@224.07 loss@246.15 frag@87.06 frag@203.07 frag@155.98 loss@250.06,0.1329729557 0.1217156798 0.117036745 0.004389729351 0.00330283097 0.003160894848 0.003012847621 0.00227200659 0.002232217928 0.00200604205 0.001816206262 0.001797811943 0.001783918124 0.001730223885 0.001611214597 0.001539355959 0.001431730692 0.001331743668 0.001314086141 0.001286949846
313,frag@191.03 frag@163.03 frag@122.01 loss@148.02 loss@177.97 loss@190.02 loss@111.14 loss@234.17 loss@164.04 loss@240.04 loss@138.04 loss@178.08 frag@155.07 loss@254.17 loss@146.07 loss@168.04 loss@191.05 loss@170.04 loss@290.08 loss@229.1,0.2416364998 0.09580777586 0.05093754828 0.0485153608 0.01626281068 0.01324238721 0.01289208047 0.006806222256 0.005874228664 0.005275147036 0.004844572861 0.004427922424 0.004393698182 0.004255816806 0.004180175718 0.003624630393 0.003331228625 0.002906864509 0.002871320583 0.002714449773
314,frag@160.04 loss@234.21 loss@145.97 loss@217.01 frag@133.03 loss@227.13 loss@204.05 loss@161.11 loss@187.03 loss@163.06 loss@132.06 loss@197.03 loss@234.17 loss@138.03 loss@151.01 loss@150.03 loss@138.11 loss@101.04 frag@256.06 loss@176.08,0.3669085801 0.04134235159 0.02661644667 0.01957264356 0.01402705349 0.008943371475 0.008368941024 0.007525215391 0.002874081489 0.002687511733 0.002566702664 0.002543577924 0.002514009131 0.002386456123 0.002362733707 0.002314823447 0.002219734248 0.00216043531 0.002157322597 0.001816579141
315,frag@225.07 frag@197.07 frag@198.08 loss@146.05 loss@145.05 loss@221.98 frag@170.06 loss@120.05 frag@170.08 frag@204.07 frag@100.02 loss@173.14 loss@78.96 loss@188.09 loss@99.1 loss@218.13 loss@142.02 loss@167.02 loss@203.02 loss@474.25,0.1096191481 0.1058501825 0.0803206265 0.006083269138 0.004553097766 0.003827574896 0.003292685607 0.003053247929 0.00280119502 0.002598758787 0.002533270512 0.002405122621 0.002400639234 0.002347451868 0.002328677336 0.002316559199 0.002269007266 0.002244275529 0.002237929031 0.002144933445
316,frag@189.07 loss@146.08 frag@391.17 frag@161.07 loss@229.16 frag@173.07 loss@158.12 frag@171.06 loss@157.08 frag@252.15 loss@152.07 loss@159.07 frag@213.14 loss@151.01 loss@178.02 loss@155.05 loss@213.14 frag@171.05 loss@220.09 loss@176.09,0.2890352905 0.006632332224 0.006396037992 0.005944259465 0.004693777766 0.004678472411 0.004010677338 0.003640560899 0.003351241117 0.003267597407 0.003202420194 0.003022630699 0.002743200399 0.002630745294 0.002591694007 0.002590995748 0.002571226098 0.002551645739 0.002507000929 0.002411941066
317,frag@164.11 loss@180.11 frag@136.08 frag@150.07 frag@150.09 loss@145.06 loss@220.17 frag@138.05 loss@265.14 loss@120.06 frag@146.07 frag@148.07 frag@229.11 loss@224.14 loss@268.09 loss@287.11 frag@167.03 loss@251.12 loss@298.04 loss@331.15,0.2280187756 0.09918493032 0.00774105778 0.00575669622 0.004913251847 0.004318480846 0.003018456511 0.002821032889 0.002631694078 0.002415551804 0.002350989496 0.00214087707 0.002075279364 0.001949165948 0.001876909402 0.001752022421 0.001750412514 0.001656485954 0.001635787543 0.001622963231
318,frag@288.04 frag@272.13 loss@126.14 frag@342.1 loss@28.03 frag@293.13 loss@46.04 loss@291.17 frag@290.14 frag@218.08 frag@234.07 loss@119.08 loss@184.11 frag@258.17 loss@265.12 loss@185.03 frag@302.11 frag@239.02 frag@305.07 frag@195.05,0.09490641207 0.07351536304 0.01015260722 0.008411951363 0.007671033498 0.005594453309 0.004470399115 0.003769883886 0.003410299309 0.002857099986 0.002813821658 0.002737157512 0.002685724292 0.002644957276 0.00229577627 0.002192069311 0.002007542644 0.002002402907 0.001977336826 0.001968783559
319,loss@118.04 loss@102.0 frag@200.99 loss@347.14 frag@89.04 frag@291.15 frag@117.03 frag@63.02 frag@187.04 frag@143.0 loss@55.99 frag@162.05 frag@208.11 frag@117.04 loss@111.03 frag@310.12 frag@105.04 loss@165.05 frag@123.01 frag@336.08,0.1425174922 0.07296769321 0.02424029261 0.0119287353 0.01019621547 0.009269927628 0.008457240649 0.007286995649 0.007278460544 0.00718063442 0.007150592748 0.007073827088 0.005686682649 0.005594889168 0.005503149703 0.005302901845 0.005136918277 0.004766361322 0.004629525356 0.004434314091
320,frag@143.04 loss@190.04 loss@84.02 frag@377.07 loss@233.04 loss@46.0 frag@263.1 frag@58.99 frag@114.01 loss@85.03 frag@171.07 loss@115.04 frag@64.02 frag@311.1 loss@43.99 loss@48.02 frag@57.04 frag@134.04 loss@85.02 frag@68.01,0.1836265773 0.1355046928 0.1121135354 0.09012702107 0.02695540525 0.004163152538 0.003565775929 0.003322706558 0.003217773046 0.003103876952 0.00283163623 0.0027953065 0.002542178147 0.002460038057 0.002304045251 0.002273475286 0.002221806441 0.002198297763 0.002142163925 0.002054811688
321,loss@101.05 loss@75.03 loss@77.05 frag@213.1 frag@214.04 frag@154.06 loss@76.02 loss@61.02 frag@156.07 frag@159.07 frag@170.07 loss@81.06 loss@116.07 loss@55.04 frag@309.14 loss@102.06 frag@284.11 loss@46.0 frag@86.0 frag@156.08,0.1059560776 0.04812702909 0.0259615425 0.02467705123 0.01997232996 0.01591563225 0.01390033588 0.0133864861 0.01219977997 0.01219122484 0.0119963875 0.01130518224 0.01125611551 0.01104306616 0.0104409866 0.009719919413 0.00910091307 0.007077321876 0.006546695251 0.00628069602
322,frag@201.05 loss@128.0 frag@114.03 frag@202.04 loss@142.02 frag@225.05 loss@127.91 loss@126.9 loss@206.18 loss@154.03 loss@148.03 frag@261.05 loss@80.07 frag@279.13 loss@124.04 loss@176.04 loss@147.04 frag@258.07 frag@153.98 frag@284.11,0.07582303137 0.05570111796 0.05141223595 0.05131387711 0.03870214149 0.02967927791 0.02768868022 0.02677298337 0.02348476276 0.0138606634 0.01259726193 0.01127463579 0.01001773775 0.008780786768 0.007799664047 0.007304989733 0.006758285686 0.006584355608 0.006410170346 0.006253408734
323,frag@206.07 loss@281.06 loss@205.05 loss@301.07 loss@340.1 frag@161.08 loss@291.13 frag@164.04 frag@220.02 loss@204.0 loss@353.09 loss@215.04 loss@139.02 loss@163.05 loss@263.06 loss@192.08 frag@52.03 frag@209.02 loss@189.02 loss@224.03,0.2528744042 0.06612735987 0.03190505877 0.02007075958 0.003483726177 0.003325244179 0.002964495681 0.002578015206 0.002373265335 0.00231397571 0.002224037889 0.002222578973 0.002009589691 0.001970642945 0.001961743692 0.001926278463 0.001839075703 0.001814411138 0.001759662293 0.001746431575
324,loss@157.02 loss@156.01 frag@255.12 frag@318.03 frag@124.02 frag@82.03 frag@135.1 frag@152.02 frag@68.05 frag@170.03 frag@204.95 frag@93.03 frag@99.03 frag@110.06 frag@180.01 frag@166.03 frag@156.01 frag@173.95 frag@151.1 frag@216.09,0.2076943666 0.1041393057 0.08359950781 0.03751474991 0.01254400983 0.006936622784 0.005530917551 0.005285268649 0.004743514117 0.004561536014 0.004091522191 0.003772860626 0.003553625895 0.003260659287 0.002959569218 0.002953780349 0.00277788355 0.002647259273 0.002520991955 0.002516419627
325,loss@209.18 frag@173.95 frag@83.09 frag@67.05 frag@69.07 frag@55.05 frag@155.12 frag@43.02 frag@85.06 frag@97.06 frag@111.12 frag@102.09 frag@59.05 frag@156.14 frag@45.03 loss@179.0 frag@136.05 loss@250.1 frag@57.07 frag@55.06,0.2129777521 0.07769919932 0.01935531758 0.006625757553 0.00615159329 0.005266132299 0.003908844665 0.003735705512 0.003714665305 0.003362549935 0.003299363423 0.003152130637 0.003134564497 0.003067087149 0.002898262581 0.002831803635 0.002752744127 0.002700733487 0.002695885254 0.002517644782
326,frag@255.09 frag@194.04 frag@227.09 loss@172.01 frag@103.96 loss@129.09 loss@202.0 frag@180.01 loss@185.07 frag@206.08 loss@379.03 loss@277.16 frag@143.08 loss@142.11 frag@277.19 frag@159.04 loss@285.03 loss@107.07 frag@133.0 frag@179.05,0.07368160039 0.07089087367 0.04836790636 0.005345346406 0.00322474516 0.003052246291 0.002991730813 0.002949999878 0.002515112981 0.002193199936 0.002018508734 0.002003965899 0.001919717761 0.001849136315 0.001827332075 0.001802871469 0.001784600317 0.001744653098 0.001639648573 0.001566593768
327,frag@244.05 loss@255.05 frag@237.0 frag@292.13 frag@305.07 frag@315.14 loss@168.1 loss@265.08 frag@228.07 frag@101.02 loss@236.17 loss@208.06 loss@217.15 frag@408.14 loss@148.01 frag@73.01 loss@240.06 frag@233.02 frag@157.04 frag@160.04,0.1134516597 0.0885104686 0.004513756838 0.004233288113 0.003536550561 0.002302241977 0.002227019984 0.00214525382 0.001972578233 0.00184061192 0.001792946598 0.001730264863 0.001678201952 0.00165674265 0.001636157394 0.001623050659 0.001622014912 0.001619148417 0.001607811195 0.001548792934
328,loss@112.05 frag@156.1 loss@126.07 frag@144.1 frag@256.15 frag@208.98 loss@91.06 frag@62.02 loss@105.08 frag@41.04 frag@45.03 frag@85.06 loss@96.06 frag@138.01 loss@173.94 frag@71.09 frag@83.09 loss@184.13 frag@59.05 frag@72.04,0.1617338359 0.1409885138 0.1294547021 0.05610585213 0.01381995063 0.01063313242 0.006242513657 0.005919076968 0.005828265101 0.005816660821 0.005566041917 0.004979817662 0.004678078461 0.004667163827 0.004625680856 0.004566026386 0.004288908094 0.004130236804 0.004048107658 0.003848895896
329,frag@122.1 loss@140.13 frag@108.08 loss@232.12 frag@136.08 loss@235.0 loss@230.14 loss@263.16 loss@195.1 frag@106.07 loss@260.05 loss@169.1 frag@329.08 loss@221.12 loss@288.11 frag@235.97 loss@228.13 loss@234.14 frag@82.98 loss@178.11,0.310125947 0.06784518808 0.004954390228 0.004875631072 0.004829849582 0.003205789952 0.003097877605 0.00306296628 0.002452114364 0.002261839109 0.002231400693 0.002210250124 0.002056912985 0.00200394867 0.001948417514 0.001941221999 0.001835867879 0.001799105899 0.001791998628 0.001767733833
330,loss@157.09 frag@129.02 frag@144.05 frag@218.14 frag@260.05 loss@144.05 loss@55.04 frag@103.03 frag@124.1 loss@360.07 frag@113.05 frag@128.04 loss@142.07 frag@173.04 frag@166.02 frag@224.02 loss@174.09 loss@246.04 frag@100.02 frag@155.01,0.1974099874 0.06139962375 0.0430165492 0.03824464232 0.03344362602 0.02312912978 0.02075388655 0.01853484847 0.01783212647 0.01119856723 0.007837359793 0.005193826277 0.003089722944 0.002886464819 0.002834791783 0.002650204115 0.002591517055 0.00255749654 0.002545167925 0.002522978233
331,loss@278.12 loss@252.16 loss@267.14 loss@269.17 frag@132.09 loss@276.16 frag@67.05 loss@302.17 loss@208.17 frag@95.09 frag@74.02 frag@203.07 frag@110.1 frag@153.1 frag@69.07 frag@218.12 frag@74.06 loss@236.15 frag@113.1 frag@67.06,0.0611467883 0.05316955224 0.04121783748 0.0330665037 0.02223157138 0.0159504246 0.01321401913 0.01081875991 0.00945322495 0.009016810916 0.008789835498 0.008522993885 0.008313081227 0.007950954139 0.005381331313 0.005314028356 0.005215594079 0.0052018282 0.005151179153 0.004271010868
332,loss@170.14 frag@215.06 loss@152.13 frag@240.03 loss@270.12 frag@156.14 frag@114.09 frag@171.15 frag@286.12 frag@100.08 frag@181.1 frag@167.12 frag@100.11 frag@273.03 frag@263.15 frag@114.06 frag@126.1 frag@257.13 frag@344.21 frag@100.09,0.2951383591 0.08011351526 0.0516862087 0.02854702622 0.01989016496 0.009328060783 0.007987320423 0.005964552984 0.005897197872 0.00541672809 0.005325997714 0.005287131295 0.005123239011 0.004909075797 0.004836467095 0.004480427597 0.004432054702 0.004089675378 0.003907583188 0.003639349947
333,frag@170.02 loss@253.07 loss@282.05 loss@310.05 frag@208.08 frag@75.0 loss@167.02 loss@360.13 frag@302.17 frag@87.04 frag@165.1 loss@179.0 loss@321.12 frag@237.04 frag@195.99 frag@273.09 loss@252.09 loss@153.02 frag@131.03 loss@106.02,0.2273564488 0.1603058577 0.02439589985 0.01451789774 0.006812115666 0.004541087896 0.004210259765 0.003534097224 0.003006362822 0.002730642213 0.002381410915 0.002216937719 0.002103138249 0.001949681435 0.001909670653 0.001800504862 0.001800450729 0.001798530458 0.001770561677 0.001752900076
334,loss@241.05 frag@186.06 loss@156.08 frag@227.06 frag@162.98 frag@130.07 loss@46.02 frag@172.05 frag@184.1 frag@247.05 loss@151.06 frag@145.04 frag@157.06 loss@157.08 loss@246.18 frag@144.04 frag@102.03 frag@137.03 loss@157.05 loss@385.13,0.1654742956 0.1401038021 0.08619648963 0.05549009889 0.02113694139 0.008128952235 0.006611671764 0.005343981087 0.005157516338 0.004347976763 0.004284970462 0.004150645807 0.003987904172 0.003536346136 0.003502199892 0.003417543834 0.003292875597 0.003209756687 0.003191378433 0.003112942213
335,loss@98.04 frag@191.04 frag@165.03 frag@208.05 loss@343.14 frag@138.02 loss@45.99 frag@306.09 loss@174.96 frag@231.95 loss@162.08 frag@83.03 loss@125.06 loss@240.03 frag@176.04 loss@138.04 frag@189.04 loss@96.07 frag@150.01 loss@108.03,0.1784779429 0.1643778682 0.05062115565 0.02751089446 0.02440020628 0.02113463357 0.01777688786 0.01598749682 0.008542831987 0.003423342016 0.003399051493 0.003266416723 0.003032948589 0.002910178853 0.002725874307 0.002721045632 0.002699029865 0.00260731671 0.002473318484 0.002428472508
336,frag@88.02 frag@114.04 loss@267.03 frag@115.03 loss@183.01 loss@255.05 loss@178.07 loss@265.08 loss@327.13 frag@73.01 frag@58.99 frag@87.03 loss@310.08 loss@237.22 loss@298.03 loss@197.03 loss@211.03 loss@202.14 frag@46.34 frag@44.98,0.2220735401 0.009585349821 0.005890092347 0.004204159603 0.003246178385 0.003205843503 0.002946906025 0.002927478869 0.002792624757 0.002765147015 0.00257607596 0.002572749276 0.002540783258 0.002451588633 0.002134002047 0.002110846573 0.002093177522 0.001799710211 0.001775619225 0.001771043753
337,frag@133.05 loss@152.07 frag@105.06 loss@144.01 loss@173.05 loss@99.01 loss@195.04 frag@92.03 frag@134.06 loss@158.03 frag@112.06 frag@104.05 loss@201.07 frag@139.03 frag@132.04 frag@209.02 frag@120.04 loss@171.03 frag@158.04 loss@179.08,0.1434136033 0.05929463357 0.03354565427 0.0282152351 0.02221395262 0.02182661742 0.01637676172 0.01369481161 0.008808558807 0.006214501336 0.005637539551 0.005586097483 0.005088532809 0.004709064495 0.004633670673 0.004545726348 0.004321715329 0.003886013757 0.003683511866 0.003613985609
338,frag@196.02 loss@190.05 frag@235.05 loss@286.05 frag@225.99 loss@267.03 frag@98.03 frag@255.06 loss@235.02 frag@192.02 loss@265.08 loss@234.05 loss@235.05 frag@90.05 frag@269.09 frag@287.06 loss@249.06 frag@305.1 frag@271.06 frag@197.11,0.1047068462 0.1015696079 0.06947918981 0.05357985571 0.02681185305 0.02083669603 0.01150288992 0.004223407712 0.003899668576 0.003848198801 0.002887937939 0.00276892609 0.002629827242 0.002542757196 0.002460214309 0.002363989362 0.002360100625 0.00230708695 0.002098214813 0.002080527833
339,frag@179.04 loss@123.05 frag@225.11 frag@108.02 loss@34.97 loss@157.03 frag@231.09 loss@202.04 frag@204.08 loss@71.01 frag@223.08 loss@179.03 loss@126.05 frag@192.04 loss@91.04 loss@110.02 frag@275.11 loss@33.99 loss@360.19 frag@166.01,0.09055195749 0.04019651562 0.03756280616 0.01672314852 0.01528533362 0.01283850241 0.01011120342 0.008994001895 0.008747066371 0.007707770914 0.006557022687 0.006220982876 0.00594304828 0.005703994073 0.005476668477 0.004698890727 0.004255239852 0.004113832489 0.003629889106 0.003576203017
340,frag@101.03 frag@170.04 loss@187.98 loss@340.1 frag@315.07 frag@85.04 frag@193.1 frag@206.07 loss@212.12 loss@291.13 frag@306.1 loss@146.14 loss@221.09 frag@218.14 frag@194.09 frag@194.08 loss@314.06 loss@262.08 loss@80.07 frag@97.01,0.1182150766 0.1106144562 0.08449244499 0.07907509804 0.002922669286 0.002803435083 0.002025471069 0.00196534954 0.001695786486 0.001684319694 0.00157670828 0.001566615887 0.001419478795 0.001386479475 0.00135428051 0.00133335928 0.001310226042 0.001303159166 0.001302146702 0.001216751989
341,frag@239.08 frag@220.1 loss@175.13 loss@173.11 frag@174.06 frag@186.09 loss@193.13 frag@184.1 frag@190.05 frag@168.11 frag@170.06 frag@142.07 frag@176.07 frag@199.09 frag@134.99 frag@180.07 frag@184.08 loss@279.15 frag@191.08 frag@243.11,0.09186370671 0.08756530285 0.06593819708 0.06251380593 0.007393439766 0.006215379573 0.00584483752 0.003921563271 0.003443292808 0.003414228326 0.003255407093 0.003204522422 0.00314600952 0.003100543283 0.002955841832 0.00283543882 0.002778878668 0.002778798109 0.00264457101 0.00257690833
342,frag@145.04 frag@117.04 frag@261.09 loss@106.02 frag@90.03 frag@163.05 loss@168.11 loss@208.01 loss@67.01 loss@46.02 loss@98.01 loss@139.06 frag@121.04 loss@246.11 loss@86.01 loss@144.03 loss@171.09 loss@114.04 loss@138.11 loss@231.09,0.2439833879 0.05525639653 0.02713683806 0.02648980543 0.01516074128 0.01079974603 0.01074427832 0.01015908364 0.007784988731 0.00719141122 0.005679653492 0.004941676743 0.004888812546 0.004481055774 0.004437764175 0.004269117955 0.004180803895 0.004065081012 0.003934443463 0.003901994321
343,loss@182.07 frag@125.05 loss@213.13 frag@211.98 loss@115.11 frag@311.14 loss@212.08 frag@182.98 frag@297.17 frag@313.13 frag@163.0 frag@172.09 loss@261.13 frag@185.07 frag@129.1 frag@186.07 frag@202.1 frag@218.15 frag@276.16 frag@113.03,0.1550705135 0.1206317768 0.06204089895 0.04902069271 0.02733080462 0.01840886287 0.009083932266 0.00670292927 0.006205814891 0.005153008271 0.004425664898 0.004050278571 0.004050076939 0.003693073289 0.003378140042 0.003153814003 0.00280926493 0.002749578329 0.002698979573 0.002603069413
344,frag@152.08 loss@234.16 loss@275.04 frag@216.15 loss@223.15 frag@96.06 loss@179.07 loss@175.11 loss@254.01 frag@318.06 frag@171.11 frag@97.04 loss@185.1 frag@161.09 frag@146.07 frag@134.07 frag@109.08 loss@305.16 loss@188.08 loss@141.09,0.2435474843 0.093628712 0.04563251138 0.02670297772 0.01667181589 0.006723169703 0.005939320195 0.00494373031 0.004744247533 0.004683303647 0.004502424505 0.00413166685 0.003932389896 0.003741440363 0.003705497598 0.00367427594 0.003460501321 0.003324535675 0.003175937105 0.003018638352
345,loss@186.1 frag@176.98 frag@131.08 frag@58.03 frag@86.06 frag@110.02 frag@165.14 frag@169.02 frag@99.05 frag@68.05 frag@163.01 frag@72.94 frag@57.07 frag@381.17 frag@151.99 frag@55.02 frag@409.2 frag@116.07 frag@94.07 frag@182.01,0.2362427562 0.02809115686 0.02097957581 0.01197333448 0.01171288919 0.00841263216 0.0073029208 0.004320100415 0.003673072672 0.003451218829 0.003159625223 0.002833308419 0.002733206376 0.002637659432 0.002562294248 0.002413572744 0.002396863652 0.002320414409 0.00227378821 0.002206591424
346,frag@200.08 loss@126.04 loss@144.07 frag@170.08 loss@203.12 loss@154.04 loss@118.07 frag@144.07 frag@172.09 frag@171.09 frag@155.06 frag@201.07 frag@173.07 loss@184.02 frag@156.07 loss@249.13 frag@152.03 frag@169.08 frag@159.07 loss@143.07,0.1584731489 0.1440953016 0.08600115031 0.07192660123 0.06087313965 0.03742621094 0.0152982166 0.01357812993 0.01130466815 0.01115901489 0.008239086717 0.007617200259 0.00735273445 0.007190111093 0.00675706286 0.006186097395 0.006002781913 0.004781984258 0.004348771647 0.004268087447
347,frag@179.05 loss@182.17 loss@129.04 loss@176.11 loss@321.09 frag@140.05 loss@226.09 loss@141.05 loss@111.07 loss@107.11 loss@230.99 loss@330.12 loss@167.01 loss@279.17 loss@185.03 frag@194.04 loss@172.07 loss@346.07 loss@139.02 loss@182.13,0.3367990553 0.01530744229 0.004443882033 0.004023872316 0.003082868643 0.002899813931 0.002808928257 0.002790777944 0.002750382992 0.002252663253 0.002094127703 0.001997632207 0.001951238955 0.001779079204 0.001738956082 0.001666829456 0.001630000537 0.001539052697 0.001497357502 0.001411431469
348,loss@213.1 frag@126.06 frag@391.18 frag@72.94 loss@226.03 frag@150.09 frag@231.12 frag@146.03 frag@178.06 frag@166.09 frag@55.02 frag@151.12 frag@150.06 loss@195.09 frag@58.03 frag@57.03 loss@258.11 frag@176.98 loss@336.14 frag@101.02,0.1902107149 0.1096825674 0.02937852405 0.01822221465 0.007705517113 0.005406475626 0.005163329653 0.004000481218 0.003699221183 0.003501894418 0.003406486474 0.003366170451 0.003160416847 0.003130507423 0.002797956346 0.002751182299 0.002729568165 0.002625779714 0.002437712625 0.002354365773
349,loss@210.05 frag@134.01 frag@150.09 frag@171.01 frag@160.11 frag@120.04 frag@133.06 frag@314.13 frag@319.19 frag@147.05 frag@206.06 frag@246.06 frag@160.97 frag@106.06 frag@101.95 frag@128.05 frag@84.96 frag@65.04 frag@187.98 frag@110.05,0.2831174433 0.01157422177 0.01050702948 0.007129488047 0.00689346483 0.006798299495 0.006192591507 0.005278680474 0.005265791435 0.005170214921 0.005150207784 0.004256436601 0.004075035453 0.004050375894 0.003944967408 0.003871565685 0.003788290313 0.003760189749 0.00363147282 0.003617622191
350,loss@210.08 loss@203.04 loss@222.07 loss@223.03 frag@259.03 frag@111.03 frag@149.04 frag@139.03 frag@113.02 frag@208.04 loss@186.13 frag@138.01 frag@218.14 loss@272.19 frag@162.06 frag@228.06 frag@115.03 frag@255.03 frag@149.07 frag@235.05,0.1483198702 0.05512883142 0.05489552394 0.02569885179 0.01366277877 0.01279742084 0.01276151743 0.01253651176 0.008920880966 0.008576760069 0.006967677269 0.00690925587 0.006571224891 0.006301409099 0.006181498058 0.005915921647 0.005787888542 0.005160342436 0.004944120999 0.004797719419
351,loss@273.07 loss@272.04 loss@259.09 frag@326.18 frag@164.04 frag@171.01 frag@107.07 frag@154.04 frag@113.02 frag@60.06 frag@237.03 frag@151.96 frag@340.13 frag@166.05 frag@150.09 frag@238.07 frag@189.06 frag@189.14 frag@47.9 frag@170.08,0.1124067605 0.04736217111 0.004494673572 0.003666664707 0.003066822188 0.002835187828 0.002744394587 0.002570312237 0.002565773902 0.002509445418 0.002482863143 0.002472556429 0.002346274909 0.002303714864 0.002174302936 0.002158216666 0.002124005463 0.002114153467 0.00200501713 0.002001609188
352,loss@171.13 loss@199.12 frag@151.05 frag@83.09 frag@191.11 frag@174.03 frag@129.1 frag@150.13 frag@154.12 frag@55.02 loss@253.18 frag@349.13 frag@230.1 frag@67.05 frag@55.05 frag@137.03 frag@95.07 frag@135.0 loss@187.12 loss@105.08,0.1894097924 0.114657484 0.02719102241 0.01804995164 0.01757424511 0.01176914386 0.008412211202 0.008312196471 0.00779868057 0.007738814224 0.006017888896 0.005781716201 0.005737354513 0.005692849401 0.005532344338 0.005105929449 0.004754173104 0.004435427021 0.004201950971 0.003969394602
353,frag@199.05 loss@142.15 loss@204.03 loss@249.18 loss@175.12 frag@331.12 loss@259.17 frag@173.05 loss@193.13 loss@99.11 frag@111.02 loss@273.17 frag@169.04 loss@1046.71 loss@189.16 frag@222.05 frag@279.06 loss@276.02 frag@204.11 frag@138.04,0.2125129551 0.1189666614 0.05560805276 0.05320797488 0.02839797176 0.01048544887 0.009088559076 0.007784056943 0.006160113029 0.005896529183 0.004396595992 0.004209076986 0.003634636756 0.003464662004 0.003392862389 0.00326036429 0.003242737148 0.003057057969 0.002981881378 0.002866748022
354,loss@212.09 loss@182.09 frag@256.05 frag@116.03 frag@118.04 frag@216.08 frag@155.08 frag@448.16 frag@160.05 frag@98.03 frag@137.07 frag@319.16 frag@216.05 frag@116.01 frag@254.12 frag@324.17 loss@252.07 frag@71.0 frag@241.1 frag@144.06,0.1744116992 0.06402726471 0.007804628462 0.006305008195 0.005547917914 0.004768949933 0.004416161217 0.004294582643 0.003589244094 0.003547206521 0.003257770557 0.003238554113 0.002929587383 0.002894137753 0.002612804295 0.002538827248 0.002415664494 0.002314047655 0.002231384395 0.002096984303
355,frag@163.02 loss@237.05 frag@135.03 frag@134.02 loss@179.98 loss@170.02 loss@120.06 loss@184.04 loss@165.08 loss@207.04 loss@235.07 frag@121.01 loss@239.07 frag@194.08 loss@157.05 loss@276.11 loss@225.05 loss@181.04 loss@198.03 loss@164.07,0.3559333682 0.05942434072 0.03595255688 0.01646266505 0.0143510364 0.01007368416 0.006384421606 0.004754284397 0.004130345769 0.003893582616 0.003830164904 0.003647213802 0.003345511621 0.00300641614 0.002903954359 0.002668105066 0.002513448475 0.002307728399 0.002202528529 0.002201893367
356,loss@189.01 frag@186.09 frag@160.11 frag@123.08 frag@138.06 loss@344.17 frag@159.07 loss@310.09 frag@171.07 frag@186.08 frag@141.07 frag@185.03 frag@147.05 frag@200.06 frag@146.03 loss@187.06 frag@304.17 loss@186.05 frag@147.06 frag@124.04,0.1459551752 0.1110544726 0.004253218882 0.002449638909 0.002437153133 0.002424869686 0.002363707405 0.00226494181 0.002131822752 0.002128472552 0.001998862252 0.001777312835 0.001676317654 0.001478357823 0.001425195369 0.001392919105 0.001376637374 0.001341573545 0.001331375679 0.001318088965
357,loss@176.03 frag@144.0 loss@119.03 loss@159.01 frag@319.04 loss@270.03 loss@162.05 frag@299.14 loss@167.01 frag@118.04 frag@271.06 frag@369.13 frag@123.0 frag@135.1 loss@190.05 frag@303.05 loss@228.04 frag@131.08 frag@285.08 loss@208.06,0.1106226817 0.04267079383 0.01660068147 0.01475644298 0.01381081436 0.01259580906 0.007788396906 0.007012726739 0.00686095329 0.006414132193 0.005856679752 0.005776912905 0.005668974016 0.004726533312 0.004425204359 0.003913525026 0.003813800868 0.003480716143 0.003436408471 0.003037654795
358,frag@254.09 frag@194.07 loss@120.05 frag@269.09 frag@297.13 frag@268.08 frag@205.12 loss@286.05 loss@119.07 frag@206.07 loss@292.12 frag@147.07 frag@279.12 loss@79.93 loss@146.14 loss@178.05 frag@221.11 frag@171.08 frag@253.05 frag@400.18,0.07923315465 0.07732114196 0.06216937304 0.02630641498 0.02359969355 0.01545627229 0.01197627466 0.008795072325 0.005545234773 0.004608598538 0.004605131689 0.004179721698 0.00340272882 0.003322126577 0.003161600791 0.002800952177 0.002596028149 0.002473028377 0.00247301301 0.002433169633
359,loss@88.02 loss@106.03 loss@78.03 loss@116.01 frag@79.02 loss@180.16 frag@69.0 frag@58.99 frag@56.96 frag@374.15 frag@222.98 loss@90.03 frag@183.04 loss@104.05 frag@43.02 frag@203.03 frag@182.01 frag@61.01 frag@78.49 frag@200.03,0.1759300828 0.05268990248 0.03355276957 0.01944042183 0.01828185096 0.01634512655 0.01019623782 0.009677072056 0.008529197425 0.008477661759 0.008068092167 0.007871168666 0.007381859235 0.007339723408 0.007157353684 0.00642803777 0.006422452163 0.00621453952 0.006169057451 0.006079174113
360,frag@168.96 loss@151.11 frag@197.11 loss@135.08 loss@210.96 loss@202.03 frag@118.04 loss@443.21 frag@90.05 frag@177.08 frag@162.1 loss@166.97 loss@161.1 loss@227.01 frag@177.1 loss@143.08 frag@225.99 loss@163.07 frag@300.18 frag@187.05,0.2161584944 0.1471663862 0.1091529503 0.1026595607 0.02383881621 0.01586826704 0.01062104944 0.01057951152 0.004800034687 0.004252160899 0.00384052773 0.003313636407 0.003105959855 0.003066359553 0.002875867998 0.002800681628 0.002798352623 0.002681890968 0.002486503217 0.00244927383
361,frag@164.07 loss@229.06 loss@192.09 frag@108.08 loss@260.08 loss@152.09 frag@136.08 loss@178.1 loss@281.05 loss@120.06 loss@317.11 loss@253.1 loss@260.15 frag@138.05 loss@271.04 frag@193.1 loss@180.09 loss@245.12 loss@168.08 loss@250.1,0.3505789638 0.005329903215 0.005096598528 0.004828611389 0.004321229644 0.004101701081 0.003372131148 0.003249602159 0.003190455725 0.003007713007 0.002874609083 0.002854885301 0.002673409181 0.002669720678 0.002528928686 0.002501538722 0.002344211563 0.002217328642 0.002163775964 0.00213309098
362,loss@171.08 frag@188.95 frag@172.09 frag@169.06 frag@170.07 frag@130.03 frag@332.06 frag@258.1 frag@198.1 frag@144.07 loss@170.09 frag@156.07 frag@206.08 frag@200.08 frag@171.09 frag@155.06 frag@170.08 frag@169.98 frag@224.04 frag@155.05,0.338919282 0.02001674473 0.01304000244 0.006008775905 0.005059008952 0.004657713696 0.004563019145 0.004516689107 0.004364560358 0.004098787438 0.004088893067 0.004076087382 0.003727274016 0.003676292254 0.0034063044 0.003379475558 0.003213774646 0.003087204415 0.002962950151 0.002871365519
363,loss@176.11 loss@185.03 loss@194.02 frag@199.11 frag@145.06 frag@177.11 frag@220.16 frag@179.05 frag@155.06 frag@171.08 frag@164.03 frag@172.1 frag@130.04 frag@171.03 frag@159.07 frag@197.05 frag@211.98 frag@337.15 frag@138.99 frag@182.95,0.1182521284 0.0901741609 0.08415212482 0.0818816945 0.03008311987 0.0144108478 0.00730249472 0.006396309007 0.005911899731 0.005705193616 0.005287125707 0.00443392247 0.004047790077 0.003917579073 0.003887023544 0.003875443479 0.003871747758 0.003421182744 0.003346228506 0.003311912064
364,loss@124.09 frag@180.06 frag@228.07 frag@283.12 frag@134.04 loss@121.04 frag@198.08 frag@163.05 frag@46.06 loss@183.03 loss@230.04 loss@199.02 frag@195.06 frag@140.03 frag@191.12 frag@159.07 frag@185.05 loss@259.01 frag@147.0 loss@330.06,0.2323747128 0.1317341775 0.1098540947 0.003759651445 0.002936674748 0.002633234486 0.002360078041 0.001793653239 0.001777260215 0.001773993834 0.00175267586 0.001739986008 0.001669735066 0.001639556722 0.0016101863 0.00155763072 0.001554357936 0.001459474326 0.001357412431 0.001352206338
365,frag@95.01 loss@229.03 loss@96.02 loss@269.1 loss@255.1 loss@260.08 loss@208.04 loss@319.17 loss@211.04 loss@271.13 loss@209.08 loss@226.06 loss@211.07 loss@216.07 loss@245.12 loss@255.02 frag@136.04 loss@224.01 loss@320.09 loss@207.13,0.3810405135 0.04896101356 0.0147770429 0.01142082922 0.01021671668 0.007688517217 0.005684350617 0.00491274707 0.003923965618 0.003716950538 0.003689329838 0.003678937443 0.003664559685 0.003530170303 0.003396409797 0.003287337488 0.002920161467 0.002701638499 0.002633168595 0.002585974522
366,frag@220.05 frag@229.12 frag@182.02 loss@201.08 frag@249.0 loss@372.12 loss@249.08 frag@121.01 frag@199.02 frag@172.11 loss@187.1 frag@57.99 frag@104.03 frag@241.12 loss@116.04 frag@103.02 loss@287.1 loss@229.04 frag@177.04 frag@256.14,0.01879314147 0.01450409088 0.01201675273 0.01153365336 0.01104036719 0.009916380979 0.008739691228 0.008621327579 0.008542141877 0.007837988436 0.007164891809 0.00710552698 0.00638207607 0.006260516588 0.006089823786 0.005598297343 0.005497480743 0.005488119554 0.005192358512 0.00515965838
367,loss@210.11 frag@84.09 frag@99.05 frag@84.08 frag@55.02 frag@166.1 frag@123.05 frag@183.11 frag@165.1 frag@95.07 loss@298.1 frag@86.06 frag@130.12 frag@45.03 loss@224.09 frag@114.0 frag@55.06 frag@70.03 frag@208.07 frag@353.09,0.3052131534 0.01354044862 0.012543994 0.0117155211 0.007519175764 0.007100942079 0.005990311969 0.005631384905 0.005253033713 0.004837199114 0.004552522674 0.00440725917 0.004402923398 0.004284368362 0.004075672477 0.004072873387 0.004000377376 0.003605588339 0.003591106739 0.0033933511
368,frag@151.07 frag@166.09 loss@273.07 frag@138.06 frag@123.08 loss@257.09 frag@108.06 frag@332.06 loss@265.09 loss@287.11 frag@261.17 frag@136.05 loss@198.11 loss@214.04 frag@110.02 frag@298.07 loss@220.17 loss@226.1 frag@319.04 loss@266.14,0.1693649292 0.003271865658 0.00294889533 0.002659787191 0.00220628432 0.002058994258 0.001939340029 0.001784664229 0.001767336274 0.001588209183 0.001545593725 0.001509109046 0.001498751924 0.001479930128 0.001388575067 0.001345329452 0.001343997661 0.001341494266 0.001327047474 0.001319392119
369,loss@58.04 loss@60.06 loss@30.05 loss@44.03 loss@44.06 loss@76.05 loss@33.03 loss@86.04 frag@259.1 loss@104.05 loss@43.02 frag@266.09 frag@249.09 loss@57.03 frag@226.06 loss@16.03 loss@48.06 frag@250.1 loss@85.05 frag@238.06,0.03007822484 0.02378065325 0.02335837856 0.01534320042 0.01452624798 0.01427240111 0.01193610765 0.0116008902 0.01140779257 0.01032137033 0.00985194277 0.008950382471 0.008894944564 0.008548389189 0.008266895078 0.008174616843 0.008046559989 0.007861485705 0.007823800668 0.007203530986
370,frag@105.04 loss@179.06 frag@132.04 loss@208.08 loss@219.05 frag@132.06 loss@314.14 frag@104.05 loss@227.11 loss@92.99 frag@150.04 frag@120.04 loss@191.06 frag@105.06 loss@280.03 loss@216.06 frag@51.02 frag@130.03 frag@121.04 loss@314.05,0.163666904 0.1458885819 0.1334759742 0.05811648071 0.03819723055 0.0258126501 0.02247883752 0.01483551692 0.01427123416 0.008906205185 0.007886458188 0.007556003053 0.006960001308 0.006884341594 0.006551336963 0.006331438199 0.006259405054 0.006069033872 0.005252181087 0.005168535281
371,loss@242.07 loss@304.09 frag@55.02 frag@347.19 frag@211.05 frag@149.04 frag@193.13 frag@109.01 frag@141.02 frag@53.04 loss@240.05 frag@109.03 frag@171.97 frag@185.97 frag@385.13 frag@213.96 frag@124.06 frag@152.98 frag@318.03 frag@189.06,0.1731738448 0.09980165958 0.01601560228 0.007324573118 0.006999418605 0.006352487952 0.005475962069 0.005283692852 0.004567668773 0.004003467504 0.003912232351 0.003471716307 0.003381266259 0.003309036838 0.003241693834 0.00309766666 0.002902588109 0.002901101951 0.002888883697 0.002871365519
372,loss@17.03 loss@73.09 loss@85.09 frag@219.09 loss@100.1 loss@88.06 frag@354.13 frag@247.09 frag@243.07 frag@183.08 loss@43.04 loss@59.07 frag@265.1 frag@257.07 frag@305.09 frag@228.1 frag@237.06 loss@91.1 frag@152.01 loss@72.07,0.07360059023 0.06602279097 0.05975844339 0.05664567277 0.02923561446 0.02825789526 0.02437148243 0.02289043553 0.02221706323 0.02109059505 0.01942464709 0.0167325139 0.01491469331 0.01473641861 0.01354069449 0.01283748168 0.01179242972 0.0105207162 0.009266564623 0.009230635129
373,loss@151.06 frag@168.08 frag@196.05 frag@275.19 loss@88.1 loss@161.05 frag@186.06 frag@176.02 frag@144.04 frag@233.07 loss@205.06 frag@150.04 frag@137.03 loss@151.05 loss@227.14 frag@151.02 frag@123.03 frag@313.12 frag@225.1 frag@153.06,0.3129826188 0.2554507852 0.02230519615 0.009418564849 0.008670346811 0.007231961936 0.00699082436 0.005521136802 0.004778659903 0.004746179562 0.004575395957 0.003594248556 0.003547177883 0.003088416299 0.002606311115 0.002495310735 0.002365917433 0.002347226022 0.00231272704 0.002296244493
374,frag@100.0 frag@100.5 frag@67.04 frag@112.01 loss@240.99 frag@200.97 frag@122.05 loss@224.03 loss@33.99 loss@255.0 frag@158.02 frag@280.06 frag@197.01 frag@76.02 frag@82.99 frag@186.98 frag@107.04 frag@86.02 loss@103.99 frag@319.06,0.003781308653 0.003265036969 0.003131517908 0.00304606976 0.002834686544 0.002821808448 0.002644804539 0.002644223627 0.002635497833 0.00245916401 0.002377475845 0.002201054944 0.002054556506 0.001935873064 0.001888883533 0.001886134967 0.001883509802 0.001864564489 0.001856474555 0.001829439774
375,frag@202.05 loss@245.1 loss@218.18 loss@149.11 frag@318.18 loss@345.13 frag@201.07 loss@377.15 frag@198.08 loss@148.11 frag@241.99 frag@204.07 frag@130.06 loss@344.17 frag@134.99 frag@279.16 frag@158.06 loss@223.14 frag@199.02 loss@173.12,0.1884420812 0.1332440972 0.0672294423 0.03590952605 0.01971388981 0.01409969199 0.009599452838 0.005978133529 0.003902715398 0.00339728687 0.003320406657 0.00260559842 0.002434256719 0.002211400075 0.002171903616 0.002114463365 0.002049327828 0.002033778932 0.002031858079 0.001895201509
376,loss@141.08 frag@41.04 frag@45.03 loss@273.06 loss@170.11 frag@112.08 frag@318.03 frag@178.12 frag@55.02 frag@191.06 frag@59.05 frag@242.11 frag@129.1 frag@74.93 frag@43.02 frag@208.04 frag@188.99 frag@101.02 frag@154.02 frag@96.08,0.3333806694 0.00891303923 0.008471966721 0.007734348997 0.006970852148 0.00466171978 0.004584538285 0.004360013176 0.00337293162 0.003231703537 0.003230458824 0.00321369851 0.002975223353 0.002733416623 0.002667629393 0.00257103797 0.002502083778 0.002475937596 0.0024673976 0.002358394675
377,loss@302.12 loss@383.14 frag@196.01 frag@146.12 loss@279.17 loss@366.92 loss@295.14 frag@153.08 frag@235.97 loss@317.08 frag@287.09 frag@136.08 frag@167.13 frag@241.14 frag@253.05 loss@166.15 frag@150.07 frag@273.03 frag@374.15 loss@284.16,0.08129558712 0.05186712369 0.03558561206 0.02542141452 0.02383684926 0.02193822339 0.01903541014 0.01824717596 0.007352734916 0.007235579658 0.006454207469 0.005615885835 0.005327383522 0.00501129264 0.005003255792 0.00435938919 0.004336204845 0.004297494423 0.003850497305 0.003842433915
378,loss@298.08 loss@284.05 frag@104.02 loss@321.12 frag@87.04 frag@155.07 frag@95.01 frag@355.16 frag@198.94 frag@131.03 frag@98.08 frag@163.02 frag@176.05 frag@59.03 frag@251.15 frag@198.15 frag@353.09 loss@208.04 frag@140.01 frag@55.02,0.07859659195 0.06408654898 0.008333281614 0.007371593732 0.006201288197 0.005612217821 0.004592937883 0.004427598789 0.004061181564 0.00387140899 0.003820233047 0.003677854082 0.00367372972 0.003620998468 0.003559380537 0.003551269881 0.003149309894 0.003134117927 0.003131857375 0.003121119225
379,loss@179.05 loss@222.03 loss@264.1 loss@301.11 frag@211.02 frag@300.15 loss@137.02 frag@341.15 frag@127.0 frag@99.06 frag@220.05 frag@146.0 frag@169.0 frag@257.11 frag@83.03 frag@51.03 frag@123.0 frag@162.07 frag@150.07 frag@135.04,0.1352216452 0.05800738558 0.04745549336 0.03975307941 0.03495351225 0.02380412631 0.01109141484 0.01012695115 0.009382138029 0.006802902557 0.006554839667 0.006369299255 0.005975695793 0.004885808099 0.00485552242 0.004849465098 0.004401036538 0.003941774834 0.003904166631 0.003737309948
380,loss@178.07 frag@124.04 loss@206.07 frag@162.05 frag@120.04 frag@93.04 frag@147.03 loss@80.04 frag@185.03 frag@119.06 frag@150.13 frag@178.06 frag@51.02 frag@115.03 frag@137.03 frag@191.08 frag@254.07 frag@190.05 frag@163.09 frag@145.04,0.29779616 0.01031519659 0.008607567288 0.008167866617 0.007912930101 0.006857964676 0.006243771408 0.00613072142 0.005499955732 0.005387790967 0.0048231408 0.004506622907 0.004440940451 0.003939452581 0.003903187346 0.003708183533 0.003610868705 0.003478491213 0.00339265028 0.00331779127
381,loss@161.05 frag@256.96 loss@173.05 frag@150.04 frag@190.04 frag@168.08 frag@176.06 frag@162.05 frag@158.04 frag@383.12 frag@234.97 frag@196.05 frag@56.96 frag@181.04 frag@72.98 frag@133.05 frag@104.05 frag@118.04 loss@120.06 frag@144.06,0.2175101489 0.07074247301 0.06638412923 0.01469988376 0.01005832572 0.007283777464 0.007070675492 0.006159059238 0.005197204649 0.005118489731 0.004646471236 0.00449600257 0.004328995012 0.004175609443 0.003798193997 0.003575693117 0.00356915337 0.00344693847 0.003400744172 0.003003843594
382,frag@136.08 frag@108.08 loss@404.22 loss@164.11 loss@340.08 loss@184.1 frag@165.11 frag@122.1 loss@218.15 loss@281.07 loss@180.09 frag@235.97 loss@310.03 loss@255.14 frag@108.04 frag@122.06 loss@251.12 loss@297.01 loss@195.13 loss@265.11,0.2177934349 0.1027794927 0.01243569702 0.007116609253 0.006773193832 0.005797192454 0.004921249114 0.004205046222 0.004188373219 0.003629934508 0.003517561359 0.003413900733 0.003378413385 0.00299765775 0.002953314222 0.002900159452 0.002596882638 0.002484988887 0.002358012134 0.002354060998
383,frag@194.01 frag@209.05 loss@235.01 frag@270.12 loss@157.1 loss@294.0 loss@231.01 loss@190.98 frag@81.06 frag@159.01 loss@205.02 frag@207.03 loss@178.99 frag@231.95 loss@309.09 frag@311.11 frag@219.15 frag@257.05 frag@193.11 frag@102.97,0.04968607426 0.04064950719 0.04055465758 0.03217422962 0.02750985511 0.01663163491 0.01565537229 0.01565260999 0.01543308049 0.0148007581 0.0137277944 0.01149469055 0.008633465506 0.007846190594 0.00783213973 0.007824081928 0.007821260951 0.007682891097 0.006908389274 0.00676126685
384,frag@123.01 frag@189.04 frag@118.04 loss@95.08 loss@166.03 loss@141.04 loss@139.03 frag@365.14 loss@112.02 loss@100.99 loss@111.03 frag@136.02 loss@191.11 loss@176.04 frag@79.04 frag@93.03 loss@113.06 loss@114.03 loss@101.01 frag@306.1,0.1480076611 0.04118866846 0.006574849598 0.005904336926 0.005241319537 0.003660953837 0.00242069154 0.002384045394 0.002322049346 0.002185703255 0.001999976113 0.001980536617 0.001786815468 0.001783898799 0.00176175416 0.001713947626 0.001652477891 0.001642204821 0.00159194821 0.001570505323
385,loss@168.04 frag@139.04 frag@111.04 loss@232.11 frag@65.04 frag@93.03 frag@293.12 frag@92.06 frag@81.03 frag@53.04 loss@153.04 frag@123.04 frag@56.96 loss@197.09 loss@318.1 loss@95.08 frag@181.05 loss@54.02 loss@282.07 frag@97.03,0.1702651531 0.1553734094 0.1426023096 0.09360025823 0.01054842118 0.009734798223 0.007932162844 0.007062447257 0.006987343542 0.006908092648 0.005070347805 0.004694029689 0.004481210839 0.004322766326 0.004070257768 0.004051533062 0.00351548288 0.003308669664 0.003305251244 0.002800917253
386,frag@141.04 loss@175.97 loss@188.15 frag@247.09 loss@126.07 loss@180.95 loss@204.0 frag@160.02 frag@209.05 frag@188.05 loss@77.98 loss@262.1 loss@170.12 loss@157.06 frag@271.14 frag@46.34 loss@187.12 loss@243.16 frag@169.04 loss@330.07,0.3021236658 0.05967618525 0.05163386092 0.007160933223 0.00604029838 0.005761725362 0.005508890375 0.005134471226 0.004663744941 0.004540809896 0.00438376423 0.003523837775 0.003508213675 0.002989419037 0.002967541339 0.002941204701 0.002896622056 0.002848333213 0.00282011996 0.00273399963
387,loss@220.08 frag@182.98 frag@214.07 frag@349.07 loss@246.94 loss@330.23 loss@182.07 frag@303.12 frag@304.09 loss@140.04 frag@169.98 frag@360.11 frag@241.08 frag@224.99 frag@123.02 frag@160.05 frag@214.13 frag@85.09 loss@216.06 frag@180.05,0.2214674205 0.1007830501 0.03227128088 0.01592717506 0.01432588696 0.01099527907 0.007528614253 0.005335138179 0.004827172961 0.004494571593 0.004358252045 0.004251114093 0.003650207305 0.003502725391 0.003087175777 0.003074303037 0.002589422744 0.002435878152 0.002414926421 0.002239890397
388,loss@198.07 loss@259.08 frag@171.04 frag@116.96 frag@151.02 frag@161.01 loss@287.04 frag@186.08 frag@162.03 frag@231.02 frag@144.96 frag@178.06 frag@177.05 frag@384.2 frag@135.03 frag@236.11 frag@190.06 frag@278.07 frag@254.12 frag@202.12,0.1817689091 0.1332970709 0.01742308214 0.0125760613 0.01112351753 0.006528043654 0.006398320198 0.005444935989 0.005406829063 0.004981231876 0.004208459985 0.004115655087 0.003955777269 0.003768904135 0.003720989916 0.003665279131 0.003632504493 0.003593937261 0.003422473324 0.003374841297
389,loss@185.15 frag@242.07 loss@192.16 frag@344.11 frag@112.08 frag@74.06 frag@156.14 frag@143.15 frag@181.11 frag@92.04 frag@322.19 frag@243.11 frag@86.06 frag@130.12 loss@210.15 frag@247.14 frag@290.07 frag@57.07 frag@176.98 frag@84.04,0.2588115633 0.133589372 0.04596780613 0.008523992263 0.008245301433 0.004880099557 0.00410710508 0.004051827826 0.003760999534 0.003159791697 0.003134894185 0.003062061267 0.002748636995 0.002533843042 0.002474844456 0.002279481385 0.002251707716 0.002227409044 0.002194705885 0.002190406667
390,loss@168.1 frag@138.13 loss@293.03 loss@257.06 loss@376.18 frag@156.1 frag@67.05 loss@353.01 frag@257.06 frag@181.11 frag@82.07 frag@69.07 loss@215.15 frag@151.1 frag@84.06 frag@259.04 loss@185.11 frag@228.96 frag@71.09 frag@181.13,0.2472127378 0.2107487768 0.03428961709 0.01812529378 0.01693292521 0.01109793503 0.009395351633 0.007849700749 0.007311893627 0.007215936203 0.004220059142 0.003877072595 0.003523601219 0.003246177454 0.003027984174 0.003008459928 0.002756441245 0.002719067037 0.002601918532 0.002597611863
391,frag@286.11 frag@168.11 loss@133.1 frag@310.13 loss@115.12 loss@158.1 frag@288.12 loss@367.11 frag@167.05 frag@168.0 frag@254.04 loss@98.04 frag@269.14 frag@355.08 frag@88.08 frag@176.11 loss@215.08 frag@286.14 loss@293.06 frag@167.09,0.07400224358 0.03654133528 0.01977052167 0.01791460626 0.0164908953 0.01377452631 0.01109078061 0.01048161741 0.009875847027 0.007975935936 0.007623381447 0.007423681207 0.006421514321 0.005492877681 0.004528109916 0.004429125693 0.004272950813 0.004013569094 0.003803983564 0.003675266868
392,loss@41.03 frag@227.13 loss@192.03 frag@126.08 frag@219.13 loss@132.07 frag@184.08 frag@230.08 frag@284.14 frag@273.04 frag@157.05 loss@212.11 loss@184.12 loss@108.08 frag@221.11 frag@143.12 frag@277.08 loss@179.03 loss@62.02 loss@80.21,0.1122015715 0.07666190714 0.04874778539 0.04066294804 0.007755347528 0.006523494609 0.005001904909 0.004988437518 0.004825523123 0.003924110439 0.003869783133 0.003665942 0.003294661408 0.003205402056 0.003120419336 0.002989162924 0.002619762206 0.002464755205 0.002456469461 0.002411879832
393,frag@162.08 loss@161.07 frag@188.09 frag@135.07 frag@216.12 loss@212.11 loss@204.11 loss@220.02 frag@148.09 loss@132.07 frag@291.17 loss@164.11 frag@121.05 frag@190.11 loss@130.09 frag@202.11 loss@134.06 frag@150.08 loss@267.15 loss@158.08,0.1606136113 0.09425528347 0.07015384734 0.01645492762 0.01190979034 0.009903505445 0.008417270146 0.006924118381 0.005448265933 0.005110532045 0.004936230835 0.004924427718 0.004871238954 0.004625702742 0.004450786859 0.004370133858 0.004108792637 0.00397988176 0.003628367558 0.003434772836
394,loss@251.07 loss@312.09 frag@270.04 frag@295.14 frag@59.0 frag@150.04 loss@243.06 frag@349.04 frag@223.01 frag@150.09 frag@243.08 frag@198.94 frag@358.09 frag@183.02 frag@319.07 frag@286.09 frag@245.09 frag@183.01 frag@159.02 frag@353.14,0.2340804189 0.02127118967 0.006180116907 0.004984317813 0.004973821342 0.00459745666 0.004567549098 0.004256609362 0.00366930454 0.00358005357 0.002996747382 0.00293613621 0.002838615095 0.002667307621 0.0026484353 0.002564636758 0.002543609822 0.002513562096 0.002448244952 0.002319346415
395,frag@137.02 loss@150.03 loss@278.07 loss@110.0 loss@111.05 frag@193.09 loss@129.01 loss@149.06 loss@134.08 loss@139.03 loss@126.03 loss@197.07 loss@221.01 loss@121.05 frag@271.07 loss@154.03 frag@238.04 loss@116.99 frag@275.13 loss@128.0,0.2899332047 0.1346079707 0.01987725124 0.00906010624 0.00642182352 0.005384582561 0.004481949843 0.003924341407 0.003697514068 0.003568632761 0.003533962648 0.003385134973 0.003306775587 0.00303375721 0.002967130858 0.002857456915 0.002675374271 0.002581424313 0.002432273235 0.002393006347
396,loss@153.12 frag@67.05 loss@246.13 frag@83.09 frag@97.06 frag@81.07 frag@110.1 loss@305.19 loss@107.11 loss@181.11 frag@181.1 frag@154.04 frag@95.09 frag@43.02 frag@57.03 frag@69.07 frag@175.11 frag@79.05 frag@85.06 frag@55.05,0.2299538404 0.05486480892 0.04103807732 0.01807787456 0.0133033311 0.009305818006 0.008823789656 0.008740702644 0.007923414931 0.007691709325 0.007014880423 0.006673223339 0.006206683349 0.006066691596 0.00605180813 0.005561324768 0.005146843847 0.004959421232 0.004576172214 0.004529091064
397,loss@233.1 loss@269.15 loss@325.08 loss@262.08 loss@249.13 frag@207.08 frag@210.13 frag@159.05 frag@101.11 frag@159.06 frag@240.03 frag@226.13 frag@212.12 frag@225.99 frag@274.01 loss@230.11 frag@177.11 frag@170.1 frag@134.99 frag@172.96,0.1094287932 0.06946709007 0.01499812305 0.01266133599 0.0112648569 0.01096547954 0.01045318041 0.008788431063 0.007825431414 0.007370792329 0.006458259188 0.006092086434 0.005951190833 0.005765429698 0.005036588293 0.004862270784 0.004836025648 0.004738192074 0.004524591845 0.003574344562
398,frag@194.06 loss@304.1 loss@234.2 loss@125.04 loss@255.07 loss@212.08 loss@290.1 loss@193.13 loss@148.09 loss@305.17 frag@314.13 loss@123.04 frag@181.06 frag@361.16 frag@173.95 loss@254.11 frag@251.15 frag@257.13 loss@170.12 loss@192.09,0.3205555081 0.1483239233 0.03527581319 0.006989071146 0.005479593761 0.004163754638 0.003660501447 0.003302931087 0.003067650134 0.002992829541 0.002901466331 0.002808951773 0.002774725435 0.002331931842 0.00229843054 0.002278815024 0.002275557024 0.002229104051 0.001915655681 0.001790273935
399,loss@235.16 frag@179.12 frag@220.02 frag@240.1 frag@83.09 frag@138.05 frag@327.08 frag@220.12 frag@249.04 frag@130.12 loss@363.11 frag@55.05 frag@353.09 frag@203.11 frag@246.15 loss@62.09 loss@179.13 frag@167.98 loss@332.09 frag@193.07,0.2151805013 0.1320959926 0.05084646866 0.03362179548 0.006782578304 0.004647785798 0.003620129079 0.003493713448 0.002855479484 0.002817347413 0.002487600083 0.002170019317 0.002093967283 0.001889158273 0.001870365813 0.00183931319 0.001826342894 0.001701347064 0.001674976433 0.001666425378
400,loss@197.06 frag@98.01 frag@173.04 frag@130.01 loss@129.0 frag@161.04 loss@251.01 frag@83.04 frag@126.0 loss@133.02 loss@220.14 frag@240.06 loss@152.0 frag@112.02 loss@212.06 loss@192.02 loss@145.03 frag@44.98 frag@166.0 loss@237.03,0.1894009262 0.1025608554 0.07019320875 0.0678339228 0.04262941331 0.02040602826 0.0132229263 0.0105940327 0.009135327302 0.006595212966 0.005899750628 0.00553576462 0.005154700018 0.005143499933 0.005052777007 0.005050431006 0.005019518081 0.004554373212 0.004453884438 0.004148812499
401,loss@18.01 frag@203.06 frag@178.03 loss@70.04 loss@59.04 frag@217.08 loss@103.03 loss@122.04 frag@222.03 frag@260.08 frag@304.1 frag@257.09 frag@314.15 frag@231.1 frag@412.32 frag@173.08 frag@162.04 loss@42.01 frag@292.11 frag@264.15,0.2270066887 0.08953225613 0.06815589219 0.05222269148 0.04849716276 0.04565474018 0.03353407606 0.03016477078 0.0294952523 0.02877226099 0.01918046549 0.01488708984 0.01157638896 0.01030597929 0.01001628395 0.006793592591 0.00677244598 0.006644189823 0.006187359337 0.005606620573
402,loss@177.05 frag@241.09 loss@159.04 frag@238.13 loss@214.06 loss@207.01 frag@218.09 loss@149.05 loss@205.04 frag@236.03 loss@318.09 frag@285.1 frag@162.09 frag@202.07 frag@140.05 loss@217.05 frag@209.02 loss@244.05 frag@246.06 frag@156.08,0.167177543 0.1575566977 0.08305514604 0.05010282248 0.04178645462 0.02264179289 0.01891869865 0.01487942599 0.01429990958 0.01083972305 0.01010533236 0.007085715421 0.00561986398 0.004746592138 0.00438448973 0.003982577007 0.003947527148 0.003930210602 0.003838182427 0.003704835894
403,frag@96.04 frag@78.03 frag@106.03 loss@213.09 loss@89.98 loss@251.18 frag@79.04 loss@137.0 loss@101.02 loss@200.02 loss@320.1 loss@261.15 loss@182.03 frag@124.04 loss@247.1 frag@51.02 loss@216.02 loss@94.05 frag@108.04 loss@93.04,0.1898372471 0.09905407578 0.08317041397 0.06627888978 0.02646059357 0.009933260269 0.009377468377 0.008308158256 0.007907818072 0.007840534672 0.007680917624 0.007081008516 0.006928577088 0.006906965282 0.006289948244 0.005895148963 0.004815744236 0.004655381199 0.004418848082 0.004418476485
404,frag@148.06 loss@115.04 loss@116.05 loss@86.01 frag@107.07 loss@141.06 loss@182.08 loss@145.03 loss@236.06 loss@192.07 loss@45.0 loss@112.02 loss@161.07 loss@130.09 loss@298.03 loss@127.04 frag@68.01 loss@113.01 loss@55.04 frag@136.06,0.2711027563 0.05508421734 0.007411465049 0.006873248611 0.004363200627 0.004296583589 0.003755571786 0.00340821594 0.003245326225 0.003164692782 0.00270437263 0.002637968631 0.002634913661 0.002617686754 0.002608448965 0.002566788113 0.002522537252 0.002506905468 0.002498793416 0.002477000933
405,frag@112.11 loss@234.04 loss@188.98 loss@334.1 loss@311.1 frag@140.14 frag@193.07 loss@294.07 frag@130.12 loss@312.08 loss@234.98 loss@207.99 loss@299.09 loss@346.12 loss@199.16 loss@288.18 loss@375.11 loss@235.16 frag@58.06 frag@84.08,0.2807737291 0.0315063335 0.03149927408 0.0252813343 0.02454570308 0.02104168758 0.01671476476 0.0163307488 0.01257917471 0.01232401654 0.01181719732 0.01065778453 0.009686155245 0.009442549199 0.007215840276 0.006308085285 0.005191549659 0.004024490248 0.00329418038 0.003246116452
406,loss@153.08 loss@140.1 frag@319.07 frag@291.08 frag@231.0 frag@161.01 frag@97.06 frag@179.11 frag@58.03 frag@113.06 frag@43.02 frag@269.04 frag@164.02 frag@209.14 frag@166.01 loss@181.07 frag@202.92 frag@174.97 frag@130.99 frag@196.0,0.2370550036 0.1367975026 0.04716038704 0.02723813243 0.01335773058 0.006767122541 0.006671932992 0.006409736816 0.006242304575 0.00512339687 0.004993562121 0.004843989853 0.004605398513 0.004418975674 0.004400259815 0.004107378423 0.003845816012 0.003755932441 0.003704321804 0.00316966977
407,loss@20.01 frag@174.08 frag@197.09 frag@199.08 loss@61.05 frag@228.08 frag@336.19 loss@156.16 loss@290.15 loss@233.03 frag@139.0 loss@336.16 frag@283.08 frag@246.14 frag@377.15 loss@231.01 loss@191.99 loss@151.09 frag@334.17 loss@56.07,0.07713833451 0.05487824231 0.05083235353 0.04640452936 0.04265161976 0.03472871706 0.02441907302 0.02433481626 0.0238747932 0.02163745649 0.01295942627 0.01009927876 0.009811494499 0.00717083877 0.007051079534 0.006964525674 0.006737508345 0.006443381775 0.006245486904 0.006146647036
408,frag@147.03 loss@199.13 loss@251.2 loss@361.13 loss@320.1 frag@188.05 frag@111.03 frag@163.02 loss@237.08 frag@112.09 frag@135.03 loss@194.04 frag@136.05 loss@357.12 frag@87.03 loss@168.04 frag@174.04 frag@84.99 frag@166.09 loss@218.01,0.2990352213 0.109511137 0.07104650885 0.01967025734 0.01425804012 0.004954566713 0.003993190359 0.003336793277 0.003184831934 0.002905584173 0.002740235766 0.002503005788 0.002467584098 0.002464953577 0.002446253551 0.002297864528 0.002259373665 0.002157973591 0.002147309715 0.00207354757
409,loss@172.12 frag@224.08 frag@87.06 frag@162.13 frag@353.09 frag@126.09 frag@203.07 frag@84.08 frag@150.13 frag@124.08 frag@220.06 frag@60.04 frag@110.1 frag@68.05 frag@264.05 frag@112.08 frag@55.05 frag@154.09 loss@278.13 frag@87.04,0.26979509 0.03779745847 0.01824842021 0.01723371632 0.01017628424 0.006895915605 0.00609678356 0.00446938863 0.003753449768 0.003693029517 0.003635266563 0.003473797813 0.003304822138 0.003149011871 0.003106105141 0.0030941593 0.002844616771 0.002839885419 0.002819210757 0.002783925505
410,frag@142.08 loss@290.14 frag@181.0 frag@210.05 loss@310.07 loss@174.1 loss@293.12 loss@308.15 loss@261.17 loss@201.15 frag@245.02 loss@243.0 frag@334.1 frag@185.1 loss@297.14 frag@320.16 frag@199.11 loss@298.07 loss@229.15 loss@250.06,0.1034341082 0.05420561507 0.03709429502 0.02987767756 0.02675713971 0.02449444495 0.02228148468 0.01697041467 0.01471661776 0.01103793085 0.009765679017 0.006826491095 0.005936620291 0.005770967808 0.00571078388 0.005094872322 0.0050220103 0.004418333527 0.004382833838 0.004254344851
411,frag@141.02 loss@191.1 loss@134.11 loss@332.13 loss@362.2 frag@73.06 frag@156.14 frag@160.11 frag@115.03 frag@190.09 frag@366.15 loss@185.11 loss@264.15 frag@131.03 loss@445.16 frag@123.08 loss@272.12 loss@265.13 frag@57.03 frag@138.09,0.2738876343 0.1520600468 0.1032311991 0.02507884242 0.01737876609 0.00450310111 0.004483900499 0.004479957279 0.002787476638 0.002661654726 0.002443857957 0.0022628312 0.002221689792 0.00217558234 0.002086175838 0.002075505909 0.002002177062 0.001896826318 0.001861322206 0.001848127111
412,loss@182.02 frag@183.01 loss@138.11 frag@183.02 loss@287.03 frag@189.14 frag@134.1 loss@294.01 frag@322.17 frag@297.15 frag@164.14 frag@143.04 loss@144.03 frag@273.06 frag@161.94 frag@155.08 loss@224.03 frag@220.06 frag@99.06 frag@119.07,0.1082478985 0.104760237 0.05342774093 0.0459962301 0.03236498311 0.01018511411 0.008311178535 0.007189896423 0.006689683534 0.005518326536 0.005397012457 0.004732434172 0.00453853095 0.004098032136 0.003831876675 0.003676346503 0.003454541788 0.003234959906 0.003202621127 0.003129001008
413,frag@222.11 loss@204.16 frag@312.16 loss@316.11 loss@299.11 frag@231.11 loss@309.21 loss@211.0 frag@308.06 frag@211.04 frag@275.12 loss@135.1 frag@201.04 frag@136.03 frag@160.05 loss@67.04 frag@287.07 frag@213.07 frag@270.11 frag@270.07,0.1082749292 0.04068586603 0.02727770619 0.02633744106 0.02448408864 0.02385039814 0.02261831053 0.01228876784 0.0122753419 0.009835499339 0.009579782374 0.005424189381 0.005369880237 0.005328510422 0.004856536165 0.004542198498 0.00423666928 0.003949750215 0.003836887656 0.003388540354
414,loss@252.1 loss@205.05 loss@353.09 frag@223.06 frag@165.05 frag@182.08 frag@140.05 frag@199.06 frag@103.06 frag@229.06 frag@152.05 frag@143.06 frag@210.1 frag@195.05 frag@148.03 frag@150.04 frag@134.1 frag@223.12 frag@194.08 frag@271.07,0.1832868159 0.1133182496 0.02019808628 0.01280075125 0.00821327325 0.00711250864 0.006605507806 0.005447543226 0.004936668556 0.004628959112 0.004474154208 0.004291973542 0.004173027817 0.003983955365 0.003946058918 0.003838363569 0.003814436495 0.003540797159 0.003447083058 0.00333033246
415,loss@77.05 frag@185.1 loss@132.09 frag@317.21 loss@278.06 frag@208.02 frag@173.1 frag@171.08 frag@128.06 frag@191.15 frag@230.98 frag@76.04 loss@376.13 frag@117.07 frag@145.1 frag@284.11 frag@113.1 frag@213.1 frag@129.07 frag@143.09,0.1655931324 0.1322498769 0.123388119 0.02738101222 0.01630728878 0.01590308733 0.006728155538 0.005855658092 0.004869309254 0.004781649448 0.004703747109 0.00437490968 0.003916053101 0.003275657538 0.003176901024 0.002940067556 0.002795007778 0.002640183782 0.002555333544 0.002540488495
416,frag@93.03 loss@248.06 loss@318.1 loss@313.1 frag@81.03 frag@53.04 frag@109.03 loss@287.06 loss@185.12 loss@268.1 frag@123.01 loss@221.1 frag@121.04 frag@123.04 frag@179.08 loss@245.03 loss@295.1 frag@384.2 frag@347.19 frag@255.12,0.1085716188 0.06016803533 0.04954236746 0.04448099434 0.04396867752 0.02329784818 0.01525403 0.006306328345 0.006212008186 0.005253446754 0.005216835067 0.004194798879 0.003808662528 0.003730393248 0.00364101748 0.003338773735 0.003326749895 0.003231391078 0.003219597274 0.003145857016
417,loss@178.08 loss@211.03 frag@290.14 frag@115.03 loss@124.02 frag@162.03 frag@148.02 frag@241.14 frag@61.01 frag@129.01 frag@163.03 frag@191.02 frag@96.02 frag@303.09 frag@160.11 frag@321.1 loss@178.07 frag@138.02 frag@113.07 frag@166.1,0.2245581895 0.07484791428 0.01666967012 0.01031672955 0.007155321073 0.005701067392 0.004563498776 0.004491037223 0.003917947877 0.003822800471 0.003800617298 0.003501030384 0.00285702385 0.002800810151 0.002673733281 0.002649408765 0.002647094196 0.002487842692 0.002368194982 0.002339156577
418,frag@146.03 loss@193.13 loss@182.1 frag@183.11 loss@208.06 frag@164.07 loss@151.08 frag@155.02 loss@234.11 loss@157.92 frag@118.04 loss@364.14 frag@202.0 loss@152.09 loss@382.11 loss@267.12 loss@188.15 loss@154.08 frag@87.06 frag@223.12,0.3007334471 0.05944751576 0.03679274395 0.008049547672 0.004013966303 0.003713486018 0.002993420698 0.002860571956 0.002561040688 0.002517117886 0.002426461317 0.00215662783 0.001805171836 0.001797036035 0.001725425129 0.001477548154 0.00145961158 0.001445688889 0.001402835478 0.001285431208
419,loss@200.01 loss@253.04 frag@182.0 frag@177.01 loss@241.04 loss@186.0 frag@258.09 frag@319.19 loss@227.03 frag@149.07 frag@141.03 frag@246.06 frag@230.17 frag@142.02 frag@125.01 loss@237.03 frag@155.08 frag@174.03 loss@183.0 frag@171.1,0.1201660708 0.09562584013 0.08147227019 0.0139280837 0.01010509674 0.008717054501 0.007787940092 0.007188315038 0.00686019659 0.006469218526 0.006252781022 0.006055796053 0.005396354478 0.004507754464 0.004494546447 0.004334640689 0.004236871377 0.003896853421 0.003597653005 0.003563870676
420,frag@112.08 loss@168.16 frag@191.05 frag@84.08 loss@263.12 loss@277.18 loss@396.14 loss@283.03 loss@310.1 loss@204.15 loss@195.16 loss@236.17 loss@264.16 loss@157.07 frag@82.06 loss@258.01 frag@84.09 loss@299.19 loss@211.13 loss@305.07,0.2651998401 0.03301824629 0.03086576425 0.02450348996 0.01835676841 0.01692691073 0.01619281061 0.01557073742 0.0128476657 0.007385297678 0.007302765734 0.006675204728 0.005824199412 0.005649138708 0.005578292999 0.005475959275 0.004735792987 0.00415228121 0.004151271656 0.00411261525
421,frag@127.09 loss@238.11 loss@238.13 loss@212.15 loss@241.11 loss@268.12 frag@110.1 loss@253.11 frag@124.08 loss@262.11 frag@84.08 frag@99.07 frag@82.07 frag@142.09 loss@194.14 frag@101.11 frag@112.08 frag@114.09 loss@246.13 frag@156.14,0.07875528932 0.05826143548 0.05247633532 0.03286673501 0.0262423344 0.02237220854 0.02008609474 0.01794531383 0.01573332772 0.01561096217 0.01531259902 0.01353111677 0.01045793202 0.009942403995 0.009786294773 0.009038608521 0.008972680196 0.008594292216 0.008117750287 0.006672626827
422,frag@210.09 loss@96.02 loss@93.02 frag@303.12 frag@179.03 frag@178.06 frag@206.08 frag@241.14 frag@159.08 loss@9.98 frag@150.04 frag@287.1 frag@208.1 frag@141.0 loss@78.92 frag@167.07 frag@148.05 loss@27.99 loss@116.99 frag@104.01,0.1545045227 0.1067120284 0.1006486267 0.00733578112 0.005015302915 0.00486266939 0.003534924239 0.003204991342 0.003183282912 0.003004345577 0.002878755564 0.002774732653 0.00274454616 0.002719719661 0.002705945401 0.002607737901 0.002607681789 0.002569566946 0.002497985959 0.002455363283
423,loss@111.07 loss@111.11 loss@111.06 frag@179.05 frag@185.08 frag@156.98 frag@144.06 frag@167.07 frag@217.06 frag@233.14 frag@219.04 frag@205.06 frag@281.06 frag@188.08 frag@45.03 frag@147.0 frag@178.06 frag@183.09 frag@62.02 frag@231.16,0.3210215271 0.01720359735 0.01419005729 0.007283060811 0.007110224571 0.006323521957 0.006074910052 0.004647080321 0.0042968872 0.004133144859 0.003501182189 0.003339239396 0.00329258712 0.003075839486 0.002868873999 0.002755303634 0.002740443917 0.002562784357 0.002540806774 0.002524309559
424,frag@194.05 frag@166.02 frag@336.08 loss@152.08 frag@318.06 loss@386.12 loss@333.14 loss@95.02 loss@157.08 loss@170.05 loss@193.09 loss@295.13 loss@175.11 loss@188.02 loss@339.11 loss@324.06 frag@256.13 frag@157.06 frag@180.05 frag@184.1,0.2194796056 0.04052552581 0.0268550925 0.02210951596 0.009523962624 0.005572919734 0.005179166328 0.004046752583 0.003875569906 0.003704798175 0.003491918556 0.003204382956 0.002833639272 0.002762753982 0.002636339981 0.002427970525 0.002348732436 0.002310182666 0.002192150801 0.002167798812
425,loss@134.07 frag@161.06 frag@123.08 frag@133.06 frag@132.06 frag@176.11 frag@118.04 frag@131.05 loss@172.08 frag@156.03 frag@145.09 frag@188.11 frag@162.07 frag@172.02 frag@160.05 frag@256.05 frag@261.17 frag@316.11 frag@104.05 frag@103.05,0.2469839603 0.01170799602 0.009149672464 0.006354430225 0.006307106465 0.004559961613 0.004231496248 0.003801725805 0.0035403457 0.003508116817 0.003421678673 0.003287274623 0.003271986498 0.003241977189 0.003176142694 0.003075171961 0.002943309955 0.002935476135 0.002906133886 0.002854637103
426,frag@116.05 frag@144.04 loss@204.06 frag@89.04 loss@232.05 frag@134.06 loss@257.02 loss@215.14 loss@213.07 loss@386.12 loss@62.0 loss@72.99 loss@112.02 frag@172.05 loss@111.14 frag@144.06 loss@261.03 loss@180.06 loss@83.0 loss@96.01,0.1784172058 0.1392498016 0.04752996191 0.04644398764 0.02267539501 0.02079470083 0.01418929081 0.009506146424 0.009290524758 0.008701627143 0.008394090459 0.008331754245 0.006544594187 0.006437506527 0.00608938979 0.006042387336 0.005222360604 0.004764780402 0.004312385805 0.003987675533
427,loss@27.99 frag@196.1 loss@83.04 loss@55.99 loss@30.01 frag@64.02 loss@74.0 loss@101.01 frag@62.99 loss@116.99 frag@63.02 loss@97.02 frag@322.16 frag@229.06 frag@120.02 frag@178.09 loss@43.99 frag@129.04 loss@9.98 loss@28.0,0.1061271802 0.05046877265 0.04919357598 0.04805731028 0.02009227313 0.0170363877 0.01301012374 0.008495620452 0.007782948669 0.007369563915 0.007316369563 0.007292275317 0.006534371525 0.006366212387 0.006146332715 0.006086067762 0.005880346056 0.005732782651 0.005513686687 0.005179093685
428,loss@218.14 loss@250.08 loss@201.12 frag@105.03 frag@89.07 frag@232.13 loss@268.15 frag@121.06 frag@202.12 frag@190.09 frag@120.08 frag@273.11 frag@188.14 loss@316.12 frag@135.08 frag@161.1 frag@176.14 frag@161.06 frag@325.09 frag@184.02,0.1404476166 0.08573143184 0.07790384442 0.04599480331 0.04438565671 0.01746600121 0.01638103649 0.0119474493 0.01013682131 0.008400919847 0.008315256797 0.008196723647 0.00802939292 0.007980129682 0.007978688926 0.007510600612 0.007381839678 0.006771774497 0.006511022337 0.006222900469
429,frag@81.03 frag@53.04 loss@228.07 loss@248.06 loss@279.13 loss@267.99 loss@287.06 loss@254.04 loss@367.12 loss@204.0 loss@266.12 loss@245.03 loss@271.05 loss@261.12 loss@256.97 loss@268.1 loss@263.15 loss@319.98 loss@367.05 loss@236.04,0.3598869145 0.04778326675 0.0228993576 0.02117540501 0.01956548169 0.01457891148 0.01435132604 0.01249897853 0.009444485418 0.007728324272 0.007285341155 0.00726332562 0.007178133819 0.005267565139 0.005227345973 0.005134373438 0.005032908171 0.004816501401 0.003646000288 0.003524022875
430,loss@333.12 loss@331.11 loss@319.11 frag@158.08 frag@159.09 frag@130.07 frag@188.07 loss@279.11 frag@170.06 frag@132.08 frag@116.06 frag@199.09 loss@297.02 frag@170.1 loss@364.12 frag@189.05 frag@142.07 frag@143.08 frag@208.02 frag@157.08,0.06474494189 0.05275289714 0.03253754973 0.03210464865 0.02170809917 0.01569381915 0.0155712124 0.01394935604 0.01391307078 0.01119433809 0.009824734181 0.009162930772 0.007990816608 0.007715148851 0.007611805573 0.006520987023 0.006172992755 0.005597628653 0.005509515293 0.005379073322
431,frag@189.06 frag@169.06 loss@331.1 loss@214.05 frag@144.1 frag@155.12 loss@186.05 frag@98.03 frag@244.13 frag@199.02 frag@153.08 loss@268.09 loss@128.04 frag@233.13 loss@139.02 loss@170.04 loss@168.05 loss@100.02 loss@127.03 loss@260.06,0.2649913728 0.009145981632 0.002896804595 0.002242673887 0.00217449409 0.002147097373 0.001986330375 0.001878532581 0.001744108507 0.001669871155 0.001540566096 0.001483451924 0.001477056067 0.00147382624 0.001472737291 0.001464742119 0.00145114481 0.001423271839 0.001418039086 0.00138864154
432,loss@292.12 frag@220.11 frag@210.13 frag@179.11 loss@291.13 loss@146.14 frag@347.15 loss@316.22 frag@203.13 frag@222.1 frag@189.05 frag@228.11 frag@186.07 loss@280.12 frag@161.1 loss@140.1 loss@205.14 loss@280.03 loss@262.08 frag@232.13,0.1476253122 0.09987609088 0.05796943232 0.0224417001 0.01304570958 0.007632684428 0.006905699614 0.0053913882 0.004248017911 0.003910099622 0.003596132156 0.002923480235 0.002901606495 0.002585573122 0.002414810238 0.002147262683 0.002134784125 0.002051895717 0.002040209714 0.002016615588
433,frag@177.01 loss@207.02 frag@194.01 frag@195.02 frag@81.03 frag@106.03 frag@53.04 frag@194.08 frag@122.01 frag@109.03 frag@123.04 frag@142.01 loss@227.07 frag@139.02 loss@205.0 frag@93.03 frag@182.0 frag@186.99 loss@251.18 frag@210.06,0.1703179926 0.1571484655 0.009648384526 0.007028861437 0.004638048355 0.003953600768 0.003810727503 0.003312248038 0.003096635686 0.002963300794 0.002511150902 0.002462558448 0.002433176152 0.00229301909 0.002289226279 0.002212460386 0.001922119642 0.001874289592 0.001585556893 0.001556185191
434,frag@166.01 loss@155.03 frag@199.01 frag@229.03 frag@255.06 loss@144.03 loss@160.01 loss@174.04 frag@286.09 frag@297.09 loss@158.05 loss@244.98 loss@149.01 frag@309.14 frag@160.02 frag@106.04 frag@148.06 frag@228.07 loss@169.06 frag@302.17,0.1074317396 0.07026646286 0.03316257522 0.02437101118 0.0132141402 0.01269820519 0.01204995625 0.005495497026 0.004157389514 0.002834964544 0.002619711915 0.002602171153 0.002335657598 0.002241663402 0.002056553029 0.002000717446 0.001905356417 0.001896637143 0.001856774441 0.001803274965
435,frag@146.02 loss@259.17 loss@170.13 frag@189.07 loss@229.02 loss@211.99 loss@275.13 loss@143.13 loss@167.09 loss@210.17 loss@261.18 loss@156.13 loss@227.17 loss@182.18 loss@184.19 loss@316.11 loss@243.14 loss@210.15 loss@176.13 loss@153.11,0.3728844523 0.07129989564 0.008131183684 0.007600565907 0.007594764233 0.006429628003 0.005456067156 0.005297840573 0.00446676556 0.004005265888 0.003638302442 0.003423509654 0.003293339629 0.003150493605 0.003110257676 0.003104690695 0.002880222397 0.00266574882 0.002627540613 0.002597279148
436,loss@155.13 frag@207.02 loss@206.02 frag@230.1 frag@171.97 loss@269.03 frag@207.04 loss@153.0 loss@125.01 loss@367.19 loss@144.0 loss@271.06 frag@259.04 frag@111.12 loss@209.18 frag@102.09 frag@124.04 loss@295.01 frag@135.02 loss@267.98,0.147649467 0.07067041844 0.06159273535 0.05739434808 0.04941515252 0.03122600541 0.02259712294 0.02111716941 0.01554331742 0.01044274587 0.00978208147 0.008954107761 0.007208316587 0.007156591397 0.00679023657 0.005569770467 0.004642852116 0.004638366401 0.004435218405 0.004212918691
437,loss@257.05 loss@130.04 loss@147.0 frag@286.12 frag@241.02 frag@344.11 frag@173.08 loss@113.01 frag@124.04 frag@42.03 frag@216.14 frag@99.01 frag@198.94 frag@326.11 frag@176.98 frag@248.1 frag@184.03 loss@83.04 loss@141.04 frag@199.09,0.1559247077 0.08614256978 0.007778760046 0.004167930689 0.004102052655 0.00355763128 0.003554139985 0.00336417486 0.002994168084 0.002883389825 0.002637027297 0.002522706753 0.00245671859 0.002429600572 0.002417976968 0.002193123801 0.002126689767 0.002116136486 0.002097002929 0.001946292468
438,loss@232.13 loss@201.13 loss@286.17 frag@176.11 frag@133.06 frag@73.06 frag@67.06 frag@130.97 frag@148.08 frag@190.1 frag@218.15 loss@244.16 frag@129.1 frag@177.11 frag@175.11 frag@139.02 frag@114.05 frag@143.08 frag@160.1 frag@213.0,0.177629903 0.03922363743 0.03518201038 0.00861942675 0.008130739443 0.00675276015 0.006453143898 0.005324351601 0.004784721881 0.004575200845 0.004301915411 0.003508480964 0.003505237866 0.003296408569 0.003247290384 0.003133603139 0.003130102297 0.003107263707 0.00303860195 0.003020728473
439,frag@99.08 frag@57.03 frag@67.05 frag@43.02 frag@97.06 loss@202.13 loss@223.09 loss@236.15 loss@169.11 frag@87.04 frag@81.07 loss@239.16 loss@181.11 loss@445.16 loss@185.11 frag@69.07 loss@184.12 loss@285.15 frag@85.06 frag@67.06,0.1538015753 0.08602001518 0.01831913739 0.01349147689 0.01140235551 0.009378436953 0.008928413503 0.007473687641 0.006879747845 0.006423573475 0.006417346653 0.006027843338 0.005191605538 0.004874281585 0.004666442052 0.004390720744 0.004220113158 0.004109591711 0.003609298263 0.003357808804
440,loss@215.08 loss@239.08 frag@101.02 frag@131.03 loss@251.08 frag@264.12 frag@141.02 frag@99.07 frag@59.0 frag@287.09 frag@259.03 frag@210.12 frag@101.11 frag@89.07 frag@353.14 frag@254.13 frag@174.03 frag@141.05 loss@189.06 frag@208.07,0.1305669695 0.1052929908 0.01189180743 0.004678169265 0.004455931019 0.004385125358 0.004242203664 0.00371647859 0.00365704624 0.003400864312 0.00318075926 0.002515504835 0.002493153326 0.002474002074 0.002340293489 0.002258994384 0.002254494233 0.002249375219 0.002186123282 0.002165588085
441,loss@181.11 frag@83.09 loss@153.11 frag@67.05 frag@124.08 frag@81.07 frag@178.06 frag@154.04 frag@150.13 frag@110.1 frag@138.09 frag@124.11 frag@208.04 frag@115.03 frag@178.12 frag@79.05 frag@129.1 frag@181.1 frag@144.09 loss@199.12,0.295819521 0.01295899134 0.01050089765 0.008858954534 0.008522656746 0.008190763183 0.006151359528 0.005803202279 0.005560558755 0.00554911606 0.005437273066 0.00543491682 0.005433696788 0.005163926631 0.005147271324 0.005061082542 0.00387548469 0.003794669872 0.003674619598 0.003647959325
442,loss@215.12 loss@189.1 frag@216.12 frag@142.02 frag@202.11 frag@191.13 frag@186.09 frag@168.96 frag@147.07 frag@211.01 frag@176.09 frag@136.05 frag@162.08 frag@148.09 frag@200.08 frag@180.1 frag@243.16 frag@134.07 frag@134.99 frag@120.06,0.130223453 0.07302303612 0.02122611739 0.00810599234 0.008033527993 0.007292043418 0.007130066864 0.006095401477 0.005876221228 0.005757316481 0.005019519012 0.004714668728 0.004622978624 0.003977184184 0.003625794547 0.003597823437 0.003456300823 0.003200982232 0.003145254683 0.003003636608
443,loss@126.03 frag@142.01 loss@202.02 loss@288.07 frag@53.0 frag@293.14 frag@347.02 frag@52.02 loss@163.14 frag@161.03 frag@123.0 frag@190.04 loss@217.04 frag@127.0 frag@157.01 frag@69.01 loss@147.04 frag@114.01 frag@127.03 frag@79.03,0.1783481091 0.1137344465 0.05593271181 0.05428929254 0.01256321091 0.005132689141 0.00470730802 0.004408905283 0.003903686069 0.003422203939 0.003177816281 0.002848687582 0.002831127727 0.002804010874 0.002761179581 0.002733574715 0.002656104509 0.002644557506 0.002438213211 0.002260656329
444,loss@142.07 loss@140.08 frag@197.1 frag@117.07 frag@123.08 frag@129.07 frag@240.12 frag@57.03 frag@115.06 frag@218.14 frag@143.09 frag@173.06 frag@155.98 frag@43.02 frag@145.1 frag@195.08 frag@128.06 frag@116.06 frag@236.03 frag@119.09,0.2370563745 0.148737222 0.08801445365 0.01250035968 0.01131957304 0.007106298115 0.007032485679 0.005994383711 0.005531625357 0.005443638191 0.005096244626 0.004953651689 0.004368108232 0.004273078404 0.004234232474 0.004072949756 0.003997765947 0.003891010303 0.003797695739 0.003656416666
445,loss@171.11 frag@310.12 loss@143.08 frag@168.96 frag@90.05 frag@187.07 frag@186.09 frag@239.08 frag@229.06 frag@365.14 frag@141.07 frag@128.04 frag@167.05 frag@321.17 frag@155.05 frag@211.01 frag@233.11 frag@208.13 frag@328.18 frag@71.03,0.1102315784 0.0471397303 0.02163900062 0.01648925245 0.006107870024 0.003857260337 0.003277756739 0.002760417527 0.002502094721 0.002469118685 0.002405499108 0.002405321924 0.002402815735 0.002240495523 0.002186396159 0.002093214309 0.002013532212 0.00195858092 0.001896446222 0.001864057384
446,frag@101.02 frag@74.01 frag@142.04 frag@317.09 frag@58.99 loss@172.07 frag@115.03 loss@178.07 loss@237.22 loss@206.07 loss@183.01 frag@158.0 frag@57.99 loss@135.09 loss@248.15 loss@183.98 loss@211.03 frag@114.04 frag@229.11 loss@265.08,0.1103218198 0.08960585296 0.06596644223 0.01171001699 0.007138695568 0.005832476541 0.00317578367 0.002933759242 0.002897825791 0.002893670928 0.002878568368 0.002671377268 0.002494426444 0.002163061639 0.002152794274 0.002133919625 0.002100342652 0.0020334078 0.002002611291 0.001980073983
447,loss@230.07 loss@338.1 frag@92.06 frag@163.09 frag@114.04 frag@92.05 frag@65.04 frag@206.06 loss@229.08 frag@164.07 frag@166.09 frag@127.03 frag@67.02 frag@193.13 frag@121.04 loss@247.1 loss@120.06 frag@201.14 frag@281.14 frag@170.12,0.2801649868 0.008630322292 0.007895019837 0.005562346429 0.004467316903 0.004249586258 0.003704493167 0.003352749161 0.003338413313 0.003282947466 0.003214625176 0.002934171353 0.002874455648 0.002822481096 0.002790853847 0.002518169582 0.002358346013 0.002227505669 0.002183476463 0.00217712624
448,frag@178.12 loss@155.1 loss@184.11 frag@82.03 frag@314.13 loss@274.04 loss@290.1 loss@141.08 loss@271.12 loss@253.11 frag@220.11 frag@157.0 frag@150.09 frag@131.08 loss@294.08 loss@192.09 frag@242.11 loss@267.12 frag@191.06 loss@252.15,0.2378529757 0.1455265284 0.006078273058 0.005680351518 0.003576241201 0.003406389616 0.003325340804 0.002853504848 0.002844218398 0.002795053646 0.002757511567 0.002648640424 0.00243344903 0.002334611025 0.002329629147 0.002282272559 0.002104602288 0.002067464171 0.002037222032 0.002033037832
449,loss@203.09 frag@216.08 frag@327.12 loss@165.07 frag@189.05 frag@190.12 frag@204.05 loss@197.03 frag@174.04 frag@130.97 frag@70.99 frag@448.16 frag@187.09 frag@384.2 frag@71.0 loss@182.02 loss@309.15 loss@306.13 frag@140.02 frag@72.0,0.2644619644 0.1871296167 0.02133212239 0.01331426855 0.01098262146 0.007859645411 0.007769680582 0.006002066657 0.005418240558 0.004555872642 0.004237025976 0.004024715628 0.003925252706 0.003791680792 0.003778240411 0.003498354461 0.003422871698 0.003193360288 0.003184950678 0.003070213133
450,frag@121.08 loss@164.06 loss@203.07 loss@215.07 frag@107.06 loss@175.08 frag@80.05 frag@122.08 loss@223.05 loss@173.07 frag@154.03 loss@187.04 frag@133.08 loss@192.07 loss@212.06 loss@171.05 frag@191.12 frag@92.05 loss@223.04 frag@109.08,0.189462021 0.04264787957 0.03554264456 0.03219019249 0.021407919 0.01963551529 0.01934684627 0.01760487258 0.01622930728 0.01611365564 0.01602634601 0.01414442807 0.01391937677 0.01383944228 0.01367512997 0.01345790457 0.01236398797 0.0100872945 0.01000446174 0.00982002914
451,frag@208.0 loss@269.1 frag@240.14 loss@334.08 loss@138.15 loss@396.19 frag@174.07 loss@312.12 frag@270.12 frag@195.05 frag@269.1 loss@193.13 loss@84.0 frag@94.99 frag@112.09 frag@95.01 loss@190.96 frag@189.14 frag@214.1 frag@207.02,0.1630580872 0.08900361508 0.07408236712 0.03742709756 0.01960236579 0.004933533259 0.004345812835 0.004222288262 0.003840581514 0.003725626273 0.003655530047 0.003501409898 0.003203602973 0.003088989761 0.0029376538 0.002806065604 0.002645620378 0.002582120709 0.002544512972 0.002384345047
452,frag@212.07 frag@264.07 frag@231.05 loss@365.14 frag@302.09 frag@282.08 frag@294.1 loss@223.0 frag@194.05 loss@342.1 frag@129.03 loss@327.13 frag@252.11 frag@286.09 loss@97.1 loss@240.08 loss@239.08 loss@179.03 loss@18.11 loss@143.12,0.08091168851 0.04847782478 0.03552549705 0.00845186878 0.007181453984 0.006866073236 0.006287388504 0.004719762597 0.004163775127 0.003636247711 0.00305240741 0.002401428996 0.002391507616 0.002308791736 0.002302846871 0.002278888365 0.002214133041 0.00219646981 0.002097841119 0.001958016073
453,loss@156.0 frag@279.09 frag@335.11 loss@253.03 frag@292.13 frag@128.04 frag@186.05 frag@329.08 frag@141.03 frag@319.19 loss@318.09 loss@190.04 loss@292.01 frag@109.03 frag@186.09 frag@227.03 loss@129.01 frag@218.09 loss@214.07 frag@113.01,0.1634229273 0.1006423458 0.04809817299 0.03252160922 0.007789340802 0.004726138897 0.00455904007 0.003832885297 0.003690124024 0.00340415095 0.003278671764 0.003004244529 0.002997846343 0.002495757304 0.002211647807 0.00217533554 0.002095290227 0.00196744781 0.00196610298 0.001962444279
454,frag@202.03 frag@349.14 frag@237.0 loss@308.04 loss@142.02 frag@188.04 frag@174.04 frag@150.04 loss@141.02 loss@62.09 frag@147.03 frag@201.07 loss@32.98 frag@152.03 frag@148.03 frag@321.14 loss@111.11 frag@168.07 loss@357.12 loss@275.07,0.08198481798 0.03629492968 0.01847751066 0.0123604089 0.007829635404 0.00545288343 0.005131004844 0.005096982233 0.004153254908 0.003474567086 0.002643788001 0.002309396863 0.002288919874 0.002151825 0.002045668196 0.001923369127 0.001864486374 0.001858172589 0.001720495638 0.001640815404
455,frag@121.07 loss@223.09 loss@329.17 loss@206.01 loss@332.08 frag@151.08 frag@182.01 frag@59.0 frag@131.08 frag@176.98 loss@275.1 loss@263.19 frag@241.02 loss@309.16 loss@239.16 loss@249.1 frag@243.16 frag@381.17 frag@81.03 frag@93.03,0.2789406776 0.1108118668 0.04735711962 0.03268225491 0.01807689853 0.006063750479 0.005052321125 0.004607327748 0.003768567694 0.003408375895 0.003404300893 0.003302966245 0.002975518815 0.002935733413 0.00281624333 0.002583553782 0.002416217234 0.002381880768 0.002358596073 0.002125445986
456,loss@182.09 loss@183.01 loss@172.07 frag@57.03 frag@123.08 frag@319.16 frag@107.09 frag@119.09 frag@115.03 frag@83.01 frag@187.11 frag@79.05 loss@232.11 frag@74.01 frag@145.07 frag@144.96 frag@46.34 frag@129.07 frag@332.06 loss@187.03,0.1615964174 0.1018284857 0.03218268603 0.01757725142 0.005385968369 0.005033441354 0.00396288 0.003886879655 0.003807704197 0.003802703461 0.003649016609 0.003555097152 0.003469232703 0.003440819914 0.003420839086 0.003371865954 0.00313897524 0.003135411767 0.003037118586 0.003027256578
457,frag@62.99 loss@101.02 loss@86.01 loss@113.02 loss@180.99 frag@53.0 frag@68.01 frag@90.03 frag@51.02 loss@115.04 loss@114.04 loss@100.03 frag@57.93 loss@248.02 frag@107.03 frag@117.04 frag@138.01 loss@113.01 frag@86.0 frag@72.94,0.1479246765 0.1031847671 0.07210193574 0.03051244467 0.02909782901 0.02582477406 0.01125764847 0.01113583986 0.01037026104 0.008862237446 0.008739897981 0.007620043587 0.00744651258 0.006966672838 0.006700410973 0.006641442887 0.00538238883 0.00518218521 0.00511046825 0.005105272867
458,frag@177.05 loss@147.08 loss@341.03 loss@173.1 loss@239.1 frag@145.03 loss@624.23 loss@146.07 loss@136.09 loss@179.04 frag@191.03 loss@567.22 loss@342.13 loss@368.11 loss@176.04 loss@161.05 loss@94.04 frag@51.03 loss@148.02 frag@310.1,0.3693997264 0.07789313048 0.01895391569 0.003937057685 0.003397191875 0.003091287101 0.002765500452 0.002589427168 0.002428361215 0.002404181054 0.002148354426 0.001992724836 0.001931147068 0.001922959695 0.001914132503 0.0019066073 0.001863164711 0.001814353396 0.001740118722 0.001695683575
459,frag@86.0 frag@77.0 loss@92.06 frag@78.49 frag@56.96 frag@161.02 loss@89.04 loss@61.02 frag@69.0 loss@50.05 loss@114.04 frag@62.99 loss@97.02 loss@99.03 loss@101.06 loss@115.04 loss@81.06 loss@104.05 loss@55.01 frag@57.93,0.1506669223 0.06320316344 0.04790354148 0.0406726785 0.02647262812 0.02390348352 0.02033114247 0.01422898751 0.01205428969 0.01028234418 0.00977550447 0.009229307994 0.008976668119 0.006581648253 0.006019683089 0.005849875975 0.005808449816 0.005275194068 0.005079669412 0.00505030388
460,loss@233.07 frag@55.02 frag@161.06 frag@176.98 frag@87.04 frag@84.09 frag@59.05 frag@79.05 frag@228.99 frag@246.15 frag@81.02 frag@138.09 loss@186.04 frag@140.14 frag@161.04 frag@306.11 frag@43.02 frag@165.02 frag@240.06 frag@115.07,0.274143517 0.009466244839 0.007083550561 0.007031238172 0.006814464927 0.005811330397 0.004902052693 0.004384939093 0.004300807603 0.004217952024 0.004197817296 0.004179944284 0.003812943585 0.003738930682 0.003652917687 0.003609912237 0.003347652266 0.003255162155 0.003204381093 0.003157146974
461,frag@118.05 frag@192.03 loss@128.03 loss@200.04 loss@172.04 loss@197.04 frag@241.07 loss@150.04 frag@172.07 loss@177.97 frag@135.07 loss@178.97 loss@277.96 frag@215.13 loss@181.01 loss@127.03 loss@115.04 loss@172.05 loss@199.01 frag@95.03,0.1404860467 0.08556485921 0.06525108218 0.04459176213 0.04187558591 0.03881566599 0.03281743452 0.03252977505 0.01889929734 0.008107067086 0.0052770162 0.005251746625 0.005146780517 0.005098775495 0.00448514102 0.004442947917 0.004117738456 0.00370237208 0.003650059458 0.003406448057
462,frag@44.05 frag@86.06 loss@171.1 loss@275.11 loss@157.12 loss@231.15 frag@58.06 loss@316.15 loss@201.14 frag@130.09 loss@238.06 loss@291.05 frag@58.07 loss@209.98 frag@42.03 frag@122.03 frag@56.05 loss@266.9 loss@200.15 loss@100.06,0.2129768878 0.06298466772 0.05662758648 0.04404213652 0.03592918068 0.0276085306 0.02372884192 0.01848653704 0.01673003286 0.01327374764 0.01175181195 0.01069310866 0.01064403169 0.01029710192 0.01027959213 0.01016726531 0.0097742863 0.009615223855 0.009204453789 0.008836090565
463,loss@238.08 loss@353.12 frag@180.05 frag@158.0 frag@102.04 frag@313.12 frag@163.99 frag@156.14 loss@292.09 frag@111.03 frag@314.13 frag@128.11 frag@314.11 frag@221.1 frag@43.02 frag@353.07 frag@144.09 frag@134.02 frag@268.13 frag@199.02,0.2249863595 0.01277253125 0.01015776675 0.006822467316 0.00449525984 0.004279810935 0.004190314561 0.004059169441 0.004030881915 0.003998691216 0.003416472115 0.003415607149 0.003414324252 0.003407301148 0.003222616389 0.003158808686 0.002999617485 0.002988102846 0.002746321494 0.002734863898
464,loss@255.07 frag@171.01 frag@83.08 frag@45.03 frag@162.06 frag@198.15 frag@84.04 frag@99.08 frag@97.06 frag@173.95 frag@138.05 loss@240.06 frag@166.09 frag@67.05 frag@138.01 frag@56.05 frag@113.02 frag@344.21 frag@43.02 frag@179.08,0.310716033 0.01188238338 0.008164652623 0.00551112229 0.004162372556 0.00397549849 0.003888976295 0.003416706342 0.003312422195 0.003272005357 0.003222350264 0.003096681787 0.003051510314 0.002914534183 0.002696454758 0.002645945409 0.002577794716 0.002563113347 0.002542474074 0.002518084832
465,loss@123.08 frag@164.12 frag@157.02 frag@215.03 frag@196.06 loss@87.08 frag@433.19 frag@284.14 frag@235.16 loss@167.03 loss@153.13 loss@151.07 loss@167.07 loss@174.09 frag@125.07 frag@176.06 loss@210.99 frag@267.1 loss@151.11 frag@108.07,0.2028802633 0.1145163104 0.05126739666 0.04438757151 0.04167195037 0.03686621785 0.01630392671 0.01383012999 0.01333522052 0.01201604493 0.004082960542 0.004075541627 0.003308993299 0.003190172138 0.002984322375 0.002807337092 0.002717472147 0.002670240356 0.002650944982 0.002646446461
466,frag@145.05 frag@325.11 frag@309.12 loss@62.96 frag@279.11 frag@273.1 frag@195.03 frag@439.36 loss@828.45 frag@332.05 frag@455.35 frag@115.04 loss@112.09 loss@296.16 loss@319.16 loss@294.1 frag@185.13 frag@243.1 frag@227.05 frag@163.06,0.07231677324 0.03278427199 0.03275033832 0.02630023286 0.0214681197 0.02003212273 0.01910794899 0.01583973132 0.01489415113 0.01432408206 0.01259924378 0.009495490231 0.008823592216 0.00855430495 0.008480760269 0.008349150419 0.007189698517 0.006568194367 0.006106195971 0.005273244809
467,frag@123.02 loss@191.07 frag@123.03 loss@322.14 loss@345.15 loss@249.16 frag@113.04 loss@270.15 loss@314.08 loss@205.16 loss@191.17 loss@252.18 loss@186.07 loss@316.14 loss@289.07 loss@181.09 loss@200.13 frag@218.11 loss@166.12 frag@98.02,0.3314848542 0.05020122975 0.03935809806 0.03094985709 0.02898439206 0.02799157426 0.02739576995 0.0270098038 0.02253948711 0.01394834463 0.01307519525 0.01204152871 0.01115146186 0.010360118 0.008777587675 0.007793540135 0.007158643566 0.004690489266 0.004541702569 0.003804358421
468,loss@292.07 frag@238.08 frag@182.01 frag@74.93 loss@62.09 frag@137.03 frag@241.11 frag@124.04 frag@46.34 frag@59.05 frag@323.08 frag@165.1 frag@152.05 frag@182.15 frag@86.07 frag@419.1 loss@367.05 frag@144.1 frag@160.02 frag@231.05,0.1757602543 0.004560033791 0.004266380798 0.004076570738 0.00397577649 0.00359542924 0.003101590089 0.003012271132 0.002847168827 0.002690362511 0.002685170155 0.00268084812 0.002662910149 0.002636525081 0.002371105365 0.00234855758 0.002129777102 0.001918495982 0.001902447781 0.001898132847
469,loss@146.07 frag@132.1 frag@201.95 frag@176.11 loss@176.0 frag@164.02 loss@160.02 frag@40.9 frag@269.1 frag@319.07 frag@104.06 frag@240.12 frag@177.05 frag@57.03 frag@133.03 frag@91.04 frag@43.02 frag@111.04 loss@172.08 frag@167.03,0.3257798553 0.09605327994 0.04260072857 0.01597919688 0.01081081014 0.007330224384 0.006002829876 0.005605925806 0.004651098512 0.004269673955 0.003528350964 0.003490732983 0.003281699494 0.00302949897 0.002877156716 0.00279708975 0.002717594383 0.002690595342 0.002653334755 0.002547159558
470,frag@151.08 loss@277.14 loss@297.11 loss@286.14 loss@270.14 loss@277.15 loss@263.19 frag@136.05 loss@269.16 frag@108.06 frag@243.16 loss@159.13 loss@315.15 frag@161.1 frag@136.08 loss@273.13 loss@286.07 frag@150.07 loss@276.14 loss@351.13,0.3494696319 0.05162130296 0.03255413845 0.0288759619 0.02449801564 0.02190946788 0.01469038054 0.009284296073 0.008835947141 0.007286687382 0.005826171488 0.005322332494 0.004965944216 0.004844458774 0.004498506431 0.003505048575 0.003281893907 0.003060827265 0.002803113312 0.002701201476
471,loss@147.07 frag@147.07 loss@148.08 frag@231.11 frag@148.08 frag@162.04 frag@159.04 frag@159.09 frag@224.97 frag@187.09 loss@188.1 frag@225.14 frag@245.09 frag@167.05 frag@155.08 frag@191.08 frag@180.1 frag@176.07 frag@141.08 frag@107.07,0.2987607121 0.0177746024 0.01656343229 0.0143035166 0.0108753331 0.009915814735 0.00788559299 0.007711533923 0.006934578065 0.006006647833 0.005806517787 0.005353480577 0.004891745746 0.004751008004 0.004737902898 0.004660608713 0.004503828008 0.004426759202 0.00428265566 0.004110675305
472,frag@192.07 loss@243.06 loss@231.02 frag@182.01 loss@123.94 frag@275.18 loss@247.02 frag@264.04 frag@220.06 frag@271.07 frag@208.04 loss@79.1 loss@297.1 loss@138.04 loss@295.05 frag@199.01 frag@122.01 loss@100.01 frag@210.04 loss@294.14,0.237061888 0.1459563971 0.04425437376 0.0243691802 0.008455569856 0.006378183141 0.004349797033 0.004240657203 0.003770632669 0.00365261361 0.003404058283 0.003043935169 0.002937347628 0.00293159415 0.002666687127 0.002605526475 0.002373885596 0.002327580005 0.002259117551 0.002244088799
473,frag@82.03 frag@99.06 loss@482.12 loss@300.05 loss@233.13 frag@220.02 loss@240.06 frag@99.05 frag@54.03 loss@259.09 loss@224.09 loss@409.09 loss@113.01 frag@124.04 frag@42.03 loss@105.04 frag@170.03 loss@259.0 frag@56.05 loss@173.13,0.1588190049 0.1307107508 0.02173513547 0.01117120404 0.00545642525 0.003146545263 0.00299760839 0.002932969714 0.002876619808 0.002840539906 0.002464074176 0.002322773915 0.002318681683 0.002170383465 0.002093189396 0.002027955372 0.002026962349 0.001985727344 0.00184239517 0.001832256326
474,loss@154.05 frag@235.09 frag@179.99 loss@296.07 frag@167.99 frag@158.0 frag@248.08 frag@241.14 loss@60.05 loss@103.01 frag@351.11 loss@140.04 loss@129.05 loss@147.03 frag@222.1 loss@222.04 frag@142.95 frag@190.08 frag@229.03 loss@80.05,0.1586786807 0.1413811445 0.08038940281 0.04133179784 0.03163602576 0.01096688025 0.003468698822 0.003210100112 0.002783027012 0.002617389197 0.002492359607 0.00238352851 0.002278517466 0.002275440609 0.00206104503 0.001966860145 0.001834510476 0.001772817923 0.001723568421 0.001668530633
475,frag@95.06 loss@388.12 frag@96.07 loss@253.02 loss@208.12 loss@214.12 frag@95.07 loss@246.11 loss@221.12 frag@54.03 loss@139.07 frag@83.06 loss@241.06 loss@245.03 loss@254.07 frag@123.06 loss@327.03 loss@273.02 frag@135.09 frag@110.07,0.2910686433 0.02275550179 0.02151171677 0.01370419655 0.01255616918 0.009582106024 0.009206051007 0.005963957403 0.005224046297 0.005107638892 0.005008519627 0.004967059009 0.004595175385 0.004342712928 0.004138399381 0.004131462425 0.004077841062 0.004054051824 0.003910513595 0.003881031182
476,frag@214.06 frag@221.04 loss@112.07 loss@35.98 loss@128.01 loss@104.04 frag@185.08 loss@86.05 frag@182.06 frag@232.05 frag@200.07 frag@204.06 loss@97.06 loss@129.05 frag@190.08 frag@276.15 loss@43.05 frag@218.07 loss@84.03 frag@165.01,0.01822706312 0.0156304501 0.01160152815 0.01044217683 0.009476931766 0.008550833911 0.008322775364 0.008021610789 0.007282378618 0.007232146338 0.007183157373 0.00703694392 0.006889303681 0.006855079439 0.006658392027 0.006593005732 0.006187027786 0.006012803409 0.005873035174 0.005844940897
477,loss@107.07 frag@199.07 frag@198.06 loss@135.07 loss@9.98 frag@208.1 frag@223.09 frag@219.06 frag@209.96 frag@199.05 frag@166.08 frag@271.05 frag@267.05 frag@268.09 frag@236.08 frag@222.07 frag@147.06 frag@143.08 frag@310.11 frag@183.09,0.2882770896 0.1020632386 0.007741238456 0.005499099847 0.005197845865 0.004534684122 0.004193177447 0.004116138909 0.004077327438 0.00347904698 0.003359220689 0.003348372644 0.00333184097 0.003281509271 0.003279770957 0.00324118766 0.003236929653 0.003224972636 0.003104255069 0.003032430541
478,loss@139.07 loss@111.08 loss@183.14 frag@169.96 frag@166.97 frag@95.06 frag@169.98 frag@152.12 frag@112.09 frag@180.01 frag@178.13 loss@166.09 frag@95.07 frag@150.1 frag@181.04 frag@291.18 frag@96.07 frag@154.02 frag@157.01 loss@253.02,0.1958226562 0.08504303545 0.04638841376 0.02583428659 0.01115146466 0.01018606778 0.008522680961 0.006764086429 0.00515095843 0.005086750258 0.004013366997 0.00384345185 0.003718753811 0.003488044953 0.003477835795 0.00305247074 0.003021363867 0.002842774615 0.002723642392 0.002695757896
479,frag@177.07 loss@158.12 loss@208.18 loss@262.99 loss@161.07 loss@147.05 frag@159.06 frag@347.19 loss@92.99 loss@143.13 loss@120.07 loss@229.1 frag@158.07 loss@281.03 loss@308.07 loss@184.12 loss@68.01 loss@203.06 loss@213.14 frag@147.06,0.3371316493 0.1136743799 0.0210629832 0.005247392692 0.005089358427 0.004229257349 0.004124134313 0.003857729724 0.003212304553 0.003116597189 0.00288374396 0.002809110098 0.002709864173 0.002669838024 0.002614384983 0.002570545999 0.002521841787 0.002465023659 0.002429294167 0.002378731733
480,frag@159.08 loss@205.15 loss@223.14 loss@177.11 frag@147.08 frag@131.09 frag@149.1 frag@116.06 frag@135.08 frag@105.07 frag@143.09 loss@226.13 loss@248.09 frag@141.07 loss@298.1 loss@162.07 loss@287.04 frag@123.08 frag@163.08 loss@206.12,0.2536677122 0.0630999729 0.04957763851 0.02302660793 0.01256921049 0.01015730482 0.006535871886 0.006424225867 0.00547813857 0.005424329545 0.005195738748 0.004255817272 0.004116352182 0.003898052964 0.003692746861 0.003474376164 0.003239313606 0.003097217996 0.00294866343 0.002880323445
481,loss@28.03 loss@46.04 frag@229.09 frag@293.13 frag@342.1 frag@239.02 frag@240.07 frag@282.14 frag@246.1 loss@97.1 loss@74.04 frag@218.08 frag@281.99 loss@87.04 frag@212.97 frag@272.13 loss@89.06 frag@305.07 frag@326.14 loss@129.99,0.1707085669 0.1269159913 0.04293556884 0.01932431385 0.0155247841 0.0124110477 0.01127227303 0.0105916746 0.009841719642 0.007738256361 0.007174501661 0.006809385493 0.006582502741 0.00629709987 0.005801013671 0.005548689514 0.004903810099 0.004681477323 0.004657927901 0.004581808113
482,frag@81.03 loss@236.04 frag@53.04 loss@267.99 loss@319.98 loss@283.06 loss@309.14 loss@367.12 loss@313.1 loss@225.03 loss@256.97 loss@358.03 loss@367.05 loss@248.06 loss@337.0 loss@382.17 loss@266.12 frag@109.03 loss@164.01 loss@228.07,0.2541714907 0.05500673503 0.04834990203 0.03474555165 0.02429100685 0.02031636611 0.01447443571 0.01447222754 0.01363629568 0.01027708501 0.01003057137 0.009364655241 0.009085629135 0.007111865096 0.006224635523 0.005966868717 0.004760821816 0.004483754281 0.004168114159 0.003811591538
483,loss@125.1 loss@142.03 frag@154.08 frag@384.2 frag@212.08 frag@134.07 frag@396.17 frag@250.06 frag@138.0 frag@187.1 loss@153.05 frag@192.06 frag@291.11 frag@318.18 frag@168.96 frag@190.1 frag@189.0 frag@108.06 frag@176.05 frag@448.16,0.2021683306 0.1062207371 0.008286171593 0.00807389617 0.006952700205 0.006057562307 0.005782442633 0.005532191135 0.00538369827 0.004881436005 0.004797746427 0.004776525311 0.004359486047 0.004212086089 0.00380298635 0.003592293011 0.003540990409 0.003333656816 0.003292637179 0.003109847428
484,loss@101.08 loss@99.07 loss@71.07 loss@126.08 frag@99.0 loss@57.06 loss@114.08 frag@291.18 frag@226.09 frag@191.09 loss@83.07 frag@219.06 frag@211.1 loss@110.08 frag@226.13 frag@102.05 frag@237.1 frag@325.03 frag@224.94 frag@194.1,0.07272144407 0.05907865986 0.05037132651 0.03131198883 0.02722800337 0.02438101172 0.01861128211 0.01271021646 0.01219843328 0.01214457396 0.01113508455 0.01040089969 0.01025582291 0.01012192573 0.009663670324 0.00958865881 0.008858229965 0.007332637906 0.007329134736 0.007311717141
485,loss@276.08 frag@247.14 loss@226.14 frag@115.02 frag@269.1 frag@160.11 frag@101.11 frag@349.13 frag@150.13 frag@171.02 loss@257.09 frag@141.1 loss@255.05 frag@127.09 frag@115.09 frag@116.07 frag@164.0 frag@254.11 frag@155.12 frag@208.0,0.1653795838 0.08981973678 0.04577641189 0.0418105498 0.01251062192 0.01008085907 0.006839383394 0.005301705096 0.004970021546 0.004703132901 0.004401055165 0.003636388108 0.003433527192 0.003356504021 0.003348311642 0.003279157216 0.003194533056 0.003031907836 0.002974236384 0.002930424176
486,frag@150.07 frag@165.09 frag@219.12 loss@292.1 frag@120.06 frag@133.06 frag@135.08 frag@121.03 loss@152.08 loss@205.11 loss@206.09 loss@324.15 loss@208.13 loss@220.17 loss@306.13 frag@177.09 loss@195.11 loss@290.2 loss@193.11 loss@250.13,0.1845116615 0.05093638599 0.02436643653 0.01995647512 0.01131976955 0.009909675457 0.008710424416 0.005772357807 0.005766752642 0.005732583813 0.005639615934 0.004729814362 0.004640820436 0.004616506863 0.004230914172 0.004156922456 0.004099824 0.003827019595 0.003738712985 0.003722418332
487,loss@162.05 frag@303.05 frag@271.06 loss@324.11 loss@454.17 loss@308.11 frag@287.06 frag@285.08 frag@317.07 frag@301.07 frag@369.13 loss@294.09 frag@305.1 frag@273.08 loss@360.13 frag@287.05 loss@600.23 loss@526.13 frag@286.05 loss@470.16,0.09107351303 0.06659933925 0.05860032141 0.05744164437 0.05713978037 0.05401044711 0.05183492973 0.02895003743 0.0260863211 0.02365247719 0.02272099815 0.02247708105 0.0163384825 0.01506006625 0.01195496414 0.01012782007 0.00914826896 0.009053721093 0.007836890407 0.006760641932
488,frag@91.05 loss@169.09 loss@217.11 loss@247.08 loss@236.13 frag@91.06 loss@217.1 loss@243.1 loss@219.09 loss@218.07 loss@225.1 loss@298.12 loss@246.14 frag@121.06 loss@247.11 loss@228.09 loss@223.1 loss@230.09 loss@328.12 frag@109.06,0.4226595759 0.02152791433 0.01858840697 0.01785084233 0.01631717756 0.01543689054 0.01469034236 0.01409292687 0.01379269455 0.01351679023 0.01213776786 0.01143629011 0.01119839866 0.01052680518 0.01017861441 0.009370328858 0.008838257752 0.008119820617 0.007700312883 0.007345208898
489,loss@100.02 loss@114.03 loss@102.03 loss@129.04 frag@56.96 frag@53.0 frag@41.04 frag@68.01 loss@101.02 frag@264.03 loss@113.02 frag@206.08 loss@115.04 loss@64.02 frag@228.03 frag@188.99 frag@58.99 frag@234.11 frag@72.94 frag@129.09,0.1193600371 0.07414357364 0.07373600453 0.02523029223 0.01804970205 0.01575143822 0.01340873726 0.01059055235 0.01029736083 0.008193247952 0.008131809533 0.008032213897 0.007037509233 0.006624163128 0.006550977472 0.006172880065 0.006135994103 0.005781296641 0.005528357346 0.0052441312
490,frag@133.06 frag@161.06 loss@204.1 loss@170.02 loss@241.12 loss@176.08 loss@298.11 loss@199.06 loss@251.09 frag@135.08 frag@103.05 frag@123.08 loss@231.12 loss@131.07 loss@233.02 loss@202.12 loss@553.2 loss@225.06 loss@207.09 frag@240.12,0.2841232121 0.0902531445 0.05136604607 0.04408689216 0.03770904988 0.03475467861 0.02405339107 0.01947910711 0.01573142409 0.009559256025 0.008216133341 0.008025999181 0.005091168452 0.00466219848 0.004641586915 0.004338280298 0.004318095744 0.004310422577 0.003702929011 0.003462363966
491,frag@190.1 loss@175.11 frag@231.12 loss@188.14 loss@193.01 loss@206.15 loss@244.13 frag@188.08 loss@185.1 loss@165.09 frag@146.07 frag@166.09 frag@187.1 frag@148.09 frag@160.09 frag@187.02 frag@171.11 loss@183.99 frag@161.08 frag@130.97,0.2285590023 0.1636520177 0.04477697238 0.03967731819 0.02823283896 0.006415909156 0.00551394606 0.004594971891 0.003691683523 0.003561458318 0.003463396337 0.003423557384 0.003251194721 0.003123281756 0.00308509334 0.003045367077 0.002967081964 0.002927347785 0.002796653425 0.002770394785
492,frag@196.14 frag@274.12 frag@327.18 frag@191.01 frag@236.98 frag@341.16 frag@45.24 frag@77.02 frag@83.08 frag@308.09 frag@91.07 frag@43.46 frag@188.02 frag@264.14 frag@226.05 frag@310.18 frag@172.02 frag@345.17 frag@147.1 frag@445.2,0.0007683870499 0.0007397744921 0.0006793459179 0.0006749921595 0.0006640587235 0.0006593587459 0.0006530396058 0.000650829752 0.0006458851858 0.0006372734788 0.0006352657801 0.0006131748087 0.0006049482618 0.000598646584 0.0005969029153 0.0005954392836 0.0005900955293 0.0005893023917 0.0005885202554 0.0005813954049
493,frag@133.03 frag@323.11 loss@212.19 frag@178.06 frag@43.02 frag@319.07 frag@193.05 loss@261.08 frag@188.03 frag@228.03 loss@132.09 frag@179.03 loss@189.11 frag@97.06 loss@274.12 loss@349.09 frag@59.0 frag@358.09 loss@279.17 frag@144.96,0.1282621026 0.08544708043 0.02526560426 0.005563643295 0.004955734592 0.003631333122 0.003609126667 0.003242904088 0.002404858125 0.002102057217 0.002041626256 0.001975365914 0.001921378891 0.001817338984 0.001785234315 0.001779916813 0.001650178572 0.001647268189 0.001554551185 0.001513442956
494,frag@81.04 loss@121.06 frag@54.03 loss@166.04 loss@118.05 loss@128.06 frag@93.04 frag@68.01 frag@82.05 frag@67.04 frag@66.03 loss@72.02 loss@136.1 frag@95.06 loss@42.01 loss@120.07 loss@111.04 loss@153.01 loss@108.07 loss@388.12,0.1506768018 0.03537624329 0.02991262451 0.02939505503 0.02860416658 0.02674942091 0.02646159194 0.02392135933 0.02208803222 0.01902297884 0.01864886843 0.01668988168 0.01403892506 0.01394461188 0.01066926587 0.01033743657 0.007703429554 0.007258474361 0.006688713562 0.006521543488
495,loss@193.07 frag@204.05 frag@302.22 frag@215.12 loss@263.06 frag@196.12 frag@256.14 frag@104.05 frag@70.99 loss@165.08 frag@194.08 frag@71.0 frag@142.06 frag@161.06 frag@86.99 frag@256.1 loss@175.06 loss@203.09 frag@174.04 frag@44.98,0.3294493854 0.1459425837 0.04530785233 0.03549399227 0.03199749067 0.01571795158 0.01183100883 0.01054877136 0.008840049617 0.00845867116 0.007994694635 0.007453382015 0.00733020436 0.006680002436 0.006220458541 0.006207379978 0.006028662901 0.005201520398 0.004686241038 0.004443653394
496,frag@142.97 frag@239.12 frag@204.07 loss@218.04 frag@225.1 loss@162.02 loss@185.13 frag@145.04 frag@168.08 loss@198.96 loss@163.06 loss@253.96 loss@158.11 loss@113.13 loss@259.08 frag@201.07 loss@325.13 frag@163.03 frag@184.08 loss@205.06,0.06188097596 0.05563621223 0.02944393456 0.02906291373 0.02724777348 0.01939178444 0.01702044718 0.005651682615 0.005127694458 0.0050658416 0.004562121816 0.004501071293 0.004453214351 0.004369514063 0.003970897291 0.003589162603 0.003335107584 0.003001834964 0.002963846549 0.002680428559
497,loss@239.11 loss@230.03 frag@97.01 loss@257.04 loss@295.05 frag@103.96 loss@244.95 frag@127.09 frag@218.06 frag@158.0 frag@139.02 frag@135.03 frag@189.04 loss@210.14 frag@220.11 frag@273.09 frag@291.12 frag@212.95 frag@255.09 frag@141.0,0.1231765971 0.09331808984 0.04602187499 0.04321109876 0.01172254048 0.01048573386 0.01022051927 0.004821462091 0.004726772662 0.004608142655 0.00452747196 0.00448112702 0.004430199973 0.004080830608 0.004027329851 0.003946111538 0.003738357918 0.00368350069 0.003378724447 0.003270839341
498,frag@138.05 loss@194.09 loss@280.13 loss@283.08 loss@283.07 loss@251.17 frag@318.13 loss@304.05 frag@110.02 loss@275.2 frag@391.18 loss@363.11 loss@361.12 frag@93.03 loss@292.09 loss@160.96 loss@211.04 loss@245.05 frag@164.07 frag@139.06,0.2371080816 0.1611798257 0.0283070337 0.02720947377 0.01346230786 0.008834119886 0.007802592125 0.007224855945 0.006838579196 0.005662248936 0.005508047994 0.005081937648 0.004193216562 0.003541329876 0.003280895064 0.003220227081 0.003218389815 0.003112554783 0.002849329263 0.002625686117
499,frag@172.92 frag@116.93 frag@230.04 loss@170.93 loss@167.08 loss@216.97 loss@135.1 loss@239.97 loss@154.03 loss@141.03 loss@330.05 loss@385.14 loss@272.08 loss@156.17 loss@244.14 loss@585.18 frag@236.03 loss@63.97 loss@106.04 loss@293.19,0.318385005 0.03688903898 0.03428224102 0.02927882224 0.007722723763 0.00593059836 0.005584631115 0.005334027577 0.004131811671 0.003104483243 0.002947356785 0.002926775021 0.002912119031 0.002588924253 0.002495971741 0.002005072311 0.001960826572 0.001747933216 0.001708684373 0.001667987439
500,frag@156.14 loss@253.1 loss@275.1 loss@251.15 frag@138.09 loss@350.15 frag@43.04 loss@223.09 frag@73.05 frag@110.1 frag@173.95 loss@251.12 frag@133.09 frag@257.13 frag@182.15 frag@74.93 frag@309.16 frag@114.09 loss@270.12 frag@164.07,0.1544536948 0.1393938661 0.07697723061 0.0217919182 0.01790023781 0.007239470258 0.003923749551 0.003720416687 0.003648144659 0.003617361654 0.003422372742 0.003084699856 0.0028650444 0.002841465408 0.002491504885 0.002447250998 0.002414005576 0.00236687623 0.002361031249 0.002346730791
501,frag@166.02 loss@303.19 frag@194.05 frag@336.08 frag@138.02 loss@305.19 loss@105.08 loss@242.07 frag@122.01 loss@281.15 frag@212.09 loss@254.17 loss@295.05 frag@124.06 loss@244.03 loss@281.03 loss@240.03 loss@234.24 loss@247.1 loss@230.16,0.200443849 0.0124930786 0.01104315277 0.005600804929 0.004312884063 0.002783012576 0.002712106332 0.002500212518 0.002468576189 0.002443705685 0.00207875832 0.001990788151 0.001827662811 0.001772276592 0.001705634408 0.001615546062 0.001612547552 0.001555832219 0.001555169467 0.001505898428
502,frag@208.08 frag@247.05 frag@237.04 loss@64.03 loss@155.12 loss@300.11 frag@224.04 loss@238.07 loss@116.11 loss@246.09 loss@118.04 loss@282.05 loss@160.96 loss@129.11 loss@170.18 loss@324.06 loss@192.08 loss@258.13 loss@276.06 loss@208.01,0.1760964394 0.05496421084 0.03122229315 0.0147875594 0.007860218175 0.005560311023 0.003653233405 0.003126773983 0.002361470601 0.00220763078 0.001978097949 0.001958292676 0.001953773666 0.001890758867 0.001715478487 0.00168434158 0.001635082997 0.001615884248 0.001576196752 0.001559589058
503,loss@197.07 frag@183.1 frag@273.06 frag@173.06 frag@308.1 frag@207.13 frag@145.09 frag@142.05 frag@183.02 loss@171.06 frag@148.02 frag@297.15 frag@116.01 frag@317.21 frag@106.04 frag@84.99 frag@219.11 frag@187.07 frag@172.99 frag@293.14,0.3206339777 0.02849909663 0.01033806801 0.005611064378 0.004840791691 0.004294009414 0.004114485811 0.00400014827 0.003758327104 0.003616437083 0.0030051379 0.002623205073 0.002605062677 0.002589338692 0.002551167738 0.002502688207 0.002420630772 0.002155084629 0.002148646861 0.002146991901
504,loss@255.1 frag@95.01 frag@137.03 frag@178.06 loss@260.08 loss@328.18 frag@231.15 frag@84.04 loss@229.03 frag@311.18 frag@180.1 frag@242.11 frag@318.05 frag@151.12 frag@175.12 frag@154.02 frag@124.04 frag@115.03 frag@73.05 frag@228.11,0.2621094584 0.0559431538 0.005014991388 0.003587797517 0.003324275836 0.002743143588 0.002620660933 0.002600536682 0.002325360663 0.002238012617 0.002206755802 0.002136345953 0.002127943095 0.001838805736 0.001779184095 0.001627770369 0.001615307876 0.001609859522 0.001586943632 0.001487223781
505,frag@109.03 frag@99.04 frag@81.03 frag@127.04 loss@224.01 frag@53.04 frag@169.05 loss@368.17 loss@833.44 frag@113.06 loss@320.11 frag@69.03 loss@278.1 frag@97.03 loss@248.06 loss@254.04 loss@194.13 loss@287.06 loss@266.12 frag@71.05,0.2121572345 0.05595089123 0.03224448115 0.01818189211 0.01585409977 0.00770045165 0.006952461321 0.006225137506 0.003465115093 0.003298448166 0.003153100843 0.003081350122 0.002894921927 0.002868798561 0.002796063432 0.002785982331 0.002670783317 0.002598220482 0.002284914721 0.002281423891
506,loss@164.05 loss@188.02 loss@116.11 loss@319.13 loss@175.01 frag@216.1 frag@107.01 frag@241.02 frag@129.09 frag@194.05 frag@105.03 frag@90.05 frag@338.14 frag@186.06 frag@89.04 loss@291.16 frag@177.09 frag@113.01 frag@333.06 frag@149.11,0.1634694785 0.04827813804 0.0397939086 0.03246787935 0.01313666347 0.006421620492 0.006153741851 0.005426358432 0.004869198892 0.004372597672 0.004259477835 0.00410328852 0.003277977463 0.002968428191 0.002963732462 0.002917609178 0.002703175182 0.002626708243 0.002474642359 0.002235651715
507,frag@83.05 frag@173.55 loss@349.03 loss@370.03 frag@71.05 loss@438.15 loss@262.18 loss@444.16 loss@805.41 frag@69.03 loss@445.16 loss@402.14 frag@97.03 frag@85.06 frag@85.03 loss@361.15 loss@161.14 loss@265.08 loss@194.13 loss@833.44,0.1788121313 0.1006523594 0.05770736188 0.0356644392 0.02247940563 0.02110995352 0.01986111887 0.01575090922 0.01569994725 0.01513047889 0.01488307957 0.009982322343 0.009758468717 0.00747002149 0.007432444487 0.007089517545 0.00705439318 0.006091912743 0.005128007382 0.005066156853
508,frag@185.07 frag@157.08 loss@173.1 frag@158.08 frag@213.07 loss@246.18 loss@160.1 frag@130.07 loss@95.04 frag@187.09 frag@159.09 loss@106.01 loss@255.15 loss@169.03 loss@174.08 frag@144.07 loss@319.11 loss@364.12 loss@188.07 frag@173.07,0.1173348054 0.1165492311 0.06593734026 0.03053950891 0.02424506098 0.01758777723 0.01141353697 0.01078263484 0.0101284096 0.009263663553 0.008413380012 0.007457267493 0.006281145848 0.006164808292 0.006129353773 0.006019582506 0.005626894068 0.005236530676 0.005200759042 0.005129080266
509,frag@131.06 frag@104.05 frag@132.07 loss@112.03 loss@86.02 loss@188.94 loss@141.05 loss@194.01 loss@308.07 loss@79.01 loss@88.04 loss@188.01 loss@147.08 loss@140.02 loss@183.02 loss@262.99 frag@132.04 loss@98.01 frag@146.08 loss@87.02,0.1910744905 0.113265343 0.05440639332 0.05311306939 0.03973863274 0.03597698733 0.02667785622 0.01756288484 0.01413231064 0.01373864803 0.01197995525 0.01108770072 0.01026968472 0.01015124004 0.009780496359 0.009540428407 0.009245386347 0.008530773222 0.008504384197 0.007005368359
510,frag@152.05 frag@195.06 loss@161.02 loss@181.12 loss@217.03 loss@176.08 loss@304.05 frag@139.02 frag@122.04 frag@167.03 loss@281.05 frag@137.03 frag@155.07 loss@556.18 loss@241.17 loss@133.06 loss@84.0 loss@281.07 loss@64.03 loss@354.07,0.1878942996 0.1015645713 0.0354677327 0.004096087068 0.003863371909 0.002916451544 0.002894486999 0.002871472621 0.002530793427 0.002445278224 0.002412091009 0.002360081766 0.002311193384 0.002101934748 0.001844849088 0.001794996671 0.001789453789 0.001781976782 0.001772625721 0.001678904518
511,frag@97.04 frag@108.06 frag@107.02 frag@231.12 loss@287.13 loss@235.11 loss@212.11 loss@193.01 loss@229.05 frag@134.07 loss@141.09 loss@210.06 frag@109.08 loss@409.09 loss@146.1 loss@185.04 frag@99.06 frag@107.06 frag@83.03 frag@150.06,0.1415291429 0.1380562931 0.007157885469 0.006339720916 0.006214214023 0.005984615069 0.005927563645 0.005301589612 0.004375874531 0.00405102782 0.003955015447 0.003917482216 0.003678177483 0.003384315642 0.0029741209 0.002806136385 0.002595981816 0.002594413934 0.002549326513 0.002541538095
512,frag@121.1 frag@95.09 frag@147.12 frag@107.09 frag@109.1 frag@135.12 frag@133.1 frag@123.12 frag@161.13 frag@157.1 frag@159.12 frag@93.07 frag@187.15 frag@145.1 frag@175.15 frag@125.1 frag@81.07 frag@111.08 frag@189.16 frag@173.1,0.02388034761 0.02165537328 0.02061341517 0.0204989668 0.01865149662 0.01759557426 0.01755655371 0.01750151999 0.0171955321 0.01456750184 0.01333533134 0.01147600356 0.01037051342 0.009149790742 0.008116994053 0.008106163703 0.008087933064 0.007795853075 0.007743303664 0.006760170683
513,loss@145.11 loss@124.06 frag@238.09 frag@252.1 loss@133.06 loss@67.04 frag@241.08 loss@114.1 frag@210.1 frag@202.08 frag@223.06 frag@247.11 frag@343.11 frag@198.04 loss@125.09 frag@194.1 frag@180.08 loss@343.19 frag@174.99 frag@210.09,0.1330934614 0.08272398263 0.04891015962 0.04222250357 0.03261321783 0.0295112282 0.02550650761 0.02435884997 0.02293733321 0.01988723502 0.018578602 0.0141373463 0.01352187991 0.01257902943 0.01252331492 0.01136564836 0.008848351426 0.007761796005 0.006748536136 0.006611560937
514,frag@58.99 loss@129.04 frag@44.98 frag@86.01 loss@183.01 loss@103.01 loss@147.03 loss@127.06 frag@73.01 loss@81.02 loss@157.04 loss@141.04 frag@67.04 loss@147.05 loss@33.99 frag@54.03 loss@180.99 loss@78.03 frag@96.02 frag@147.03,0.1673447937 0.1243095547 0.05638971552 0.04965097457 0.01097432338 0.007058598567 0.006375106517 0.005922964774 0.005309901666 0.004760597833 0.004742051475 0.004015933257 0.004000314046 0.003948606085 0.003899392439 0.003752997145 0.003749608761 0.003726477735 0.003444081638 0.00337102171
515,frag@169.01 loss@274.13 loss@241.18 loss@241.16 frag@125.99 loss@325.15 frag@395.08 frag@139.01 loss@236.16 frag@129.01 loss@226.08 loss@255.04 loss@241.14 loss@286.17 loss@262.13 frag@139.99 loss@239.1 frag@165.09 loss@217.15 frag@138.99,0.3224461079 0.1116958484 0.09689691663 0.02380363271 0.01871933229 0.01498567779 0.01090134121 0.007794357371 0.007173272781 0.006701106671 0.005816687364 0.004737893585 0.004479160532 0.004034065176 0.003654986154 0.003621648066 0.003090507118 0.003019483527 0.002990117762 0.002845777432
516,frag@175.11 loss@195.13 loss@190.08 loss@224.15 loss@181.1 loss@247.14 loss@208.16 frag@243.12 frag@144.09 frag@67.05 frag@98.05 frag@180.14 frag@225.16 loss@262.14 frag@81.07 loss@313.12 loss@219.15 loss@306.07 loss@153.15 frag@274.05,0.05603988841 0.0539474301 0.0422857143 0.03422730044 0.02719291113 0.02664552256 0.02543814108 0.02538259886 0.01723837852 0.01421179902 0.01341240201 0.01258896291 0.01255621854 0.01181650534 0.01120592467 0.01064841915 0.01031917799 0.009748389944 0.009700120427 0.009490466677
517,frag@179.07 frag@142.05 loss@58.01 frag@193.05 loss@111.05 loss@585.18 frag@160.02 loss@180.06 frag@343.13 frag@133.03 loss@108.03 loss@116.01 loss@309.12 loss@320.05 frag@271.06 loss@294.09 loss@133.06 loss@68.03 loss@162.05 frag@70.04,0.1096232682 0.1028629616 0.09861622006 0.09241836518 0.0701245144 0.02235540561 0.01999373548 0.01151713915 0.00938471593 0.009147446603 0.006712272298 0.006209915504 0.005504674278 0.004201983567 0.00413333904 0.00357938814 0.003475754522 0.003374698106 0.003325240687 0.003321181983
518,frag@126.0 loss@140.08 frag@236.03 frag@178.11 loss@206.18 loss@222.07 frag@228.06 loss@353.09 loss@239.97 loss@270.13 frag@166.1 loss@243.03 frag@337.06 frag@127.0 loss@85.04 loss@145.09 loss@329.1 frag@224.02 loss@129.01 loss@308.12,0.1927022487 0.03330575302 0.03161186352 0.02373513766 0.005275367294 0.004226585384 0.003695483552 0.003633701475 0.003426575102 0.003226671601 0.002765708836 0.002640826395 0.002540379763 0.002280168701 0.002254171064 0.00189299148 0.001874500536 0.001838074531 0.001824882929 0.001773133292
519,loss@249.14 loss@270.13 loss@279.15 frag@110.02 frag@190.12 loss@333.07 frag@129.1 frag@85.08 frag@463.24 frag@148.05 frag@138.05 frag@85.06 frag@208.13 frag@164.07 frag@180.04 frag@176.98 frag@321.17 frag@84.08 frag@84.09 loss@237.14,0.1832423657 0.04432655498 0.03710371256 0.01172667462 0.01136754174 0.01081661601 0.008079230785 0.00681951968 0.006417425815 0.006330945995 0.006056675222 0.005581573583 0.005469480995 0.005285626743 0.005080217961 0.004786915146 0.004548033234 0.004229709506 0.003922742326 0.003908752464
520,loss@285.06 frag@135.1 loss@301.03 frag@143.03 loss@328.08 frag@153.02 frag@124.06 loss@653.12 frag@125.01 loss@464.1 frag@109.04 frag@257.06 loss@418.14 frag@109.03 frag@166.03 frag@125.02 frag@348.15 frag@153.01 frag@194.09 loss@292.08,0.1036615446 0.07063618302 0.05978588387 0.04606095329 0.03523302451 0.0155995097 0.008938576095 0.008359799162 0.00691329129 0.00513831526 0.004824044183 0.004798729904 0.004252843093 0.004208605271 0.004030639771 0.003883623052 0.003787613241 0.003437903477 0.003265349194 0.003078775713
521,frag@150.01 frag@123.0 loss@170.0 frag@178.01 loss@128.04 loss@203.96 loss@135.02 loss@183.04 loss@108.03 loss@145.03 loss@137.02 loss@353.09 loss@259.11 frag@206.0 loss@271.1 loss@95.0 loss@115.99 loss@585.18 loss@175.04 loss@127.04,0.2082024664 0.08037728816 0.0722906217 0.05100839213 0.0250399448 0.006000039633 0.004754981026 0.004309440963 0.003375579603 0.002259899629 0.002216544468 0.00216359226 0.001969803357 0.001916492125 0.00187743525 0.001858746051 0.001856406685 0.001722980058 0.001656002249 0.00156754232
522,loss@56.06 loss@42.05 frag@205.05 frag@365.1 loss@74.07 frag@219.07 loss@100.09 frag@261.11 loss@68.06 loss@98.07 loss@100.05 loss@73.05 frag@485.33 frag@215.14 loss@72.06 frag@311.05 loss@86.07 frag@283.06 frag@182.06 loss@84.09,0.05628005788 0.03156371787 0.02896713093 0.02842349373 0.02563269995 0.02176338807 0.02069790103 0.01897291839 0.01866361126 0.01800136641 0.0164678935 0.01578141376 0.01557669137 0.01531996485 0.01386516262 0.0115494905 0.01026229002 0.01016474329 0.01007646881 0.0100018559
523,frag@53.04 loss@225.03 frag@53.0 loss@318.05 loss@254.04 loss@245.02 loss@273.06 frag@80.05 frag@108.04 frag@83.02 frag@150.0 loss@279.08 loss@231.08 loss@279.13 frag@81.03 frag@52.02 frag@66.05 loss@248.06 frag@122.06 frag@67.04,0.1861230135 0.02391017042 0.02288929746 0.02198112383 0.02112171054 0.02017432265 0.0159240067 0.01592137851 0.01526204869 0.01510041766 0.01306464802 0.01203154027 0.0100987358 0.009065139107 0.00827277638 0.008120893501 0.007573755458 0.007341085933 0.007119310554 0.007107309997
524,frag@176.09 frag@202.11 loss@175.09 loss@191.12 loss@198.04 frag@162.08 frag@228.12 loss@393.13 loss@215.12 frag@148.09 frag@216.12 frag@243.16 loss@177.1 frag@134.07 loss@145.09 loss@160.07 loss@269.06 frag@127.06 frag@191.13 frag@154.08,0.1645375043 0.09515011311 0.08418084681 0.04185986519 0.0279731378 0.01867838204 0.01018713973 0.0074419952 0.007132761646 0.005886055063 0.005077092443 0.004503663164 0.004392568022 0.004203289282 0.003996572923 0.003413250903 0.003062825417 0.002970559988 0.002957213204 0.00286056567
525,loss@143.09 frag@194.97 frag@62.02 frag@57.07 frag@45.03 frag@83.09 frag@155.12 frag@173.95 frag@97.1 frag@198.99 frag@55.05 loss@126.07 frag@123.09 frag@276.01 frag@166.97 frag@95.07 frag@73.04 frag@126.09 loss@281.03 frag@154.09,0.3855765164 0.1260835081 0.01071157027 0.01021153852 0.007862185128 0.005932601169 0.005515647586 0.005477614701 0.005113868043 0.004415163305 0.003956751432 0.003522500629 0.003496966325 0.003476077225 0.003452825826 0.003358679125 0.003211404663 0.003170710988 0.003026604885 0.002859679749
526,loss@113.06 loss@119.05 frag@202.12 frag@118.04 loss@120.06 frag@90.05 frag@147.03 frag@132.06 frag@212.12 frag@123.01 frag@150.04 frag@181.04 frag@364.13 frag@105.04 frag@174.05 frag@187.1 loss@185.04 frag@51.02 frag@237.0 frag@365.14,0.1572917998 0.1377160251 0.01088341698 0.01085712668 0.01048531383 0.01040502358 0.006737358402 0.006701933686 0.006058027968 0.004976041149 0.004738902207 0.004700028803 0.004192886874 0.004012829624 0.003925987519 0.003798462683 0.003567270003 0.003408874152 0.003332059598 0.003318917239
527,frag@140.08 loss@234.0 frag@277.99 frag@197.03 frag@147.01 frag@84.07 frag@118.03 frag@233.13 frag@55.03 loss@95.02 frag@419.11 frag@173.04 loss@241.07 frag@224.01 frag@83.03 frag@159.02 frag@96.07 frag@97.04 frag@110.01 loss@175.14,0.1113293916 0.1095087007 0.03125971928 0.0115220258 0.01059093233 0.00883562956 0.003849084955 0.003667058423 0.003641881049 0.003346758196 0.002840580884 0.0027834801 0.002541890834 0.002380955033 0.002363451524 0.002153870184 0.002145049395 0.001979362685 0.001932397252 0.001914726687
528,frag@148.05 loss@267.03 loss@188.07 frag@120.06 frag@132.06 frag@160.05 loss@176.07 frag@158.07 frag@162.07 loss@336.05 loss@165.09 loss@202.09 loss@178.12 frag@146.07 frag@316.11 loss@219.07 loss@293.07 frag@106.07 loss@220.04 loss@200.02,0.2509621084 0.05999943241 0.009683579206 0.007478887215 0.007149162702 0.005932493601 0.00492712995 0.00466838805 0.003254206385 0.00294474652 0.002306939568 0.002259730827 0.002223709598 0.00211532414 0.002091302769 0.002089394256 0.001928620739 0.001905827899 0.001902866643 0.001892176573
529,loss@130.07 frag@59.03 loss@158.07 frag@195.99 frag@252.15 loss@157.08 frag@217.12 frag@195.05 frag@145.09 frag@155.06 frag@306.11 frag@240.12 frag@136.07 frag@141.02 loss@241.05 frag@100.02 frag@256.05 frag@116.05 frag@158.03 frag@165.14,0.1970185041 0.01422696467 0.01098882686 0.008007087745 0.003562086029 0.003203844652 0.003198444145 0.003173720324 0.002910293639 0.00287885638 0.002835563617 0.00275923172 0.002709636232 0.00252609211 0.002489267616 0.002339472296 0.002329446608 0.002293536672 0.002267949516 0.002167208819
530,loss@174.05 loss@246.08 frag@75.0 frag@188.04 frag@55.02 frag@169.06 frag@166.02 loss@156.04 frag@111.03 frag@154.13 loss@201.05 frag@151.05 frag@218.14 frag@112.05 frag@194.09 frag@98.99 frag@172.97 loss@156.05 loss@207.07 frag@84.99,0.1392878443 0.110068962 0.08632706851 0.06082319096 0.009978927672 0.006218700204 0.004580301698 0.004426355474 0.003871318651 0.003858937416 0.003619445022 0.003343053162 0.003291750792 0.003216251731 0.00298375776 0.002771838335 0.002643441316 0.002642477397 0.002617485356 0.002523776609
531,loss@285.07 frag@150.09 frag@237.03 loss@323.99 loss@287.09 frag@417.15 frag@124.04 frag@58.03 loss@259.09 frag@118.92 frag@110.05 frag@138.01 loss@184.12 frag@216.13 frag@137.03 loss@171.13 loss@129.03 frag@84.04 frag@206.08 frag@152.07,0.1446845531 0.08054145426 0.04209374264 0.008975001983 0.00515101105 0.004837423097 0.004041354172 0.003616962349 0.003375682514 0.003275089199 0.00274702115 0.002746769926 0.002736304887 0.002509837272 0.002467126818 0.002433979884 0.002309892792 0.002291556913 0.002286152681 0.002256684238
532,frag@220.13 loss@312.12 frag@337.15 frag@190.12 frag@192.1 frag@183.06 frag@165.09 loss@192.09 loss@235.14 frag@219.12 frag@202.1 frag@110.02 loss@138.1 loss@101.09 frag@121.03 frag@240.12 frag@318.05 frag@203.11 frag@231.15 frag@201.13,0.1341216564 0.125290364 0.006628557574 0.004674443975 0.004411152098 0.004118640907 0.003844055347 0.00286667794 0.002533716615 0.002359018428 0.002340677194 0.002268896904 0.002253161743 0.001943719806 0.001921036164 0.001895065419 0.001891160384 0.001881974749 0.001763517037 0.001736045349
533,frag@150.06 loss@226.03 loss@174.99 frag@218.0 frag@189.04 frag@347.02 loss@176.02 frag@118.04 frag@121.09 loss@186.09 frag@142.01 frag@150.04 frag@183.98 frag@79.03 loss@201.02 frag@108.06 loss@159.01 frag@153.05 frag@127.06 frag@66.05,0.1850289553 0.1258860528 0.07820818573 0.03487416357 0.02840872668 0.01618210413 0.007625768892 0.004746772815 0.004036517348 0.003346065059 0.002851460828 0.002821180737 0.002814539243 0.002213861328 0.002184462966 0.002161525888 0.002095435048 0.002044837922 0.002020582091 0.001946973265
534,frag@139.05 loss@153.09 frag@71.06 frag@111.02 loss@291.15 loss@198.15 loss@178.11 loss@261.13 loss@226.18 loss@181.09 frag@165.07 frag@256.09 frag@196.11 loss@293.17 frag@122.02 loss@249.1 frag@111.06 loss@193.08 frag@91.02 frag@288.14,0.2562901378 0.2233465016 0.05650758743 0.01885053702 0.01543395594 0.01389838476 0.01366628334 0.006952920929 0.006763004232 0.005864972714 0.005295641255 0.00521111954 0.004909166601 0.00443989085 0.004411170725 0.004401354119 0.004148149863 0.003793234937 0.003610796994 0.003430502489
535,loss@157.13 loss@91.05 frag@281.15 loss@203.0 frag@349.12 loss@244.98 frag@312.17 loss@119.05 frag@75.0 frag@261.04 frag@140.05 frag@364.13 loss@204.16 frag@259.03 frag@141.08 loss@186.15 loss@130.07 frag@151.02 frag@295.17 loss@230.1,0.09320965409 0.077798374 0.0587111786 0.01126030274 0.009649205022 0.005943359341 0.005792695563 0.005269791931 0.005199547857 0.005094862077 0.004364144988 0.004060859326 0.003893399844 0.003693639534 0.003432593541 0.003370985156 0.003094226122 0.003050903324 0.002643951448 0.002602770925
536,frag@208.11 loss@135.11 loss@118.11 frag@180.08 frag@195.09 frag@157.06 frag@193.09 loss@214.13 frag@194.08 frag@257.13 loss@241.1 loss@180.11 loss@338.02 loss@168.08 frag@186.99 frag@206.1 frag@166.02 loss@377.17 loss@130.99 frag@167.07,0.2423675358 0.1193482056 0.05798162892 0.0155839147 0.006497573107 0.00609848788 0.005844294559 0.004699209239 0.004414811265 0.003549046814 0.003321028315 0.002883550478 0.002431773348 0.00199020002 0.001861811033 0.001853725989 0.001817157492 0.001800276339 0.001625608536 0.00158510101
537,frag@186.07 frag@158.07 loss@262.99 loss@188.01 loss@177.09 frag@159.06 loss@285.12 frag@168.06 loss@425.08 loss@216.08 loss@241.12 loss@147.08 frag@131.06 loss@197.05 frag@188.08 frag@174.07 loss@217.12 loss@179.04 loss@350.13 frag@132.06,0.2611225843 0.01645926572 0.004830060527 0.004578073509 0.004151750356 0.002947428264 0.002924810397 0.002923724474 0.00280091376 0.002716786228 0.002656116383 0.002617235295 0.002596882638 0.002453501336 0.002390124369 0.00237712753 0.002288557589 0.00227665226 0.002232682891 0.002215730725
538,loss@217.08 loss@264.08 frag@225.14 loss@255.12 frag@81.03 frag@51.03 frag@332.06 frag@90.05 frag@150.09 frag@168.96 frag@67.02 frag@297.13 frag@147.07 frag@182.01 frag@235.97 frag@275.1 frag@314.13 loss@443.21 frag@202.05 frag@122.1,0.1290302277 0.0998737663 0.08578196168 0.03339601308 0.009439525194 0.00622862298 0.005401451606 0.005304756109 0.005006190389 0.004625630565 0.004387351219 0.003826400498 0.003809494898 0.003708856413 0.003496366087 0.003440279048 0.003128991229 0.003055909649 0.002850364894 0.002795425942
539,loss@120.03 frag@322.19 frag@275.1 frag@212.06 frag@181.05 frag@200.06 frag@109.03 frag@195.04 frag@348.15 frag@79.02 frag@133.01 frag@122.94 loss@58.02 frag@185.04 frag@147.0 frag@83.03 loss@186.0 frag@268.14 loss@202.14 frag@90.04,0.2138084918 0.04396602884 0.04076307267 0.007727534045 0.005658895243 0.004994627088 0.004534429405 0.004111490212 0.003786887508 0.003323212964 0.003299219999 0.003238999285 0.003019106342 0.002795197302 0.00262869359 0.002479561139 0.002446088474 0.002348579932 0.002226494253 0.002180935116
540,frag@69.07 frag@67.05 frag@83.09 frag@95.09 loss@96.06 loss@105.08 loss@199.16 frag@81.07 loss@187.12 frag@55.05 frag@41.04 loss@161.14 loss@318.17 loss@726.37 frag@110.1 frag@57.07 frag@85.06 loss@154.1 frag@109.1 frag@97.06,0.1187498346 0.09585258365 0.03104079515 0.02440151945 0.02110672183 0.01828468032 0.01467981469 0.01261850446 0.01210476831 0.01173279062 0.01069626492 0.009375041351 0.008149077184 0.007605220191 0.007165677845 0.00694046868 0.006486291531 0.006393384188 0.006221984047 0.005995787214
541,loss@198.96 frag@238.02 loss@77.08 frag@303.15 frag@238.05 frag@288.08 frag@275.15 frag@323.14 loss@170.97 frag@170.15 loss@127.05 frag@255.17 frag@182.94 loss@115.08 frag@248.15 frag@300.15 loss@72.07 loss@47.0 frag@195.98 loss@383.2,0.1388614178 0.06361132115 0.05638197064 0.04782162234 0.0435048081 0.02447796799 0.0148080755 0.01445920672 0.01044357009 0.009486400522 0.008817961439 0.008320560679 0.005146471318 0.004630777985 0.004328676499 0.003476776648 0.003381648799 0.00335599808 0.003352587577 0.00324711157
542,frag@96.06 frag@155.02 loss@244.11 frag@71.06 loss@160.96 loss@244.56 loss@223.04 loss@246.07 loss@166.97 loss@178.11 loss@327.03 frag@347.19 loss@161.07 loss@209.1 loss@269.06 frag@152.12 frag@139.05 loss@195.98 loss@363.14 loss@336.14,0.2249381989 0.1129947752 0.039536383 0.007881770842 0.006002216134 0.004978356417 0.004848496057 0.004706363194 0.004498947412 0.003870466491 0.003531466471 0.003292386187 0.003054397879 0.002993886592 0.002983203158 0.00293629826 0.002931316616 0.002694659866 0.002518007997 0.002465823898
543,loss@227.07 frag@314.13 frag@123.04 frag@189.14 frag@180.01 frag@82.03 loss@255.07 frag@97.01 frag@81.03 frag@88.02 frag@358.09 frag@241.11 frag@182.01 frag@110.99 frag@109.03 frag@246.06 frag@59.0 frag@220.02 frag@46.24 frag@344.17,0.3059966266 0.009071452543 0.00587580679 0.005121734925 0.004827470519 0.004268676974 0.003752328688 0.003615644528 0.003613951849 0.003566436004 0.003421077738 0.003288963344 0.002930099843 0.002804846037 0.002647330053 0.002532050246 0.002405247651 0.002374482807 0.002260194393 0.002200426999
544,frag@315.13 frag@238.12 loss@156.11 frag@349.04 loss@126.07 frag@203.07 frag@328.18 frag@242.11 loss@473.29 loss@360.13 frag@448.16 frag@366.16 loss@120.06 frag@152.11 loss@179.0 frag@179.06 frag@136.05 frag@87.04 loss@342.1 loss@232.08,0.09340310842 0.09023427218 0.01041485928 0.009016514756 0.004847037606 0.004193150904 0.00415962236 0.002978669479 0.002684057225 0.002442636061 0.002400070429 0.002274225 0.002245148178 0.002125096973 0.001917861518 0.001834662282 0.001739181462 0.001667333185 0.001627883641 0.001627034624
545,frag@219.08 loss@108.03 loss@68.04 frag@277.11 frag@335.17 loss@107.08 loss@90.02 loss@96.03 frag@308.0 frag@287.11 loss@96.07 loss@165.05 frag@270.11 loss@0.06 loss@62.96 frag@222.11 loss@125.09 frag@200.07 frag@174.06 frag@291.08,0.1841716319 0.1141629592 0.1085474193 0.04724571854 0.04201504216 0.01878820732 0.01598696597 0.009596689604 0.00849553477 0.006305934861 0.005467922427 0.004847203847 0.004781934433 0.004654025193 0.004027321469 0.003600214841 0.003025310114 0.002724855207 0.002516181441 0.002250660211
546,loss@223.08 loss@224.09 loss@222.08 frag@85.06 frag@43.02 frag@80.06 frag@82.03 frag@67.05 frag@53.04 frag@195.99 frag@111.03 frag@79.05 frag@97.06 frag@59.0 frag@131.03 frag@155.98 frag@220.02 frag@124.06 frag@97.01 frag@78.05,0.2107645571 0.07600886375 0.02610565536 0.0154653322 0.0137409661 0.0133996401 0.009330281056 0.008226225153 0.008144796826 0.006725863554 0.006602022331 0.006360353902 0.006302352995 0.006251676939 0.005777173676 0.005735058337 0.00478155585 0.00402325578 0.003883338999 0.003873751266
547,loss@228.02 frag@115.06 loss@122.1 frag@99.05 loss@257.02 loss@207.11 frag@236.11 frag@161.01 frag@163.02 frag@158.03 frag@134.02 frag@136.07 loss@212.97 frag@57.04 frag@144.06 frag@209.14 frag@144.04 frag@182.08 loss@321.19 loss@77.04,0.05858536065 0.04715289921 0.04356136546 0.009096259251 0.005608784035 0.005275519565 0.005228055641 0.004950040486 0.004022119567 0.003875620896 0.003703250317 0.003552276408 0.003460974433 0.003218356986 0.003188065719 0.00305363466 0.002905273112 0.002847137861 0.002312562428 0.002253065817
548,frag@169.1 frag@256.13 loss@337.17 loss@320.13 loss@244.02 frag@181.1 loss@265.12 loss@197.12 loss@288.21 loss@228.15 loss@198.12 frag@225.16 loss@267.04 loss@284.14 frag@95.07 loss@133.08 loss@125.07 loss@347.08 loss@291.17 loss@198.15,0.2524671257 0.02904680185 0.02584490366 0.02521009371 0.01806875505 0.008461571299 0.007996637374 0.005969500169 0.005092802458 0.004465024453 0.004460257478 0.004152418114 0.003467510454 0.003410460427 0.003348151455 0.003282794263 0.003260775236 0.003202476073 0.003127237782 0.003117771354
549,loss@159.13 loss@187.12 frag@231.15 frag@83.09 frag@67.05 frag@69.07 frag@67.06 frag@124.11 loss@349.09 frag@43.02 frag@130.12 frag@55.05 frag@97.06 frag@81.07 frag@156.14 frag@112.08 loss@216.01 frag@95.09 frag@216.13 frag@181.11,0.188502565 0.1211120933 0.04474901035 0.02207463235 0.01668776758 0.01236572303 0.008996495977 0.007513102144 0.006070105359 0.005535243079 0.005330732092 0.005074311513 0.005007707514 0.00454539666 0.004022263456 0.003856419353 0.003839795711 0.003458703635 0.003448988777 0.003417074215
550,loss@168.08 loss@245.13 frag@151.02 frag@355.2 frag@188.14 frag@165.05 frag@210.09 frag@104.06 frag@84.96 frag@254.12 frag@318.18 frag@159.08 frag@107.05 loss@312.12 frag@308.12 frag@245.08 frag@137.06 frag@168.09 frag@275.19 frag@109.06,0.1650175303 0.1576668322 0.1251657009 0.009573897347 0.009225589223 0.005151246674 0.004441942088 0.00438255351 0.003928109538 0.003741715569 0.003456227016 0.003212329699 0.003173887962 0.00306538213 0.002948817099 0.00271040597 0.002662055893 0.002633610507 0.002590659307 0.002541034715
551,frag@65.04 frag@90.03 frag@63.02 loss@100.03 loss@71.0 frag@51.02 loss@73.02 loss@85.02 loss@67.01 loss@112.03 loss@98.01 loss@114.04 frag@117.04 frag@67.02 loss@99.03 loss@113.02 frag@62.99 loss@82.02 loss@124.03 frag@86.0,0.06847129017 0.0486840792 0.04042538628 0.02489869483 0.02396115102 0.02364454605 0.01790735126 0.01778545603 0.01580532081 0.01435284689 0.01434863172 0.01427419391 0.01381371729 0.01213172823 0.01207994856 0.01130789518 0.01126752701 0.01123049483 0.008316531777 0.008085628971
552,loss@238.09 loss@256.08 frag@91.02 frag@239.21 frag@147.09 frag@147.02 loss@238.07 frag@228.11 loss@313.11 frag@141.05 frag@153.01 frag@178.07 frag@205.02 frag@168.06 frag@239.1 frag@128.08 frag@155.03 frag@84.07 frag@218.06 frag@70.03,0.2018946856 0.08860458434 0.0504591465 0.01339314878 0.01310267486 0.01076411922 0.009937453084 0.00981643144 0.008970217779 0.008865869604 0.008698733523 0.007556675933 0.007383621763 0.006863278337 0.00497358432 0.004860925023 0.004719583783 0.004467610735 0.004400102887 0.004285725299
553,frag@121.06 frag@149.06 loss@207.06 loss@222.11 frag@93.07 loss@194.06 loss@215.13 loss@244.12 frag@79.05 frag@109.06 loss@266.14 loss@286.08 loss@313.17 loss@311.09 loss@296.09 frag@95.05 loss@276.11 loss@257.09 loss@229.11 loss@246.14,0.26474154 0.06490771472 0.0310919527 0.02938871458 0.02803911828 0.02292109095 0.02240210772 0.02140522748 0.01428502519 0.01359469723 0.01335697155 0.01078740321 0.01045202184 0.008805564605 0.007984129712 0.006543355063 0.006368508562 0.006169433706 0.006129958201 0.005882627331
554,loss@147.05 loss@153.04 frag@212.06 loss@144.02 frag@53.04 loss@95.02 frag@174.97 frag@133.01 frag@134.96 loss@116.99 frag@79.02 frag@58.99 frag@81.04 loss@129.04 frag@81.03 frag@164.09 frag@114.03 frag@54.03 frag@66.03 frag@158.04,0.1551882923 0.08042804897 0.0441028364 0.02161982656 0.01121349446 0.00579760829 0.005355909467 0.003591412678 0.003506662324 0.003501198255 0.003139355686 0.003065744881 0.002900935477 0.002769939834 0.002751270775 0.002726803999 0.002516095759 0.002426255262 0.002400637139 0.002378627425
555,frag@153.02 loss@653.12 loss@314.06 loss@448.1 frag@143.03 loss@288.08 loss@464.1 loss@462.15 loss@404.13 loss@418.14 loss@316.08 frag@287.06 frag@139.04 loss@501.11 frag@303.05 loss@308.05 frag@315.07 loss@454.17 loss@526.13 loss@308.11,0.2525874078 0.06346271932 0.03378692269 0.02647162788 0.02164771594 0.02020698227 0.0198884923 0.01476151217 0.01439899113 0.0119496379 0.009800958447 0.009720096365 0.00930269435 0.007666490972 0.007305042818 0.006980991922 0.00587678235 0.004123243969 0.004012308083 0.003923615441
556,loss@167.09 frag@169.09 loss@347.09 frag@213.03 frag@124.11 frag@150.13 frag@130.97 frag@191.06 frag@178.12 frag@204.11 frag@151.05 frag@136.05 frag@67.06 frag@87.05 frag@322.17 frag@173.03 frag@138.09 frag@174.04 frag@355.2 frag@216.13,0.2801052332 0.01008062344 0.009478200227 0.00583124999 0.005305440165 0.005179905798 0.004735203926 0.004062915687 0.003861547913 0.003498726292 0.003342069453 0.003183629597 0.003068584483 0.002867602743 0.002798671601 0.002767502563 0.002746113809 0.002652439289 0.002563937334 0.002550853882
557,loss@157.07 loss@144.09 frag@188.9 frag@57.07 frag@55.02 frag@123.09 frag@43.02 frag@97.1 frag@112.08 frag@100.02 frag@102.09 frag@84.08 frag@67.05 frag@150.13 frag@155.98 frag@85.06 frag@157.96 frag@195.99 frag@56.05 loss@148.11,0.2356929481 0.1118751019 0.05314588174 0.0225780718 0.02001966536 0.01636098325 0.0152349025 0.01516052056 0.0105627859 0.00955792889 0.008132560179 0.007317691576 0.00710324198 0.006795445923 0.006647937465 0.006600494497 0.006348469295 0.00554182101 0.005412624218 0.00503791729
558,loss@255.03 loss@327.13 frag@339.09 frag@216.13 frag@293.12 frag@191.06 loss@193.13 frag@87.03 loss@351.13 frag@323.13 frag@254.04 frag@244.05 loss@167.17 frag@201.1 frag@309.12 loss@341.03 frag@202.06 frag@194.06 loss@297.04 loss@230.01,0.1103854924 0.07745390385 0.07331335545 0.04457714781 0.002928452566 0.002862994559 0.002785778372 0.002784515033 0.002467840444 0.002388239605 0.002245329786 0.002156038769 0.002152226865 0.002095000353 0.002079171594 0.002071886556 0.001971428515 0.001889995649 0.00185274519 0.001812934992
559,frag@87.03 loss@261.18 frag@447.13 frag@114.04 frag@167.05 frag@326.18 frag@101.01 loss@310.14 frag@88.02 loss@327.13 loss@172.07 frag@381.17 frag@235.09 frag@277.1 loss@273.11 loss@63.03 loss@289.14 frag@58.99 frag@244.05 loss@287.15,0.2219356298 0.1993955672 0.005880495999 0.00549419364 0.004122429527 0.00353489141 0.003400676884 0.002961487276 0.002614489757 0.002597237471 0.002306145849 0.002267405391 0.001956585795 0.001920114853 0.001749743707 0.001736613689 0.001673279447 0.001585054444 0.001550507499 0.001545559848
560,frag@119.07 loss@145.06 loss@186.09 loss@346.14 frag@341.17 frag@128.05 frag@178.09 frag@133.09 frag@145.08 frag@146.08 frag@134.1 loss@247.05 loss@164.03 frag@118.06 loss@350.15 frag@106.06 frag@148.11 loss@210.05 frag@144.07 loss@177.08,0.2778401375 0.2203270346 0.02070022747 0.01285723131 0.01160991844 0.007109027822 0.005856324453 0.004462638404 0.004289750941 0.004011597484 0.003399102949 0.003037301591 0.002993002767 0.002940602601 0.002938151592 0.002787697362 0.002636957681 0.002635821467 0.002618988976 0.002602678491
561,frag@180.05 loss@155.08 loss@191.04 frag@156.99 frag@274.01 loss@116.12 frag@343.19 loss@305.08 loss@367.11 frag@137.04 frag@137.01 loss@249.01 frag@208.11 frag@45.04 frag@144.04 frag@123.03 frag@204.07 frag@111.02 loss@153.1 loss@292.09,0.1180684865 0.1085829884 0.04886486381 0.03148320317 0.008659247309 0.008062513545 0.008043017238 0.007329757325 0.007005905733 0.006800128147 0.005648148712 0.005107862875 0.003972453065 0.003763335757 0.003716426436 0.003494292265 0.00343098701 0.003282469697 0.003230741946 0.003216603305
562,frag@164.05 loss@125.06 loss@151.07 loss@108.07 loss@137.07 frag@146.04 frag@162.01 loss@151.04 frag@201.06 loss@92.05 frag@146.05 frag@312.15 loss@141.07 loss@224.99 frag@262.11 loss@122.08 loss@132.03 frag@192.11 frag@224.12 frag@211.03,0.1034631208 0.06975326687 0.04502256587 0.04093006998 0.02787554823 0.01748823188 0.01711682603 0.01476872992 0.01434534136 0.01403776091 0.01278079767 0.01264139265 0.0125674773 0.01208293624 0.01202382986 0.0115622757 0.009504348971 0.009215255268 0.008240138181 0.00716528343
563,frag@112.05 loss@173.04 loss@158.07 loss@396.29 loss@133.07 loss@196.01 loss@174.05 frag@95.02 loss@291.98 loss@116.05 frag@137.05 frag@69.04 loss@231.05 frag@157.03 frag@155.01 frag@164.09 loss@146.06 loss@131.06 frag@126.07 frag@128.04,0.2455146909 0.1074571237 0.08152484149 0.05724464357 0.04831790552 0.03195979446 0.02966246568 0.02354649268 0.01908552274 0.006259122398 0.005154922605 0.004717312288 0.004485542886 0.004084538203 0.004071696196 0.003503674408 0.003369077574 0.003328412073 0.003045690013 0.002934235381
564,loss@192.04 frag@181.09 frag@185.04 frag@153.03 frag@139.05 loss@136.05 loss@196.07 loss@232.06 frag@120.06 frag@163.03 frag@118.04 loss@165.06 frag@149.04 frag@107.01 loss@192.11 frag@146.07 loss@160.96 frag@125.08 frag@108.06 frag@80.06,0.2364282906 0.2105859518 0.004817547277 0.004450696055 0.003246538341 0.002604419133 0.00259263441 0.002556876047 0.002378168283 0.002336859005 0.002327037975 0.002283944516 0.002255573869 0.002202847507 0.002147884574 0.002104702871 0.00191826676 0.001914947177 0.001825701445 0.001811174909
565,frag@218.06 loss@186.07 loss@210.12 frag@331.13 loss@325.15 frag@169.01 loss@255.02 frag@133.04 frag@145.06 frag@130.03 frag@113.04 frag@247.07 frag@155.05 frag@218.09 frag@123.02 frag@155.06 loss@227.1 frag@178.07 frag@344.17 frag@169.06,0.1362240016 0.1247078627 0.07798877358 0.01956529729 0.01176154241 0.005843829364 0.005513714161 0.005127239041 0.005001651123 0.004282249603 0.004131251015 0.004006316885 0.00369555247 0.003623035504 0.003395410487 0.003375388682 0.002836033702 0.002546789823 0.002334480407 0.002293833997
566,frag@98.1 frag@96.08 loss@246.17 frag@44.05 frag@110.1 loss@204.02 loss@224.19 loss@294.14 loss@223.06 loss@213.12 loss@243.08 loss@342.08 loss@192.12 loss@290.16 loss@233.06 frag@141.1 loss@137.12 frag@126.09 loss@204.15 loss@468.23,0.1981321722 0.09147809446 0.03169891238 0.02491207793 0.0167807918 0.0142179532 0.01402426139 0.01369771827 0.01334114093 0.01305686217 0.01302399207 0.01151857525 0.01121249888 0.01094826031 0.01085983962 0.01028318331 0.01014645305 0.009957918897 0.009525748901 0.009494305588
567,loss@268.17 frag@227.09 loss@310.09 frag@277.19 loss@223.14 frag@163.08 frag@170.98 frag@176.11 frag@165.09 loss@353.1 frag@159.04 frag@87.04 loss@291.11 loss@342.18 frag@151.08 frag@263.14 loss@290.1 frag@353.07 frag@132.09 loss@280.16,0.148504585 0.1305059046 0.01575284824 0.004916729871 0.003553229384 0.002527812496 0.002387388377 0.00229943078 0.002259186236 0.001922126627 0.001918263035 0.001872659894 0.001826790045 0.001810191548 0.001797257341 0.001736795763 0.001726496499 0.00165413029 0.001642214367 0.001583692268
568,loss@195.1 frag@95.07 frag@136.11 frag@108.08 frag@136.08 frag@122.1 frag@209.03 frag@137.03 frag@144.09 frag@151.05 frag@171.04 frag@164.07 frag@99.06 frag@297.17 frag@104.06 frag@111.01 frag@131.08 frag@123.08 frag@244.13 frag@123.05,0.3104395568 0.008549800143 0.008028241806 0.00789504312 0.00743894279 0.007288672961 0.007045309991 0.007042293902 0.006533216219 0.00558365183 0.00522062229 0.004897235427 0.004658053629 0.004472044762 0.003947702236 0.003756760387 0.003689919133 0.0035788198 0.00355690904 0.003548866836
569,frag@175.1 loss@214.13 loss@243.16 frag@201.11 frag@191.13 frag@177.11 frag@211.01 frag@130.97 frag@167.05 loss@246.15 frag@197.17 frag@163.1 frag@162.08 loss@138.1 frag@299.15 frag@136.05 loss@278.13 loss@281.03 loss@157.08 frag@108.08,0.2287269235 0.1199555472 0.04003942385 0.007559183054 0.005718491971 0.005279019941 0.004794230219 0.004438480362 0.002729598433 0.002611748641 0.002513813553 0.002453207504 0.00238482235 0.00234337314 0.002225682139 0.002102972474 0.002071968047 0.002060603816 0.001961233327 0.001938517089
570,loss@174.09 loss@161.03 frag@144.05 frag@116.98 frag@145.01 frag@157.06 frag@148.06 frag@384.2 frag@222.95 frag@173.04 frag@203.12 frag@290.13 frag@109.05 frag@72.0 frag@238.13 frag@201.08 frag@207.98 frag@192.03 loss@254.01 frag@193.08,0.2478614002 0.0965442583 0.05317342281 0.02619042806 0.02169211581 0.0120637957 0.004940305371 0.004440634511 0.003985466901 0.003726573195 0.003604313824 0.003535286523 0.003512432566 0.003307600506 0.003243040992 0.003075233661 0.002822840819 0.002764369361 0.002757568611 0.00271851453
571,loss@224.05 loss@186.0 frag@162.12 frag@262.16 frag@125.01 frag@212.08 frag@197.07 frag@218.14 frag@159.04 frag@267.12 frag@160.13 frag@245.09 loss@199.05 frag@314.13 frag@99.1 frag@186.06 frag@285.12 frag@172.07 frag@377.07 loss@140.06,0.1690517366 0.09448800981 0.07439050823 0.03228899464 0.01404384337 0.00551339332 0.005423716735 0.005342475139 0.004867019132 0.004564682022 0.004223654512 0.003885189537 0.003801424988 0.003330018837 0.003124089213 0.002844529226 0.002734613838 0.002686666325 0.00257361331 0.002391769085
572,loss@222.09 loss@179.08 loss@242.09 frag@217.12 frag@248.1 frag@195.98 frag@203.11 frag@281.04 frag@156.04 frag@113.04 frag@92.02 frag@71.03 frag@112.06 frag@154.97 frag@349.07 loss@277.12 frag@256.1 frag@98.02 frag@172.03 frag@231.02,0.1034672782 0.08342691511 0.07410610467 0.04555997625 0.0444955416 0.04352038354 0.0336612314 0.01996579021 0.009194442071 0.006615129299 0.005770768039 0.004774391651 0.004294486716 0.003367099445 0.003215727163 0.003040196607 0.00286942441 0.002713638591 0.002702041063 0.002549065975
573,loss@137.1 loss@122.05 loss@94.05 frag@95.06 frag@78.03 frag@96.04 frag@93.04 frag@69.04 frag@81.04 frag@121.04 frag@107.06 frag@66.03 frag@150.1 frag@79.04 frag@120.06 frag@209.08 loss@95.04 frag@52.03 frag@257.09 frag@163.09,0.1457195729 0.1137781218 0.1068972051 0.02808434889 0.02044788189 0.01980085485 0.01642107405 0.01197304297 0.01113261934 0.009290720336 0.008558436297 0.008428759873 0.007314759772 0.005391353741 0.005082380958 0.004040668719 0.003697304986 0.003441100707 0.00339863752 0.003310091794
574,loss@232.04 loss@318.16 loss@265.08 loss@154.17 frag@208.07 loss@327.09 frag@376.15 frag@159.11 loss@344.17 loss@227.15 frag@131.04 frag@160.1 frag@74.01 frag@304.08 frag@117.07 loss@239.05 frag@274.19 frag@200.11 frag@164.11 frag@67.02,0.1180806682 0.0516978167 0.03333955258 0.01438057423 0.01133919973 0.009627758525 0.009277240373 0.006789321546 0.006713032722 0.005161404144 0.004639513791 0.004218538292 0.003964906093 0.003445747308 0.003427830525 0.003298395546 0.00329005532 0.003024435369 0.002990467241 0.002825598931
575,frag@114.09 frag@85.05 loss@226.17 loss@264.16 loss@296.11 loss@328.13 frag@171.15 loss@457.15 loss@310.1 loss@332.15 loss@213.02 frag@127.09 loss@470.15 loss@215.15 loss@243.0 frag@84.08 frag@85.08 frag@70.06 loss@284.14 loss@263.13,0.2149386704 0.06055440754 0.05860859156 0.03680456057 0.02469068579 0.0233330857 0.02172246948 0.02050368302 0.01518987678 0.01495241188 0.01044513751 0.01021203864 0.00935767591 0.007940756157 0.007258349098 0.00652641803 0.005893957801 0.005758368876 0.005526285619 0.00508273812
576,frag@147.05 loss@180.01 frag@160.11 loss@217.04 frag@312.09 loss@213.05 frag@129.04 frag@106.07 frag@314.13 loss@79.01 loss@220.03 loss@124.03 frag@216.1 loss@64.02 loss@164.07 frag@142.01 loss@216.08 frag@77.04 loss@125.02 loss@108.06,0.319167763 0.233373493 0.007989523001 0.007209761068 0.007194429636 0.007130577695 0.006904544309 0.006165240426 0.005691174883 0.005214802921 0.004011424258 0.003957071342 0.00387793663 0.003856421448 0.003760278458 0.003703744151 0.003623536089 0.0036107325 0.003492775606 0.003416876774
577,loss@166.07 loss@199.07 loss@187.11 loss@193.1 loss@191.08 frag@148.08 frag@120.04 loss@170.09 frag@162.05 frag@133.06 frag@132.07 frag@121.09 frag@176.08 loss@241.15 frag@188.97 frag@125.01 frag@133.08 frag@107.07 frag@95.02 frag@147.05,0.1052101031 0.08216495067 0.04249425605 0.03627765924 0.02929072641 0.02515499666 0.0243707858 0.01789983734 0.01560491882 0.01275664009 0.01170325931 0.0106081618 0.01056910213 0.008341521956 0.007967332378 0.007944690995 0.007677440532 0.007622438949 0.007166220341 0.006859616842
578,frag@175.09 frag@203.08 loss@140.07 frag@221.09 loss@130.15 frag@216.14 loss@293.16 loss@182.02 loss@146.08 frag@187.09 loss@46.02 loss@234.1 loss@201.09 loss@298.11 loss@175.06 frag@308.14 loss@199.07 frag@185.07 loss@322.13 frag@117.02,0.1970378309 0.1163306236 0.09347838908 0.03065337427 0.0265792422 0.01216081064 0.01171498653 0.008106920868 0.007654382847 0.006922672968 0.006512572523 0.005746547133 0.004429030698 0.004349699244 0.004162936006 0.003834084142 0.003830068512 0.003706028219 0.003704668488 0.003700834699
579,frag@188.11 loss@259.12 frag@160.11 frag@186.09 frag@243.16 frag@367.21 frag@138.09 loss@289.14 loss@187.06 loss@300.16 loss@235.12 frag@147.08 frag@216.1 frag@239.08 loss@148.09 loss@344.17 frag@190.09 loss@220.17 loss@225.14 loss@259.13,0.2715624869 0.1157433391 0.01102527604 0.006682973355 0.004664098844 0.003972689155 0.003164801048 0.002992454683 0.002883306937 0.00277915271 0.002709489549 0.002544340212 0.002509085229 0.00240054843 0.002382291481 0.002330581658 0.002023740439 0.001980807167 0.001924645156 0.001885788399
580,loss@170.15 frag@251.04 loss@235.02 frag@103.96 loss@65.03 frag@248.06 loss@202.0 loss@230.03 frag@303.1 loss@189.99 loss@95.02 frag@204.96 frag@202.93 loss@275.04 frag@186.95 frag@275.05 frag@433.19 frag@233.13 frag@353.09 frag@263.1,0.07095833123 0.06422478706 0.05204226449 0.04419011995 0.03166063502 0.02685237303 0.02341900766 0.007282987237 0.00379949389 0.003746635281 0.003237423021 0.003189103911 0.003161906032 0.003029949497 0.002898391802 0.002867718693 0.002833750565 0.002689959714 0.002530647675 0.002494870918
581,loss@119.04 loss@148.1 loss@182.13 frag@224.01 loss@256.17 frag@233.05 frag@157.96 frag@129.02 frag@230.02 frag@300.1 frag@67.04 frag@198.0 frag@185.98 frag@124.1 frag@197.03 frag@76.08 frag@219.13 loss@116.06 frag@177.03 frag@143.0,0.1339221597 0.07498030365 0.07274530828 0.05174642056 0.02990054898 0.02124493383 0.01662500203 0.01085688453 0.008744342253 0.008693670854 0.008070818149 0.007849846035 0.007254881319 0.006221822929 0.005134313833 0.00502175279 0.004373678472 0.003932859283 0.003835832467 0.003637984861
582,frag@147.07 loss@145.09 loss@148.08 loss@134.06 frag@161.08 loss@215.12 loss@146.06 frag@201.11 loss@175.07 loss@170.02 loss@164.11 loss@191.12 frag@191.13 loss@177.12 loss@149.03 loss@134.03 frag@176.09 loss@187.93 loss@243.14 frag@134.99,0.3170369864 0.06190355122 0.006288337056 0.006033490412 0.005602506455 0.005439722445 0.004929734394 0.004736274015 0.004691264126 0.004235792905 0.004040949512 0.003928531427 0.003739508102 0.003608795116 0.003595820861 0.003530602204 0.003244200489 0.003142138943 0.003112066537 0.003061779309
583,frag@125.02 frag@153.01 loss@264.07 loss@354.17 loss@313.11 loss@311.06 loss@297.03 loss@362.09 loss@152.0 loss@224.03 loss@298.18 loss@214.01 loss@226.09 frag@139.03 loss@144.02 loss@196.06 loss@178.02 frag@148.02 loss@278.09 loss@372.05,0.3342840672 0.05165619031 0.0244741533 0.0240813233 0.012535505 0.01214751042 0.01066862512 0.008966200054 0.006825664081 0.004177045077 0.00390530657 0.003720617155 0.003390066558 0.003344879951 0.003156516468 0.002987754298 0.002897408325 0.002817631699 0.002775514033 0.002533153398
584,loss@234.14 loss@261.11 frag@138.05 frag@93.03 frag@68.05 loss@265.14 loss@214.05 loss@251.12 loss@298.13 frag@110.1 frag@175.11 frag@243.16 frag@164.11 frag@94.07 frag@98.1 frag@198.15 frag@96.08 frag@94.06 loss@231.03 frag@166.09,0.1383344978 0.05457995459 0.0265726354 0.02355635539 0.02233280428 0.02177726105 0.02133298852 0.02034230158 0.01974390447 0.0136528546 0.01120843925 0.01002972201 0.009378675371 0.008988193236 0.008638359606 0.008362402208 0.007960907184 0.007931699976 0.007709278725 0.006736256648
585,frag@169.0 loss@263.17 loss@202.12 loss@276.12 loss@285.17 frag@118.92 loss@237.13 loss@277.07 frag@125.99 loss@141.1 frag@149.04 loss@181.09 loss@155.07 loss@169.06 frag@245.08 loss@199.14 frag@136.05 loss@309.09 loss@253.14 frag@299.07,0.2946256697 0.09470968693 0.01181209553 0.005070396233 0.004382092506 0.00391806243 0.003651279025 0.003317966126 0.00312539353 0.003078445094 0.003062894335 0.00294166524 0.002780553652 0.002748826053 0.002731084358 0.002653107513 0.002619523089 0.002551222919 0.002402896527 0.002398900455
586,loss@270.09 frag@248.07 frag@307.06 frag@325.07 loss@300.11 loss@106.04 frag@218.06 loss@243.04 loss@286.09 frag@156.04 loss@249.18 loss@216.08 frag@248.11 frag@276.08 frag@278.09 loss@256.08 frag@240.14 frag@178.07 frag@268.02 loss@277.11,0.1217785403 0.07280097157 0.05459008366 0.04893087596 0.04795331135 0.0452802144 0.02140468173 0.01982748695 0.0127331838 0.01042854134 0.008908263408 0.007883310318 0.00578586245 0.004828352481 0.004626758397 0.004285433795 0.004181920085 0.004106439184 0.003715179861 0.003706387244
587,loss@166.09 frag@69.01 loss@186.15 loss@159.02 frag@155.05 frag@169.98 frag@143.01 frag@155.06 loss@183.14 loss@148.05 frag@46.34 frag@95.02 frag@145.06 loss@170.09 frag@113.03 loss@152.07 loss@176.11 frag@106.07 frag@172.96 frag@94.05,0.2579730451 0.06642043591 0.01275071874 0.01025219541 0.008289970458 0.005481543485 0.005359021481 0.004847469274 0.004290484358 0.004073062912 0.00398218073 0.003532885108 0.003187951166 0.003069733502 0.002911849413 0.002706472529 0.002654339653 0.002646624343 0.002602664521 0.002569786273
588,frag@55.02 loss@310.1 loss@183.09 loss@105.04 frag@101.02 loss@157.04 loss@246.08 loss@268.09 loss@211.12 loss@233.08 loss@210.1 loss@219.06 loss@219.07 loss@107.11 loss@278.08 loss@187.08 loss@251.06 loss@271.05 loss@280.13 loss@246.11,0.3416444659 0.004039262887 0.003695970867 0.003459930653 0.003223841311 0.002780148061 0.002592986217 0.002297250554 0.00228426815 0.002227686811 0.002217526315 0.002131367568 0.002106004162 0.00209281873 0.001884979196 0.001820503967 0.001782410429 0.001781724626 0.001763325534 0.001752096228
589,loss@201.05 loss@194.04 loss@215.04 frag@111.03 frag@127.03 frag@51.02 frag@147.03 frag@97.01 loss@144.0 frag@139.03 frag@109.01 frag@135.09 frag@148.02 frag@85.01 frag@57.99 frag@131.06 frag@53.04 frag@55.02 frag@96.04 frag@69.06,0.138689056 0.06828237325 0.05386220291 0.01189907268 0.01085919514 0.008588348515 0.005562400445 0.005361581221 0.005083747674 0.004377427045 0.004196616355 0.00415850291 0.004091299139 0.003872497007 0.00373088941 0.003593611298 0.003379805945 0.003283522325 0.003204649547 0.003132247599
590,frag@178.06 loss@228.12 frag@150.07 loss@233.08 frag@132.06 loss@164.13 loss@260.15 frag@164.07 loss@219.06 loss@140.07 loss@242.1 frag@179.08 loss@306.13 loss@179.0 loss@192.09 loss@189.08 loss@195.09 loss@232.16 loss@229.03 loss@147.03,0.3536581695 0.02456046827 0.01351690851 0.004271149635 0.003374797292 0.003120432375 0.003108880483 0.002288396237 0.002189440187 0.002044856083 0.002028468065 0.00202120305 0.001972198486 0.001911674277 0.001724853879 0.001687855111 0.001582846511 0.001554386807 0.001472224016 0.001456811093
591,loss@204.14 frag@138.99 frag@134.07 frag@201.14 frag@202.1 frag@207.11 frag@176.11 frag@166.1 frag@160.09 loss@244.13 frag@174.07 frag@190.1 loss@206.12 frag@84.06 frag@463.24 frag@150.07 frag@180.1 frag@189.0 loss@291.13 frag@123.05,0.2471698374 0.01159634255 0.004475907888 0.003966334742 0.003907612059 0.003488519229 0.003216914367 0.003189842682 0.002799609676 0.002641594503 0.002638059668 0.002625587862 0.002624227665 0.002615730977 0.002560710302 0.00253605633 0.002455515787 0.002434742404 0.002420718316 0.002372364281
592,loss@181.15 loss@112.09 loss@240.12 loss@211.16 loss@198.17 frag@188.03 loss@265.13 frag@274.05 frag@318.17 loss@225.17 frag@342.18 frag@262.12 frag@141.02 frag@85.06 frag@67.05 frag@95.09 frag@81.07 frag@46.07 frag@216.02 frag@266.08,0.06139137596 0.05899813771 0.05108269304 0.03738644719 0.02705333941 0.02632871643 0.02330967225 0.02264341339 0.01641501859 0.01407774352 0.01083180495 0.01014517713 0.01010085456 0.008106769063 0.007288369816 0.006273333449 0.00590435043 0.00578451762 0.005462360568 0.005462040659
593,loss@114.07 loss@142.06 loss@116.08 frag@276.01 frag@218.05 loss@126.07 frag@223.16 frag@97.1 loss@79.1 frag@43.05 frag@247.13 loss@86.07 frag@64.0 loss@726.37 frag@293.13 frag@87.04 frag@98.98 loss@102.07 loss@105.04 frag@43.02,0.1062071398 0.0994971022 0.02081616223 0.01781186275 0.0176945664 0.01200892776 0.009456373751 0.006469497923 0.006216819398 0.005602483638 0.004962978885 0.004811344668 0.004707523622 0.004460747819 0.004266400356 0.00418642303 0.004051234573 0.003998332657 0.003792763688 0.003737744875
594,loss@258.14 loss@246.07 frag@166.09 frag@122.1 loss@230.14 frag@275.18 frag@241.11 frag@108.08 frag@166.1 frag@71.0 frag@349.04 frag@111.06 frag@99.06 frag@164.07 frag@127.03 frag@165.1 frag@122.06 frag@114.05 frag@232.13 frag@207.98,0.1752597988 0.06608287245 0.02824508771 0.01764380746 0.01615027152 0.01288053393 0.009889225475 0.009875560179 0.008320609108 0.007613569498 0.007381435484 0.006756532006 0.006505241152 0.006356481928 0.006189248525 0.005499348044 0.005480910186 0.005288650747 0.005000443663 0.00468195416
595,loss@278.07 frag@298.07 frag@222.12 frag@223.02 frag@137.02 frag@263.15 loss@198.11 frag@350.13 loss@188.01 loss@162.03 frag@261.97 frag@181.05 frag@146.12 frag@180.12 frag@292.13 frag@147.09 frag@336.17 frag@86.07 frag@271.07 frag@306.1,0.1192300841 0.07622042298 0.03593860939 0.006470223889 0.005231829826 0.004040671047 0.003336738562 0.003156242892 0.002612360753 0.002558034379 0.002055384917 0.001961753471 0.001873327303 0.001864308142 0.001844224287 0.001799091813 0.001770831761 0.00175697112 0.001733780024 0.001553504611
596,loss@155.07 loss@183.06 loss@144.05 loss@117.07 frag@157.96 frag@172.97 frag@128.04 loss@338.99 frag@93.04 frag@152.05 frag@151.05 frag@193.04 frag@81.04 frag@177.03 frag@93.03 frag@66.03 frag@123.06 frag@114.0 frag@142.02 frag@355.2,0.1393482089 0.08291489631 0.06968928128 0.03217712417 0.01310727373 0.01116407104 0.009516648948 0.009129701182 0.005987187847 0.005662768614 0.00501630595 0.004991274327 0.004614919424 0.00445428025 0.004306817893 0.004131750669 0.003962487448 0.003958636895 0.003845801111 0.003717970336
597,frag@191.06 loss@235.08 loss@279.05 frag@314.13 frag@194.99 loss@190.06 loss@292.04 loss@120.06 loss@273.06 loss@119.05 loss@228.09 loss@211.01 loss@318.11 loss@229.03 loss@271.13 loss@290.11 frag@190.02 loss@169.11 loss@347.09 loss@267.12,0.3345127106 0.007218550891 0.006779749412 0.005601451267 0.00434721401 0.004241752438 0.0036705737 0.003119941568 0.003088233992 0.002911760239 0.002852231264 0.002829287667 0.002823058981 0.002816294786 0.002778011607 0.00276878872 0.002649239264 0.002534157364 0.002433818998 0.002087763045
598,loss@184.12 loss@211.13 frag@129.1 frag@112.08 frag@95.07 frag@84.08 frag@110.1 frag@67.05 frag@67.06 frag@150.13 frag@116.07 loss@212.12 frag@94.07 frag@99.08 frag@114.0 frag@58.03 frag@159.11 frag@249.04 frag@174.03 frag@188.13,0.1979525983 0.0704857856 0.06031960249 0.02150338143 0.01797889918 0.01183049753 0.01116055809 0.01115564723 0.00949985534 0.005172180478 0.005033915397 0.004239939153 0.004224677105 0.004127147142 0.004091381561 0.003934292123 0.003742238972 0.003243817016 0.0032008118 0.003167847637
599,frag@146.1 loss@251.1 loss@263.07 loss@275.05 frag@193.02 loss@242.01 frag@174.09 frag@134.1 frag@160.1 frag@131.07 frag@159.1 frag@129.07 loss@182.02 frag@119.07 frag@204.1 loss@211.1 loss@230.14 frag@148.11 frag@158.1 frag@190.05,0.282291919 0.05872865394 0.0541985482 0.05039551482 0.02312640846 0.01712749526 0.007115229964 0.005836121272 0.005341941956 0.004936240613 0.004591130652 0.003884407924 0.003764750436 0.003657616908 0.003278121119 0.002983286278 0.002885445487 0.00287530222 0.002858393593 0.002660264727
600,frag@240.1 loss@208.99 loss@287.11 frag@193.1 frag@83.09 loss@179.13 frag@180.04 frag@164.07 frag@114.04 loss@257.03 loss@180.11 frag@138.05 loss@257.09 frag@149.1 frag@57.03 frag@146.03 frag@178.08 frag@337.15 frag@72.94 loss@281.15,0.1529002488 0.1146082431 0.08140197396 0.03118642792 0.004900940228 0.004550643265 0.004432106856 0.003872778267 0.003758504055 0.003421499627 0.003017608775 0.002844947623 0.002659502905 0.002643818734 0.002470875392 0.002338333288 0.002157686278 0.002137162955 0.002066634363 0.001996600535
601,frag@157.01 loss@43.01 loss@120.04 frag@384.17 loss@189.97 frag@139.0 frag@61.01 frag@223.03 loss@110.07 loss@95.07 frag@181.04 frag@297.09 frag@197.09 loss@88.11 loss@58.03 loss@148.05 loss@121.05 frag@123.07 loss@115.07 frag@127.0,0.1918340921 0.09132542461 0.02236459777 0.01351473015 0.01308824681 0.01272053458 0.0115927821 0.01005433034 0.006603964604 0.005949971266 0.005859199446 0.005469383206 0.005431360565 0.004900227766 0.003982502967 0.003810605966 0.003002265934 0.002814475214 0.002703921171 0.00260826922
602,frag@126.01 frag@206.05 loss@317.16 loss@223.16 loss@140.09 frag@203.13 frag@176.13 loss@279.02 frag@407.14 frag@259.11 loss@184.04 loss@397.09 loss@313.19 loss@179.98 loss@237.04 loss@0.04 frag@155.12 loss@142.03 loss@159.06 frag@237.07,0.156111151 0.09954117239 0.05340168253 0.04436462 0.03784460947 0.01563270949 0.008329743519 0.007835078053 0.007797414437 0.007458845153 0.005345189478 0.004621935543 0.004337364808 0.003274750197 0.002946236636 0.002838753164 0.002835839754 0.002344722394 0.002260949695 0.002158185234
603,frag@180.01 loss@272.05 loss@78.03 frag@134.01 loss@156.01 frag@152.02 loss@302.2 frag@68.05 frag@318.03 loss@162.01 loss@186.01 frag@68.01 loss@312.17 frag@124.02 loss@298.03 frag@110.06 frag@53.04 frag@45.99 frag@255.12 loss@128.05,0.153111428 0.09389192611 0.02157369256 0.02080266923 0.01570775732 0.01158465724 0.009925166145 0.008097712882 0.006486386061 0.004640212283 0.004264063668 0.00378368469 0.003438790562 0.003432197962 0.003431549063 0.002753390232 0.002749545034 0.00267507555 0.002486220095 0.002419133903
604,frag@190.05 loss@202.06 loss@206.07 frag@162.05 frag@172.04 loss@199.11 loss@74.01 loss@175.13 loss@159.07 frag@187.09 frag@144.04 frag@105.06 loss@188.06 frag@115.03 loss@214.07 frag@231.15 loss@342.16 loss@178.07 frag@184.06 loss@225.06,0.2909181714 0.0049824249 0.004837668501 0.004225773737 0.003663217882 0.002910847543 0.002698525554 0.002223136369 0.001999897417 0.001970795915 0.001944969175 0.001862160861 0.001830679947 0.001829966786 0.001813749317 0.001773996861 0.001770614064 0.001755617326 0.001721737674 0.001655531931
605,loss@216.1 frag@152.11 frag@139.07 loss@241.1 loss@243.11 frag@216.09 loss@307.11 frag@162.97 frag@161.99 loss@285.12 frag@189.11 frag@267.04 loss@272.11 loss@296.15 loss@184.98 frag@203.07 frag@207.11 frag@190.12 frag@242.11 frag@127.06,0.1542788595 0.1204550788 0.03606336564 0.03320680559 0.02978407592 0.02819519117 0.02091231383 0.01972772926 0.01098937914 0.01080247853 0.007512001321 0.006297001615 0.005634111818 0.005558529403 0.005133308936 0.004755309783 0.004426884931 0.004249171354 0.004125041887 0.003633126151
606,frag@142.12 loss@144.04 loss@253.12 loss@159.13 loss@208.99 frag@344.21 frag@57.03 loss@199.17 frag@67.05 loss@275.11 frag@95.09 frag@214.11 loss@231.0 frag@81.07 frag@97.06 frag@156.14 frag@169.1 frag@83.01 loss@112.09 loss@264.12,0.2273914814 0.1159334555 0.08803566545 0.0397894606 0.007882143371 0.005537930876 0.00414100755 0.004135788884 0.003923077136 0.003914094064 0.003624930978 0.003571774112 0.003154282691 0.003088550409 0.002987382701 0.002817291068 0.002775885863 0.002615989652 0.002327406546 0.002269048477
607,frag@206.03 loss@177.1 loss@229.13 frag@205.02 loss@241.13 frag@345.19 frag@204.11 frag@134.99 loss@240.17 loss@267.15 loss@154.01 frag@59.06 frag@196.11 loss@267.04 loss@164.1 frag@198.06 loss@260.05 frag@208.13 loss@202.17 loss@276.22,0.1440856755 0.1352633536 0.05956553668 0.04613928497 0.03421131521 0.01492292434 0.0124045359 0.0121472571 0.01213796251 0.01153980847 0.009002446197 0.007439134642 0.006538813468 0.00616633147 0.006155453622 0.005839051679 0.005138514098 0.005131133366 0.004388209898 0.00428252155
608,frag@153.05 loss@270.03 frag@139.04 loss@246.01 loss@178.97 frag@210.06 loss@364.14 loss@174.99 loss@240.04 loss@286.04 loss@201.06 frag@162.07 loss@160.96 loss@229.1 loss@237.01 frag@94.99 loss@244.11 loss@222.12 frag@142.02 frag@181.05,0.2589548826 0.02309621312 0.0179656297 0.01420761738 0.009429394267 0.008644869551 0.008140731603 0.007803491317 0.00450471323 0.004273687489 0.003158256877 0.002970455913 0.002607400296 0.002546710894 0.002509055426 0.002453428926 0.002449349966 0.00243004458 0.00238154293 0.002300553489
609,frag@166.03 frag@193.04 loss@154.03 loss@285.13 loss@171.01 frag@245.04 loss@175.0 loss@98.02 frag@109.03 loss@153.03 loss@202.04 loss@81.09 loss@108.08 loss@158.05 loss@126.03 frag@175.03 frag@184.04 loss@337.08 loss@286.04 loss@167.04,0.1717175692 0.126151368 0.112167649 0.03069421463 0.03026195243 0.02111714147 0.0126886284 0.007916924544 0.005890041124 0.005003831349 0.004871597048 0.004823269788 0.004596676212 0.004396437667 0.004037862178 0.003539561294 0.003151644254 0.002766479971 0.002647114918 0.002626800444
610,frag@111.03 loss@235.09 loss@140.03 frag@205.13 loss@141.02 loss@297.06 loss@201.11 frag@44.98 frag@149.04 loss@209.09 frag@139.02 frag@59.0 loss@199.13 frag@97.01 frag@323.11 loss@169.06 loss@154.05 frag@73.01 loss@240.04 loss@225.07,0.3066296577 0.04413580149 0.03987261653 0.01830990985 0.01827588305 0.01103778183 0.01036305539 0.006647686474 0.005344332661 0.005264693405 0.004579724278 0.00405567186 0.003766760929 0.003453347599 0.003325422294 0.003110706341 0.003063763259 0.002832025755 0.002560203196 0.002500500297
611,loss@136.05 frag@213.14 frag@448.16 frag@338.14 frag@191.13 frag@176.07 frag@241.14 frag@202.12 frag@187.06 frag@190.09 frag@189.02 frag@123.01 frag@286.03 loss@165.05 loss@135.07 frag@136.03 frag@278.09 frag@200.12 frag@195.09 loss@152.07,0.2819016874 0.01027246751 0.01021326613 0.009137257934 0.00599575555 0.005268426612 0.005246077199 0.005238995422 0.005211505573 0.004914409481 0.004855372012 0.004415968433 0.003809373593 0.003717744723 0.003482156666 0.00342297717 0.003216779558 0.003046824597 0.002686575754 0.00268076756
612,loss@190.15 frag@220.11 frag@337.15 frag@347.15 frag@147.02 frag@210.13 frag@133.09 frag@254.12 frag@184.02 frag@232.13 frag@71.0 loss@260.15 frag@191.15 frag@162.09 frag@167.13 frag@264.16 frag@288.11 frag@192.1 loss@280.03 frag@164.07,0.2580068409 0.1278772652 0.03780888394 0.008797654882 0.00733236596 0.005939992145 0.004995422438 0.004968916997 0.003703022609 0.003584341379 0.003505190602 0.0032486727 0.002775668865 0.002657618141 0.002636711346 0.002589147771 0.002518418711 0.002452703891 0.002430165652 0.002388134366
613,frag@153.07 frag@181.06 frag@181.07 loss@401.19 frag@152.06 loss@295.08 loss@111.14 loss@152.07 loss@221.16 loss@232.03 loss@136.08 loss@125.1 loss@123.04 loss@257.17 loss@211.98 loss@183.95 loss@104.04 loss@140.04 frag@165.07 loss@291.15,0.2045724392 0.1441355199 0.0173503235 0.01495330501 0.01446750015 0.009435240179 0.006126915105 0.005554374773 0.005515475757 0.005445091985 0.005298495758 0.004648554605 0.004336199258 0.004213784821 0.004070185591 0.003480707062 0.003408803837 0.003394070314 0.003309160704 0.003128170269
614,loss@106.05 frag@281.07 frag@243.09 frag@211.07 loss@126.1 loss@276.17 frag@244.97 loss@102.08 frag@254.08 loss@103.05 loss@145.02 frag@322.17 loss@68.03 frag@245.13 frag@173.96 frag@236.12 loss@102.1 frag@226.09 loss@85.05 loss@101.06,0.0319785662 0.02969823964 0.02654841542 0.02434222214 0.0239240583 0.02272696607 0.02152571827 0.02059460245 0.0196215529 0.01930323243 0.01595097035 0.01551832817 0.01231453288 0.01229031105 0.01183468103 0.009963747114 0.006185059901 0.00608199276 0.005027123727 0.004973092116
615,frag@216.07 loss@387.14 frag@207.12 frag@237.11 frag@234.03 frag@260.12 frag@249.11 loss@156.06 frag@222.1 frag@149.01 frag@163.11 frag@352.18 loss@342.17 frag@226.1 frag@230.04 loss@419.04 frag@249.1 frag@320.16 loss@327.11 loss@373.1,0.01212083176 0.01194970496 0.01135322358 0.01037689485 0.008885609917 0.008677979 0.006419198122 0.005864484701 0.005830672104 0.005205223337 0.005093698855 0.005064220168 0.004741113167 0.004595600534 0.00436288584 0.003856284311 0.003777783364 0.003753601806 0.003692882834 0.003683965653
616,frag@123.08 loss@214.04 loss@186.04 frag@135.08 loss@251.09 loss@257.11 frag@240.12 loss@217.15 frag@336.08 loss@239.08 frag@105.07 frag@332.06 frag@150.07 frag@79.05 loss@180.99 frag@84.96 frag@104.06 loss@287.04 frag@176.98 loss@214.0,0.2583794296 0.2034668028 0.006752822082 0.00647551287 0.005272752605 0.003798995167 0.00325561245 0.003122279653 0.003100991948 0.003030243097 0.00298598269 0.002925911685 0.002808904508 0.002682441147 0.002622104017 0.002402645536 0.002374570118 0.002318843501 0.002245551441 0.002178486902
617,frag@161.1 loss@274.18 loss@288.17 frag@146.07 loss@320.16 frag@135.08 loss@206.12 loss@177.11 loss@473.29 frag@161.09 loss@293.14 loss@189.1 loss@204.14 loss@278.16 frag@151.08 frag@150.09 loss@324.18 loss@213.09 loss@174.16 loss@188.11,0.3357968032 0.08080548793 0.04969994351 0.02153888345 0.007635021117 0.006117735058 0.005326175597 0.004829459824 0.004474694375 0.00403025886 0.003454671474 0.003276338335 0.002861122368 0.002800585004 0.002779096831 0.002752787666 0.002671272028 0.002666708315 0.002477595117 0.002304899273
618,frag@149.02 frag@149.03 loss@167.14 loss@289.13 loss@180.14 loss@154.12 loss@148.02 loss@350.13 loss@294.0 loss@165.04 loss@255.06 frag@103.02 loss@258.05 loss@166.03 loss@292.01 loss@263.11 frag@124.02 loss@184.18 loss@228.14 loss@219.05,0.3007933795 0.07358945906 0.04010854289 0.03979432955 0.02320521884 0.01959880441 0.01729916036 0.01254194416 0.006885978393 0.00624509668 0.006028267555 0.005190143362 0.004283363465 0.00423455704 0.004032300785 0.002806997625 0.002753528068 0.002653092844 0.002379522659 0.002348671434
619,frag@177.09 loss@250.11 loss@140.05 loss@263.11 loss@228.03 loss@211.14 frag@121.03 frag@171.01 frag@121.06 frag@138.05 frag@124.03 loss@148.05 frag@193.13 frag@136.05 frag@279.09 frag@142.02 loss@306.13 frag@366.15 frag@142.01 frag@58.03,0.1264196187 0.1112048998 0.07244125754 0.05514920503 0.03212606162 0.02788654156 0.01138042379 0.007465955801 0.007447151002 0.005471998826 0.00516367564 0.004978511482 0.004189615604 0.004170397762 0.003880416974 0.003628165694 0.003556069685 0.003529410111 0.003243122017 0.00305291079
620,loss@250.1 frag@181.03 loss@226.07 loss@252.13 frag@181.06 loss@238.12 frag@114.0 loss@126.0 frag@156.14 loss@209.07 frag@201.13 frag@223.02 frag@188.9 loss@212.12 frag@67.06 frag@203.1 frag@191.15 frag@58.03 frag@239.21 frag@99.08,0.142161414 0.0979116708 0.06141935289 0.04537113383 0.03818619624 0.02056468651 0.01017625257 0.008857448585 0.006228652317 0.004892786499 0.00476525398 0.004264101386 0.004219787661 0.004028924275 0.003951323219 0.003795855446 0.003754789475 0.003649448277 0.003370136721 0.003298857249
621,frag@176.11 loss@226.15 loss@192.08 loss@299.15 loss@245.1 frag@318.18 frag@202.05 loss@300.16 frag@71.03 loss@244.05 frag@240.12 frag@277.08 loss@215.12 frag@223.01 frag@204.1 frag@148.08 loss@182.08 frag@145.07 loss@344.17 loss@291.13,0.1417139173 0.07821018249 0.01583626308 0.01087428536 0.007527700625 0.007076771464 0.005893208086 0.00582250068 0.005778589286 0.004037247971 0.003741040127 0.003616646864 0.003452521516 0.002984817373 0.00279506552 0.00270513841 0.00260167243 0.002560323803 0.002434900729 0.002344771987
622,loss@239.12 frag@245.08 loss@141.1 frag@344.11 frag@191.11 frag@187.98 frag@98.05 frag@276.01 frag@463.24 frag@123.04 frag@169.0 frag@113.06 loss@224.02 frag@184.05 frag@211.04 frag@202.08 frag@302.11 frag@151.07 frag@271.12 loss@196.04,0.1659446359 0.1283195764 0.004386239219 0.003345572855 0.002821330912 0.002311823657 0.00227854168 0.002036572201 0.001943368348 0.001873882255 0.001868519816 0.001578746131 0.001542344689 0.001469850307 0.00142550841 0.001384303905 0.00136659178 0.001313611283 0.001197658596 0.001170885749
623,frag@111.05 loss@230.05 frag@143.12 loss@180.03 loss@170.12 loss@277.08 loss@270.12 loss@264.09 frag@248.1 loss@142.11 loss@76.04 loss@183.06 frag@139.99 frag@99.05 loss@275.07 frag@74.01 loss@141.03 loss@267.09 loss@174.09 frag@242.13,0.3111231327 0.1201217026 0.06515874714 0.02711434849 0.01995381899 0.01867211983 0.005190576427 0.00508263614 0.005047927611 0.004983457271 0.004963219166 0.00373526942 0.003450402059 0.003344594967 0.00317859021 0.003007009858 0.002924792469 0.00278824009 0.002777088899 0.002766457852
624,loss@151.05 frag@230.12 frag@306.11 frag@338.14 frag@167.03 frag@190.09 frag@448.16 loss@152.07 frag@256.05 frag@208.1 loss@136.05 frag@217.12 frag@155.02 frag@202.12 loss@172.14 loss@280.12 frag@183.09 frag@213.14 frag@251.15 loss@228.05,0.2057166696 0.1081943959 0.0102862427 0.009460730478 0.008177139796 0.006987233646 0.004349069204 0.004234987311 0.004203353543 0.003783907508 0.003677366534 0.003290894208 0.003187474795 0.002928907285 0.002774354536 0.002737845993 0.002645930042 0.002504096366 0.002380760387 0.002371593611
625,loss@185.11 frag@67.05 frag@156.14 frag@93.03 frag@55.02 frag@67.06 frag@43.02 frag@112.08 frag@102.09 frag@355.2 frag@110.1 frag@129.1 frag@160.11 frag@84.08 frag@100.09 frag@45.03 loss@199.12 frag@100.04 frag@85.06 frag@69.07,0.2433006614 0.02302554063 0.01932337321 0.01295386907 0.01064465288 0.01063540392 0.01036595553 0.008183232509 0.007183181588 0.006210391875 0.005840107333 0.005344388075 0.00510721188 0.004969059955 0.004892836325 0.004820614588 0.004690275062 0.004469889682 0.004346628673 0.004280935042
626,loss@255.07 loss@119.08 frag@190.06 frag@293.13 loss@146.18 frag@113.02 frag@173.95 frag@344.21 frag@172.04 frag@236.11 frag@191.02 frag@182.03 frag@171.01 frag@141.04 frag@131.97 frag@257.11 frag@84.04 frag@290.14 frag@101.02 frag@288.04,0.1071156189 0.06589277834 0.01090029348 0.007926541381 0.007158953696 0.004260492511 0.004181036726 0.004057421349 0.004006586038 0.003163409885 0.003000083147 0.002399451099 0.002356721088 0.002260161098 0.002231789753 0.002135086339 0.002101638587 0.002094756346 0.002042323817 0.002037181053
627,loss@199.08 frag@141.01 loss@179.1 loss@235.14 frag@147.05 frag@164.0 frag@180.1 frag@93.03 frag@161.1 loss@351.1 frag@115.03 frag@150.07 frag@240.12 frag@314.13 frag@105.08 frag@73.05 frag@141.03 frag@243.16 frag@211.02 frag@105.07,0.1404845566 0.1302325577 0.1297531277 0.0286021214 0.02302462049 0.01693720184 0.01300417911 0.01071766019 0.008747782558 0.008743901737 0.008058358915 0.007998390123 0.007564242464 0.00676634768 0.005422949791 0.004809299018 0.004562871996 0.004415466916 0.003836518386 0.003587685293
628,frag@133.08 frag@161.07 loss@176.06 loss@178.06 loss@203.06 frag@132.07 loss@193.09 loss@199.03 loss@213.05 loss@214.07 frag@131.06 frag@199.12 frag@147.06 frag@187.12 loss@206.06 frag@187.09 loss@197.05 frag@120.04 frag@282.12 loss@192.11,0.1710088253 0.1186230183 0.06388225406 0.03782488033 0.0346330218 0.02947701514 0.02373786457 0.02225209586 0.02160782181 0.01711426675 0.01491187792 0.008707108907 0.007651741151 0.007063657045 0.006648080889 0.005594872404 0.005419587716 0.004826803692 0.004720610566 0.004613673314
629,frag@70.03 frag@114.05 loss@224.12 loss@263.13 frag@99.05 loss@278.13 loss@264.18 loss@339.12 loss@279.16 frag@188.13 frag@277.08 loss@287.15 frag@115.09 loss@271.1 frag@114.0 frag@86.06 frag@42.03 frag@55.02 frag@116.07 loss@274.06,0.1588825434 0.1162106916 0.08527097106 0.02941382676 0.02692298964 0.02429267764 0.01477665175 0.009958922863 0.00898872409 0.006298868917 0.005099542439 0.004929662682 0.004759415053 0.004294013605 0.003919229843 0.003529438516 0.003371699248 0.003299162723 0.003055578563 0.003053433495
630,loss@135.07 frag@165.02 frag@175.05 frag@171.05 frag@140.05 frag@213.14 frag@176.07 frag@134.06 frag@147.06 frag@172.05 frag@244.05 frag@241.11 frag@175.06 frag@159.05 frag@199.12 frag@162.05 frag@147.07 loss@120.06 frag@151.02 frag@273.11,0.3203234076 0.01154291257 0.006667375565 0.003650341881 0.003366288729 0.003250135342 0.003159724874 0.003157220548 0.003048991552 0.002991117071 0.002976025222 0.002880285727 0.002874609549 0.002782850061 0.002643817104 0.002564184135 0.002502486808 0.002453611 0.002447862178 0.002432312816
631,loss@250.17 loss@238.17 loss@196.12 frag@191.15 frag@86.06 frag@203.07 frag@126.09 frag@153.1 frag@264.03 frag@112.08 frag@74.06 frag@110.1 loss@236.15 frag@67.05 frag@83.09 frag@82.07 frag@84.08 frag@87.06 frag@124.11 frag@140.11,0.1410219371 0.09787187725 0.04338894039 0.02968047373 0.01680748537 0.01675203629 0.01533757895 0.01235186588 0.01132737193 0.0105172433 0.01041761506 0.0101952618 0.009653870016 0.009124125354 0.009035465308 0.007910250686 0.007395353634 0.006877658889 0.006720964797 0.006686939392
632,loss@280.12 frag@184.1 frag@235.97 loss@309.16 frag@146.12 frag@73.05 loss@213.0 loss@308.15 frag@113.04 loss@296.15 frag@198.08 frag@137.06 frag@320.16 frag@288.11 frag@244.05 loss@143.03 loss@293.12 loss@278.15 frag@190.09 loss@148.08,0.191783756 0.07857559621 0.06591007859 0.0214595478 0.01673425734 0.006129706744 0.005844713654 0.004355505574 0.00412587123 0.004036098253 0.003587916028 0.003181506181 0.002868586686 0.002785735764 0.002763307188 0.002643559594 0.002562107285 0.002498588525 0.002429141197 0.002305361209
633,loss@127.02 loss@96.07 frag@217.04 frag@250.02 loss@154.03 frag@269.02 frag@219.08 frag@127.0 loss@243.99 frag@224.94 loss@199.11 frag@206.08 frag@231.95 frag@179.05 frag@128.03 frag@209.08 frag@171.06 frag@306.1 frag@211.01 frag@148.02,0.1875573993 0.1628955007 0.1372260898 0.01396858878 0.007631344255 0.00758943893 0.007391286548 0.005636125803 0.004886960145 0.004366006702 0.003694352927 0.003418594366 0.003417305183 0.003125496209 0.002959897043 0.002934048185 0.002806382021 0.002511420986 0.002441954799 0.002319313819
634,loss@338.1 loss@280.09 frag@268.11 frag@70.04 frag@240.11 loss@262.08 frag@110.02 frag@153.08 frag@215.1 frag@175.12 frag@45.03 frag@60.06 loss@300.17 frag@220.11 frag@138.06 frag@344.21 frag@314.13 frag@185.03 frag@173.95 frag@178.07,0.1455968171 0.01483470108 0.007105944678 0.002380524063 0.002123452956 0.001977453707 0.001853370457 0.001789711881 0.001662042108 0.001489593531 0.001465167501 0.001413241262 0.001356703811 0.00129681651 0.001275331131 0.001225626795 0.001149788732 0.001107124146 0.001085087773 0.001016650116
635,frag@211.01 loss@139.11 loss@166.97 frag@169.98 loss@64.03 loss@171.11 loss@111.08 frag@247.07 loss@136.01 loss@96.07 frag@169.11 loss@139.07 loss@167.11 loss@191.07 frag@214.06 frag@219.08 frag@230.05 frag@219.09 frag@221.11 loss@246.18,0.1573275328 0.1246936396 0.04594249651 0.0342226848 0.01369068678 0.01358425431 0.01289415918 0.01080305222 0.01044493169 0.008857341483 0.008530552499 0.007825690322 0.0069617806 0.00678012846 0.006185543723 0.005422294606 0.00436171703 0.004030097276 0.003841779428 0.003791013267
636,frag@186.09 frag@173.08 loss@317.14 loss@113.13 loss@126.14 frag@171.07 frag@159.07 loss@189.01 frag@172.08 frag@174.09 loss@160.1 loss@253.03 frag@178.04 loss@185.01 loss@203.02 loss@344.17 frag@158.06 frag@243.16 frag@239.08 loss@168.05,0.2073671073 0.0154669499 0.01169327367 0.008295641281 0.006979543716 0.00566460751 0.005650517531 0.004568975419 0.004139306955 0.004013305064 0.003628366394 0.003294760827 0.0031586478 0.002691589063 0.002647046 0.002409110311 0.002124947263 0.002034879057 0.002009740565 0.00197077007
637,frag@85.04 frag@102.01 loss@293.06 loss@216.01 loss@200.03 frag@171.02 frag@381.17 loss@251.09 loss@259.09 frag@262.07 frag@141.04 loss@94.03 frag@113.02 loss@285.03 frag@344.17 frag@138.01 frag@215.08 loss@77.98 loss@222.08 loss@227.1,0.1520045251 0.0930582583 0.04565284029 0.03086441942 0.005184580572 0.00466365926 0.003410305129 0.003073548432 0.002929962939 0.002463600598 0.002258332912 0.002135357587 0.002065255307 0.002039292594 0.002017705236 0.001910762163 0.001884895377 0.001822335646 0.001751599135 0.001740730135
638,loss@159.09 loss@131.1 frag@163.01 frag@188.9 frag@67.06 frag@260.14 loss@292.14 frag@55.02 frag@74.93 frag@142.02 frag@202.0 frag@213.0 loss@186.1 frag@125.11 frag@43.05 frag@45.03 frag@134.08 loss@144.08 frag@237.04 loss@198.1,0.2950861454 0.03690193594 0.01327952556 0.01073712856 0.009339633398 0.008718249388 0.008293394931 0.007520167623 0.007155955303 0.006841378286 0.006657215301 0.005657566711 0.005357292481 0.005187807139 0.005119659938 0.004901130684 0.004850148689 0.004669585731 0.004630690906 0.004350190517
639,frag@140.11 loss@162.1 loss@262.18 frag@86.06 loss@265.08 frag@98.1 frag@213.0 loss@272.05 loss@199.12 frag@126.09 frag@96.08 frag@124.08 frag@69.07 loss@733.31 loss@211.03 frag@59.05 loss@192.12 frag@83.09 loss@239.08 loss@97.09,0.2691552639 0.1920350492 0.06913524866 0.01813127846 0.00780689111 0.007522359025 0.007437670138 0.006903859787 0.005150814541 0.004895685241 0.004018171225 0.004012011923 0.003481320105 0.003423258895 0.003169356147 0.002890708856 0.002784251468 0.002671021037 0.002655711491 0.002643998479
640,frag@83.06 frag@110.07 frag@95.06 loss@208.12 loss@271.15 loss@95.02 loss@406.06 loss@197.15 frag@42.03 loss@280.13 loss@273.02 loss@260.15 loss@241.06 loss@206.05 loss@272.09 frag@353.09 frag@179.12 loss@299.13 loss@179.08 frag@55.03,0.2758453488 0.01459792443 0.01312426291 0.009608909488 0.009572689421 0.00902088359 0.00687935343 0.006773358211 0.005202533677 0.005089207552 0.004970434122 0.004955612123 0.004327068571 0.004099601414 0.004020187538 0.003966390155 0.003947187215 0.003882692661 0.003833613358 0.003824002808
641,loss@237.12 loss@193.06 loss@207.04 frag@110.99 frag@135.06 frag@231.12 loss@263.14 frag@59.0 frag@98.99 frag@159.11 frag@146.96 frag@248.1 frag@241.11 frag@133.04 frag@111.01 frag@132.96 frag@111.0 frag@138.1 frag@139.06 frag@111.99,0.1191163138 0.09924012423 0.08137300611 0.01736471988 0.01577842422 0.01513528172 0.01476342138 0.01193286199 0.008995884098 0.008183732629 0.007563906722 0.007260605693 0.006634038407 0.005775827449 0.004784419667 0.004756474867 0.00475146668 0.004619668704 0.004436298739 0.004390243907
642,frag@231.02 frag@211.01 frag@187.05 loss@139.07 frag@332.06 loss@64.03 loss@219.03 loss@167.02 loss@177.07 loss@45.02 frag@45.03 loss@179.98 loss@173.1 loss@288.07 loss@166.01 loss@113.01 frag@130.04 loss@380.11 loss@263.05 frag@163.02,0.2027658522 0.01234831102 0.005623150151 0.003542784369 0.003150280565 0.002829605248 0.00277790986 0.002519497182 0.002382074716 0.002270817291 0.002185594058 0.002101729624 0.002069422277 0.001996463863 0.00196208898 0.00192366261 0.001906830817 0.001873940811 0.001747835311 0.001740364125
643,loss@199.11 frag@211.01 frag@133.06 frag@110.02 frag@332.06 frag@178.1 frag@161.06 frag@162.03 frag@190.05 frag@166.09 frag@259.04 frag@105.08 frag@101.02 frag@46.24 frag@261.17 frag@270.11 frag@281.14 frag@231.12 frag@211.02 frag@186.07,0.2699788511 0.004283624236 0.003814396914 0.003165275557 0.002946133725 0.002568523865 0.002527861623 0.002451343695 0.002185628284 0.002095357049 0.002070808085 0.002041924046 0.001905258279 0.001893378329 0.001863742946 0.001829633606 0.001820255537 0.001729000709 0.001646650373 0.001646240824
644,frag@124.05 loss@182.14 frag@112.09 loss@242.04 loss@236.19 loss@270.08 frag@152.09 loss@186.11 frag@261.96 frag@250.07 frag@258.08 frag@353.09 loss@124.01 loss@355.14 loss@205.98 loss@212.16 frag@108.06 frag@189.04 loss@140.12 frag@166.06,0.1282424629 0.08134573698 0.07649634778 0.05337261781 0.04747018218 0.04329074174 0.04234302789 0.01960045472 0.01679072157 0.01483659446 0.009999613278 0.008182005025 0.00747823203 0.006403159816 0.006161946803 0.005414292216 0.005014143419 0.004464935511 0.00444983365 0.004290730692
645,loss@133.09 frag@172.96 frag@297.15 frag@295.17 frag@281.15 frag@259.06 loss@133.08 loss@115.08 frag@182.94 frag@158.98 loss@212.14 loss@182.02 frag@134.1 loss@286.09 frag@134.99 loss@135.1 loss@323.19 frag@211.04 frag@170.98 frag@295.12,0.2626141012 0.07368041575 0.06122259423 0.03628230467 0.02937317081 0.02249959484 0.0174013637 0.01405118499 0.008868094534 0.004318488296 0.004288858268 0.003927655984 0.003783229273 0.003649573773 0.003258569632 0.003253335366 0.003122148803 0.002386976732 0.002342697931 0.00230497052
646,frag@126.04 frag@99.03 frag@85.01 loss@153.02 loss@185.02 loss@201.01 loss@194.05 loss@125.03 loss@201.03 frag@135.1 frag@125.0 loss@181.02 loss@266.08 frag@174.92 loss@193.12 frag@209.04 loss@155.04 loss@155.0 loss@130.09 loss@254.01,0.1645261198 0.09052436799 0.04603408277 0.02880480513 0.02504569851 0.02445002832 0.01677084528 0.01648012921 0.01623546518 0.01616914757 0.01575742848 0.01490883157 0.01392433885 0.01331917662 0.01290930063 0.01050835941 0.009694592096 0.008116876706 0.007097431459 0.00672806846
647,frag@123.07 loss@180.07 loss@163.09 loss@209.03 loss@193.03 frag@138.04 frag@84.05 loss@298.03 loss@302.2 frag@127.05 frag@109.04 frag@161.05 frag@190.11 frag@135.1 frag@121.08 loss@194.12 loss@252.07 loss@220.14 frag@101.07 frag@110.06,0.1971534193 0.1357597709 0.09279154241 0.05979645252 0.01345449034 0.01019364875 0.009078229778 0.007146723103 0.005471201614 0.00502530206 0.00486881379 0.004758144263 0.004749441985 0.004647838417 0.004550967831 0.003918233328 0.003616357222 0.003601008328 0.003509705653 0.003427298507
648,frag@179.03 loss@153.05 loss@173.0 loss@176.12 frag@156.98 frag@197.04 frag@257.11 loss@111.07 frag@325.06 frag@207.02 frag@159.02 frag@318.18 frag@93.03 frag@109.09 frag@210.09 frag@194.04 frag@151.03 loss@174.96 frag@173.95 frag@180.01,0.2389126718 0.1574197859 0.09260614961 0.05221156776 0.01872319914 0.006281919777 0.004449026193 0.003945317585 0.003704951145 0.003617124399 0.00345326541 0.00296421512 0.002752108499 0.002499095397 0.002372741699 0.002282545436 0.002222385257 0.002187926322 0.002157219918 0.002147757681
649,loss@197.12 loss@228.15 loss@214.13 frag@181.1 frag@83.09 frag@246.15 frag@188.13 frag@171.15 frag@124.11 frag@110.1 frag@124.08 frag@130.12 frag@84.08 frag@99.05 frag@225.16 frag@85.05 frag@95.07 loss@153.12 frag@150.13 frag@118.08,0.1514190137 0.06257213652 0.01226938516 0.00870542787 0.006707706023 0.006100144703 0.006018858869 0.006007521413 0.00503901206 0.004347103182 0.004144596867 0.004013023805 0.003795664757 0.003615500405 0.003603225341 0.003362626536 0.003177664941 0.003155678976 0.003142757807 0.00310172257
650,loss@112.1 frag@233.09 loss@116.09 loss@114.12 frag@234.08 loss@143.11 frag@71.99 frag@209.06 frag@197.04 frag@237.08 frag@327.14 frag@200.03 loss@87.06 frag@187.0 frag@227.11 frag@60.48 loss@183.97 frag@143.15 loss@60.03 loss@234.03,0.04685086757 0.04594044015 0.04476659 0.04270643368 0.04230883718 0.04076592252 0.02815348655 0.02807816863 0.02617327869 0.01928853244 0.01650383137 0.01482047327 0.01359763183 0.01345501281 0.01248269621 0.01216628402 0.01168929413 0.01118215173 0.01094331406 0.009247513488
651,frag@176.06 loss@137.03 loss@171.01 loss@111.05 loss@154.05 frag@319.12 frag@238.08 frag@264.12 loss@172.02 frag@243.04 frag@298.13 frag@122.94 loss@115.07 loss@72.02 frag@189.02 frag@270.05 frag@204.02 loss@71.01 loss@270.03 loss@150.01,0.1464323103 0.09011104703 0.04430299625 0.03252004832 0.02287516743 0.021345485 0.01871027611 0.01845050976 0.01830884442 0.01756933704 0.01521078125 0.007831792347 0.007443348877 0.006235761568 0.006157162599 0.005262097344 0.005112237297 0.004754739814 0.004452424124 0.004060347099
652,frag@131.0 loss@199.02 frag@184.99 frag@180.06 loss@201.99 loss@124.09 loss@245.16 loss@111.11 frag@275.08 loss@226.09 loss@160.02 frag@157.0 frag@100.02 loss@313.06 loss@244.03 frag@148.03 loss@128.07 loss@184.04 loss@257.06 frag@163.05,0.0520844534 0.03704963252 0.03399116546 0.02702159807 0.02055906691 0.0198651962 0.01655945554 0.01226180699 0.00745741697 0.006416182034 0.004830846563 0.004710617475 0.004604283255 0.004602955189 0.004519890063 0.003981411923 0.003963220865 0.003846212057 0.003815409029 0.003718380351
653,frag@159.07 frag@171.07 loss@113.13 loss@184.02 loss@85.1 loss@182.03 frag@129.04 loss@185.01 loss@79.01 loss@174.08 loss@131.1 frag@158.06 loss@136.04 loss@317.14 frag@164.03 frag@186.09 frag@174.09 loss@43.99 loss@129.99 loss@97.02,0.2028210759 0.08748052269 0.04131415114 0.00938634295 0.007433338556 0.006855380721 0.006853807252 0.006790718064 0.006489380728 0.005797064397 0.005740974564 0.005714764353 0.005192653276 0.004721973557 0.004647280555 0.004566418938 0.004557398148 0.004533150233 0.004167184699 0.004128783941
654,frag@124.02 frag@151.03 frag@152.02 loss@330.06 frag@96.02 loss@146.03 loss@167.04 loss@222.08 loss@157.03 loss@235.04 frag@163.03 loss@144.01 loss@262.05 loss@219.05 loss@138.06 loss@202.02 frag@109.01 frag@175.03 frag@156.02 loss@288.16,0.1333120018 0.1164159477 0.04969903827 0.01263521891 0.01090912893 0.008932763711 0.004917607177 0.004825141747 0.004723695107 0.004187884275 0.004150217399 0.0040783328 0.003835768905 0.003248649649 0.003171165008 0.003122189781 0.003098829882 0.003090362763 0.003019939177 0.002932793694
655,loss@167.06 frag@140.05 frag@124.04 frag@128.04 frag@125.05 frag@297.17 frag@108.02 frag@257.09 frag@152.07 frag@165.06 frag@110.05 frag@174.95 frag@276.16 frag@185.11 frag@156.05 frag@166.01 loss@86.01 frag@58.03 frag@56.05 frag@120.04,0.2972184122 0.006698761135 0.0050858506 0.004251833539 0.003499106271 0.003496628022 0.002977121854 0.002923576627 0.002838577144 0.002838267013 0.002652192023 0.002595632104 0.00259392499 0.002592403907 0.00237543555 0.002336173551 0.002179256408 0.002171991859 0.002165606013 0.002107532928
656,loss@135.05 frag@101.04 frag@168.03 frag@317.09 loss@79.99 frag@134.05 loss@277.09 frag@328.01 frag@291.1 frag@255.09 frag@166.0 loss@130.09 frag@136.06 frag@137.05 loss@346.14 frag@94.04 loss@154.04 frag@204.12 frag@212.06 loss@171.05,0.2553839087 0.1205179766 0.1065178365 0.01757184789 0.01107113343 0.01045717206 0.009655410424 0.008436437696 0.006250685081 0.003662039293 0.003094205866 0.002969593741 0.002841124311 0.002790860366 0.002781742252 0.00264693005 0.002592054429 0.002530536847 0.002470807871 0.002469465602
657,loss@236.11 loss@312.12 frag@281.14 frag@98.02 frag@332.06 frag@58.03 frag@302.22 frag@156.98 frag@104.06 frag@135.08 frag@240.12 loss@192.09 frag@130.97 frag@318.05 loss@153.12 frag@137.03 frag@95.01 frag@95.07 frag@67.06 frag@298.07,0.1265887767 0.026026899 0.004636628553 0.004457788076 0.004328615032 0.004125569016 0.003981628921 0.003474991769 0.003235173179 0.002960793441 0.002919313265 0.002794132335 0.002758032409 0.002644490218 0.00261836173 0.002463450655 0.002448971616 0.002410552697 0.002385533415 0.002372280462
658,frag@198.07 frag@222.1 frag@225.08 frag@293.15 loss@139.08 frag@171.06 loss@92.07 frag@173.06 loss@296.05 loss@223.99 loss@228.98 frag@170.07 frag@144.07 frag@268.09 loss@135.1 frag@170.08 loss@244.14 loss@176.08 frag@320.11 loss@67.04,0.1107665449 0.06332207471 0.01588098519 0.008832519874 0.008390799165 0.007852093317 0.007723934017 0.00733779138 0.005626778584 0.005391501822 0.004685198423 0.004210174084 0.003151197452 0.003071595915 0.002801766153 0.002775076544 0.002719877753 0.002687955741 0.002630119678 0.002595344093
659,loss@202.08 loss@219.03 frag@223.01 frag@161.04 frag@120.04 frag@216.09 frag@151.06 frag@112.06 frag@149.04 frag@193.1 frag@201.14 frag@146.96 frag@126.04 frag@190.11 frag@135.06 frag@164.09 loss@234.17 frag@106.06 frag@135.07 frag@59.0,0.1721350253 0.03940576315 0.008599293418 0.008454314433 0.007178858388 0.005955048371 0.005641670432 0.005322698504 0.004989542067 0.004952852149 0.004709380213 0.004397009499 0.004355351906 0.00400062371 0.003908297978 0.003849145956 0.003764858469 0.00369596784 0.003576156916 0.003489923663
660,frag@107.05 loss@197.11 loss@217.13 loss@327.15 frag@79.05 loss@359.12 loss@273.18 frag@135.08 loss@314.09 frag@95.05 loss@355.15 loss@341.15 loss@211.06 loss@637.26 frag@80.06 loss@310.13 loss@334.12 loss@306.1 loss@198.12 loss@320.11,0.3118773997 0.04668806866 0.04164797813 0.04129511118 0.02335729823 0.02003814653 0.0190966595 0.01891230606 0.01730199158 0.01475465856 0.01411086321 0.01125652622 0.009486949071 0.009386451915 0.009194725193 0.008840540424 0.007657170761 0.006710402202 0.006657183636 0.006575472653
661,loss@170.06 frag@113.02 frag@128.03 frag@139.03 frag@86.01 frag@141.03 loss@172.07 frag@268.09 loss@147.05 frag@314.13 frag@84.96 frag@328.11 frag@111.05 frag@173.06 loss@171.05 loss@56.01 frag@164.03 frag@114.05 loss@210.06 frag@259.03,0.2687253654 0.01784514822 0.01393942907 0.01366999187 0.008620211855 0.008571015671 0.006435206626 0.006357088685 0.005873207934 0.005797063932 0.005048468709 0.004626066424 0.004624822643 0.003251985181 0.003227313049 0.003210212104 0.003171174321 0.003047521459 0.003033489222 0.00301022199
662,loss@217.12 frag@159.06 frag@187.05 loss@262.99 loss@286.12 loss@243.14 loss@282.12 loss@308.07 frag@177.07 frag@131.06 loss@218.08 frag@200.12 loss@188.94 frag@174.07 frag@230.17 loss@142.11 loss@245.15 frag@159.05 loss@263.05 frag@244.11,0.2321593165 0.2238865942 0.1125827208 0.03484401107 0.02984729595 0.01306427456 0.007785939146 0.007251330186 0.006773684174 0.00506406324 0.004224869888 0.003816561541 0.003605376696 0.003510476323 0.003099602647 0.002856531646 0.002736293012 0.0024219607 0.002396363299 0.002283936832
663,loss@264.15 loss@236.15 frag@218.12 loss@281.13 frag@211.11 loss@288.18 frag@67.05 frag@283.17 loss@314.16 frag@110.1 loss@307.06 frag@73.06 frag@43.05 frag@315.07 loss@265.13 frag@84.08 frag@211.15 loss@310.14 loss@290.2 frag@83.05,0.08762844652 0.06121122092 0.04137367383 0.02395091578 0.02043782547 0.01915971003 0.01862574555 0.01593337581 0.01332874689 0.01289398875 0.01146284584 0.01017947588 0.008972423151 0.008259337395 0.008059260435 0.007944638841 0.007942199707 0.007734396495 0.00763755478 0.007474370766
664,frag@114.04 loss@239.09 frag@101.01 frag@87.03 loss@282.07 frag@73.01 frag@44.98 loss@172.07 loss@238.1 loss@196.08 frag@164.07 frag@59.0 frag@71.0 frag@67.02 loss@239.05 frag@206.06 frag@381.17 frag@103.06 frag@151.06 frag@58.99,0.2156745344 0.127156049 0.01178966742 0.008425842971 0.00427134987 0.00426820945 0.003653184278 0.003570378525 0.00245138933 0.002331500873 0.002235211432 0.002106336411 0.002062512795 0.001985608367 0.001858649426 0.001843245234 0.001806332963 0.00179173681 0.001764495275 0.001679012552
665,loss@210.15 frag@241.02 loss@281.05 frag@181.14 frag@99.05 loss@381.12 loss@297.15 frag@177.03 loss@280.09 frag@86.06 frag@202.03 frag@126.08 frag@341.2 frag@193.07 frag@128.11 frag@180.01 frag@179.13 loss@268.14 frag@323.08 frag@193.01,0.203580752 0.05670507997 0.02282784507 0.01936128736 0.0102593936 0.009522560053 0.005809387192 0.004731041379 0.004374466371 0.003948504105 0.003630803898 0.003260582453 0.00295193377 0.002884112298 0.002802035073 0.002715384122 0.002638460137 0.002622713335 0.002601389773 0.002591279801
666,loss@210.06 loss@241.09 frag@116.03 frag@113.02 loss@223.03 frag@125.99 frag@112.02 frag@125.02 frag@110.07 frag@136.05 frag@41.35 frag@391.18 frag@148.02 loss@204.97 frag@139.03 frag@128.03 loss@221.02 loss@167.01 frag@147.03 frag@212.09,0.1145680398 0.08514745533 0.03823730722 0.03319204599 0.02641488425 0.01268597785 0.01189200953 0.009833314456 0.009512174875 0.008234393783 0.007435565349 0.007398373447 0.007307272404 0.006666605826 0.005240189377 0.005019619595 0.004733588547 0.004536435939 0.004526029807 0.004389565904
667,loss@127.1 frag@83.09 loss@142.12 frag@283.05 frag@97.1 loss@155.09 frag@189.07 frag@255.12 frag@334.14 loss@114.05 frag@146.02 frag@130.12 frag@291.18 frag@247.09 frag@55.05 frag@249.04 loss@128.08 frag@238.12 loss@158.12 loss@110.07,0.2798703611 0.04180288315 0.01401365828 0.01262435224 0.01045571547 0.00950987637 0.007630209439 0.006824699696 0.006245444529 0.005653711967 0.005548497196 0.005376782268 0.004929100629 0.00478527043 0.004193834495 0.003723056754 0.003675754415 0.00361887482 0.003318166593 0.003300151555
668,loss@165.06 frag@176.05 frag@160.05 frag@152.05 frag@153.05 loss@192.07 frag@83.03 loss@56.0 loss@92.03 frag@144.06 frag@122.94 frag@134.05 frag@180.05 frag@212.95 frag@172.05 frag@109.05 frag@107.03 frag@166.07 frag@54.03 frag@136.07,0.2167791128 0.07680080086 0.007324854378 0.005527148489 0.004811296705 0.003408498596 0.003187911818 0.002945565386 0.002870629774 0.002568680095 0.002529741731 0.002505568322 0.002478991169 0.002421283396 0.002351302654 0.002106857952 0.002063373569 0.002054512035 0.001922674943 0.001861968776
669,loss@199.14 frag@463.24 frag@129.1 frag@320.16 frag@175.11 loss@227.13 frag@118.08 frag@202.1 frag@188.13 loss@202.13 loss@179.13 frag@233.13 loss@248.16 loss@291.11 frag@58.03 frag@171.01 frag@67.05 frag@270.16 frag@169.0 loss@268.0,0.09776823968 0.006569524761 0.005195541773 0.004612412304 0.004508363549 0.004098834004 0.00399502879 0.003547426313 0.003538572462 0.003422891488 0.003075822955 0.002938472433 0.002923042048 0.002765665296 0.002682470251 0.00262794015 0.002437629271 0.002370482311 0.002260957146 0.002244377276
670,loss@167.08 frag@161.01 frag@151.02 frag@133.01 frag@161.02 loss@154.9 frag@135.03 loss@341.03 frag@116.96 frag@98.04 loss@183.0 loss@153.04 frag@143.0 loss@55.01 loss@139.04 frag@175.03 frag@123.03 frag@89.04 loss@83.0 frag@134.02,0.1690301001 0.1469203085 0.1084199995 0.05631411076 0.01796815544 0.01609006524 0.009359874763 0.00596603239 0.005782978144 0.005573801696 0.004310137592 0.003292990848 0.002883651992 0.002790780505 0.00277166348 0.002634442644 0.002380840946 0.002341687446 0.002220984781 0.002107658656
671,loss@141.09 loss@258.06 frag@244.13 frag@158.98 frag@342.03 frag@110.07 frag@97.04 frag@95.06 frag@86.07 loss@183.99 frag@347.15 frag@170.98 frag@126.0 frag@157.06 frag@95.07 frag@220.11 loss@213.18 loss@143.02 frag@167.13 frag@85.08,0.1727916002 0.05553024262 0.02780938521 0.02252974734 0.01905541494 0.01168606058 0.009066903032 0.006737541873 0.006518335082 0.005901559256 0.005862194579 0.005726214033 0.004894846119 0.004875511862 0.004703988321 0.004566137213 0.00453433441 0.004519470502 0.004487796221 0.004390089307
672,frag@183.05 loss@327.17 loss@350.15 frag@257.13 loss@330.15 frag@176.11 frag@316.13 frag@310.11 frag@142.12 frag@247.14 frag@149.06 frag@195.05 frag@326.13 frag@118.08 frag@156.14 loss@290.12 frag@207.98 frag@138.09 frag@190.09 frag@199.05,0.09206980467 0.05898486078 0.04389741272 0.02121518925 0.01908612438 0.01161863096 0.007316126954 0.006167804357 0.00573745789 0.005297126714 0.004766060039 0.004388876725 0.004266665783 0.004245903343 0.00372378272 0.003700749716 0.003526654327 0.003515532473 0.003478979692 0.003472539596
673,loss@271.1 loss@168.11 loss@247.1 frag@241.11 frag@84.04 frag@55.02 frag@165.1 loss@205.08 frag@275.18 frag@140.02 frag@125.08 loss@233.08 loss@261.15 loss@273.11 frag@88.02 frag@86.99 frag@101.95 frag@121.08 frag@116.02 frag@117.05,0.1540712267 0.04053362086 0.0105655659 0.008793711662 0.007422801107 0.007122373208 0.004685033578 0.004359755199 0.003865789855 0.003553865245 0.003483952722 0.003300453536 0.003223774256 0.003124575596 0.002831569174 0.0027532198 0.002667755121 0.002656186465 0.002563970163 0.002441872144
674,frag@190.06 loss@146.18 loss@192.96 loss@325.02 frag@172.05 loss@293.06 loss@46.02 frag@144.04 frag@116.05 loss@111.14 frag@173.06 loss@197.03 loss@197.02 loss@257.02 loss@372.05 loss@68.04 frag@316.13 frag@154.06 loss@106.04 loss@156.02,0.3311961591 0.05735878646 0.03512368724 0.01072430704 0.00794703234 0.005756944418 0.004494838882 0.003475932637 0.002870736411 0.00238947547 0.002384598367 0.0021901133 0.002082233317 0.001795077696 0.001773263677 0.001494887634 0.001363040763 0.001360224793 0.001334208646 0.001276245224
675,loss@223.11 loss@290.07 loss@115.02 loss@330.13 loss@214.0 loss@330.05 frag@109.04 frag@208.12 frag@220.05 frag@381.17 frag@102.04 loss@338.14 frag@281.14 loss@227.1 frag@113.04 frag@198.07 loss@211.07 frag@110.02 frag@123.03 frag@98.02,0.1040446907 0.04118205607 0.03923122585 0.0298129674 0.0288714245 0.01327551808 0.01150117349 0.01090041269 0.01044000871 0.008546612225 0.008307904936 0.008057486266 0.00642684428 0.006264559459 0.005078300368 0.004975878168 0.004609759431 0.004567359574 0.004422081169 0.004143262748
676,loss@149.05 frag@108.02 loss@135.04 loss@137.05 loss@148.04 loss@136.04 frag@52.03 frag@204.02 frag@187.1 loss@163.07 loss@72.02 frag@233.07 frag@205.1 frag@204.12 frag@133.05 frag@164.03 frag@180.98 frag@152.03 frag@179.06 frag@172.07,0.1457594037 0.0894164592 0.06216416508 0.06028106064 0.02794510499 0.02440126985 0.01523838285 0.01462954376 0.01383133233 0.01200822368 0.009244584478 0.007005202118 0.006641632877 0.00559070101 0.005534136668 0.004942884669 0.00399723975 0.003795860102 0.003560172161 0.003117454471
677,loss@172.07 loss@158.07 frag@328.11 loss@186.09 frag@137.05 frag@228.03 frag@156.05 frag@246.06 frag@139.02 frag@128.05 frag@145.09 frag@69.04 frag@143.04 frag@145.08 frag@134.01 frag@106.06 frag@83.01 frag@319.12 frag@147.05 frag@240.12,0.1699132621 0.01819426753 0.007765493821 0.005610082299 0.00528386794 0.004983705934 0.003909026273 0.003814971773 0.003627039259 0.003565026214 0.003420993919 0.00341239199 0.003217665013 0.002850229153 0.002714087255 0.002665929263 0.002613538643 0.002598138992 0.002571888501 0.002258098684
678,frag@85.01 frag@113.01 loss@282.07 frag@141.0 frag@160.97 frag@114.04 loss@254.07 loss@194.06 loss@232.11 loss@271.05 loss@239.09 loss@194.04 loss@237.06 loss@298.03 loss@227.04 loss@229.08 loss@264.09 frag@126.04 frag@59.0 loss@208.01,0.1414125115 0.1203048229 0.1071740091 0.03721233457 0.009307800792 0.006161165889 0.006098411046 0.005672733299 0.004953055643 0.003998895641 0.003962967545 0.003940642346 0.003719485132 0.003597558243 0.003477751976 0.003275346942 0.003223245265 0.003025888 0.00291355839 0.002849050099
679,frag@70.06 loss@145.07 loss@205.12 frag@98.08 loss@231.14 loss@233.15 loss@232.1 loss@257.15 loss@218.08 loss@284.12 loss@253.99 loss@236.09 loss@250.04 frag@116.07 loss@241.01 frag@70.07 loss@243.07 loss@187.08 loss@282.15 loss@269.01,0.3487213552 0.03814068064 0.02360940911 0.0235932041 0.02137316391 0.02103540115 0.02067634091 0.02002583072 0.01662042178 0.01606573723 0.0124628488 0.01063627657 0.009416086599 0.008637070656 0.008616166189 0.008220386691 0.00791630242 0.007707397453 0.007444697432 0.007125526201
680,frag@133.04 loss@171.05 loss@173.06 loss@177.06 loss@152.03 loss@151.01 loss@131.03 loss@191.07 frag@164.09 frag@135.05 frag@130.03 frag@83.03 frag@106.05 loss@223.04 loss@344.09 frag@84.99 loss@215.04 loss@201.05 loss@161.07 frag@113.04,0.1451744437 0.07698403299 0.0431923233 0.03626566753 0.03021793067 0.01810305379 0.0162921045 0.01022344735 0.007395674475 0.007017572876 0.00678353617 0.006122181658 0.005463072099 0.005293581635 0.005035565235 0.00495544076 0.00410339376 0.003942753188 0.003890713677 0.003851333633
681,loss@202.13 frag@183.15 frag@217.14 frag@67.06 frag@84.08 frag@115.09 frag@102.09 frag@67.05 frag@140.0 frag@69.07 loss@227.13 loss@303.11 frag@55.05 frag@87.04 frag@83.09 frag@57.03 frag@171.01 frag@41.04 loss@332.09 frag@43.05,0.2306563407 0.1038447022 0.01119110361 0.0104601644 0.006072291639 0.004570528865 0.003979235422 0.003975891508 0.003967144527 0.003772675293 0.003570935456 0.003513674485 0.003513015807 0.003508740338 0.003450399498 0.003315012669 0.003079006448 0.003058991628 0.002987707499 0.002966826782
682,frag@193.1 frag@264.05 loss@287.11 loss@208.99 frag@146.03 frag@201.14 loss@281.05 loss@291.13 frag@164.07 frag@87.06 frag@180.04 loss@198.03 frag@213.96 loss@333.07 frag@165.02 loss@243.05 loss@249.06 frag@87.09 loss@256.04 loss@85.04,0.2449124157 0.003872956149 0.003376575885 0.003177111503 0.00247213617 0.001578020747 0.001510582049 0.001440812368 0.001372617437 0.001272482914 0.001248592278 0.001207557274 0.001104375231 0.001075979671 0.001048392267 0.00101908925 0.001006286591 0.00100523734 0.0009974708082 0.0009631427238
683,loss@232.12 frag@150.13 frag@207.98 frag@108.08 frag@122.1 loss@347.09 frag@160.1 frag@161.11 frag@148.11 frag@148.08 frag@132.07 frag@136.05 frag@159.06 frag@243.16 frag@302.22 frag@163.12 frag@190.09 frag@128.09 frag@147.07 frag@162.09,0.3211127818 0.01670213044 0.01448909752 0.01198577136 0.01064298954 0.01038991474 0.00892454572 0.008692948148 0.007343458943 0.007080549374 0.007017503027 0.006706047338 0.00535574602 0.005109714344 0.004386468325 0.004368421622 0.004363254644 0.004346293397 0.00417204015 0.003986014519
684,frag@249.2 frag@301.08 frag@166.12 frag@86.08 frag@181.13 frag@325.14 frag@256.08 frag@60.08 frag@327.15 frag@153.14 frag@357.1 frag@243.14 frag@133.95 frag@186.98 frag@320.15 loss@200.14 frag@155.15 frag@244.12 loss@236.16 frag@265.02,0.001902703196 0.001605405938 0.001223979867 0.001177774975 0.00105026958 0.0009043706814 0.0008880041423 0.0008685300127 0.000821949332 0.0008181052399 0.0008015081403 0.0005907298182 0.0005728778196 0.000569263997 0.0005436135107 0.0005399114452 0.0005319566117 0.000516153872 0.0005066891317 0.0004992373288
685,frag@110.02 frag@83.01 loss@219.06 loss@227.15 frag@55.02 frag@138.05 frag@58.03 loss@172.09 frag@59.0 loss@239.08 loss@256.09 frag@209.14 loss@334.12 loss@257.09 frag@175.12 frag@163.99 loss@305.1 frag@43.02 loss@274.12 frag@84.04,0.1863236576 0.0691601336 0.01332737505 0.00415506307 0.003932381514 0.003637473797 0.003281493904 0.003063027048 0.003051729407 0.002973034745 0.00293309777 0.002765570302 0.00267399149 0.002590906108 0.002491749125 0.002283749636 0.00224610744 0.002135103103 0.00210756599 0.002061047358
686,loss@240.08 frag@199.06 frag@349.07 frag@115.07 loss@32.04 loss@292.12 loss@222.07 frag@172.1 frag@201.09 frag@173.06 frag@336.08 frag@102.04 loss@324.12 frag@110.04 frag@84.99 loss@105.12 frag@156.04 loss@239.08 loss@150.07 frag@229.12,0.2121252418 0.07657456398 0.01596271992 0.01588585414 0.009024333209 0.00522681931 0.004784837831 0.004467527848 0.004440785851 0.004133559298 0.004127739463 0.003960665315 0.003852677299 0.003790516639 0.003193883924 0.003175697057 0.003048964078 0.002887549577 0.002743490972 0.002639283892
687,frag@164.02 loss@237.01 frag@271.07 loss@107.11 loss@219.0 frag@115.03 loss@127.0 loss@151.01 loss@141.02 frag@109.03 frag@147.05 frag@139.04 frag@127.06 loss@334.08 loss@101.0 loss@224.01 loss@197.01 frag@269.1 frag@125.01 frag@178.07,0.1729258448 0.07047184557 0.04893504083 0.03885506094 0.02938593552 0.024461383 0.006494105794 0.005894042552 0.00536498474 0.005209718831 0.005097356159 0.004813481122 0.004607502371 0.003391319886 0.003167945892 0.003097231034 0.002857037354 0.002837460488 0.002670657123 0.002570949262
688,frag@146.07 frag@120.06 loss@177.09 loss@202.09 loss@178.1 frag@134.07 frag@160.09 frag@231.12 frag@132.06 loss@197.05 loss@177.08 frag@161.08 loss@234.11 frag@158.07 loss@192.04 loss@206.15 loss@188.11 loss@189.09 loss@193.11 loss@193.09,0.1972670257 0.1183110774 0.06951674819 0.06023309752 0.03513030335 0.01134514622 0.009673747234 0.008699687198 0.006674387027 0.006042694673 0.005452475976 0.004570006393 0.004471193999 0.004373022355 0.004338631406 0.004324875306 0.004267067648 0.004219781142 0.004219278228 0.003842207603
689,frag@194.04 loss@154.09 loss@172.01 frag@170.98 frag@211.01 frag@342.03 frag@208.02 frag@141.04 frag@271.07 frag@298.16 frag@244.13 frag@138.01 frag@121.04 frag@197.04 frag@229.12 frag@121.01 frag@321.09 frag@253.1 frag@286.12 frag@208.07,0.1831517667 0.1119773611 0.0801133588 0.01180356275 0.004267486278 0.003419836517 0.003297319869 0.003236025572 0.002394932089 0.002362632193 0.002345987363 0.002317696111 0.00218145689 0.001848562853 0.001699895249 0.001668989542 0.001640400966 0.001614085864 0.001596450806 0.001592965797
690,loss@270.07 frag@212.06 frag@168.02 frag@407.14 frag@78.05 frag@409.2 frag@231.15 frag@167.98 frag@201.14 frag@71.09 frag@101.02 frag@318.03 frag@176.98 frag@347.19 frag@193.1 frag@155.98 frag@153.03 frag@179.12 frag@203.13 frag@135.1,0.2614805102 0.008191165514 0.004823689349 0.004220246337 0.003961381502 0.00392609043 0.003921055701 0.003513211617 0.003357578535 0.003256276017 0.003129867138 0.002965775318 0.002831291175 0.002760562813 0.002755886642 0.002560434164 0.002552346094 0.002482934855 0.002463761717 0.002384247724
691,loss@119.07 loss@169.1 frag@199.02 frag@229.12 frag@165.02 frag@223.01 frag@159.09 frag@186.09 frag@147.07 frag@120.08 frag@218.09 frag@189.08 frag@292.13 frag@329.08 frag@308.14 loss@344.17 frag@189.05 frag@146.06 frag@121.07 frag@116.06,0.1925437301 0.1017196774 0.0222405456 0.01271546353 0.01008175034 0.01007820293 0.01002396923 0.009045754559 0.008319741115 0.007892861962 0.007021529134 0.005328080617 0.005205603782 0.004763344303 0.004226480611 0.00409534853 0.003858189331 0.003837094409 0.003477026476 0.003399365349
692,loss@168.07 loss@201.13 frag@211.12 frag@181.08 frag@216.1 frag@143.12 frag@157.08 frag@185.11 frag@147.07 frag@200.08 frag@190.09 frag@171.09 frag@184.08 frag@169.08 frag@191.08 frag@162.08 loss@212.11 frag@241.04 frag@160.1 loss@282.14,0.2145399451 0.06755937636 0.03900420293 0.02297957242 0.008422072046 0.008231973276 0.007761735469 0.007252362557 0.005103589501 0.004570290912 0.004371730611 0.004154853057 0.004059033468 0.003418412525 0.003094953485 0.003072703723 0.003012731439 0.00285894447 0.002848700387 0.002583814785
693,frag@218.08 loss@330.07 loss@152.07 frag@384.11 loss@112.09 frag@190.06 loss@129.15 loss@303.06 loss@62.96 loss@28.03 loss@170.09 frag@255.17 frag@185.08 loss@553.2 frag@246.1 loss@128.09 frag@155.06 frag@144.07 loss@125.08 loss@55.04,0.2383315265 0.004621012136 0.002732952125 0.002557496773 0.002423868515 0.002266974188 0.001947262674 0.001854529255 0.001804756001 0.001761837862 0.001631661318 0.001522425911 0.001423983485 0.001421317807 0.001367557445 0.001355752465 0.001337318448 0.001309866668 0.001295907423 0.001284301514
694,frag@148.02 loss@181.04 frag@176.02 loss@240.04 loss@199.95 loss@151.06 frag@163.03 frag@155.94 frag@121.01 frag@135.03 loss@181.06 loss@175.01 loss@150.07 loss@153.04 loss@280.18 loss@182.05 loss@311.06 frag@152.02 frag@168.08 loss@213.07,0.2633719444 0.1104032695 0.03192906082 0.03159847111 0.0202269759 0.005521376617 0.004266165197 0.003632903798 0.003627118887 0.00329564861 0.00310997013 0.002981759608 0.00281115924 0.002753365785 0.002737033414 0.002643592888 0.002587480238 0.002504103817 0.002434065565 0.002345053479
695,frag@163.05 loss@213.14 frag@189.03 loss@183.98 frag@145.04 loss@107.06 loss@253.17 loss@107.11 loss@168.16 loss@206.07 loss@248.02 loss@172.14 loss@227.14 loss@256.1 loss@129.08 frag@199.01 frag@115.03 loss@388.12 frag@144.06 frag@152.05,0.264716506 0.06275556982 0.05756051466 0.04587216675 0.02869408019 0.02051964402 0.01712486893 0.006000434514 0.005677776877 0.003913181368 0.003709418699 0.003384879092 0.003101291601 0.002592840232 0.002504334552 0.002069853945 0.002047452843 0.002014866332 0.00200668769 0.001990004675
696,loss@97.03 loss@233.96 frag@231.0 frag@238.07 loss@255.98 frag@283.09 frag@46.07 loss@131.11 frag@295.13 frag@55.03 loss@91.95 loss@105.02 frag@320.16 frag@295.17 loss@414.22 loss@161.02 frag@341.19 loss@72.04 frag@104.01 loss@238.99,0.06121367216 0.05166346952 0.04717991501 0.04094135761 0.0338549912 0.03205700219 0.03142844886 0.02621070296 0.02017336711 0.007019272074 0.005594035145 0.005211077631 0.004860332236 0.004302508198 0.00411100639 0.003958279267 0.003930197563 0.003864185885 0.003396732034 0.003249080852
697,frag@191.07 frag@197.06 frag@207.07 frag@177.06 frag@169.06 loss@166.03 loss@553.2 loss@287.08 frag@198.07 loss@2.0 loss@238.08 loss@294.98 loss@525.21 frag@213.05 loss@286.09 loss@296.16 loss@196.05 loss@525.22 loss@336.08 loss@187.0,0.1064453423 0.09669800103 0.08842276782 0.02222563513 0.005570933688 0.004627251998 0.004364118446 0.00389317167 0.003774883458 0.003361182986 0.003306960221 0.003200070933 0.003108249512 0.002841464477 0.00269122934 0.00268878066 0.002485655947 0.002384140156 0.002319416264 0.002294329926
698,loss@190.11 frag@178.09 loss@216.09 loss@203.11 loss@176.1 frag@146.1 loss@160.05 frag@118.06 frag@145.08 loss@215.06 loss@264.11 frag@110.05 frag@253.1 frag@147.05 frag@308.14 frag@132.08 loss@260.09 frag@146.06 frag@133.08 loss@177.08,0.1288576871 0.08522955328 0.05257884786 0.04769954085 0.0461747013 0.02945558541 0.02325867675 0.02028669789 0.02020949498 0.01920423284 0.01852913015 0.01820129156 0.01578468643 0.01432328578 0.01375873759 0.01255703997 0.01222335547 0.01185353473 0.01022056025 0.009481388144
699,frag@110.01 loss@143.07 loss@220.04 frag@195.04 loss@182.03 loss@126.04 frag@200.08 frag@160.05 frag@198.09 frag@78.03 frag@152.05 frag@96.04 frag@355.2 loss@98.05 loss@226.05 loss@120.03 frag@299.07 frag@141.06 loss@179.02 frag@221.05,0.171605587 0.1198690385 0.05606742576 0.05127490312 0.03745732456 0.01322685927 0.0106200045 0.005391206127 0.004930022638 0.004712454975 0.004711571615 0.004396868404 0.004292578902 0.00412630057 0.003521201899 0.003193922108 0.003164072987 0.003074794309 0.003060738323 0.002598406281
700,loss@139.03 loss@130.99 loss@154.04 loss@132.02 frag@158.99 frag@186.05 loss@143.05 loss@141.04 frag@72.0 frag@325.06 frag@195.99 frag@125.02 frag@141.04 frag@107.03 frag@129.09 frag@102.03 frag@271.07 frag@122.94 loss@152.0 loss@111.03,0.1020533741 0.03859390318 0.02350198664 0.0147765493 0.009561454877 0.009499100968 0.009019191377 0.008964481764 0.007711999118 0.007220201194 0.006986942608 0.005442295689 0.00485348003 0.004783639684 0.004720276687 0.004694290925 0.004572769627 0.004307748284 0.003407699987 0.003366671037
701,frag@137.03 frag@95.01 frag@98.02 frag@139.06 loss@165.12 loss@251.11 loss@229.03 loss@224.09 loss@205.09 loss@245.05 frag@198.94 loss@136.03 loss@157.04 loss@173.13 loss@211.04 loss@143.06 loss@247.1 loss@271.05 loss@261.13 loss@192.07,0.2653722465 0.00374746602 0.003604494501 0.003480154322 0.003400265938 0.00320618297 0.003195532598 0.003163729561 0.002819047309 0.002714905189 0.002684032079 0.002581939334 0.002566000912 0.002432968467 0.002360952552 0.002256723354 0.002248678822 0.002228142926 0.00221467251 0.002189934952
702,frag@82.06 frag@68.05 loss@208.12 frag@70.07 frag@42.03 frag@125.07 frag@82.07 frag@56.05 loss@199.0 loss@301.08 loss@117.04 frag@126.09 frag@96.08 frag@69.06 loss@270.0 frag@83.07 frag@60.04 frag@84.08 loss@221.15 frag@97.08,0.06925513595 0.06322275102 0.0301709827 0.0274852328 0.02431524731 0.01893568598 0.01786598936 0.01611169614 0.01473754644 0.01372169051 0.01315010339 0.01069472544 0.0106677115 0.009918198921 0.009600603022 0.00934256427 0.009189059958 0.009100416675 0.008476468734 0.007962992415
703,loss@312.11 frag@227.07 frag@297.08 frag@299.06 frag@327.09 frag@321.08 frag@221.06 loss@110.02 frag@252.08 frag@295.06 frag@285.04 frag@267.07 loss@282.09 frag@313.07 frag@255.07 frag@272.07 frag@239.07 frag@337.07 frag@284.03 frag@307.06,0.01762081683 0.01715531945 0.01455334108 0.01391083375 0.01229626965 0.01173153706 0.009894274175 0.009341563098 0.009145656601 0.008595122956 0.008477125317 0.008462989703 0.007033973932 0.006577866152 0.006314431317 0.006022733171 0.005858581979 0.00577659905 0.005572891328 0.005514071789
704,frag@153.03 loss@200.13 frag@409.2 frag@110.02 loss@197.05 frag@175.12 frag@91.02 loss@306.19 loss@201.11 loss@178.11 loss@172.14 loss@196.04 loss@217.04 loss@232.06 loss@208.13 loss@227.1 loss@203.06 loss@154.08 loss@192.04 loss@196.07,0.3367176652 0.02625352331 0.013131788 0.009319690987 0.006863747723 0.004870010074 0.004374867771 0.004350455478 0.00393538177 0.003755717073 0.003744221525 0.003594013629 0.003468927229 0.003356664907 0.003082805546 0.002961677266 0.002864062786 0.002859313972 0.002843978815 0.002828199649
705,loss@117.08 loss@100.05 loss@127.06 loss@154.07 frag@220.03 loss@103.06 frag@187.03 frag@194.12 frag@247.16 loss@113.05 frag@174.99 loss@89.05 frag@252.13 frag@56.98 frag@204.12 frag@220.07 frag@221.07 frag@167.01 loss@119.06 frag@217.06,0.07096735388 0.06664541364 0.05598741397 0.04195455834 0.02733851969 0.0226272624 0.01460942347 0.01276978012 0.01182812918 0.01169055048 0.01053497382 0.009679723531 0.00951609388 0.009143460542 0.009044626728 0.007941408083 0.007660073694 0.007518537808 0.007137537934 0.006686500739
706,frag@109.04 loss@147.09 loss@267.07 loss@277.06 frag@123.07 frag@290.13 loss@254.16 frag@197.05 loss@302.07 loss@412.12 loss@340.11 loss@320.98 frag@304.06 loss@322.07 frag@127.05 loss@450.2 loss@330.05 loss@333.05 loss@202.97 frag@265.13,0.09768229723 0.07907809317 0.04197411612 0.03050494753 0.0301015228 0.02674833685 0.01886356622 0.01787774824 0.01356883813 0.01299673785 0.01154854055 0.0109375054 0.009166610427 0.0090984907 0.008758089505 0.008627639152 0.007317832205 0.006803669035 0.006290835328 0.00616978202
707,frag@140.06 loss@219.08 loss@244.04 loss@184.09 frag@165.11 frag@70.04 loss@164.11 frag@127.01 frag@98.07 frag@463.24 loss@236.11 frag@171.04 frag@98.02 frag@201.11 frag@108.06 frag@87.09 loss@171.08 frag@111.06 frag@150.06 frag@166.08,0.2253981531 0.2045648247 0.02343863621 0.0189218875 0.01003906969 0.006629511714 0.004616651218 0.004507117905 0.004312196281 0.003929918166 0.003424423048 0.003318046685 0.002986960113 0.002856873209 0.002741286531 0.002536089392 0.002450739499 0.002259677043 0.002189961029 0.002071756171
708,frag@110.07 loss@262.09 loss@240.18 frag@83.06 loss@252.03 frag@95.06 frag@108.06 frag@136.05 loss@246.11 loss@222.15 loss@165.09 loss@207.13 loss@181.09 loss@154.12 loss@409.09 frag@384.2 loss@192.14 loss@272.09 loss@186.11 loss@246.95,0.3386778533 0.05724801496 0.009018077515 0.008352739736 0.008011984639 0.007041812874 0.004571407568 0.004412957933 0.004066200927 0.003555674572 0.003470636904 0.003404968185 0.003074500244 0.003004032886 0.002865556628 0.002785493387 0.002740294207 0.00266454299 0.002660306403 0.002644862747
709,loss@135.1 loss@159.1 frag@167.05 loss@145.09 frag@134.99 frag@195.09 frag@218.09 frag@316.11 frag@171.08 frag@170.98 frag@274.12 frag@154.06 frag@201.07 frag@239.08 frag@229.13 frag@264.07 frag@208.07 frag@157.06 frag@182.1 frag@202.07,0.1221459284 0.1130733341 0.04874034971 0.04224355146 0.009269594215 0.007732272148 0.007112014107 0.00566463545 0.005233082455 0.004762880504 0.00455593178 0.004261002876 0.003500988241 0.003351977561 0.003318515141 0.003301332472 0.003210099414 0.00311923353 0.003105110256 0.002999569988
710,frag@185.11 frag@221.11 frag@129.06 loss@141.0 loss@134.03 loss@41.03 frag@157.05 frag@264.11 frag@143.12 loss@174.03 frag@195.96 frag@181.08 frag@130.04 loss@163.11 loss@57.02 loss@135.07 loss@136.02 frag@258.1 loss@188.07 loss@87.01,0.06562852114 0.04549112171 0.04318418354 0.0387667045 0.03808997571 0.03320157528 0.02746344171 0.01902828552 0.01717821695 0.01404192392 0.01086152997 0.01055316906 0.008811576292 0.007740655914 0.00755281793 0.00739474874 0.007308247965 0.006741710473 0.005660570692 0.005330937915
711,frag@154.07 loss@143.03 frag@207.06 loss@308.08 loss@233.99 loss@46.07 frag@277.1 frag@200.02 frag@179.06 loss@261.2 loss@66.02 frag@164.04 loss@235.05 loss@160.01 loss@181.05 frag@189.1 frag@157.98 loss@151.1 frag@137.01 loss@211.97,0.144381389 0.0751843825 0.07156099379 0.02345497906 0.02335246466 0.01630555652 0.006901473738 0.006750611588 0.005786234047 0.005748640746 0.00443234155 0.004274294246 0.003982627764 0.003837565659 0.00367692532 0.003101583105 0.003070376813 0.003065368626 0.003013473935 0.003011467867
712,frag@141.01 frag@141.03 loss@253.13 loss@287.16 loss@305.12 frag@184.06 loss@359.17 loss@298.09 loss@304.18 frag@131.03 loss@302.06 loss@179.1 frag@110.02 loss@404.12 frag@113.02 frag@95.01 loss@299.12 frag@121.03 loss@266.05 frag@115.03,0.2565674782 0.05209607631 0.04602289572 0.04563731328 0.03235858679 0.02402533591 0.02029711381 0.02002226748 0.009405001998 0.00889539253 0.006542760413 0.005690026563 0.004236396868 0.003967591561 0.001920083072 0.001918184105 0.00182077114 0.001813730807 0.00175293989 0.001703557209
713,frag@95.02 frag@113.03 loss@213.02 loss@274.2 loss@184.98 loss@181.11 loss@247.14 loss@195.0 loss@158.07 loss@396.29 loss@196.01 loss@231.03 loss@169.07 loss@204.08 loss@229.03 loss@213.99 loss@212.02 frag@171.15 loss@182.13 loss@183.99,0.2641453445 0.1385528743 0.03812582046 0.01886657812 0.005514103454 0.004192171153 0.00383128575 0.003774299752 0.003546649357 0.00318724406 0.002994429786 0.002935617464 0.002882344415 0.002449449385 0.002439360134 0.002395595424 0.002166161314 0.002164605772 0.002044091001 0.002038060687
714,loss@220.05 loss@188.12 frag@171.01 frag@84.08 frag@84.09 frag@101.02 frag@104.02 frag@409.2 frag@179.09 frag@45.03 frag@161.06 frag@131.08 frag@141.05 frag@144.06 frag@261.17 frag@233.13 frag@196.03 frag@178.08 loss@211.13 frag@87.04,0.1566702276 0.1358345151 0.02914065495 0.00552915968 0.005197499879 0.005078792106 0.004927196074 0.004616280086 0.004524615128 0.004229301121 0.003562272526 0.003281579819 0.003210610244 0.003158160252 0.003118655877 0.002915000776 0.002867553383 0.002865372226 0.002796882996 0.002621952677
715,loss@160.96 loss@227.0 frag@186.99 loss@145.1 loss@228.94 frag@164.09 frag@52.02 loss@225.97 frag@163.01 frag@232.09 frag@172.99 frag@219.11 loss@54.02 frag@81.06 frag@143.0 loss@201.13 frag@210.04 frag@198.99 loss@130.09 frag@83.02,0.07452715188 0.06515989453 0.0610498637 0.0357475765 0.02596834861 0.00740926154 0.006422622595 0.006354638841 0.005628525745 0.004788507707 0.004780123942 0.004762784578 0.003548638662 0.003416096326 0.003208233276 0.002985934261 0.002910704352 0.002872698009 0.002644333057 0.002626717556
716,frag@145.08 loss@189.05 frag@146.08 loss@234.07 loss@187.09 loss@161.09 frag@132.07 loss@211.97 loss@302.08 frag@145.09 frag@147.09 frag@131.06 loss@160.06 loss@176.06 loss@194.01 frag@148.08 loss@201.08 frag@128.05 frag@173.11 loss@183.02,0.2563375831 0.06423418969 0.06252238154 0.04652543738 0.03192630783 0.0159590058 0.01493134256 0.01432269439 0.01066752151 0.007068749983 0.006508684717 0.005933279172 0.004917094018 0.004637663718 0.004540118854 0.004510254599 0.004388333298 0.004338458646 0.003868537722 0.003800762584
717,frag@84.04 loss@255.04 loss@356.15 loss@247.1 frag@56.05 loss@222.06 loss@92.01 loss@259.0 frag@55.02 loss@216.02 loss@273.11 loss@264.09 loss@277.07 loss@266.11 loss@237.11 loss@288.15 loss@208.04 loss@255.07 loss@262.15 loss@271.1,0.3544757068 0.03071008809 0.01532064844 0.006038729567 0.004184123594 0.004162022378 0.00382080581 0.003761308268 0.003103392664 0.00310286181 0.002994942246 0.002960798331 0.002821589122 0.002661326667 0.002608815674 0.002564392518 0.002533043735 0.00252301665 0.002380196005 0.002319028601
718,loss@224.07 loss@185.09 frag@154.04 loss@184.98 frag@153.05 frag@118.08 frag@139.02 frag@195.99 frag@149.04 frag@136.11 frag@338.11 frag@162.13 frag@130.97 frag@161.99 frag@111.03 loss@305.1 frag@242.11 frag@260.14 frag@124.03 frag@309.16,0.1614502519 0.09283632785 0.05115536228 0.01867566444 0.00875547342 0.007349566091 0.007210636977 0.006775618065 0.004862306174 0.003510350361 0.003424791154 0.003377086483 0.003351663705 0.003212633077 0.003196659964 0.003057236085 0.003032002831 0.002933876356 0.002852961188 0.002766323043
719,loss@120.06 loss@163.06 frag@194.08 loss@137.08 frag@448.16 frag@145.04 frag@181.04 frag@163.02 frag@220.09 frag@256.05 frag@225.02 frag@167.03 frag@269.09 frag@106.07 loss@165.08 frag@158.07 frag@119.06 frag@146.07 frag@144.06 loss@119.05,0.1925990134 0.02727702633 0.007392641623 0.006635655183 0.006342812441 0.005853127223 0.004565733019 0.004365780391 0.004355655983 0.003713841317 0.003083121032 0.002932462841 0.002861245768 0.002735844115 0.002535557374 0.002519336995 0.002369097667 0.002316738246 0.002308289288 0.00228130864
720,frag@166.04 frag@207.16 frag@206.17 frag@194.04 loss@128.06 frag@140.03 loss@128.09 loss@172.01 loss@216.11 loss@112.01 loss@129.1 frag@55.02 frag@180.1 loss@64.02 loss@298.04 loss@173.01 loss@125.12 loss@203.12 loss@96.07 loss@246.08,0.1838158071 0.03024630807 0.01795079 0.01365920994 0.01340980176 0.008751925081 0.005482041743 0.005468332674 0.005146794021 0.004621626344 0.004361570813 0.00418792991 0.003937458154 0.003908867016 0.00363471685 0.003612172557 0.003532823408 0.003407129319 0.003202706575 0.002941380255
721,frag@225.1 frag@182.1 loss@205.06 frag@157.09 loss@252.97 loss@308.14 frag@176.07 loss@241.1 frag@168.08 loss@188.02 loss@135.07 frag@204.07 frag@145.04 loss@203.0 loss@78.05 frag@167.07 frag@172.11 loss@178.05 frag@251.15 frag@208.11,0.1091927066 0.1056631655 0.09105930477 0.04396805912 0.02925963327 0.02108281478 0.005401653238 0.005035802722 0.003571882145 0.003386162221 0.003356695874 0.003264399711 0.003068875289 0.002145347418 0.0021301792 0.001930138562 0.001915309811 0.001886463026 0.001860367018 0.001806369517
722,frag@230.13 loss@244.16 loss@272.12 loss@252.15 frag@186.08 frag@158.1 loss@232.13 frag@276.08 frag@177.11 frag@277.08 frag@355.2 frag@58.03 frag@71.09 frag@67.06 frag@215.06 frag@114.05 frag@147.08 frag@114.0 frag@138.09 loss@212.12,0.1408496797 0.1255696118 0.09349811822 0.08906189352 0.007448613644 0.006009264383 0.005708287004 0.005256854463 0.004410998896 0.003888175823 0.003683967283 0.003432990052 0.003229440423 0.003190127201 0.003130836179 0.003101855051 0.003064552322 0.003022886114 0.003001943231 0.002878169762
723,loss@159.08 frag@216.05 loss@131.04 frag@245.11 loss@115.08 loss@92.05 frag@95.99 loss@214.06 loss@183.99 frag@156.01 frag@178.01 frag@224.97 loss@159.04 frag@161.03 frag@203.04 frag@125.05 frag@284.14 loss@29.03 frag@219.08 frag@267.12,0.1192415953 0.0998666957 0.08205451071 0.03660628572 0.02372160926 0.02028401569 0.01353773847 0.01141145732 0.008577860892 0.006111640017 0.005067334045 0.004696671851 0.004601063672 0.004558743909 0.003960778471 0.003530878574 0.003297661431 0.003144623246 0.003078746144 0.002954947995
724,frag@158.06 frag@130.07 loss@174.08 frag@130.06 frag@160.08 frag@132.08 frag@146.06 frag@173.07 frag@188.07 loss@200.1 frag@172.08 frag@142.07 loss@319.11 frag@199.09 loss@296.06 frag@171.09 frag@157.08 frag@187.09 loss@201.1 loss@224.11,0.04464693367 0.03800862283 0.03780300915 0.03637882695 0.03548663482 0.03214611486 0.02068533562 0.01951019652 0.01867531799 0.01777788252 0.01667295396 0.013704299 0.01271563116 0.01179940999 0.01084945537 0.009591872804 0.009499663487 0.009131225757 0.008845993318 0.008500175551
725,loss@236.1 frag@169.05 loss@308.12 loss@273.1 frag@109.03 frag@165.05 frag@205.06 frag@122.04 frag@199.02 frag@129.07 frag@208.11 frag@81.03 frag@104.06 frag@240.12 frag@73.05 frag@313.12 frag@93.03 frag@105.07 frag@347.15 frag@184.1,0.1770413816 0.1556922644 0.09763792157 0.04362983257 0.01206623577 0.01076268591 0.01022935938 0.009559890255 0.007998443209 0.007323443424 0.004668185022 0.004566485062 0.00446646614 0.003643164644 0.003482202068 0.003290827619 0.003213856835 0.003138472792 0.002764743986 0.002658858895
726,loss@93.06 loss@84.06 frag@43.03 frag@305.11 frag@226.04 frag@230.05 loss@95.06 loss@213.97 frag@218.13 loss@78.04 frag@307.07 loss@294.16 frag@225.03 loss@212.99 frag@222.98 frag@243.03 loss@288.05 frag@57.07 loss@101.1 frag@200.03,0.1254179329 0.09311296791 0.05954352394 0.03051199578 0.02719225734 0.02625787072 0.02593868226 0.02237020619 0.01704301499 0.01585371606 0.01429769769 0.01168649737 0.01010047458 0.009168603458 0.00847985968 0.007886975072 0.007591049653 0.006894944701 0.006438454147 0.006067880895
727,loss@149.12 frag@249.13 frag@324.12 loss@274.19 frag@171.04 loss@122.0 loss@255.1 frag@222.1 loss@259.08 frag@303.12 frag@204.07 frag@281.09 frag@145.06 loss@256.18 frag@320.16 frag@176.07 frag@240.03 frag@186.08 loss@173.12 frag@213.1,0.1522367597 0.1030190811 0.04266023263 0.0356691815 0.01032472588 0.009407811798 0.007096683607 0.005063368939 0.003835701151 0.003417579923 0.003282867372 0.003281272249 0.003213432385 0.003077941015 0.002715608571 0.002679454163 0.002656240715 0.00251670531 0.002484863857 0.002481791424
728,loss@250.09 loss@288.15 frag@124.11 frag@84.04 frag@208.04 frag@138.09 loss@347.11 frag@67.06 frag@178.12 frag@100.04 frag@138.99 frag@191.15 frag@135.0 frag@83.09 frag@82.07 loss@291.13 frag@124.04 frag@150.09 loss@260.15 frag@113.02,0.1224781945 0.09607914835 0.006570184603 0.005636310205 0.004927899688 0.00454234425 0.004050004762 0.003903812263 0.003874030896 0.003585186554 0.003530682065 0.003347949358 0.003198616905 0.003170063486 0.00293109077 0.002781368792 0.002572334837 0.002560657915 0.002548890421 0.002539838199
729,frag@109.05 loss@241.08 frag@201.1 loss@289.05 loss@230.06 loss@302.08 loss@216.0 loss@165.14 frag@116.98 loss@159.13 frag@136.04 frag@245.09 frag@311.18 loss@174.09 loss@254.01 frag@84.06 loss@199.05 loss@265.04 loss@181.02 loss@225.09,0.2544101775 0.1135823354 0.08000738174 0.03830610216 0.03715762123 0.01642211899 0.009395495057 0.008393338881 0.006284174044 0.004494640045 0.003747936338 0.003497129073 0.003479554085 0.003362863092 0.002695969073 0.002562193666 0.002112678485 0.002065935172 0.001976441592 0.001908048172
730,loss@290.11 frag@203.05 frag@191.06 frag@228.96 loss@199.1 frag@277.19 loss@168.1 frag@181.1 frag@260.14 loss@161.12 frag@213.04 frag@205.04 loss@149.12 frag@114.05 frag@228.11 frag@85.04 frag@233.11 frag@211.09 frag@197.0 frag@141.07,0.1250807345 0.09364142269 0.02859462425 0.01192349754 0.004490744323 0.004408105277 0.003272508737 0.002709095366 0.002697281772 0.002525705146 0.00228331564 0.002186729573 0.002091123257 0.002043726621 0.002014915226 0.001987528289 0.001958631212 0.001940457034 0.001866222592 0.001787937945
731,frag@111.09 frag@127.12 frag@74.06 frag@84.07 frag@125.11 frag@98.08 loss@282.15 frag@70.06 loss@642.33 frag@197.17 frag@72.08 frag@97.09 loss@311.14 loss@393.21 loss@463.18 frag@99.09 loss@350.14 frag@112.1 frag@86.06 loss@338.09,0.04920010641 0.04095592722 0.02561421879 0.01798631437 0.01288712118 0.01203335356 0.01049275044 0.009011413902 0.008761638775 0.008436368778 0.007406544406 0.00726134982 0.007016353309 0.006453235168 0.006424441934 0.006287153345 0.006212949753 0.005609573796 0.005433263723 0.005433183629
732,frag@273.04 loss@343.1 frag@176.98 loss@193.99 loss@220.15 frag@206.07 frag@288.11 loss@362.2 loss@277.14 frag@362.15 frag@207.13 frag@133.09 frag@219.1 loss@259.07 frag@40.9 loss@92.99 frag@184.1 frag@99.08 loss@272.04 loss@130.99,0.2033625096 0.01572460681 0.007542292122 0.006848881487 0.005788870621 0.003528396133 0.002943795174 0.002884705085 0.002883377951 0.002761888318 0.002625955269 0.002597566927 0.002542746952 0.00252322969 0.00232502236 0.002261416987 0.002238684334 0.002196349669 0.00198796601 0.001907611149
733,frag@178.01 loss@183.04 frag@147.09 loss@211.04 frag@173.95 frag@147.05 loss@197.05 frag@192.12 frag@165.1 frag@69.04 loss@227.03 frag@244.11 frag@104.07 loss@282.07 frag@150.01 loss@152.07 frag@312.09 loss@217.04 loss@198.06 loss@344.97,0.2569841146 0.2396036983 0.003367781173 0.003075322602 0.002650607843 0.002562416252 0.002236832632 0.002114688978 0.0017514301 0.001661582151 0.001651901286 0.001644907636 0.001527427114 0.001525725005 0.001496304176 0.001452056225 0.00144376047 0.001373806852 0.00134812051 0.001274516224
734,loss@150.1 frag@186.08 loss@239.07 frag@178.06 frag@236.11 frag@103.03 loss@151.14 frag@141.08 frag@174.04 frag@104.06 frag@141.07 frag@186.09 frag@147.03 frag@136.11 frag@160.1 frag@314.13 frag@209.02 frag@133.06 frag@150.07 frag@163.02,0.157276839 0.1231418177 0.1160489917 0.006554283202 0.00548843015 0.004662105814 0.004361784086 0.004013461526 0.003971001133 0.003931883257 0.003806863679 0.003711437806 0.002980978694 0.002977958415 0.002780697076 0.002686775289 0.002439675853 0.00240250933 0.002378951758 0.00228219456
735,frag@133.03 loss@132.09 loss@212.19 frag@323.11 loss@397.08 frag@43.02 loss@113.13 frag@173.95 loss@172.05 frag@319.07 loss@111.05 frag@193.05 frag@308.12 loss@133.06 loss@114.07 frag@230.98 loss@320.11 frag@178.06 loss@349.09 loss@310.06,0.3127243817 0.07306560129 0.006103890017 0.003890548367 0.003868274856 0.00358729763 0.003183736466 0.003037096234 0.002689385787 0.002556426916 0.002164949896 0.002004868817 0.001839545555 0.001704447437 0.001697544358 0.001640326111 0.00160155585 0.001594393281 0.001574607333 0.00149555353
736,frag@212.95 loss@113.03 frag@124.05 frag@263.1 loss@245.07 frag@78.05 frag@169.94 frag@108.06 frag@97.01 loss@292.08 loss@182.14 frag@98.03 loss@193.01 frag@152.08 loss@328.02 loss@84.0 loss@244.98 loss@272.08 frag@45.04 frag@302.17,0.2620762289 0.1871894002 0.02761540003 0.00571595924 0.003935393412 0.003775290214 0.003044027835 0.003010377754 0.002729778178 0.002724896651 0.002559158951 0.00232309266 0.002172649838 0.002096008742 0.002079762286 0.002046685666 0.001783693559 0.001707524527 0.001645307988 0.001616984606
737,loss@208.06 loss@180.06 frag@151.04 frag@256.05 frag@126.06 frag@224.07 frag@190.06 frag@320.06 frag@118.04 frag@181.04 frag@369.13 frag@207.07 frag@191.03 frag@197.06 loss@162.05 frag@144.06 frag@347.15 loss@154.05 frag@270.11 frag@305.1,0.1987720728 0.04856925085 0.006386329886 0.005669247359 0.00436097756 0.003801911836 0.003562115598 0.003553033574 0.003402226372 0.003246419365 0.003223552369 0.003173880046 0.003100944217 0.002815924818 0.002681286773 0.002485068049 0.002230414888 0.00221863878 0.002216499764 0.002176508075
738,frag@54.03 loss@113.01 loss@92.01 loss@64.02 frag@82.03 frag@68.01 loss@114.03 frag@42.03 frag@41.04 loss@128.05 loss@180.99 loss@105.04 frag@72.94 frag@67.02 loss@240.06 loss@101.04 frag@53.0 loss@100.03 frag@62.99 loss@101.02,0.1857426912 0.1071679667 0.06494265795 0.06474773586 0.02304317243 0.01665688679 0.01393811591 0.01344820298 0.009124000557 0.008812387474 0.006835503038 0.006649367511 0.006471801084 0.006336634513 0.005490260664 0.005371908657 0.005154394545 0.00508620264 0.005017738789 0.004729133099
739,loss@252.07 loss@253.08 frag@93.03 frag@115.03 frag@86.06 frag@99.05 frag@55.02 frag@158.03 frag@179.08 loss@338.02 frag@176.98 loss@227.02 loss@247.1 frag@111.03 frag@170.03 loss@107.11 frag@116.03 loss@279.08 loss@294.08 frag@128.03,0.141534254 0.124953337 0.01110512204 0.007758463733 0.007097500842 0.006814084481 0.005842357408 0.005312434863 0.005067389458 0.004845820833 0.004656781442 0.004348198883 0.003944307566 0.003675568616 0.003659657435 0.003502646927 0.003414199455 0.003390441183 0.0031699338 0.002970681526
740,frag@94.05 loss@224.98 loss@388.12 frag@67.04 loss@230.95 frag@172.97 loss@292.95 loss@347.18 loss@180.02 frag@55.02 loss@246.11 frag@93.04 loss@165.11 frag@154.02 loss@211.12 loss@211.14 loss@192.09 frag@216.01 loss@226.05 loss@214.04,0.3016143441 0.1129344255 0.01716097258 0.01227214467 0.006765923928 0.004965187982 0.004495979752 0.004048985429 0.004025483504 0.003962540068 0.003601125441 0.003576239338 0.003551777452 0.00354645378 0.002456735587 0.002280261368 0.002228809521 0.002209212631 0.002099681646 0.002093224786
741,frag@79.05 loss@221.1 frag@95.05 loss@208.03 loss@243.15 loss@245.11 frag@97.06 loss@257.11 loss@168.12 frag@77.04 frag@53.04 frag@67.05 frag@43.02 loss@279.08 loss@183.09 loss@293.03 loss@240.09 loss@237.14 loss@265.17 frag@81.03,0.2722887993 0.04487940297 0.0367638953 0.03513508663 0.03342720121 0.03063642792 0.01595339552 0.01257881336 0.01140794344 0.01136633288 0.01078076009 0.01071103197 0.007978451438 0.007876478136 0.007456411142 0.006454925053 0.006123634521 0.005833562929 0.005789624061 0.005621668883
742,frag@116.06 loss@288.09 frag@247.01 loss@78.57 frag@115.05 frag@326.11 frag@117.07 frag@199.02 loss@556.18 loss@186.04 loss@212.04 loss@241.18 loss@135.09 frag@236.11 frag@246.09 loss@294.98 frag@170.06 frag@133.06 frag@326.13 loss@205.15,0.2082477957 0.188721329 0.02588812634 0.01608130522 0.01312603522 0.008306299336 0.008268524893 0.007699013688 0.006334198639 0.005108057521 0.004748119973 0.004654030316 0.004094991367 0.003714342834 0.00349078537 0.003362709424 0.003214894561 0.003191491822 0.002879705513 0.002853333717
743,frag@162.07 loss@176.07 loss@189.07 frag@161.06 loss@200.05 frag@106.07 frag@120.06 frag@160.05 frag@133.06 frag@132.06 frag@146.07 loss@177.09 frag@174.07 frag@149.04 frag@145.04 loss@364.08 frag@133.04 frag@152.08 loss@176.08 frag@136.03,0.2369704396 0.1033199057 0.04966054112 0.03862210363 0.03527910635 0.00606246898 0.005518146791 0.004191289656 0.004174139351 0.00386223942 0.00376554206 0.003470720258 0.003412720747 0.003380296985 0.003341189353 0.003272383008 0.002995839575 0.002668920439 0.002594556892 0.002545943018
744,frag@206.1 frag@162.06 loss@279.12 frag@247.04 loss@291.12 frag@263.09 loss@264.13 loss@276.15 loss@267.13 loss@239.16 loss@276.13 frag@296.09 loss@270.12 loss@285.1 loss@251.16 frag@151.08 loss@285.14 frag@274.18 loss@243.11 loss@329.11,0.03161181137 0.03039489873 0.0205442477 0.01772883907 0.01722883061 0.01574502699 0.01451719459 0.0114216581 0.009433860891 0.008637932129 0.008268730715 0.008178241551 0.00782551989 0.007646654733 0.007163890172 0.006671796087 0.006568640471 0.005877757911 0.00568715157 0.005213083234
745,loss@109.05 frag@122.02 loss@206.14 frag@94.03 frag@146.96 loss@261.09 frag@138.04 frag@145.01 loss@174.12 frag@189.0 frag@205.1 frag@98.99 frag@194.13 loss@136.1 loss@205.13 frag@182.94 frag@255.12 loss@212.03 frag@122.07 loss@152.09,0.1538042724 0.1074074209 0.08881581575 0.06922909617 0.03132797778 0.02449598722 0.01506055892 0.01455912832 0.01403913368 0.01382837445 0.009826745838 0.008861323819 0.007531870157 0.007518707309 0.007385704201 0.007249416318 0.00702730054 0.006661592983 0.006209518295 0.006202132441
746,frag@201.08 loss@182.1 frag@328.14 loss@304.08 loss@342.06 loss@285.03 frag@183.11 loss@151.1 frag@188.08 loss@382.11 frag@155.0 frag@291.11 loss@60.08 loss@176.09 loss@259.09 loss@189.01 loss@290.2 frag@212.08 frag@243.06 frag@137.03,0.2392269224 0.09388025105 0.01487202384 0.01366794668 0.01284514368 0.007083969191 0.005917271134 0.004244797863 0.003059651004 0.002806434641 0.002636276418 0.002214548644 0.002009646036 0.001923439209 0.001528927474 0.001468187547 0.001456741127 0.001442320528 0.001414070139 0.00131460675
747,frag@145.03 frag@89.04 loss@254.06 loss@386.12 loss@254.15 frag@117.03 loss@354.09 frag@173.02 frag@163.04 loss@254.05 loss@221.05 loss@218.09 loss@242.08 loss@177.06 loss@376.14 loss@567.22 loss@336.08 frag@177.05 frag@116.05 loss@449.19,0.2454596609 0.1149920896 0.05103874579 0.04235681519 0.02414385416 0.01860739104 0.01273781434 0.006615817081 0.006030689459 0.006000356749 0.005697028711 0.005229637492 0.005177247804 0.005048103165 0.004540098831 0.004531212151 0.004261157941 0.003924796823 0.003589144675 0.003522036364
748,loss@147.1 loss@269.09 frag@133.09 frag@178.12 frag@171.08 frag@228.12 frag@293.13 frag@148.11 frag@231.05 frag@317.21 frag@333.1 frag@311.14 frag@172.06 frag@123.08 frag@99.08 frag@146.03 frag@278.09 frag@134.99 frag@183.01 frag@139.07,0.2228927463 0.0987970084 0.01435603388 0.0082768742 0.008167034015 0.006478783675 0.00569348596 0.005435504019 0.005250790622 0.005030728877 0.004195213784 0.004013727885 0.003772421042 0.003658439731 0.003550558118 0.003518889658 0.003476654645 0.003461878747 0.003395705018 0.003387967823
749,frag@104.06 frag@169.03 loss@233.02 loss@197.97 frag@313.12 loss@225.04 loss@205.93 loss@378.12 loss@171.95 frag@123.08 loss@144.09 loss@214.04 loss@242.13 loss@273.1 loss@357.11 frag@240.12 frag@310.12 loss@217.15 frag@186.08 loss@205.1,0.1366477907 0.1226244643 0.04380942881 0.03027043864 0.0203957241 0.009065213613 0.008179118857 0.008067760617 0.008050286211 0.006510136649 0.00639310712 0.004526453558 0.003975774627 0.003946688026 0.003858586308 0.003779050196 0.003734957427 0.003505805274 0.003264469095 0.003202451393
750,loss@232.09 frag@174.06 frag@223.01 frag@288.11 frag@159.09 frag@138.09 frag@189.05 loss@114.07 frag@199.09 loss@269.12 frag@101.11 frag@146.06 frag@176.07 frag@112.11 frag@84.07 frag@210.13 loss@125.04 frag@241.11 frag@157.09 frag@192.01,0.3093690872 0.2019266039 0.08183017373 0.04162447155 0.004934189841 0.004163677804 0.003426065436 0.002611530479 0.002468436491 0.002453186316 0.002305777278 0.002223078627 0.002208201215 0.002178462455 0.002160482109 0.002029937692 0.001952043851 0.001851572073 0.00177193922 0.001764095272
751,loss@242.06 loss@190.14 loss@144.99 frag@165.02 loss@269.07 frag@199.09 frag@129.09 frag@120.08 frag@433.19 frag@176.98 frag@175.12 frag@208.04 frag@223.02 frag@167.05 frag@99.08 frag@247.05 frag@125.06 frag@203.07 loss@337.14 frag@241.09,0.1996651143 0.04549712688 0.03173785657 0.02579098009 0.02040828392 0.008947932161 0.008634192869 0.008162591606 0.007784476504 0.006105862092 0.005827347282 0.005556607619 0.005182111636 0.004749057814 0.00462573301 0.004576880019 0.004376382567 0.003662443254 0.003457314335 0.003386151511
752,frag@166.05 loss@284.11 loss@271.03 loss@242.15 loss@324.17 loss@271.05 frag@102.04 loss@255.02 frag@94.07 frag@150.06 frag@381.17 frag@193.13 loss@299.03 frag@279.09 frag@171.95 frag@84.04 frag@136.04 frag@85.01 frag@55.02 frag@167.98,0.3003717065 0.08177053183 0.07970822603 0.07920167595 0.00594658684 0.00528222695 0.004478028975 0.004141666926 0.004079594277 0.003258500248 0.003249846166 0.003113994841 0.002952057868 0.00291047059 0.002687144093 0.002346699825 0.002322110813 0.002317307051 0.002250028541 0.002193194348
753,frag@138.07 loss@286.04 loss@277.07 loss@231.02 frag@164.08 loss@309.13 loss@186.05 loss@264.09 frag@84.04 loss@279.05 loss@185.98 loss@280.11 loss@221.12 frag@162.07 frag@182.09 loss@313.15 loss@247.1 frag@130.12 loss@318.1 frag@93.03,0.324106127 0.06695373356 0.03320736811 0.01746656559 0.01050169952 0.003629868384 0.003353601322 0.003260092111 0.002876001876 0.002796588466 0.002796577755 0.002649802016 0.002600368578 0.002380433725 0.002380018355 0.002269089688 0.001984443283 0.001954854932 0.001918886905 0.001899077441
754,loss@183.1 loss@170.07 frag@138.08 frag@238.05 loss@179.02 frag@151.99 frag@99.05 frag@167.02 frag@98.99 loss@200.03 frag@110.01 frag@358.13 frag@114.05 frag@147.02 frag@86.06 frag@114.0 frag@85.04 frag@182.98 frag@114.06 frag@343.19,0.1608482748 0.1076470464 0.0569974035 0.0529018268 0.03524365276 0.01486565545 0.01215284318 0.01067658141 0.008722573519 0.00812226627 0.007216724101 0.00597954588 0.005877302494 0.005419717636 0.005211291369 0.004763217177 0.004344845191 0.004262338392 0.004216625821 0.004138212651
755,loss@96.03 frag@204.08 frag@213.08 frag@230.07 loss@121.07 loss@130.02 frag@80.04 loss@34.97 loss@115.01 frag@280.09 frag@309.09 loss@124.06 frag@241.09 loss@56.04 loss@157.06 frag@252.07 frag@277.11 frag@306.1 frag@156.95 frag@396.17,0.09366267174 0.08561982214 0.05937128514 0.03577790782 0.03525935858 0.02231423557 0.02186540142 0.02138612606 0.0192348063 0.01713974588 0.007856480777 0.007839216851 0.007246166002 0.006839296315 0.006126465276 0.004816576373 0.004001417197 0.003987435251 0.003575899173 0.003343085991
756,frag@190.12 loss@249.17 loss@246.16 loss@290.1 frag@87.07 loss@311.13 loss@152.08 frag@220.13 frag@136.11 frag@161.09 frag@203.07 loss@305.17 loss@199.16 loss@356.17 frag@240.12 loss@270.13 loss@293.19 loss@247.09 loss@276.15 frag@149.1,0.2879886329 0.06411512196 0.04600895196 0.02849873528 0.02477589622 0.008169538341 0.005167028401 0.005027337465 0.004542609677 0.003977145068 0.003910596482 0.003443256952 0.003442555666 0.002753997454 0.002473138506 0.002282726113 0.002266705269 0.002182265511 0.002149106935 0.002122910693
757,frag@187.07 loss@143.08 loss@443.21 loss@76.04 frag@168.96 frag@154.06 frag@208.1 frag@229.06 frag@204.11 frag@148.03 loss@212.11 frag@125.0 frag@218.07 frag@258.04 frag@167.03 frag@364.16 loss@166.97 frag@118.04 frag@168.07 loss@196.05,0.1640052497 0.09903268516 0.00643270975 0.005566663574 0.005239078775 0.004046269227 0.004013735335 0.003509705886 0.003493510187 0.003331861924 0.002803426236 0.002717943862 0.002329524606 0.002174173482 0.002128816675 0.002116685268 0.002107882872 0.001855929149 0.001747121685 0.001743472181
758,frag@124.06 loss@205.08 loss@292.09 loss@291.06 frag@208.01 frag@84.04 loss@292.08 loss@281.12 frag@183.11 loss@247.1 frag@180.05 frag@144.1 loss@208.04 frag@206.06 frag@109.03 frag@104.02 frag@98.02 loss@259.09 loss@211.07 loss@237.12,0.2902351916 0.1691586226 0.02537867054 0.02115817182 0.01315537095 0.004047676455 0.003039983567 0.002467506565 0.002332196571 0.002023444045 0.002016395098 0.001981211128 0.001931939507 0.001889179111 0.001628560363 0.001555577037 0.001540727098 0.001535125542 0.001440647407 0.001392424572
759,loss@167.05 loss@195.08 frag@156.95 frag@75.03 loss@217.04 loss@158.02 frag@222.95 loss@197.03 loss@196.02 loss@170.01 frag@168.06 frag@122.94 frag@83.03 frag@175.03 loss@96.0 frag@116.03 loss@149.02 frag@171.1 frag@154.03 loss@261.07,0.07625072449 0.05070985854 0.04700748622 0.03757670149 0.03414549679 0.03373166546 0.02565070614 0.02445018291 0.02128521353 0.02055078745 0.01580663584 0.01434020605 0.01375520602 0.01272177789 0.01045979094 0.00921527762 0.006965803448 0.006229309831 0.005823743064 0.005695780739
760,frag@174.95 loss@255.01 loss@213.14 frag@163.05 frag@183.95 loss@202.13 loss@183.98 frag@146.02 frag@145.04 frag@115.03 frag@217.09 frag@212.11 frag@164.07 loss@273.11 loss@107.11 loss@153.11 frag@92.04 frag@104.02 loss@309.21 frag@55.02,0.1077058166 0.04245451093 0.04240793362 0.03152362257 0.009917334653 0.008271961473 0.007197495084 0.004593537189 0.003795419121 0.002745572478 0.002597506624 0.002523942385 0.002515691333 0.002514323452 0.002479830757 0.002172301058 0.002022130881 0.001981632784 0.001892610686 0.001824301085
761,frag@159.02 loss@240.03 loss@201.04 loss@160.09 frag@81.06 loss@248.02 loss@240.05 loss@242.99 loss@153.04 frag@149.11 frag@220.02 loss@219.03 loss@158.07 loss@214.96 frag@155.04 loss@153.03 loss@302.2 loss@258.13 loss@231.03 loss@100.99,0.2727110386 0.07027808577 0.002972700633 0.002592479577 0.002320598345 0.002186522586 0.002082973951 0.001848981599 0.00181004894 0.001805778942 0.001800841303 0.001767713577 0.001728987554 0.001693119644 0.001613084227 0.001564471517 0.001533209695 0.001530827489 0.001496216864 0.001493944903
762,loss@209.12 loss@246.1 loss@212.07 frag@75.03 frag@110.99 frag@120.07 frag@190.02 frag@123.05 frag@218.06 frag@344.17 frag@171.02 frag@207.1 frag@88.02 frag@171.05 frag@290.13 frag@218.09 frag@156.03 frag@114.04 frag@122.1 frag@105.06,0.1740676612 0.1126324534 0.06383281946 0.04863111302 0.02013022825 0.01833818853 0.01820406877 0.01056901831 0.008736325428 0.008642155677 0.00713984482 0.007135373075 0.006379932631 0.006223565433 0.006089989562 0.006005223375 0.005722205155 0.005527812522 0.005263693165 0.005224985071
763,loss@178.12 frag@179.13 frag@153.11 frag@151.1 loss@209.06 frag@152.12 frag@122.07 frag@265.05 frag@124.09 frag@134.07 frag@162.1 frag@205.14 loss@177.13 frag@136.09 loss@275.04 frag@271.13 frag@110.07 frag@193.11 frag@190.13 loss@297.15,0.1685875505 0.1245816872 0.05281991884 0.03503257036 0.03132953867 0.02575059794 0.009534921497 0.009282335639 0.007806832436 0.006976575591 0.006102930754 0.00476861326 0.004438531119 0.0044353595 0.004289963748 0.004144060425 0.003729853546 0.003631566884 0.003566881642 0.003436704865
764,frag@166.06 loss@140.12 loss@447.16 loss@129.03 frag@136.05 loss@159.15 frag@350.13 loss@143.15 frag@186.03 loss@169.12 frag@349.12 frag@191.11 frag@139.05 frag@108.06 loss@287.05 loss@196.13 frag@230.05 frag@315.13 loss@230.16 loss@253.07,0.2472700626 0.1146181747 0.03185443208 0.02345626801 0.01953887567 0.01521705091 0.01180738211 0.01142749097 0.00577551825 0.004192262422 0.00409203954 0.003425289877 0.00341722928 0.0027213383 0.002659037244 0.002649461152 0.002591684228 0.00245372206 0.002365691122 0.002324249595
765,frag@187.06 loss@172.05 loss@144.06 frag@160.05 frag@145.06 frag@155.06 frag@159.07 frag@98.04 loss@134.07 frag@136.03 frag@161.08 frag@299.07 frag@216.05 frag@293.14 loss@154.04 loss@160.05 loss@99.04 loss@179.05 loss@311.07 frag@155.05,0.1338631362 0.12286558 0.08012448996 0.07316991687 0.00695224246 0.006853556726 0.004142115824 0.003848019755 0.003447215771 0.00340397656 0.00322064478 0.003156369086 0.003123052418 0.003045305843 0.00277685863 0.002705094172 0.002664036816 0.002655931981 0.002574098529 0.002555271843
766,loss@137.08 frag@211.05 frag@276.08 frag@145.04 frag@267.05 loss@120.06 frag@126.06 frag@213.96 frag@180.1 frag@204.05 frag@256.14 frag@239.15 loss@139.1 frag@46.34 frag@144.06 frag@194.99 frag@208.11 frag@241.11 frag@229.11 frag@152.11,0.3116731644 0.08249414712 0.04650476575 0.007096034009 0.007036925759 0.00570059102 0.004943240434 0.004492359236 0.004385377746 0.004237663932 0.004046660848 0.004013718572 0.003921297379 0.003663756885 0.003262664657 0.002929786919 0.002826595213 0.002723894781 0.002603932051 0.002463253681
767,loss@188.07 frag@189.08 frag@212.08 loss@206.12 loss@160.08 frag@148.05 frag@158.07 frag@187.09 loss@145.09 frag@190.1 frag@187.1 frag@171.05 loss@177.09 frag@186.1 frag@210.12 loss@170.05 loss@275.14 frag@159.09 frag@168.06 loss@187.07,0.1954366565 0.1462215632 0.1361596882 0.005766412709 0.005579096265 0.005306557287 0.004452186171 0.004270010162 0.004207284655 0.004085906316 0.003070656443 0.002977877157 0.00296051614 0.002941420302 0.00269310642 0.002577402862 0.002497142414 0.002431079047 0.002341733547 0.002230393933
768,loss@173.12 loss@111.1 frag@76.04 frag@321.17 frag@170.98 frag@146.03 frag@180.07 frag@298.16 frag@195.09 frag@150.13 frag@184.11 frag@186.09 frag@176.04 frag@126.08 frag@195.01 frag@239.08 frag@211.01 frag@304.17 frag@201.07 loss@275.17,0.2108337432 0.1066963673 0.05768557638 0.04634326696 0.02611895278 0.00776606705 0.006900899578 0.005175480153 0.00389453955 0.003810157301 0.00362143782 0.003370149061 0.003105524927 0.00302532129 0.00294973189 0.002848181408 0.002749412088 0.002451674314 0.00242106826 0.002049338073
769,frag@183.94 frag@173.95 loss@149.09 frag@155.94 loss@176.05 frag@201.95 loss@228.94 loss@280.07 loss@135.11 loss@247.98 loss@140.07 frag@195.09 loss@115.99 loss@307.11 loss@183.01 frag@165.08 frag@219.12 frag@134.02 loss@239.07 loss@136.09,0.1883491874 0.124492988 0.07763062418 0.06345789135 0.02678660117 0.0167514123 0.006349797361 0.004764603451 0.004214959685 0.003934136126 0.003808385227 0.003473332385 0.003418771783 0.00325232232 0.003219053149 0.003154176753 0.00310236169 0.0027437096 0.00224353536 0.002199800685
770,loss@251.11 loss@231.0 loss@200.0 loss@204.0 frag@209.14 frag@180.99 frag@196.1 frag@55.02 frag@332.08 frag@252.0 frag@70.03 frag@181.02 frag@154.01 frag@252.15 frag@115.03 frag@232.13 frag@224.16 frag@218.05 frag@154.02 frag@191.06,0.2125645578 0.03451538831 0.02151041292 0.01529412065 0.01152931713 0.01128688548 0.007906086743 0.00754865678 0.005947523285 0.00580393197 0.005509745795 0.005475001875 0.00544851087 0.0043090377 0.004307261202 0.003837520257 0.003735038918 0.003604710568 0.003583230777 0.003323227633
771,loss@252.06 loss@125.04 loss@238.04 frag@149.03 frag@133.09 frag@194.08 frag@145.05 frag@141.04 frag@184.06 frag@122.04 frag@122.94 frag@231.02 frag@180.05 frag@344.21 frag@196.1 frag@175.03 frag@267.05 loss@164.04 frag@152.02 frag@172.04,0.1582840383 0.05612097681 0.008697236888 0.005968530662 0.005194830243 0.004288762808 0.004176483024 0.004108663183 0.0040693013 0.003930264153 0.00345108402 0.003349984298 0.003296789713 0.003280584002 0.00325206155 0.003250705078 0.003207194619 0.00318538188 0.003125178628 0.00288502872
772,frag@161.05 frag@200.06 frag@173.05 loss@233.99 loss@166.97 loss@97.02 frag@133.05 loss@132.07 loss@165.05 loss@191.07 loss@202.06 loss@184.02 loss@99.01 loss@145.03 frag@396.17 frag@188.06 loss@99.06 loss@173.05 loss@83.04 loss@136.02,0.2272917479 0.04328091815 0.007499608211 0.005232238676 0.004717417993 0.004703238606 0.004494361579 0.004325855058 0.00418781722 0.003699131077 0.003665611614 0.003062424948 0.002877042396 0.002837000415 0.002809191588 0.002798813395 0.002776458161 0.002670155838 0.002508134115 0.002290146891
773,frag@177.09 loss@186.04 loss@364.08 frag@165.09 frag@146.07 loss@292.1 loss@336.14 frag@150.07 loss@184.11 frag@120.06 frag@57.03 loss@233.07 frag@162.07 frag@220.09 loss@138.07 loss@473.29 frag@131.08 loss@189.07 frag@121.03 frag@240.12,0.1607060879 0.04633437097 0.04241941869 0.01049970556 0.007317138836 0.007133185398 0.006905716844 0.006078104489 0.005658578593 0.004527650308 0.004500661977 0.004182878882 0.003869282315 0.003838906065 0.003654388711 0.003370977473 0.00334829581 0.003138259053 0.003036109032 0.003033497138
774,loss@237.13 loss@225.97 frag@169.0 frag@173.95 frag@155.94 frag@163.99 frag@181.09 frag@395.21 frag@144.0 frag@307.19 frag@358.13 frag@381.17 loss@486.11 frag@180.08 frag@150.07 frag@121.01 frag@70.04 frag@335.17 frag@157.06 frag@232.09,0.1690562963 0.08194245398 0.01048207283 0.008104840294 0.006729344837 0.005132663529 0.004876574036 0.00376974442 0.003084337572 0.002736274619 0.002728212858 0.002726861509 0.002694835654 0.002600787207 0.002589911688 0.002533501945 0.002467700513 0.002460953314 0.002451559994 0.002326797228
775,loss@284.16 frag@196.04 frag@265.11 frag@212.11 loss@227.14 frag@320.15 loss@270.05 loss@99.06 frag@316.16 frag@244.05 frag@153.11 frag@271.12 frag@168.08 frag@279.09 frag@272.08 loss@243.04 frag@84.0 loss@342.17 loss@242.13 loss@224.13,0.134956643 0.08907748759 0.06746067107 0.05344335735 0.05156691372 0.01867993549 0.01093944069 0.01039421652 0.010235277 0.006602105219 0.00604748819 0.005508793052 0.005264480133 0.003143349197 0.003140609013 0.003085928736 0.003073562868 0.002783171833 0.002615805948 0.002552313963
776,frag@171.04 frag@143.05 loss@153.15 loss@259.08 frag@181.06 frag@165.02 loss@279.17 loss@147.1 loss@294.98 loss@122.0 loss@273.08 loss@230.99 loss@149.06 frag@115.06 loss@166.03 frag@187.06 frag@171.08 loss@302.12 loss@147.04 loss@221.13,0.2559075356 0.08620722592 0.006079466082 0.004835933447 0.002645870904 0.00246131327 0.00244646892 0.002278543543 0.002171156695 0.002156327479 0.002135033719 0.00208072341 0.002053946024 0.001857346622 0.001808786881 0.001798876445 0.001677174587 0.001667633303 0.001662957831 0.001461813576
777,frag@58.03 loss@154.1 loss@270.11 loss@199.17 loss@282.16 loss@166.1 frag@41.04 frag@153.08 frag@55.02 loss@216.01 loss@144.04 frag@67.05 frag@175.11 frag@69.03 frag@286.12 frag@276.08 frag@127.04 loss@105.08 frag@83.09 frag@97.06,0.186391294 0.1331008077 0.08649650961 0.03849051148 0.01284889784 0.009116934612 0.00889295619 0.008453393355 0.008298439905 0.004464786034 0.004220753442 0.003909180406 0.003850804176 0.003837986849 0.003591429209 0.003532611532 0.003362394171 0.003243804676 0.003090477316 0.003019587602
778,loss@149.08 loss@177.08 frag@281.14 frag@122.1 frag@207.98 frag@329.12 loss@240.07 frag@134.06 frag@133.06 frag@318.05 frag@147.07 frag@178.09 frag@107.07 frag@148.08 frag@150.09 frag@308.14 frag@145.08 frag@348.15 frag@146.07 frag@146.08,0.1813865304 0.1514187455 0.04689440504 0.03823571652 0.03645956516 0.03081701696 0.0196026396 0.01828613505 0.01658549905 0.01511095092 0.01168332063 0.01098059397 0.01030782983 0.009854680859 0.00883941818 0.006862377282 0.005595474038 0.005384430755 0.004998335615 0.004965998232
779,frag@174.09 loss@267.11 frag@146.1 frag@159.07 loss@344.17 loss@279.15 loss@309.1 frag@145.09 loss@215.12 frag@131.07 frag@204.1 frag@190.09 loss@247.96 frag@129.07 loss@275.05 loss@185.01 loss@225.13 frag@132.08 loss@188.1 loss@286.1,0.3024975061 0.01730235666 0.01169703063 0.00813629292 0.006164642982 0.006138855591 0.005649324972 0.005267789122 0.005081530195 0.004998651333 0.004922161344 0.003801832674 0.003773971926 0.003725629067 0.003707724391 0.003564872546 0.003530880203 0.003400408896 0.003361845855 0.003075767308
780,frag@148.04 frag@143.08 frag@187.98 loss@234.07 loss@132.06 loss@120.06 loss@62.0 loss@250.08 loss@256.11 loss@309.15 loss@215.06 loss@212.09 loss@220.09 loss@298.11 loss@278.08 loss@46.02 frag@193.1 loss@299.03 loss@203.09 loss@253.06,0.3310599625 0.03232987598 0.002172370208 0.002145477571 0.00191234157 0.001852942281 0.001772819203 0.001679277513 0.001644036383 0.001587449806 0.001527574263 0.001427422045 0.001411539502 0.001368000172 0.001366251148 0.001353102736 0.001346727484 0.001317862072 0.001302069402 0.00126995868
781,frag@209.08 frag@168.06 loss@313.11 loss@196.04 loss@186.99 frag@186.07 loss@157.06 loss@238.07 loss@129.11 loss@329.12 loss@160.07 loss@213.13 loss@193.08 loss@329.09 frag@217.1 loss@113.08 loss@271.1 loss@179.11 loss@294.06 loss@93.06,0.153745234 0.1368134916 0.005562791135 0.005292022135 0.005082665011 0.004352526739 0.003916927613 0.003851697315 0.003845908912 0.003677858971 0.003632972715 0.003596145893 0.003467213362 0.003407414537 0.003181198379 0.002947526285 0.002878139261 0.002841859823 0.002615105594 0.002552700229
782,frag@161.08 loss@177.12 loss@204.11 frag@134.07 frag@120.06 frag@147.07 frag@132.06 frag@146.07 loss@163.1 frag@133.06 loss@228.13 frag@332.06 frag@159.06 loss@215.12 frag@329.08 loss@232.12 loss@189.08 frag@191.13 loss@135.06 frag@133.08,0.2637705505 0.2623509765 0.03571014479 0.02189214528 0.01577551104 0.01440666523 0.01225031912 0.01093717664 0.01017555688 0.007416728884 0.006099423859 0.0059383763 0.005753569305 0.005123930052 0.004847514443 0.004647206981 0.004436125979 0.003913872875 0.003573479364 0.003391243983
783,loss@218.13 frag@220.13 frag@176.11 frag@203.08 frag@202.1 loss@167.11 frag@164.07 frag@236.15 frag@218.15 frag@190.09 frag@186.07 frag@198.08 frag@142.97 frag@162.08 frag@213.1 frag@237.04 frag@144.07 frag@150.13 loss@215.12 frag@76.04,0.2145444453 0.008812548593 0.005402434617 0.00438949978 0.003846731735 0.003676221939 0.003555785166 0.003444925882 0.003206308698 0.00317362207 0.002538071945 0.002535216976 0.002528741956 0.002512556966 0.002454968868 0.002399643417 0.002345136367 0.002186452504 0.002114962786 0.002114850329
784,frag@135.03 frag@163.02 frag@134.02 frag@147.03 frag@171.01 frag@151.02 frag@84.99 frag@161.01 frag@236.11 frag@332.06 loss@219.07 frag@336.08 loss@235.03 loss@211.07 frag@254.12 frag@123.03 loss@237.08 frag@300.17 loss@320.1 loss@181.06,0.1291259676 0.03421895951 0.008810616098 0.003500430379 0.003457467305 0.003201751038 0.002965421416 0.002743476769 0.00248683989 0.002129639965 0.002117160708 0.002095805481 0.002054153709 0.002024893183 0.001952456892 0.001886378741 0.001875170972 0.001816145843 0.001786854467 0.001747380826
785,frag@168.09 loss@275.12 loss@281.15 frag@154.08 frag@156.14 loss@264.12 frag@155.09 frag@138.99 frag@318.18 frag@163.06 frag@203.07 loss@252.16 frag@176.11 loss@226.1 loss@234.14 loss@268.17 loss@288.11 frag@138.06 frag@236.11 frag@85.08,0.1702403873 0.1177296788 0.05605874583 0.02038239315 0.007951029576 0.006056148559 0.004549876787 0.003945804201 0.003750787582 0.0037328545 0.003547362983 0.003152316669 0.002830751939 0.002740884665 0.002563324757 0.002555659041 0.002527270233 0.00247470662 0.002447430743 0.002354861237
786,loss@197.1 frag@130.97 frag@198.1 frag@151.05 frag@123.02 frag@219.1 frag@130.03 frag@171.08 frag@134.99 frag@302.22 frag@161.99 frag@169.01 frag@298.07 loss@228.15 frag@299.07 frag@340.13 frag@235.97 frag@172.96 loss@345.15 frag@147.07,0.3021622598 0.1482715011 0.006075998303 0.004972847644 0.003829617985 0.00376725872 0.003570187138 0.003528263653 0.002805134282 0.00279822736 0.0027557055 0.002322346671 0.002086932305 0.001896243775 0.001862302306 0.001860353281 0.001814199961 0.001812033588 0.001806192915 0.001722173998
787,frag@109.04 frag@127.05 loss@192.07 loss@214.08 loss@194.05 loss@136.03 loss@216.07 loss@151.08 loss@165.1 loss@175.04 loss@337.15 loss@281.12 frag@111.06 loss@207.08 loss@301.1 loss@202.97 frag@97.04 loss@302.07 loss@301.05 loss@206.05,0.3282954693 0.06723512709 0.04477842525 0.02548702992 0.021532204 0.02136761323 0.01837489009 0.01730887406 0.01575105824 0.01391778141 0.013901731 0.01377396099 0.01302136388 0.01182063669 0.009883718565 0.009612519294 0.007261088584 0.006667064037 0.006287886295 0.006186872255
788,loss@212.97 frag@209.14 loss@218.96 loss@77.04 loss@246.04 loss@233.93 frag@144.02 loss@298.04 frag@311.99 frag@228.03 frag@93.06 frag@151.07 frag@172.93 frag@69.01 loss@275.2 loss@314.06 loss@145.03 frag@236.11 frag@42.03 loss@158.07,0.05313956738 0.04147306457 0.03411791846 0.03110782616 0.03058212996 0.02470847033 0.01330916211 0.009727776051 0.008102648892 0.007429154124 0.007375861984 0.005990988575 0.005207618233 0.005019655451 0.004278970417 0.003266797634 0.002999898279 0.002961860737 0.002944632666 0.002767346567
789,frag@195.09 loss@136.09 frag@233.11 frag@194.08 loss@215.12 loss@137.08 loss@122.0 loss@173.12 loss@179.0 frag@204.07 frag@167.03 frag@143.05 frag@176.11 frag@172.05 frag@208.11 frag@177.05 loss@330.02 frag@155.94 loss@146.07 loss@204.11,0.216761142 0.1725293696 0.004901309032 0.003114697756 0.002658056794 0.002481266623 0.002425045939 0.002407947322 0.00230324734 0.002156235743 0.001873819041 0.001832525595 0.001757656457 0.001739253988 0.001728156232 0.00168244692 0.00166691374 0.001666384283 0.001654287917 0.001598473173
790,loss@60.02 loss@74.04 loss@61.03 loss@72.02 loss@59.01 loss@86.04 frag@204.01 frag@78.01 loss@103.04 frag@342.1 frag@156.07 frag@56.98 loss@73.03 loss@56.03 loss@62.04 loss@87.01 frag@204.06 loss@46.01 frag@220.04 frag@431.16,0.0474277772 0.04143254459 0.02458226867 0.02293623611 0.01618210413 0.0151071474 0.01501689572 0.01449864265 0.01088121906 0.01085818373 0.01042596251 0.01007615682 0.01006978936 0.00929922238 0.009293052368 0.009135602973 0.006879125256 0.006724521052 0.006685410161 0.006659342442
791,frag@233.11 frag@233.14 frag@195.09 frag@71.03 loss@196.04 frag@204.11 frag@169.11 loss@183.01 frag@166.0 loss@95.04 loss@180.11 loss@161.07 frag@212.08 loss@78.96 loss@143.08 loss@204.11 frag@290.13 loss@120.09 loss@153.12 frag@144.07,0.1585612744 0.05211856589 0.003395714099 0.002794714645 0.002794616856 0.002271147678 0.002195363864 0.002108933171 0.001978200395 0.001885041478 0.001743154833 0.001731719123 0.001552212052 0.001534105977 0.001518160803 0.001425764873 0.001396736363 0.00138116593 0.00135018595 0.001342369593
792,frag@192.06 loss@191.05 frag@164.04 frag@163.03 loss@150.01 frag@204.02 loss@203.02 frag@136.02 loss@137.05 loss@204.04 frag@110.01 loss@164.04 loss@157.03 loss@172.03 loss@143.03 loss@149.05 loss@136.01 frag@143.04 loss@149.01 frag@178.04,0.1680973768 0.1332616955 0.1283183545 0.02611013316 0.02523784712 0.01139898598 0.004503162112 0.00421757903 0.004104461055 0.00402210746 0.003900935175 0.003607349005 0.003334954847 0.002792227548 0.002785082906 0.002516282955 0.002481766744 0.002398838289 0.00231430144 0.002293124795
793,loss@115.06 frag@228.05 frag@315.02 loss@142.07 loss@143.06 frag@147.01 frag@269.02 frag@195.08 frag@175.07 frag@145.02 frag@307.19 frag@156.99 frag@88.08 frag@198.16 frag@83.99 loss@131.09 loss@89.05 loss@154.07 frag@288.08 loss@359.13,0.2563449442 0.02691811323 0.02308767289 0.01317283046 0.01309057698 0.01239160448 0.008199106902 0.007744597737 0.006247771438 0.005948009901 0.005526259542 0.005430603866 0.005261724815 0.004773392808 0.004312592559 0.004306938499 0.004223318771 0.004057739396 0.003896897892 0.003888220526
794,frag@172.04 loss@134.02 frag@190.05 frag@144.04 frag@116.05 loss@197.03 frag@314.13 loss@111.14 loss@70.01 loss@74.01 loss@214.07 loss@257.02 loss@213.07 frag@200.06 frag@89.04 frag@149.03 loss@140.04 loss@202.06 loss@234.07 loss@91.03,0.1914899498 0.05093130842 0.03912141919 0.01671529934 0.01567069814 0.007606062572 0.004499752074 0.004049975891 0.00315583474 0.003024643054 0.002908188617 0.002736875787 0.002590647666 0.002558048116 0.002441505902 0.002418482676 0.002406851389 0.002362310886 0.002361752326 0.002334434073
795,loss@215.1 frag@204.04 frag@182.05 loss@217.98 frag@252.06 frag@128.97 frag@121.03 loss@419.12 loss@197.21 loss@176.0 loss@391.12 frag@91.04 frag@163.08 frag@65.01 frag@111.04 loss@211.14 frag@151.01 frag@123.01 frag@106.08 frag@180.04,0.1336942315 0.1177138612 0.04435005039 0.0327119194 0.01466589887 0.01456798706 0.0117726773 0.01154151279 0.01079107821 0.009268309921 0.008312945254 0.007910109125 0.005299645476 0.00522753736 0.005146813579 0.004990957212 0.004685596563 0.004408830311 0.003916152287 0.003608744824
796,loss@181.12 frag@207.11 loss@285.12 frag@173.06 frag@169.13 frag@152.05 frag@138.05 frag@164.07 frag@261.17 frag@138.1 frag@150.07 frag@84.09 frag@327.08 frag@108.08 loss@260.08 frag@235.97 frag@218.98 frag@179.13 frag@114.0 loss@204.14,0.2677909732 0.07329372317 0.02965704165 0.008640366606 0.006491695996 0.0063942126 0.006254808977 0.00526810484 0.004500064533 0.003849765984 0.003789904062 0.003708337201 0.003557978896 0.003392108483 0.003240018617 0.003126799129 0.003046119818 0.003007276682 0.002956593409 0.002929330105
797,frag@71.09 loss@143.13 loss@244.09 loss@242.13 loss@268.14 loss@273.15 loss@288.1 frag@184.11 frag@246.15 frag@156.14 loss@337.18 frag@221.15 frag@150.13 loss@299.16 frag@95.07 frag@218.15 loss@285.17 frag@276.08 frag@203.1 frag@230.13,0.08902128786 0.06752792746 0.05312559754 0.03597963974 0.03147947788 0.02577941865 0.02347750589 0.02277774923 0.01518610027 0.008968509734 0.00740398746 0.006416576449 0.00611984916 0.005342405755 0.005099567585 0.004641622305 0.004475234542 0.00400709128 0.003951465245 0.003555356292
798,frag@122.04 frag@155.07 loss@163.04 frag@150.03 frag@165.05 loss@299.05 loss@160.96 loss@301.07 loss@165.06 frag@325.06 loss@196.07 loss@192.08 loss@263.07 frag@152.05 loss@238.12 loss@236.1 frag@110.04 frag@135.05 loss@297.05 loss@180.04,0.186941728 0.1112402231 0.03182500601 0.02506250329 0.02146953158 0.005426897667 0.005323840771 0.004258806352 0.003665018361 0.003360608825 0.002789059421 0.00275060744 0.002704775659 0.002704157261 0.002703332575 0.002635579091 0.002371041104 0.002359362552 0.002262301045 0.002245462034
799,loss@185.06 frag@185.05 frag@257.14 frag@261.03 frag@185.03 frag@73.01 frag@245.07 loss@297.1 frag@228.07 frag@247.97 frag@271.07 loss@337.08 loss@159.07 loss@107.02 frag@138.02 frag@69.01 frag@391.17 loss@344.05 frag@212.11 frag@152.03,0.165109843 0.1251650155 0.01977157034 0.01886379533 0.01449590269 0.01001450419 0.009991194122 0.008866450749 0.00870662462 0.008144758642 0.006655518897 0.003709174693 0.003491672454 0.003035099013 0.00287877582 0.002688565059 0.002658351324 0.002637895523 0.002603493398 0.002572300378
800,loss@170.11 frag@114.0 frag@84.09 frag@112.08 frag@84.08 loss@184.12 frag@355.2 frag@73.06 frag@85.04 loss@250.1 frag@246.08 frag@233.13 frag@113.02 frag@230.02 frag@239.21 frag@275.19 frag@44.01 frag@126.08 loss@107.11 frag@155.98,0.2941105068 0.06576108187 0.006642913446 0.005546346307 0.0047043222 0.004253707826 0.003665445838 0.003561311867 0.003499748418 0.003248017281 0.003221250139 0.003025935963 0.002844712464 0.002489344683 0.002486051759 0.002471314277 0.002439233242 0.002300240332 0.002219330054 0.0022115428
801,loss@32.03 frag@252.07 frag@234.07 frag@202.08 frag@275.09 frag@302.11 loss@63.97 frag@271.12 frag@255.17 frag@331.08 loss@87.04 frag@226.14 frag@156.01 frag@270.09 frag@320.02 frag@282.01 frag@343.11 frag@258.17 frag@377.1 frag@331.1,0.2404062897 0.06386014819 0.03602700308 0.03010315076 0.0290700458 0.02606105246 0.01763877459 0.01697951555 0.01370061096 0.01137426961 0.01062608883 0.01058461331 0.009237181395 0.008661583997 0.007837033831 0.006522511598 0.006434471346 0.005907255691 0.005230567418 0.004890197888
802,frag@100.08 frag@128.11 loss@242.05 loss@246.06 loss@210.99 loss@384.19 frag@86.06 loss@274.06 frag@100.09 loss@347.08 loss@358.06 frag@127.09 loss@350.16 loss@249.12 loss@206.13 loss@263.15 loss@200.15 loss@231.15 loss@241.04 frag@99.05,0.2392473817 0.08847393095 0.03314372152 0.03164846823 0.01705783419 0.01405574754 0.008041346446 0.005526369438 0.005481759086 0.004761348944 0.004595160484 0.004571819212 0.004527844954 0.004258149303 0.004214511253 0.003886868712 0.003251363989 0.003123332513 0.003071283223 0.002962043509
803,frag@88.08 loss@262.08 loss@133.11 frag@226.12 loss@348.13 loss@274.06 frag@191.15 loss@284.13 loss@246.94 loss@273.15 loss@379.13 loss@250.1 loss@263.12 frag@227.12 loss@35.04 loss@308.09 frag@159.1 frag@243.11 loss@289.14 loss@159.13,0.3095903099 0.08641676605 0.0441025272 0.02145860344 0.009231044911 0.007263642736 0.003649714636 0.003647427075 0.003486206057 0.003296650015 0.003155400744 0.003018821124 0.00299512432 0.002783169504 0.002623056294 0.002617512364 0.002494695829 0.002440538956 0.002415306866 0.002356004901
804,frag@164.03 loss@177.04 loss@184.04 frag@173.08 frag@178.04 frag@190.04 loss@247.98 loss@149.05 loss@191.05 loss@178.09 loss@128.99 loss@317.14 frag@171.07 loss@129.99 loss@139.1 loss@184.02 loss@169.03 frag@136.02 frag@175.05 frag@176.03,0.1701832712 0.1261048913 0.1039720103 0.08104604483 0.07299018651 0.01041151676 0.00960916467 0.008299354464 0.006978553254 0.005843901075 0.004489554558 0.004457331728 0.004409272224 0.004339839797 0.004125603009 0.003917233553 0.003669878701 0.003531148657 0.003501601284 0.003487298032
805,loss@181.03 loss@313.19 loss@49.99 frag@299.07 frag@381.17 frag@193.1 frag@153.01 frag@134.02 frag@242.13 frag@107.01 frag@298.07 frag@299.03 frag@222.95 frag@143.03 frag@151.03 frag@305.03 frag@265.11 frag@147.07 frag@219.12 frag@120.07,0.2680627704 0.02570710145 0.01438382082 0.008603809401 0.00765850069 0.006700302009 0.004875203129 0.00441366341 0.004303156398 0.003984356765 0.00396674173 0.00372814876 0.003411159385 0.003293250222 0.003272777423 0.003011717461 0.002742280951 0.002662499202 0.002544056391 0.002517359797
806,frag@149.05 loss@162.09 frag@188.06 loss@148.07 loss@158.1 frag@282.14 loss@180.95 loss@133.07 frag@202.07 loss@190.12 loss@211.97 frag@384.11 loss@293.19 loss@145.09 frag@241.1 loss@138.1 frag@191.13 loss@115.07 frag@56.96 frag@328.08,0.2256974876 0.1647758186 0.06873852015 0.01463229675 0.008719799109 0.006710109767 0.005142665934 0.00409579929 0.00368872215 0.003500516294 0.003363097087 0.003320868127 0.003244667314 0.00319018634 0.003125985153 0.003032368142 0.002932190662 0.00278215576 0.002749609295 0.002655405086
807,loss@88.05 loss@97.09 loss@89.05 loss@91.06 frag@43.05 loss@105.08 frag@41.04 frag@80.02 frag@154.16 loss@63.03 loss@141.15 frag@213.0 frag@64.0 frag@65.0 frag@248.12 loss@124.1 frag@59.05 loss@79.1 frag@245.1 frag@69.07,0.06659206003 0.06634996831 0.05893116072 0.05695398897 0.04592117667 0.0348903276 0.03288565576 0.02020351589 0.01796442643 0.01794719324 0.01582217589 0.01431353297 0.01382698771 0.01301247533 0.01185459457 0.01044643484 0.009554975666 0.007765138056 0.007469978184 0.007291802205
808,frag@105.03 loss@292.13 frag@95.05 loss@310.97 frag@77.04 loss@328.14 loss@340.18 loss@280.16 loss@276.04 loss@291.16 loss@227.09 loss@447.18 loss@480.16 loss@268.15 loss@243.15 loss@448.16 loss@280.18 loss@344.08 loss@194.04 loss@236.94,0.3406462967 0.04242755473 0.03970171511 0.02535241283 0.02516358159 0.02288541757 0.02071602829 0.02054883912 0.01778214611 0.01484647579 0.01472846698 0.01437583007 0.01413706318 0.01192017552 0.01076732855 0.009233829565 0.0090729082 0.008832045831 0.008375549689 0.008155231364
809,loss@244.07 loss@309.18 loss@330.09 frag@200.02 frag@314.13 frag@240.03 frag@210.13 frag@159.04 frag@231.13 loss@279.05 frag@309.09 frag@180.05 loss@276.1 frag@182.09 frag@355.2 frag@85.04 frag@179.09 frag@269.04 frag@123.04 frag@365.14,0.1540185064 0.02747013606 0.02666398697 0.02211796679 0.0143389022 0.01170350611 0.006634497549 0.005903135054 0.00578108849 0.005051372573 0.005013108719 0.004406386986 0.004208646249 0.004146990366 0.003890598426 0.003074558452 0.003061486874 0.00305792829 0.002918984042 0.002866298426
810,frag@84.96 frag@102.97 loss@125.05 frag@384.2 loss@113.13 loss@111.14 loss@193.99 loss@189.02 loss@319.98 loss@158.07 loss@267.99 frag@198.94 frag@159.02 loss@289.13 loss@244.13 loss@168.08 frag@162.06 loss@191.01 loss@348.08 loss@213.99,0.2793021202 0.0213970542 0.01047511771 0.006441131234 0.005789117888 0.004774595145 0.00434518978 0.004322004039 0.004296299536 0.004101043567 0.003899619216 0.003840087447 0.003788268659 0.003748589195 0.003688270226 0.003592796857 0.00356955966 0.003563046688 0.003482467728 0.003427092452
811,loss@143.06 loss@157.04 frag@55.02 frag@164.09 frag@136.07 frag@173.04 frag@67.04 frag@150.06 frag@134.05 frag@318.03 frag@137.03 frag@54.03 frag@129.09 loss@141.04 frag@154.02 frag@358.13 frag@126.07 frag@156.01 frag@224.04 loss@129.04,0.2502137423 0.02010835335 0.01705151983 0.006996942218 0.006920178887 0.006204152014 0.006093641277 0.005693773273 0.005120033864 0.004854640458 0.004727773834 0.004681058694 0.004466976505 0.004419502802 0.004231872503 0.003993139602 0.003701998154 0.003673658706 0.003662359901 0.003637856571
812,frag@55.03 frag@98.03 frag@70.04 loss@244.04 loss@113.01 frag@54.03 loss@258.08 loss@58.01 loss@244.05 loss@149.01 loss@206.05 frag@68.01 loss@229.05 frag@150.06 loss@167.03 loss@210.06 loss@179.02 loss@180.99 loss@208.06 loss@112.02,0.174094364 0.07482408732 0.01048970036 0.007058891933 0.005658577662 0.00365108368 0.003576115938 0.002839691937 0.002702874132 0.002622535219 0.00253480766 0.002504767152 0.002280106535 0.002097981982 0.002066985704 0.002020568121 0.00189917488 0.001890199026 0.001852031099 0.001844923478
813,loss@168.13 loss@254.11 frag@232.13 loss@260.15 loss@245.14 frag@203.1 frag@84.06 frag@108.08 frag@99.07 frag@150.13 frag@127.12 frag@164.07 frag@114.05 frag@114.0 frag@67.06 frag@191.15 loss@199.12 frag@112.09 frag@116.07 frag@142.12,0.1006813273 0.08044603467 0.06263472885 0.0582707189 0.05728634447 0.01600076072 0.009148762561 0.00699418271 0.006386831868 0.006322005298 0.005926936865 0.005118846893 0.00508373417 0.004782362375 0.004479921889 0.004320108797 0.003960564733 0.00394208869 0.003931377549 0.003891965374
814,frag@97.01 loss@228.1 loss@141.02 loss@245.07 loss@209.09 loss@169.02 loss@124.0 loss@257.04 loss@229.08 loss@260.14 loss@221.09 loss@312.02 loss@181.06 frag@111.03 frag@151.06 loss@140.03 loss@217.06 frag@99.03 loss@264.08 loss@113.03,0.3774543405 0.04318472743 0.02727585286 0.02395918407 0.02346274629 0.01753673889 0.01657729782 0.01151205692 0.01130601764 0.009606050327 0.008531706408 0.007803395391 0.006461068988 0.006256329361 0.006096624769 0.005331018008 0.003824608633 0.003753094235 0.003686802927 0.003580286168
815,frag@56.05 frag@42.03 loss@127.04 loss@266.11 loss@238.06 loss@216.02 loss@261.06 loss@223.04 loss@259.0 loss@295.07 loss@225.07 loss@167.06 frag@84.04 loss@240.06 loss@209.13 loss@102.03 loss@154.07 loss@224.06 frag@68.05 loss@321.1,0.3152763844 0.1039752439 0.07045728713 0.04127955064 0.02777087688 0.02737850323 0.02567636967 0.02010876313 0.01618316956 0.009594812989 0.008492114954 0.006687039044 0.006508860271 0.006426987704 0.005870961584 0.005584801082 0.005449329503 0.005342483055 0.005228949245 0.004785263445
816,frag@167.04 loss@55.01 frag@81.02 frag@90.03 frag@75.02 frag@63.02 frag@107.03 frag@65.99 frag@108.49 loss@29.0 loss@83.0 frag@348.09 loss@82.02 loss@48.0 loss@81.02 frag@80.04 loss@93.02 loss@123.05 loss@66.01 frag@116.04,0.02773820423 0.01754062623 0.01560717542 0.01298884861 0.01165848505 0.01063254755 0.008905362338 0.008481032215 0.00829930231 0.007663480937 0.007536751218 0.006875771098 0.00680202106 0.005768111907 0.005547106732 0.005416778382 0.004813213367 0.004790220875 0.004721950274 0.004478918388
817,loss@125.05 frag@53.04 frag@84.96 frag@69.04 frag@158.03 frag@53.0 frag@144.1 frag@114.0 frag@54.03 frag@152.05 frag@261.97 frag@66.03 frag@272.14 frag@122.04 frag@124.04 frag@173.08 frag@194.08 frag@164.03 frag@78.03 frag@83.02,0.3406659365 0.02725043893 0.01173822675 0.01094299369 0.01025650837 0.009184555151 0.00656668609 0.006240936462 0.005821271334 0.004755985923 0.004457019269 0.00429578824 0.003800128819 0.003699547844 0.003663811367 0.003647148144 0.00354084 0.003538866527 0.003494128585 0.003443227615
818,loss@111.03 frag@151.01 loss@70.01 loss@143.05 frag@228.03 frag@325.06 frag@114.03 loss@100.01 frag@156.01 frag@79.02 frag@77.0 frag@348.09 frag@174.06 frag@62.99 frag@204.01 frag@63.02 loss@139.03 frag@129.09 frag@68.01 frag@53.0,0.1998117268 0.1829323918 0.07295957208 0.05675278604 0.02281648107 0.01980032586 0.0104464246 0.01008438598 0.009261920117 0.008280617185 0.007617034949 0.006554897409 0.005552690942 0.005478995387 0.005032749847 0.004621829372 0.004231135827 0.004196468741 0.004072901793 0.004043004476
819,frag@213.96 frag@106.04 loss@210.01 loss@325.16 frag@448.16 frag@234.98 frag@93.03 frag@315.13 frag@233.13 frag@208.13 loss@190.96 frag@140.05 frag@90.05 frag@168.96 loss@185.07 loss@236.03 loss@298.04 frag@182.03 frag@197.0 loss@140.13,0.1083259061 0.08722204715 0.0841139704 0.0238248799 0.0101564005 0.00602980284 0.00367918401 0.002871793928 0.00267796265 0.002616958227 0.002401387086 0.002297993517 0.001918536378 0.001722386805 0.001645696349 0.001571756322 0.001563228783 0.001468990929 0.001411465812 0.001408170909
820,frag@142.02 loss@169.04 loss@163.14 loss@131.1 frag@147.09 loss@233.04 frag@114.0 loss@202.0 frag@74.93 frag@166.1 frag@83.02 frag@165.1 frag@190.02 frag@133.08 frag@177.1 loss@183.04 loss@80.21 frag@319.12 loss@164.03 frag@172.95,0.1676146835 0.1045033857 0.0522938408 0.04041186348 0.006791392341 0.006464432925 0.005182365887 0.004447032697 0.004218096379 0.003833459225 0.0036081078 0.002826742362 0.002753762063 0.00264531537 0.002642846433 0.002612278098 0.002585521666 0.002524610842 0.002435016679 0.002042441862
821,loss@155.09 frag@72.04 frag@260.14 frag@155.12 frag@83.09 loss@153.12 frag@110.1 frag@112.08 frag@55.05 frag@69.07 frag@194.13 frag@86.06 frag@96.08 frag@45.03 frag@44.01 frag@84.08 frag@246.08 frag@124.08 frag@124.11 frag@230.02,0.3443078399 0.01071656216 0.009948302992 0.009592742659 0.009453883395 0.007125346921 0.006969699636 0.006535281427 0.005795833189 0.005650986452 0.005476256832 0.004802569281 0.004784648772 0.004485562909 0.004353579134 0.004156023264 0.004101342522 0.003840663005 0.003653514665 0.003436131869
822,frag@136.05 loss@192.15 loss@342.09 loss@283.12 loss@159.13 frag@108.06 loss@226.13 loss@226.14 loss@243.01 loss@193.11 loss@254.17 loss@246.11 frag@155.94 loss@333.14 frag@110.07 loss@242.13 loss@198.11 frag@463.24 frag@162.07 frag@233.13,0.3470879495 0.01467637438 0.0121026421 0.004061223473 0.003984544892 0.003300850978 0.002786651021 0.002582566347 0.002536708722 0.002419390483 0.002234645654 0.002157087671 0.001835479517 0.001806475106 0.001751052798 0.001737537794 0.001686597127 0.001626589918 0.001613990287 0.001601473545
823,frag@165.09 loss@290.2 frag@274.18 loss@302.02 frag@192.1 loss@305.22 frag@127.01 loss@255.11 loss@302.14 loss@289.08 loss@276.13 loss@320.21 frag@177.09 loss@386.17 loss@370.11 frag@341.17 loss@143.02 loss@265.12 loss@242.09 loss@294.15,0.3198654354 0.02619849704 0.02155414224 0.01971596852 0.01117254794 0.008939153515 0.00615270948 0.00532837538 0.004293413367 0.003675453831 0.003297762712 0.002767783124 0.002319626743 0.002316934522 0.002296099439 0.002179184463 0.00214272528 0.002111456823 0.001931009116 0.001926350989
824,loss@195.14 loss@173.02 frag@182.01 frag@86.06 loss@259.07 frag@68.05 loss@223.13 frag@341.2 frag@151.99 frag@126.08 frag@166.09 frag@182.15 frag@83.07 frag@140.11 frag@120.07 frag@263.15 frag@121.07 frag@99.06 frag@144.14 frag@131.08,0.2098292708 0.02410355955 0.02055918425 0.009739067405 0.008723351173 0.007201805711 0.005923664663 0.005020426121 0.005002711434 0.004403116647 0.004061082844 0.004031527787 0.003988288809 0.003577420022 0.003405732103 0.003241628408 0.003199116094 0.003131981473 0.002974926727 0.002859029453
825,frag@241.1 frag@223.12 loss@208.06 loss@218.13 loss@193.13 loss@250.11 loss@159.08 frag@164.07 frag@119.02 frag@209.11 loss@195.12 loss@104.07 frag@208.1 loss@152.11 loss@160.03 loss@130.09 loss@333.07 loss@205.06 frag@237.07 loss@167.11,0.1518997699 0.1453723758 0.004935699515 0.003983840346 0.003445980838 0.003204055829 0.002818818903 0.002807140583 0.002648961497 0.002620178508 0.002362122759 0.002087047556 0.002070447197 0.002025044989 0.001843106234 0.001786783105 0.001778911101 0.001715178369 0.001560874982 0.001555192866
826,loss@163.06 frag@448.16 loss@136.08 loss@135.07 frag@175.06 loss@120.06 frag@159.07 loss@122.0 frag@204.07 frag@183.09 frag@225.02 frag@256.05 frag@160.04 frag@140.05 frag@254.09 frag@145.04 frag@230.12 frag@136.03 frag@190.09 frag@195.09,0.3081875741 0.03385577351 0.009826369584 0.00959488377 0.009345578961 0.009338589385 0.008823992684 0.007856046781 0.00716407178 0.004583091475 0.004173984751 0.004095304757 0.004048542585 0.003869240871 0.003528762143 0.003468219191 0.003333697328 0.003291929839 0.002999410732 0.00285711186
827,loss@205.09 frag@345.19 frag@208.07 loss@233.08 frag@147.06 frag@174.07 frag@139.06 frag@308.14 frag@135.09 frag@211.01 frag@147.05 frag@163.09 frag@99.07 frag@229.13 frag@133.08 frag@89.07 frag@253.1 frag@281.14 frag@231.12 frag@120.04,0.2552197278 0.02207155153 0.01418822166 0.009871629067 0.008306156844 0.007796861231 0.007419439498 0.005934925284 0.00542204408 0.005246266723 0.004933539778 0.004582949914 0.004352174699 0.004348977935 0.004181892611 0.003819088917 0.003800776554 0.00371475704 0.003709565848 0.003689231817
828,loss@249.07 loss@259.11 frag@198.15 frag@165.02 frag@99.06 frag@326.18 frag@138.1 frag@98.11 frag@84.07 frag@196.02 loss@221.08 frag@175.12 loss@256.11 frag@55.03 frag@201.14 frag@144.14 frag@303.18 frag@245.09 frag@222.95 frag@168.96,0.2065491825 0.01724973321 0.008071318269 0.006998697296 0.004917890765 0.004681991413 0.004388912581 0.004373760428 0.004358877894 0.003888875479 0.00363455317 0.002889218507 0.002782626543 0.002662820276 0.002631410956 0.002313735662 0.002291072393 0.002136136871 0.00211775396 0.002092517214
829,frag@140.05 frag@185.09 loss@160.06 frag@152.05 loss@161.02 loss@344.05 loss@320.1 loss@313.13 loss@210.15 loss@267.02 loss@287.97 loss@281.05 frag@150.04 loss@167.06 loss@216.05 loss@170.08 loss@165.0 loss@154.04 loss@314.05 loss@207.04,0.2866076827 0.002525070449 0.0022980012 0.002264619106 0.001979816705 0.001928737503 0.001902039396 0.001357203466 0.001353341155 0.00133895129 0.001330831554 0.001224701991 0.001206824905 0.001199779334 0.001130503835 0.001122908783 0.00111897802 0.001105403644 0.001075411798 0.001073234482
830,frag@140.03 loss@181.12 loss@225.07 frag@152.03 loss@230.04 loss@107.02 frag@138.01 loss@205.08 loss@259.09 loss@216.02 loss@200.02 frag@124.04 loss@330.06 loss@129.04 loss@281.07 loss@114.03 loss@200.03 loss@157.03 loss@181.15 loss@160.03,0.309843123 0.007524475455 0.006132293958 0.006104519591 0.005747260526 0.004770527594 0.004612817895 0.004023543559 0.003945196979 0.003721650923 0.003328372492 0.003235098207 0.003213288262 0.003152249847 0.003151331563 0.002767750062 0.002526698634 0.002292112214 0.002129358007 0.00210469286
831,loss@123.07 frag@185.04 frag@233.07 loss@315.13 loss@151.06 loss@146.03 frag@174.95 frag@150.04 frag@251.05 loss@189.16 frag@209.02 loss@330.07 loss@143.03 frag@125.03 frag@172.03 loss@61.07 frag@185.05 frag@278.13 loss@88.1 frag@193.13,0.1748234779 0.1050839275 0.09306103736 0.03526713327 0.03027859144 0.02884178981 0.006762558129 0.006014534272 0.005427394062 0.00539857056 0.004727645312 0.004647518508 0.004121404141 0.003882027697 0.003742463887 0.00341815548 0.003096117172 0.003092705971 0.002819654299 0.002801763592
832,loss@154.06 loss@196.11 frag@191.13 frag@163.99 frag@173.02 frag@157.03 frag@186.99 frag@267.09 frag@233.11 frag@182.03 frag@160.11 frag@310.12 frag@169.0 frag@144.1 frag@445.2 frag@226.05 frag@184.1 frag@111.03 frag@161.99 frag@248.15,0.1901499778 0.1377786845 0.01096583903 0.008963262662 0.007613336202 0.004529295024 0.003755432786 0.00354706333 0.003371344414 0.002902076114 0.002808234654 0.002754619578 0.002746967366 0.002643555868 0.002336634789 0.002261809772 0.00218357821 0.00208582799 0.00206606579 0.001973333536
833,loss@132.07 frag@207.13 loss@272.04 frag@273.04 loss@343.98 frag@230.08 frag@312.12 frag@268.09 frag@286.12 frag@150.09 frag@143.06 frag@189.08 frag@189.07 loss@248.11 loss@122.05 frag@172.96 frag@132.07 frag@171.06 frag@143.12 frag@244.11,0.2495324016 0.03470102325 0.01774449088 0.007270602044 0.007246223744 0.004753563553 0.003979412373 0.00389289204 0.003723652335 0.003622536082 0.00334626832 0.003337032627 0.003123500384 0.003093738109 0.003088725032 0.003077997128 0.002960744314 0.002844628878 0.00272744731 0.002677188022
834,loss@156.09 frag@255.1 frag@237.04 frag@209.14 loss@79.08 frag@227.11 frag@381.17 frag@155.0 frag@197.06 frag@142.95 frag@195.09 frag@201.02 frag@120.02 frag@110.02 frag@154.06 frag@74.01 frag@304.16 frag@321.17 frag@188.03 frag@169.98,0.2744643986 0.1010000184 0.03867973387 0.01191027649 0.01177531574 0.01124048047 0.005330822431 0.005118607543 0.004187314305 0.003266790882 0.003048193175 0.002998152049 0.002622461878 0.002514759311 0.002481429139 0.002369343536 0.002335379366 0.002325092442 0.002272990299 0.002135530114
835,frag@323.08 frag@128.98 frag@419.1 loss@191.0 frag@280.14 loss@381.12 loss@217.13 frag@147.0 loss@292.07 frag@174.98 loss@275.07 loss@195.14 loss@340.08 loss@255.08 frag@274.01 frag@47.23 frag@272.04 loss@202.14 frag@273.09 frag@143.03,0.07171969861 0.02204297483 0.01022278145 0.009687826037 0.009455590509 0.006564210635 0.005917442963 0.004777295049 0.003425886389 0.003329984145 0.003298166906 0.00293173315 0.00290817651 0.002861823887 0.002657094505 0.002436152194 0.002435890958 0.002368184039 0.002340613864 0.002334330929
836,loss@179.03 loss@138.03 loss@218.04 frag@114.04 frag@274.01 frag@222.09 frag@233.09 frag@68.01 frag@79.02 frag@173.95 frag@246.08 frag@144.06 frag@170.02 frag@235.09 frag@57.99 frag@202.04 frag@279.12 frag@167.99 frag@369.13 loss@216.01,0.1470449865 0.1343195289 0.02464470081 0.01090134121 0.01061817165 0.006493525114 0.005587195046 0.005170715041 0.004732807633 0.00446240278 0.004222613759 0.004158535972 0.00357751688 0.003514679382 0.003409096971 0.00334766251 0.003286535153 0.003229760332 0.003212324576 0.003209532937
837,frag@176.05 loss@172.08 loss@196.06 frag@176.13 frag@158.07 frag@142.02 frag@160.05 loss@211.14 loss@158.08 frag@132.06 frag@136.07 frag@171.01 loss@220.05 frag@172.09 loss@231.09 frag@293.1 frag@72.94 frag@187.12 frag@82.99 loss@175.08,0.2086521387 0.173883602 0.131602928 0.09444136918 0.00658871932 0.00522343209 0.004738788586 0.004318712279 0.003756779479 0.003607694525 0.003588310909 0.003323704703 0.003266457701 0.002809841651 0.002773773624 0.002697997028 0.002574749989 0.002459292067 0.002363227075 0.002270493424
838,frag@118.03 frag@208.07 loss@268.05 frag@92.04 loss@228.12 loss@242.1 frag@119.06 frag@197.03 frag@172.07 frag@86.99 loss@211.05 loss@56.0 loss@250.05 loss@287.1 frag@97.04 loss@176.09 frag@178.06 frag@114.05 frag@96.07 loss@206.15,0.1181301251 0.1126688495 0.1076456904 0.02962939069 0.02786175534 0.004754414782 0.004148986191 0.004109992646 0.003161655972 0.003042808967 0.002971013775 0.002948847832 0.00282125175 0.002702574246 0.002701188903 0.002626768081 0.002454699948 0.002314398997 0.002081287093 0.001934099826
839,loss@240.09 loss@252.11 loss@224.08 loss@228.05 loss@263.15 loss@238.05 loss@227.15 frag@91.06 loss@322.1 frag@155.98 loss@238.14 frag@121.07 frag@109.06 frag@141.02 frag@91.05 loss@304.14 frag@160.11 frag@327.08 frag@241.02 loss@307.14,0.05492994562 0.03312818334 0.02931508794 0.02485522814 0.02241019905 0.02153466456 0.01683581248 0.01549378689 0.01442743 0.01425317489 0.01372137293 0.01345954835 0.01262802817 0.01229703985 0.01224113908 0.01127143577 0.009335398674 0.008711042814 0.008413015865 0.008118664846
840,frag@175.04 loss@191.06 loss@231.09 frag@119.05 loss@330.1 loss@163.06 loss@131.08 frag@199.12 frag@109.07 frag@147.04 loss@550.19 loss@203.06 loss@351.13 frag@119.06 frag@253.1 loss@567.22 loss@121.09 loss@120.06 frag@202.12 frag@131.05,0.280205518 0.2401779294 0.01454540715 0.01033464819 0.007079825271 0.006055707112 0.005854136776 0.005343594123 0.004421754275 0.003786894958 0.003769316943 0.003403118812 0.003391626757 0.003369549289 0.003337044036 0.003137759399 0.00308938534 0.002898286795 0.002869636519 0.002860739827
841,loss@236.11 loss@274.12 loss@182.06 frag@123.03 frag@45.03 frag@43.02 frag@58.03 frag@93.03 frag@55.02 frag@104.06 loss@232.11 frag@67.05 frag@135.08 frag@153.08 frag@97.06 frag@59.0 frag@139.02 frag@144.96 loss@153.12 frag@173.95,0.06300549954 0.04515722767 0.04098571837 0.008047173731 0.00654569827 0.00640665926 0.005755448248 0.005521647632 0.005427728407 0.004572054837 0.004434517119 0.004145385232 0.004096339457 0.003623308148 0.003495021258 0.003473293968 0.003337489441 0.00327501446 0.00320920255 0.003031151602
842,loss@153.0 frag@181.02 frag@154.01 frag@254.13 frag@254.11 frag@212.12 loss@196.04 loss@208.04 loss@211.98 frag@232.14 loss@246.0 frag@101.11 frag@207.02 frag@170.08 loss@277.07 loss@107.11 frag@140.05 frag@342.1 loss@296.04 loss@202.04,0.1817898899 0.08969423175 0.08755791932 0.05009318516 0.02150129713 0.01730592363 0.005560096819 0.004925233312 0.004791667685 0.004558645189 0.003862602171 0.003104191506 0.002807285171 0.002230694052 0.002187909326 0.002153031761 0.002091753529 0.001992980717 0.001934560016 0.001918441965
843,loss@247.13 frag@192.05 loss@198.17 loss@200.15 frag@310.17 loss@143.1 loss@147.06 frag@131.97 frag@279.16 loss@90.05 frag@101.06 frag@285.12 frag@164.06 frag@231.14 frag@176.11 frag@180.14 frag@262.12 frag@84.06 frag@126.08 frag@59.02,0.1440044791 0.07605154067 0.05793253332 0.04680007696 0.03738377243 0.02568086796 0.02118466422 0.02088531293 0.01565570384 0.0155942617 0.01133607235 0.008174540475 0.007442159113 0.007079003844 0.005385889672 0.005274171941 0.005067794118 0.004877486266 0.004761196673 0.004701295402
844,loss@251.02 frag@311.18 loss@157.92 frag@250.06 frag@262.16 frag@201.08 loss@261.08 loss@253.04 frag@109.05 frag@212.95 frag@256.05 frag@142.97 frag@266.08 frag@234.97 frag@193.1 frag@165.02 frag@241.04 frag@187.98 frag@230.07 loss@217.08,0.054890275 0.0343413949 0.02462292649 0.008962701075 0.008111571893 0.007342856843 0.005426545162 0.004944183398 0.004896363243 0.00487588346 0.004693236202 0.00430664653 0.004302866291 0.00418296596 0.002967875917 0.002966333646 0.00287330104 0.002680229954 0.002551663434 0.002549414989
845,frag@174.02 frag@164.03 loss@288.96 loss@102.03 frag@171.07 frag@179.06 loss@188.97 loss@184.05 loss@237.22 loss@163.02 loss@220.14 loss@152.0 loss@80.07 loss@149.05 frag@55.03 loss@344.05 frag@364.16 loss@107.02 frag@293.13 loss@129.99,0.210179776 0.04731275886 0.03429890424 0.004530684091 0.004089330789 0.003251482267 0.002923210617 0.002856101841 0.002814494073 0.002779775998 0.002489469014 0.002273074351 0.00203350489 0.001969118835 0.001771678566 0.001631568186 0.001549571985 0.001506202156 0.001491382369 0.001478472492
846,loss@244.13 loss@234.09 frag@219.12 loss@172.13 frag@231.12 frag@272.12 frag@120.06 frag@96.06 frag@123.06 loss@202.09 frag@384.2 frag@150.07 frag@169.0 frag@107.06 frag@395.08 frag@143.12 frag@296.09 loss@200.13 frag@132.06 frag@161.03,0.1634874642 0.1014781892 0.01019594818 0.0101911258 0.009993515909 0.009248204529 0.006986276247 0.006630872376 0.005239934195 0.005210310686 0.005051000509 0.004910111427 0.004880033433 0.004598797765 0.004571086261 0.003991290461 0.003622134682 0.003603781806 0.003509114962 0.003454735968
847,frag@195.99 loss@111.14 loss@257.03 frag@196.0 loss@213.99 frag@191.03 frag@155.98 loss@342.1 frag@188.03 frag@45.04 loss@250.1 frag@162.06 frag@144.04 loss@168.08 loss@141.12 frag@73.04 loss@188.15 frag@204.06 loss@184.13 frag@159.01,0.1629270017 0.08118938655 0.05197255313 0.0440816097 0.04092114046 0.006548454054 0.004361624364 0.003177889623 0.003155363491 0.003028963925 0.002726872917 0.002601399086 0.002482882002 0.002365699271 0.002319461666 0.00230826647 0.002139883582 0.002128890483 0.001979504013 0.00196750625
848,frag@148.09 loss@193.12 frag@162.1 loss@165.09 loss@220.13 frag@176.12 frag@136.09 frag@134.07 frag@202.13 frag@190.13 frag@135.09 frag@95.06 loss@149.1 frag@160.09 frag@122.07 loss@190.12 frag@150.1 frag@202.11 loss@178.11 frag@149.09,0.06872738153 0.05856663734 0.05244104192 0.04618475959 0.03470272571 0.02818727121 0.02420372702 0.02017571777 0.01962237805 0.01937752031 0.01860110462 0.01670284197 0.01662273705 0.01559628267 0.01413547713 0.01084318571 0.008537560701 0.008224699646 0.007898876444 0.007648751605
849,loss@184.13 frag@100.02 frag@67.05 frag@43.02 frag@85.06 frag@150.13 frag@57.03 loss@181.11 frag@302.17 frag@148.06 frag@124.04 frag@144.09 frag@97.06 frag@195.99 frag@112.08 frag@209.14 frag@83.09 frag@172.97 frag@104.02 frag@244.13,0.2341626585 0.008018269204 0.006403937005 0.004904495087 0.004111632705 0.003929969855 0.003643725999 0.003269893117 0.003065144178 0.002705256222 0.00261385343 0.002526670462 0.002474006731 0.002469081664 0.002345333807 0.002332816366 0.002320984611 0.002314834855 0.002220615046 0.002151930006
850,frag@190.02 frag@242.13 loss@279.05 frag@364.13 loss@356.15 loss@347.09 loss@152.07 loss@246.1 loss@141.03 frag@120.07 loss@140.03 loss@309.13 loss@306.19 loss@232.06 frag@97.01 loss@226.06 frag@218.06 loss@312.02 frag@179.1 loss@244.07,0.1187566444 0.1102936715 0.07104156166 0.02323026396 0.008569664322 0.005615266506 0.004308892414 0.004259620328 0.004229183309 0.003449304495 0.002893424593 0.00272480282 0.002698135097 0.002334495774 0.001971678343 0.001871780609 0.001839053701 0.001819381956 0.001783471904 0.001755270525
851,loss@175.14 frag@197.03 frag@244.08 loss@193.15 frag@130.99 frag@205.06 loss@256.15 loss@276.16 frag@167.05 frag@279.16 frag@132.09 frag@126.0 frag@144.09 frag@181.11 frag@172.03 frag@234.98 loss@142.1 frag@376.15 loss@302.13 loss@203.17,0.1670080721 0.06298163533 0.04587909952 0.03250000998 0.03203332424 0.02931393683 0.01852935739 0.01656379923 0.008417808451 0.007979555055 0.005120546091 0.004819863942 0.004238724243 0.003404342569 0.003254666692 0.003186530201 0.003086446784 0.00305932411 0.003023178084 0.003012079513
852,frag@56.96 loss@298.03 loss@77.04 loss@189.05 loss@201.01 loss@173.05 frag@342.1 frag@272.04 loss@158.1 loss@62.0 loss@112.02 frag@79.02 loss@29.56 loss@72.02 loss@197.97 loss@139.04 loss@208.06 loss@88.02 loss@335.12 loss@91.03,0.2659542859 0.001798531273 0.001013224944 0.001005636761 0.0009307156433 0.0008862585528 0.0008525503799 0.0007914960734 0.0007830613176 0.0007608573069 0.0007585202693 0.0007526099798 0.0007363065961 0.0007361698663 0.0007274730597 0.0006992522976 0.0006929285009 0.0006725474377 0.0006659697392 0.0006643951056
853,loss@129.12 frag@191.11 frag@198.02 frag@184.96 frag@67.05 frag@83.09 frag@69.07 frag@130.12 loss@202.17 frag@110.1 frag@102.09 frag@57.07 frag@55.05 frag@112.08 loss@187.12 frag@84.08 frag@129.1 frag@43.02 frag@183.05 frag@72.04,0.3396513164 0.05628417432 0.0539012067 0.03128294274 0.01927562058 0.01450548694 0.01248066034 0.01036550663 0.008128299378 0.007363287266 0.007336434908 0.006718385965 0.00669228239 0.005064624362 0.004643485881 0.004539252724 0.004212323576 0.004117341246 0.00398846902 0.003921442665
854,frag@128.03 loss@397.09 loss@196.04 loss@223.04 loss@252.07 frag@113.02 frag@160.13 loss@210.06 loss@208.04 loss@155.01 loss@113.01 loss@210.04 loss@251.2 loss@184.04 loss@237.22 loss@327.03 loss@192.07 loss@128.99 frag@381.17 loss@280.09,0.2734327614 0.02190887928 0.01121711638 0.005714077037 0.005039962474 0.0042287861 0.003643414937 0.00350221456 0.003425868927 0.003037378192 0.003029717598 0.002630321775 0.002505717799 0.00246429164 0.002336097881 0.002264270326 0.002132353839 0.00199085311 0.001946475473 0.001888630912
855,loss@43.02 loss@15.02 loss@44.03 loss@16.03 frag@270.05 frag@316.06 frag@237.05 frag@242.06 frag@300.06 frag@294.08 frag@286.1 loss@61.03 loss@71.01 loss@58.04 frag@284.07 loss@33.03 loss@30.05 frag@226.06 loss@86.04 frag@331.08,0.09184405208 0.05871234089 0.05240772292 0.05022737384 0.03584540263 0.02210579626 0.02026003227 0.01996410452 0.01958442479 0.01869789325 0.01638524607 0.01492563449 0.01277045719 0.01154880412 0.01152890082 0.0108340634 0.01082455181 0.01003993209 0.009810965508 0.009232175536
856,loss@87.07 frag@236.07 frag@267.14 frag@211.09 frag@216.11 loss@102.09 loss@89.08 frag@193.06 frag@182.04 loss@120.08 frag@248.09 loss@103.1 frag@241.06 loss@115.1 frag@243.02 loss@117.12 loss@234.01 frag@270.07 loss@59.07 frag@88.08,0.1685087234 0.03470602632 0.03225001693 0.03188469261 0.02535297722 0.0246643424 0.02034877241 0.01880798675 0.01728044078 0.01691996306 0.01398671046 0.01343353931 0.01339801308 0.01300876494 0.01280216407 0.01152612641 0.01023936458 0.009600941092 0.008697448298 0.008067311719
857,frag@188.05 loss@258.17 loss@336.18 frag@86.06 loss@201.11 loss@228.12 loss@173.02 loss@338.1 loss@199.12 frag@130.12 frag@155.05 loss@230.16 frag@150.13 loss@163.14 loss@210.15 loss@245.14 loss@361.13 loss@272.05 frag@238.13 loss@260.15,0.2880540788 0.04541870952 0.01450685132 0.01327321399 0.004612547811 0.004309655167 0.004282863345 0.003520651488 0.003363052849 0.003077649977 0.00292784092 0.002698712517 0.002591823926 0.002336158417 0.002288807416 0.00223147287 0.002185689518 0.002151178662 0.002092923503 0.002059423132
858,loss@240.06 frag@67.02 frag@65.04 frag@54.03 frag@106.04 frag@53.04 frag@184.02 frag@178.06 frag@51.02 frag@206.06 frag@106.07 loss@239.05 frag@134.01 frag@87.09 loss@214.04 loss@255.07 frag@72.94 frag@84.04 frag@220.02 frag@109.01,0.2190635949 0.1853266656 0.006173579954 0.006110224407 0.005709887017 0.005666973069 0.004792047665 0.004331232049 0.003549478715 0.003513011849 0.003329619998 0.003275080817 0.00303262542 0.003019183641 0.002920306055 0.002694448689 0.002582906513 0.00252080895 0.002444263315 0.002283239271
859,loss@323.13 frag@300.06 frag@286.05 frag@297.16 frag@315.09 loss@309.12 frag@186.02 frag@333.06 loss@407.15 frag@140.01 loss@344.11 frag@316.06 loss@351.13 loss@15.02 loss@473.29 loss@123.04 loss@191.06 loss@164.08 loss@308.11 frag@285.08,0.1616407037 0.1292702407 0.08129151911 0.0368449688 0.03225330263 0.01656441018 0.01583722048 0.01099520735 0.00920033548 0.00749475183 0.006855854299 0.005680190399 0.004936674144 0.004133183975 0.003810390364 0.003434378188 0.003387557808 0.003300825367 0.003103686264 0.002765718848
860,frag@180.11 loss@222.04 loss@300.12 loss@296.04 frag@158.0 loss@333.13 loss@317.11 frag@155.98 loss@409.1 frag@227.11 frag@84.06 frag@315.07 loss@265.08 loss@321.19 frag@179.99 loss@296.07 frag@158.12 loss@156.07 frag@310.11 frag@327.14,0.1869022995 0.1575573385 0.0558511205 0.03341431171 0.01957891881 0.008323002607 0.006940282416 0.005044759717 0.00445702672 0.004154576454 0.003792984411 0.003735321108 0.003624400822 0.003351147054 0.003261648584 0.00323452102 0.003192237811 0.002984422958 0.00281828898 0.002739272313
861,frag@62.02 frag@90.95 frag@134.96 frag@150.95 frag@61.01 frag@55.93 frag@72.94 frag@62.99 frag@46.99 frag@45.99 frag@152.97 loss@81.02 loss@243.99 frag@116.97 loss@103.05 loss@105.12 frag@240.07 loss@114.03 loss@186.01 loss@271.16,0.08222347498 0.05069864914 0.02859767899 0.02839137428 0.0262669716 0.02161113359 0.02109204046 0.01820722036 0.01538106054 0.01253542397 0.01041926257 0.007642314769 0.007628086954 0.006697780453 0.006435321178 0.005707602017 0.005186345894 0.005073329434 0.005018423777 0.004877070896
862,loss@138.1 frag@161.09 loss@270.16 frag@215.1 loss@263.05 frag@213.0 frag@190.1 frag@188.12 frag@220.13 loss@338.1 frag@211.01 frag@218.1 loss@258.08 frag@139.02 frag@200.12 frag@173.95 frag@190.12 frag@197.17 loss@101.09 frag@463.24,0.1697941571 0.1142153293 0.06955385953 0.02916153707 0.01257296093 0.007382627111 0.004704185296 0.003417531028 0.003364670556 0.00329862372 0.00294792559 0.002511426806 0.002442382509 0.00241320231 0.00231050374 0.002211243613 0.00219856482 0.002088744193 0.002057214268 0.002034480684
863,loss@260.16 loss@236.16 frag@98.07 frag@136.05 frag@112.09 frag@231.15 frag@353.16 frag@139.99 frag@169.01 frag@179.0 loss@252.18 loss@302.14 frag@255.12 frag@244.11 frag@56.01 frag@181.11 loss@270.15 frag@113.07 frag@165.04 frag@190.11,0.1232631728 0.1067580283 0.01534562279 0.009277680889 0.00804941263 0.007815747522 0.007714100648 0.007534979843 0.006457462441 0.006111042108 0.005750094075 0.005702479742 0.005095615052 0.005032542627 0.004985682201 0.004982647952 0.00487092603 0.004627365619 0.004145128652 0.00405150326
864,loss@227.13 loss@189.11 loss@193.99 frag@129.1 frag@166.09 loss@201.11 frag@131.08 frag@231.15 frag@95.07 frag@241.11 frag@176.11 frag@332.06 frag@135.0 frag@129.03 frag@121.03 frag@104.06 frag@261.17 frag@207.98 frag@58.03 frag@281.14,0.1573747844 0.02050800063 0.009483702481 0.004908316769 0.003992049024 0.003787019756 0.003737782361 0.003065702505 0.003050112398 0.002946092514 0.002938777674 0.002824239433 0.002750687068 0.002627425361 0.002612154465 0.00251039397 0.002480328549 0.002436094452 0.002418456832 0.002322720597
865,loss@115.1 frag@72.04 loss@146.11 loss@156.12 frag@128.07 frag@102.09 loss@369.18 loss@283.03 frag@100.04 loss@119.09 frag@155.15 loss@193.0 frag@55.05 frag@181.13 loss@23.05 frag@74.02 frag@262.1 loss@171.16 frag@142.03 loss@118.03,0.1071370691 0.1012139395 0.02778609842 0.01828412339 0.0172728803 0.01418041345 0.01337251067 0.01271744911 0.01147799753 0.01006517652 0.009733533487 0.009368142113 0.009175622836 0.008839076385 0.00876924675 0.008200787939 0.007774850354 0.007593291812 0.007432602346 0.007082568016
866,loss@148.05 frag@181.04 frag@123.01 frag@142.01 frag@157.01 frag@141.0 frag@139.04 frag@208.1 frag@269.09 frag@206.06 frag@78.05 frag@93.06 loss@147.04 frag@148.07 frag@53.04 frag@238.12 frag@150.09 frag@163.03 frag@338.14 frag@109.01,0.3626875877 0.1797923297 0.006388395093 0.003757770173 0.003525065491 0.003286316292 0.003058155999 0.002616042504 0.002408581087 0.002338525606 0.0018843906 0.001860315446 0.001799565856 0.001785686589 0.001723169116 0.001713667298 0.001693586935 0.001620550058 0.001581552438 0.001575509668
867,loss@42.01 frag@127.02 loss@27.01 frag@204.96 frag@264.15 loss@98.05 loss@120.07 loss@84.02 loss@143.0 frag@186.95 frag@280.09 frag@275.05 loss@54.02 frag@329.17 frag@100.05 loss@54.01 frag@273.13 loss@187.97 frag@204.08 loss@198.94,0.1054135412 0.0903500095 0.03615644202 0.03358410299 0.03315809742 0.02935565077 0.02180185169 0.0193105787 0.01689857617 0.01599013619 0.01573547907 0.01560827438 0.01244183537 0.01077835541 0.009658854455 0.009510925971 0.008518578485 0.007328477222 0.006887530908 0.00666978443
868,loss@200.07 loss@260.03 frag@111.05 frag@292.11 frag@156.04 frag@157.06 frag@228.06 frag@173.06 frag@224.06 frag@114.05 loss@293.06 loss@283.17 frag@203.13 frag@238.05 loss@170.06 frag@217.12 frag@159.04 frag@244.11 frag@98.05 loss@254.16,0.2006717175 0.06205029413 0.00770929642 0.006855838932 0.005524762906 0.005235952791 0.005184397101 0.004856320564 0.003925411031 0.003785605077 0.003699332476 0.003518579528 0.003415364306 0.003328813938 0.003233046969 0.003199320752 0.002964945277 0.00263698143 0.002517308807 0.002463330515
869,loss@320.05 frag@245.08 loss@49.99 loss@293.07 frag@273.09 frag@139.04 frag@123.04 loss@264.99 loss@287.08 loss@169.06 frag@179.07 loss@183.95 loss@312.02 loss@394.21 frag@151.04 frag@97.01 frag@156.02 frag@163.03 frag@153.02 frag@191.03,0.07787263393 0.04471520334 0.04464699328 0.03414434567 0.02138662525 0.01590671577 0.01160107274 0.008660138585 0.008040709421 0.007903530262 0.006431964692 0.006413538009 0.00620747311 0.00611342676 0.006063500419 0.005496899132 0.005040066782 0.005021753255 0.004965452012 0.003932231572
870,loss@166.06 frag@233.1 frag@244.1 frag@161.06 frag@389.22 frag@206.06 frag@247.14 frag@261.09 frag@256.14 loss@166.1 frag@91.04 frag@110.02 loss@296.09 frag@165.02 frag@83.01 frag@243.08 frag@133.06 loss@149.03 frag@204.04 frag@218.15,0.314895153 0.0823026821 0.04023078457 0.01267683506 0.009909068234 0.006942934822 0.005306158215 0.005037865136 0.004912479315 0.004596787971 0.004328462295 0.004111818969 0.003776688129 0.003730826546 0.003648420097 0.0034859234 0.003322438104 0.003211158561 0.003095572582 0.003057107562
871,frag@172.97 loss@199.96 loss@159.02 loss@172.05 loss@146.03 frag@169.06 frag@269.1 loss@148.05 loss@116.99 frag@123.01 loss@200.98 loss@101.04 loss@241.18 frag@349.14 loss@107.02 frag@151.05 loss@230.95 loss@160.05 loss@148.01 loss@217.15,0.2940233648 0.05541009083 0.01184055768 0.005809732713 0.002922572661 0.002501660492 0.002354284981 0.002341973362 0.001975412713 0.001864129677 0.001804687665 0.00176801905 0.001732155099 0.001650038874 0.001637286623 0.001566217979 0.00153839495 0.001511148876 0.001434118254 0.001433977392
872,frag@174.05 loss@396.19 loss@158.01 loss@166.09 loss@149.01 loss@300.17 loss@119.05 loss@355.07 frag@267.09 frag@87.09 loss@218.13 loss@194.04 loss@236.11 frag@255.06 loss@230.11 loss@96.04 loss@342.11 loss@110.0 loss@156.02 frag@157.03,0.3537016511 0.0457059294 0.003451788798 0.003096272936 0.002981412923 0.002759913215 0.002713723108 0.002592577599 0.002567345044 0.002534861211 0.00252590538 0.002381418366 0.00233075209 0.002284554765 0.002237170935 0.002143689664 0.002090896247 0.002057300415 0.002022212604 0.001965999836
873,frag@198.06 frag@223.94 loss@164.02 loss@78.19 frag@218.15 frag@302.13 loss@240.11 frag@88.04 loss@373.1 loss@97.98 loss@109.07 loss@196.04 loss@181.08 frag@219.06 loss@292.12 frag@252.11 loss@363.11 frag@287.11 loss@314.16 loss@246.18,0.1113459095 0.08322508633 0.045035135 0.04331984371 0.02514889278 0.02039420977 0.01397000812 0.01015931182 0.005953059532 0.004749150015 0.004191913642 0.004146758467 0.003820021171 0.003773875535 0.003749763593 0.003732029349 0.003470675554 0.003152341815 0.002833485371 0.002546039643
874,loss@139.04 loss@153.04 frag@318.05 frag@53.04 frag@445.14 frag@69.01 frag@113.01 frag@195.0 frag@107.03 frag@160.02 frag@114.03 frag@167.03 frag@243.04 frag@267.06 frag@133.01 frag@79.02 frag@81.03 frag@63.02 frag@86.0 frag@178.06,0.3052665293 0.05566488951 0.01283768844 0.008261577226 0.006872105878 0.004854822997 0.004290871788 0.004274646752 0.00386330788 0.003556672484 0.003429068951 0.003388938028 0.003339021932 0.002997837728 0.002988408087 0.002882082714 0.002881398192 0.002620248357 0.002561738482 0.002550223377
875,loss@129.99 frag@115.06 frag@123.01 frag@46.99 frag@319.12 frag@144.95 frag@213.1 frag@79.02 frag@186.05 loss@139.03 frag@133.01 frag@115.04 frag@116.01 frag@275.08 frag@62.99 frag@168.04 frag@86.0 frag@84.96 frag@342.1 frag@338.14,0.1656927764 0.007579602767 0.007287860382 0.006416956894 0.006076426245 0.005796938669 0.005715900101 0.005129048135 0.004365507513 0.003611803288 0.003510948038 0.003211678937 0.003015460679 0.002742328681 0.002483108547 0.002468825318 0.002323624911 0.002319995314 0.002305469243 0.00230333861
876,frag@58.06 frag@86.1 loss@85.05 frag@58.07 loss@128.1 loss@155.11 loss@169.15 loss@157.15 loss@100.1 loss@316.15 loss@266.9 loss@267.06 loss@335.06 frag@112.11 loss@377.19 loss@444.15 loss@246.05 loss@213.94 loss@351.05 loss@298.19,0.1776352376 0.1275029778 0.06518951058 0.06498125941 0.05369097739 0.03065115772 0.02943027392 0.01799886115 0.01633075252 0.01594186388 0.01558424998 0.01135300472 0.009750969708 0.008070194162 0.00764387846 0.007393236272 0.007314158604 0.007044544443 0.006647484843 0.005957851652
877,frag@122.06 loss@209.07 loss@236.08 loss@226.08 frag@53.04 frag@108.08 frag@120.04 frag@94.06 loss@237.06 frag@136.08 frag@114.0 frag@65.04 loss@221.1 frag@59.0 loss@251.07 loss@239.16 loss@183.09 frag@106.04 loss@222.08 frag@92.06,0.3087975979 0.1245149374 0.08754304796 0.07696174085 0.01286346372 0.01065548323 0.008545915596 0.008495664224 0.007528737187 0.006642098073 0.006170685869 0.006141530816 0.005305747967 0.005242774729 0.005117287859 0.00413294835 0.003955558874 0.003812881419 0.003707200289 0.003227633424
878,frag@178.07 loss@227.1 frag@113.04 frag@102.04 loss@185.04 frag@133.04 frag@93.03 frag@175.12 loss@211.05 loss@196.03 frag@111.03 frag@141.03 loss@203.08 frag@161.06 frag@135.05 frag@147.05 frag@110.02 frag@110.99 frag@133.06 loss@218.06,0.2201165855 0.1833819598 0.004547817633 0.004116684664 0.004076112527 0.003462424735 0.003430895973 0.003406466451 0.003257112112 0.003230863716 0.003228016431 0.003017523326 0.00273366645 0.002680831123 0.002570261946 0.002555623883 0.002102433238 0.002052405849 0.001991674537 0.001974280225
879,frag@156.98 loss@166.12 frag@240.11 frag@157.0 frag@222.05 loss@153.06 loss@276.02 loss@192.04 frag@149.02 loss@293.19 loss@152.13 loss@165.12 frag@180.12 loss@261.13 loss@206.12 loss@251.17 loss@233.16 loss@213.09 loss@167.11 loss@222.12,0.2365629524 0.1881132722 0.071984604 0.03252702206 0.02095424756 0.006993032992 0.005066018552 0.003856231458 0.003608914092 0.003030670108 0.002991787158 0.002958660945 0.002778273774 0.002742385492 0.002670281567 0.002586162882 0.002511718078 0.002349884948 0.002295987215 0.002219097689
880,loss@209.15 loss@298.06 frag@353.16 loss@290.03 frag@327.08 loss@304.18 frag@112.09 frag@141.01 frag@207.07 frag@365.14 frag@115.03 frag@198.02 frag@149.06 frag@181.11 frag@136.08 frag@110.1 frag@237.03 frag@152.09 frag@165.05 frag@279.09,0.1733248532 0.08063483238 0.03676225245 0.02320217714 0.01022951491 0.007760154083 0.007658531889 0.006457738113 0.00599649502 0.005258077756 0.004793899134 0.003862753278 0.003624350997 0.003597800853 0.003462293884 0.003263059072 0.003239503829 0.003197813639 0.003083227202 0.002999597695
881,loss@141.12 frag@196.08 frag@168.08 frag@167.07 loss@166.15 loss@156.14 frag@270.07 loss@283.02 loss@169.11 frag@225.1 frag@180.08 frag@224.07 frag@202.92 loss@128.08 loss@230.16 frag@208.11 frag@153.08 loss@284.16 loss@161.05 loss@115.1,0.2347556651 0.1028342992 0.08682173491 0.0613190271 0.02832013555 0.01822371408 0.01307559106 0.01159790345 0.01027342863 0.009164460003 0.00653969124 0.006180823315 0.004962804727 0.004781840835 0.003610213054 0.003179460531 0.003066036152 0.003021232318 0.002999179298 0.002971881768
882,frag@156.08 frag@184.08 frag@152.03 frag@183.07 loss@253.96 loss@62.02 frag@154.06 frag@140.05 frag@157.09 loss@112.06 loss@145.09 loss@149.01 loss@172.06 loss@182.08 loss@97.1 loss@318.09 loss@170.11 loss@223.0 loss@168.02 loss@168.06,0.1341961324 0.09833393991 0.04981440306 0.04604939371 0.022498779 0.007656594738 0.00733410567 0.005555755924 0.004566526972 0.003901648335 0.003826771397 0.003743009642 0.003711335827 0.003493796336 0.003297489602 0.00322003779 0.003129569115 0.003106869059 0.002924200147 0.002809783211
883,frag@163.09 frag@149.07 loss@150.08 loss@180.09 frag@135.09 loss@164.09 loss@178.11 loss@136.06 loss@207.14 frag@177.1 frag@121.08 loss@176.13 frag@94.06 loss@152.09 loss@166.11 loss@162.08 loss@229.16 frag@272.14 loss@189.09 frag@334.14,0.08113610744 0.06738271564 0.06333882362 0.04099184275 0.03841116279 0.03775287047 0.03649055585 0.03288978338 0.02595536038 0.02108121105 0.02092545666 0.01550323609 0.01537728496 0.01262718905 0.01214882452 0.01110619493 0.009712804109 0.00965734385 0.009402900934 0.008661197498
884,frag@174.13 loss@283.12 frag@183.1 loss@272.14 frag@268.1 loss@351.17 loss@374.15 frag@184.96 loss@306.17 loss@256.98 frag@268.02 frag@298.14 frag@348.06 loss@343.15 loss@273.15 frag@441.16 loss@351.14 frag@192.1 frag@264.16 frag@130.02,0.02528142184 0.01214083191 0.01176714897 0.008096204139 0.006728624925 0.00579563668 0.005775417201 0.005247272085 0.004950625822 0.004849217366 0.00455611432 0.004419142846 0.004233185202 0.003875618568 0.00381252286 0.003635211382 0.00353290909 0.003487846581 0.00348695484 0.003456554376
885,frag@92.05 frag@93.06 frag@65.04 loss@255.06 loss@206.03 loss@211.09 loss@322.03 loss@189.02 frag@108.04 frag@80.05 loss@77.04 loss@54.02 loss@155.0 loss@218.96 frag@110.06 loss@120.06 loss@183.0 loss@162.01 loss@217.04 loss@235.1,0.174618125 0.1202257797 0.05191148818 0.03565721959 0.03466671705 0.03448351845 0.02814942971 0.02693830989 0.01966515929 0.01536621153 0.01324791647 0.01180385891 0.01071852911 0.01001228485 0.008964100853 0.008576286957 0.008546689525 0.008059788495 0.007902865298 0.007798594423
886,frag@143.09 frag@173.1 frag@155.09 frag@157.1 frag@171.08 frag@181.1 frag@159.12 frag@169.1 frag@175.08 frag@185.1 frag@145.1 frag@161.13 loss@224.16 frag@137.1 frag@334.1 frag@183.12 frag@133.1 frag@159.08 loss@189.0 frag@195.12,0.03462950885 0.03301047906 0.03110184707 0.02051646449 0.01202260423 0.01031979918 0.009437856264 0.008688783273 0.007793166675 0.007227551658 0.006796030793 0.005559701938 0.005183767062 0.005012752023 0.0047234511 0.004491994623 0.004425713327 0.004383850843 0.004158669151 0.003980433568
887,frag@153.04 loss@162.04 loss@160.03 loss@152.11 frag@166.07 frag@134.05 frag@110.03 frag@160.99 frag@238.03 frag@209.11 loss@132.04 loss@212.01 frag@196.96 loss@123.98 loss@159.99 frag@136.06 loss@196.14 loss@250.96 loss@161.03 loss@342.06,0.09550907463 0.08569477499 0.08419700712 0.08085472137 0.05052687228 0.04971412569 0.03909105062 0.01469671447 0.01300732512 0.009803015739 0.009264184162 0.008955815807 0.008506771177 0.007058353629 0.006018811837 0.005941051058 0.005871054716 0.00570384739 0.004944324493 0.00412768824
888,frag@109.01 loss@183.07 loss@199.04 frag@149.04 loss@237.08 frag@97.01 loss@209.09 frag@111.03 loss@227.04 frag@65.04 loss@226.04 loss@240.15 frag@131.08 frag@125.01 loss@221.09 loss@181.06 frag@163.02 frag@139.02 loss@182.05 frag@77.04,0.1835494787 0.07747428864 0.05547043681 0.04150879383 0.03731663525 0.03630380705 0.03349105269 0.03011936694 0.02875296585 0.01678692549 0.01490448508 0.01209565904 0.008993203752 0.008946838789 0.008815191686 0.008767285384 0.007076040842 0.007026789244 0.006432765163 0.006213272456
889,frag@158.07 loss@425.08 frag@186.07 loss@397.08 frag@146.07 loss@248.1 loss@177.09 loss@170.15 frag@172.09 frag@160.09 frag@132.06 frag@186.1 frag@157.06 loss@157.08 loss@197.05 loss@171.13 loss@165.09 loss@188.07 frag@190.1 loss@158.08,0.2897301614 0.01976919174 0.0108513413 0.005439322907 0.005437174812 0.004194167908 0.004123714287 0.004005216528 0.003925864119 0.003724521492 0.003600849304 0.003374513704 0.003189091571 0.003170939861 0.003170447191 0.003145999508 0.003125080839 0.003083156189 0.002945750719 0.002627235139
890,frag@147.04 frag@175.04 frag@119.05 loss@359.14 loss@295.16 loss@407.14 loss@530.18 loss@422.14 loss@391.17 loss@414.12 loss@406.15 loss@610.15 loss@649.22 loss@550.19 frag@179.07 loss@140.05 frag@203.03 loss@398.18 loss@343.13 frag@309.1,0.1964477152 0.04669367149 0.02478711866 0.0194250606 0.01800397411 0.016615564 0.01583873853 0.01253790036 0.01252590027 0.01218307298 0.01202450972 0.01195137575 0.01194860507 0.01111801993 0.01009412296 0.009457552806 0.009260587394 0.008726876229 0.008711933158 0.007687480189
891,frag@204.14 frag@245.13 loss@363.14 loss@236.14 loss@305.1 frag@184.01 loss@258.12 loss@268.11 loss@374.14 frag@250.07 loss@298.04 frag@110.02 frag@200.02 frag@98.08 frag@127.12 loss@298.08 frag@43.04 frag@298.14 frag@181.06 frag@200.04,0.06956859678 0.05668852106 0.04440208152 0.04420734197 0.04390680045 0.04330679029 0.03342330828 0.02311586216 0.02140424214 0.01431584824 0.007435345557 0.00666992832 0.004704630468 0.004615703132 0.004423988983 0.003731954843 0.003678920446 0.00353165553 0.003337743226 0.003273647279
892,frag@194.09 loss@259.05 loss@473.29 frag@111.01 frag@151.06 frag@97.01 frag@146.07 loss@260.05 frag@157.01 frag@152.08 frag@166.06 frag@204.04 frag@148.07 frag@69.06 frag@287.06 frag@136.08 frag@138.05 frag@182.09 frag@111.06 loss@281.13,0.2050868273 0.1922265291 0.01225574967 0.006198578048 0.003106103279 0.003035651287 0.00298935594 0.002830538899 0.002531025792 0.00189494947 0.001874593436 0.001851971145 0.001831875066 0.001800012076 0.001795668271 0.001706101233 0.001701446134 0.001691122656 0.001523754443 0.001441991655
893,loss@108.06 frag@216.1 frag@188.11 frag@196.05 frag@340.13 loss@157.08 frag@229.13 frag@98.04 frag@253.1 frag@224.97 frag@116.01 frag@225.14 loss@86.04 frag@239.08 frag@241.1 frag@295.14 loss@225.13 frag@412.32 frag@186.09 frag@177.11,0.2248670012 0.1198686734 0.03881753236 0.005060578696 0.004828112666 0.003249380505 0.003187680384 0.003150350414 0.003037805669 0.002915563062 0.002853803337 0.002836326836 0.00282797846 0.002503290772 0.002424944891 0.002383851679 0.002260856796 0.002240448724 0.002238510642 0.00207043509
894,loss@189.0 loss@184.11 frag@161.09 frag@190.12 loss@343.13 frag@56.96 frag@159.08 frag@175.04 frag@309.1 loss@172.09 frag@199.05 frag@143.09 frag@184.1 frag@145.1 frag@130.08 frag@104.06 frag@240.12 frag@147.04 frag@123.08 frag@131.05,0.1601833254 0.1037542671 0.05812095478 0.01941424794 0.01864811778 0.0185305085 0.01782861352 0.005851769354 0.005639626645 0.005244653206 0.004883057438 0.004606352653 0.004575697705 0.004107737448 0.003940418828 0.003905261634 0.003477239516 0.003447886789 0.003447349183 0.003347640624
895,frag@165.05 loss@238.12 frag@122.04 loss@299.05 loss@297.05 loss@299.04 loss@221.16 frag@155.07 frag@150.03 loss@324.18 loss@236.1 loss@283.14 frag@168.04 loss@185.09 frag@137.06 frag@151.04 loss@244.07 loss@223.12 loss@245.13 loss@278.04,0.3235031664 0.04792816192 0.02786180936 0.02225986123 0.01983030513 0.01554784179 0.01491302997 0.01308506448 0.008640591055 0.008077102713 0.007837721147 0.007074344438 0.005779350642 0.004811065737 0.004375587218 0.003904467449 0.003640091745 0.003507393878 0.003149806987 0.003006686457
896,loss@142.11 frag@115.12 frag@239.04 loss@170.11 frag@171.02 frag@203.99 frag@263.15 frag@159.09 frag@127.09 frag@334.14 frag@228.14 loss@282.12 frag@101.11 frag@231.0 frag@114.0 frag@143.12 frag@227.08 frag@202.0 loss@184.12 loss@182.12,0.3163771629 0.06010815501 0.05546328053 0.03054342419 0.008166428655 0.006853583734 0.005470292643 0.004140763078 0.003914452158 0.003735880367 0.003608956002 0.003437878797 0.003305907594 0.003266526386 0.003248275956 0.003228071844 0.002942464082 0.002878346713 0.002807732439 0.002746239305
897,loss@182.06 loss@148.01 loss@287.97 frag@343.19 frag@179.08 frag@161.01 frag@140.05 frag@151.03 frag@230.07 frag@144.06 frag@163.99 frag@205.06 frag@170.03 frag@300.17 frag@163.05 frag@116.01 frag@194.08 frag@316.11 frag@175.03 frag@212.99,0.2109193355 0.05814038217 0.01559828408 0.01419139002 0.01076927874 0.005483967718 0.005408965517 0.004960943013 0.004101755098 0.003586804261 0.003361744341 0.003342679702 0.003257960314 0.003093668958 0.002933831187 0.002793370048 0.002643460175 0.002547379583 0.002507363446 0.002423465485
898,loss@299.14 frag@231.11 frag@222.08 frag@203.1 frag@278.13 loss@204.16 loss@153.13 frag@349.07 frag@206.08 loss@96.04 loss@57.02 loss@262.11 loss@316.11 loss@174.96 loss@144.03 frag@85.09 loss@140.09 loss@96.02 frag@288.13 loss@309.21,0.09472875297 0.08881954104 0.08576317877 0.07930397987 0.05597837269 0.04175272211 0.03114936873 0.01872671023 0.004444932565 0.004130550195 0.00361913559 0.00337939267 0.003275223076 0.003270079382 0.002773083281 0.002415078226 0.002383055864 0.002307167044 0.002106470754 0.002084302949
899,loss@200.12 frag@166.0 loss@228.11 frag@223.02 loss@276.18 frag@138.0 frag@116.07 frag@293.09 loss@185.01 loss@171.09 frag@71.09 frag@68.05 loss@263.12 loss@257.09 frag@84.09 frag@163.02 frag@158.03 frag@229.12 frag@84.08 loss@278.13,0.210869506 0.1035766602 0.08847808838 0.06915133446 0.01068447623 0.00701263966 0.006921595894 0.00648898771 0.005811688956 0.004347275943 0.003957641311 0.003533320967 0.003410636215 0.003367875936 0.003354318673 0.003271330148 0.00312037766 0.003027061466 0.002957657445 0.002817234956
900,loss@282.11 loss@172.09 frag@73.06 loss@311.13 frag@366.15 frag@190.12 frag@84.09 frag@135.08 frag@83.05 frag@57.03 frag@69.03 frag@134.1 frag@241.99 frag@131.08 frag@87.09 loss@435.14 frag@84.08 frag@337.15 frag@261.17 frag@201.13,0.1295391321 0.1166869402 0.06651799381 0.05746789649 0.02559307963 0.01386429369 0.008817191236 0.008386874571 0.00792226661 0.007819059305 0.006926137023 0.005750304088 0.00570378406 0.005527079105 0.005369857419 0.00528413523 0.005074441899 0.004679810721 0.004665148444 0.004508954939
901,frag@234.06 loss@117.09 frag@246.07 loss@227.19 frag@224.16 frag@304.16 loss@229.08 loss@182.09 loss@155.1 loss@122.0 loss@111.05 loss@252.15 frag@156.02 loss@136.09 loss@229.06 loss@181.15 frag@208.02 loss@274.09 frag@188.05 frag@195.09,0.1921829283 0.1260363758 0.07960221171 0.03887185454 0.02676898427 0.01292211935 0.007082250901 0.006592221092 0.006475616246 0.005725872703 0.005638356786 0.004033732694 0.003774511162 0.00364762987 0.003573857946 0.00319522107 0.003023907542 0.002983296057 0.002907930175 0.00267061661
902,frag@69.04 loss@180.02 frag@114.07 loss@236.08 frag@42.03 loss@153.05 loss@113.01 loss@248.02 frag@140.08 loss@105.04 loss@300.05 frag@164.11 loss@241.15 frag@99.06 frag@68.05 loss@109.09 loss@106.02 frag@93.04 frag@82.03 frag@96.04,0.2594176829 0.03905725107 0.01732012816 0.009683097713 0.008514734916 0.006413248368 0.006056838669 0.005567027256 0.004286732059 0.003453886136 0.003434780054 0.003288678359 0.003270648886 0.002925072331 0.002876035869 0.002847949741 0.002757571405 0.00266770483 0.002448766027 0.00233456865
903,frag@135.04 loss@206.09 loss@240.1 loss@204.07 frag@107.05 loss@208.07 frag@125.06 loss@250.13 loss@221.08 loss@220.11 loss@201.06 loss@257.13 loss@307.1 loss@310.17 frag@95.05 loss@250.07 loss@284.15 loss@237.16 loss@275.14 frag@77.04,0.3341857493 0.04383512586 0.040227063 0.03341065347 0.02899674699 0.02874706499 0.02735243179 0.02169909328 0.02019101009 0.02001764998 0.0176448375 0.0159974359 0.01506717596 0.01432194002 0.01080254465 0.009940785356 0.009883726947 0.009121584706 0.009093530476 0.008867138065
904,frag@74.93 loss@261.1 loss@259.07 frag@287.09 frag@174.97 frag@257.13 frag@122.94 loss@200.12 frag@56.96 frag@155.98 loss@177.02 frag@83.02 frag@67.02 frag@257.11 frag@221.09 frag@65.04 loss@140.03 frag@121.07 loss@299.1 frag@184.02,0.1142848805 0.09872847795 0.05208960176 0.04876219481 0.04316854104 0.01554620359 0.004483704921 0.003618211253 0.003347454127 0.003345981007 0.003052623011 0.002991967369 0.002778796945 0.002763470169 0.00268685515 0.002678124234 0.002642380539 0.00260606152 0.00246066181 0.002428614767
905,frag@229.11 frag@300.17 loss@243.01 loss@170.1 loss@200.98 frag@172.09 frag@256.13 loss@166.1 frag@322.17 frag@206.17 frag@156.98 frag@158.07 frag@215.09 frag@146.07 frag@180.1 loss@173.0 loss@219.08 frag@203.13 frag@231.12 frag@139.02,0.1205312461 0.0742412135 0.06774080545 0.06603246182 0.02945351042 0.004841255024 0.004339287989 0.00395017257 0.003912203014 0.003891779343 0.003693750361 0.003489009337 0.003304925282 0.003051785287 0.002976101357 0.002894389676 0.002805944532 0.002693209331 0.002623115899 0.002545929281
906,loss@169.11 frag@208.04 frag@43.02 frag@67.05 frag@83.09 loss@143.09 loss@181.11 frag@112.08 frag@84.08 frag@45.03 frag@55.05 frag@216.13 frag@97.06 frag@154.09 frag@69.07 frag@150.13 frag@124.11 frag@124.08 frag@110.1 frag@43.05,0.3269302249 0.01100589056 0.01057271007 0.01018480025 0.008186663501 0.007443885785 0.006630374119 0.005382345989 0.00478754798 0.004786707927 0.004649914335 0.004646118265 0.004350393079 0.004028477706 0.003982249182 0.003970428836 0.003934542648 0.003603985999 0.003079131013 0.003032104811
907,loss@208.09 frag@206.1 loss@249.1 loss@260.13 loss@227.08 loss@247.12 frag@108.08 loss@239.16 frag@105.0 loss@261.12 loss@237.15 frag@154.0 frag@110.1 frag@136.08 loss@265.11 frag@191.14 frag@164.11 loss@296.08 frag@60.04 frag@243.16,0.06241697446 0.05051863194 0.04694159329 0.04093638808 0.03535496071 0.02380286716 0.01862516813 0.01677151211 0.01560037956 0.01528081764 0.01235552691 0.01183035411 0.01061509363 0.01010633353 0.009973553009 0.009187106043 0.008651377633 0.00837112125 0.007518461905 0.007177252322
908,loss@141.06 loss@228.04 frag@267.05 loss@382.11 frag@255.06 frag@391.18 frag@246.06 frag@85.01 frag@172.1 frag@279.09 frag@299.14 frag@218.09 frag@107.01 frag@286.03 frag@264.07 frag@297.09 frag@184.06 frag@133.04 loss@273.07 frag@125.05,0.1325481385 0.07958241552 0.05760168657 0.0445705615 0.03672416136 0.004026996903 0.00340507552 0.003290301654 0.002991593676 0.002853789367 0.002737182658 0.002684768289 0.002595937811 0.002409341047 0.002372504445 0.002342332853 0.002332921838 0.002069327515 0.001998665743 0.001991616329
909,frag@176.04 frag@230.09 loss@116.1 loss@174.13 loss@307.03 loss@176.12 frag@195.09 loss@144.09 frag@237.04 frag@154.06 frag@258.16 loss@158.11 loss@153.07 loss@338.1 loss@231.09 frag@207.08 loss@276.17 loss@174.07 frag@233.11 loss@233.16,0.2067741305 0.07188697904 0.06157122925 0.03216992319 0.02465470694 0.01806369051 0.009820003994 0.005506662186 0.003733304329 0.00287938118 0.002786722733 0.001978250919 0.001972689293 0.001957414439 0.001924641314 0.001907647471 0.001855917857 0.001813474577 0.001801708131 0.001782134874
910,frag@169.08 frag@168.07 loss@147.03 frag@201.07 frag@160.06 loss@168.06 frag@218.07 loss@127.09 loss@184.02 loss@114.06 loss@141.0 loss@62.02 loss@144.1 loss@146.05 loss@158.08 frag@155.06 loss@159.07 loss@297.03 frag@173.07 loss@165.0,0.1134285554 0.07767304033 0.06318637729 0.05547554418 0.0390281193 0.03710300848 0.0268373508 0.02463615686 0.01074824575 0.008859192953 0.008202850819 0.007066998631 0.006635276601 0.005931894295 0.004831519909 0.004588370677 0.00457078265 0.004367810208 0.004268539138 0.004250695463
911,loss@178.02 frag@286.12 frag@217.1 loss@108.08 loss@216.08 frag@244.11 frag@125.02 frag@189.07 frag@391.17 loss@157.06 loss@169.06 frag@200.06 frag@340.13 frag@228.11 frag@168.06 frag@189.14 loss@141.1 frag@171.99 frag@131.06 frag@260.14,0.1695316434 0.02722270228 0.02338908054 0.02281946875 0.01646359265 0.01590231992 0.01129771583 0.01113834977 0.01113459468 0.01007135492 0.008752115071 0.007613495458 0.005492742173 0.004320497625 0.004074087366 0.003817073535 0.003737502731 0.003579875454 0.00344675174 0.003232378047
912,frag@144.95 loss@160.97 loss@117.96 frag@127.01 loss@165.06 loss@151.05 loss@56.01 frag@116.96 loss@175.02 loss@208.0 loss@184.16 loss@172.12 loss@102.0 frag@219.02 loss@340.05 frag@290.13 frag@148.02 loss@148.01 loss@119.03 loss@362.2,0.3084690273 0.05962652341 0.04078971222 0.02601986937 0.00655152835 0.005366955418 0.004058547318 0.003850609995 0.002926624613 0.002325278008 0.001950628241 0.001885001897 0.001507194946 0.001494814642 0.001487527508 0.00144988473 0.001447099145 0.001408750308 0.001401299611 0.001229859074
913,frag@266.08 loss@96.04 frag@308.06 frag@316.11 loss@160.12 frag@204.08 frag@243.02 frag@213.14 loss@185.07 frag@216.11 frag@148.05 loss@267.03 frag@196.08 loss@67.04 frag@185.97 frag@103.96 frag@328.01 loss@299.11 frag@205.07 frag@203.1,0.1551373601 0.1368435174 0.03616259992 0.0111382436 0.008751101792 0.006968705915 0.00382692623 0.003619599855 0.002912477823 0.00290833856 0.00259849173 0.002568649827 0.002440002514 0.002361131599 0.002336159348 0.002131879795 0.001872369554 0.001767419511 0.001735205762 0.001725574024
914,loss@139.1 frag@135.0 frag@67.05 frag@83.09 frag@69.07 frag@81.07 frag@67.06 loss@181.11 frag@95.09 frag@136.11 frag@140.11 loss@153.12 frag@57.03 frag@225.16 frag@181.1 frag@112.08 loss@112.09 frag@43.02 frag@97.06 frag@110.1,0.3590950966 0.05219967291 0.0116518382 0.008597017266 0.007508788723 0.005997053813 0.005678835791 0.004373905715 0.004361514002 0.00416893838 0.003297412768 0.003275985131 0.0032295899 0.003116762964 0.003013663925 0.002957381541 0.002607379807 0.002603074303 0.002565623494 0.002410028595
915,frag@57.07 loss@274.1 loss@262.1 loss@274.09 loss@300.04 loss@144.08 frag@85.06 loss@253.01 loss@186.01 loss@247.06 loss@259.01 frag@41.04 loss@157.07 loss@246.06 loss@393.15 loss@309.03 frag@69.07 loss@244.03 loss@347.11 frag@83.09,0.30537045 0.04827710986 0.03333019093 0.03208673 0.02932136692 0.02348159999 0.02260569111 0.02115071192 0.01969281211 0.0181694869 0.01555619203 0.01518340223 0.01334683876 0.01085907128 0.01023802254 0.006791494321 0.006756904069 0.005995844956 0.005787048955 0.005387885496
916,loss@166.03 frag@107.01 frag@273.09 frag@151.03 loss@310.05 frag@153.05 frag@123.01 frag@144.06 frag@167.03 loss@181.03 loss@286.04 frag@139.04 frag@208.1 frag@89.04 frag@163.04 frag@153.02 frag@153.03 frag@177.05 loss@187.0 loss@337.08,0.099580504 0.07193516195 0.01943974569 0.009371950291 0.007431322709 0.006722410675 0.006209960207 0.005288021173 0.00445204135 0.004268363118 0.003730566939 0.003441931214 0.00313877454 0.00302738091 0.002978781471 0.002731251763 0.00271301996 0.002679436468 0.002675116528 0.00246631843
917,frag@198.09 frag@197.08 frag@224.07 frag@169.09 loss@349.1 frag@170.1 frag@167.07 frag@202.08 loss@284.16 loss@297.02 frag@355.2 frag@270.12 loss@346.07 frag@318.17 loss@260.16 loss@166.15 loss@271.07 loss@142.0 loss@122.03 loss@383.14,0.09719078243 0.0822673738 0.05645376816 0.05243190005 0.03505010903 0.0172614865 0.005872829817 0.005692535546 0.005563382991 0.004996479023 0.004686183762 0.003168033436 0.003091903403 0.002820691327 0.002803661162 0.002775669796 0.002660270315 0.00256770011 0.00222404534 0.002149513224
918,frag@156.04 loss@237.07 loss@225.18 frag@90.04 frag@171.02 frag@323.09 frag@111.05 frag@259.03 loss@142.11 frag@242.13 loss@234.0 loss@222.06 loss@186.0 loss@280.12 loss@247.16 loss@244.1 frag@247.04 loss@195.05 frag@110.05 frag@84.04,0.1044393852 0.09308945388 0.06133427843 0.04591333494 0.04404805601 0.01489634719 0.009136064909 0.004887670279 0.004377942532 0.003672448453 0.002820285503 0.002740316791 0.002711423906 0.002695427742 0.002663251245 0.002619107254 0.002537933877 0.002368447604 0.002312941477 0.0022049658
919,frag@147.06 loss@174.04 loss@243.14 loss@146.05 frag@119.06 frag@308.14 frag@175.05 loss@151.01 frag@129.04 loss@168.06 frag@253.1 loss@189.99 frag@130.03 loss@113.06 frag@120.07 frag@159.06 frag@145.04 loss@269.12 frag@145.08 loss@188.01,0.3081356585 0.09358275682 0.05852117017 0.01376899146 0.008898137137 0.005714752246 0.004101201426 0.004055372439 0.003934372216 0.003755884711 0.003550553694 0.003408808727 0.002951468807 0.002653197153 0.002385705011 0.00233331346 0.0023256524 0.002013956197 0.002001824789 0.001972801983
920,frag@125.04 loss@180.1 loss@183.08 frag@314.13 frag@157.06 frag@123.03 frag@139.03 frag@147.05 loss@207.11 frag@151.06 loss@211.04 frag@231.05 frag@391.18 loss@330.09 frag@123.02 loss@336.14 loss@193.1 frag@113.04 frag@127.06 loss@230.08,0.2159464806 0.1628943086 0.09355018288 0.03641016036 0.009407741018 0.008769397624 0.004594516009 0.00444476679 0.00415337272 0.004121312406 0.003609779757 0.003004787955 0.002956916811 0.002878444735 0.002830311656 0.002826931421 0.002714282367 0.002703347476 0.002520904876 0.002447330393
921,frag@84.08 frag@56.05 loss@186.14 loss@257.12 frag@84.09 loss@335.21 loss@209.13 loss@199.12 frag@67.05 frag@82.06 frag@55.05 loss@283.1 frag@110.1 loss@183.13 loss@276.07 frag@112.08 loss@204.15 loss@296.12 frag@83.09 loss@298.1,0.3123851418 0.03874882683 0.03862503171 0.03546261415 0.01790339872 0.0149990283 0.01482402999 0.01108484808 0.01028742269 0.01014868915 0.01008819509 0.01008727867 0.009518839419 0.009245189838 0.009174634703 0.008925899863 0.008355790749 0.008196871728 0.006375057157 0.005911884364
922,frag@144.08 loss@188.1 frag@143.07 loss@160.1 loss@131.07 frag@142.07 loss@319.06 loss@168.0 loss@253.06 loss@303.96 frag@158.1 loss@307.04 loss@309.1 loss@348.05 loss@280.99 loss@333.11 frag@172.1 loss@244.05 frag@204.1 frag@171.09,0.2234516591 0.07880475372 0.07124698162 0.05356109887 0.03563714772 0.02445751801 0.02118201554 0.01949223131 0.01607344858 0.01602080464 0.01563131623 0.01445975248 0.0132152671 0.01319733169 0.01301864907 0.01220752671 0.01119423285 0.01052202005 0.01031588577 0.009589610621
923,frag@105.07 frag@135.08 frag@79.05 loss@207.09 loss@230.12 loss@192.06 loss@221.11 loss@221.03 loss@219.11 frag@105.08 loss@267.1 loss@104.06 loss@228.06 loss@242.08 loss@288.11 frag@133.06 loss@232.16 loss@213.06 loss@239.13 loss@167.1,0.3207257986 0.05101262778 0.03407302126 0.02568261884 0.0235233251 0.01950263605 0.01641447283 0.01206702739 0.01148962695 0.01134129148 0.01133044343 0.01109025721 0.01095060352 0.01077849697 0.01030864753 0.01008922327 0.01003457885 0.009926114231 0.009332575835 0.008750688285
924,loss@214.99 frag@183.0 loss@95.99 frag@172.99 frag@133.01 loss@198.97 frag@165.98 loss@175.0 loss@159.12 frag@282.03 frag@378.1 loss@270.03 frag@143.0 frag@258.08 loss@313.1 loss@154.03 loss@180.99 frag@167.99 frag@193.08 frag@194.08,0.1186072305 0.08549000323 0.03418276459 0.02642807364 0.01256747544 0.01083458494 0.009094281122 0.008366927505 0.007717393804 0.00731429318 0.006214363035 0.005630211905 0.005175263621 0.004536528606 0.004076324403 0.004039438907 0.00400804542 0.003859792836 0.003550279653 0.003286523279
925,frag@126.13 loss@299.06 frag@192.02 loss@281.09 loss@144.11 loss@248.19 loss@537.29 loss@379.03 loss@255.07 frag@353.16 frag@140.14 frag@238.02 loss@258.99 frag@98.1 loss@186.14 frag@154.1 loss@224.19 loss@342.08 loss@148.04 frag@84.08,0.228262648 0.07955092192 0.06864488125 0.05461232737 0.0353342928 0.03287919611 0.02881575003 0.01331539359 0.006931669079 0.006422413047 0.005801986903 0.005753364414 0.004270094912 0.004115137272 0.003625182202 0.00324555207 0.003200582229 0.003185338574 0.003116931999 0.002493846463
926,frag@167.06 frag@190.07 loss@84.04 frag@154.08 loss@265.04 frag@205.11 loss@88.11 loss@177.15 loss@198.98 loss@123.14 frag@231.04 frag@223.12 loss@347.09 frag@210.04 loss@207.15 loss@356.12 frag@317.13 loss@268.17 loss@180.95 loss@125.07,0.1233988255 0.07091417164 0.06491199881 0.0616620928 0.03734033555 0.02773732692 0.02338559739 0.01661597192 0.01358473115 0.01273419894 0.01264781691 0.007552716881 0.006116558332 0.005682378542 0.005394591019 0.004792067222 0.004178658128 0.004028776661 0.003916210495 0.003674824256
927,frag@176.11 loss@291.13 loss@186.14 loss@223.14 frag@277.08 loss@299.15 loss@206.12 frag@71.03 loss@249.12 frag@162.06 loss@184.12 loss@271.19 loss@378.12 frag@148.08 loss@146.07 loss@205.15 frag@231.05 loss@213.99 frag@190.1 loss@290.03,0.254450202 0.05355225503 0.004617464263 0.004273988307 0.003101888578 0.003074149368 0.002322798828 0.002195131965 0.002039729385 0.001944354502 0.001921366318 0.001851978828 0.001695995801 0.001552956295 0.00151720678 0.001510827686 0.001493161661 0.001474670717 0.001425601076 0.001418208121
928,frag@247.07 frag@148.03 loss@32.98 loss@297.08 frag@178.07 loss@245.01 loss@129.01 loss@92.99 frag@141.04 frag@202.03 frag@161.03 frag@231.15 loss@108.03 loss@278.07 loss@281.05 loss@162.03 frag@172.93 frag@199.03 frag@169.04 loss@184.02,0.05712347478 0.05562211573 0.03149122372 0.02344556153 0.005434280261 0.004915217869 0.004768806044 0.003903425531 0.003708459204 0.003401451278 0.003036500886 0.002936104313 0.002832016209 0.002565762028 0.002473652596 0.00233393372 0.00231580832 0.002293501049 0.002242032904 0.002017111983
929,loss@146.06 loss@236.06 frag@447.13 loss@260.1 frag@160.04 frag@135.07 frag@245.16 frag@155.01 loss@150.02 frag@142.1 frag@238.13 frag@235.05 frag@123.05 frag@358.19 frag@144.14 frag@246.06 frag@231.11 frag@203.12 frag@141.07 loss@115.04,0.1710386574 0.08086238801 0.06484016776 0.05657786131 0.01990612037 0.01487147715 0.01273281593 0.01266781054 0.008882660419 0.008452381939 0.007771235891 0.007482213899 0.007038085256 0.006838279311 0.006644875277 0.006361479871 0.005976761226 0.005854729563 0.005462850444 0.004992796108
930,loss@184.16 frag@144.95 frag@253.06 loss@167.08 loss@186.17 loss@109.13 loss@301.09 frag@250.02 loss@284.04 frag@399.18 frag@102.97 frag@157.04 frag@66.01 frag@235.08 frag@124.05 frag@116.96 loss@340.05 frag@128.0 frag@231.05 loss@184.15,0.1509198099 0.07658804953 0.0343487598 0.03319254518 0.01951467618 0.01813809201 0.01639071479 0.01477602124 0.01474318374 0.01426239405 0.01413153764 0.01191849448 0.006745692808 0.006365687121 0.005071321968 0.004813081119 0.004690685309 0.004366998561 0.004302102141 0.004286523443
931,frag@134.1 loss@182.02 loss@323.19 loss@133.09 loss@269.14 loss@733.31 frag@119.07 loss@161.08 loss@269.08 frag@148.11 frag@146.1 frag@120.08 loss@187.03 loss@258.1 frag@234.11 frag@129.07 loss@169.1 loss@186.05 loss@275.05 frag@297.15,0.3598839343 0.03813848644 0.01502686739 0.0136293238 0.00799858477 0.007908395492 0.006820463575 0.00639149081 0.005244441796 0.004812648054 0.004212363157 0.004069852177 0.003998224624 0.003878476797 0.003579784883 0.003429035656 0.003398045199 0.002951280447 0.00293643726 0.002906286623
932,loss@341.13 frag@302.17 frag@208.1 loss@105.12 loss@96.02 frag@95.01 frag@304.09 loss@382.1 frag@301.07 frag@223.94 frag@212.95 loss@292.12 frag@237.07 frag@223.04 frag@250.0 frag@270.11 loss@479.16 frag@223.09 frag@196.1 frag@181.07,0.1254172921 0.0800601989 0.05490447581 0.05392962694 0.02398333326 0.01658791676 0.01436601393 0.005748722702 0.005292087328 0.004601334687 0.003528445261 0.003248612164 0.003168937517 0.002899582731 0.002891963348 0.002795300446 0.002715057926 0.00259229471 0.002527583158 0.002336590085
933,frag@236.11 loss@390.12 loss@288.09 frag@304.17 frag@336.08 frag@175.04 frag@163.02 loss@154.9 loss@198.11 frag@167.05 loss@120.06 frag@135.03 frag@215.03 loss@150.1 loss@336.14 loss@310.09 loss@78.57 loss@282.14 frag@344.11 loss@371.12,0.2329969257 0.07632154971 0.003691818099 0.003159152111 0.003057706403 0.002979135374 0.002861148445 0.002425308805 0.002334414981 0.002233503852 0.002205710392 0.002181911143 0.002128465567 0.002055554185 0.002010513563 0.00198395364 0.001938694157 0.001844157581 0.001707249787 0.001706100535
934,frag@56.01 frag@139.06 loss@156.1 frag@169.13 frag@268.11 frag@85.09 loss@206.1 frag@256.1 loss@271.08 loss@256.13 frag@208.96 frag@138.08 loss@337.15 frag@111.02 frag@208.13 loss@212.08 frag@76.08 loss@372.12 frag@110.02 loss@281.05,0.0804791078 0.03336461633 0.01961083338 0.01812138781 0.01720655896 0.01600928046 0.01286074147 0.0105167143 0.009474749677 0.009059610777 0.007534932345 0.006278262939 0.005071499385 0.00431410037 0.004122897983 0.003793000011 0.003718905384 0.003662103787 0.003223226639 0.003156486666
935,loss@110.02 loss@151.02 frag@218.09 frag@267.09 frag@185.97 loss@223.0 frag@312.16 loss@186.07 frag@331.13 frag@351.11 loss@156.02 frag@157.03 loss@157.03 frag@263.1 frag@264.07 frag@179.06 frag@206.06 frag@200.06 frag@202.06 frag@125.02,0.09658494592 0.09650097787 0.04646298289 0.03242792934 0.0224129986 0.02078989521 0.009780570865 0.00760695152 0.007439183537 0.006508538965 0.005548318848 0.005537719 0.004392609932 0.004284917843 0.004066407215 0.003249021014 0.003240475664 0.003209656337 0.002887536539 0.002832560567
936,loss@224.13 loss@156.04 frag@179.0 loss@198.05 loss@170.08 frag@259.04 loss@274.08 frag@245.16 frag@132.96 loss@230.15 frag@358.19 loss@246.08 frag@163.02 frag@135.03 frag@177.03 frag@220.01 frag@221.14 frag@146.01 frag@188.04 frag@111.01,0.08445430547 0.07867293805 0.07328733057 0.05718373135 0.0357972607 0.03395554051 0.03134393319 0.03032345325 0.02966409549 0.02661033347 0.01647382975 0.01559806056 0.01393746585 0.01354035828 0.01322335284 0.01069290284 0.009206438437 0.007988179103 0.007804151624 0.007505581249
937,frag@232.03 loss@173.05 frag@130.0 frag@156.99 frag@268.05 frag@217.11 frag@292.08 frag@215.13 frag@187.02 frag@319.14 loss@205.04 frag@230.12 frag@300.15 frag@209.09 frag@300.18 frag@83.99 loss@205.06 loss@193.12 loss@191.06 frag@227.1,0.007625658996 0.005440154113 0.005022616591 0.004682810511 0.004499823321 0.004439110868 0.004357033875 0.004318121355 0.004021639936 0.003513213014 0.003378949594 0.00290944241 0.002651151037 0.002580500906 0.002371624811 0.002371269744 0.002344048349 0.002262948081 0.002244069474 0.002219570335
938,loss@270.1 frag@183.11 frag@286.12 frag@186.09 frag@146.03 frag@256.02 frag@115.09 frag@173.11 frag@113.07 loss@304.13 frag@198.06 loss@270.07 frag@168.14 frag@168.11 loss@257.15 frag@159.06 frag@349.04 frag@58.07 frag@58.06 frag@138.09,0.2213077396 0.09656544775 0.0500639677 0.004967896268 0.004626545124 0.004247524776 0.003939251881 0.003442431334 0.003264519619 0.003144421382 0.002935982542 0.002910564421 0.002879395848 0.002847280586 0.002707917942 0.002658850281 0.002654986223 0.002560007386 0.002304897876 0.002277117455
939,loss@141.1 frag@283.05 frag@202.97 loss@190.96 frag@216.05 frag@70.04 frag@151.05 frag@140.05 frag@169.0 frag@185.09 frag@233.13 frag@172.96 frag@97.05 frag@170.08 frag@298.16 frag@245.08 frag@128.0 loss@183.95 frag@322.17 frag@98.05,0.2830952704 0.08734238893 0.08123227954 0.01669915579 0.01017521136 0.006484411657 0.006009160075 0.005017251242 0.004270336591 0.004190879408 0.003203265602 0.003129253164 0.003027287778 0.00272105867 0.002313232981 0.00222612638 0.002110605827 0.002070293063 0.001914486522 0.001910633524
940,frag@202.07 loss@286.04 loss@243.16 loss@145.09 loss@425.22 loss@164.11 frag@321.09 loss@164.03 loss@165.09 loss@253.96 loss@182.17 loss@168.07 frag@168.08 loss@243.12 loss@116.11 frag@275.19 loss@203.96 frag@189.08 loss@267.01 frag@195.08,0.2311196029 0.003995256498 0.003971585538 0.003285344457 0.003150964854 0.002684846288 0.002489216859 0.002331089228 0.002171526663 0.002069094451 0.002038394799 0.001971435035 0.001783247571 0.001697808271 0.001663012081 0.00144815119 0.001403886359 0.001403115224 0.001362934243 0.001355979126
941,loss@200.11 frag@336.17 loss@184.15 frag@157.06 frag@125.06 frag@130.03 frag@103.96 frag@130.04 frag@133.04 frag@135.05 frag@113.04 frag@160.11 frag@141.03 frag@71.03 frag@136.06 frag@233.14 frag@169.01 frag@184.06 frag@255.09 frag@93.04,0.2666983008 0.03439732268 0.02600105479 0.01756159216 0.01032060385 0.00968591217 0.008211652748 0.007293158211 0.00486597605 0.004540940281 0.00452089496 0.003878484713 0.003801112995 0.003678107401 0.003313459922 0.003073805245 0.002962748287 0.002917014295 0.002879688516 0.002429315588
942,loss@141.04 frag@129.09 frag@318.03 frag@228.03 frag@54.03 frag@347.02 loss@158.07 loss@46.03 frag@158.03 frag@42.03 frag@53.0 frag@58.99 frag@67.04 loss@129.04 frag@156.01 loss@77.04 frag@44.98 frag@164.03 frag@67.02 frag@53.04,0.2668329477 0.03332486004 0.01099862996 0.007630893961 0.006113832816 0.006108185742 0.005489408504 0.004717503209 0.004481188487 0.004358328879 0.004179429263 0.004105447326 0.004007800017 0.003994819708 0.00389026734 0.003662576899 0.003207165748 0.003134921892 0.002540837042 0.002355579054
943,loss@207.13 frag@102.04 loss@217.15 frag@154.0 frag@97.01 frag@144.09 frag@95.01 frag@138.05 loss@213.02 frag@136.11 frag@259.04 frag@212.11 frag@98.02 frag@105.07 frag@81.03 frag@131.09 frag@315.07 frag@78.05 frag@170.04 frag@203.11,0.2828541696 0.1051865369 0.05533123761 0.03880772367 0.007378370035 0.00689365482 0.006759036798 0.006261218339 0.006070677657 0.00554526737 0.00545388693 0.005161821377 0.004770161584 0.004643437918 0.00455885753 0.004534906708 0.004409305751 0.00398633536 0.003958556801 0.003947766963
944,loss@46.01 frag@117.06 frag@128.05 loss@74.0 loss@87.03 loss@45.0 loss@43.99 loss@73.02 frag@118.06 frag@129.04 frag@131.07 frag@186.05 frag@146.06 frag@118.07 loss@28.0 frag@130.06 loss@115.03 loss@101.01 frag@130.07 frag@116.05,0.1283331215 0.1246552914 0.06929066032 0.04081497341 0.03877278045 0.0310454201 0.02426352538 0.02390800044 0.02221206762 0.02166152932 0.01921451278 0.01436682977 0.01379332505 0.01340097655 0.01287829969 0.01234980952 0.01177207846 0.0116745308 0.01149811037 0.01085714158
945,frag@81.07 frag@79.05 loss@180.12 frag@67.05 loss@281.14 loss@136.13 loss@300.06 frag@93.07 frag@123.12 loss@302.03 loss@311.12 loss@208.02 loss@243.13 loss@283.09 loss@266.15 frag@95.09 loss@266.1 loss@407.14 loss@283.08 loss@339.13,0.3092270494 0.06061555445 0.02547943592 0.02296557277 0.01822653227 0.01496894937 0.01199045964 0.0112811923 0.01078942884 0.01054158714 0.01049208082 0.0104910098 0.01048240997 0.0102386279 0.00988026429 0.009575401433 0.009052678943 0.00879770983 0.00860001985 0.008478517644
946,loss@198.14 frag@67.05 loss@220.15 loss@269.11 loss@276.13 loss@265.18 frag@83.09 frag@110.1 frag@81.07 frag@264.03 frag@156.14 frag@79.05 loss@302.13 frag@97.06 frag@174.03 frag@87.06 frag@95.09 frag@73.06 loss@237.17 frag@69.07,0.1228541359 0.04975324869 0.02265015058 0.02205291204 0.01962803677 0.01946312934 0.01688406989 0.01548049785 0.01216670219 0.01213125419 0.009686380625 0.009648116305 0.009341735393 0.007676055655 0.007098196074 0.005398423877 0.005351659376 0.005185250193 0.004723723512 0.004678322468
947,frag@179.06 loss@96.09 frag@223.98 loss@123.03 frag@301.19 frag@180.03 loss@100.01 loss@93.09 frag@194.12 frag@44.01 frag@318.07 loss@180.95 frag@180.02 loss@109.02 frag@62.02 frag@303.09 loss@123.94 frag@170.02 frag@246.08 loss@231.98,0.0795487389 0.04472002387 0.0318634212 0.02824068442 0.02452402189 0.02278885804 0.0205745548 0.01598306559 0.01245732419 0.01218792703 0.0113067003 0.009550234303 0.009502409026 0.009200316854 0.009134866297 0.008941537701 0.008557460271 0.00833446905 0.007257462945 0.006774862763
948,frag@106.07 loss@200.02 loss@192.06 frag@148.08 frag@134.06 frag@122.1 loss@197.11 loss@230.14 loss@230.95 loss@209.07 loss@222.08 frag@106.06 loss@234.11 frag@235.97 loss@176.02 frag@147.05 frag@231.12 frag@142.01 loss@215.06 loss@264.06,0.2948055565 0.0555520393 0.004568684381 0.003695532214 0.003368352074 0.00330934627 0.002924855798 0.002655514516 0.00259973784 0.002506235847 0.002489485545 0.002305281349 0.002109054476 0.002090844093 0.002058252227 0.001923160977 0.00172977394 0.001713922946 0.00168278988 0.001568537904
949,loss@193.11 frag@99.07 loss@234.11 frag@166.09 frag@179.12 loss@261.08 frag@97.01 loss@221.14 frag@161.1 frag@148.08 frag@146.07 frag@109.06 frag@208.07 frag@84.06 frag@121.06 frag@254.12 frag@136.05 frag@231.12 frag@165.09 loss@219.13,0.2007288635 0.1375113279 0.07335843891 0.02087446861 0.01795175672 0.01359525789 0.01254702453 0.01161852013 0.008142247796 0.007361791562 0.006469791755 0.006390072871 0.006198706105 0.006040294189 0.005496994592 0.005443857517 0.004933925811 0.00461491663 0.004421951249 0.004321320448
950,frag@120.08 loss@187.06 loss@240.11 loss@186.05 frag@148.11 loss@312.06 frag@134.1 loss@355.02 loss@207.09 frag@79.05 loss@237.17 loss@119.07 frag@121.09 frag@207.98 frag@105.07 loss@236.12 frag@73.05 loss@239.05 frag@120.09 loss@169.05,0.3169303834 0.05423991755 0.04253168404 0.04217965528 0.02535482682 0.01471999101 0.01049087383 0.005195583217 0.00420483062 0.003723727772 0.003685971955 0.003510900307 0.003379966598 0.003251889721 0.003063060576 0.002907599555 0.002880227519 0.002875332953 0.002556433668 0.002551825251
951,frag@195.02 loss@242.01 frag@177.01 loss@267.03 loss@194.01 loss@144.1 loss@158.05 frag@223.03 loss@251.18 loss@43.01 loss@295.1 loss@135.07 loss@320.1 frag@190.1 loss@556.18 frag@184.08 loss@94.05 loss@142.11 loss@198.0 loss@144.13,0.3314368427 0.007224973291 0.003017101903 0.002877024701 0.002387403976 0.002317192964 0.002065929817 0.002024268266 0.001956451451 0.00193195208 0.001869387692 0.001868971507 0.001832598704 0.001586667844 0.001580365817 0.001549587469 0.00153348851 0.001417007647 0.001402409631 0.001372768311
952,loss@68.03 frag@69.03 loss@229.0 frag@41.04 frag@97.03 frag@87.04 frag@113.06 frag@173.54 frag@97.06 frag@141.0 frag@87.08 frag@184.06 frag@83.05 frag@59.05 frag@99.04 frag@206.08 frag@69.0 frag@161.02 frag@71.05 frag@85.03,0.4318226278 0.2407261133 0.03377515823 0.03218972683 0.008897370659 0.007590594701 0.00670392951 0.006561873481 0.006116840523 0.005925191566 0.005781733897 0.005541235674 0.005207276903 0.005184561945 0.005170903634 0.004441626836 0.004376808647 0.003862591926 0.003268304747 0.003229212947
953,frag@43.02 loss@105.04 loss@349.09 loss@128.05 frag@67.05 frag@97.06 frag@57.03 loss@129.04 loss@156.01 loss@98.04 loss@248.02 frag@56.96 loss@101.06 frag@85.06 loss@115.04 loss@112.05 frag@79.02 loss@279.16 loss@421.16 loss@80.05,0.3115514517 0.09120992571 0.01047480479 0.009827335365 0.009339414537 0.009104944766 0.007130721584 0.004203734454 0.004107061774 0.003928074613 0.00382434018 0.003788464935 0.00369565445 0.003535439726 0.003259046935 0.003005524632 0.002968706423 0.002944280859 0.002920583123 0.002884428483
954,loss@153.12 frag@83.09 loss@139.1 frag@181.1 frag@156.98 loss@155.09 loss@181.11 frag@135.0 frag@196.03 frag@95.07 loss@278.16 loss@184.12 frag@233.14 frag@190.1 loss@305.19 loss@107.11 frag@188.08 frag@73.06 frag@316.16 loss@125.08,0.1839678884 0.00894888211 0.008476778865 0.00816023536 0.007751723751 0.005322711077 0.005001294892 0.004204970319 0.003903334029 0.003657404101 0.002896689577 0.002800860675 0.00277710869 0.002732002875 0.002448073355 0.002396331634 0.002341345185 0.001998699969 0.001996992622 0.001972587314
955,loss@125.08 frag@232.09 loss@143.09 frag@67.06 frag@45.03 frag@260.14 frag@344.21 loss@295.08 frag@257.09 frag@173.95 loss@139.1 frag@213.0 frag@214.04 frag@176.13 frag@199.1 frag@208.17 frag@262.12 frag@197.12 loss@97.09 frag@149.05,0.3520039022 0.1680616587 0.01246123482 0.007403331809 0.006793406792 0.006678667851 0.006108590402 0.005921220407 0.005577913485 0.005198686384 0.004965097178 0.004939950071 0.003801969113 0.003452194389 0.003380224342 0.003092605621 0.003034838941 0.002672394505 0.002547953278 0.00248737284
956,loss@187.0 frag@224.06 frag@265.05 frag@359.12 frag@327.11 loss@181.12 frag@241.98 frag@103.96 frag@220.16 frag@222.04 frag@311.1 frag@212.95 loss@178.12 frag@259.05 loss@354.1 frag@238.08 loss@331.08 frag@125.02 frag@164.06 frag@341.19,0.08188587427 0.02018355392 0.01213792898 0.008588483557 0.00788643118 0.007466709241 0.006962120533 0.006659582257 0.006299251691 0.004667482805 0.003824129933 0.003465049434 0.003370222868 0.003058818402 0.002723982325 0.002696480136 0.00263442588 0.002491836902 0.002482079668 0.002343878848
957,frag@103.05 frag@131.05 loss@223.07 loss@213.06 loss@158.09 loss@451.17 loss@221.05 loss@210.07 loss@220.03 frag@77.04 loss@102.0 frag@95.05 loss@208.07 loss@316.1 loss@188.05 frag@104.06 loss@171.96 frag@187.04 loss@321.17 loss@225.04,0.2326687574 0.1363718808 0.04171545431 0.03718627244 0.03009676002 0.02032145485 0.01888367347 0.01700629108 0.01643396541 0.01270252652 0.01154645253 0.01061406638 0.01056234632 0.009921659715 0.009805927984 0.0084457919 0.007271186914 0.006592139136 0.00550257368 0.005259237252
958,frag@136.02 frag@163.03 frag@190.04 loss@84.0 loss@191.05 frag@160.02 frag@109.01 frag@124.02 frag@175.03 loss@141.02 frag@110.01 loss@146.05 loss@169.06 frag@152.02 loss@0.04 loss@262.04 frag@99.03 loss@173.05 loss@113.06 loss@147.04,0.1084341779 0.1042861938 0.05058518797 0.01313261781 0.01015222818 0.009122529067 0.007039566524 0.005993202794 0.005703223869 0.005361994728 0.004319517408 0.004082085565 0.003757315455 0.003715685802 0.003566312604 0.003377175424 0.003161349567 0.003122149501 0.003107900498 0.002678507939
959,frag@95.05 frag@77.04 frag@105.04 frag@65.04 loss@188.06 loss@257.11 loss@110.01 loss@195.06 frag@125.06 loss@222.05 loss@240.15 loss@171.06 frag@79.05 loss@308.06 loss@227.05 loss@231.06 loss@243.15 loss@177.03 frag@105.03 loss@315.12,0.1954459101 0.05743791908 0.03241842985 0.03035533242 0.02421084978 0.01955925673 0.01838652603 0.01442891546 0.01436600089 0.01196630299 0.0109583009 0.009637880139 0.009341334924 0.008232472464 0.007795523386 0.007515099831 0.007330664899 0.007281231694 0.007068925072 0.006942818873
960,frag@170.07 loss@138.09 loss@138.08 loss@110.05 loss@71.04 frag@181.08 frag@209.07 loss@97.05 frag@173.05 frag@200.12 loss@118.01 frag@168.07 loss@29.03 frag@154.07 loss@168.02 loss@109.06 frag@213.11 frag@156.07 frag@237.07 loss@95.04,0.07798022032 0.05026799068 0.04831455275 0.04652746022 0.02894973382 0.02831483819 0.02394904569 0.02343187109 0.02082714438 0.01901670173 0.0182717815 0.01588520035 0.0153079899 0.01502854936 0.01266791858 0.01248917077 0.01192757115 0.01096332353 0.01022822317 0.009275446646
961,loss@259.09 loss@285.03 frag@228.11 frag@111.01 frag@381.17 frag@95.01 frag@204.14 frag@135.08 frag@314.13 frag@166.05 frag@318.18 frag@136.11 frag@244.13 frag@349.04 frag@347.19 frag@137.03 frag@198.08 loss@273.07 frag@236.11 frag@208.07,0.1948185265 0.009807443246 0.00449341815 0.00387373683 0.003304514568 0.002612167737 0.002597134793 0.002508540405 0.002457347 0.002291409997 0.002239080379 0.002228541067 0.002227121731 0.002205650322 0.002156557515 0.002143730642 0.002104163636 0.002058980288 0.002005848335 0.00197234191
962,frag@166.09 loss@251.2 loss@239.07 loss@232.11 loss@105.04 loss@242.01 loss@287.11 loss@221.11 loss@239.16 loss@211.03 loss@209.14 loss@179.13 loss@253.15 loss@242.1 loss@267.12 loss@234.14 loss@258.11 loss@274.12 loss@202.17 loss@291.17,0.3180071712 0.005243626889 0.002908332273 0.002626111265 0.002369667636 0.002305647358 0.002234499203 0.002145773033 0.002030035248 0.002010838361 0.002000778448 0.00191912218 0.001911048894 0.001901882701 0.001863489626 0.001844318234 0.001769774943 0.001769105787 0.001670268248 0.001595231239
963,loss@197.08 loss@222.08 loss@165.02 frag@365.14 frag@355.2 frag@111.03 frag@143.01 frag@195.99 frag@83.03 frag@152.02 frag@85.04 frag@162.03 frag@93.03 frag@151.03 frag@98.03 frag@318.03 loss@252.07 frag@171.01 frag@59.0 frag@158.0,0.175807476 0.09532096237 0.03347344697 0.02745114826 0.01700957678 0.01121032052 0.01084428746 0.009424546733 0.005956178531 0.005222982727 0.004851764534 0.00482834829 0.004530770238 0.004397913348 0.004131947644 0.004126609769 0.004019049462 0.003856625175 0.00377274421 0.003463554196
964,loss@219.06 frag@156.03 frag@140.05 loss@77.98 frag@148.1 frag@111.03 frag@92.04 frag@178.06 frag@103.06 frag@80.06 frag@54.03 frag@160.05 frag@44.98 frag@59.0 frag@117.04 frag@231.12 frag@142.02 frag@175.12 frag@84.09 frag@152.05,0.2714498639 0.01109483279 0.01103076059 0.006016396917 0.005410289858 0.005322214216 0.003549408633 0.003510042792 0.00347608747 0.003115953878 0.003047705628 0.003027251689 0.002989886561 0.002908602823 0.002735880204 0.002624131972 0.002604035661 0.002552393125 0.002535603009 0.002429568209
965,frag@80.05 frag@107.06 frag@79.04 loss@218.15 frag@108.04 loss@277.96 frag@66.03 loss@241.99 loss@107.04 loss@199.01 loss@79.04 loss@119.02 loss@239.0 loss@231.08 loss@212.06 loss@239.94 loss@209.93 loss@230.98 frag@172.07 loss@211.09,0.1564510167 0.1020481214 0.05194595456 0.02822264098 0.02542747557 0.01746462844 0.01569331437 0.01265605725 0.01065636147 0.008797742426 0.00810096506 0.008069652133 0.007935487665 0.00783314649 0.007714124862 0.006563265342 0.006518247537 0.005857665092 0.005296325311 0.005030219909
966,frag@99.09 frag@101.11 loss@234.05 loss@165.03 loss@276.07 loss@218.01 loss@315.17 loss@298.08 loss@389.1 frag@214.11 frag@84.08 frag@84.07 frag@98.08 loss@280.05 loss@204.15 loss@306.14 frag@70.06 loss@277.05 frag@115.09 frag@58.06,0.1876390129 0.06703875214 0.06368412077 0.04583361745 0.03459999338 0.02224423736 0.01514634117 0.01494890917 0.01230342779 0.01089159586 0.01072829682 0.01064954046 0.008651284501 0.008584313095 0.007061718032 0.006719843484 0.006277075503 0.005664585624 0.005424201954 0.005213964731
967,frag@154.04 loss@155.01 frag@113.02 loss@224.07 loss@172.07 frag@114.04 loss@100.02 loss@167.04 loss@397.09 frag@140.03 loss@160.08 loss@187.03 frag@138.01 loss@181.11 loss@210.14 loss@246.0 loss@225.07 loss@252.07 loss@277.07 loss@246.13,0.2954553366 0.02857615426 0.00956228096 0.009088438936 0.006278065965 0.00529290922 0.005047135055 0.004652240314 0.00419044774 0.004189237021 0.004018330015 0.004000622313 0.003969644662 0.003792477539 0.00378212193 0.003651623614 0.003212956944 0.0030108504 0.002811714774 0.002748334548
968,loss@94.04 frag@231.06 frag@298.06 frag@303.03 frag@181.08 frag@230.08 frag@205.04 frag@264.15 frag@177.05 loss@122.03 frag@188.03 loss@122.04 frag@233.11 frag@174.02 frag@229.06 frag@308.1 frag@220.13 frag@200.07 frag@292.11 frag@231.1,0.2541546822 0.05248231068 0.03314099833 0.02215288579 0.005695493892 0.005613677669 0.004463738296 0.004457721021 0.004051455297 0.003624589415 0.003216435201 0.003028729232 0.002854512073 0.002718833275 0.002375580138 0.002293104539 0.002162115881 0.002057274105 0.002026242437 0.001961415866
969,loss@162.12 frag@193.01 loss@166.05 frag@279.08 loss@28.01 frag@278.03 frag@277.08 loss@183.14 loss@244.08 loss@99.08 frag@311.13 loss@198.02 frag@178.13 frag@159.99 loss@345.11 frag@149.05 loss@219.12 frag@310.09 loss@363.12 frag@277.05,0.1264533997 0.07826179266 0.06145943329 0.05906282365 0.05629323423 0.03051017039 0.02284476347 0.02227522805 0.01696833409 0.01637252048 0.01590516977 0.01209748723 0.01031203661 0.0101907514 0.009143470787 0.00642059138 0.006254535634 0.005884223618 0.005743694957 0.005664055701
970,loss@190.1 frag@236.15 frag@146.07 frag@135.08 frag@190.09 frag@118.04 frag@133.06 frag@165.09 frag@179.12 loss@232.11 frag@328.15 frag@240.12 frag@109.06 frag@117.03 frag@161.1 frag@161.06 frag@163.04 frag@121.03 frag@120.06 frag@121.06,0.271443069 0.02547961101 0.01674044132 0.01555113681 0.01462266315 0.01239127759 0.01145575847 0.008413770236 0.007587447297 0.007061900105 0.006476940122 0.006235335954 0.006150039379 0.00607558433 0.005929986481 0.005921501201 0.005653507542 0.005306680221 0.005156360101 0.004868987482
971,loss@181.07 frag@178.02 frag@269.04 loss@153.08 frag@93.03 loss@182.07 frag@319.07 loss@209.07 frag@106.07 frag@241.11 frag@188.14 frag@123.04 frag@95.01 frag@161.01 frag@123.01 frag@58.03 frag@231.12 frag@205.03 frag@109.06 frag@203.1,0.2922790051 0.04350646213 0.04343511909 0.01787719876 0.009362870827 0.00824816525 0.008220947348 0.007253368385 0.006561734714 0.00635059597 0.005967172328 0.004712203052 0.004313976504 0.004303613212 0.004245626274 0.004068591166 0.004042908549 0.003934912384 0.003920968156 0.003689624369
972,loss@195.11 loss@314.12 frag@155.05 loss@297.15 loss@311.07 loss@329.14 frag@146.12 frag@145.06 frag@172.03 frag@243.16 loss@297.08 frag@150.07 frag@125.06 frag@312.17 loss@270.13 frag@186.09 frag@155.06 frag@219.12 frag@247.07 frag@161.05,0.1404691935 0.04200104997 0.04039482772 0.02677204646 0.01001362782 0.009823089465 0.007575929631 0.006558594294 0.005689921323 0.005595937837 0.005237471778 0.00499046687 0.004319925327 0.00422018813 0.004205303732 0.004171574488 0.004023772664 0.003908122424 0.003881630721 0.003861581907
973,frag@229.13 loss@306.15 frag@241.99 frag@130.02 loss@176.09 loss@190.96 loss@243.14 frag@136.05 loss@177.1 loss@167.09 frag@196.11 loss@253.04 frag@190.09 loss@266.16 frag@201.1 frag@218.15 frag@208.08 loss@280.12 frag@188.11 frag@120.07,0.1604412496 0.08453381807 0.07344169915 0.04246358946 0.007999337278 0.006418279838 0.005518837832 0.004365770612 0.00376749062 0.003100593342 0.002669631736 0.002598172985 0.002554616891 0.00254900963 0.002465131925 0.002427709987 0.002359690377 0.002307266928 0.002277984517 0.002225171309
974,frag@175.03 loss@140.04 frag@152.02 frag@134.01 loss@211.98 frag@124.02 frag@148.02 frag@136.02 loss@167.04 frag@174.02 loss@302.2 frag@98.04 loss@141.05 loss@219.05 loss@152.07 frag@163.03 loss@233.04 frag@213.04 frag@149.03 loss@233.05,0.2186020166 0.1223675162 0.06427053362 0.04569905996 0.01981668733 0.007765669376 0.007623870857 0.004431305453 0.004302135203 0.003925602883 0.00386798894 0.003836864606 0.003354146145 0.002903689165 0.002797771012 0.00266124378 0.002605252666 0.002384792315 0.00221526064 0.001943491283
975,loss@248.16 loss@326.07 frag@175.11 frag@353.16 frag@345.19 frag@156.02 frag@179.0 frag@183.98 loss@211.14 frag@164.0 loss@165.11 frag@155.12 frag@203.05 frag@349.13 frag@100.04 frag@120.07 frag@216.01 frag@87.06 frag@83.09 frag@94.05,0.2117142975 0.02912850305 0.00767464377 0.006502341479 0.005034798756 0.004999577999 0.004118903074 0.003903562902 0.003874486778 0.00381129398 0.003783399006 0.003780662781 0.003701847978 0.003516833996 0.003470009426 0.003356913337 0.003111322643 0.003052880289 0.003045797581 0.002987813903
976,loss@248.15 frag@237.03 loss@307.13 loss@311.03 frag@101.02 frag@160.97 frag@99.05 frag@108.08 frag@121.06 frag@165.02 frag@150.13 frag@121.03 frag@120.08 loss@228.03 loss@244.16 frag@180.01 frag@166.09 frag@150.09 frag@87.06 frag@164.07,0.229415983 0.06934765726 0.04962992668 0.01786108129 0.01371790469 0.0115280943 0.007489793468 0.006556059234 0.005903546233 0.005490297452 0.005326930899 0.005110119469 0.004540681839 0.004051539581 0.003954072017 0.003676390275 0.003575748997 0.003368887119 0.003351951484 0.003343341174
977,frag@135.05 loss@129.01 loss@305.01 frag@83.03 loss@112.02 loss@141.04 loss@179.11 loss@216.05 loss@222.12 loss@163.09 loss@101.01 frag@79.04 loss@86.01 frag@209.02 loss@327.03 loss@106.02 loss@74.0 loss@153.04 frag@113.04 loss@125.02,0.272105217 0.04496868327 0.04339646548 0.01191835757 0.005097611342 0.004686540924 0.003321651835 0.00327869528 0.002868486103 0.002688222099 0.002601333195 0.002543370938 0.00241287332 0.002403387567 0.002268307377 0.002018014435 0.001952565392 0.001914563822 0.001898240647 0.001799854101
978,loss@232.02 loss@209.04 frag@259.03 frag@329.12 frag@163.12 loss@194.12 frag@244.11 frag@212.08 frag@314.13 loss@237.07 frag@178.01 loss@225.09 frag@122.1 frag@136.04 frag@151.96 frag@175.05 loss@302.05 frag@139.03 frag@139.99 frag@219.12,0.1079737991 0.1049421206 0.03613113239 0.02227221988 0.008099166676 0.004755500238 0.004362803884 0.004191856366 0.004063520115 0.003985068761 0.003548157401 0.003352242289 0.003042753786 0.002992676105 0.002958150348 0.002883040579 0.002873534802 0.002592871664 0.002410594374 0.002389428439
979,loss@180.04 frag@218.09 loss@89.06 frag@199.03 loss@149.06 frag@214.03 loss@126.05 frag@120.02 loss@121.07 loss@110.02 frag@181.09 loss@202.03 frag@331.13 frag@148.05 frag@118.04 frag@223.12 frag@448.16 loss@133.06 loss@301.07 loss@129.11,0.1329950988 0.124768883 0.06925061345 0.04954890534 0.04515743256 0.0443305485 0.03169173002 0.0142755704 0.01359925326 0.007419794798 0.005059495103 0.005052881781 0.005052452907 0.004003576003 0.003561945865 0.003389089834 0.003116077976 0.0030563646 0.002443026286 0.00236977241
980,frag@69.03 frag@97.06 loss@278.1 frag@113.06 frag@41.04 loss@343.12 loss@362.1 loss@365.17 loss@68.03 loss@349.17 loss@319.16 frag@67.05 loss@833.44 loss@445.16 frag@71.05 frag@97.03 frag@43.02 loss@448.16 frag@99.04 frag@59.05,0.2204146087 0.07457906008 0.04101874679 0.02364499494 0.02128606662 0.01693915576 0.01559707802 0.01310915407 0.01203754265 0.01083303895 0.01005480904 0.009977092966 0.0098643573 0.008372696117 0.008317423053 0.008245459758 0.008231663145 0.008163859136 0.006553385407 0.006230026949
981,frag@215.08 loss@233.05 frag@243.11 frag@172.04 loss@338.1 loss@293.06 loss@262.99 frag@190.06 loss@262.08 loss@185.15 frag@141.14 loss@120.05 loss@298.18 frag@314.13 loss@128.99 loss@214.07 frag@274.01 frag@175.12 loss@159.07 loss@227.1,0.2665783167 0.1963829398 0.01727598906 0.008402963169 0.004230115563 0.002893761732 0.00283165439 0.002573958831 0.002451889217 0.002340692328 0.002320400439 0.002310954034 0.002281137509 0.002277624328 0.002195509616 0.001997925807 0.001963501563 0.001896486152 0.001883981982 0.001868548105
982,frag@146.06 frag@132.08 frag@118.06 loss@204.09 loss@229.09 loss@202.07 frag@132.04 frag@117.06 frag@130.06 loss@231.1 loss@218.11 loss@230.11 loss@217.09 loss@201.09 frag@146.1 frag@128.05 loss@217.07 frag@118.07 frag@104.05 frag@103.05,0.08039031178 0.06962272525 0.06596325338 0.02332064323 0.02116147988 0.01843239181 0.01722626016 0.0170818232 0.0165155381 0.01380985789 0.01322060823 0.01301891916 0.01239202265 0.01209845208 0.01196026243 0.01132644899 0.01094493642 0.01093957387 0.01010693982 0.009309182875
983,frag@202.09 loss@273.08 loss@92.08 frag@260.09 loss@108.98 frag@142.06 frag@142.07 loss@297.09 frag@143.07 frag@248.13 loss@108.99 frag@160.08 frag@219.12 loss@266.07 loss@279.15 frag@215.12 loss@131.0 frag@189.08 frag@176.07 loss@372.12,0.2649113834 0.1029174328 0.0753897652 0.03026068397 0.01814429462 0.006451011635 0.005684575532 0.004187026527 0.004139941186 0.003687432269 0.003242863109 0.003098852001 0.002760422882 0.002642452717 0.002633683616 0.002617777325 0.002517331159 0.002353095217 0.002297080355 0.002278617816
984,loss@211.07 loss@277.09 frag@111.03 frag@314.13 loss@225.08 frag@102.04 frag@95.01 frag@175.12 frag@332.06 frag@139.03 frag@311.18 frag@81.03 frag@158.0 frag@97.01 frag@180.05 frag@151.12 frag@318.18 frag@59.0 frag@131.08 frag@98.03,0.1743823141 0.07460148633 0.02328791469 0.02316836081 0.01250345819 0.01076506078 0.01000077464 0.009801183827 0.007865362801 0.00782761164 0.006962031592 0.006013637409 0.005969175603 0.004434844479 0.004005287308 0.00392679777 0.00379630737 0.003648010781 0.003615692025 0.00359034026
985,loss@327.12 frag@210.15 loss@164.01 loss@281.07 frag@291.12 frag@81.03 frag@189.06 frag@163.06 frag@194.04 frag@49.68 loss@382.17 frag@114.09 loss@284.08 frag@85.06 loss@444.16 loss@319.98 frag@191.15 loss@432.15 frag@58.03 frag@208.04,0.09136963636 0.08833833039 0.07330562174 0.06685146689 0.0631120652 0.004941678606 0.00463237986 0.003767941147 0.003716046456 0.003130282741 0.002914981218 0.002874992089 0.00281410641 0.002674219431 0.002578314859 0.002562820213 0.00250377995 0.002456864342 0.002418044256 0.002408341505
986,loss@137.06 frag@164.08 frag@192.11 loss@169.01 frag@195.11 frag@138.07 loss@165.09 frag@162.07 loss@329.09 frag@96.06 loss@192.07 frag@138.1 frag@137.07 loss@119.02 frag@96.04 loss@262.22 frag@231.14 loss@172.03 loss@205.08 frag@194.13,0.2124207169 0.1726415604 0.08901958168 0.0349329412 0.01760141365 0.0164142698 0.007738715038 0.006852490362 0.004916611593 0.003996511456 0.003462502966 0.003268437227 0.00311601162 0.003111473052 0.003039107425 0.003017331241 0.003001060802 0.002951293718 0.002875784645 0.002875100588
987,loss@182.08 loss@328.18 frag@344.21 loss@187.09 frag@180.05 frag@205.08 loss@211.13 frag@182.95 frag@141.05 frag@259.03 frag@111.05 frag@148.06 frag@200.08 frag@156.05 frag@113.02 frag@332.06 frag@177.11 frag@154.06 loss@212.11 frag@123.05,0.2230709642 0.03140698373 0.004639746156 0.003138112836 0.003050419036 0.002982794773 0.002742171753 0.00267794542 0.00260987971 0.002395167015 0.002042913577 0.002030348638 0.001968292752 0.001908569015 0.001896677306 0.001871123794 0.001782119507 0.001777615515 0.001753380406 0.001744539593
988,loss@110.07 frag@297.09 frag@316.11 frag@212.0 frag@260.18 frag@196.03 frag@83.09 frag@189.07 frag@463.24 frag@270.11 frag@206.08 frag@163.05 frag@196.07 frag@194.12 frag@219.08 frag@186.07 frag@391.17 frag@166.97 frag@44.01 frag@331.17,0.3167887926 0.04559463635 0.03064222261 0.02115550451 0.01239841152 0.01211587526 0.003578373464 0.002913924167 0.002689347602 0.002270065714 0.002253876301 0.002188379876 0.002102222294 0.00199866225 0.001852618414 0.001736487262 0.001609732048 0.001537261764 0.001329801395 0.001290581422
989,frag@156.03 loss@155.02 loss@156.02 frag@111.03 loss@174.96 frag@160.05 frag@160.13 frag@83.03 frag@129.02 frag@152.08 frag@271.07 loss@238.07 frag@347.19 frag@44.98 loss@170.04 frag@251.04 frag@201.02 frag@259.03 loss@77.98 frag@140.08,0.1876541972 0.1468770504 0.1390492618 0.01115408167 0.01071707346 0.009599737823 0.009372031316 0.005985962693 0.005888945423 0.005655779038 0.005399621092 0.004215504974 0.004076409619 0.003941410221 0.003676786553 0.003526329529 0.00339487358 0.00336765009 0.003185486654 0.003115061671
990,frag@180.04 loss@339.07 loss@174.11 loss@180.99 loss@289.06 frag@193.1 frag@227.05 loss@133.02 loss@238.05 frag@182.05 frag@358.09 frag@204.04 frag@208.08 frag@106.04 frag@220.13 loss@204.12 loss@212.05 frag@342.03 frag@124.06 loss@421.16,0.2523738742 0.05928377807 0.01822828129 0.005993473344 0.005877523683 0.003070260631 0.002734724432 0.002692361595 0.002686867258 0.002461768454 0.002382828388 0.00219095964 0.002147106687 0.002144064987 0.002061950741 0.002052513184 0.002026285278 0.002008606447 0.001986463089 0.001961623784
991,loss@226.09 loss@239.08 frag@141.05 frag@139.03 frag@198.15 frag@189.14 frag@242.13 frag@113.02 frag@217.1 frag@151.05 frag@123.05 frag@171.02 frag@178.12 frag@55.02 frag@166.1 frag@130.97 frag@275.19 frag@156.14 frag@201.14 frag@158.1,0.2435510159 0.01310817152 0.004452204797 0.004356327467 0.004170484375 0.003497998463 0.003151102923 0.003138545901 0.002910674084 0.002854881575 0.00281072408 0.002693971386 0.002634493867 0.002462315373 0.002389513422 0.002350556897 0.002344839741 0.002337526297 0.002267307835 0.0021873808
992,frag@201.09 loss@293.08 frag@270.11 frag@195.05 loss@157.13 loss@325.02 loss@387.06 frag@219.1 loss@173.99 loss@135.0 frag@206.08 loss@252.1 frag@161.99 loss@250.19 loss@165.07 loss@197.1 loss@216.01 frag@196.03 loss@129.15 loss@291.21,0.176201731 0.06526532769 0.05934308097 0.01133975666 0.01038162224 0.006767331623 0.004855785519 0.004268746823 0.003679978196 0.003653672757 0.003406220116 0.002792198211 0.002751457971 0.002687260741 0.0024707173 0.002462608507 0.002286744537 0.00213694782 0.002132923109 0.001902504475
993,loss@281.03 loss@254.17 loss@281.16 loss@347.11 loss@363.11 frag@302.17 frag@85.06 frag@308.12 loss@245.16 frag@211.01 frag@256.02 frag@166.02 frag@287.11 frag@57.07 loss@198.97 frag@127.04 loss@205.05 frag@123.09 loss@270.07 frag@108.07,0.06545165181 0.03209638596 0.02704159543 0.02346861735 0.0233598724 0.009015859105 0.008312086575 0.007709812839 0.005605256651 0.004793084227 0.004584551323 0.003878277494 0.003854922717 0.00366377295 0.003240828402 0.00313416915 0.003048596438 0.003043952631 0.002959434642 0.002807170385
994,loss@179.0 loss@166.03 loss@310.05 frag@173.95 frag@178.06 frag@132.06 frag@103.02 frag@151.03 frag@93.03 frag@45.03 frag@196.05 frag@149.04 frag@155.94 frag@150.07 frag@105.04 frag@162.03 frag@391.17 frag@181.04 frag@174.97 frag@445.2,0.08818139136 0.01605402306 0.01201027725 0.008757121861 0.006404529326 0.00462897541 0.004594658967 0.004429343622 0.003796974197 0.003669375321 0.003562023863 0.003008022672 0.002744931029 0.002670339542 0.002604312496 0.002589273732 0.002475433284 0.002303818241 0.002172395354 0.002032941906
995,frag@144.06 frag@172.05 loss@220.05 loss@257.02 loss@124.03 frag@162.07 frag@134.06 frag@144.04 loss@364.08 frag@117.04 loss@234.11 loss@272.11 loss@205.06 frag@145.04 loss@222.13 loss@257.13 frag@201.04 loss@95.0 frag@161.06 loss@84.01,0.2758337855 0.007366870064 0.00552627258 0.004976283759 0.003670308506 0.003611608641 0.003312839661 0.00314695714 0.002991678659 0.002739843912 0.002683100756 0.002601272427 0.00255420059 0.002469015308 0.002422760474 0.002407056279 0.002314113779 0.002291501733 0.00222251541 0.002138101263
996,loss@57.07 loss@94.01 frag@310.11 frag@343.08 loss@85.1 frag@305.13 loss@89.05 frag@303.12 loss@47.0 frag@342.1 loss@100.1 frag@159.07 frag@212.96 loss@90.03 frag@173.08 loss@102.06 loss@208.18 frag@213.1 frag@174.09 loss@113.13,0.08200938255 0.03240023553 0.03090976924 0.0224099122 0.01904520765 0.01901601441 0.008680286817 0.008387806825 0.00828765519 0.007521998137 0.007222592365 0.006451940164 0.006080669351 0.005573824979 0.005476191174 0.005408048164 0.005306780804 0.004895495251 0.004840842914 0.004463086836
997,frag@205.06 loss@116.06 loss@101.05 frag@154.06 frag@128.04 frag@73.01 loss@287.97 frag@140.05 frag@309.14 frag@172.97 frag@197.03 frag@338.14 frag@208.11 frag@271.07 frag@140.08 frag@258.04 frag@135.0 frag@157.96 loss@214.04 loss@157.04,0.2480720729 0.1737478226 0.003897796851 0.00353706535 0.002497267677 0.002420991194 0.002251567785 0.001979183173 0.001939300098 0.001937237103 0.001844376675 0.00183750072 0.001767288311 0.001748869778 0.001691347221 0.001613093773 0.001552958624 0.001506361761 0.001487502013 0.001484826906
998,loss@190.05 frag@181.09 frag@148.05 frag@182.1 frag@98.03 loss@251.02 loss@233.1 frag@200.11 frag@225.99 frag@152.08 frag@305.1 frag@347.15 frag@274.01 frag@166.06 frag@144.96 frag@228.99 frag@271.06 frag@126.06 frag@165.02 frag@287.06,0.1617195457 0.09311387688 0.02172238007 0.007483158261 0.005345508922 0.004710489884 0.004461335484 0.003813503543 0.003570497036 0.003518394427 0.003144254209 0.002953399438 0.002879110631 0.00285888277 0.002843917115 0.00279531884 0.002731362358 0.002567419549 0.002221126109 0.002176209819
999,frag@173.11 loss@172.1 loss@216.08 loss@301.12 frag@261.08 frag@156.04 frag@162.09 frag@132.04 frag@157.08 frag@286.12 loss@202.1 frag@228.11 frag@364.13 frag@314.13 frag@158.08 frag@125.02 frag@173.07 frag@171.02 frag@185.07 frag@253.1,0.1874132454 0.1481551379 0.08152781427 0.0331675224 0.01516097039 0.007020667661 0.005211183801 0.004745006561 0.004108131398 0.004003334325 0.003893848043 0.003850546898 0.003797936719 0.003622816177 0.003475880716 0.003453801153 0.003360339673 0.003256780328 0.00312616583 0.003113911487
